{
  "type" : "FeatureCollection",
  "crs" : {
    "type" : "name",
    "properties" : {
      "name" : "EPSG:32640"
    }
  },
  "features" : [{"type":"Feature","id":1,"geometry":{"type":"LineString","coordinates":[[193282.79200000037,1884157.4574999996],[193283.61830000021,1884154.2895999998]]},"properties":{"OBJECTID":1,"Shape_Length":3.2738909722627749,"Asset_ID":"DP1","Name":null,"District_ID":"al Huseela","Wlyt_ID":"Salalah","Gov_ID":"Dhofar Governorate","Road_ID":"103812","Pipe_Diameter":200,"Pipe_Material":"HDPE","Invert_Level_From_m":0,"Invert_Level_To_m":0,"Slop_Percentage":0,"Latitude":17.021175320000001,"Longitude":54.119183649999997,"GlobalID":"{EEDB1438-BF40-4122-83A0-B8CBE40A872A}","NEAR_FID":8294,"NEAR_DIST":3.3526868042896916}},{"type":"Feature","id":2,"geometry":{"type":"LineString","coordinates":[[190320.24839999992,1884471.1111999992],[190324.00879999995,1884429.2773000002]]},"properties":{"OBJECTID":2,"Shape_Length":42.002568936788535,"Asset_ID":"DP2","Name":null,"District_ID":"Markaz al Madena","Wlyt_ID":"Salalah","Gov_ID":"Dhofar Governorate","Road_ID":"104387","Pipe_Diameter":600,"Pipe_Material":"HDPE","Invert_Level_From_m":9.3040000000000003,"Invert_Level_To_m":9.2579999999999991,"Slop_Percentage":0.11,"Latitude":17.023434909999999,"Longitude":54.091356709999999,"GlobalID":"{83B32EAC-3A4B-4B43-ACDE-1B8180DB3EE7}","NEAR_FID":7052,"NEAR_DIST":8.6755437824910508}},{"type":"Feature","id":3,"geometry":{"type":"LineString","coordinates":[[190374.78440000024,1884175.5875000004],[190382.46239999961,1884138.1549999993]]},"properties":{"OBJECTID":3,"Shape_Length":38.211827230825797,"Asset_ID":"DP3","Name":null,"District_ID":"Markaz al Madena","Wlyt_ID":"Salalah","Gov_ID":"Dhofar Governorate","Road_ID":"104387","Pipe_Diameter":600,"Pipe_Material":"HDPE","Invert_Level_From_m":8.9879999999999995,"Invert_Level_To_m":8.9499999999999993,"Slop_Percentage":0.089999999999999997,"Latitude":17.02081033,"Longitude":54.09192625,"GlobalID":"{5BAC821A-5A00-4FA4-B073-FBACDEE738D1}","NEAR_FID":18037,"NEAR_DIST":0}},{"type":"Feature","id":4,"geometry":{"type":"LineString","coordinates":[[190386.44809999969,1884111.7456],[190390.15240000002,1884093.4550999999]]},"properties":{"OBJECTID":4,"Shape_Length":18.661838836166126,"Asset_ID":"DP4","Name":null,"District_ID":"Markaz al Madena","Wlyt_ID":"Salalah","Gov_ID":"Dhofar Governorate","Road_ID":"104387","Pipe_Diameter":200,"Pipe_Material":"UPVC","Invert_Level_From_m":0,"Invert_Level_To_m":0,"Slop_Percentage":0,"Latitude":17.02033759,"Longitude":54.092022610000001,"GlobalID":"{2372E842-4E3E-44EB-8338-46717A620539}","NEAR_FID":12092,"NEAR_DIST":6.261831056478214}},{"type":"Feature","id":5,"geometry":{"type":"LineString","coordinates":[[190382.45739999972,1884138.1519000009],[190391.47090000007,1884093.5966999996]]},"properties":{"OBJECTID":5,"Shape_Length":45.457771935998345,"Asset_ID":"DP5","Name":null,"District_ID":"Markaz al Madena","Wlyt_ID":"Salalah","Gov_ID":"Dhofar Governorate","Road_ID":"104387","Pipe_Diameter":600,"Pipe_Material":"HDPE","Invert_Level_From_m":8.9499999999999993,"Invert_Level_To_m":8.9000000000000004,"Slop_Percentage":0.11,"Latitude":17.020426669999999,"Longitude":54.092011550000002,"GlobalID":"{E51BCCF7-F477-448E-8701-DB51232EDDA7}","NEAR_FID":12092,"NEAR_DIST":7.4559661954040282}},{"type":"Feature","id":6,"geometry":{"type":"LineString","coordinates":[[190393.77139999997,1884058.3201000001],[190398.31429999974,1884035.7557999995]]},"properties":{"OBJECTID":6,"Shape_Length":23.017071380119305,"Asset_ID":"DP6","Name":null,"District_ID":"Markaz al Madena","Wlyt_ID":"Salalah","Gov_ID":"Dhofar Governorate","Road_ID":"104387","Pipe_Diameter":200,"Pipe_Material":"UPVC","Invert_Level_From_m":0,"Invert_Level_To_m":0,"Slop_Percentage":0,"Latitude":17.019835879999999,"Longitude":54.092103229999999,"GlobalID":"{79F1987D-1EA5-416E-9928-3C5006C7444E}","NEAR_FID":12092,"NEAR_DIST":3.9184595364990922}},{"type":"Feature","id":7,"geometry":{"type":"LineString","coordinates":[[190391.47090000007,1884093.5966999996],[190399.71210000012,1884036.1580999997]]},"properties":{"OBJECTID":7,"Shape_Length":58.026805421062377,"Asset_ID":"DP7","Name":null,"District_ID":"Markaz al Madena","Wlyt_ID":"Salalah","Gov_ID":"Dhofar Governorate","Road_ID":"104387","Pipe_Diameter":600,"Pipe_Material":"HDPE","Invert_Level_From_m":8.9000000000000004,"Invert_Level_To_m":8.8499999999999996,"Slop_Percentage":0.089999999999999997,"Latitude":17.019982720000002,"Longitude":54.092098149999998,"GlobalID":"{74B4C4FE-4031-4234-AC97-9B9BCD0B21CE}","NEAR_FID":12092,"NEAR_DIST":5.4228603002693205}},{"type":"Feature","id":8,"geometry":{"type":"LineString","coordinates":[[190403.22510000039,1884011.4470000006],[190407.74799999967,1883989.2446999997]]},"properties":{"OBJECTID":8,"Shape_Length":22.658304211149485,"Asset_ID":"DP8","Name":null,"District_ID":"Markaz al Madena","Wlyt_ID":"Salalah","Gov_ID":"Dhofar Governorate","Road_ID":"104387","Pipe_Diameter":200,"Pipe_Material":"UPVC","Invert_Level_From_m":0,"Invert_Level_To_m":0,"Slop_Percentage":0,"Latitude":17.019415850000001,"Longitude":54.092198410000002,"GlobalID":"{BFCF3AB6-1C28-4C2E-9418-58B8E983A743}","NEAR_FID":12092,"NEAR_DIST":4.0662258324047285}},{"type":"Feature","id":9,"geometry":{"type":"LineString","coordinates":[[190414.51499999966,1883963.3344999999],[190421.04420000035,1883940.9520999994]]},"properties":{"OBJECTID":9,"Shape_Length":23.315280020413976,"Asset_ID":"DP9","Name":null,"District_ID":"Markaz al Madena","Wlyt_ID":"Salalah","Gov_ID":"Dhofar Governorate","Road_ID":"104387","Pipe_Diameter":200,"Pipe_Material":"UPVC","Invert_Level_From_m":0,"Invert_Level_To_m":0,"Slop_Percentage":0,"Latitude":17.018981289999999,"Longitude":54.092322529999997,"GlobalID":"{CCCB18BE-3672-4A10-8A27-8FBED251A67A}","NEAR_FID":12092,"NEAR_DIST":5.6346056691907078}},{"type":"Feature","id":10,"geometry":{"type":"LineString","coordinates":[[190409.17509999964,1883989.6771000009],[190422.72869999986,1883941.4008000009]]},"properties":{"OBJECTID":10,"Shape_Length":50.142808204759291,"Asset_ID":"DP10","Name":null,"District_ID":"Markaz al Madena","Wlyt_ID":"Salalah","Gov_ID":"Dhofar Governorate","Road_ID":"104387","Pipe_Diameter":600,"Pipe_Material":"HDPE","Invert_Level_From_m":8.8000000000000007,"Invert_Level_To_m":8.75,"Slop_Percentage":0.10000000000000001,"Latitude":17.019102719999999,"Longitude":54.092301810000002,"GlobalID":"{3A91E9FF-8CCF-4D11-B1D0-F0EDEBA5B754}","NEAR_FID":12092,"NEAR_DIST":5.6807648779367854}},{"type":"Feature","id":11,"geometry":{"type":"LineString","coordinates":[[190425.87000000011,1883917.5653000008],[190430.87999999989,1883893.2653999999]]},"properties":{"OBJECTID":11,"Shape_Length":24.810990307763497,"Asset_ID":"DP11","Name":null,"District_ID":"Markaz al Madena","Wlyt_ID":"Salalah","Gov_ID":"Dhofar Governorate","Road_ID":"104001","Pipe_Diameter":200,"Pipe_Material":"UPVC","Invert_Level_From_m":0,"Invert_Level_To_m":0,"Slop_Percentage":0,"Latitude":17.01856038,"Longitude":54.092427090000001,"GlobalID":"{BF10BCEF-990C-45E6-B775-F6C11F6CCA25}","NEAR_FID":10366,"NEAR_DIST":1.4793767875179851}},{"type":"Feature","id":12,"geometry":{"type":"LineString","coordinates":[[190422.72869999986,1883941.4008000009],[190432.10850000009,1883893.3524999991]]},"properties":{"OBJECTID":12,"Shape_Length":48.955273179479434,"Asset_ID":"DP12","Name":null,"District_ID":"Markaz al Madena","Wlyt_ID":"Salalah","Gov_ID":"Dhofar Governorate","Road_ID":"104001","Pipe_Diameter":600,"Pipe_Material":"HDPE","Invert_Level_From_m":8.75,"Invert_Level_To_m":8.6999999999999993,"Slop_Percentage":0.10000000000000001,"Latitude":17.018654430000002,"Longitude":54.092419909999997,"GlobalID":"{AC0DC359-6AD3-4F66-947A-F19F84590EEB}","NEAR_FID":10366,"NEAR_DIST":2.6514295900081484}},{"type":"Feature","id":13,"geometry":{"type":"LineString","coordinates":[[190453.15419999976,1883793.0688000005],[190462.80339999963,1883743.1833999995]]},"properties":{"OBJECTID":13,"Shape_Length":50.810040286278188,"Asset_ID":"DP13","Name":null,"District_ID":"Markaz al Madena","Wlyt_ID":"Salalah","Gov_ID":"Dhofar Governorate","Road_ID":"104387","Pipe_Diameter":600,"Pipe_Material":"HDPE","Invert_Level_From_m":8.5999999999999996,"Invert_Level_To_m":8.5500000000000007,"Slop_Percentage":0.10000000000000001,"Latitude":17.01729555,"Longitude":54.092726630000001,"GlobalID":"{EFDE3BE4-14A6-4E42-B02D-6611ABE68B41}","NEAR_FID":17295,"NEAR_DIST":8.0334588037233026}},{"type":"Feature","id":14,"geometry":{"type":"LineString","coordinates":[[190273.32490000036,1883489.6988999993],[190287.67580000032,1883485.7693000007]]},"properties":{"OBJECTID":14,"Shape_Length":14.879183006987223,"Asset_ID":"DP14","Name":null,"District_ID":"Salalah al Wousta","Wlyt_ID":"Salalah","Gov_ID":"Dhofar Governorate","Road_ID":"104523","Pipe_Diameter":200,"Pipe_Material":"UPVC","Invert_Level_From_m":0,"Invert_Level_To_m":0,"Slop_Percentage":0,"Latitude":17.014756040000002,"Longitude":54.091098369999997,"GlobalID":"{ACA64FC8-6DB2-4C89-8A7D-9C9E70D9B932}","NEAR_FID":18962,"NEAR_DIST":1.728050210960649}},{"type":"Feature","id":15,"geometry":{"type":"LineString","coordinates":[[190293.63159999996,1883435.7049000002],[190287.65969999973,1883485.8194999993]]},"properties":{"OBJECTID":15,"Shape_Length":50.469166058858619,"Asset_ID":"DP15","Name":null,"District_ID":"Salalah al Wousta","Wlyt_ID":"Salalah","Gov_ID":"Dhofar Governorate","Road_ID":"104523","Pipe_Diameter":200,"Pipe_Material":"UPVC","Invert_Level_From_m":0,"Invert_Level_To_m":0,"Slop_Percentage":0,"Latitude":17.01449826,"Longitude":54.091199359999997,"GlobalID":"{F26FF40F-5090-4F09-A732-9CE6EEA8D7FE}","NEAR_FID":18962,"NEAR_DIST":1.7185951230748786}},{"type":"Feature","id":16,"geometry":{"type":"LineString","coordinates":[[189746.33509999979,1883319.5340999998],[189750.30059999973,1883319.4234999996]]},"properties":{"OBJECTID":16,"Shape_Length":3.9670420478416384,"Asset_ID":"DP16","Name":null,"District_ID":"Salalah al Gharbiyya","Wlyt_ID":"Salalah","Gov_ID":"Dhofar Governorate","Road_ID":"103812","Pipe_Diameter":200,"Pipe_Material":"HDPE","Invert_Level_From_m":0,"Invert_Level_To_m":0,"Slop_Percentage":0,"Latitude":17.01318122,"Longitude":54.08612711,"GlobalID":"{369F9E24-6A99-49B7-8565-70B02FD6CA2E}","NEAR_FID":17501,"NEAR_DIST":7.1136754061707226}},{"type":"Feature","id":17,"geometry":{"type":"LineString","coordinates":[[189627.96210000012,1883710.8049999997],[189621.62600000016,1883747.8671000004]]},"properties":{"OBJECTID":17,"Shape_Length":37.599806112130672,"Asset_ID":"DP17","Name":null,"District_ID":"Salalah al Jadida","Wlyt_ID":"Salalah","Gov_ID":"Dhofar Governorate","Road_ID":"104189","Pipe_Diameter":800,"Pipe_Material":"HDPE","Invert_Level_From_m":0,"Invert_Level_To_m":0,"Slop_Percentage":0,"Latitude":17.016865460000002,"Longitude":54.084910000000001,"GlobalID":"{0123DA44-AB2E-41C4-96A9-257FDA99C13D}","NEAR_FID":12568,"NEAR_DIST":0}},{"type":"Feature","id":18,"geometry":{"type":"LineString","coordinates":[[189617.03100000042,1883301.0350000001],[189606.28839999996,1883296.5015999991]]},"properties":{"OBJECTID":18,"Shape_Length":11.659981575416959,"Asset_ID":"DP18","Name":null,"District_ID":"Salalah al Jadida","Wlyt_ID":"Salalah","Gov_ID":"Dhofar Governorate","Road_ID":"104212","Pipe_Diameter":200,"Pipe_Material":"UPVC","Invert_Level_From_m":0,"Invert_Level_To_m":0,"Slop_Percentage":0,"Latitude":17.012976370000001,"Longitude":54.084846779999999,"GlobalID":"{39F93B3C-FD7E-4F06-A51E-B172A87F31FB}","NEAR_FID":17160,"NEAR_DIST":0}},{"type":"Feature","id":19,"geometry":{"type":"LineString","coordinates":[[189606.28839999996,1883296.5015999991],[189612.97900000028,1883279.6983000003]]},"properties":{"OBJECTID":19,"Shape_Length":18.086321328792184,"Asset_ID":"DP19","Name":null,"District_ID":"Salalah al Gharbiyya","Wlyt_ID":"Salalah","Gov_ID":"Dhofar Governorate","Road_ID":"103812","Pipe_Diameter":200,"Pipe_Material":"UPVC","Invert_Level_From_m":0,"Invert_Level_To_m":0,"Slop_Percentage":0,"Latitude":17.01287877,"Longitude":54.084830310000001,"GlobalID":"{74304F6C-3AE5-4E94-8FF5-6311CC71DFAD}","NEAR_FID":5296,"NEAR_DIST":0}},{"type":"Feature","id":20,"geometry":{"type":"LineString","coordinates":[[189741.18859999999,1883338.5802999996],[189746.33509999979,1883319.5340999998]]},"properties":{"OBJECTID":20,"Shape_Length":19.729272583842569,"Asset_ID":"DP20","Name":null,"District_ID":"Salalah al Gharbiyya","Wlyt_ID":"Salalah","Gov_ID":"Dhofar Governorate","Road_ID":"103812","Pipe_Diameter":200,"Pipe_Material":"HDPE","Invert_Level_From_m":0,"Invert_Level_To_m":0,"Slop_Percentage":0,"Latitude":17.013272829999998,"Longitude":54.086081839999999,"GlobalID":"{1DDC8642-A533-4394-8129-38212BE4AC78}","NEAR_FID":13324,"NEAR_DIST":0}},{"type":"Feature","id":21,"geometry":{"type":"LineString","coordinates":[[189695.39749999996,1883325.2027000003],[189693.96630000044,1883302.2785]]},"properties":{"OBJECTID":21,"Shape_Length":22.968832775953405,"Asset_ID":"DP21","Name":null,"District_ID":"Salalah al Gharbiyya","Wlyt_ID":"Salalah","Gov_ID":"Dhofar Governorate","Road_ID":"103812","Pipe_Diameter":1000,"Pipe_Material":"HDPE","Invert_Level_From_m":0,"Invert_Level_To_m":6.8949999999999996,"Slop_Percentage":0,"Latitude":17.013123530000001,"Longitude":54.085623890000001,"GlobalID":"{BCFE1A22-5247-472B-A5B9-449AD09D57B2}","NEAR_FID":11214,"NEAR_DIST":0}},{"type":"Feature","id":22,"geometry":{"type":"LineString","coordinates":[[189668.89580000006,1883315.7453000005],[189667.18640000001,1883293.1875999998]]},"properties":{"OBJECTID":22,"Shape_Length":22.622375597434505,"Asset_ID":"DP22","Name":null,"District_ID":"Salalah al Gharbiyya","Wlyt_ID":"Salalah","Gov_ID":"Dhofar Governorate","Road_ID":"103812","Pipe_Diameter":200,"Pipe_Material":"HDPE","Invert_Level_From_m":0,"Invert_Level_To_m":0,"Slop_Percentage":0,"Latitude":17.013036450000001,"Longitude":54.085375540000001,"GlobalID":"{D9AF74B4-979E-4177-AC12-2D27FE6160A8}","NEAR_FID":7278,"NEAR_DIST":0}},{"type":"Feature","id":23,"geometry":{"type":"LineString","coordinates":[[189642.80769999977,1883305.9623000007],[189646.02180000022,1883293.5019000005]]},"properties":{"OBJECTID":23,"Shape_Length":12.868255786167396,"Asset_ID":"DP23","Name":null,"District_ID":"Salalah al Gharbiyya","Wlyt_ID":"Salalah","Gov_ID":"Dhofar Governorate","Road_ID":"103812","Pipe_Diameter":200,"Pipe_Material":"HDPE","Invert_Level_From_m":0,"Invert_Level_To_m":0,"Slop_Percentage":0,"Latitude":17.012973580000001,"Longitude":54.085156069999996,"GlobalID":"{86FB7DD6-42E8-4BE1-8C0C-666B4339156F}","NEAR_FID":7278,"NEAR_DIST":0}},{"type":"Feature","id":24,"geometry":{"type":"LineString","coordinates":[[189547.72609999962,1883280.6486000009],[189554.6540000001,1883257.9154000003]]},"properties":{"OBJECTID":24,"Shape_Length":23.765398811798256,"Asset_ID":"DP24","Name":null,"District_ID":"Salalah al Gharbiyya","Wlyt_ID":"Salalah","Gov_ID":"Dhofar Governorate","Road_ID":"103812","Pipe_Diameter":200,"Pipe_Material":"HDPE","Invert_Level_From_m":0,"Invert_Level_To_m":0,"Slop_Percentage":0,"Latitude":17.012701710000002,"Longitude":54.084281470000001,"GlobalID":"{2DF73FFD-18EE-47C7-986E-C91C5118C86F}","NEAR_FID":5296,"NEAR_DIST":0}},{"type":"Feature","id":25,"geometry":{"type":"LineString","coordinates":[[189501.36510000005,1883262.4093999993],[189507.10759999976,1883243.6289000008]]},"properties":{"OBJECTID":25,"Shape_Length":19.638821474767756,"Asset_ID":"DP25","Name":null,"District_ID":"Salalah al Gharbiyya","Wlyt_ID":"Salalah","Gov_ID":"Dhofar Governorate","Road_ID":"103812","Pipe_Diameter":200,"Pipe_Material":"HDPE","Invert_Level_From_m":0,"Invert_Level_To_m":0,"Slop_Percentage":0,"Latitude":17.01256171,"Longitude":54.083840160000001,"GlobalID":"{96232F60-4F77-4B99-9F7A-599AF28F0792}","NEAR_FID":5296,"NEAR_DIST":0}},{"type":"Feature","id":26,"geometry":{"type":"LineString","coordinates":[[189498.13009999972,1883276.5297999997],[189501.36510000005,1883262.4093999993]]},"properties":{"OBJECTID":26,"Shape_Length":14.486232124766797,"Asset_ID":"DP26","Name":null,"District_ID":"Salalah al Jadida","Wlyt_ID":"Salalah","Gov_ID":"Dhofar Governorate","Road_ID":"104212","Pipe_Diameter":200,"Pipe_Material":"HDPE","Invert_Level_From_m":0,"Invert_Level_To_m":0,"Slop_Percentage":0,"Latitude":17.012696810000001,"Longitude":54.083800789999998,"GlobalID":"{865F3FBA-BFDA-4765-9A05-EFE512B7C4B8}","NEAR_FID":4038,"NEAR_DIST":0}},{"type":"Feature","id":27,"geometry":{"type":"LineString","coordinates":[[189453.25370000023,1883247.5251000002],[189459.15469999984,1883226.7313000001]]},"properties":{"OBJECTID":27,"Shape_Length":21.61490040296772,"Asset_ID":"DP27","Name":null,"District_ID":"Salalah al Gharbiyya","Wlyt_ID":"Salalah","Gov_ID":"Dhofar Governorate","Road_ID":"103812","Pipe_Diameter":200,"Pipe_Material":"HDPE","Invert_Level_From_m":0,"Invert_Level_To_m":0,"Slop_Percentage":0,"Latitude":17.012411490000002,"Longitude":54.083391640000002,"GlobalID":"{C8770079-1B49-4E12-98A6-6BF8394A4F7A}","NEAR_FID":5176,"NEAR_DIST":0}},{"type":"Feature","id":28,"geometry":{"type":"LineString","coordinates":[[189404.75739999954,1883234.1921999995],[189409.42080000043,1883219.3159999996]]},"properties":{"OBJECTID":28,"Shape_Length":15.590016870091876,"Asset_ID":"DP28","Name":null,"District_ID":"Salalah al Gharbiyya","Wlyt_ID":"Salalah","Gov_ID":"Dhofar Governorate","Road_ID":"103812","Pipe_Diameter":200,"Pipe_Material":"HDPE","Invert_Level_From_m":0,"Invert_Level_To_m":0,"Slop_Percentage":0,"Latitude":17.012283149999998,"Longitude":54.082942099999997,"GlobalID":"{FAF17ABA-1BAF-4F6C-85CE-9AE1B10F6F14}","NEAR_FID":5176,"NEAR_DIST":0}},{"type":"Feature","id":29,"geometry":{"type":"LineString","coordinates":[[189401.00910000037,1883234.4656000007],[189404.75739999954,1883234.1921999995]]},"properties":{"OBJECTID":29,"Shape_Length":3.7582576341574092,"Asset_ID":"DP29","Name":null,"District_ID":"Salalah al Jadida","Wlyt_ID":"Salalah","Gov_ID":"Dhofar Governorate","Road_ID":"103812","Pipe_Diameter":200,"Pipe_Material":"UPVC","Invert_Level_From_m":0,"Invert_Level_To_m":0,"Slop_Percentage":0,"Latitude":17.012366889999999,"Longitude":54.08289731,"GlobalID":"{120E1BD6-E43C-4DB2-8E9C-5395B595A9A8}","NEAR_FID":5176,"NEAR_DIST":2.875620842443956}},{"type":"Feature","id":30,"geometry":{"type":"LineString","coordinates":[[189387.01800000016,1883240.6436999999],[189396.82019999996,1883245.0818000007]]},"properties":{"OBJECTID":30,"Shape_Length":10.760104853280982,"Asset_ID":"DP30","Name":null,"District_ID":"Salalah al Jadida","Wlyt_ID":"Salalah","Gov_ID":"Dhofar Governorate","Road_ID":"104213","Pipe_Diameter":200,"Pipe_Material":"UPVC","Invert_Level_From_m":0,"Invert_Level_To_m":0,"Slop_Percentage":0,"Latitude":17.012443130000001,"Longitude":54.082792769999998,"GlobalID":"{62355D3F-AF31-4AF2-B6FF-49FF48E0C0C7}","NEAR_FID":17729,"NEAR_DIST":0}},{"type":"Feature","id":31,"geometry":{"type":"LineString","coordinates":[[189396.82019999996,1883245.0818000007],[189401.00910000037,1883234.4656000007]]},"properties":{"OBJECTID":31,"Shape_Length":11.41273786869036,"Asset_ID":"DP31","Name":null,"District_ID":"Salalah al Jadida","Wlyt_ID":"Salalah","Gov_ID":"Dhofar Governorate","Road_ID":"104213","Pipe_Diameter":200,"Pipe_Material":"UPVC","Invert_Level_From_m":0,"Invert_Level_To_m":0,"Slop_Percentage":0,"Latitude":17.012416349999999,"Longitude":54.082858999999999,"GlobalID":"{A02B4C40-EDA8-4AFE-BF6C-73F22D7DB5D1}","NEAR_FID":17729,"NEAR_DIST":2.9210056248941156}},{"type":"Feature","id":32,"geometry":{"type":"LineString","coordinates":[[189357.27280000038,1883220.5261000004],[189363.07660000026,1883200.1909999996]]},"properties":{"OBJECTID":32,"Shape_Length":21.147112958455985,"Asset_ID":"DP32","Name":null,"District_ID":"Salalah al Gharbiyya","Wlyt_ID":"Salalah","Gov_ID":"Dhofar Governorate","Road_ID":"103812","Pipe_Diameter":200,"Pipe_Material":"UPVC","Invert_Level_From_m":0,"Invert_Level_To_m":0,"Slop_Percentage":0,"Latitude":17.012128489999998,"Longitude":54.082501530000002,"GlobalID":"{9CE5C977-B10F-46F9-A491-F52681110A01}","NEAR_FID":5176,"NEAR_DIST":0}},{"type":"Feature","id":33,"geometry":{"type":"LineString","coordinates":[[189363.45150000043,1883196.4482000005],[189315.44820000045,1883179.2035000008]]},"properties":{"OBJECTID":33,"Shape_Length":51.006851746510215,"Asset_ID":"DP33","Name":null,"District_ID":"Salalah al Gharbiyya","Wlyt_ID":"Salalah","Gov_ID":"Dhofar Governorate","Road_ID":"103812","Pipe_Diameter":1000,"Pipe_Material":"HDPE","Invert_Level_From_m":6.5999999999999996,"Invert_Level_To_m":6.5599999999999996,"Slop_Percentage":0.080000000000000002,"Latitude":17.01191459,"Longitude":54.082318450000002,"GlobalID":"{D78229A1-9CB8-40CE-9BBF-331E4AC80A1A}","NEAR_FID":13285,"NEAR_DIST":9.8692722892567364}},{"type":"Feature","id":34,"geometry":{"type":"LineString","coordinates":[[189315.95629999973,1883178.4916999992],[189314.99560000002,1883181.1019000001]]},"properties":{"OBJECTID":34,"Shape_Length":2.7813824859432934,"Asset_ID":"DP34","Name":null,"District_ID":"Salalah al Gharbiyya","Wlyt_ID":"Salalah","Gov_ID":"Dhofar Governorate","Road_ID":"103812","Pipe_Diameter":200,"Pipe_Material":"HDPE","Invert_Level_From_m":0,"Invert_Level_To_m":0,"Slop_Percentage":0,"Latitude":17.01184026,"Longitude":54.082091349999999,"GlobalID":"{108FC0D8-96F3-449E-9229-25F4095231FF}","NEAR_FID":13285,"NEAR_DIST":9.5573935920260986}},{"type":"Feature","id":35,"geometry":{"type":"LineString","coordinates":[[189304.62320000026,1883215.0554000009],[189306.13879999984,1883210.6261]]},"properties":{"OBJECTID":35,"Shape_Length":4.6814251950245902,"Asset_ID":"DP35","Name":null,"District_ID":"Salalah al Jadida","Wlyt_ID":"Salalah","Gov_ID":"Dhofar Governorate","Road_ID":"103812","Pipe_Diameter":200,"Pipe_Material":"HDPE","Invert_Level_From_m":0,"Invert_Level_To_m":0,"Slop_Percentage":0,"Latitude":17.012160300000001,"Longitude":54.08198505,"GlobalID":"{1DFAFF80-F4CD-4896-94F1-81F4A87159A0}","NEAR_FID":17134,"NEAR_DIST":9.8958250904590717}},{"type":"Feature","id":36,"geometry":{"type":"LineString","coordinates":[[189306.13879999984,1883210.6261],[189328.6875,1883220.8137999997]]},"properties":{"OBJECTID":36,"Shape_Length":24.743344619922908,"Asset_ID":"DP36","Name":null,"District_ID":"Salalah al Jadida","Wlyt_ID":"Salalah","Gov_ID":"Dhofar Governorate","Road_ID":"103812","Pipe_Diameter":200,"Pipe_Material":"HDPE","Invert_Level_From_m":0,"Invert_Level_To_m":0,"Slop_Percentage":0,"Latitude":17.012187910000002,"Longitude":54.08209755,"GlobalID":"{FD49F772-539B-4C5D-A1A5-8E51F1D0E34F}","NEAR_FID":17134,"NEAR_DIST":9.8958250904590717}},{"type":"Feature","id":37,"geometry":{"type":"LineString","coordinates":[[189308.5856999997,1883204.3441000003],[189306.13879999984,1883210.6261]]},"properties":{"OBJECTID":37,"Shape_Length":6.7417240821115065,"Asset_ID":"DP37","Name":null,"District_ID":"Salalah al Jadida","Wlyt_ID":"Salalah","Gov_ID":"Dhofar Governorate","Road_ID":"103812","Pipe_Diameter":200,"Pipe_Material":"HDPE","Invert_Level_From_m":0,"Invert_Level_To_m":0,"Slop_Percentage":0,"Latitude":17.012112210000002,"Longitude":54.082004390000002,"GlobalID":"{E93F2F64-B2EA-457C-84DE-F2C38F09F30B}","NEAR_FID":17134,"NEAR_DIST":3.1655753999988088}},{"type":"Feature","id":38,"geometry":{"type":"LineString","coordinates":[[189263.05370000005,1883223.4813999999],[189273.67050000001,1883221.9996000007]]},"properties":{"OBJECTID":38,"Shape_Length":10.719709579845846,"Asset_ID":"DP38","Name":null,"District_ID":"Salalah al Jadida","Wlyt_ID":"Salalah","Gov_ID":"Dhofar Governorate","Road_ID":"104210","Pipe_Diameter":200,"Pipe_Material":"HDPE","Invert_Level_From_m":0,"Invert_Level_To_m":0,"Slop_Percentage":0,"Latitude":17.012244549999998,"Longitude":54.08163613,"GlobalID":"{28263F43-9292-4B46-BD6E-D6AEDE83EF11}","NEAR_FID":13149,"NEAR_DIST":0}},{"type":"Feature","id":39,"geometry":{"type":"LineString","coordinates":[[189273.67050000001,1883221.9996000007],[189281.00100000016,1883215.7650000006]]},"properties":{"OBJECTID":39,"Shape_Length":9.6232088540549512,"Asset_ID":"DP39","Name":null,"District_ID":"Salalah al Jadida","Wlyt_ID":"Salalah","Gov_ID":"Dhofar Governorate","Road_ID":"104210","Pipe_Diameter":200,"Pipe_Material":"HDPE","Invert_Level_From_m":0,"Invert_Level_To_m":0,"Slop_Percentage":0,"Latitude":17.01221065,"Longitude":54.081721469999998,"GlobalID":"{719510D9-2D77-4AF7-9B0C-A46C9C09222F}","NEAR_FID":16438,"NEAR_DIST":2.599722546265598}},{"type":"Feature","id":40,"geometry":{"type":"LineString","coordinates":[[189281.00100000016,1883215.7650000006],[189306.13879999984,1883210.6261]]},"properties":{"OBJECTID":40,"Shape_Length":25.65770773899488,"Asset_ID":"DP40","Name":null,"District_ID":"Salalah al Jadida","Wlyt_ID":"Salalah","Gov_ID":"Dhofar Governorate","Road_ID":"104210","Pipe_Diameter":200,"Pipe_Material":"HDPE","Invert_Level_From_m":0,"Invert_Level_To_m":0,"Slop_Percentage":0,"Latitude":17.012161939999999,"Longitude":54.081874839999998,"GlobalID":"{AE128FAD-161A-46D7-9AEA-B8E16EB39ABA}","NEAR_FID":16438,"NEAR_DIST":6.4925006745225229}},{"type":"Feature","id":41,"geometry":{"type":"LineString","coordinates":[[189306.13879999984,1883210.6261],[189315.44820000045,1883179.2035000008]]},"properties":{"OBJECTID":41,"Shape_Length":32.772621486291797,"Asset_ID":"DP41","Name":null,"District_ID":"Salalah al Gharbiyya","Wlyt_ID":"Salalah","Gov_ID":"Dhofar Governorate","Road_ID":"103812","Pipe_Diameter":1200,"Pipe_Material":"HDPE","Invert_Level_From_m":0,"Invert_Level_To_m":0,"Slop_Percentage":0,"Latitude":17.01199669,"Longitude":54.082039250000001,"GlobalID":"{D6D45729-3E14-452A-BAC3-431A817B248D}","NEAR_FID":13285,"NEAR_DIST":0}},{"type":"Feature","id":42,"geometry":{"type":"LineString","coordinates":[[189288.37179999985,1883152.5249000005],[189275.30439999979,1883154.8465999998]]},"properties":{"OBJECTID":42,"Shape_Length":13.272042389807458,"Asset_ID":"DP42","Name":null,"District_ID":"Salalah al Gharbiyya","Wlyt_ID":"Salalah","Gov_ID":"Dhofar Governorate","Road_ID":"104465","Pipe_Diameter":200,"Pipe_Material":"UPVC","Invert_Level_From_m":0,"Invert_Level_To_m":0,"Slop_Percentage":0,"Latitude":17.01160857,"Longitude":54.081763760000001,"GlobalID":"{F60424A7-A823-45E8-BDBC-7994F97EA170}","NEAR_FID":8948,"NEAR_DIST":0}},{"type":"Feature","id":43,"geometry":{"type":"LineString","coordinates":[[189275.30439999979,1883154.8465999998],[189286.70720000006,1883158.9937999994]]},"properties":{"OBJECTID":43,"Shape_Length":12.133553300016583,"Asset_ID":"DP43","Name":null,"District_ID":"Salalah al Gharbiyya","Wlyt_ID":"Salalah","Gov_ID":"Dhofar Governorate","Road_ID":"104465","Pipe_Diameter":200,"Pipe_Material":"UPVC","Invert_Level_From_m":0,"Invert_Level_To_m":0,"Slop_Percentage":0,"Latitude":17.011635680000001,"Longitude":54.081766010000003,"GlobalID":"{FA301E02-BC00-498C-9976-5041C53C6D97}","NEAR_FID":8948,"NEAR_DIST":0}},{"type":"Feature","id":44,"geometry":{"type":"LineString","coordinates":[[189286.9199000001,1883159.2661000006],[189290.8367999997,1883168.3969999999]]},"properties":{"OBJECTID":44,"Shape_Length":9.935564423243493,"Asset_ID":"DP44","Name":null,"District_ID":"Salalah al Gharbiyya","Wlyt_ID":"Salalah","Gov_ID":"Dhofar Governorate","Road_ID":"104465","Pipe_Diameter":200,"Pipe_Material":"UPVC","Invert_Level_From_m":0,"Invert_Level_To_m":0,"Slop_Percentage":0,"Latitude":17.011687689999999,"Longitude":54.081844940000003,"GlobalID":"{AA4D5853-7C73-4721-81F3-7F4CEB6447DE}","NEAR_FID":8948,"NEAR_DIST":1.5661263431978483}},{"type":"Feature","id":45,"geometry":{"type":"LineString","coordinates":[[189290.8367999997,1883168.3969999999],[189256.85670000035,1883161.5733000003]]},"properties":{"OBJECTID":45,"Shape_Length":34.658477716888704,"Asset_ID":"DP45","Name":null,"District_ID":"Salalah al Gharbiyya","Wlyt_ID":"Salalah","Gov_ID":"Dhofar Governorate","Road_ID":"104465","Pipe_Diameter":1000,"Pipe_Material":"HDPE","Invert_Level_From_m":0,"Invert_Level_To_m":6.5199999999999996,"Slop_Percentage":0,"Latitude":17.011712419999999,"Longitude":54.08170235,"GlobalID":"{88A00C59-9A72-44B2-BE21-7E75E5E6C83F}","NEAR_FID":4572,"NEAR_DIST":0}},{"type":"Feature","id":46,"geometry":{"type":"LineString","coordinates":[[189251.18269999977,1883183.1023999993],[189256.85670000035,1883161.5733000003]]},"properties":{"OBJECTID":46,"Shape_Length":22.264240898656311,"Asset_ID":"DP46","Name":null,"District_ID":"Salalah al Gharbiyya","Wlyt_ID":"Salalah","Gov_ID":"Dhofar Governorate","Road_ID":"103812","Pipe_Diameter":200,"Pipe_Material":"UPVC","Invert_Level_From_m":0,"Invert_Level_To_m":0,"Slop_Percentage":0,"Latitude":17.011793000000001,"Longitude":54.081506869999998,"GlobalID":"{2DB9C0B7-2A44-4D88-BFDB-52847FD94F08}","NEAR_FID":7703,"NEAR_DIST":0}},{"type":"Feature","id":47,"geometry":{"type":"LineString","coordinates":[[189209.53440000024,1883172.0942000002],[189216.12710000016,1883148.8084999993]]},"properties":{"OBJECTID":47,"Shape_Length":24.200989292512215,"Asset_ID":"DP47","Name":null,"District_ID":"Salalah al Gharbiyya","Wlyt_ID":"Salalah","Gov_ID":"Dhofar Governorate","Road_ID":"103812","Pipe_Diameter":200,"Pipe_Material":"UPVC","Invert_Level_From_m":0,"Invert_Level_To_m":0,"Slop_Percentage":0,"Latitude":17.01167555,"Longitude":54.081121119999999,"GlobalID":"{EC5F1531-1BD1-4A68-B31F-0DDC61C68C10}","NEAR_FID":5293,"NEAR_DIST":0}},{"type":"Feature","id":48,"geometry":{"type":"LineString","coordinates":[[189256.85670000035,1883161.5733000003],[189216.12710000016,1883148.8084999993]]},"properties":{"OBJECTID":48,"Shape_Length":42.683049101793088,"Asset_ID":"DP48","Name":null,"District_ID":"Salalah al Gharbiyya","Wlyt_ID":"Salalah","Gov_ID":"Dhofar Governorate","Road_ID":"104465","Pipe_Diameter":1000,"Pipe_Material":"HDPE","Invert_Level_From_m":6.5199999999999996,"Invert_Level_To_m":6.4800000000000004,"Slop_Percentage":0.089999999999999997,"Latitude":17.01162149,"Longitude":54.081348339999998,"GlobalID":"{E83EA83A-19CF-4D7D-A59F-5E2BECFF5009}","NEAR_FID":11748,"NEAR_DIST":7.1491069452985423}},{"type":"Feature","id":49,"geometry":{"type":"LineString","coordinates":[[189158.48670000024,1883155.7460999992],[189164.17899999954,1883136.1209999993]]},"properties":{"OBJECTID":49,"Shape_Length":20.433956519344395,"Asset_ID":"DP49","Name":null,"District_ID":"Salalah al Gharbiyya","Wlyt_ID":"Salalah","Gov_ID":"Dhofar Governorate","Road_ID":"103812","Pipe_Diameter":300,"Pipe_Material":"HDPE","Invert_Level_From_m":0,"Invert_Level_To_m":0,"Slop_Percentage":0,"Latitude":17.01153691,"Longitude":54.080643539999997,"GlobalID":"{8BBC1E66-F177-446A-B72B-D255CD335F9B}","NEAR_FID":5293,"NEAR_DIST":0}},{"type":"Feature","id":50,"geometry":{"type":"LineString","coordinates":[[189139.66909999959,1883164.2211000007],[189141.29339999985,1883161.4575999994]]},"properties":{"OBJECTID":50,"Shape_Length":3.2055199712036995,"Asset_ID":"DP50","Name":null,"District_ID":"Salalah al Jadida","Wlyt_ID":"Salalah","Gov_ID":"Dhofar Governorate","Road_ID":"103812","Pipe_Diameter":200,"Pipe_Material":"UPVC","Invert_Level_From_m":0,"Invert_Level_To_m":0,"Slop_Percentage":0,"Latitude":17.01165473,"Longitude":54.080464319999997,"GlobalID":"{FAE83B62-F9B4-4FC4-B1F0-CD6BDEF7F146}","NEAR_FID":5293,"NEAR_DIST":11.462225211628397}},{"type":"Feature","id":51,"geometry":{"type":"LineString","coordinates":[[189141.29339999985,1883161.4575999994],[189158.48670000024,1883155.7460999992]]},"properties":{"OBJECTID":51,"Shape_Length":18.117140976274381,"Asset_ID":"DP51","Name":null,"District_ID":"Salalah al Jadida","Wlyt_ID":"Salalah","Gov_ID":"Dhofar Governorate","Road_ID":"103812","Pipe_Diameter":200,"Pipe_Material":"UPVC","Invert_Level_From_m":0,"Invert_Level_To_m":0,"Slop_Percentage":0,"Latitude":17.011631000000001,"Longitude":54.080545700000002,"GlobalID":"{8F33CF15-3A83-459E-A570-5DDCE177A7F4}","NEAR_FID":5293,"NEAR_DIST":0.92048682086136979}},{"type":"Feature","id":52,"geometry":{"type":"LineString","coordinates":[[189216.12710000016,1883148.8084999993],[189164.30520000029,1883136.2050999999]]},"properties":{"OBJECTID":52,"Shape_Length":53.332494889503998,"Asset_ID":"DP52","Name":null,"District_ID":"Salalah al Gharbiyya","Wlyt_ID":"Salalah","Gov_ID":"Dhofar Governorate","Road_ID":"103812","Pipe_Diameter":1100,"Pipe_Material":"HDPE","Invert_Level_From_m":6.4800000000000004,"Invert_Level_To_m":6.3799999999999999,"Slop_Percentage":0.19,"Latitude":17.011490599999998,"Longitude":54.080917169999999,"GlobalID":"{E199844F-B058-4775-83A6-A23AE99FA8DA}","NEAR_FID":11069,"NEAR_DIST":8.7903984504601471}},{"type":"Feature","id":53,"geometry":{"type":"LineString","coordinates":[[189109.94290000014,1883153.2408000007],[189113.00490000006,1883142.4333999995]]},"properties":{"OBJECTID":53,"Shape_Length":11.232797460370941,"Asset_ID":"DP53","Name":null,"District_ID":"Salalah al Jadida","Wlyt_ID":"Salalah","Gov_ID":"Dhofar Governorate","Road_ID":"103812","Pipe_Diameter":200,"Pipe_Material":"UPVC","Invert_Level_From_m":0,"Invert_Level_To_m":0,"Slop_Percentage":0,"Latitude":17.011547090000001,"Longitude":54.08017546,"GlobalID":"{EF7B2558-7C69-4DA2-8025-CA28C00AED46}","NEAR_FID":14226,"NEAR_DIST":1.7591043000110222}},{"type":"Feature","id":54,"geometry":{"type":"LineString","coordinates":[[189113.00490000006,1883142.4333999995],[189118.29339999985,1883126.3103999998]]},"properties":{"OBJECTID":54,"Shape_Length":16.968186740035904,"Asset_ID":"DP54","Name":null,"District_ID":"Salalah al Gharbiyya","Wlyt_ID":"Salalah","Gov_ID":"Dhofar Governorate","Road_ID":"103812","Pipe_Diameter":200,"Pipe_Material":"UPVC","Invert_Level_From_m":0,"Invert_Level_To_m":0,"Slop_Percentage":0,"Latitude":17.011408490000001,"Longitude":54.080222829999997,"GlobalID":"{0E60F406-7340-4014-9171-4C3E17CD7FAD}","NEAR_FID":11069,"NEAR_DIST":0}},{"type":"Feature","id":55,"geometry":{"type":"LineString","coordinates":[[189118.6063000001,1883125.7274999991],[189120.83409999963,1883118.8331000004]]},"properties":{"OBJECTID":55,"Shape_Length":7.2454015886009868,"Asset_ID":"DP55","Name":null,"District_ID":"Salalah al Gharbiyya","Wlyt_ID":"Salalah","Gov_ID":"Dhofar Governorate","Road_ID":"103812","Pipe_Diameter":200,"Pipe_Material":"UPVC","Invert_Level_From_m":0,"Invert_Level_To_m":0,"Slop_Percentage":0,"Latitude":17.011305320000002,"Longitude":54.0802604,"GlobalID":"{B97F654E-14E4-4884-8E9D-24B68A010C7A}","NEAR_FID":11069,"NEAR_DIST":4.491191835497764}},{"type":"Feature","id":56,"geometry":{"type":"LineString","coordinates":[[189120.83409999963,1883118.8331000004],[189073.2137000002,1883104.8760000002]]},"properties":{"OBJECTID":56,"Shape_Length":49.623614706331274,"Asset_ID":"DP56","Name":null,"District_ID":"Salalah al Gharbiyya","Wlyt_ID":"Salalah","Gov_ID":"Dhofar Governorate","Road_ID":"103812","Pipe_Diameter":1200,"Pipe_Material":"HDPE","Invert_Level_From_m":6.3399999999999999,"Invert_Level_To_m":6.2999999999999998,"Slop_Percentage":0.080000000000000002,"Latitude":17.01122475,"Longitude":54.080040840000002,"GlobalID":"{35C9AD2C-852A-4FD9-9DBF-3A5DE663F855}","NEAR_FID":11069,"NEAR_DIST":11.350644725005466}},{"type":"Feature","id":57,"geometry":{"type":"LineString","coordinates":[[189084.22520000022,1883133.7590999994],[189066.63049999997,1883128.4989]]},"properties":{"OBJECTID":57,"Shape_Length":18.364181771422739,"Asset_ID":"DP57","Name":null,"District_ID":"Salalah al Jadida","Wlyt_ID":"Salalah","Gov_ID":"Dhofar Governorate","Road_ID":"104246","Pipe_Diameter":200,"Pipe_Material":"HDPE","Invert_Level_From_m":0,"Invert_Level_To_m":0,"Slop_Percentage":0,"Latitude":17.011392270000002,"Longitude":54.079839200000002,"GlobalID":"{966564CB-D340-436B-810A-893E6FB972D3}","NEAR_FID":4985,"NEAR_DIST":0.68635475357802389}},{"type":"Feature","id":58,"geometry":{"type":"LineString","coordinates":[[189021.64130000025,1883299.3988000005],[189024.85170000046,1883277.9165000003],[189040.39659999963,1883199.2067000009]]},"properties":{"OBJECTID":58,"Shape_Length":101.95101009200512,"Asset_ID":"DP58","Name":null,"District_ID":"Salalah al Jadida","Wlyt_ID":"Salalah","Gov_ID":"Dhofar Governorate","Road_ID":"104240","Pipe_Diameter":200,"Pipe_Material":"HDPE","Invert_Level_From_m":0,"Invert_Level_To_m":0,"Slop_Percentage":0,"Latitude":17.012452750000001,"Longitude":54.079401130000001,"GlobalID":"{B2098884-A57C-4940-8292-09172AF131A4}","NEAR_FID":14102,"NEAR_DIST":0}},{"type":"Feature","id":59,"geometry":{"type":"LineString","coordinates":[[188961.18969999999,1883095.7436999995],[188983.13269999996,1883101.8412999995]]},"properties":{"OBJECTID":59,"Shape_Length":22.774458824648246,"Asset_ID":"DP59","Name":null,"District_ID":"Salalah al Jadida","Wlyt_ID":"Salalah","Gov_ID":"Dhofar Governorate","Road_ID":"104308","Pipe_Diameter":200,"Pipe_Material":"HDPE","Invert_Level_From_m":0,"Invert_Level_To_m":0,"Slop_Percentage":0,"Latitude":17.011086469999999,"Longitude":54.078874829999997,"GlobalID":"{FC59AEFD-4042-4FD9-B8DE-C59D5C4E758C}","NEAR_FID":8748,"NEAR_DIST":0}},{"type":"Feature","id":60,"geometry":{"type":"LineString","coordinates":[[189009.16089999955,1883109.3951999992],[189028.25810000021,1883118.0431999993]]},"properties":{"OBJECTID":60,"Shape_Length":20.964039493044492,"Asset_ID":"DP60","Name":null,"District_ID":"Salalah al Jadida","Wlyt_ID":"Salalah","Gov_ID":"Dhofar Governorate","Road_ID":"103812","Pipe_Diameter":200,"Pipe_Material":"HDPE","Invert_Level_From_m":0,"Invert_Level_To_m":0,"Slop_Percentage":0,"Latitude":17.011228089999999,"Longitude":54.079309809999998,"GlobalID":"{E1BC1363-BC9E-4283-AE8C-054F26E42BD8}","NEAR_FID":7800,"NEAR_DIST":0.81611833179712334}},{"type":"Feature","id":61,"geometry":{"type":"LineString","coordinates":[[188910.91199999955,1883081.2160999998],[188890.51800000016,1883075.7709999997]]},"properties":{"OBJECTID":61,"Shape_Length":21.10839524896377,"Asset_ID":"DP61","Name":null,"District_ID":"Salalah al Jadida","Wlyt_ID":"Salalah","Gov_ID":"Dhofar Governorate","Road_ID":"103812","Pipe_Diameter":200,"Pipe_Material":"UPVC","Invert_Level_From_m":0,"Invert_Level_To_m":0,"Slop_Percentage":0,"Latitude":17.010893320000001,"Longitude":54.078207769999999,"GlobalID":"{D686F810-C40F-4157-A6E1-10B641A9A51E}","NEAR_FID":15906,"NEAR_DIST":0.068762043258666819}},{"type":"Feature","id":62,"geometry":{"type":"LineString","coordinates":[[188867.65490000043,1883069.1260000002],[188845.11110000033,1883062.3551000003]]},"properties":{"OBJECTID":62,"Shape_Length":23.538649180720526,"Asset_ID":"DP62","Name":null,"District_ID":"Salalah al Jadida","Wlyt_ID":"Salalah","Gov_ID":"Dhofar Governorate","Road_ID":"103812","Pipe_Diameter":200,"Pipe_Material":"UPVC","Invert_Level_From_m":0,"Invert_Level_To_m":0,"Slop_Percentage":0,"Latitude":17.010772429999999,"Longitude":54.077792969999997,"GlobalID":"{347E5EA6-ABC1-4093-8978-93892FD75B4C}","NEAR_FID":15906,"NEAR_DIST":0.85969449030695411}},{"type":"Feature","id":63,"geometry":{"type":"LineString","coordinates":[[189019.62380000018,1883092.8469999991],[189034.15390000027,1883097.1338999998]]},"properties":{"OBJECTID":63,"Shape_Length":15.149300895663156,"Asset_ID":"DP63","Name":null,"District_ID":"Salalah al Gharbiyya","Wlyt_ID":"Salalah","Gov_ID":"Dhofar Governorate","Road_ID":"104478","Pipe_Diameter":200,"Pipe_Material":"UPVC","Invert_Level_From_m":0,"Invert_Level_To_m":0,"Slop_Percentage":0,"Latitude":17.011059490000001,"Longitude":54.079388620000003,"GlobalID":"{25C8B9A7-5427-4CF4-BDC3-D9EC0FAFF5CC}","NEAR_FID":17987,"NEAR_DIST":0}},{"type":"Feature","id":64,"geometry":{"type":"LineString","coordinates":[[188983.13269999996,1883101.8412999995],[188988.23830000032,1883080.6864999998]]},"properties":{"OBJECTID":64,"Shape_Length":21.762185422887036,"Asset_ID":"DP64","Name":null,"District_ID":"Salalah al Gharbiyya","Wlyt_ID":"Salalah","Gov_ID":"Dhofar Governorate","Road_ID":"103812","Pipe_Diameter":200,"Pipe_Material":"UPVC","Invert_Level_From_m":0,"Invert_Level_To_m":0,"Slop_Percentage":0,"Latitude":17.011035969999998,"Longitude":54.078997970000003,"GlobalID":"{92E43D86-664E-46AF-B125-8F20C825FB1A}","NEAR_FID":6875,"NEAR_DIST":0}},{"type":"Feature","id":65,"geometry":{"type":"LineString","coordinates":[[188934.52990000043,1883088.2447999995],[188939.85059999954,1883068.2229999993]]},"properties":{"OBJECTID":65,"Shape_Length":20.716716045969946,"Asset_ID":"DP65","Name":null,"District_ID":"Salalah al Gharbiyya","Wlyt_ID":"Salalah","Gov_ID":"Dhofar Governorate","Road_ID":"103812","Pipe_Diameter":200,"Pipe_Material":"UPVC","Invert_Level_From_m":0,"Invert_Level_To_m":0,"Slop_Percentage":0,"Latitude":17.01090752,"Longitude":54.078545310000003,"GlobalID":"{09A3A74B-FCCA-47D7-91A2-4F01B405A679}","NEAR_FID":6875,"NEAR_DIST":0}},{"type":"Feature","id":66,"geometry":{"type":"LineString","coordinates":[[188890.51800000016,1883075.7709999997],[188896.30790000036,1883055.7509000003]]},"properties":{"OBJECTID":66,"Shape_Length":20.840521730458125,"Asset_ID":"DP66","Name":null,"District_ID":"Salalah al Gharbiyya","Wlyt_ID":"Salalah","Gov_ID":"Dhofar Governorate","Road_ID":"103812","Pipe_Diameter":300,"Pipe_Material":"HDPE","Invert_Level_From_m":0,"Invert_Level_To_m":0,"Slop_Percentage":0,"Latitude":17.01079082,"Longitude":54.07813599,"GlobalID":"{3817B216-1CF6-4927-AF2E-39332DC1B4E8}","NEAR_FID":6875,"NEAR_DIST":0}},{"type":"Feature","id":67,"geometry":{"type":"LineString","coordinates":[[188845.11110000033,1883062.3551000003],[188852.94560000021,1883044.0265999995]]},"properties":{"OBJECTID":67,"Shape_Length":19.932719396158415,"Asset_ID":"DP67","Name":null,"District_ID":"Salalah al Gharbiyya","Wlyt_ID":"Salalah","Gov_ID":"Dhofar Governorate","Road_ID":"103812","Pipe_Diameter":300,"Pipe_Material":"HDPE","Invert_Level_From_m":0,"Invert_Level_To_m":0,"Slop_Percentage":0,"Latitude":17.010659359999998,"Longitude":54.077725260000001,"GlobalID":"{92A9D555-24BF-4566-8771-2598BBACCDA1}","NEAR_FID":8648,"NEAR_DIST":0}},{"type":"Feature","id":68,"geometry":{"type":"LineString","coordinates":[[188797.73390000034,1883048.5362],[188803.88709999993,1883029.3618000001]]},"properties":{"OBJECTID":68,"Shape_Length":20.137514384631043,"Asset_ID":"DP68","Name":null,"District_ID":"Salalah al Gharbiyya","Wlyt_ID":"Salalah","Gov_ID":"Dhofar Governorate","Road_ID":"103812","Pipe_Diameter":300,"Pipe_Material":"HDPE","Invert_Level_From_m":0,"Invert_Level_To_m":0,"Slop_Percentage":0,"Latitude":17.01052357,"Longitude":54.077275229999998,"GlobalID":"{7640621D-894F-4125-984A-595330794854}","NEAR_FID":15906,"NEAR_DIST":0}},{"type":"Feature","id":69,"geometry":{"type":"LineString","coordinates":[[188749.65259999968,1883033.6023999993],[188755.6492999997,1883018.3692000005]]},"properties":{"OBJECTID":69,"Shape_Length":16.371035186930499,"Asset_ID":"DP69","Name":null,"District_ID":"Salalah al Jadida","Wlyt_ID":"Salalah","Gov_ID":"Dhofar Governorate","Road_ID":"103812","Pipe_Diameter":200,"Pipe_Material":"UPVC","Invert_Level_From_m":0,"Invert_Level_To_m":0,"Slop_Percentage":0,"Latitude":17.01038432,"Longitude":54.076830960000002,"GlobalID":"{65E8E7EA-7E71-41B8-934A-6B67071AC597}","NEAR_FID":15906,"NEAR_DIST":0}},{"type":"Feature","id":70,"geometry":{"type":"LineString","coordinates":[[188702.6063000001,1883018.3286000006],[188708.46109999996,1883000.1723999996]]},"properties":{"OBJECTID":70,"Shape_Length":19.076851981268039,"Asset_ID":"DP70","Name":null,"District_ID":"Salalah al Gharbiyya","Wlyt_ID":"Salalah","Gov_ID":"Dhofar Governorate","Road_ID":"103812","Pipe_Diameter":200,"Pipe_Material":"UPVC","Invert_Level_From_m":0,"Invert_Level_To_m":0,"Slop_Percentage":0,"Latitude":17.010242640000001,"Longitude":54.076386020000001,"GlobalID":"{09EB97CE-53F3-41DE-BABB-C3BEBB82DE07}","NEAR_FID":15906,"NEAR_DIST":0}},{"type":"Feature","id":71,"geometry":{"type":"LineString","coordinates":[[188654.28699999955,1883003.2797999997],[188659.5915000001,1882984.0017000008]]},"properties":{"OBJECTID":71,"Shape_Length":19.994570758603594,"Asset_ID":"DP71","Name":null,"District_ID":"Salalah al Gharbiyya","Wlyt_ID":"Salalah","Gov_ID":"Dhofar Governorate","Road_ID":"103812","Pipe_Diameter":200,"Pipe_Material":"UPVC","Invert_Level_From_m":0,"Invert_Level_To_m":0,"Slop_Percentage":0,"Latitude":17.010095039999999,"Longitude":54.075932170000002,"GlobalID":"{07F41929-CCBB-4C6D-8E4A-99547F8D4134}","NEAR_FID":6258,"NEAR_DIST":0}},{"type":"Feature","id":72,"geometry":{"type":"LineString","coordinates":[[188562.66870000027,1882962.2851999998],[188566.23570000008,1882953.182]]},"properties":{"OBJECTID":72,"Shape_Length":9.7771028037247749,"Asset_ID":"DP72","Name":null,"District_ID":"Salalah al Gharbiyya","Wlyt_ID":"Salalah","Gov_ID":"Dhofar Governorate","Road_ID":"103812","Pipe_Diameter":300,"Pipe_Material":"HDPE","Invert_Level_From_m":0,"Invert_Level_To_m":0,"Slop_Percentage":0,"Latitude":17.009760249999999,"Longitude":54.075069669999998,"GlobalID":"{986E7F54-228F-4582-907A-7DF8EFE87A2F}","NEAR_FID":19058,"NEAR_DIST":0}},{"type":"Feature","id":73,"geometry":{"type":"LineString","coordinates":[[188508.81659999955,1882940.3023000006],[188513.12270000018,1882928.8063999992]]},"properties":{"OBJECTID":73,"Shape_Length":12.275920090030269,"Asset_ID":"DP73","Name":null,"District_ID":"Salalah al Gharbiyya","Wlyt_ID":"Salalah","Gov_ID":"Dhofar Governorate","Road_ID":"103812","Pipe_Diameter":200,"Pipe_Material":"HDPE","Invert_Level_From_m":0,"Invert_Level_To_m":0,"Slop_Percentage":0,"Latitude":17.009541630000001,"Longitude":54.074570940000001,"GlobalID":"{B0BF3F57-782F-44FF-AC62-C2BD9FB3D626}","NEAR_FID":10301,"NEAR_DIST":0}},{"type":"Feature","id":74,"geometry":{"type":"LineString","coordinates":[[188462.76520000026,1882935.3122000005],[188472.43560000043,1882912.6348999999]]},"properties":{"OBJECTID":74,"Shape_Length":24.653124983842904,"Asset_ID":"DP74","Name":null,"District_ID":"Salalah al Gharbiyya","Wlyt_ID":"Salalah","Gov_ID":"Dhofar Governorate","Road_ID":"103812","Pipe_Diameter":200,"Pipe_Material":"UPVC","Invert_Level_From_m":0,"Invert_Level_To_m":0,"Slop_Percentage":0,"Latitude":17.009441349999999,"Longitude":54.074165700000002,"GlobalID":"{30D29058-4C2E-4C82-8392-3F412B91A236}","NEAR_FID":12497,"NEAR_DIST":0}},{"type":"Feature","id":75,"geometry":{"type":"LineString","coordinates":[[188403.69519999996,1882910.0931000002],[188417.72200000007,1882913.2524999995]]},"properties":{"OBJECTID":75,"Shape_Length":14.378210131955363,"Asset_ID":"DP75","Name":null,"District_ID":"Salalah al Jadida","Wlyt_ID":"Salalah","Gov_ID":"Dhofar Governorate","Road_ID":"103812","Pipe_Diameter":200,"Pipe_Material":"UPVC","Invert_Level_From_m":0,"Invert_Level_To_m":0,"Slop_Percentage":0,"Latitude":17.009322059999999,"Longitude":54.073634409999997,"GlobalID":"{61B95644-A54C-4C53-B045-B5C747C9F5AF}","NEAR_FID":5635,"NEAR_DIST":0}},{"type":"Feature","id":76,"geometry":{"type":"LineString","coordinates":[[188417.72200000007,1882913.2524999995],[188423.02570000011,1882899.6465000007]]},"properties":{"OBJECTID":76,"Shape_Length":14.603166426114832,"Asset_ID":"DP76","Name":null,"District_ID":"Salalah al Gharbiyya","Wlyt_ID":"Salalah","Gov_ID":"Dhofar Governorate","Road_ID":"104567","Pipe_Diameter":300,"Pipe_Material":"HDPE","Invert_Level_From_m":0,"Invert_Level_To_m":0,"Slop_Percentage":0,"Latitude":17.009276379999999,"Longitude":54.073725009999997,"GlobalID":"{4150E6FF-5992-4AAD-9543-F017DF31FFA3}","NEAR_FID":13510,"NEAR_DIST":0}},{"type":"Feature","id":77,"geometry":{"type":"LineString","coordinates":[[188377.97439999972,1882882.3443999998],[188381.80080000032,1882868.9171999991]]},"properties":{"OBJECTID":77,"Shape_Length":13.961770547832565,"Asset_ID":"DP77","Name":null,"District_ID":"Salalah al Gharbiyya","Wlyt_ID":"Salalah","Gov_ID":"Dhofar Governorate","Road_ID":"104567","Pipe_Diameter":2000,"Pipe_Material":"UPVC","Invert_Level_From_m":0,"Invert_Level_To_m":0,"Slop_Percentage":0,"Latitude":17.0089933,"Longitude":54.073349120000003,"GlobalID":"{D3DAA407-35D5-4BB6-9602-3C90A77B66E6}","NEAR_FID":13510,"NEAR_DIST":0}},{"type":"Feature","id":78,"geometry":{"type":"LineString","coordinates":[[188325.96339999977,1882879.3239999991],[188333.35780000035,1882856.1131999996]]},"properties":{"OBJECTID":78,"Shape_Length":24.360180376944214,"Asset_ID":"DP78","Name":null,"District_ID":"Salalah al Gharbiyya","Wlyt_ID":"Salalah","Gov_ID":"Dhofar Governorate","Road_ID":"103812","Pipe_Diameter":300,"Pipe_Material":"HDPE","Invert_Level_From_m":0,"Invert_Level_To_m":0,"Slop_Percentage":0,"Latitude":17.00891528,"Longitude":54.07287943,"GlobalID":"{1B691FC9-9C89-4C22-B1E2-BABC7F251B82}","NEAR_FID":5222,"NEAR_DIST":0}},{"type":"Feature","id":79,"geometry":{"type":"LineString","coordinates":[[188276.99799999967,1882863.4763999991],[188285.17119999975,1882841.1480999999]]},"properties":{"OBJECTID":79,"Shape_Length":23.777177694316833,"Asset_ID":"DP79","Name":null,"District_ID":"Salalah al Gharbiyya","Wlyt_ID":"Salalah","Gov_ID":"Dhofar Governorate","Road_ID":"103812","Pipe_Diameter":300,"Pipe_Material":"HDPE","Invert_Level_From_m":0,"Invert_Level_To_m":0,"Slop_Percentage":0,"Latitude":17.008769959999999,"Longitude":54.072425000000003,"GlobalID":"{3CDC2B25-C6B2-4CE1-8569-6F39A47FCD1B}","NEAR_FID":4910,"NEAR_DIST":0}},{"type":"Feature","id":80,"geometry":{"type":"LineString","coordinates":[[188229.32400000002,1882846.3117999993],[188235.13960000034,1882828.7228999995]]},"properties":{"OBJECTID":80,"Shape_Length":18.525404356636912,"Asset_ID":"DP80","Name":null,"District_ID":"Salalah al Gharbiyya","Wlyt_ID":"Salalah","Gov_ID":"Dhofar Governorate","Road_ID":"103812","Pipe_Diameter":200,"Pipe_Material":"UPVC","Invert_Level_From_m":0,"Invert_Level_To_m":0,"Slop_Percentage":0,"Latitude":17.008614690000002,"Longitude":54.071974429999997,"GlobalID":"{F5686438-91EA-4AC5-8CB9-27325A976C53}","NEAR_FID":4910,"NEAR_DIST":0}},{"type":"Feature","id":81,"geometry":{"type":"LineString","coordinates":[[188182.74100000039,1882831.0614],[188187.58090000041,1882814.2316999994]]},"properties":{"OBJECTID":81,"Shape_Length":17.511808419683565,"Asset_ID":"DP81","Name":null,"District_ID":"Salalah al Gharbiyya","Wlyt_ID":"Salalah","Gov_ID":"Dhofar Governorate","Road_ID":"103812","Pipe_Diameter":200,"Pipe_Material":"UPVC","Invert_Level_From_m":0,"Invert_Level_To_m":0,"Slop_Percentage":0,"Latitude":17.008471249999999,"Longitude":54.071535619999999,"GlobalID":"{A1AED3A3-CFDB-4C81-A68C-4FF2E9F6CA9A}","NEAR_FID":16421,"NEAR_DIST":0}},{"type":"Feature","id":82,"geometry":{"type":"LineString","coordinates":[[188088.43620000035,1882800.4171999991],[188095.37710000016,1882777.3968000002]]},"properties":{"OBJECTID":82,"Shape_Length":24.044020231973008,"Asset_ID":"DP82","Name":null,"District_ID":"Salalah al Gharbiyya","Wlyt_ID":"Salalah","Gov_ID":"Dhofar Governorate","Road_ID":"103812","Pipe_Diameter":200,"Pipe_Material":"UPVC","Invert_Level_From_m":0,"Invert_Level_To_m":0,"Slop_Percentage":0,"Latitude":17.008171730000001,"Longitude":54.07066004,"GlobalID":"{86EDE79F-9DF4-4221-A6A3-0BCF6AC7F38E}","NEAR_FID":8355,"NEAR_DIST":0}},{"type":"Feature","id":83,"geometry":{"type":"LineString","coordinates":[[188038.85290000029,1882784.0991999991],[188044.64279999956,1882763.0149000008]]},"properties":{"OBJECTID":83,"Shape_Length":21.864826741192545,"Asset_ID":"DP83","Name":null,"District_ID":"Salalah al Gharbiyya","Wlyt_ID":"Salalah","Gov_ID":"Dhofar Governorate","Road_ID":"103812","Pipe_Diameter":200,"Pipe_Material":"UPVC","Invert_Level_From_m":0,"Invert_Level_To_m":0,"Slop_Percentage":0,"Latitude":17.008026019999999,"Longitude":54.070191579999999,"GlobalID":"{8F0E71F1-EC1D-49FA-B767-FDF53C99F39C}","NEAR_FID":10162,"NEAR_DIST":0}},{"type":"Feature","id":84,"geometry":{"type":"LineString","coordinates":[[187994.6743999999,1882769.5745000001],[188000.75109999999,1882749.0100999996]]},"properties":{"OBJECTID":84,"Shape_Length":21.443433266659117,"Asset_ID":"DP84","Name":null,"District_ID":"Salalah al Gharbiyya","Wlyt_ID":"Salalah","Gov_ID":"Dhofar Governorate","Road_ID":"103812","Pipe_Diameter":200,"Pipe_Material":"UPVC","Invert_Level_From_m":0,"Invert_Level_To_m":0,"Slop_Percentage":0,"Latitude":17.007891669999999,"Longitude":54.069780950000002,"GlobalID":"{177748BC-0DF3-461F-AB22-961CDB5B5304}","NEAR_FID":10162,"NEAR_DIST":0}},{"type":"Feature","id":85,"geometry":{"type":"LineString","coordinates":[[187957.94319999963,1882759.1444000006],[187964.08210000023,1882736.7172999997]]},"properties":{"OBJECTID":85,"Shape_Length":23.252116197625867,"Asset_ID":"DP85","Name":null,"District_ID":"Salalah al Gharbiyya","Wlyt_ID":"Salalah","Gov_ID":"Dhofar Governorate","Road_ID":"103812","Pipe_Diameter":300,"Pipe_Material":"UPVC","Invert_Level_From_m":0,"Invert_Level_To_m":0,"Slop_Percentage":0,"Latitude":17.007789689999999,"Longitude":54.069436580000001,"GlobalID":"{4A6DDF60-CAB9-4B8C-A9C4-FF75D62BD6A1}","NEAR_FID":10162,"NEAR_DIST":0}},{"type":"Feature","id":86,"geometry":{"type":"LineString","coordinates":[[188659.5915000001,1882984.0017000008],[188608.28139999975,1882968.0877]]},"properties":{"OBJECTID":86,"Shape_Length":53.721334291617318,"Asset_ID":"DP86","Name":null,"District_ID":"Salalah al Gharbiyya","Wlyt_ID":"Salalah","Gov_ID":"Dhofar Governorate","Road_ID":"103812","Pipe_Diameter":1200,"Pipe_Material":"HDPE","Invert_Level_From_m":5.9400000000000004,"Invert_Level_To_m":5.9000000000000004,"Slop_Percentage":0.080000000000000002,"Latitude":17.009906600000001,"Longitude":54.075722499999998,"GlobalID":"{3D469FC2-5968-47F3-A423-55212082BD7B}","NEAR_FID":18280,"NEAR_DIST":6.7728875602753913}},{"type":"Feature","id":87,"geometry":{"type":"LineString","coordinates":[[188333.35780000035,1882856.1131999996],[188285.17119999975,1882841.1480999999]]},"properties":{"OBJECTID":87,"Shape_Length":50.456938448749014,"Asset_ID":"DP87","Name":null,"District_ID":"Salalah al Gharbiyya","Wlyt_ID":"Salalah","Gov_ID":"Dhofar Governorate","Road_ID":"104567","Pipe_Diameter":1200,"Pipe_Material":"HDPE","Invert_Level_From_m":5.6600000000000001,"Invert_Level_To_m":5.6200000000000001,"Slop_Percentage":0.080000000000000002,"Latitude":17.008722710000001,"Longitude":54.072696450000002,"GlobalID":"{18C505C9-0BC1-4201-844E-0D6A51C2B871}","NEAR_FID":11569,"NEAR_DIST":3.5495786324812348}},{"type":"Feature","id":88,"geometry":{"type":"LineString","coordinates":[[188285.17119999975,1882841.1480999999],[188236.16119999997,1882825.4461000003]]},"properties":{"OBJECTID":88,"Shape_Length":51.463899035977803,"Asset_ID":"DP88","Name":null,"District_ID":"Salalah al Gharbiyya","Wlyt_ID":"Salalah","Gov_ID":"Dhofar Governorate","Road_ID":"103812","Pipe_Diameter":1200,"Pipe_Material":"HDPE","Invert_Level_From_m":5.6200000000000001,"Invert_Level_To_m":5.5800000000000001,"Slop_Percentage":0.080000000000000002,"Latitude":17.008577519999999,"Longitude":54.072243409999999,"GlobalID":"{7A4381BF-6938-4406-B6E2-4B32DC9F5F25}","NEAR_FID":16421,"NEAR_DIST":9.0329687713045814}},{"type":"Feature","id":89,"geometry":{"type":"LineString","coordinates":[[188236.16119999997,1882825.4461000003],[188188.62650000025,1882810.3509999998]]},"properties":{"OBJECTID":89,"Shape_Length":49.873938566138797,"Asset_ID":"DP89","Name":null,"District_ID":"Salalah al Gharbiyya","Wlyt_ID":"Salalah","Gov_ID":"Dhofar Governorate","Road_ID":"103812","Pipe_Diameter":1200,"Pipe_Material":"HDPE","Invert_Level_From_m":5.5800000000000001,"Invert_Level_To_m":5.4800000000000004,"Slop_Percentage":0.20000000000000001,"Latitude":17.008432989999999,"Longitude":54.071792119999998,"GlobalID":"{5B689DAE-6970-455B-BA03-E519711DF75D}","NEAR_FID":16421,"NEAR_DIST":8.6215886700119935}},{"type":"Feature","id":90,"geometry":{"type":"LineString","coordinates":[[188188.62650000025,1882810.3509999998],[188141.05960000027,1882792.8050999995]]},"properties":{"OBJECTID":90,"Shape_Length":50.699788780970287,"Asset_ID":"DP90","Name":null,"District_ID":"Salalah al Gharbiyya","Wlyt_ID":"Salalah","Gov_ID":"Dhofar Governorate","Road_ID":"103812","Pipe_Diameter":1400,"Pipe_Material":"HDPE","Invert_Level_From_m":5.4800000000000004,"Invert_Level_To_m":5.4400000000000004,"Slop_Percentage":0.080000000000000002,"Latitude":17.008280110000001,"Longitude":54.07134877,"GlobalID":"{E592EEAC-313F-4F66-A0B7-80255C56D1C7}","NEAR_FID":16421,"NEAR_DIST":8.6215886700119935}},{"type":"Feature","id":91,"geometry":{"type":"LineString","coordinates":[[188141.05960000027,1882792.8050999995],[188095.37710000016,1882777.3968000002]]},"properties":{"OBJECTID":91,"Shape_Length":48.2110621655617,"Asset_ID":"DP91","Name":null,"District_ID":"Salalah al Gharbiyya","Wlyt_ID":"Salalah","Gov_ID":"Dhofar Governorate","Road_ID":"103812","Pipe_Diameter":1200,"Pipe_Material":"HDPE","Invert_Level_From_m":5.4400000000000004,"Invert_Level_To_m":5.4000000000000004,"Slop_Percentage":0.080000000000000002,"Latitude":17.008124859999999,"Longitude":54.070913449999999,"GlobalID":"{F083D57E-C7ED-4755-B87F-D896484E4B9E}","NEAR_FID":13499,"NEAR_DIST":5.4202253428272744}},{"type":"Feature","id":92,"geometry":{"type":"LineString","coordinates":[[188095.37710000016,1882777.3968000002],[188044.64279999956,1882763.0149000008]]},"properties":{"OBJECTID":92,"Shape_Length":52.733369360818301,"Asset_ID":"DP92","Name":null,"District_ID":"Salalah al Gharbiyya","Wlyt_ID":"Salalah","Gov_ID":"Dhofar Governorate","Road_ID":"103812","Pipe_Diameter":1200,"Pipe_Material":"HDPE","Invert_Level_From_m":5.4000000000000004,"Invert_Level_To_m":5.3600000000000003,"Slop_Percentage":0.080000000000000002,"Latitude":17.007981839999999,"Longitude":54.070463760000003,"GlobalID":"{7E31053F-9FC8-436D-BE5E-6F3602E4B0B8}","NEAR_FID":11949,"NEAR_DIST":0}},{"type":"Feature","id":93,"geometry":{"type":"LineString","coordinates":[[188044.64279999956,1882763.0149000008],[188000.75109999999,1882749.0100999996]]},"properties":{"OBJECTID":93,"Shape_Length":46.071854227145607,"Asset_ID":"DP93","Name":null,"District_ID":"Salalah al Gharbiyya","Wlyt_ID":"Salalah","Gov_ID":"Dhofar Governorate","Road_ID":"103812","Pipe_Diameter":1200,"Pipe_Material":"HDPE","Invert_Level_From_m":5.3600000000000003,"Invert_Level_To_m":5.3200000000000003,"Slop_Percentage":0.089999999999999997,"Latitude":17.007850529999999,"Longitude":54.070020399999997,"GlobalID":"{5534D203-61D8-415B-A273-30414D4193C2}","NEAR_FID":10162,"NEAR_DIST":8.5004698242009571}},{"type":"Feature","id":94,"geometry":{"type":"LineString","coordinates":[[188000.75109999999,1882749.0100999996],[187964.08210000023,1882736.7172999997]]},"properties":{"OBJECTID":94,"Shape_Length":38.674649226864048,"Asset_ID":"DP94","Name":null,"District_ID":"Salalah al Gharbiyya","Wlyt_ID":"Salalah","Gov_ID":"Dhofar Governorate","Road_ID":"103824","Pipe_Diameter":1200,"Pipe_Material":"HDPE","Invert_Level_From_m":5.3200000000000003,"Invert_Level_To_m":5.2800000000000002,"Slop_Percentage":0.10000000000000001,"Latitude":17.00773573,"Longitude":54.069640990000003,"GlobalID":"{BB5BA0CD-A664-4CCB-A7DC-3CD6F9B0E8AE}","NEAR_FID":4903,"NEAR_DIST":8.4716986556951284}},{"type":"Feature","id":95,"geometry":{"type":"LineString","coordinates":[[187970.82490000036,1882732.3835000005],[187964.08210000023,1882736.7172999997]]},"properties":{"OBJECTID":95,"Shape_Length":8.0154335051073016,"Asset_ID":"DP95","Name":null,"District_ID":"Salalah al Gharbiyya","Wlyt_ID":"Salalah","Gov_ID":"Dhofar Governorate","Road_ID":"103824","Pipe_Diameter":200,"Pipe_Material":"UPVC","Invert_Level_From_m":0,"Invert_Level_To_m":0,"Slop_Percentage":0,"Latitude":17.007663319999999,"Longitude":54.069500300000001,"GlobalID":"{C1F1C40B-0894-4EED-841A-643B80BBE4C2}","NEAR_FID":4903,"NEAR_DIST":2.9406309711465504}},{"type":"Feature","id":96,"geometry":{"type":"LineString","coordinates":[[187932.15979999956,1882721.0146999992],[187890.2818,1882715.3062999994]]},"properties":{"OBJECTID":96,"Shape_Length":42.265266052893708,"Asset_ID":"DP96","Name":null,"District_ID":"Salalah al Gharbiyya","Wlyt_ID":"Salalah","Gov_ID":"Dhofar Governorate","Road_ID":"103812","Pipe_Diameter":1300,"Pipe_Material":"HDPE","Invert_Level_From_m":5.2400000000000002,"Invert_Level_To_m":5.1749999999999998,"Slop_Percentage":0.14999999999999999,"Latitude":17.00749115,"Longitude":54.06897661,"GlobalID":"{D6838AFA-73DC-4F18-A1D7-CF192A6D4514}","NEAR_FID":5793,"NEAR_DIST":0}},{"type":"Feature","id":97,"geometry":{"type":"LineString","coordinates":[[187890.2818,1882715.3062999994],[187852.37399999984,1882682.0865000002]]},"properties":{"OBJECTID":97,"Shape_Length":50.403932513446826,"Asset_ID":"DP97","Name":null,"District_ID":"Salalah al Gharbiyya","Wlyt_ID":"Salalah","Gov_ID":"Dhofar Governorate","Road_ID":"103812","Pipe_Diameter":1400,"Pipe_Material":"HDPE","Invert_Level_From_m":5.1749999999999998,"Invert_Level_To_m":4.1920000000000002,"Slop_Percentage":1.9399999999999999,"Latitude":17.00732734,"Longitude":54.06860253,"GlobalID":"{586B60CB-C8DF-44EE-AA5B-3F4C435BE46C}","NEAR_FID":11144,"NEAR_DIST":0}},{"type":"Feature","id":98,"geometry":{"type":"LineString","coordinates":[[187901.10769999959,1882666.8190000001],[187899.24610000011,1882677.5686000008]]},"properties":{"OBJECTID":98,"Shape_Length":10.909603784403552,"Asset_ID":"DP98","Name":null,"District_ID":"Salalah al Gharbiyya","Wlyt_ID":"Salalah","Gov_ID":"Dhofar Governorate","Road_ID":"103824","Pipe_Diameter":200,"Pipe_Material":"HDPE","Invert_Level_From_m":0,"Invert_Level_To_m":0,"Slop_Percentage":0,"Latitude":17.007057570000001,"Longitude":54.068879690000003,"GlobalID":"{8A913BEF-0330-4E8B-9F72-8A91A62F7CAB}","NEAR_FID":13658,"NEAR_DIST":0}},{"type":"Feature","id":99,"geometry":{"type":"LineString","coordinates":[[187899.24610000011,1882677.5686000008],[187886.43530000001,1882687.2442000005]]},"properties":{"OBJECTID":99,"Shape_Length":16.054090818000066,"Asset_ID":"DP99","Name":null,"District_ID":"Salalah al Gharbiyya","Wlyt_ID":"Salalah","Gov_ID":"Dhofar Governorate","Road_ID":"104447","Pipe_Diameter":200,"Pipe_Material":"HDPE","Invert_Level_From_m":0,"Invert_Level_To_m":0,"Slop_Percentage":0,"Latitude":17.007165910000001,"Longitude":54.068808580000002,"GlobalID":"{881FE03E-D89E-4264-A826-ABB93856B9FC}","NEAR_FID":10530,"NEAR_DIST":0}},{"type":"Feature","id":100,"geometry":{"type":"LineString","coordinates":[[187852.37399999984,1882682.0865000002],[187813.35219999962,1882673.8545999993]]},"properties":{"OBJECTID":100,"Shape_Length":39.88063506120529,"Asset_ID":"DP100","Name":null,"District_ID":"Salalah al Gharbiyya","Wlyt_ID":"Salalah","Gov_ID":"Dhofar Governorate","Road_ID":"104447","Pipe_Diameter":1300,"Pipe_Material":"HDPE","Invert_Level_From_m":4.1920000000000002,"Invert_Level_To_m":3.363,"Slop_Percentage":2.0499999999999998,"Latitude":17.007117480000002,"Longitude":54.068245560000001,"GlobalID":"{A2857507-4B85-4DAE-B1AB-7622553FB11A}","NEAR_FID":18532,"NEAR_DIST":9.9247515770448107}},{"type":"Feature","id":101,"geometry":{"type":"LineString","coordinates":[[187886.43530000001,1882687.2442000005],[187811.93140000012,1882663.8806999996]]},"properties":{"OBJECTID":101,"Shape_Length":78.081305418402792,"Asset_ID":"DP101","Name":null,"District_ID":"Salalah al Gharbiyya","Wlyt_ID":"Salalah","Gov_ID":"Dhofar Governorate","Road_ID":"104447","Pipe_Diameter":1300,"Pipe_Material":"HDPE","Invert_Level_From_m":5.1200000000000001,"Invert_Level_To_m":3.363,"Slop_Percentage":2.2200000000000002,"Latitude":17.007098559999999,"Longitude":54.068400330000003,"GlobalID":"{C4E24254-2A2E-49E5-928B-ABD94262BF65}","NEAR_FID":12323,"NEAR_DIST":0}},{"type":"Feature","id":102,"geometry":{"type":"LineString","coordinates":[[187850.00509999972,1882718.9133000001],[187852.37399999984,1882682.0865000002]]},"properties":{"OBJECTID":102,"Shape_Length":36.902911612025797,"Asset_ID":"DP102","Name":null,"District_ID":"Salalah al Gharbiyya","Wlyt_ID":"Salalah","Gov_ID":"Dhofar Governorate","Road_ID":"103812","Pipe_Diameter":200,"Pipe_Material":"HDPE","Invert_Level_From_m":null,"Invert_Level_To_m":0,"Slop_Percentage":null,"Latitude":17.007323339999999,"Longitude":54.068414339999997,"GlobalID":"{F8E302FC-B02E-4AA2-87FE-9418718D9BEB}","NEAR_FID":15869,"NEAR_DIST":0}},{"type":"Feature","id":103,"geometry":{"type":"LineString","coordinates":[[188003.08179999981,1882740.0475999992],[188002.09389999975,1882744.9099000003]]},"properties":{"OBJECTID":103,"Shape_Length":4.9616436501101964,"Asset_ID":"DP103","Name":null,"District_ID":"Salalah al Gharbiyya","Wlyt_ID":"Salalah","Gov_ID":"Dhofar Governorate","Road_ID":"103824","Pipe_Diameter":200,"Pipe_Material":"UPVC","Invert_Level_From_m":0,"Invert_Level_To_m":0,"Slop_Percentage":0,"Latitude":17.007708690000001,"Longitude":54.069835130000001,"GlobalID":"{C49270A0-97E3-491D-94B0-05A84F9401DF}","NEAR_FID":4903,"NEAR_DIST":4.0100344534094576}},{"type":"Feature","id":104,"geometry":{"type":"LineString","coordinates":[[188535.45529999956,1882857.5789000001],[188539.22819999978,1882836.7443000004]]},"properties":{"OBJECTID":104,"Shape_Length":21.173458186124751,"Asset_ID":"DP104","Name":null,"District_ID":"Salalah al Gharbiyya","Wlyt_ID":"Salalah","Gov_ID":"Dhofar Governorate","Road_ID":"104479","Pipe_Diameter":200,"Pipe_Material":"HDPE","Invert_Level_From_m":0,"Invert_Level_To_m":0,"Slop_Percentage":0,"Latitude":17.008741700000002,"Longitude":54.074828580000002,"GlobalID":"{3F2BDC4C-E9CA-4932-8910-FDACEA44F23E}","NEAR_FID":10367,"NEAR_DIST":0.9336237032405964}},{"type":"Feature","id":105,"geometry":{"type":"LineString","coordinates":[[188539.22819999978,1882836.7443000004],[188509.77419999987,1882831.3979000002]]},"properties":{"OBJECTID":105,"Shape_Length":29.935298711661293,"Asset_ID":"DP105","Name":null,"District_ID":"Salalah al Gharbiyya","Wlyt_ID":"Salalah","Gov_ID":"Dhofar Governorate","Road_ID":"104479","Pipe_Diameter":200,"Pipe_Material":"HDPE","Invert_Level_From_m":0,"Invert_Level_To_m":0,"Slop_Percentage":0,"Latitude":17.00860295,"Longitude":54.074715269999999,"GlobalID":"{26EAE98C-C5F7-48B2-AB0C-B921920C6626}","NEAR_FID":10367,"NEAR_DIST":0.9336237032405964}},{"type":"Feature","id":106,"geometry":{"type":"LineString","coordinates":[[188541.61230000015,1882814.9923],[188513.38449999969,1882809.3527000006]]},"properties":{"OBJECTID":106,"Shape_Length":28.785652346599488,"Asset_ID":"DP106","Name":null,"District_ID":"Salalah al Gharbiyya","Wlyt_ID":"Salalah","Gov_ID":"Dhofar Governorate","Road_ID":"104568","Pipe_Diameter":200,"Pipe_Material":"HDPE","Invert_Level_From_m":0,"Invert_Level_To_m":0,"Slop_Percentage":0,"Latitude":17.008405660000001,"Longitude":54.07474646,"GlobalID":"{E586A458-D291-4B74-8A09-9DF5892C931C}","NEAR_FID":8559,"NEAR_DIST":5.6273430831237388}},{"type":"Feature","id":107,"geometry":{"type":"LineString","coordinates":[[188513.09169999976,1882809.5504999999],[188509.77419999987,1882831.3979000002]]},"properties":{"OBJECTID":107,"Shape_Length":22.097843628354148,"Asset_ID":"DP107","Name":null,"District_ID":"Salalah al Gharbiyya","Wlyt_ID":"Salalah","Gov_ID":"Dhofar Governorate","Road_ID":"104568","Pipe_Diameter":200,"Pipe_Material":"HDPE","Invert_Level_From_m":0,"Invert_Level_To_m":0,"Slop_Percentage":0,"Latitude":17.008478440000001,"Longitude":54.074594560000001,"GlobalID":"{8B08144F-DE8A-4350-B0B1-4AC56171729B}","NEAR_FID":8559,"NEAR_DIST":0}},{"type":"Feature","id":108,"geometry":{"type":"LineString","coordinates":[[188478.25580000039,1882803.8935000002],[188481.15869999956,1882803.9823000003]]},"properties":{"OBJECTID":108,"Shape_Length":2.9042578820061125,"Asset_ID":"DP108","Name":null,"District_ID":"Salalah al Gharbiyya","Wlyt_ID":"Salalah","Gov_ID":"Dhofar Governorate","Road_ID":"104568","Pipe_Diameter":200,"Pipe_Material":"HDPE","Invert_Level_From_m":0,"Invert_Level_To_m":0,"Slop_Percentage":0,"Latitude":17.008324869999999,"Longitude":54.07429921,"GlobalID":"{5E9FD569-6F88-41DE-94FA-7DA83C28DD11}","NEAR_FID":9281,"NEAR_DIST":3.214593165313862}},{"type":"Feature","id":109,"geometry":{"type":"LineString","coordinates":[[188481.15869999956,1882803.9823000003],[188477.03969999962,1882826.1601]]},"properties":{"OBJECTID":109,"Shape_Length":22.557060398617551,"Asset_ID":"DP109","Name":null,"District_ID":"Salalah al Gharbiyya","Wlyt_ID":"Salalah","Gov_ID":"Dhofar Governorate","Road_ID":"104568","Pipe_Diameter":200,"Pipe_Material":"HDPE","Invert_Level_From_m":0,"Invert_Level_To_m":0,"Slop_Percentage":0,"Latitude":17.008425290000002,"Longitude":54.074291940000002,"GlobalID":"{4D2E8D75-69E6-4D94-9783-569A74838FA7}","NEAR_FID":9281,"NEAR_DIST":0}},{"type":"Feature","id":110,"geometry":{"type":"LineString","coordinates":[[188509.77419999987,1882831.3979000002],[188477.03969999962,1882826.1601]]},"properties":{"OBJECTID":110,"Shape_Length":33.150898013614217,"Asset_ID":"DP110","Name":null,"District_ID":"Salalah al Gharbiyya","Wlyt_ID":"Salalah","Gov_ID":"Dhofar Governorate","Road_ID":"103824","Pipe_Diameter":1000,"Pipe_Material":"HDPE","Invert_Level_From_m":5.7699999999999996,"Invert_Level_To_m":5.7350000000000003,"Slop_Percentage":0.11,"Latitude":17.008550979999999,"Longitude":54.074424260000001,"GlobalID":"{A2E1F8A4-9C0F-4F46-891F-19888624DF80}","NEAR_FID":15497,"NEAR_DIST":1.1068349765476075}},{"type":"Feature","id":111,"geometry":{"type":"LineString","coordinates":[[188477.03969999962,1882826.1601],[188442.54959999956,1882821.3037]]},"properties":{"OBJECTID":111,"Shape_Length":34.830326139343491,"Asset_ID":"DP111","Name":null,"District_ID":"Salalah al Gharbiyya","Wlyt_ID":"Salalah","Gov_ID":"Dhofar Governorate","Road_ID":"103824","Pipe_Diameter":1000,"Pipe_Material":"HDPE","Invert_Level_From_m":5.7350000000000003,"Invert_Level_To_m":5.7000000000000002,"Slop_Percentage":0.10000000000000001,"Latitude":17.00850088,"Longitude":54.074109589999999,"GlobalID":"{24B49CCC-582F-4F36-9CFD-9841855FF402}","NEAR_FID":15497,"NEAR_DIST":1.1058727410318869}},{"type":"Feature","id":112,"geometry":{"type":"LineString","coordinates":[[188446.04989999998,1882798.3304999992],[188442.54959999956,1882821.3037]]},"properties":{"OBJECTID":112,"Shape_Length":23.238330800011113,"Asset_ID":"DP112","Name":null,"District_ID":"Salalah al Gharbiyya","Wlyt_ID":"Salalah","Gov_ID":"Dhofar Governorate","Road_ID":"103824","Pipe_Diameter":200,"Pipe_Material":"HDPE","Invert_Level_From_m":0,"Invert_Level_To_m":0,"Slop_Percentage":0,"Latitude":17.008373169999999,"Longitude":54.073966159999998,"GlobalID":"{B81EA90F-40A5-44D5-B7D6-A16255DC8368}","NEAR_FID":7590,"NEAR_DIST":0}},{"type":"Feature","id":113,"geometry":{"type":"LineString","coordinates":[[188396.03110000025,1882790.4430999998],[188395.03380000032,1882801.9067000002]]},"properties":{"OBJECTID":113,"Shape_Length":11.506899332933468,"Asset_ID":"DP113","Name":null,"District_ID":"Salalah al Gharbiyya","Wlyt_ID":"Salalah","Gov_ID":"Dhofar Governorate","Road_ID":"103824","Pipe_Diameter":200,"Pipe_Material":"HDPE","Invert_Level_From_m":0,"Invert_Level_To_m":0,"Slop_Percentage":0,"Latitude":17.00824343,"Longitude":54.073510499999998,"GlobalID":"{FE12D9BF-8FA7-4BF6-9E31-8D18CB3189B2}","NEAR_FID":7590,"NEAR_DIST":0}},{"type":"Feature","id":114,"geometry":{"type":"LineString","coordinates":[[188372.31209999975,1882800.1220999993],[188357.24490000028,1882796.6215000004]]},"properties":{"OBJECTID":114,"Shape_Length":15.468507238152897,"Asset_ID":"DP114","Name":null,"District_ID":"Salalah al Gharbiyya","Wlyt_ID":"Salalah","Gov_ID":"Dhofar Governorate","Road_ID":"104567","Pipe_Diameter":200,"Pipe_Material":"HDPE","Invert_Level_From_m":0,"Invert_Level_To_m":0,"Slop_Percentage":0,"Latitude":17.008259110000001,"Longitude":54.07322164,"GlobalID":"{DCF865CD-6724-4767-8E58-B2DDE573C859}","NEAR_FID":9199,"NEAR_DIST":0}},{"type":"Feature","id":115,"geometry":{"type":"LineString","coordinates":[[188442.54959999956,1882821.3037],[188393.12590000033,1882813.8682000004]]},"properties":{"OBJECTID":115,"Shape_Length":49.979883771961966,"Asset_ID":"DP115","Name":null,"District_ID":"Salalah al Gharbiyya","Wlyt_ID":"Salalah","Gov_ID":"Dhofar Governorate","Road_ID":"104567","Pipe_Diameter":1000,"Pipe_Material":"HDPE","Invert_Level_From_m":5.7000000000000002,"Invert_Level_To_m":5.6500000000000004,"Slop_Percentage":0.10000000000000001,"Latitude":17.008439729999999,"Longitude":54.073716779999998,"GlobalID":"{0EDE1D57-B82B-4121-89E8-C09D3526E531}","NEAR_FID":13428,"NEAR_DIST":0}},{"type":"Feature","id":116,"geometry":{"type":"LineString","coordinates":[[188357.24490000028,1882796.6215000004],[188339.14209999982,1882795.2902000006]]},"properties":{"OBJECTID":116,"Shape_Length":18.151686630886253,"Asset_ID":"DP116","Name":null,"District_ID":"Salalah al Gharbiyya","Wlyt_ID":"Salalah","Gov_ID":"Dhofar Governorate","Road_ID":"103824","Pipe_Diameter":200,"Pipe_Material":"HDPE","Invert_Level_From_m":0,"Invert_Level_To_m":0,"Slop_Percentage":0,"Latitude":17.008235060000001,"Longitude":54.073066359999999,"GlobalID":"{EAC16F98-A9E8-4A37-8260-F05025D8B4B5}","NEAR_FID":10955,"NEAR_DIST":0.93737660967671221}},{"type":"Feature","id":117,"geometry":{"type":"LineString","coordinates":[[188339.14209999982,1882795.2902000006],[188333.17040000018,1882795.3084999993]]},"properties":{"OBJECTID":117,"Shape_Length":5.9717280393297623,"Asset_ID":"DP117","Name":null,"District_ID":"Salalah al Gharbiyya","Wlyt_ID":"Salalah","Gov_ID":"Dhofar Governorate","Road_ID":"103824","Pipe_Diameter":200,"Pipe_Material":"HDPE","Invert_Level_From_m":0,"Invert_Level_To_m":0,"Slop_Percentage":0,"Latitude":17.0082275,"Longitude":54.072953509999998,"GlobalID":"{97D89C0A-1429-4A5A-BB29-C0A8F3FBC088}","NEAR_FID":10955,"NEAR_DIST":0}},{"type":"Feature","id":118,"geometry":{"type":"LineString","coordinates":[[188333.17040000018,1882795.3084999993],[188338.16559999995,1882797.6937000006]]},"properties":{"OBJECTID":118,"Shape_Length":5.5354495828180816,"Asset_ID":"DP118","Name":null,"District_ID":"Salalah al Gharbiyya","Wlyt_ID":"Salalah","Gov_ID":"Dhofar Governorate","Road_ID":"103824","Pipe_Diameter":200,"Pipe_Material":"HDPE","Invert_Level_From_m":0,"Invert_Level_To_m":0,"Slop_Percentage":0,"Latitude":17.008238290000001,"Longitude":54.072948760000003,"GlobalID":"{B980CA61-D588-46C1-95E7-20E7133CD69C}","NEAR_FID":10955,"NEAR_DIST":1.4485469033349552}},{"type":"Feature","id":119,"geometry":{"type":"LineString","coordinates":[[188338.16559999995,1882797.6937000006],[188345.93800000008,1882802.1295999996]]},"properties":{"OBJECTID":119,"Shape_Length":8.9491569749962938,"Asset_ID":"DP119","Name":null,"District_ID":"Salalah al Gharbiyya","Wlyt_ID":"Salalah","Gov_ID":"Dhofar Governorate","Road_ID":"104567","Pipe_Diameter":200,"Pipe_Material":"HDPE","Invert_Level_From_m":0,"Invert_Level_To_m":0,"Slop_Percentage":0,"Latitude":17.008269940000002,"Longitude":54.073008180000002,"GlobalID":"{35B948E7-03B1-4BE5-A496-A8271D5661BB}","NEAR_FID":8047,"NEAR_DIST":0.8011339825900845}},{"type":"Feature","id":120,"geometry":{"type":"LineString","coordinates":[[188393.12590000033,1882813.8682000004],[188345.93800000008,1882802.1295999996]]},"properties":{"OBJECTID":120,"Shape_Length":48.626048949211558,"Asset_ID":"DP120","Name":null,"District_ID":"Salalah al Gharbiyya","Wlyt_ID":"Salalah","Gov_ID":"Dhofar Governorate","Road_ID":"104567","Pipe_Diameter":1000,"Pipe_Material":"HDPE","Invert_Level_From_m":5.6500000000000004,"Invert_Level_To_m":5.5999999999999996,"Slop_Percentage":0.10000000000000001,"Latitude":17.008346660000001,"Longitude":54.073264889999997,"GlobalID":"{8DEFEBE7-C281-4929-80A3-CF96389D1509}","NEAR_FID":5355,"NEAR_DIST":0}},{"type":"Feature","id":121,"geometry":{"type":"LineString","coordinates":[[188345.93800000008,1882802.1295999996],[188296.4168999996,1882798.2065999992]]},"properties":{"OBJECTID":121,"Shape_Length":49.676244566801223,"Asset_ID":"DP121","Name":null,"District_ID":"Salalah al Gharbiyya","Wlyt_ID":"Salalah","Gov_ID":"Dhofar Governorate","Road_ID":"104567","Pipe_Diameter":1000,"Pipe_Material":"HDPE","Invert_Level_From_m":5.5999999999999996,"Invert_Level_To_m":5.5499999999999998,"Slop_Percentage":0.10000000000000001,"Latitude":17.008269439999999,"Longitude":54.072812290000002,"GlobalID":"{0D2A36EE-CE06-4F15-A10D-78116E2CB170}","NEAR_FID":8047,"NEAR_DIST":0.8011339825900845}},{"type":"Feature","id":122,"geometry":{"type":"LineString","coordinates":[[188296.4168999996,1882798.2065999992],[188246.65369999968,1882791.1435000002]]},"properties":{"OBJECTID":122,"Shape_Length":50.261948388701406,"Asset_ID":"DP122","Name":null,"District_ID":"Salalah al Gharbiyya","Wlyt_ID":"Salalah","Gov_ID":"Dhofar Governorate","Road_ID":"103824","Pipe_Diameter":1000,"Pipe_Material":"HDPE","Invert_Level_From_m":5.5499999999999998,"Invert_Level_To_m":5.5,"Slop_Percentage":0.10000000000000001,"Latitude":17.008213139999999,"Longitude":54.072347280000002,"GlobalID":"{81AE4781-11A1-4860-AC88-CD9DB9808FD1}","NEAR_FID":13127,"NEAR_DIST":6.5332184516684917}},{"type":"Feature","id":123,"geometry":{"type":"LineString","coordinates":[[188246.65369999968,1882791.1435000002],[188197.74039999954,1882781.9036999997]]},"properties":{"OBJECTID":123,"Shape_Length":49.778356953130107,"Asset_ID":"DP123","Name":null,"District_ID":"Salalah al Gharbiyya","Wlyt_ID":"Salalah","Gov_ID":"Dhofar Governorate","Road_ID":"103824","Pipe_Diameter":1000,"Pipe_Material":"HDPE","Invert_Level_From_m":5.5,"Invert_Level_To_m":5.4500000000000002,"Slop_Percentage":0.10000000000000001,"Latitude":17.008132889999999,"Longitude":54.07188549,"GlobalID":"{5999BD72-F7CB-4D63-979A-6682F82EC535}","NEAR_FID":13127,"NEAR_DIST":7.8490488301744961}},{"type":"Feature","id":124,"geometry":{"type":"LineString","coordinates":[[188197.74039999954,1882781.9036999997],[188148.41770000011,1882772.5090999994]]},"properties":{"OBJECTID":124,"Shape_Length":50.209433818743705,"Asset_ID":"DP124","Name":null,"District_ID":"Salalah al Gharbiyya","Wlyt_ID":"Salalah","Gov_ID":"Dhofar Governorate","Road_ID":"103824","Pipe_Diameter":1000,"Pipe_Material":"HDPE","Invert_Level_From_m":5.4500000000000002,"Invert_Level_To_m":5.4000000000000004,"Slop_Percentage":0.10000000000000001,"Latitude":17.008050430000001,"Longitude":54.071426629999998,"GlobalID":"{43C3024D-A5AA-4569-B133-DE6DE909DEB5}","NEAR_FID":13127,"NEAR_DIST":7.6586509434375589}},{"type":"Feature","id":125,"geometry":{"type":"LineString","coordinates":[[188148.41770000011,1882772.5090999994],[188101.22900000028,1882755.9606999997]]},"properties":{"OBJECTID":125,"Shape_Length":50.006229114228617,"Asset_ID":"DP125","Name":null,"District_ID":"Salalah al Gharbiyya","Wlyt_ID":"Salalah","Gov_ID":"Dhofar Governorate","Road_ID":"103824","Pipe_Diameter":1000,"Pipe_Material":"HDPE","Invert_Level_From_m":5.4000000000000004,"Invert_Level_To_m":5.3499999999999996,"Slop_Percentage":0.10000000000000001,"Latitude":17.00794393,"Longitude":54.070974319999998,"GlobalID":"{125DFFD8-D9C2-46EE-BE0C-80D623B80A56}","NEAR_FID":13127,"NEAR_DIST":1.0847440655932425}},{"type":"Feature","id":126,"geometry":{"type":"LineString","coordinates":[[186869.99060000014,1882425.4780000001],[186907.99399999995,1882434.4495999999]]},"properties":{"OBJECTID":126,"Shape_Length":39.048021948623749,"Asset_ID":"DP126","Name":null,"District_ID":"al Wadi","Wlyt_ID":"Salalah","Gov_ID":"Dhofar Governorate","Road_ID":"103812","Pipe_Diameter":200,"Pipe_Material":"HDPE","Invert_Level_From_m":0,"Invert_Level_To_m":0,"Slop_Percentage":0,"Latitude":17.004771479999999,"Longitude":54.059422220000002,"GlobalID":"{C18E0047-5193-4C40-8799-00C34BA61629}","NEAR_FID":9713,"NEAR_DIST":0}},{"type":"Feature","id":127,"geometry":{"type":"LineString","coordinates":[[186913.6026999997,1882417.0526000001],[186950.54119999986,1882429.4146999996]]},"properties":{"OBJECTID":127,"Shape_Length":38.952205311809642,"Asset_ID":"DP127","Name":null,"District_ID":"al Wadi","Wlyt_ID":"Salalah","Gov_ID":"Dhofar Governorate","Road_ID":"105375","Pipe_Diameter":600,"Pipe_Material":"HDPE","Invert_Level_From_m":0,"Invert_Level_To_m":0,"Slop_Percentage":0,"Latitude":17.004714920000001,"Longitude":54.0598283,"GlobalID":"{0C37F66F-DA1A-42E3-8F78-A6EAFF7C8D6A}","NEAR_FID":8200,"NEAR_DIST":0}},{"type":"Feature","id":128,"geometry":{"type":"LineString","coordinates":[[186945.62629999965,1882446.0327000003],[186950.54119999986,1882429.4146999996]]},"properties":{"OBJECTID":128,"Shape_Length":17.329574895061523,"Asset_ID":"DP128","Name":null,"District_ID":"al Wadi","Wlyt_ID":"Salalah","Gov_ID":"Dhofar Governorate","Road_ID":"103812","Pipe_Diameter":200,"Pipe_Material":"HDPE","Invert_Level_From_m":0,"Invert_Level_To_m":0,"Slop_Percentage":0,"Latitude":17.004847980000001,"Longitude":54.05997662,"GlobalID":"{EEEE423C-54D9-4C48-8403-FC3DEDB3E65D}","NEAR_FID":9371,"NEAR_DIST":0}},{"type":"Feature","id":129,"geometry":{"type":"LineString","coordinates":[[186950.54119999986,1882429.4146999996],[186998.65539999958,1882443.6232999992]]},"properties":{"OBJECTID":129,"Shape_Length":50.168322231864302,"Asset_ID":"DP129","Name":null,"District_ID":"al Wadi","Wlyt_ID":"Salalah","Gov_ID":"Dhofar Governorate","Road_ID":"103812","Pipe_Diameter":600,"Pipe_Material":"HDPE","Invert_Level_From_m":0,"Invert_Level_To_m":0,"Slop_Percentage":0,"Latitude":17.004840560000002,"Longitude":54.060225760000002,"GlobalID":"{099128AA-A432-42A2-AF27-4F5D3A0A88F4}","NEAR_FID":8062,"NEAR_DIST":0}},{"type":"Feature","id":130,"geometry":{"type":"LineString","coordinates":[[186993.67009999976,1882460.1743999999],[186998.65539999958,1882443.6232999992]]},"properties":{"OBJECTID":130,"Shape_Length":17.285604627059406,"Asset_ID":"DP130","Name":null,"District_ID":"al Wadi","Wlyt_ID":"Salalah","Gov_ID":"Dhofar Governorate","Road_ID":"103812","Pipe_Diameter":200,"Pipe_Material":"HDPE","Invert_Level_From_m":0,"Invert_Level_To_m":0,"Slop_Percentage":0,"Latitude":17.004982460000001,"Longitude":54.06042601,"GlobalID":"{E6BA81B5-45CE-40E5-8D65-B291EDFFA98C}","NEAR_FID":9135,"NEAR_DIST":0}},{"type":"Feature","id":131,"geometry":{"type":"LineString","coordinates":[[186998.65539999958,1882443.6232999992],[187046.68939999957,1882457.8364000004]]},"properties":{"OBJECTID":131,"Shape_Length":50.092687766211277,"Asset_ID":"DP131","Name":null,"District_ID":"al Wadi","Wlyt_ID":"Salalah","Gov_ID":"Dhofar Governorate","Road_ID":"105377","Pipe_Diameter":600,"Pipe_Material":"HDPE","Invert_Level_From_m":0,"Invert_Level_To_m":0,"Slop_Percentage":0,"Latitude":17.004975200000001,"Longitude":54.060674730000002,"GlobalID":"{66A11557-F0D0-4680-8CC0-F0039434AD81}","NEAR_FID":7601,"NEAR_DIST":0}},{"type":"Feature","id":132,"geometry":{"type":"LineString","coordinates":[[187041.80559999961,1882474.4787000008],[187046.68939999957,1882457.8364000004]]},"properties":{"OBJECTID":132,"Shape_Length":17.344095587578853,"Asset_ID":"DP132","Name":null,"District_ID":"al Wadi","Wlyt_ID":"Salalah","Gov_ID":"Dhofar Governorate","Road_ID":"103812","Pipe_Diameter":200,"Pipe_Material":"HDPE","Invert_Level_From_m":0,"Invert_Level_To_m":0,"Slop_Percentage":0,"Latitude":17.005117460000001,"Longitude":54.060874750000004,"GlobalID":"{99094CBE-7008-45B2-814A-2271B9E24519}","NEAR_FID":5906,"NEAR_DIST":0}},{"type":"Feature","id":133,"geometry":{"type":"LineString","coordinates":[[187046.68939999957,1882457.8364000004],[187089.63379999995,1882488.7126000002]]},"properties":{"OBJECTID":133,"Shape_Length":52.891976875997415,"Asset_ID":"DP133","Name":null,"District_ID":"al Wadi","Wlyt_ID":"Salalah","Gov_ID":"Dhofar Governorate","Road_ID":"103812","Pipe_Diameter":600,"Pipe_Material":"HDPE","Invert_Level_From_m":0,"Invert_Level_To_m":0,"Slop_Percentage":0,"Latitude":17.00518473,"Longitude":54.061098180000002,"GlobalID":"{DE023F1A-3357-440F-952D-BD1424F651BC}","NEAR_FID":7301,"NEAR_DIST":0}},{"type":"Feature","id":134,"geometry":{"type":"LineString","coordinates":[[187094.4879999999,1882472.0913999993],[187089.63379999995,1882488.7126000002]]},"properties":{"OBJECTID":134,"Shape_Length":17.315529074323987,"Asset_ID":"DP134","Name":null,"District_ID":"al Wadi","Wlyt_ID":"Salalah","Gov_ID":"Dhofar Governorate","Road_ID":"103812","Pipe_Diameter":200,"Pipe_Material":"HDPE","Invert_Level_From_m":0,"Invert_Level_To_m":0,"Slop_Percentage":0,"Latitude":17.005252469999999,"Longitude":54.061321280000001,"GlobalID":"{6D2BF877-FC1E-4533-9B29-220F04A81E89}","NEAR_FID":7301,"NEAR_DIST":0}},{"type":"Feature","id":135,"geometry":{"type":"LineString","coordinates":[[187136.09030000027,1882509.0780999996],[187137.63650000002,1882502.8392999992]]},"properties":{"OBJECTID":135,"Shape_Length":6.4275469567560242,"Asset_ID":"DP135","Name":null,"District_ID":"al Wadi","Wlyt_ID":"Salalah","Gov_ID":"Dhofar Governorate","Road_ID":"105463","Pipe_Diameter":200,"Pipe_Material":"HDPE","Invert_Level_From_m":0,"Invert_Level_To_m":0,"Slop_Percentage":0,"Latitude":17.005490040000002,"Longitude":54.061738689999999,"GlobalID":"{45CE6F27-BCAC-43BA-8EC7-5FA8F779DDED}","NEAR_FID":15077,"NEAR_DIST":0.43330389685112813}},{"type":"Feature","id":136,"geometry":{"type":"LineString","coordinates":[[187142.51140000019,1882486.2938999999],[187137.63650000002,1882502.8392999992]]},"properties":{"OBJECTID":136,"Shape_Length":17.248620558239285,"Asset_ID":"DP136","Name":null,"District_ID":"al Wadi","Wlyt_ID":"Salalah","Gov_ID":"Dhofar Governorate","Road_ID":"103812","Pipe_Diameter":200,"Pipe_Material":"HDPE","Invert_Level_From_m":0,"Invert_Level_To_m":0,"Slop_Percentage":0,"Latitude":17.005387339999999,"Longitude":54.061770520000003,"GlobalID":"{679706DD-0809-4EF3-B619-5FB66790A842}","NEAR_FID":5520,"NEAR_DIST":0}},{"type":"Feature","id":137,"geometry":{"type":"LineString","coordinates":[[187183.71320000011,1882523.2498000003],[187185.58339999989,1882517.0524000004]]},"properties":{"OBJECTID":137,"Shape_Length":6.4734391787719261,"Asset_ID":"DP137","Name":null,"District_ID":"al Wadi","Wlyt_ID":"Salalah","Gov_ID":"Dhofar Governorate","Road_ID":"103812","Pipe_Diameter":200,"Pipe_Material":"HDPE","Invert_Level_From_m":0,"Invert_Level_To_m":0,"Slop_Percentage":0,"Latitude":17.0056242,"Longitude":54.06218561,"GlobalID":"{8B62AC36-1A40-4E1E-A16C-013B8B1340EA}","NEAR_FID":8992,"NEAR_DIST":0.85024961267888211}},{"type":"Feature","id":138,"geometry":{"type":"LineString","coordinates":[[187191.07689999975,1882498.7711999994],[187185.58339999989,1882517.0524000004]]},"properties":{"OBJECTID":138,"Shape_Length":19.088761503404996,"Asset_ID":"DP138","Name":null,"District_ID":"al Wadi","Wlyt_ID":"Salalah","Gov_ID":"Dhofar Governorate","Road_ID":"103812","Pipe_Diameter":200,"Pipe_Material":"HDPE","Invert_Level_From_m":0,"Invert_Level_To_m":0,"Slop_Percentage":0,"Latitude":17.005514359999999,"Longitude":54.062221739999998,"GlobalID":"{8A6AB823-818D-4F25-80A8-D1E047B0556F}","NEAR_FID":5520,"NEAR_DIST":0}},{"type":"Feature","id":139,"geometry":{"type":"LineString","coordinates":[[187089.63379999995,1882488.7126000002],[187137.63650000002,1882502.8392999992]]},"properties":{"OBJECTID":139,"Shape_Length":50.038213998546517,"Asset_ID":"DP139","Name":null,"District_ID":"al Wadi","Wlyt_ID":"Salalah","Gov_ID":"Dhofar Governorate","Road_ID":"105463","Pipe_Diameter":600,"Pipe_Material":"HDPE","Invert_Level_From_m":0,"Invert_Level_To_m":0,"Slop_Percentage":0,"Latitude":17.005394670000001,"Longitude":54.061521740000003,"GlobalID":"{78E62200-E326-4F47-8A02-428994BA141F}","NEAR_FID":15077,"NEAR_DIST":0}},{"type":"Feature","id":140,"geometry":{"type":"LineString","coordinates":[[187137.63650000002,1882502.8392999992],[187185.58339999989,1882517.0524000004]]},"properties":{"OBJECTID":140,"Shape_Length":50.009173470889927,"Asset_ID":"DP140","Name":null,"District_ID":"al Wadi","Wlyt_ID":"Salalah","Gov_ID":"Dhofar Governorate","Road_ID":"105463","Pipe_Diameter":600,"Pipe_Material":"HDPE","Invert_Level_From_m":0,"Invert_Level_To_m":0,"Slop_Percentage":0,"Latitude":17.00552939,"Longitude":54.06197031,"GlobalID":"{F8B17C29-AD49-4811-B8FF-3FB7C072D8AD}","NEAR_FID":15077,"NEAR_DIST":0.43330389685112813}},{"type":"Feature","id":141,"geometry":{"type":"LineString","coordinates":[[187185.58339999989,1882517.0524000004],[187233.47169999965,1882531.2612999994]]},"properties":{"OBJECTID":141,"Shape_Length":49.951797926123852,"Asset_ID":"DP141","Name":null,"District_ID":"al Wadi","Wlyt_ID":"Salalah","Gov_ID":"Dhofar Governorate","Road_ID":"105390","Pipe_Diameter":600,"Pipe_Material":"HDPE","Invert_Level_From_m":0,"Invert_Level_To_m":0,"Slop_Percentage":0,"Latitude":17.00566388,"Longitude":54.062418340000001,"GlobalID":"{E04B9BC1-9189-4845-B0EB-27A76FE25A36}","NEAR_FID":18247,"NEAR_DIST":0}},{"type":"Feature","id":142,"geometry":{"type":"LineString","coordinates":[[187233.47169999965,1882531.2612999994],[187281.40629999992,1882545.1978999991]]},"properties":{"OBJECTID":142,"Shape_Length":49.919482135971464,"Asset_ID":"DP142","Name":null,"District_ID":"al Wadi","Wlyt_ID":"Salalah","Gov_ID":"Dhofar Governorate","Road_ID":"105461","Pipe_Diameter":600,"Pipe_Material":"HDPE","Invert_Level_From_m":0,"Invert_Level_To_m":0,"Slop_Percentage":0,"Latitude":17.005797739999998,"Longitude":54.06286558,"GlobalID":"{43C17E60-65E9-42AE-9AAA-51702E70DC55}","NEAR_FID":10870,"NEAR_DIST":0}},{"type":"Feature","id":143,"geometry":{"type":"LineString","coordinates":[[187281.40629999992,1882545.1978999991],[187329.21779999975,1882559.4801000003]]},"properties":{"OBJECTID":143,"Shape_Length":49.899105894875881,"Asset_ID":"DP143","Name":null,"District_ID":"al Wadi","Wlyt_ID":"Salalah","Gov_ID":"Dhofar Governorate","Road_ID":"105460","Pipe_Diameter":600,"Pipe_Material":"HDPE","Invert_Level_From_m":0,"Invert_Level_To_m":0,"Slop_Percentage":0,"Latitude":17.0059316,"Longitude":54.063312770000003,"GlobalID":"{D1CFF266-BAC3-432B-AAA4-D1813042B7AA}","NEAR_FID":13058,"NEAR_DIST":0}},{"type":"Feature","id":144,"geometry":{"type":"LineString","coordinates":[[187329.21779999975,1882559.4801000003],[187377.31199999992,1882573.6704999991]]},"properties":{"OBJECTID":144,"Shape_Length":50.143987932440623,"Asset_ID":"DP144","Name":null,"District_ID":"al Wadi","Wlyt_ID":"Salalah","Gov_ID":"Dhofar Governorate","Road_ID":"105459","Pipe_Diameter":600,"Pipe_Material":"HDPE","Invert_Level_From_m":0,"Invert_Level_To_m":0,"Slop_Percentage":0,"Latitude":17.00606629,"Longitude":54.063760989999999,"GlobalID":"{16BB8CDB-E3C1-4369-8EAE-058318270D42}","NEAR_FID":13840,"NEAR_DIST":0}},{"type":"Feature","id":145,"geometry":{"type":"LineString","coordinates":[[187377.31199999992,1882573.6704999991],[187425.21520000044,1882587.7907999996]]},"properties":{"OBJECTID":145,"Shape_Length":49.940959566290807,"Asset_ID":"DP145","Name":null,"District_ID":"al Wadi","Wlyt_ID":"Salalah","Gov_ID":"Dhofar Governorate","Road_ID":"105458","Pipe_Diameter":600,"Pipe_Material":"HDPE","Invert_Level_From_m":0,"Invert_Level_To_m":0,"Slop_Percentage":0,"Latitude":17.006200759999999,"Longitude":54.064209259999998,"GlobalID":"{DEB83370-79A8-4DAF-9B54-106D78298D7D}","NEAR_FID":15072,"NEAR_DIST":0}},{"type":"Feature","id":146,"geometry":{"type":"LineString","coordinates":[[187334.24370000046,1882542.7687999997],[187329.21779999975,1882559.4801000003]]},"properties":{"OBJECTID":146,"Shape_Length":17.450708253054064,"Asset_ID":"DP146","Name":null,"District_ID":"al Wadi","Wlyt_ID":"Salalah","Gov_ID":"Dhofar Governorate","Road_ID":"103812","Pipe_Diameter":200,"Pipe_Material":"HDPE","Invert_Level_From_m":0,"Invert_Level_To_m":0,"Slop_Percentage":0,"Latitude":17.005923889999998,"Longitude":54.063561120000003,"GlobalID":"{27B99B97-1442-40D3-AB64-FECF314CA991}","NEAR_FID":5612,"NEAR_DIST":0}},{"type":"Feature","id":147,"geometry":{"type":"LineString","coordinates":[[187382.27070000023,1882556.9762999993],[187377.31199999992,1882573.6704999991]]},"properties":{"OBJECTID":147,"Shape_Length":17.415080226928524,"Asset_ID":"DP147","Name":null,"District_ID":"al Wadi","Wlyt_ID":"Salalah","Gov_ID":"Dhofar Governorate","Road_ID":"103812","Pipe_Diameter":200,"Pipe_Material":"HDPE","Invert_Level_From_m":0,"Invert_Level_To_m":0,"Slop_Percentage":0,"Latitude":17.006058580000001,"Longitude":54.064010060000001,"GlobalID":"{4C8273AD-62E6-4224-9F24-3207328BDB28}","NEAR_FID":16479,"NEAR_DIST":0}},{"type":"Feature","id":148,"geometry":{"type":"LineString","coordinates":[[187430.05379999988,1882571.1817000005],[187425.21520000044,1882587.7907999996]]},"properties":{"OBJECTID":148,"Shape_Length":17.299544871147166,"Asset_ID":"DP148","Name":null,"District_ID":"al Wadi","Wlyt_ID":"Salalah","Gov_ID":"Dhofar Governorate","Road_ID":"103812","Pipe_Diameter":200,"Pipe_Material":"HDPE","Invert_Level_From_m":0,"Invert_Level_To_m":0,"Slop_Percentage":0,"Latitude":17.00619309,"Longitude":54.06445686,"GlobalID":"{972F5773-A6FC-4ECC-841F-884B869ABDCF}","NEAR_FID":13749,"NEAR_DIST":0}},{"type":"Feature","id":149,"geometry":{"type":"LineString","coordinates":[[187425.21520000044,1882587.7907999996],[187473.02199999988,1882601.8464000002]]},"properties":{"OBJECTID":149,"Shape_Length":49.830211895612265,"Asset_ID":"DP149","Name":null,"District_ID":"al Wadi","Wlyt_ID":"Salalah","Gov_ID":"Dhofar Governorate","Road_ID":"105455","Pipe_Diameter":600,"Pipe_Material":"HDPE","Invert_Level_From_m":0,"Invert_Level_To_m":0,"Slop_Percentage":0,"Latitude":17.006334710000001,"Longitude":54.064656100000001,"GlobalID":"{3D8B8E4D-4605-4516-9D33-2D44970682A0}","NEAR_FID":13084,"NEAR_DIST":0}},{"type":"Feature","id":150,"geometry":{"type":"LineString","coordinates":[[187477.93829999957,1882585.1149000004],[187473.02199999988,1882601.8464000002]]},"properties":{"OBJECTID":150,"Shape_Length":17.438838778335562,"Asset_ID":"DP150","Name":null,"District_ID":"al Wadi","Wlyt_ID":"Salalah","Gov_ID":"Dhofar Governorate","Road_ID":"103812","Pipe_Diameter":200,"Pipe_Material":"HDPE","Invert_Level_From_m":0,"Invert_Level_To_m":0,"Slop_Percentage":0,"Latitude":17.00632624,"Longitude":54.06490359,"GlobalID":"{86FF1ABE-7624-4876-9CE9-001775C3FD92}","NEAR_FID":13902,"NEAR_DIST":0}},{"type":"Feature","id":151,"geometry":{"type":"LineString","coordinates":[[187530.48429999966,1882597.4415000007],[187524.68400000036,1882617.2659000009]]},"properties":{"OBJECTID":151,"Shape_Length":20.65551537633544,"Asset_ID":"DP151","Name":null,"District_ID":"al Wadi","Wlyt_ID":"Salalah","Gov_ID":"Dhofar Governorate","Road_ID":"105349","Pipe_Diameter":200,"Pipe_Material":"HDPE","Invert_Level_From_m":0,"Invert_Level_To_m":0,"Slop_Percentage":0,"Latitude":17.006458210000002,"Longitude":54.065390649999998,"GlobalID":"{3DF713FE-FB75-424E-8981-BB3D10F175BA}","NEAR_FID":11366,"NEAR_DIST":0}},{"type":"Feature","id":152,"geometry":{"type":"LineString","coordinates":[[187473.02199999988,1882601.8464000002],[187524.68400000036,1882617.2659000009]]},"properties":{"OBJECTID":152,"Shape_Length":53.914035503996281,"Asset_ID":"DP152","Name":null,"District_ID":"al Wadi","Wlyt_ID":"Salalah","Gov_ID":"Dhofar Governorate","Road_ID":"105354","Pipe_Diameter":600,"Pipe_Material":"HDPE","Invert_Level_From_m":0,"Invert_Level_To_m":0,"Slop_Percentage":0,"Latitude":17.006474499999999,"Longitude":54.065120589999999,"GlobalID":"{EEFADCFC-3FF2-4823-8412-0C1378132361}","NEAR_FID":7553,"NEAR_DIST":0}},{"type":"Feature","id":153,"geometry":{"type":"LineString","coordinates":[[187524.68400000036,1882617.2659000009],[187574.18659999967,1882616.8272999991]]},"properties":{"OBJECTID":153,"Shape_Length":49.504542990017569,"Asset_ID":"DP153","Name":null,"District_ID":"al Wadi","Wlyt_ID":"Salalah","Gov_ID":"Dhofar Governorate","Road_ID":"103812","Pipe_Diameter":600,"Pipe_Material":"HDPE","Invert_Level_From_m":0,"Invert_Level_To_m":0,"Slop_Percentage":0,"Latitude":17.00654346,"Longitude":54.065596470000003,"GlobalID":"{8EED0649-C045-405B-AD27-5343E289EE92}","NEAR_FID":17312,"NEAR_DIST":0}},{"type":"Feature","id":154,"geometry":{"type":"LineString","coordinates":[[187565.97080000024,1882636.4744000006],[187574.18659999967,1882616.8272999991]]},"properties":{"OBJECTID":154,"Shape_Length":21.295725113529873,"Asset_ID":"DP154","Name":null,"District_ID":"al Wadi","Wlyt_ID":"Salalah","Gov_ID":"Dhofar Governorate","Road_ID":"103812","Pipe_Diameter":200,"Pipe_Material":"HDPE","Invert_Level_From_m":0,"Invert_Level_To_m":0,"Slop_Percentage":0,"Latitude":17.006637980000001,"Longitude":54.06578682,"GlobalID":"{430D3849-19F8-4834-9FAB-4A438244DADA}","NEAR_FID":8562,"NEAR_DIST":0}},{"type":"Feature","id":155,"geometry":{"type":"LineString","coordinates":[[187574.18659999967,1882616.8272999991],[187619.70380000025,1882636.8847000003]]},"properties":{"OBJECTID":155,"Shape_Length":49.740474371499843,"Asset_ID":"DP155","Name":null,"District_ID":"al Wadi","Wlyt_ID":"Salalah","Gov_ID":"Dhofar Governorate","Road_ID":"103812","Pipe_Diameter":600,"Pipe_Material":"HDPE","Invert_Level_From_m":0,"Invert_Level_To_m":0,"Slop_Percentage":0,"Latitude":17.006632700000001,"Longitude":54.066043450000002,"GlobalID":"{36B24539-CE6A-48B4-A933-256841A9B487}","NEAR_FID":17312,"NEAR_DIST":7.2327147441916981}},{"type":"Feature","id":156,"geometry":{"type":"LineString","coordinates":[[187619.70380000025,1882636.8847000003],[187666.44969999976,1882654.1487000007]]},"properties":{"OBJECTID":156,"Shape_Length":49.831966274438578,"Asset_ID":"DP156","Name":null,"District_ID":"al Wadi","Wlyt_ID":"Salalah","Gov_ID":"Dhofar Governorate","Road_ID":"103812","Pipe_Diameter":600,"Pipe_Material":"HDPE","Invert_Level_From_m":0,"Invert_Level_To_m":0,"Slop_Percentage":0,"Latitude":17.0068068,"Longitude":54.066473209999998,"GlobalID":"{A1D54665-BFC2-43D5-B3E8-9E6EF98418BC}","NEAR_FID":17312,"NEAR_DIST":7.2327147441916981}},{"type":"Feature","id":157,"geometry":{"type":"LineString","coordinates":[[187666.44969999976,1882654.1487000007],[187713.73469999991,1882670.8040999994]]},"properties":{"OBJECTID":157,"Shape_Length":50.132560019835225,"Asset_ID":"DP157","Name":null,"District_ID":"al Wadi","Wlyt_ID":"Salalah","Gov_ID":"Dhofar Governorate","Road_ID":"103812","Pipe_Diameter":600,"Pipe_Material":"HDPE","Invert_Level_From_m":0,"Invert_Level_To_m":0,"Slop_Percentage":0,"Latitude":17.006965610000002,"Longitude":54.066910919999998,"GlobalID":"{F5EC98A5-EBCA-45F1-8C55-42B002345CBD}","NEAR_FID":17312,"NEAR_DIST":7.1759660081595484}},{"type":"Feature","id":158,"geometry":{"type":"LineString","coordinates":[[187713.73469999991,1882670.8040999994],[187760.74120000005,1882680.3342000004]]},"properties":{"OBJECTID":158,"Shape_Length":47.962838201059029,"Asset_ID":"DP158","Name":null,"District_ID":"al Wadi","Wlyt_ID":"Salalah","Gov_ID":"Dhofar Governorate","Road_ID":"103812","Pipe_Diameter":600,"Pipe_Material":"HDPE","Invert_Level_From_m":0,"Invert_Level_To_m":0,"Slop_Percentage":0,"Latitude":17.007095490000001,"Longitude":54.06734951,"GlobalID":"{A94301D9-4BD8-4439-AA67-17C674B9C3AC}","NEAR_FID":17312,"NEAR_DIST":7.1759660081595484}},{"type":"Feature","id":159,"geometry":{"type":"LineString","coordinates":[[187760.74120000005,1882680.3342000004],[187776.44930000044,1882674.8894999996]]},"properties":{"OBJECTID":159,"Shape_Length":16.62495605186125,"Asset_ID":"DP159","Name":null,"District_ID":"al Wadi","Wlyt_ID":"Salalah","Gov_ID":"Dhofar Governorate","Road_ID":"103812","Pipe_Diameter":600,"Pipe_Material":"HDPE","Invert_Level_From_m":0,"Invert_Level_To_m":0,"Slop_Percentage":0,"Latitude":17.00710612,"Longitude":54.067643310000001,"GlobalID":"{3AC4F54E-89A4-486B-9B5E-84C4B09B72F3}","NEAR_FID":17312,"NEAR_DIST":9.5561344069397887}},{"type":"Feature","id":160,"geometry":{"type":"LineString","coordinates":[[189040.39659999963,1883199.2067000009],[189049.88659999985,1883157.9483000003]]},"properties":{"OBJECTID":160,"Shape_Length":42.335749321541215,"Asset_ID":"DP160","Name":null,"District_ID":"Salalah al Jadida","Wlyt_ID":"Salalah","Gov_ID":"Dhofar Governorate","Road_ID":"104240","Pipe_Diameter":200,"Pipe_Material":"HDPE","Invert_Level_From_m":0,"Invert_Level_To_m":0,"Slop_Percentage":0,"Latitude":17.011815980000002,"Longitude":54.079548559999999,"GlobalID":"{C0995210-7392-4142-ADEA-2BA5FFECA652}","NEAR_FID":16853,"NEAR_DIST":0}},{"type":"Feature","id":161,"geometry":{"type":"LineString","coordinates":[[189049.88659999985,1883157.9483000003],[189066.63049999997,1883128.4989]]},"properties":{"OBJECTID":161,"Shape_Length":33.87661948272514,"Asset_ID":"DP161","Name":null,"District_ID":"Salalah al Jadida","Wlyt_ID":"Salalah","Gov_ID":"Dhofar Governorate","Road_ID":"104246","Pipe_Diameter":200,"Pipe_Material":"HDPE","Invert_Level_From_m":0,"Invert_Level_To_m":0,"Slop_Percentage":0,"Latitude":17.01149826,"Longitude":54.079676249999999,"GlobalID":"{02B8AD74-D991-4604-BE05-D4926B48C19A}","NEAR_FID":4985,"NEAR_DIST":0.68635475357802389}},{"type":"Feature","id":162,"geometry":{"type":"LineString","coordinates":[[189066.63049999997,1883128.4989],[189073.2137000002,1883104.8760000002]]},"properties":{"OBJECTID":162,"Shape_Length":24.523048885599842,"Asset_ID":"DP162","Name":null,"District_ID":"Salalah al Gharbiyya","Wlyt_ID":"Salalah","Gov_ID":"Dhofar Governorate","Road_ID":"104246","Pipe_Diameter":200,"Pipe_Material":"HDPE","Invert_Level_From_m":0,"Invert_Level_To_m":0,"Slop_Percentage":0,"Latitude":17.011277840000002,"Longitude":54.079785039999997,"GlobalID":"{E89CDBEA-281D-47EE-B7F6-6EB8A7FCB7C2}","NEAR_FID":4985,"NEAR_DIST":0}},{"type":"Feature","id":163,"geometry":{"type":"LineString","coordinates":[[189028.25810000021,1883118.0431999993],[189034.15390000027,1883097.1338999998]]},"properties":{"OBJECTID":163,"Shape_Length":21.724623911782448,"Asset_ID":"DP163","Name":null,"District_ID":"Salalah al Gharbiyya","Wlyt_ID":"Salalah","Gov_ID":"Dhofar Governorate","Road_ID":"103812","Pipe_Diameter":300,"Pipe_Material":"HDPE","Invert_Level_From_m":0,"Invert_Level_To_m":0,"Slop_Percentage":0,"Latitude":17.01117348,"Longitude":54.079427359999997,"GlobalID":"{AD300AEE-215D-42D8-9A26-E28740B061B7}","NEAR_FID":11069,"NEAR_DIST":0}},{"type":"Feature","id":164,"geometry":{"type":"LineString","coordinates":[[188988.23830000032,1883080.6864999998],[188939.85059999954,1883068.2229999993]]},"properties":{"OBJECTID":164,"Shape_Length":49.967072594145911,"Asset_ID":"DP164","Name":null,"District_ID":"Salalah al Gharbiyya","Wlyt_ID":"Salalah","Gov_ID":"Dhofar Governorate","Road_ID":"103812","Pipe_Diameter":1200,"Pipe_Material":"HDPE","Invert_Level_From_m":6.2199999999999998,"Invert_Level_To_m":6.1799999999999997,"Slop_Percentage":0.080000000000000002,"Latitude":17.01086492,"Longitude":54.078802779999997,"GlobalID":"{8B3F494F-3621-4562-BE14-71E6100A6A9C}","NEAR_FID":17027,"NEAR_DIST":0}},{"type":"Feature","id":165,"geometry":{"type":"LineString","coordinates":[[188939.85059999954,1883068.2229999993],[188896.1986999996,1883055.6458999999]]},"properties":{"OBJECTID":165,"Shape_Length":45.427654771074174,"Asset_ID":"DP165","Name":null,"District_ID":"Salalah al Gharbiyya","Wlyt_ID":"Salalah","Gov_ID":"Dhofar Governorate","Road_ID":"103812","Pipe_Diameter":1200,"Pipe_Material":"HDPE","Invert_Level_From_m":6.1799999999999997,"Invert_Level_To_m":6.1399999999999997,"Slop_Percentage":0.089999999999999997,"Latitude":17.010747219999999,"Longitude":54.078372520000002,"GlobalID":"{BF188E29-4435-40C7-A1C8-E3DD3289050A}","NEAR_FID":7945,"NEAR_DIST":0.72214787843926986}},{"type":"Feature","id":166,"geometry":{"type":"LineString","coordinates":[[188896.1986999996,1883055.6458999999],[188851.62339999992,1883042.1699000001]]},"properties":{"OBJECTID":166,"Shape_Length":46.567799454725687,"Asset_ID":"DP166","Name":null,"District_ID":"Salalah al Gharbiyya","Wlyt_ID":"Salalah","Gov_ID":"Dhofar Governorate","Road_ID":"103812","Pipe_Diameter":1200,"Pipe_Material":"HDPE","Invert_Level_From_m":6.1399999999999997,"Invert_Level_To_m":6.0999999999999996,"Slop_Percentage":0.089999999999999997,"Latitude":17.010623320000001,"Longitude":54.077960490000002,"GlobalID":"{6E697A4F-FBEB-4E10-AE9C-B6D718093E42}","NEAR_FID":7945,"NEAR_DIST":0}},{"type":"Feature","id":167,"geometry":{"type":"LineString","coordinates":[[188851.62339999992,1883042.1699000001],[188803.88709999993,1883029.3618000001]]},"properties":{"OBJECTID":167,"Shape_Length":49.424708024424532,"Asset_ID":"DP167","Name":null,"District_ID":"Salalah al Gharbiyya","Wlyt_ID":"Salalah","Gov_ID":"Dhofar Governorate","Road_ID":"104475","Pipe_Diameter":1200,"Pipe_Material":"HDPE","Invert_Level_From_m":6.0999999999999996,"Invert_Level_To_m":6.0599999999999996,"Slop_Percentage":0.080000000000000002,"Latitude":17.010483270000002,"Longitude":54.077533000000003,"GlobalID":"{3786404A-CE0E-42D0-82AF-1EFD2DDD7AF8}","NEAR_FID":5024,"NEAR_DIST":0}},{"type":"Feature","id":168,"geometry":{"type":"LineString","coordinates":[[188803.88709999993,1883029.3618000001],[188756.73290000018,1883014.8454999998]]},"properties":{"OBJECTID":168,"Shape_Length":49.33803343582273,"Asset_ID":"DP168","Name":null,"District_ID":"Salalah al Gharbiyya","Wlyt_ID":"Salalah","Gov_ID":"Dhofar Governorate","Road_ID":"103812","Pipe_Diameter":1200,"Pipe_Material":"HDPE","Invert_Level_From_m":6.0599999999999996,"Invert_Level_To_m":6.0199999999999996,"Slop_Percentage":0.080000000000000002,"Latitude":17.010343949999999,"Longitude":54.077093339999998,"GlobalID":"{5196212E-5DCB-47C5-8D85-AB6DAF72AE19}","NEAR_FID":18280,"NEAR_DIST":8.4328396742764617}},{"type":"Feature","id":169,"geometry":{"type":"LineString","coordinates":[[188756.73290000018,1883014.8454999998],[188709.29889999982,1883000.3717999998]]},"properties":{"OBJECTID":169,"Shape_Length":49.593067536936559,"Asset_ID":"DP169","Name":null,"District_ID":"Salalah al Gharbiyya","Wlyt_ID":"Salalah","Gov_ID":"Dhofar Governorate","Road_ID":"103812","Pipe_Diameter":1200,"Pipe_Material":"HDPE","Invert_Level_From_m":6.0199999999999996,"Invert_Level_To_m":5.9800000000000004,"Slop_Percentage":0.080000000000000002,"Latitude":17.010204999999999,"Longitude":54.076649420000003,"GlobalID":"{981BF73B-FD64-4485-A41A-9B8BEB63FDAF}","NEAR_FID":18280,"NEAR_DIST":7.4796327993851772}},{"type":"Feature","id":170,"geometry":{"type":"LineString","coordinates":[[188709.29889999982,1883000.3717999998],[188659.5915000001,1882984.0017000008]]},"properties":{"OBJECTID":170,"Shape_Length":52.333600953021104,"Asset_ID":"DP170","Name":null,"District_ID":"Salalah al Gharbiyya","Wlyt_ID":"Salalah","Gov_ID":"Dhofar Governorate","Road_ID":"103812","Pipe_Diameter":1200,"Pipe_Material":"HDPE","Invert_Level_From_m":5.9800000000000004,"Invert_Level_To_m":5.9400000000000004,"Slop_Percentage":0.080000000000000002,"Latitude":17.010052200000001,"Longitude":54.076193349999997,"GlobalID":"{37023F50-482B-4784-8015-192C3C85E371}","NEAR_FID":18280,"NEAR_DIST":7.4796327993851772}},{"type":"Feature","id":171,"geometry":{"type":"LineString","coordinates":[[188608.28139999975,1882968.0877],[188566.25910000037,1882953.1700999998]]},"properties":{"OBJECTID":171,"Shape_Length":44.591574170524858,"Asset_ID":"DP171","Name":null,"District_ID":"Salalah al Gharbiyya","Wlyt_ID":"Salalah","Gov_ID":"Dhofar Governorate","Road_ID":"103812","Pipe_Diameter":1200,"Pipe_Material":"HDPE","Invert_Level_From_m":5.9000000000000004,"Invert_Level_To_m":5.8600000000000003,"Slop_Percentage":0.089999999999999997,"Latitude":17.009769200000001,"Longitude":54.075287770000003,"GlobalID":"{A57ED581-1CB2-4ED9-8FB5-DE290E5AE02F}","NEAR_FID":19058,"NEAR_DIST":6.4863712682453176}},{"type":"Feature","id":172,"geometry":{"type":"LineString","coordinates":[[188566.23570000008,1882953.182],[188513.12270000018,1882928.8063999992]]},"properties":{"OBJECTID":172,"Shape_Length":58.439375804247227,"Asset_ID":"DP172","Name":null,"District_ID":"Salalah al Gharbiyya","Wlyt_ID":"Salalah","Gov_ID":"Dhofar Governorate","Road_ID":"104479","Pipe_Diameter":1200,"Pipe_Material":"HDPE","Invert_Level_From_m":5.8600000000000003,"Invert_Level_To_m":5.8200000000000003,"Slop_Percentage":0.070000000000000007,"Latitude":17.00959529,"Longitude":54.074841450000001,"GlobalID":"{BABEFEF6-D03C-4431-9A7F-FE157E11C234}","NEAR_FID":11927,"NEAR_DIST":0}},{"type":"Feature","id":173,"geometry":{"type":"LineString","coordinates":[[188513.12270000018,1882928.8063999992],[188472.47219999973,1882912.6183000002]]},"properties":{"OBJECTID":173,"Shape_Length":43.755202340739181,"Asset_ID":"DP173","Name":null,"District_ID":"Salalah al Gharbiyya","Wlyt_ID":"Salalah","Gov_ID":"Dhofar Governorate","Road_ID":"104479","Pipe_Diameter":1200,"Pipe_Material":"HDPE","Invert_Level_From_m":5.7800000000000002,"Invert_Level_To_m":5.8200000000000003,"Slop_Percentage":-0.089999999999999997,"Latitude":17.00941461,"Longitude":54.074401960000003,"GlobalID":"{C810A312-3623-45E2-A43B-19F709BDB2FC}","NEAR_FID":16567,"NEAR_DIST":5.2588184181530178}},{"type":"Feature","id":174,"geometry":{"type":"LineString","coordinates":[[188472.43560000043,1882912.6348999999],[188425.75229999982,1882890.3837000001]]},"properties":{"OBJECTID":174,"Shape_Length":51.715050037459278,"Asset_ID":"DP174","Name":null,"District_ID":"Salalah al Gharbiyya","Wlyt_ID":"Salalah","Gov_ID":"Dhofar Governorate","Road_ID":"103812","Pipe_Diameter":1200,"Pipe_Material":"HDPE","Invert_Level_From_m":5.7800000000000002,"Invert_Level_To_m":5.7400000000000002,"Slop_Percentage":0.080000000000000002,"Latitude":17.009235749999998,"Longitude":54.0739947,"GlobalID":"{36184FC1-6298-4652-8BFD-C3090B83461C}","NEAR_FID":12497,"NEAR_DIST":7.4537632921544894}},{"type":"Feature","id":175,"geometry":{"type":"LineString","coordinates":[[188425.75229999982,1882890.3837000001],[188381.80080000032,1882868.9171999991]]},"properties":{"OBJECTID":175,"Shape_Length":48.913648141524028,"Asset_ID":"DP175","Name":null,"District_ID":"Salalah al Gharbiyya","Wlyt_ID":"Salalah","Gov_ID":"Dhofar Governorate","Road_ID":"104567","Pipe_Diameter":1200,"Pipe_Material":"HDPE","Invert_Level_From_m":5.7400000000000002,"Invert_Level_To_m":5.7000000000000002,"Slop_Percentage":0.080000000000000002,"Latitude":17.009032600000001,"Longitude":54.073572339999998,"GlobalID":"{99968FCE-B168-4FDB-AE4E-50CB62862F36}","NEAR_FID":13510,"NEAR_DIST":5.6324825748970717}},{"type":"Feature","id":176,"geometry":{"type":"LineString","coordinates":[[188381.80080000032,1882868.9171999991],[188333.35780000035,1882856.1131999996]]},"properties":{"OBJECTID":176,"Shape_Length":50.10655311421953,"Asset_ID":"DP176","Name":null,"District_ID":"Salalah al Gharbiyya","Wlyt_ID":"Salalah","Gov_ID":"Dhofar Governorate","Road_ID":"104567","Pipe_Diameter":1200,"Pipe_Material":"HDPE","Invert_Level_From_m":5.7000000000000002,"Invert_Level_To_m":5.6600000000000001,"Slop_Percentage":0.080000000000000002,"Latitude":17.008863380000001,"Longitude":54.073143690000002,"GlobalID":"{9A59A0E1-2E22-4A09-9B26-5092336E225B}","NEAR_FID":9415,"NEAR_DIST":0}},{"type":"Feature","id":177,"geometry":{"type":"LineString","coordinates":[[188605.13109999988,1882986.7141999993],[188608.28139999975,1882968.0877]]},"properties":{"OBJECTID":177,"Shape_Length":18.891026767055333,"Asset_ID":"DP177","Name":null,"District_ID":"Salalah al Gharbiyya","Wlyt_ID":"Salalah","Gov_ID":"Dhofar Governorate","Road_ID":"103812","Pipe_Diameter":300,"Pipe_Material":"HDPE","Invert_Level_From_m":0,"Invert_Level_To_m":0,"Slop_Percentage":0,"Latitude":17.00993158,"Longitude":54.075465790000003,"GlobalID":"{A027061A-6186-45E6-BD4A-4C445C07C2B2}","NEAR_FID":15028,"NEAR_DIST":0}},{"type":"Feature","id":178,"geometry":{"type":"LineString","coordinates":[[189545.06780000031,1883291.3608999997],[189547.72609999962,1883280.6486000009]]},"properties":{"OBJECTID":178,"Shape_Length":11.037206628121465,"Asset_ID":"DP178","Name":null,"District_ID":"Salalah al Jadida","Wlyt_ID":"Salalah","Gov_ID":"Dhofar Governorate","Road_ID":"104212","Pipe_Diameter":200,"Pipe_Material":"HDPE","Invert_Level_From_m":0,"Invert_Level_To_m":0,"Slop_Percentage":0,"Latitude":17.01283647,"Longitude":54.084238280000001,"GlobalID":"{61805E70-D6F5-443F-B92A-0F1FF1A79425}","NEAR_FID":13536,"NEAR_DIST":0}},{"type":"Feature","id":179,"geometry":{"type":"LineString","coordinates":[[189587.86620000005,1883290.0309999995],[189606.28839999996,1883296.5015999991]]},"properties":{"OBJECTID":179,"Shape_Length":19.525524760892289,"Asset_ID":"DP179","Name":null,"District_ID":"Salalah al Jadida","Wlyt_ID":"Salalah","Gov_ID":"Dhofar Governorate","Road_ID":"103812","Pipe_Diameter":200,"Pipe_Material":"UPVC","Invert_Level_From_m":0,"Invert_Level_To_m":0,"Slop_Percentage":0,"Latitude":17.012925160000002,"Longitude":54.084710450000003,"GlobalID":"{89B0DFFC-2612-43F5-8A33-761516665DA3}","NEAR_FID":5296,"NEAR_DIST":0.63601105415729597}},{"type":"Feature","id":180,"geometry":{"type":"LineString","coordinates":[[189693.96630000044,1883302.2785],[189667.18640000001,1883293.1875999998]]},"properties":{"OBJECTID":180,"Shape_Length":28.280868212537097,"Asset_ID":"DP180","Name":null,"District_ID":"Salalah al Gharbiyya","Wlyt_ID":"Salalah","Gov_ID":"Dhofar Governorate","Road_ID":"103812","Pipe_Diameter":1000,"Pipe_Material":"HDPE","Invert_Level_From_m":6.8949999999999996,"Invert_Level_To_m":6.8799999999999999,"Slop_Percentage":0.050000000000000003,"Latitude":17.012977360000001,"Longitude":54.085494709999999,"GlobalID":"{2D7C4971-703F-4A53-85C5-88A025D165C0}","NEAR_FID":11214,"NEAR_DIST":10.220079905372772}},{"type":"Feature","id":181,"geometry":{"type":"LineString","coordinates":[[189667.18640000001,1883293.1875999998],[189646.4140999997,1883289.9745000005]]},"properties":{"OBJECTID":181,"Shape_Length":21.019335358353146,"Asset_ID":"DP181","Name":null,"District_ID":"Salalah al Gharbiyya","Wlyt_ID":"Salalah","Gov_ID":"Dhofar Governorate","Road_ID":"103812","Pipe_Diameter":1000,"Pipe_Material":"HDPE","Invert_Level_From_m":6.8799999999999999,"Invert_Level_To_m":6.8399999999999999,"Slop_Percentage":0.19,"Latitude":17.012909059999998,"Longitude":54.085275009999997,"GlobalID":"{965AF1C1-56A1-4DFC-98F6-A72B3150AF61}","NEAR_FID":11214,"NEAR_DIST":8.0946715547158323}},{"type":"Feature","id":182,"geometry":{"type":"LineString","coordinates":[[189667.18640000001,1883293.1875999998],[189646.99380000029,1883288.1808000002]]},"properties":{"OBJECTID":182,"Shape_Length":20.804065491830507,"Asset_ID":"DP182","Name":null,"District_ID":"Salalah al Gharbiyya","Wlyt_ID":"Salalah","Gov_ID":"Dhofar Governorate","Road_ID":"103812","Pipe_Diameter":1000,"Pipe_Material":"HDPE","Invert_Level_From_m":6.8399999999999999,"Invert_Level_To_m":6.7999999999999998,"Slop_Percentage":0.13,"Latitude":17.012829790000001,"Longitude":54.085043220000003,"GlobalID":"{6EDEF5DC-2B66-420C-98BB-61D3A9D62D95}","NEAR_FID":11214,"NEAR_DIST":9.9796502538146417}},{"type":"Feature","id":183,"geometry":{"type":"LineString","coordinates":[[189613.17650000006,1883278.3901000004],[189554.6540000001,1883257.9154000003]]},"properties":{"OBJECTID":183,"Shape_Length":62.000776981754456,"Asset_ID":"DP183","Name":null,"District_ID":"Salalah al Gharbiyya","Wlyt_ID":"Salalah","Gov_ID":"Dhofar Governorate","Road_ID":"103812","Pipe_Diameter":1000,"Pipe_Material":"HDPE","Invert_Level_From_m":6.7999999999999998,"Invert_Level_To_m":6.7000000000000002,"Slop_Percentage":0.14999999999999999,"Latitude":17.012687740000001,"Longitude":54.084611340000002,"GlobalID":"{6BBD3DE5-D500-451F-B775-031A7477E0DD}","NEAR_FID":11214,"NEAR_DIST":8.6680029806026706}},{"type":"Feature","id":184,"geometry":{"type":"LineString","coordinates":[[189554.6540000001,1883257.9154000003],[189507.0745000001,1883243.6020999998]]},"properties":{"OBJECTID":184,"Shape_Length":49.685806596494679,"Asset_ID":"DP184","Name":null,"District_ID":"Salalah al Gharbiyya","Wlyt_ID":"Salalah","Gov_ID":"Dhofar Governorate","Road_ID":"103812","Pipe_Diameter":1000,"Pipe_Material":"HDPE","Invert_Level_From_m":6.7599999999999998,"Invert_Level_To_m":6.7199999999999998,"Slop_Percentage":0.080000000000000002,"Latitude":17.012532579999998,"Longitude":54.084095849999997,"GlobalID":"{E16B7151-D272-4415-A6F6-9121488980EA}","NEAR_FID":11214,"NEAR_DIST":9.7540772789687793}},{"type":"Feature","id":185,"geometry":{"type":"LineString","coordinates":[[189478.24010000005,1883221.2701999992],[189459.15469999984,1883226.7313000001]]},"properties":{"OBJECTID":185,"Shape_Length":19.851350240925445,"Asset_ID":"DP185","Name":null,"District_ID":"Salalah al Gharbiyya","Wlyt_ID":"Salalah","Gov_ID":"Dhofar Governorate","Road_ID":"104466","Pipe_Diameter":0,"Pipe_Material":" ","Invert_Level_From_m":0,"Invert_Level_To_m":0,"Slop_Percentage":0,"Latitude":17.01229468,"Longitude":54.083510390000001,"GlobalID":"{815F5D97-DE1F-4355-BAF9-6A0CFD768BEE}","NEAR_FID":7195,"NEAR_DIST":3.2183148814602429}},{"type":"Feature","id":186,"geometry":{"type":"LineString","coordinates":[[189507.0745000001,1883243.6020999998],[189459.15469999984,1883226.7313000001]]},"properties":{"OBJECTID":186,"Shape_Length":50.802865319626569,"Asset_ID":"DP186","Name":null,"District_ID":"Salalah al Gharbiyya","Wlyt_ID":"Salalah","Gov_ID":"Dhofar Governorate","Road_ID":"104466","Pipe_Diameter":1000,"Pipe_Material":"HDPE","Invert_Level_From_m":6.7199999999999998,"Invert_Level_To_m":6.6799999999999997,"Slop_Percentage":0.080000000000000002,"Latitude":17.012397660000001,"Longitude":54.083644900000003,"GlobalID":"{B7C4932A-FACB-430B-BF72-2604662DCBE5}","NEAR_FID":7195,"NEAR_DIST":0}},{"type":"Feature","id":187,"geometry":{"type":"LineString","coordinates":[[189459.15469999984,1883226.7313000001],[189410.72750000004,1883214.6166999992]]},"properties":{"OBJECTID":187,"Shape_Length":49.919507539721636,"Asset_ID":"DP187","Name":null,"District_ID":"Salalah al Gharbiyya","Wlyt_ID":"Salalah","Gov_ID":"Dhofar Governorate","Road_ID":"104466","Pipe_Diameter":1000,"Pipe_Material":"HDPE","Invert_Level_From_m":6.6799999999999997,"Invert_Level_To_m":6.6399999999999997,"Slop_Percentage":0.080000000000000002,"Latitude":17.01226046,"Longitude":54.08319461,"GlobalID":"{047678D9-6D39-49C7-8FEB-C4016A31CCC3}","NEAR_FID":7195,"NEAR_DIST":7.9531503776793953}},{"type":"Feature","id":188,"geometry":{"type":"LineString","coordinates":[[189410.72750000004,1883214.6166999992],[189363.45150000043,1883196.4482000005]]},"properties":{"OBJECTID":188,"Shape_Length":50.64696010797087,"Asset_ID":"DP188","Name":null,"District_ID":"Salalah al Gharbiyya","Wlyt_ID":"Salalah","Gov_ID":"Dhofar Governorate","Road_ID":"103812","Pipe_Diameter":1000,"Pipe_Material":"HDPE","Invert_Level_From_m":6.6399999999999997,"Invert_Level_To_m":6.5999999999999996,"Slop_Percentage":0.080000000000000002,"Latitude":17.01209544,"Longitude":54.082757360000002,"GlobalID":"{2E5D4FE7-12D6-4946-B1B4-51808B690F02}","NEAR_FID":13285,"NEAR_DIST":8.1043183671907979}},{"type":"Feature","id":189,"geometry":{"type":"LineString","coordinates":[[189340.9430999998,1883183.5269000009],[189365.39279999956,1883191.4535000008]]},"properties":{"OBJECTID":189,"Shape_Length":25.702506057418308,"Asset_ID":"DP189","Name":null,"District_ID":"Salalah al Gharbiyya","Wlyt_ID":"Salalah","Gov_ID":"Dhofar Governorate","Road_ID":"103812","Pipe_Diameter":200,"Pipe_Material":"HDPE","Invert_Level_From_m":6.5999999999999996,"Invert_Level_To_m":6.5599999999999996,"Slop_Percentage":0.16,"Latitude":17.011937,"Longitude":54.082436889999997,"GlobalID":"{D4321493-AD44-4B42-B2A4-07B62AFFE146}","NEAR_FID":13285,"NEAR_DIST":15.122133867213563}},{"type":"Feature","id":190,"geometry":{"type":"LineString","coordinates":[[189733.47910000011,1883094.9780999999],[189746.72049999982,1883095.0538999997]]},"properties":{"OBJECTID":190,"Shape_Length":13.24161695535061,"Asset_ID":"DP190","Name":null,"District_ID":"Salalah al Gharbiyya","Wlyt_ID":"Salalah","Gov_ID":"Dhofar Governorate","Road_ID":"104561","Pipe_Diameter":200,"Pipe_Material":"HDPE","Invert_Level_From_m":0,"Invert_Level_To_m":0,"Slop_Percentage":0,"Latitude":17.011122960000002,"Longitude":54.086084999999997,"GlobalID":"{6E74348C-5163-44E7-B787-65BEB9B72A1F}","NEAR_FID":7315,"NEAR_DIST":0}},{"type":"Feature","id":191,"geometry":{"type":"LineString","coordinates":[[189746.7620000001,1883095.0587000009],[189739.71530000027,1883145.1970000006]]},"properties":{"OBJECTID":191,"Shape_Length":50.631068601733269,"Asset_ID":"DP191","Name":null,"District_ID":"Salalah al Gharbiyya","Wlyt_ID":"Salalah","Gov_ID":"Dhofar Governorate","Road_ID":"104561","Pipe_Diameter":600,"Pipe_Material":"HDPE","Invert_Level_From_m":7.9000000000000004,"Invert_Level_To_m":7.7999999999999998,"Slop_Percentage":0.20000000000000001,"Latitude":17.011351399999999,"Longitude":54.086110179999999,"GlobalID":"{3F323454-7540-4FCD-9797-19538FBFA4D6}","NEAR_FID":7315,"NEAR_DIST":8.1285028358708011}},{"type":"Feature","id":192,"geometry":{"type":"LineString","coordinates":[[189728.20529999956,1883120.6137000006],[189723.74810000043,1883137.0922999997]]},"properties":{"OBJECTID":192,"Shape_Length":17.070761252948834,"Asset_ID":"DP192","Name":null,"District_ID":"Salalah al Gharbiyya","Wlyt_ID":"Salalah","Gov_ID":"Dhofar Governorate","Road_ID":"104470","Pipe_Diameter":200,"Pipe_Material":"HDPE","Invert_Level_From_m":0,"Invert_Level_To_m":0,"Slop_Percentage":0,"Latitude":17.011425209999999,"Longitude":54.085946970000002,"GlobalID":"{D664ACB3-E537-46DE-AF3E-36414EFA3B9D}","NEAR_FID":14896,"NEAR_DIST":6.2596303367884119}},{"type":"Feature","id":193,"geometry":{"type":"LineString","coordinates":[[189723.70660000015,1883137.0875000004],[189722.25650000013,1883143.6096000001]]},"properties":{"OBJECTID":193,"Shape_Length":6.6813605215789531,"Asset_ID":"DP193","Name":null,"District_ID":"Salalah al Gharbiyya","Wlyt_ID":"Salalah","Gov_ID":"Dhofar Governorate","Road_ID":"104470","Pipe_Diameter":200,"Pipe_Material":"HDPE","Invert_Level_From_m":0,"Invert_Level_To_m":0,"Slop_Percentage":0,"Latitude":17.011530709999999,"Longitude":54.085918419999999,"GlobalID":"{494E6559-542C-453C-A807-4CBCF31C3AAB}","NEAR_FID":14896,"NEAR_DIST":0}},{"type":"Feature","id":194,"geometry":{"type":"LineString","coordinates":[[189722.25650000013,1883143.6096000001],[189737.72169999965,1883144.7852999996]]},"properties":{"OBJECTID":194,"Shape_Length":15.509825321817486,"Asset_ID":"DP194","Name":null,"District_ID":"Salalah al Gharbiyya","Wlyt_ID":"Salalah","Gov_ID":"Dhofar Governorate","Road_ID":"104561","Pipe_Diameter":200,"Pipe_Material":"HDPE","Invert_Level_From_m":0,"Invert_Level_To_m":0,"Slop_Percentage":0,"Latitude":17.011563800000001,"Longitude":54.085982270000002,"GlobalID":"{43DE5CB5-E980-4530-A22D-8135D86BF783}","NEAR_FID":7315,"NEAR_DIST":0}},{"type":"Feature","id":195,"geometry":{"type":"LineString","coordinates":[[189737.72169999965,1883144.7852999996],[189739.71530000027,1883145.1970000006]]},"properties":{"OBJECTID":195,"Shape_Length":2.0356664395999591,"Asset_ID":"DP195","Name":null,"District_ID":"Salalah al Gharbiyya","Wlyt_ID":"Salalah","Gov_ID":"Dhofar Governorate","Road_ID":"104561","Pipe_Diameter":200,"Pipe_Material":"HDPE","Invert_Level_From_m":0,"Invert_Level_To_m":0,"Slop_Percentage":0,"Latitude":17.0115734,"Longitude":54.086064639999996,"GlobalID":"{2195CD95-31AA-447A-9E81-3D8DB9831471}","NEAR_FID":7315,"NEAR_DIST":6.9598330780989031}},{"type":"Feature","id":196,"geometry":{"type":"LineString","coordinates":[[189715.71810000017,1883178.6590999998],[189715.2527999999,1883185.0310999993]]},"properties":{"OBJECTID":196,"Shape_Length":6.388966120345855,"Asset_ID":"DP196","Name":null,"District_ID":"Salalah al Gharbiyya","Wlyt_ID":"Salalah","Gov_ID":"Dhofar Governorate","Road_ID":"104464","Pipe_Diameter":200,"Pipe_Material":"HDPE","Invert_Level_From_m":0,"Invert_Level_To_m":0,"Slop_Percentage":0,"Latitude":17.011903929999999,"Longitude":54.085841600000002,"GlobalID":"{468D2C66-F786-4952-BC75-52177BFCB160}","NEAR_FID":5182,"NEAR_DIST":0}},{"type":"Feature","id":197,"geometry":{"type":"LineString","coordinates":[[189715.2527999999,1883185.0310999993],[189721.11600000039,1883191.4119000006]]},"properties":{"OBJECTID":197,"Shape_Length":8.6655480437931764,"Asset_ID":"DP197","Name":null,"District_ID":"Salalah al Gharbiyya","Wlyt_ID":"Salalah","Gov_ID":"Dhofar Governorate","Road_ID":"104464","Pipe_Diameter":200,"Pipe_Material":"HDPE","Invert_Level_From_m":0,"Invert_Level_To_m":0,"Slop_Percentage":0,"Latitude":17.011961840000001,"Longitude":54.085865839999997,"GlobalID":"{94C0C112-543D-4C54-B09A-C6EC5DF7F462}","NEAR_FID":5182,"NEAR_DIST":0.42552144548267096}},{"type":"Feature","id":198,"geometry":{"type":"LineString","coordinates":[[189721.11600000039,1883191.4119000006],[189731.55649999995,1883192.5583999995]]},"properties":{"OBJECTID":198,"Shape_Length":10.50326151664723,"Asset_ID":"DP198","Name":null,"District_ID":"Salalah al Gharbiyya","Wlyt_ID":"Salalah","Gov_ID":"Dhofar Governorate","Road_ID":"104561","Pipe_Diameter":200,"Pipe_Material":"HDPE","Invert_Level_From_m":0,"Invert_Level_To_m":0,"Slop_Percentage":0,"Latitude":17.01199596,"Longitude":54.085941699999999,"GlobalID":"{FF0DC397-83B0-4368-B21F-E65DD1828334}","NEAR_FID":4335,"NEAR_DIST":0}},{"type":"Feature","id":199,"geometry":{"type":"LineString","coordinates":[[189742.13150000013,1883180.5514000002],[189740.50690000039,1883187.4684999995]]},"properties":{"OBJECTID":199,"Shape_Length":7.1053217775350435,"Asset_ID":"DP199","Name":null,"District_ID":"Salalah al Gharbiyya","Wlyt_ID":"Salalah","Gov_ID":"Dhofar Governorate","Road_ID":"104474","Pipe_Diameter":200,"Pipe_Material":"HDPE","Invert_Level_From_m":0,"Invert_Level_To_m":0,"Slop_Percentage":0,"Latitude":17.011926620000001,"Longitude":54.086083539999997,"GlobalID":"{B44EF0A6-EE62-4EF3-BECD-BF7D94AF46A0}","NEAR_FID":12291,"NEAR_DIST":0}},{"type":"Feature","id":200,"geometry":{"type":"LineString","coordinates":[[189740.50690000039,1883187.4684999995],[189733.16420000046,1883192.8000000007]]},"properties":{"OBJECTID":200,"Shape_Length":9.0741465466057463,"Asset_ID":"DP200","Name":null,"District_ID":"Salalah al Gharbiyya","Wlyt_ID":"Salalah","Gov_ID":"Dhofar Governorate","Road_ID":"104474","Pipe_Diameter":200,"Pipe_Material":"HDPE","Invert_Level_From_m":0,"Invert_Level_To_m":0,"Slop_Percentage":0,"Latitude":17.01198067,"Longitude":54.08604047,"GlobalID":"{3479EF8B-DF50-4D3C-BC7A-23F3AB8895D6}","NEAR_FID":12291,"NEAR_DIST":0.37575471442698655}},{"type":"Feature","id":201,"geometry":{"type":"LineString","coordinates":[[189731.55649999995,1883192.5583999995],[189733.16420000046,1883192.8000000007]]},"properties":{"OBJECTID":201,"Shape_Length":1.6257520881909788,"Asset_ID":"DP201","Name":null,"District_ID":"Salalah al Gharbiyya","Wlyt_ID":"Salalah","Gov_ID":"Dhofar Governorate","Road_ID":"104561","Pipe_Diameter":200,"Pipe_Material":"HDPE","Invert_Level_From_m":0,"Invert_Level_To_m":0,"Slop_Percentage":0,"Latitude":17.012003060000001,"Longitude":54.085998320000002,"GlobalID":"{7FC4EB33-0648-45DA-8245-7FE1F3522785}","NEAR_FID":4335,"NEAR_DIST":6.4028055234319696}},{"type":"Feature","id":202,"geometry":{"type":"LineString","coordinates":[[189739.71530000027,1883145.1970000006],[189733.16420000046,1883192.8000000007]]},"properties":{"OBJECTID":202,"Shape_Length":48.051665113904541,"Asset_ID":"DP202","Name":null,"District_ID":"Salalah al Gharbiyya","Wlyt_ID":"Salalah","Gov_ID":"Dhofar Governorate","Road_ID":"104474","Pipe_Diameter":600,"Pipe_Material":"HDPE","Invert_Level_From_m":0,"Invert_Level_To_m":7.7000000000000002,"Slop_Percentage":0,"Latitude":17.011789830000001,"Longitude":54.086039909999997,"GlobalID":"{7FADE7D1-B389-4FF4-BBF1-D6996BB6A25E}","NEAR_FID":12291,"NEAR_DIST":0}},{"type":"Feature","id":203,"geometry":{"type":"LineString","coordinates":[[189703.29829999991,1883242.8892000001],[189704.67679999955,1883237.6223000009]]},"properties":{"OBJECTID":203,"Shape_Length":5.4443087578603198,"Asset_ID":"DP203","Name":null,"District_ID":"Salalah al Gharbiyya","Wlyt_ID":"Salalah","Gov_ID":"Dhofar Governorate","Road_ID":"104468","Pipe_Diameter":200,"Pipe_Material":"HDPE","Invert_Level_From_m":0,"Invert_Level_To_m":0,"Slop_Percentage":0,"Latitude":17.012428759999999,"Longitude":54.085725449999998,"GlobalID":"{F28DAB3E-84F8-4316-B0B5-A55CF252E69A}","NEAR_FID":9430,"NEAR_DIST":0}},{"type":"Feature","id":204,"geometry":{"type":"LineString","coordinates":[[189704.67679999955,1883237.6223000009],[189714.24340000004,1883241.6943999995]]},"properties":{"OBJECTID":204,"Shape_Length":10.397203180078684,"Asset_ID":"DP204","Name":null,"District_ID":"Salalah al Gharbiyya","Wlyt_ID":"Salalah","Gov_ID":"Dhofar Governorate","Road_ID":"104468","Pipe_Diameter":200,"Pipe_Material":"HDPE","Invert_Level_From_m":0,"Invert_Level_To_m":0,"Slop_Percentage":0,"Latitude":17.0124241,"Longitude":54.085776879999997,"GlobalID":"{563F6E3D-5EE3-43FE-8839-CCCF29FE6189}","NEAR_FID":9430,"NEAR_DIST":3.5029333371419726}},{"type":"Feature","id":205,"geometry":{"type":"LineString","coordinates":[[189714.24340000004,1883241.6943999995],[189723.93589999992,1883239.5385999996]]},"properties":{"OBJECTID":205,"Shape_Length":9.9293519369148147,"Asset_ID":"DP205","Name":null,"District_ID":"Salalah al Gharbiyya","Wlyt_ID":"Salalah","Gov_ID":"Dhofar Governorate","Road_ID":"104561","Pipe_Diameter":200,"Pipe_Material":"HDPE","Invert_Level_From_m":0,"Invert_Level_To_m":0,"Slop_Percentage":0,"Latitude":17.01243405,"Longitude":54.085867100000002,"GlobalID":"{F4FEDBBA-912A-43C6-A352-07DEC3D77C32}","NEAR_FID":12690,"NEAR_DIST":0}},{"type":"Feature","id":206,"geometry":{"type":"LineString","coordinates":[[189724.03569999989,1883239.6372999996],[189728.09559999965,1883240.2358999997]]},"properties":{"OBJECTID":206,"Shape_Length":4.1037921448610488,"Asset_ID":"DP206","Name":null,"District_ID":"Salalah al Gharbiyya","Wlyt_ID":"Salalah","Gov_ID":"Dhofar Governorate","Road_ID":"104471","Pipe_Diameter":200,"Pipe_Material":"HDPE","Invert_Level_From_m":0,"Invert_Level_To_m":0,"Slop_Percentage":0,"Latitude":17.012428849999999,"Longitude":54.085932649999997,"GlobalID":"{031EA17A-FC7D-4040-9B24-DC1F2F6FC066}","NEAR_FID":10127,"NEAR_DIST":3.7264265726259298}},{"type":"Feature","id":207,"geometry":{"type":"LineString","coordinates":[[189733.16420000046,1883192.8000000007],[189728.09559999965,1883240.2358999997]]},"properties":{"OBJECTID":207,"Shape_Length":47.705925362397927,"Asset_ID":"DP207","Name":null,"District_ID":"Salalah al Gharbiyya","Wlyt_ID":"Salalah","Gov_ID":"Dhofar Governorate","Road_ID":"104471","Pipe_Diameter":600,"Pipe_Material":"HDPE","Invert_Level_From_m":7.7000000000000002,"Invert_Level_To_m":7.5999999999999996,"Slop_Percentage":0.20999999999999999,"Latitude":17.01221804,"Longitude":54.085978750000002,"GlobalID":"{67EC4215-2CBC-4EED-BC8D-0E995A33A3B1}","NEAR_FID":10127,"NEAR_DIST":0}},{"type":"Feature","id":208,"geometry":{"type":"LineString","coordinates":[[189705.00800000038,1883279.7704000007],[189719.43879999965,1883275.5116000008]]},"properties":{"OBJECTID":208,"Shape_Length":15.046108003650186,"Asset_ID":"DP208","Name":null,"District_ID":"Salalah al Gharbiyya","Wlyt_ID":"Salalah","Gov_ID":"Dhofar Governorate","Road_ID":"104467","Pipe_Diameter":200,"Pipe_Material":"HDPE","Invert_Level_From_m":0,"Invert_Level_To_m":0,"Slop_Percentage":0,"Latitude":17.012783110000001,"Longitude":54.085795480000002,"GlobalID":"{D5459AD2-6E9D-470E-A710-AE354055615B}","NEAR_FID":4405,"NEAR_DIST":0}},{"type":"Feature","id":209,"geometry":{"type":"LineString","coordinates":[[189710.92069999967,1883264.1983000003],[189719.43879999965,1883275.5116000008]]},"properties":{"OBJECTID":209,"Shape_Length":14.161524794709347,"Asset_ID":"DP209","Name":null,"District_ID":"Salalah al Gharbiyya","Wlyt_ID":"Salalah","Gov_ID":"Dhofar Governorate","Road_ID":"104561","Pipe_Diameter":200,"Pipe_Material":"HDPE","Invert_Level_From_m":0,"Invert_Level_To_m":0,"Slop_Percentage":0,"Latitude":17.01269748,"Longitude":54.085826330000003,"GlobalID":"{5857087B-5615-4D0C-8B77-70C5E29CA716}","NEAR_FID":6189,"NEAR_DIST":0}},{"type":"Feature","id":210,"geometry":{"type":"LineString","coordinates":[[189719.43879999965,1883275.5116000008],[189724.11409999989,1883276.1738000009]]},"properties":{"OBJECTID":210,"Shape_Length":4.7219634615679791,"Asset_ID":"DP210","Name":null,"District_ID":"Salalah al Gharbiyya","Wlyt_ID":"Salalah","Gov_ID":"Dhofar Governorate","Road_ID":"104561","Pipe_Diameter":200,"Pipe_Material":"HDPE","Invert_Level_From_m":0,"Invert_Level_To_m":0,"Slop_Percentage":0,"Latitude":17.012752420000002,"Longitude":54.085887390000003,"GlobalID":"{DA1CABD3-A11C-48B6-A543-69D75917727A}","NEAR_FID":17530,"NEAR_DIST":4.4738020043551332}},{"type":"Feature","id":211,"geometry":{"type":"LineString","coordinates":[[189724.11980000045,1883280.3333999999],[189724.11409999989,1883276.1738000009]]},"properties":{"OBJECTID":211,"Shape_Length":4.1596039043883559,"Asset_ID":"DP211","Name":null,"District_ID":"Salalah al Gharbiyya","Wlyt_ID":"Salalah","Gov_ID":"Dhofar Governorate","Road_ID":"104562","Pipe_Diameter":200,"Pipe_Material":"HDPE","Invert_Level_From_m":0,"Invert_Level_To_m":0,"Slop_Percentage":0,"Latitude":17.012776290000001,"Longitude":54.08590942,"GlobalID":"{53E07BB9-0522-44D1-A861-AA3DE6EE2239}","NEAR_FID":9026,"NEAR_DIST":5.2139602301335977}},{"type":"Feature","id":212,"geometry":{"type":"LineString","coordinates":[[189724.11409999989,1883276.1738000009],[189693.96630000044,1883302.2785]]},"properties":{"OBJECTID":212,"Shape_Length":39.879132473482528,"Asset_ID":"DP212","Name":null,"District_ID":"Salalah al Gharbiyya","Wlyt_ID":"Salalah","Gov_ID":"Dhofar Governorate","Road_ID":"104562","Pipe_Diameter":600,"Pipe_Material":"HDPE","Invert_Level_From_m":7.5,"Invert_Level_To_m":6.8949999999999996,"Slop_Percentage":1.4199999999999999,"Latitude":17.01288787,"Longitude":54.085763980000003,"GlobalID":"{B0CEC64B-ACE7-4AC9-8B1A-C1E12BC7241D}","NEAR_FID":9026,"NEAR_DIST":0}},{"type":"Feature","id":213,"geometry":{"type":"LineString","coordinates":[[189728.09559999965,1883240.2358999997],[189724.11409999989,1883276.1738000009]]},"properties":{"OBJECTID":213,"Shape_Length":36.157779228585675,"Asset_ID":"DP213","Name":null,"District_ID":"Salalah al Gharbiyya","Wlyt_ID":"Salalah","Gov_ID":"Dhofar Governorate","Road_ID":"104471","Pipe_Diameter":600,"Pipe_Material":"HDPE","Invert_Level_From_m":0,"Invert_Level_To_m":0,"Slop_Percentage":0,"Latitude":17.012593769999999,"Longitude":54.085930470000001,"GlobalID":"{D12726B2-1709-405D-975A-E5E64F386442}","NEAR_FID":10127,"NEAR_DIST":3.7264265726259298}},{"type":"Feature","id":214,"geometry":{"type":"LineString","coordinates":[[190217.16480000038,1883535.4557000007],[190210.99980000034,1883534.8380999994]]},"properties":{"OBJECTID":214,"Shape_Length":6.1958578711814702,"Asset_ID":"DP214","Name":null,"District_ID":"Salalah al Jadida","Wlyt_ID":"Salalah","Gov_ID":"Dhofar Governorate","Road_ID":"104191","Pipe_Diameter":200,"Pipe_Material":"HDPE","Invert_Level_From_m":0,"Invert_Level_To_m":0,"Slop_Percentage":0,"Latitude":17.01519089,"Longitude":54.090466399999997,"GlobalID":"{1E9DC173-323B-4104-8E68-BCB9DCFF4F86}","NEAR_FID":6822,"NEAR_DIST":0}},{"type":"Feature","id":215,"geometry":{"type":"LineString","coordinates":[[190210.99980000034,1883534.8380999994],[190209.27550000045,1883495.6032999996]]},"properties":{"OBJECTID":215,"Shape_Length":39.272671687949781,"Asset_ID":"DP215","Name":null,"District_ID":"Salalah al Jadida","Wlyt_ID":"Salalah","Gov_ID":"Dhofar Governorate","Road_ID":"104191","Pipe_Diameter":200,"Pipe_Material":"HDPE","Invert_Level_From_m":0,"Invert_Level_To_m":0,"Slop_Percentage":0,"Latitude":17.015010570000001,"Longitude":54.090432,"GlobalID":"{7CC728C2-18F6-4121-B266-B3DF355523E2}","NEAR_FID":11866,"NEAR_DIST":2.8499339909783425}},{"type":"Feature","id":216,"geometry":{"type":"LineString","coordinates":[[190342.55229999963,1883497.0031000003],[190325.44649999961,1883509.4149999991]]},"properties":{"OBJECTID":216,"Shape_Length":21.134418733915503,"Asset_ID":"DP216","Name":null,"District_ID":"Salalah al Wousta","Wlyt_ID":"Salalah","Gov_ID":"Dhofar Governorate","Road_ID":"103812","Pipe_Diameter":200,"Pipe_Material":"HDPE","Invert_Level_From_m":0,"Invert_Level_To_m":0,"Slop_Percentage":0,"Latitude":17.014917669999999,"Longitude":54.091596060000001,"GlobalID":"{88C34884-3B99-43A9-B85F-B4C66A8DE748}","NEAR_FID":14868,"NEAR_DIST":10.65402736877061}},{"type":"Feature","id":217,"geometry":{"type":"LineString","coordinates":[[190366.03399999999,1883525.9200999998],[190325.44649999961,1883509.4149999991]]},"properties":{"OBJECTID":217,"Shape_Length":43.815105640916762,"Asset_ID":"DP217","Name":null,"District_ID":"Salalah al Wousta","Wlyt_ID":"Salalah","Gov_ID":"Dhofar Governorate","Road_ID":"103812","Pipe_Diameter":900,"Pipe_Material":"HDPE","Invert_Level_From_m":7.5599999999999996,"Invert_Level_To_m":7.5199999999999996,"Slop_Percentage":0.089999999999999997,"Latitude":17.015047920000001,"Longitude":54.091706090000002,"GlobalID":"{DE921A09-DB1B-496A-B2E4-CF5A69F9D0B8}","NEAR_FID":14868,"NEAR_DIST":10.65402736877061}},{"type":"Feature","id":218,"geometry":{"type":"LineString","coordinates":[[190325.44649999961,1883509.4149999991],[190273.32490000036,1883489.6988999993]]},"properties":{"OBJECTID":218,"Shape_Length":55.725988422777739,"Asset_ID":"DP218","Name":null,"District_ID":"Salalah al Wousta","Wlyt_ID":"Salalah","Gov_ID":"Dhofar Governorate","Road_ID":"104523","Pipe_Diameter":900,"Pipe_Material":"HDPE","Invert_Level_From_m":7.5199999999999996,"Invert_Level_To_m":7.4800000000000004,"Slop_Percentage":0.070000000000000007,"Latitude":17.014880219999998,"Longitude":54.091272080000003,"GlobalID":"{D8BA42BB-89B5-4A89-ACFF-0BA381C8F5DA}","NEAR_FID":15475,"NEAR_DIST":0}},{"type":"Feature","id":219,"geometry":{"type":"LineString","coordinates":[[193355.79839999974,1884168.2218999993],[193358.50030000042,1884181.3685999997]]},"properties":{"OBJECTID":219,"Shape_Length":13.421474751828177,"Asset_ID":"DP219","Name":null,"District_ID":"al Huseela","Wlyt_ID":"Salalah","Gov_ID":"Dhofar Governorate","Road_ID":"103812","Pipe_Diameter":200,"Pipe_Material":"HDPE","Invert_Level_From_m":0,"Invert_Level_To_m":0,"Slop_Percentage":0,"Latitude":17.02135745,"Longitude":54.119874529999997,"GlobalID":"{6E2374D2-7895-4F88-87D7-51CB0D7EA6E4}","NEAR_FID":10182,"NEAR_DIST":5.1048852170543286}},{"type":"Feature","id":220,"geometry":{"type":"LineString","coordinates":[[193428.46800000034,1884178.3495000005],[193431.59970000014,1884158.1878999993]]},"properties":{"OBJECTID":220,"Shape_Length":20.403373728267074,"Asset_ID":"DP220","Name":null,"District_ID":"al Huseela","Wlyt_ID":"Salalah","Gov_ID":"Dhofar Governorate","Road_ID":"103824","Pipe_Diameter":200,"Pipe_Material":"HDPE","Invert_Level_From_m":0,"Invert_Level_To_m":0,"Slop_Percentage":0,"Latitude":17.021305770000001,"Longitude":54.120559620000002,"GlobalID":"{C0D77F02-13FE-4DFC-B210-A657DD0502BE}","NEAR_FID":9010,"NEAR_DIST":0}},{"type":"Feature","id":221,"geometry":{"type":"LineString","coordinates":[[193431.59970000014,1884158.1878999993],[193385.73819999956,1884166.6404999997]]},"properties":{"OBJECTID":221,"Shape_Length":46.633932163935192,"Asset_ID":"DP221","Name":null,"District_ID":"al Huseela","Wlyt_ID":"Salalah","Gov_ID":"Dhofar Governorate","Road_ID":"103824","Pipe_Diameter":200,"Pipe_Material":"HDPE","Invert_Level_From_m":0,"Invert_Level_To_m":0,"Slop_Percentage":0,"Latitude":17.021250179999999,"Longitude":54.120360050000002,"GlobalID":"{547638A6-1821-4AFA-A2AD-1EAAE62433A8}","NEAR_FID":5261,"NEAR_DIST":0}},{"type":"Feature","id":222,"geometry":{"type":"LineString","coordinates":[[193385.73819999956,1884166.6404999997],[193358.50030000042,1884181.3685999997]]},"properties":{"OBJECTID":222,"Shape_Length":30.964820780546184,"Asset_ID":"DP222","Name":null,"District_ID":"al Huseela","Wlyt_ID":"Salalah","Gov_ID":"Dhofar Governorate","Road_ID":"103812","Pipe_Diameter":200,"Pipe_Material":"HDPE","Invert_Level_From_m":0,"Invert_Level_To_m":0,"Slop_Percentage":0,"Latitude":17.021349470000001,"Longitude":54.120015430000002,"GlobalID":"{9C3EFFB0-6F5F-4BD3-B003-C68A5FCD0D69}","NEAR_FID":14873,"NEAR_DIST":6.1350007157798059}},{"type":"Feature","id":223,"geometry":{"type":"LineString","coordinates":[[193386.51130000036,1884195.2545999996],[193358.50030000042,1884181.3685999997]]},"properties":{"OBJECTID":223,"Shape_Length":31.263990740067165,"Asset_ID":"DP223","Name":null,"District_ID":"al Huseela","Wlyt_ID":"Salalah","Gov_ID":"Dhofar Governorate","Road_ID":"103812","Pipe_Diameter":200,"Pipe_Material":"HDPE","Invert_Level_From_m":0,"Invert_Level_To_m":0,"Slop_Percentage":0,"Latitude":17.021478630000001,"Longitude":54.120017179999998,"GlobalID":"{D3AE1692-F4B4-4452-9234-C2FB2B5B54D2}","NEAR_FID":16591,"NEAR_DIST":3.120997311604722}},{"type":"Feature","id":224,"geometry":{"type":"LineString","coordinates":[[193391.81579999998,1884234.5011999998],[193367.0064000003,1884243.6864999998]]},"properties":{"OBJECTID":224,"Shape_Length":26.455170844926485,"Asset_ID":"DP224","Name":null,"District_ID":"al Huseela","Wlyt_ID":"Salalah","Gov_ID":"Dhofar Governorate","Road_ID":"103812","Pipe_Diameter":200,"Pipe_Material":"HDPE","Invert_Level_From_m":0,"Invert_Level_To_m":0,"Slop_Percentage":0,"Latitude":17.021940499999999,"Longitude":54.120072370000003,"GlobalID":"{2DED06EA-1BF1-44B7-8B14-931E319F67EF}","NEAR_FID":5532,"NEAR_DIST":0}},{"type":"Feature","id":225,"geometry":{"type":"LineString","coordinates":[[193367.0064000003,1884243.6864999998],[193341.18059999961,1884200.8991]]},"properties":{"OBJECTID":225,"Shape_Length":49.97733030503224,"Asset_ID":"DP225","Name":null,"District_ID":"al Huseela","Wlyt_ID":"Salalah","Gov_ID":"Dhofar Governorate","Road_ID":"103812","Pipe_Diameter":200,"Pipe_Material":"HDPE","Invert_Level_From_m":0,"Invert_Level_To_m":0,"Slop_Percentage":0,"Latitude":17.02178777,"Longitude":54.119839730000002,"GlobalID":"{7915C58B-DAF7-453C-AE6E-C316C32FE5D4}","NEAR_FID":13425,"NEAR_DIST":0}},{"type":"Feature","id":226,"geometry":{"type":"LineString","coordinates":[[193341.18059999961,1884200.8991],[193357.17520000041,1884195.7466000002]]},"properties":{"OBJECTID":226,"Shape_Length":16.804031820779677,"Asset_ID":"DP226","Name":null,"District_ID":"al Huseela","Wlyt_ID":"Salalah","Gov_ID":"Dhofar Governorate","Road_ID":"103812","Pipe_Diameter":200,"Pipe_Material":"HDPE","Invert_Level_From_m":0,"Invert_Level_To_m":0,"Slop_Percentage":0,"Latitude":17.021566849999999,"Longitude":54.119796739999998,"GlobalID":"{1B2A5246-F193-4267-9E7A-87E165622AA7}","NEAR_FID":9221,"NEAR_DIST":0}},{"type":"Feature","id":227,"geometry":{"type":"LineString","coordinates":[[193357.17520000041,1884195.7466000002],[193358.50030000042,1884181.3685999997]]},"properties":{"OBJECTID":227,"Shape_Length":14.438932579113454,"Asset_ID":"DP227","Name":null,"District_ID":"al Huseela","Wlyt_ID":"Salalah","Gov_ID":"Dhofar Governorate","Road_ID":"103812","Pipe_Diameter":200,"Pipe_Material":"HDPE","Invert_Level_From_m":0,"Invert_Level_To_m":0,"Slop_Percentage":0,"Latitude":17.021479280000001,"Longitude":54.119879279999999,"GlobalID":"{323DC2BF-BA86-4F25-852B-98200BFE4CAD}","NEAR_FID":9221,"NEAR_DIST":2.3956400164558271}},{"type":"Feature","id":228,"geometry":{"type":"LineString","coordinates":[[193358.50030000042,1884181.3685999997],[193307.34800000023,1884162.0932]]},"properties":{"OBJECTID":228,"Shape_Length":54.663505563197091,"Asset_ID":"DP228","Name":null,"District_ID":"al Huseela","Wlyt_ID":"Salalah","Gov_ID":"Dhofar Governorate","Road_ID":"103812","Pipe_Diameter":600,"Pipe_Material":"HDPE","Invert_Level_From_m":0,"Invert_Level_To_m":0,"Slop_Percentage":0,"Latitude":17.021324360000001,"Longitude":54.119647829999998,"GlobalID":"{91AB257F-C530-401B-8738-2112AF8A01D7}","NEAR_FID":9299,"NEAR_DIST":0}},{"type":"Feature","id":229,"geometry":{"type":"LineString","coordinates":[[193308.60010000039,1884138.3896999992],[193307.34800000023,1884162.0932]]},"properties":{"OBJECTID":229,"Shape_Length":23.736547067684949,"Asset_ID":"DP229","Name":null,"District_ID":"al Huseela","Wlyt_ID":"Salalah","Gov_ID":"Dhofar Governorate","Road_ID":"103812","Pipe_Diameter":200,"Pipe_Material":"HDPE","Invert_Level_From_m":0,"Invert_Level_To_m":0,"Slop_Percentage":0,"Latitude":17.021127589999999,"Longitude":54.119416729999998,"GlobalID":"{954BFE6D-CA00-4C28-88C9-95D6D0F57E83}","NEAR_FID":4474,"NEAR_DIST":0}},{"type":"Feature","id":230,"geometry":{"type":"LineString","coordinates":[[193307.34800000023,1884162.0932],[193283.61830000021,1884154.2895999998]]},"properties":{"OBJECTID":230,"Shape_Length":24.979888611733191,"Asset_ID":"DP230","Name":null,"District_ID":"al Huseela","Wlyt_ID":"Salalah","Gov_ID":"Dhofar Governorate","Road_ID":"103812","Pipe_Diameter":600,"Pipe_Material":"HDPE","Invert_Level_From_m":7.6310000000000002,"Invert_Level_To_m":7.5999999999999996,"Slop_Percentage":0.12,"Latitude":17.02119824,"Longitude":54.119298450000002,"GlobalID":"{7990A6B2-E2FE-4349-AB60-93312375D1B3}","NEAR_FID":13425,"NEAR_DIST":0}},{"type":"Feature","id":231,"geometry":{"type":"LineString","coordinates":[[193284.12930000015,1884152.0567000005],[193283.61830000021,1884154.2895999998]]},"properties":{"OBJECTID":231,"Shape_Length":2.2906251126214165,"Asset_ID":"DP231","Name":null,"District_ID":"al Huseela","Wlyt_ID":"Salalah","Gov_ID":"Dhofar Governorate","Road_ID":"103812","Pipe_Diameter":200,"Pipe_Material":"HDPE","Invert_Level_From_m":0,"Invert_Level_To_m":0,"Slop_Percentage":0,"Latitude":17.021150899999999,"Longitude":54.119190189999998,"GlobalID":"{509E0B15-D2C2-4EE1-959B-6FCF65E86E4F}","NEAR_FID":8294,"NEAR_DIST":1.0678785866161555}},{"type":"Feature","id":232,"geometry":{"type":"LineString","coordinates":[[193283.61830000021,1884154.2895999998],[193248.15029999986,1884146.6929000001]]},"properties":{"OBJECTID":232,"Shape_Length":36.272425820572344,"Asset_ID":"DP232","Name":null,"District_ID":"al Huseela","Wlyt_ID":"Salalah","Gov_ID":"Dhofar Governorate","Road_ID":"103812","Pipe_Diameter":600,"Pipe_Material":"HDPE","Invert_Level_From_m":7.5999999999999996,"Invert_Level_To_m":7.5499999999999998,"Slop_Percentage":0.14000000000000001,"Latitude":17.021124830000002,"Longitude":54.119021920000002,"GlobalID":"{0ADB2686-DD9B-42D0-8177-6F83C9BCBCE4}","NEAR_FID":8294,"NEAR_DIST":3.3526868042896916}},{"type":"Feature","id":233,"geometry":{"type":"LineString","coordinates":[[193247.84489999991,1884149.4813000001],[193248.15029999986,1884146.6929000001]]},"properties":{"OBJECTID":233,"Shape_Length":2.8050746371096302,"Asset_ID":"DP233","Name":null,"District_ID":"al Huseela","Wlyt_ID":"Salalah","Gov_ID":"Dhofar Governorate","Road_ID":"103812","Pipe_Diameter":200,"Pipe_Material":"HDPE","Invert_Level_From_m":0,"Invert_Level_To_m":0,"Slop_Percentage":0,"Latitude":17.021100270000002,"Longitude":54.118854229999997,"GlobalID":"{D769A20C-66C1-4AE5-8F89-E96A4B2F9DFD}","NEAR_FID":8294,"NEAR_DIST":3.7585549544933929}},{"type":"Feature","id":234,"geometry":{"type":"LineString","coordinates":[[193253.30769999977,1884122.4538000003],[193248.15029999986,1884146.6929000001]]},"properties":{"OBJECTID":234,"Shape_Length":24.781701789096662,"Asset_ID":"DP234","Name":null,"District_ID":"al Huseela","Wlyt_ID":"Salalah","Gov_ID":"Dhofar Governorate","Road_ID":"103812","Pipe_Diameter":200,"Pipe_Material":"HDPE","Invert_Level_From_m":0,"Invert_Level_To_m":0,"Slop_Percentage":0,"Latitude":17.020980730000002,"Longitude":54.118878600000002,"GlobalID":"{6B925D40-86D8-4AF6-B027-B1AC69B0F251}","NEAR_FID":8294,"NEAR_DIST":0}},{"type":"Feature","id":235,"geometry":{"type":"LineString","coordinates":[[193248.15029999986,1884146.6929000001],[193203.4327999996,1884138.7737000007]]},"properties":{"OBJECTID":235,"Shape_Length":45.413307905328423,"Asset_ID":"DP235","Name":null,"District_ID":"al Huseela","Wlyt_ID":"Salalah","Gov_ID":"Dhofar Governorate","Road_ID":"103812","Pipe_Diameter":600,"Pipe_Material":"HDPE","Invert_Level_From_m":7.5499999999999998,"Invert_Level_To_m":7.5,"Slop_Percentage":0.11,"Latitude":17.021048360000002,"Longitude":54.118646679999998,"GlobalID":"{83E651CF-480F-4D3B-91FE-8557FED5F562}","NEAR_FID":14809,"NEAR_DIST":0}},{"type":"Feature","id":236,"geometry":{"type":"LineString","coordinates":[[193203.01329999976,1884140.8473000005],[193203.4327999996,1884138.7737000007]]},"properties":{"OBJECTID":236,"Shape_Length":2.1156079998234638,"Asset_ID":"DP236","Name":null,"District_ID":"al Huseela","Wlyt_ID":"Salalah","Gov_ID":"Dhofar Governorate","Road_ID":"103812","Pipe_Diameter":200,"Pipe_Material":"HDPE","Invert_Level_From_m":0,"Invert_Level_To_m":0,"Slop_Percentage":0,"Latitude":17.021017390000001,"Longitude":54.118434690000001,"GlobalID":"{92959AA2-F62C-4EBF-AD9F-E3E3961FB6DB}","NEAR_FID":6576,"NEAR_DIST":4.5992550615658354}},{"type":"Feature","id":237,"geometry":{"type":"LineString","coordinates":[[193208.45430000033,1884113.2606000006],[193204.1612999998,1884135.2641000003]]},"properties":{"OBJECTID":237,"Shape_Length":22.41838221725207,"Asset_ID":"DP237","Name":null,"District_ID":"al Huseela","Wlyt_ID":"Salalah","Gov_ID":"Dhofar Governorate","Road_ID":"103812","Pipe_Diameter":200,"Pipe_Material":"HDPE","Invert_Level_From_m":0,"Invert_Level_To_m":0,"Slop_Percentage":0,"Latitude":17.020878509999999,"Longitude":54.11846611,"GlobalID":"{30857D0E-5415-4B01-B2A4-471CAB89D051}","NEAR_FID":6576,"NEAR_DIST":0}},{"type":"Feature","id":238,"geometry":{"type":"LineString","coordinates":[[193204.1612999998,1884135.2641000003],[193203.4327999996,1884138.7737000007]]},"properties":{"OBJECTID":238,"Shape_Length":3.5844113064063508,"Asset_ID":"DP238","Name":null,"District_ID":"al Huseela","Wlyt_ID":"Salalah","Gov_ID":"Dhofar Governorate","Road_ID":"103812","Pipe_Diameter":200,"Pipe_Material":"HDPE","Invert_Level_From_m":0,"Invert_Level_To_m":0,"Slop_Percentage":0,"Latitude":17.020992740000001,"Longitude":54.118440999999997,"GlobalID":"{B48ADCD2-4BF6-4D91-B57A-2FF345D994FB}","NEAR_FID":6576,"NEAR_DIST":1.0152743380045661}},{"type":"Feature","id":239,"geometry":{"type":"LineString","coordinates":[[193203.4327999996,1884138.7737000007],[193152.90070000011,1884128.1130999997]]},"properties":{"OBJECTID":239,"Shape_Length":51.644375518921265,"Asset_ID":"DP239","Name":null,"District_ID":"al Huseela","Wlyt_ID":"Salalah","Gov_ID":"Dhofar Governorate","Road_ID":"103812","Pipe_Diameter":600,"Pipe_Material":"HDPE","Invert_Level_From_m":7.5,"Invert_Level_To_m":7.4500000000000002,"Slop_Percentage":0.10000000000000001,"Latitude":17.0209574,"Longitude":54.118200860000002,"GlobalID":"{0813B18D-978F-462A-97EA-3F9F4E4C5AC2}","NEAR_FID":6576,"NEAR_DIST":3.631923601512236}},{"type":"Feature","id":240,"geometry":{"type":"LineString","coordinates":[[193152.24629999977,1884130.8670000006],[193152.90070000011,1884128.1130999997]]},"properties":{"OBJECTID":240,"Shape_Length":2.8305837869604189,"Asset_ID":"DP240","Name":null,"District_ID":"al Huseela","Wlyt_ID":"Salalah","Gov_ID":"Dhofar Governorate","Road_ID":"103812","Pipe_Diameter":200,"Pipe_Material":"HDPE","Invert_Level_From_m":0,"Invert_Level_To_m":0,"Slop_Percentage":0,"Latitude":17.020918649999999,"Longitude":54.11796116,"GlobalID":"{18A92316-1943-46A5-B5E4-4D8CD5F3C153}","NEAR_FID":6576,"NEAR_DIST":3.631923601512236}},{"type":"Feature","id":241,"geometry":{"type":"LineString","coordinates":[[193157.1995000001,1884103.6187999994],[193153.34069999959,1884125.3802000005]]},"properties":{"OBJECTID":241,"Shape_Length":22.100879336642794,"Asset_ID":"DP241","Name":null,"District_ID":"al Huseela","Wlyt_ID":"Salalah","Gov_ID":"Dhofar Governorate","Road_ID":"103812","Pipe_Diameter":200,"Pipe_Material":"HDPE","Invert_Level_From_m":0,"Invert_Level_To_m":0,"Slop_Percentage":0,"Latitude":17.020784720000002,"Longitude":54.117985969999999,"GlobalID":"{81E461BC-A4FD-4858-A138-F8B175413726}","NEAR_FID":6576,"NEAR_DIST":0}},{"type":"Feature","id":242,"geometry":{"type":"LineString","coordinates":[[193153.34069999959,1884125.3802000005],[193152.90070000011,1884128.1130999997]]},"properties":{"OBJECTID":242,"Shape_Length":2.7680936410135835,"Asset_ID":"DP242","Name":null,"District_ID":"al Huseela","Wlyt_ID":"Salalah","Gov_ID":"Dhofar Governorate","Road_ID":"103812","Pipe_Diameter":200,"Pipe_Material":"HDPE","Invert_Level_From_m":0,"Invert_Level_To_m":0,"Slop_Percentage":0,"Latitude":17.020893260000001,"Longitude":54.117966889999998,"GlobalID":"{CEE7694B-758D-4872-BB1A-4FC0B7C6C17D}","NEAR_FID":6576,"NEAR_DIST":0.8650381699179932}},{"type":"Feature","id":243,"geometry":{"type":"LineString","coordinates":[[193152.90070000011,1884128.1130999997],[193100.76370000001,1884117.8533999994]]},"properties":{"OBJECTID":243,"Shape_Length":53.13688185344288,"Asset_ID":"DP243","Name":null,"District_ID":"al Huseela","Wlyt_ID":"Salalah","Gov_ID":"Dhofar Governorate","Road_ID":"103812","Pipe_Diameter":600,"Pipe_Material":"HDPE","Invert_Level_From_m":7.4500000000000002,"Invert_Level_To_m":7.4000000000000004,"Slop_Percentage":0.089999999999999997,"Latitude":17.020856129999999,"Longitude":54.117720599999998,"GlobalID":"{1091B540-E774-4542-988F-41FF869EA61D}","NEAR_FID":10179,"NEAR_DIST":1.7230158291054123}},{"type":"Feature","id":244,"geometry":{"type":"LineString","coordinates":[[193100.19120000023,1884120.6323000006],[193100.76370000001,1884117.8533999994]]},"properties":{"OBJECTID":244,"Shape_Length":2.8372594993060849,"Asset_ID":"DP244","Name":null,"District_ID":"al Huseela","Wlyt_ID":"Salalah","Gov_ID":"Dhofar Governorate","Road_ID":"103812","Pipe_Diameter":200,"Pipe_Material":"HDPE","Invert_Level_From_m":0,"Invert_Level_To_m":0,"Slop_Percentage":0,"Latitude":17.02081896,"Longitude":54.117473830000002,"GlobalID":"{6366A187-CF98-4786-80D7-659D63CFB9C8}","NEAR_FID":10179,"NEAR_DIST":1.7230158291054123}},{"type":"Feature","id":245,"geometry":{"type":"LineString","coordinates":[[193106.11519999988,1884092.5116000008],[193101.31699999981,1884115.1688999999]]},"properties":{"OBJECTID":245,"Shape_Length":23.159792021780333,"Asset_ID":"DP245","Name":null,"District_ID":"al Huseela","Wlyt_ID":"Salalah","Gov_ID":"Dhofar Governorate","Road_ID":"103812","Pipe_Diameter":200,"Pipe_Material":"HDPE","Invert_Level_From_m":0,"Invert_Level_To_m":0,"Slop_Percentage":0,"Latitude":17.020680649999999,"Longitude":54.117506310000003,"GlobalID":"{FE2ADF27-63BC-4D06-AFE4-FDC05DB7FC16}","NEAR_FID":6906,"NEAR_DIST":0}},{"type":"Feature","id":246,"geometry":{"type":"LineString","coordinates":[[193101.31699999981,1884115.1688999999],[193100.76370000001,1884117.8533999994]]},"properties":{"OBJECTID":246,"Shape_Length":2.7409270579739893,"Asset_ID":"DP246","Name":null,"District_ID":"al Huseela","Wlyt_ID":"Salalah","Gov_ID":"Dhofar Governorate","Road_ID":"103812","Pipe_Diameter":200,"Pipe_Material":"HDPE","Invert_Level_From_m":0,"Invert_Level_To_m":0,"Slop_Percentage":0,"Latitude":17.020793919999999,"Longitude":54.117479590000002,"GlobalID":"{25B9A64D-E1C5-4DFB-9328-6CA35215E72A}","NEAR_FID":10179,"NEAR_DIST":0}},{"type":"Feature","id":247,"geometry":{"type":"LineString","coordinates":[[193100.76370000001,1884117.8533999994],[193051.87160000019,1884108.4348000009]]},"properties":{"OBJECTID":247,"Shape_Length":49.791038032219035,"Asset_ID":"DP247","Name":null,"District_ID":"al Huseela","Wlyt_ID":"Salalah","Gov_ID":"Dhofar Governorate","Road_ID":"103812","Pipe_Diameter":600,"Pipe_Material":"HDPE","Invert_Level_From_m":7.4000000000000004,"Invert_Level_To_m":7.3499999999999996,"Slop_Percentage":0.10000000000000001,"Latitude":17.02076023,"Longitude":54.117248070000002,"GlobalID":"{D26F4233-1602-414D-ACB0-4AB9D2999778}","NEAR_FID":10179,"NEAR_DIST":0}},{"type":"Feature","id":248,"geometry":{"type":"LineString","coordinates":[[193051.49780000001,1884111.0761999991],[193051.87160000019,1884108.4348000009]]},"properties":{"OBJECTID":248,"Shape_Length":2.667718199270035,"Asset_ID":"DP248","Name":null,"District_ID":"al Huseela","Wlyt_ID":"Salalah","Gov_ID":"Dhofar Governorate","Road_ID":"103812","Pipe_Diameter":200,"Pipe_Material":"HDPE","Invert_Level_From_m":0,"Invert_Level_To_m":0,"Slop_Percentage":0,"Latitude":17.02072708,"Longitude":54.117017269999998,"GlobalID":"{15CC5A31-AE9A-4418-B49A-31E23F37661D}","NEAR_FID":16019,"NEAR_DIST":3.1189351982941642}},{"type":"Feature","id":249,"geometry":{"type":"LineString","coordinates":[[193057.1333999997,1884081.7223000005],[193051.87160000019,1884108.4348000009]]},"properties":{"OBJECTID":249,"Shape_Length":27.225800181165926,"Asset_ID":"DP249","Name":null,"District_ID":"al Huseela","Wlyt_ID":"Salalah","Gov_ID":"Dhofar Governorate","Road_ID":"103812","Pipe_Diameter":200,"Pipe_Material":"HDPE","Invert_Level_From_m":0,"Invert_Level_To_m":0,"Slop_Percentage":0,"Latitude":17.02059491,"Longitude":54.117045709999999,"GlobalID":"{0FC48EDC-826C-418D-B00E-896DD0E7007E}","NEAR_FID":6906,"NEAR_DIST":0}},{"type":"Feature","id":250,"geometry":{"type":"LineString","coordinates":[[193051.87160000019,1884108.4348000009],[192996.3543999996,1884097.4691000003]]},"properties":{"OBJECTID":250,"Shape_Length":56.589805375229567,"Asset_ID":"DP250","Name":null,"District_ID":"al Huseela","Wlyt_ID":"Salalah","Gov_ID":"Dhofar Governorate","Road_ID":"103812","Pipe_Diameter":700,"Pipe_Material":"HDPE","Invert_Level_From_m":7.3499999999999996,"Invert_Level_To_m":0,"Slop_Percentage":12.949999999999999,"Latitude":17.02066228,"Longitude":54.116758599999997,"GlobalID":"{3CAEDD08-3252-469C-B730-9E98AEF55148}","NEAR_FID":16019,"NEAR_DIST":3.1189351982941642}},{"type":"Feature","id":251,"geometry":{"type":"LineString","coordinates":[[193008.39439999964,1884072.1852000002],[193003.32400000002,1884096.0488000009]]},"properties":{"OBJECTID":251,"Shape_Length":24.396318598333782,"Asset_ID":"DP251","Name":null,"District_ID":"al Huseela","Wlyt_ID":"Salalah","Gov_ID":"Dhofar Governorate","Road_ID":"103812","Pipe_Diameter":200,"Pipe_Material":"HDPE","Invert_Level_From_m":0,"Invert_Level_To_m":0,"Slop_Percentage":0,"Latitude":17.020490110000001,"Longitude":54.11659057,"GlobalID":"{C1E9408C-D7FE-4240-A726-195817E42967}","NEAR_FID":15328,"NEAR_DIST":0}},{"type":"Feature","id":252,"geometry":{"type":"LineString","coordinates":[[192995.75549999997,1884100.2985999994],[192996.3543999996,1884097.4691000003]]},"properties":{"OBJECTID":252,"Shape_Length":2.8921880046512203,"Asset_ID":"DP252","Name":null,"District_ID":"al Huseela","Wlyt_ID":"Salalah","Gov_ID":"Dhofar Governorate","Road_ID":"103812","Pipe_Diameter":200,"Pipe_Material":"HDPE","Invert_Level_From_m":0,"Invert_Level_To_m":0,"Slop_Percentage":0,"Latitude":17.020622299999999,"Longitude":54.116495759999999,"GlobalID":"{07F4DAFD-B26B-4414-AEFC-4B9F27DB258E}","NEAR_FID":16019,"NEAR_DIST":3.3068285823828769}},{"type":"Feature","id":253,"geometry":{"type":"LineString","coordinates":[[193003.32400000002,1884096.0488000009],[192996.3543999996,1884097.4691000003]]},"properties":{"OBJECTID":253,"Shape_Length":7.112845861831774,"Asset_ID":"DP253","Name":null,"District_ID":"al Huseela","Wlyt_ID":"Salalah","Gov_ID":"Dhofar Governorate","Road_ID":"103812","Pipe_Diameter":200,"Pipe_Material":"HDPE","Invert_Level_From_m":0,"Invert_Level_To_m":0,"Slop_Percentage":0,"Latitude":17.02060354,"Longitude":54.116531610000003,"GlobalID":"{FEB46718-53E8-4FEF-B7F0-773472696F44}","NEAR_FID":16019,"NEAR_DIST":0.63787203107347201}},{"type":"Feature","id":254,"geometry":{"type":"LineString","coordinates":[[190172.18719999958,1884317.8674999997],[190202.73280000035,1884322.2595000006]]},"properties":{"OBJECTID":254,"Shape_Length":30.859736606379002,"Asset_ID":"DP254","Name":null,"District_ID":"Salalah al Jadida","Wlyt_ID":"Salalah","Gov_ID":"Dhofar Governorate","Road_ID":"104378","Pipe_Diameter":200,"Pipe_Material":"HDPE","Invert_Level_From_m":0,"Invert_Level_To_m":0,"Slop_Percentage":0,"Latitude":17.022258990000001,"Longitude":54.090072059999997,"GlobalID":"{F34FE8FF-ADAD-4C5E-A784-9E502DCF73BB}","NEAR_FID":11750,"NEAR_DIST":0}},{"type":"Feature","id":255,"geometry":{"type":"LineString","coordinates":[[190202.73280000035,1884322.2595000006],[190233.16669999994,1884328.0637999997]]},"properties":{"OBJECTID":255,"Shape_Length":30.982449349012771,"Asset_ID":"DP255","Name":null,"District_ID":"Salalah al Jadida","Wlyt_ID":"Salalah","Gov_ID":"Dhofar Governorate","Road_ID":"104378","Pipe_Diameter":200,"Pipe_Material":"HDPE","Invert_Level_From_m":0,"Invert_Level_To_m":0,"Slop_Percentage":0,"Latitude":17.022308840000001,"Longitude":54.090358160000001,"GlobalID":"{F9D9E98A-4870-465A-B141-5E6D1ECFC3AE}","NEAR_FID":11750,"NEAR_DIST":0.21748301119352564}},{"type":"Feature","id":256,"geometry":{"type":"LineString","coordinates":[[190233.16669999994,1884328.0637999997],[190260.60300000012,1884333.6359000001]]},"properties":{"OBJECTID":256,"Shape_Length":27.996407914447438,"Asset_ID":"DP256","Name":null,"District_ID":"Salalah al Jadida","Wlyt_ID":"Salalah","Gov_ID":"Dhofar Governorate","Road_ID":"104378","Pipe_Diameter":200,"Pipe_Material":"HDPE","Invert_Level_From_m":0,"Invert_Level_To_m":0,"Slop_Percentage":0,"Latitude":17.022379740000002,"Longitude":54.090664920000002,"GlobalID":"{E8CE3BC3-53E4-47CD-94C4-2D2268499E06}","NEAR_FID":11750,"NEAR_DIST":0.097222993289306503}},{"type":"Feature","id":257,"geometry":{"type":"LineString","coordinates":[[190260.60300000012,1884333.6359000001],[190283.58899999969,1884339.5096000005]]},"properties":{"OBJECTID":257,"Shape_Length":23.72459794546991,"Asset_ID":"DP257","Name":null,"District_ID":"Salalah al Jadida","Wlyt_ID":"Salalah","Gov_ID":"Dhofar Governorate","Road_ID":"104378","Pipe_Diameter":200,"Pipe_Material":"HDPE","Invert_Level_From_m":0,"Invert_Level_To_m":0,"Slop_Percentage":0,"Latitude":17.02243494,"Longitude":54.090900910000002,"GlobalID":"{1E4B50A3-6E56-411A-A680-23498BCB1D04}","NEAR_FID":11750,"NEAR_DIST":0}},{"type":"Feature","id":258,"geometry":{"type":"LineString","coordinates":[[190283.58899999969,1884339.5096000005],[190297.11099999957,1884372.7973999996]]},"properties":{"OBJECTID":258,"Shape_Length":35.929404570108666,"Asset_ID":"DP258","Name":null,"District_ID":"Salalah al Jadida","Wlyt_ID":"Salalah","Gov_ID":"Dhofar Governorate","Road_ID":"104378","Pipe_Diameter":200,"Pipe_Material":"HDPE","Invert_Level_From_m":0,"Invert_Level_To_m":0,"Slop_Percentage":0,"Latitude":17.02261378,"Longitude":54.091070279999997,"GlobalID":"{6CA17D62-989F-4334-A326-8983B3293CE9}","NEAR_FID":11750,"NEAR_DIST":0}},{"type":"Feature","id":259,"geometry":{"type":"LineString","coordinates":[[190235.82749999966,1884316.4163000006],[190237.32940000016,1884309.3786999993]]},"properties":{"OBJECTID":259,"Shape_Length":7.1960765270752507,"Asset_ID":"DP259","Name":null,"District_ID":"Salalah al Jadida","Wlyt_ID":"Salalah","Gov_ID":"Dhofar Governorate","Road_ID":"104378","Pipe_Diameter":200,"Pipe_Material":"HDPE","Invert_Level_From_m":0,"Invert_Level_To_m":0,"Slop_Percentage":0,"Latitude":17.022216350000001,"Longitude":54.090569479999999,"GlobalID":"{A442A828-0559-476C-9C8E-1453F8FAC6D2}","NEAR_FID":11008,"NEAR_DIST":0.30305211014091799}},{"type":"Feature","id":260,"geometry":{"type":"LineString","coordinates":[[190204.63269999996,1884310.4601000007],[190235.82749999966,1884316.4163000006]]},"properties":{"OBJECTID":260,"Shape_Length":31.758335369868924,"Asset_ID":"DP260","Name":null,"District_ID":"Salalah al Jadida","Wlyt_ID":"Salalah","Gov_ID":"Dhofar Governorate","Road_ID":"104378","Pipe_Diameter":200,"Pipe_Material":"HDPE","Invert_Level_From_m":0,"Invert_Level_To_m":0,"Slop_Percentage":0,"Latitude":17.022219199999999,"Longitude":54.090416509999997,"GlobalID":"{A06411F8-3A74-47E9-AABB-2AB3EAC643E3}","NEAR_FID":11008,"NEAR_DIST":0.20450521989929918}},{"type":"Feature","id":261,"geometry":{"type":"LineString","coordinates":[[190174.97730000038,1884306.0724999998],[190204.63269999996,1884310.4601000007]]},"properties":{"OBJECTID":261,"Shape_Length":29.978221810300354,"Asset_ID":"DP261","Name":null,"District_ID":"Salalah al Jadida","Wlyt_ID":"Salalah","Gov_ID":"Dhofar Governorate","Road_ID":"104378","Pipe_Diameter":200,"Pipe_Material":"HDPE","Invert_Level_From_m":0,"Invert_Level_To_m":0,"Slop_Percentage":0,"Latitude":17.02216842,"Longitude":54.090131730000003,"GlobalID":"{601ACECC-6CBE-4482-9D15-1ABEDC5E5C17}","NEAR_FID":11008,"NEAR_DIST":0}},{"type":"Feature","id":262,"geometry":{"type":"LineString","coordinates":[[190237.32940000016,1884309.3786999993],[190255.23709999956,1884312.9199000001]]},"properties":{"OBJECTID":262,"Shape_Length":18.254473882195448,"Asset_ID":"DP262","Name":null,"District_ID":"Salalah al Jadida","Wlyt_ID":"Salalah","Gov_ID":"Dhofar Governorate","Road_ID":"104378","Pipe_Diameter":200,"Pipe_Material":"HDPE","Invert_Level_From_m":0,"Invert_Level_To_m":0,"Slop_Percentage":0,"Latitude":17.022202450000002,"Longitude":54.090660800000002,"GlobalID":"{1BD21892-F96D-451C-BBED-0AA55D841B64}","NEAR_FID":11008,"NEAR_DIST":7.4348688108794878}},{"type":"Feature","id":263,"geometry":{"type":"LineString","coordinates":[[190255.23709999956,1884312.9199000001],[190277.7966,1884317.3986000009]]},"properties":{"OBJECTID":263,"Shape_Length":22.999778128691155,"Asset_ID":"DP263","Name":null,"District_ID":"Salalah al Jadida","Wlyt_ID":"Salalah","Gov_ID":"Dhofar Governorate","Road_ID":"104378","Pipe_Diameter":200,"Pipe_Material":"HDPE","Invert_Level_From_m":0,"Invert_Level_To_m":0,"Slop_Percentage":0,"Latitude":17.02224111,"Longitude":54.090850869999997,"GlobalID":"{928954C2-C723-484F-8022-D6A5D412885E}","NEAR_FID":11008,"NEAR_DIST":7.3379839843982859}},{"type":"Feature","id":264,"geometry":{"type":"LineString","coordinates":[[190277.7966,1884317.3986000009],[190287.95660000015,1884318.6067999993]]},"properties":{"OBJECTID":264,"Shape_Length":10.23158576368618,"Asset_ID":"DP264","Name":null,"District_ID":"Salalah al Jadida","Wlyt_ID":"Salalah","Gov_ID":"Dhofar Governorate","Road_ID":"104378","Pipe_Diameter":200,"Pipe_Material":"HDPE","Invert_Level_From_m":0,"Invert_Level_To_m":0,"Slop_Percentage":0,"Latitude":17.022268319999998,"Longitude":54.091003489999999,"GlobalID":"{E8BD750D-BF62-4D3B-AAA2-36A471CA0D4D}","NEAR_FID":11008,"NEAR_DIST":7.3379839843982859}},{"type":"Feature","id":265,"geometry":{"type":"LineString","coordinates":[[190287.95660000015,1884318.6067999993],[190283.58899999969,1884339.5096000005]]},"properties":{"OBJECTID":265,"Shape_Length":21.354226224448013,"Asset_ID":"DP265","Name":null,"District_ID":"Salalah al Jadida","Wlyt_ID":"Salalah","Gov_ID":"Dhofar Governorate","Road_ID":"104378","Pipe_Diameter":200,"Pipe_Material":"UPVC","Invert_Level_From_m":0,"Invert_Level_To_m":0,"Slop_Percentage":0,"Latitude":17.022368159999999,"Longitude":54.091029560000003,"GlobalID":"{C177A272-F035-428A-8785-4F7ABE511A61}","NEAR_FID":11008,"NEAR_DIST":0}},{"type":"Feature","id":266,"geometry":{"type":"LineString","coordinates":[[190309.49600000028,1884331.9821000006],[190306.94010000024,1884332.1340999994]]},"properties":{"OBJECTID":266,"Shape_Length":2.5603909391660578,"Asset_ID":"DP266","Name":null,"District_ID":"Salalah al Jadida","Wlyt_ID":"Salalah","Gov_ID":"Dhofar Governorate","Road_ID":"104378","Pipe_Diameter":200,"Pipe_Material":"UPVC","Invert_Level_From_m":0,"Invert_Level_To_m":0,"Slop_Percentage":0,"Latitude":17.022396480000001,"Longitude":54.091238509999997,"GlobalID":"{D5C56F51-6D91-43E1-B4EB-4D6D50FAFFBA}","NEAR_FID":8524,"NEAR_DIST":4.757945440740821}},{"type":"Feature","id":267,"geometry":{"type":"LineString","coordinates":[[189585.19919999968,1884253.0142999999],[189561.86479999963,1884253.7112000007]]},"properties":{"OBJECTID":267,"Shape_Length":23.344804410692191,"Asset_ID":"DP267","Name":null,"District_ID":"Salalah al Jadida","Wlyt_ID":"Salalah","Gov_ID":"Dhofar Governorate","Road_ID":"104189","Pipe_Diameter":600,"Pipe_Material":"HDPE","Invert_Level_From_m":0,"Invert_Level_To_m":0,"Slop_Percentage":0,"Latitude":17.021567489999999,"Longitude":54.084356929999998,"GlobalID":"{8AAC64AF-8B72-461F-8C46-2121E5F6D565}","NEAR_FID":9622,"NEAR_DIST":0}},{"type":"Feature","id":268,"geometry":{"type":"LineString","coordinates":[[189561.86479999963,1884253.7112000007],[189568.09250000026,1884229.9701000005]]},"properties":{"OBJECTID":268,"Shape_Length":24.544328805615407,"Asset_ID":"DP268","Name":null,"District_ID":"Salalah al Jadida","Wlyt_ID":"Salalah","Gov_ID":"Dhofar Governorate","Road_ID":"104189","Pipe_Diameter":600,"Pipe_Material":"HDPE","Invert_Level_From_m":0,"Invert_Level_To_m":0,"Slop_Percentage":0,"Latitude":17.021469759999999,"Longitude":54.084287320000001,"GlobalID":"{ECEF2BE6-2A3F-4814-A69F-8C106DB451FB}","NEAR_FID":16645,"NEAR_DIST":9.6815783444639898}},{"type":"Feature","id":269,"geometry":{"type":"LineString","coordinates":[[189568.09250000026,1884229.9701000005],[189572.49969999958,1884182.5092999991]]},"properties":{"OBJECTID":269,"Shape_Length":47.664986610788624,"Asset_ID":"DP269","Name":null,"District_ID":"Salalah al Jadida","Wlyt_ID":"Salalah","Gov_ID":"Dhofar Governorate","Road_ID":"104390","Pipe_Diameter":600,"Pipe_Material":"HDPE","Invert_Level_From_m":0,"Invert_Level_To_m":0,"Slop_Percentage":0,"Latitude":17.02116526,"Longitude":54.084334769999998,"GlobalID":"{A91431EB-E0FB-4470-A34A-ED5325D8DC33}","NEAR_FID":15747,"NEAR_DIST":0}},{"type":"Feature","id":270,"geometry":{"type":"LineString","coordinates":[[189564.67399999965,1884199.6179000009],[189564.00310000032,1884205.7563000005]]},"properties":{"OBJECTID":270,"Shape_Length":6.1749543612928139,"Asset_ID":"DP270","Name":null,"District_ID":"Salalah al Jadida","Wlyt_ID":"Salalah","Gov_ID":"Dhofar Governorate","Road_ID":"104390","Pipe_Diameter":200,"Pipe_Material":"HDPE","Invert_Level_From_m":0,"Invert_Level_To_m":0,"Slop_Percentage":0,"Latitude":17.021132139999999,"Longitude":54.084278310000002,"GlobalID":"{3C15BE7C-BD59-4E20-A4B6-91744FBFECF8}","NEAR_FID":15747,"NEAR_DIST":0}},{"type":"Feature","id":271,"geometry":{"type":"LineString","coordinates":[[189564.00310000032,1884205.7563000005],[189571.31950000022,1884212.8121000007]]},"properties":{"OBJECTID":271,"Shape_Length":10.16435057450075,"Asset_ID":"DP271","Name":null,"District_ID":"Salalah al Jadida","Wlyt_ID":"Salalah","Gov_ID":"Dhofar Governorate","Road_ID":"104390","Pipe_Diameter":200,"Pipe_Material":"HDPE","Invert_Level_From_m":0,"Invert_Level_To_m":0,"Slop_Percentage":0,"Latitude":17.02119179,"Longitude":54.084308319999998,"GlobalID":"{8ED70CA3-61D2-402A-A44A-E2F40E58A3F5}","NEAR_FID":15747,"NEAR_DIST":1.2662322621414999}},{"type":"Feature","id":272,"geometry":{"type":"LineString","coordinates":[[189569.57940000016,1884230.0982000008],[189568.09250000026,1884229.9701000005]]},"properties":{"OBJECTID":272,"Shape_Length":1.4924078597320491,"Asset_ID":"DP272","Name":null,"District_ID":"Salalah al Jadida","Wlyt_ID":"Salalah","Gov_ID":"Dhofar Governorate","Road_ID":"104189","Pipe_Diameter":200,"Pipe_Material":"HDPE","Invert_Level_From_m":0,"Invert_Level_To_m":0,"Slop_Percentage":0,"Latitude":17.02130227,"Longitude":54.084332789999998,"GlobalID":"{5DA9871A-8476-40F6-B893-AF2E16109563}","NEAR_FID":16645,"NEAR_DIST":8.1895070705095705}},{"type":"Feature","id":273,"geometry":{"type":"LineString","coordinates":[[189595.00609999988,1884203.1843999997],[189594.09370000008,1884209.7386000007]]},"properties":{"OBJECTID":273,"Shape_Length":6.6174021650144335,"Asset_ID":"DP273","Name":null,"District_ID":"Salalah al Jadida","Wlyt_ID":"Salalah","Gov_ID":"Dhofar Governorate","Road_ID":"104251","Pipe_Diameter":200,"Pipe_Material":"HDPE","Invert_Level_From_m":0,"Invert_Level_To_m":0,"Slop_Percentage":0,"Latitude":17.021170120000001,"Longitude":54.084561090000001,"GlobalID":"{BBDDAFB9-D5B5-416E-8785-E0D6D5BD756F}","NEAR_FID":16241,"NEAR_DIST":0.59300226539210044}},{"type":"Feature","id":274,"geometry":{"type":"LineString","coordinates":[[189594.09370000008,1884209.7386000007],[189586.61309999973,1884213.7818]]},"properties":{"OBJECTID":274,"Shape_Length":8.5033430249150879,"Asset_ID":"DP274","Name":null,"District_ID":"Salalah al Jadida","Wlyt_ID":"Salalah","Gov_ID":"Dhofar Governorate","Road_ID":"104251","Pipe_Diameter":200,"Pipe_Material":"UPVC","Invert_Level_From_m":0,"Invert_Level_To_m":0,"Slop_Percentage":0,"Latitude":17.021217230000001,"Longitude":54.084521049999999,"GlobalID":"{895479A6-82F6-4AD1-BBD2-E52FC61F36BC}","NEAR_FID":16241,"NEAR_DIST":0}},{"type":"Feature","id":275,"geometry":{"type":"LineString","coordinates":[[189586.61309999973,1884213.7818],[189571.31950000022,1884212.8121000007]]},"properties":{"OBJECTID":275,"Shape_Length":15.324311372250341,"Asset_ID":"DP275","Name":null,"District_ID":"Salalah al Jadida","Wlyt_ID":"Salalah","Gov_ID":"Dhofar Governorate","Road_ID":"104189","Pipe_Diameter":200,"Pipe_Material":"UPVC","Invert_Level_From_m":0,"Invert_Level_To_m":0,"Slop_Percentage":0,"Latitude":17.021229609999999,"Longitude":54.084413929999997,"GlobalID":"{BAEF61B5-A23F-4522-A5E8-87D25F80CD15}","NEAR_FID":16645,"NEAR_DIST":0}},{"type":"Feature","id":276,"geometry":{"type":"LineString","coordinates":[[189572.49969999958,1884182.5092999991],[189575.83930000011,1884150.5305000003]]},"properties":{"OBJECTID":276,"Shape_Length":32.152707157007015,"Asset_ID":"DP276","Name":null,"District_ID":"Salalah al Jadida","Wlyt_ID":"Salalah","Gov_ID":"Dhofar Governorate","Road_ID":"104268","Pipe_Diameter":600,"Pipe_Material":"HDPE","Invert_Level_From_m":0,"Invert_Level_To_m":0,"Slop_Percentage":0,"Latitude":17.02080703,"Longitude":54.084376980000002,"GlobalID":"{BA484826-7B7F-4B4D-A749-8B427FDCB1D7}","NEAR_FID":4353,"NEAR_DIST":0}},{"type":"Feature","id":277,"geometry":{"type":"LineString","coordinates":[[189589.50879999995,1884184.7201000005],[189572.49969999958,1884182.5092999991]]},"properties":{"OBJECTID":277,"Shape_Length":17.15217535675588,"Asset_ID":"DP277","Name":null,"District_ID":"Salalah al Jadida","Wlyt_ID":"Salalah","Gov_ID":"Dhofar Governorate","Road_ID":"104189","Pipe_Diameter":200,"Pipe_Material":"HDPE","Invert_Level_From_m":0,"Invert_Level_To_m":0,"Slop_Percentage":0,"Latitude":17.020962659999999,"Longitude":54.084445170000002,"GlobalID":"{644C2BFB-8B35-45FF-876A-2D3F02FB14D5}","NEAR_FID":10911,"NEAR_DIST":0}},{"type":"Feature","id":278,"geometry":{"type":"LineString","coordinates":[[189569.31199999992,1884156.1671999991],[189569.66299999971,1884150.1682999991]]},"properties":{"OBJECTID":278,"Shape_Length":6.0091598589091522,"Asset_ID":"DP278","Name":null,"District_ID":"Salalah al Jadida","Wlyt_ID":"Salalah","Gov_ID":"Dhofar Governorate","Road_ID":"104268","Pipe_Diameter":200,"Pipe_Material":"HDPE","Invert_Level_From_m":0,"Invert_Level_To_m":0,"Slop_Percentage":0,"Latitude":17.020685109999999,"Longitude":54.084323390000002,"GlobalID":"{A43DC498-F2CD-4A0C-A6E1-7C9923060345}","NEAR_FID":4353,"NEAR_DIST":0}},{"type":"Feature","id":279,"geometry":{"type":"LineString","coordinates":[[189569.66299999971,1884150.1682999991],[189575.83930000011,1884150.5305000003]]},"properties":{"OBJECTID":279,"Shape_Length":6.1869112274091922,"Asset_ID":"DP279","Name":null,"District_ID":"Salalah al Jadida","Wlyt_ID":"Salalah","Gov_ID":"Dhofar Governorate","Road_ID":"104268","Pipe_Diameter":200,"Pipe_Material":"HDPE","Invert_Level_From_m":0,"Invert_Level_To_m":0,"Slop_Percentage":0,"Latitude":17.020660070000002,"Longitude":54.084356309999997,"GlobalID":"{E9D6AF7D-EDF2-4096-98A2-B9B29FE1CB50}","NEAR_FID":4353,"NEAR_DIST":5.1617601467171585}},{"type":"Feature","id":280,"geometry":{"type":"LineString","coordinates":[[189592.73390000034,1884152.4307000004],[189575.83930000011,1884150.5305000003]]},"properties":{"OBJECTID":280,"Shape_Length":17.001125527681371,"Asset_ID":"DP280","Name":null,"District_ID":"Salalah al Jadida","Wlyt_ID":"Salalah","Gov_ID":"Dhofar Governorate","Road_ID":"104189","Pipe_Diameter":200,"Pipe_Material":"HDPE","Invert_Level_From_m":0,"Invert_Level_To_m":0,"Slop_Percentage":0,"Latitude":17.02067357,"Longitude":54.084475070000003,"GlobalID":"{033017B2-6F1A-423F-945F-8E80B3951B37}","NEAR_FID":8247,"NEAR_DIST":0}},{"type":"Feature","id":281,"geometry":{"type":"LineString","coordinates":[[189600.18790000025,1884151.3433999997],[189592.73390000034,1884152.4307000004]]},"properties":{"OBJECTID":281,"Shape_Length":7.5328837300343379,"Asset_ID":"DP281","Name":null,"District_ID":"Salalah al Jadida","Wlyt_ID":"Salalah","Gov_ID":"Dhofar Governorate","Road_ID":"104252","Pipe_Diameter":200,"Pipe_Material":"UPVC","Invert_Level_From_m":0,"Invert_Level_To_m":0,"Slop_Percentage":0,"Latitude":17.02067821,"Longitude":54.084586190000003,"GlobalID":"{D548C419-15D0-48E5-8608-2CB4D7553391}","NEAR_FID":14756,"NEAR_DIST":0.52933179918632278}},{"type":"Feature","id":282,"geometry":{"type":"LineString","coordinates":[[189600.48599999957,1884144.6325000003],[189600.18790000025,1884151.3433999997]]},"properties":{"OBJECTID":282,"Shape_Length":6.7175175780248022,"Asset_ID":"DP282","Name":null,"District_ID":"Salalah al Jadida","Wlyt_ID":"Salalah","Gov_ID":"Dhofar Governorate","Road_ID":"104252","Pipe_Diameter":200,"Pipe_Material":"HDPE","Invert_Level_From_m":0,"Invert_Level_To_m":0,"Slop_Percentage":0,"Latitude":17.020643710000002,"Longitude":54.084623569999998,"GlobalID":"{0E00C1E0-0B30-493F-98DB-0FD1B26E47DB}","NEAR_FID":14756,"NEAR_DIST":0}},{"type":"Feature","id":283,"geometry":{"type":"LineString","coordinates":[[189575.83930000011,1884150.5305000003],[189578.99739999976,1884119.3277000003]]},"properties":{"OBJECTID":283,"Shape_Length":31.362211711758963,"Asset_ID":"DP283","Name":null,"District_ID":"Salalah al Jadida","Wlyt_ID":"Salalah","Gov_ID":"Dhofar Governorate","Road_ID":"104268","Pipe_Diameter":600,"Pipe_Material":"HDPE","Invert_Level_From_m":0,"Invert_Level_To_m":0,"Slop_Percentage":0,"Latitude":17.02052231,"Longitude":54.084418040000003,"GlobalID":"{335F4AC0-BB63-4BD0-848E-8C6C9C79EFFB}","NEAR_FID":4353,"NEAR_DIST":5.2506446034777552}},{"type":"Feature","id":284,"geometry":{"type":"LineString","coordinates":[[189570.13910000026,1884105.2019999996],[189578.99739999976,1884119.3277000003]]},"properties":{"OBJECTID":284,"Shape_Length":16.673478323077386,"Asset_ID":"DP284","Name":null,"District_ID":"Salalah al Jadida","Wlyt_ID":"Salalah","Gov_ID":"Dhofar Governorate","Road_ID":"104267","Pipe_Diameter":200,"Pipe_Material":"HDPE","Invert_Level_From_m":0,"Invert_Level_To_m":0,"Slop_Percentage":0,"Latitude":17.02031757,"Longitude":54.084394179999997,"GlobalID":"{B99AA47A-02CC-4C05-B1B5-EDCCB5CB1D4D}","NEAR_FID":10511,"NEAR_DIST":0.98886769987365386}},{"type":"Feature","id":285,"geometry":{"type":"LineString","coordinates":[[189571.06049999967,1884097.3838999998],[189570.13910000026,1884105.2019999996]]},"properties":{"OBJECTID":285,"Shape_Length":7.8722084300271433,"Asset_ID":"DP285","Name":null,"District_ID":"Salalah al Jadida","Wlyt_ID":"Salalah","Gov_ID":"Dhofar Governorate","Road_ID":"104267","Pipe_Diameter":200,"Pipe_Material":"HDPE","Invert_Level_From_m":0,"Invert_Level_To_m":0,"Slop_Percentage":0,"Latitude":17.020217729999999,"Longitude":54.084350630000003,"GlobalID":"{63710FBB-BAEF-4D08-9C47-C66953D6B0B3}","NEAR_FID":10511,"NEAR_DIST":0}},{"type":"Feature","id":286,"geometry":{"type":"LineString","coordinates":[[189595.92009999976,1884120.7426999994],[189578.99739999976,1884119.3277000003]]},"properties":{"OBJECTID":286,"Shape_Length":16.981754923661995,"Asset_ID":"DP286","Name":null,"District_ID":"Salalah al Jadida","Wlyt_ID":"Salalah","Gov_ID":"Dhofar Governorate","Road_ID":"104189","Pipe_Diameter":200,"Pipe_Material":"HDPE","Invert_Level_From_m":0,"Invert_Level_To_m":0,"Slop_Percentage":0,"Latitude":17.020389170000001,"Longitude":54.084512879999998,"GlobalID":"{236B08FB-2E71-438A-A28D-1137E3869689}","NEAR_FID":6999,"NEAR_DIST":0}},{"type":"Feature","id":287,"geometry":{"type":"LineString","coordinates":[[189578.99739999976,1884119.3277000003],[189584.54000000004,1884065.8205999993]]},"properties":{"OBJECTID":287,"Shape_Length":53.793402618515223,"Asset_ID":"DP287","Name":null,"District_ID":"Salalah al Jadida","Wlyt_ID":"Salalah","Gov_ID":"Dhofar Governorate","Road_ID":"104267","Pipe_Diameter":600,"Pipe_Material":"HDPE","Invert_Level_From_m":0,"Invert_Level_To_m":0,"Slop_Percentage":0,"Latitude":17.020140399999999,"Longitude":54.084465680000001,"GlobalID":"{A91D4112-02A8-49AA-83F0-EBB84E6CD938}","NEAR_FID":10511,"NEAR_DIST":0}},{"type":"Feature","id":288,"geometry":{"type":"LineString","coordinates":[[189605.78110000025,1884095.8505000006],[189606.52960000001,1884088.8903000001]]},"properties":{"OBJECTID":288,"Shape_Length":7.0003311562631332,"Asset_ID":"DP288","Name":null,"District_ID":"Salalah al Jadida","Wlyt_ID":"Salalah","Gov_ID":"Dhofar Governorate","Road_ID":"104254","Pipe_Diameter":200,"Pipe_Material":"HDPE","Invert_Level_From_m":0,"Invert_Level_To_m":0,"Slop_Percentage":0,"Latitude":17.020140900000001,"Longitude":54.084686259999998,"GlobalID":"{33C001D5-E6BD-4727-8A39-FD8D76017F0C}","NEAR_FID":12629,"NEAR_DIST":0.18509704526642776}},{"type":"Feature","id":289,"geometry":{"type":"LineString","coordinates":[[189606.52960000001,1884088.8903000001],[189599.96899999958,1884079.5968999993]]},"properties":{"OBJECTID":289,"Shape_Length":11.375796936487687,"Asset_ID":"DP289","Name":null,"District_ID":"Salalah al Jadida","Wlyt_ID":"Salalah","Gov_ID":"Dhofar Governorate","Road_ID":"104189","Pipe_Diameter":200,"Pipe_Material":"HDPE","Invert_Level_From_m":0,"Invert_Level_To_m":0,"Slop_Percentage":0,"Latitude":17.020068139999999,"Longitude":54.084659960000003,"GlobalID":"{836AA571-FA70-4216-AEC9-C6C22BD877A6}","NEAR_FID":18194,"NEAR_DIST":6.5172984524684638}},{"type":"Feature","id":290,"geometry":{"type":"LineString","coordinates":[[189599.96899999958,1884079.5968999993],[189601.18410000019,1884067.9626000002]]},"properties":{"OBJECTID":290,"Shape_Length":11.697581138022308,"Asset_ID":"DP290","Name":null,"District_ID":"Salalah al Jadida","Wlyt_ID":"Salalah","Gov_ID":"Dhofar Governorate","Road_ID":"104189","Pipe_Diameter":200,"Pipe_Material":"HDPE","Invert_Level_From_m":0,"Invert_Level_To_m":0,"Slop_Percentage":0,"Latitude":17.019973310000001,"Longitude":54.084636340000003,"GlobalID":"{8653C93F-3B7F-45BF-AE23-C3E3AC442E95}","NEAR_FID":18194,"NEAR_DIST":6.5172984524684638}},{"type":"Feature","id":291,"geometry":{"type":"LineString","coordinates":[[189601.18410000019,1884067.9626000002],[189584.54000000004,1884065.8205999993]]},"properties":{"OBJECTID":291,"Shape_Length":16.781365523072541,"Asset_ID":"DP291","Name":null,"District_ID":"Salalah al Jadida","Wlyt_ID":"Salalah","Gov_ID":"Dhofar Governorate","Road_ID":"104189","Pipe_Diameter":200,"Pipe_Material":"HDPE","Invert_Level_From_m":0,"Invert_Level_To_m":0,"Slop_Percentage":0,"Latitude":17.019910549999999,"Longitude":54.084571390000001,"GlobalID":"{3553012F-E1F3-4236-8F7B-47F74BA935E2}","NEAR_FID":18194,"NEAR_DIST":0}},{"type":"Feature","id":292,"geometry":{"type":"LineString","coordinates":[[189584.54000000004,1884065.8205999993],[189588.09819999989,1884030.9794999994]]},"properties":{"OBJECTID":292,"Shape_Length":35.022321973823523,"Asset_ID":"DP292","Name":null,"District_ID":"Salalah al Jadida","Wlyt_ID":"Salalah","Gov_ID":"Dhofar Governorate","Road_ID":"104266","Pipe_Diameter":600,"Pipe_Material":"HDPE","Invert_Level_From_m":0,"Invert_Level_To_m":0,"Slop_Percentage":0,"Latitude":17.01974177,"Longitude":54.08450672,"GlobalID":"{02E5FBA6-6DB4-4064-8098-D7CC4B9873B6}","NEAR_FID":16500,"NEAR_DIST":0}},{"type":"Feature","id":293,"geometry":{"type":"LineString","coordinates":[[189604.70559999999,1884031.9112],[189588.09819999989,1884030.9794999994]]},"properties":{"OBJECTID":293,"Shape_Length":16.633514350676851,"Asset_ID":"DP293","Name":null,"District_ID":"Salalah al Jadida","Wlyt_ID":"Salalah","Gov_ID":"Dhofar Governorate","Road_ID":"104189","Pipe_Diameter":200,"Pipe_Material":"HDPE","Invert_Level_From_m":0,"Invert_Level_To_m":0,"Slop_Percentage":0,"Latitude":17.019590709999999,"Longitude":54.084609149999999,"GlobalID":"{1AD29080-95D2-4DE3-8AA3-93AE55BB4240}","NEAR_FID":9711,"NEAR_DIST":0}},{"type":"Feature","id":294,"geometry":{"type":"LineString","coordinates":[[189578.39510000031,1884049.4339000005],[189578.87839999981,1884043.2007999998]]},"properties":{"OBJECTID":294,"Shape_Length":6.2518088989587541,"Asset_ID":"DP294","Name":null,"District_ID":"Salalah al Jadida","Wlyt_ID":"Salalah","Gov_ID":"Dhofar Governorate","Road_ID":"104266","Pipe_Diameter":200,"Pipe_Material":"HDPE","Invert_Level_From_m":0,"Invert_Level_To_m":0,"Slop_Percentage":0,"Latitude":17.019722640000001,"Longitude":54.084433629999999,"GlobalID":"{C8EDEF97-E085-4503-9B91-57F29484C521}","NEAR_FID":16500,"NEAR_DIST":0.066842914695898772}},{"type":"Feature","id":295,"geometry":{"type":"LineString","coordinates":[[189578.87839999981,1884043.2007999998],[189588.09819999989,1884030.9794999994]]},"properties":{"OBJECTID":295,"Shape_Length":15.308980558462943,"Asset_ID":"DP295","Name":null,"District_ID":"Salalah al Jadida","Wlyt_ID":"Salalah","Gov_ID":"Dhofar Governorate","Road_ID":"104266","Pipe_Diameter":200,"Pipe_Material":"HDPE","Invert_Level_From_m":0,"Invert_Level_To_m":0,"Slop_Percentage":0,"Latitude":17.01963933,"Longitude":54.084480390000003,"GlobalID":"{6F18FB8A-656F-4CF6-AC67-6A849784CAE2}","NEAR_FID":16500,"NEAR_DIST":6.3163580659047973}},{"type":"Feature","id":296,"geometry":{"type":"LineString","coordinates":[[189616.09350000042,1884029.1996999998],[189588.09819999989,1884030.9794999994]]},"properties":{"OBJECTID":296,"Shape_Length":28.051818303965455,"Asset_ID":"DP296","Name":null,"District_ID":"Salalah al Jadida","Wlyt_ID":"Salalah","Gov_ID":"Dhofar Governorate","Road_ID":"104189","Pipe_Diameter":600,"Pipe_Material":"HDPE","Invert_Level_From_m":0,"Invert_Level_To_m":0,"Slop_Percentage":0,"Latitude":17.019578589999998,"Longitude":54.084657319999998,"GlobalID":"{48A42D7C-E93F-4FF6-A202-5AB92F7F7ED3}","NEAR_FID":9711,"NEAR_DIST":0}},{"type":"Feature","id":297,"geometry":{"type":"LineString","coordinates":[[189588.09819999989,1884030.9794999994],[189593.3328999998,1883980.4122000001]]},"properties":{"OBJECTID":297,"Shape_Length":50.837524657559435,"Asset_ID":"DP297","Name":null,"District_ID":"Salalah al Jadida","Wlyt_ID":"Salalah","Gov_ID":"Dhofar Governorate","Road_ID":"104265","Pipe_Diameter":600,"Pipe_Material":"HDPE","Invert_Level_From_m":0,"Invert_Level_To_m":0,"Slop_Percentage":0,"Latitude":17.019339850000001,"Longitude":54.084553900000003,"GlobalID":"{1B25F5E0-7DDE-4BE2-A5FE-0BA33310D341}","NEAR_FID":7971,"NEAR_DIST":0}},{"type":"Feature","id":298,"geometry":{"type":"LineString","coordinates":[[189583.89109999966,1883992.8519000001],[189584.63549999986,1883986.6436999999]]},"properties":{"OBJECTID":298,"Shape_Length":6.2526697180572048,"Asset_ID":"DP298","Name":null,"District_ID":"Salalah al Jadida","Wlyt_ID":"Salalah","Gov_ID":"Dhofar Governorate","Road_ID":"104265","Pipe_Diameter":200,"Pipe_Material":"HDPE","Invert_Level_From_m":0,"Invert_Level_To_m":0,"Slop_Percentage":0,"Latitude":17.01921269,"Longitude":54.084495019999999,"GlobalID":"{3C03D170-A6FC-4122-B2F1-52E2508DF979}","NEAR_FID":7971,"NEAR_DIST":0}},{"type":"Feature","id":299,"geometry":{"type":"LineString","coordinates":[[189620.51219999976,1883976.2152999993],[189616.03120000008,1883970.5709000006]]},"properties":{"OBJECTID":299,"Shape_Length":7.206844825758445,"Asset_ID":"DP299","Name":null,"District_ID":"Salalah al Jadida","Wlyt_ID":"Salalah","Gov_ID":"Dhofar Governorate","Road_ID":"104258","Pipe_Diameter":200,"Pipe_Material":"HDPE","Invert_Level_From_m":0,"Invert_Level_To_m":0,"Slop_Percentage":0,"Latitude":17.019068789999999,"Longitude":54.08481579,"GlobalID":"{72D0E2CE-9E7C-4447-86FD-6A5FB59EB07E}","NEAR_FID":18093,"NEAR_DIST":0.35109534908243462}},{"type":"Feature","id":300,"geometry":{"type":"LineString","coordinates":[[189616.03120000008,1883970.5709000006],[189610.48089999985,1883973.9655000009]]},"properties":{"OBJECTID":300,"Shape_Length":6.5060847868892484,"Asset_ID":"DP300","Name":null,"District_ID":"Salalah al Jadida","Wlyt_ID":"Salalah","Gov_ID":"Dhofar Governorate","Road_ID":"104258","Pipe_Diameter":200,"Pipe_Material":"HDPE","Invert_Level_From_m":0,"Invert_Level_To_m":0,"Slop_Percentage":0,"Latitude":17.019058269999999,"Longitude":54.084769180000002,"GlobalID":"{34DB1B93-7A07-4474-921D-B3A7E6E411FB}","NEAR_FID":18093,"NEAR_DIST":0.35109534908243462}},{"type":"Feature","id":301,"geometry":{"type":"LineString","coordinates":[[189616.67850000039,1883963.1662000008],[189616.03120000008,1883970.5709000006]]},"properties":{"OBJECTID":301,"Shape_Length":7.4329388116685244,"Asset_ID":"DP301","Name":null,"District_ID":"Salalah al Jadida","Wlyt_ID":"Salalah","Gov_ID":"Dhofar Governorate","Road_ID":"104258","Pipe_Diameter":200,"Pipe_Material":"HDPE","Invert_Level_From_m":0,"Invert_Level_To_m":0,"Slop_Percentage":0,"Latitude":17.01900938,"Longitude":54.084798749999997,"GlobalID":"{1517E4EB-D433-4E53-B418-90433F0C1AA7}","NEAR_FID":18093,"NEAR_DIST":0}},{"type":"Feature","id":302,"geometry":{"type":"LineString","coordinates":[[189610.48089999985,1883973.9655000009],[189593.6958999997,1883976.7818999998]]},"properties":{"OBJECTID":302,"Shape_Length":17.019645529774127,"Asset_ID":"DP302","Name":null,"District_ID":"Salalah al Jadida","Wlyt_ID":"Salalah","Gov_ID":"Dhofar Governorate","Road_ID":"104189","Pipe_Diameter":200,"Pipe_Material":"HDPE","Invert_Level_From_m":0,"Invert_Level_To_m":0,"Slop_Percentage":0,"Latitude":17.019069420000001,"Longitude":54.084689390000001,"GlobalID":"{C444C1B8-E52F-4189-AE82-F918C2B9F6AD}","NEAR_FID":6626,"NEAR_DIST":0}},{"type":"Feature","id":303,"geometry":{"type":"LineString","coordinates":[[189584.63549999986,1883986.6436999999],[189593.6958999997,1883976.7818999998]]},"properties":{"OBJECTID":303,"Shape_Length":13.392010580885476,"Asset_ID":"DP303","Name":null,"District_ID":"Salalah al Jadida","Wlyt_ID":"Salalah","Gov_ID":"Dhofar Governorate","Road_ID":"104265","Pipe_Diameter":200,"Pipe_Material":"HDPE","Invert_Level_From_m":0,"Invert_Level_To_m":0,"Slop_Percentage":0,"Latitude":17.019140459999999,"Longitude":54.084541649999998,"GlobalID":"{80EB9EB0-41F0-4B13-A281-B4657BD75196}","NEAR_FID":7971,"NEAR_DIST":5.55160902608604}},{"type":"Feature","id":304,"geometry":{"type":"LineString","coordinates":[[189593.3328999998,1883980.4122000001],[189596.38310000021,1883949.9394000005]]},"properties":{"OBJECTID":304,"Shape_Length":30.625075671098269,"Asset_ID":"DP304","Name":null,"District_ID":"Salalah al Jadida","Wlyt_ID":"Salalah","Gov_ID":"Dhofar Governorate","Road_ID":"104189","Pipe_Diameter":600,"Pipe_Material":"HDPE","Invert_Level_From_m":0,"Invert_Level_To_m":0,"Slop_Percentage":0,"Latitude":17.01897516,"Longitude":54.084598990000003,"GlobalID":"{932EBA20-9118-40D1-8D0A-3B4A7E13E033}","NEAR_FID":6626,"NEAR_DIST":9.6387654566608152}},{"type":"Feature","id":305,"geometry":{"type":"LineString","coordinates":[[189596.38310000021,1883949.9394000005],[189600.65380000044,1883906.9244999997]]},"properties":{"OBJECTID":305,"Shape_Length":43.226386624003474,"Asset_ID":"DP305","Name":null,"District_ID":"Salalah al Jadida","Wlyt_ID":"Salalah","Gov_ID":"Dhofar Governorate","Road_ID":"104264","Pipe_Diameter":600,"Pipe_Material":"HDPE","Invert_Level_From_m":0,"Invert_Level_To_m":0,"Slop_Percentage":0,"Latitude":17.018661179999999,"Longitude":54.084638089999999,"GlobalID":"{B0E9AC0F-24E4-45A3-8721-235FD49597A8}","NEAR_FID":5110,"NEAR_DIST":0}},{"type":"Feature","id":306,"geometry":{"type":"LineString","coordinates":[[189617.03440000024,1883908.1023999993],[189600.65380000044,1883906.9244999997]]},"properties":{"OBJECTID":306,"Shape_Length":16.422895748386889,"Asset_ID":"DP306","Name":null,"District_ID":"Salalah al Jadida","Wlyt_ID":"Salalah","Gov_ID":"Dhofar Governorate","Road_ID":"104189","Pipe_Diameter":200,"Pipe_Material":"HDPE","Invert_Level_From_m":0,"Invert_Level_To_m":0,"Slop_Percentage":0,"Latitude":17.01847355,"Longitude":54.084737779999998,"GlobalID":"{0A1E8C29-4DA8-4CBC-ABD8-5597F6CDC6D6}","NEAR_FID":5493,"NEAR_DIST":0}},{"type":"Feature","id":307,"geometry":{"type":"LineString","coordinates":[[189623.17410000041,1883932.4835999999],[189622.73840000015,1883939.1142999995]]},"properties":{"OBJECTID":307,"Shape_Length":6.6449993961872638,"Asset_ID":"DP307","Name":null,"District_ID":"Salalah al Jadida","Wlyt_ID":"Salalah","Gov_ID":"Dhofar Governorate","Road_ID":"104260","Pipe_Diameter":200,"Pipe_Material":"HDPE","Invert_Level_From_m":0,"Invert_Level_To_m":0,"Slop_Percentage":0,"Latitude":17.018730349999998,"Longitude":54.084865370000003,"GlobalID":"{6AE6C469-DF61-4980-B9E8-0BD1805403E6}","NEAR_FID":12778,"NEAR_DIST":0.039270055556733949}},{"type":"Feature","id":308,"geometry":{"type":"LineString","coordinates":[[189622.73840000015,1883939.1142999995],[189598.20309999958,1883939.1397999991]]},"properties":{"OBJECTID":308,"Shape_Length":24.535313251882091,"Asset_ID":"DP308","Name":null,"District_ID":"Salalah al Jadida","Wlyt_ID":"Salalah","Gov_ID":"Dhofar Governorate","Road_ID":"104189","Pipe_Diameter":200,"Pipe_Material":"HDPE","Invert_Level_From_m":0,"Invert_Level_To_m":0,"Slop_Percentage":0,"Latitude":17.018758850000001,"Longitude":54.084748070000003,"GlobalID":"{3E12AE38-4F5C-4C00-B73F-5D0F347B87EC}","NEAR_FID":8244,"NEAR_DIST":0}},{"type":"Feature","id":309,"geometry":{"type":"LineString","coordinates":[[189598.20309999958,1883939.1397999991],[189597.38939999975,1883949.9450000003]]},"properties":{"OBJECTID":309,"Shape_Length":10.835795068022646,"Asset_ID":"DP309","Name":null,"District_ID":"Salalah al Jadida","Wlyt_ID":"Salalah","Gov_ID":"Dhofar Governorate","Road_ID":"104264","Pipe_Diameter":200,"Pipe_Material":"HDPE","Invert_Level_From_m":0,"Invert_Level_To_m":0,"Slop_Percentage":0,"Latitude":17.018806349999998,"Longitude":54.084628649999999,"GlobalID":"{B58BDAD5-4460-4F3C-A0AB-EB0672E94EE0}","NEAR_FID":5110,"NEAR_DIST":3.1108934877107886}},{"type":"Feature","id":310,"geometry":{"type":"LineString","coordinates":[[189612.63960000034,1883951.9722000007],[189597.38939999975,1883949.9450000003]]},"properties":{"OBJECTID":310,"Shape_Length":15.384347236704759,"Asset_ID":"DP310","Name":null,"District_ID":"Salalah al Jadida","Wlyt_ID":"Salalah","Gov_ID":"Dhofar Governorate","Road_ID":"104189","Pipe_Diameter":200,"Pipe_Material":"HDPE","Invert_Level_From_m":0,"Invert_Level_To_m":0,"Slop_Percentage":0,"Latitude":17.01886511,"Longitude":54.084695170000003,"GlobalID":"{B6CA4875-2080-4424-9312-DFB018E457ED}","NEAR_FID":8244,"NEAR_DIST":0}},{"type":"Feature","id":311,"geometry":{"type":"LineString","coordinates":[[189600.65380000044,1883906.9244999997],[189606.47549999971,1883860.8413999993]]},"properties":{"OBJECTID":311,"Shape_Length":46.449373478315778,"Asset_ID":"DP311","Name":null,"District_ID":"Salalah al Jadida","Wlyt_ID":"Salalah","Gov_ID":"Dhofar Governorate","Road_ID":"104263","Pipe_Diameter":600,"Pipe_Material":"HDPE","Invert_Level_From_m":0,"Invert_Level_To_m":0,"Slop_Percentage":0,"Latitude":17.018259520000001,"Longitude":54.084685559999997,"GlobalID":"{0B7EC3DA-284E-4E35-9053-1ADEFB7751B6}","NEAR_FID":16842,"NEAR_DIST":0}},{"type":"Feature","id":312,"geometry":{"type":"LineString","coordinates":[[189602.32930000033,1883880.0201999992],[189606.34329999983,1883860.9485999998]]},"properties":{"OBJECTID":312,"Shape_Length":19.48943617795895,"Asset_ID":"DP312","Name":null,"District_ID":"Salalah al Jadida","Wlyt_ID":"Salalah","Gov_ID":"Dhofar Governorate","Road_ID":"104263","Pipe_Diameter":200,"Pipe_Material":"HDPE","Invert_Level_From_m":0,"Invert_Level_To_m":0,"Slop_Percentage":0,"Latitude":17.018137549999999,"Longitude":54.08469418,"GlobalID":"{A9B730C5-5BD0-4E39-BD0F-CFC8D4AAF9E9}","NEAR_FID":16842,"NEAR_DIST":0}},{"type":"Feature","id":313,"geometry":{"type":"LineString","coordinates":[[189621.49399999995,1883863.1117000002],[189606.47549999971,1883860.8413999993]]},"properties":{"OBJECTID":313,"Shape_Length":15.189127833792009,"Asset_ID":"DP313","Name":null,"District_ID":"Salalah al Jadida","Wlyt_ID":"Salalah","Gov_ID":"Dhofar Governorate","Road_ID":"104189","Pipe_Diameter":200,"Pipe_Material":"HDPE","Invert_Level_From_m":0,"Invert_Level_To_m":0,"Slop_Percentage":0,"Latitude":17.01806229,"Longitude":54.084791580000001,"GlobalID":"{3C6E228D-4FAF-4E41-9091-4B1DE2B18BC5}","NEAR_FID":11724,"NEAR_DIST":0}},{"type":"Feature","id":314,"geometry":{"type":"LineString","coordinates":[[189606.47070000041,1883860.8701000009],[189605.96079999954,1883827.3258999996]]},"properties":{"OBJECTID":314,"Shape_Length":33.548075231480396,"Asset_ID":"DP314","Name":null,"District_ID":"Salalah al Jadida","Wlyt_ID":"Salalah","Gov_ID":"Dhofar Governorate","Road_ID":"104187","Pipe_Diameter":600,"Pipe_Material":"HDPE","Invert_Level_From_m":0,"Invert_Level_To_m":0,"Slop_Percentage":0,"Latitude":17.017900650000001,"Longitude":54.084722730000003,"GlobalID":"{268983FF-886E-49BE-8ABF-7386B61043A7}","NEAR_FID":7119,"NEAR_DIST":2.1482966054738624}},{"type":"Feature","id":315,"geometry":{"type":"LineString","coordinates":[[189627.0393000003,1883830.2127],[189605.96079999954,1883827.3258999996]]},"properties":{"OBJECTID":315,"Shape_Length":21.275262078869943,"Asset_ID":"DP315","Name":null,"District_ID":"Salalah al Jadida","Wlyt_ID":"Salalah","Gov_ID":"Dhofar Governorate","Road_ID":"104187","Pipe_Diameter":200,"Pipe_Material":"HDPE","Invert_Level_From_m":0,"Invert_Level_To_m":0,"Slop_Percentage":0,"Latitude":17.017763550000002,"Longitude":54.084827070000003,"GlobalID":"{9805A3B9-4577-4E3E-9C3E-6BCA6110B154}","NEAR_FID":7119,"NEAR_DIST":0}},{"type":"Feature","id":316,"geometry":{"type":"LineString","coordinates":[[189605.96079999954,1883827.3258999996],[189615.19539999962,1883788.0387999993]]},"properties":{"OBJECTID":316,"Shape_Length":40.35782530805718,"Asset_ID":"DP316","Name":null,"District_ID":"Salalah al Jadida","Wlyt_ID":"Salalah","Gov_ID":"Dhofar Governorate","Road_ID":"104187","Pipe_Diameter":800,"Pipe_Material":"HDPE","Invert_Level_From_m":0,"Invert_Level_To_m":0,"Slop_Percentage":0,"Latitude":17.01757216,"Longitude":54.084774080000003,"GlobalID":"{7E629AE5-CAE6-4FA7-BD79-50458FC6BC8C}","NEAR_FID":5753,"NEAR_DIST":0}},{"type":"Feature","id":317,"geometry":{"type":"LineString","coordinates":[[189632.48500000034,1883821.7646999992],[189635.96700000018,1883799.3125]]},"properties":{"OBJECTID":317,"Shape_Length":22.720598777429231,"Asset_ID":"DP317","Name":null,"District_ID":"Salalah al Jadida","Wlyt_ID":"Salalah","Gov_ID":"Dhofar Governorate","Road_ID":"104187","Pipe_Diameter":0,"Pipe_Material":" ","Invert_Level_From_m":0,"Invert_Level_To_m":0,"Slop_Percentage":0,"Latitude":17.017600349999999,"Longitude":54.084988299999999,"GlobalID":"{E3F911E0-4E6D-41E8-811B-D87DB53F2FF6}","NEAR_FID":10080,"NEAR_DIST":0}},{"type":"Feature","id":318,"geometry":{"type":"LineString","coordinates":[[189615.19539999962,1883788.0387999993],[189621.62600000016,1883747.8671000004]]},"properties":{"OBJECTID":318,"Shape_Length":40.683142665834708,"Asset_ID":"DP318","Name":null,"District_ID":"Salalah al Jadida","Wlyt_ID":"Salalah","Gov_ID":"Dhofar Governorate","Road_ID":"104373","Pipe_Diameter":800,"Pipe_Material":"HDPE","Invert_Level_From_m":0,"Invert_Level_To_m":0,"Slop_Percentage":0,"Latitude":17.017213139999999,"Longitude":54.084844779999997,"GlobalID":"{6323E747-6843-4ADA-AE08-FD1AC30B605A}","NEAR_FID":18309,"NEAR_DIST":0}},{"type":"Feature","id":319,"geometry":{"type":"LineString","coordinates":[[189641.68030000012,1883799.9027999993],[189615.19539999962,1883788.0387999993]]},"properties":{"OBJECTID":319,"Shape_Length":29.020758502116582,"Asset_ID":"DP319","Name":null,"District_ID":"Salalah al Jadida","Wlyt_ID":"Salalah","Gov_ID":"Dhofar Governorate","Road_ID":"104189","Pipe_Diameter":600,"Pipe_Material":"HDPE","Invert_Level_From_m":0,"Invert_Level_To_m":0,"Slop_Percentage":0,"Latitude":17.01744966,"Longitude":54.084936540000001,"GlobalID":"{5CCDB463-EA4C-434C-8374-E3D36A80F63C}","NEAR_FID":4003,"NEAR_DIST":0}},{"type":"Feature","id":320,"geometry":{"type":"LineString","coordinates":[[189627.96210000012,1883710.8049999997],[189634.99650000036,1883669.4469000008]]},"properties":{"OBJECTID":320,"Shape_Length":41.952058577415038,"Asset_ID":"DP320","Name":null,"District_ID":"Salalah al Jadida","Wlyt_ID":"Salalah","Gov_ID":"Dhofar Governorate","Road_ID":"104189","Pipe_Diameter":800,"Pipe_Material":"HDPE","Invert_Level_From_m":0,"Invert_Level_To_m":0,"Slop_Percentage":0,"Latitude":17.0165124,"Longitude":54.084978710000001,"GlobalID":"{174E6B6C-8A6F-47C0-9965-97E773E775F3}","NEAR_FID":9981,"NEAR_DIST":8.1368835037441869}},{"type":"Feature","id":321,"geometry":{"type":"LineString","coordinates":[[189634.99650000036,1883669.4469000008],[189641.25380000006,1883632.8332000002]]},"properties":{"OBJECTID":321,"Shape_Length":37.144539720098955,"Asset_ID":"DP321","Name":null,"District_ID":"Salalah al Jadida","Wlyt_ID":"Salalah","Gov_ID":"Dhofar Governorate","Road_ID":"104189","Pipe_Diameter":800,"Pipe_Material":"HDPE","Invert_Level_From_m":0,"Invert_Level_To_m":0,"Slop_Percentage":0,"Latitude":17.016161019999998,"Longitude":54.085046839999997,"GlobalID":"{011864E8-B7FE-4AF9-88B4-7EF5D16FE911}","NEAR_FID":9981,"NEAR_DIST":8.6758120890486783}},{"type":"Feature","id":322,"geometry":{"type":"LineString","coordinates":[[189656.76190000027,1883635.3363000005],[189641.25380000006,1883632.8332000002]]},"properties":{"OBJECTID":322,"Shape_Length":15.708808841797268,"Asset_ID":"DP322","Name":null,"District_ID":"Salalah al Jadida","Wlyt_ID":"Salalah","Gov_ID":"Dhofar Governorate","Road_ID":"104189","Pipe_Diameter":200,"Pipe_Material":"HDPE","Invert_Level_From_m":0,"Invert_Level_To_m":0,"Slop_Percentage":0,"Latitude":17.016008459999998,"Longitude":54.085150740000003,"GlobalID":"{D62A8AE2-3608-4A47-9F2E-0B2DF5810125}","NEAR_FID":9981,"NEAR_DIST":0}},{"type":"Feature","id":323,"geometry":{"type":"LineString","coordinates":[[189641.27130000014,1883632.7482999992],[189647.22709999979,1883590.5473999996]]},"properties":{"OBJECTID":323,"Shape_Length":42.619098000908949,"Asset_ID":"DP323","Name":null,"District_ID":"Salalah al Jadida","Wlyt_ID":"Salalah","Gov_ID":"Dhofar Governorate","Road_ID":"104189","Pipe_Diameter":800,"Pipe_Material":"HDPE","Invert_Level_From_m":0,"Invert_Level_To_m":0,"Slop_Percentage":0,"Latitude":17.015807389999999,"Longitude":54.08511816,"GlobalID":"{78662F1A-98E8-455B-AE42-04C510B21574}","NEAR_FID":9981,"NEAR_DIST":8.9978101804742874}},{"type":"Feature","id":324,"geometry":{"type":"LineString","coordinates":[[189664.18350000028,1883593.4320999999],[189647.22709999979,1883590.5473999996]]},"properties":{"OBJECTID":324,"Shape_Length":17.200028926379058,"Asset_ID":"DP324","Name":null,"District_ID":"Salalah al Jadida","Wlyt_ID":"Salalah","Gov_ID":"Dhofar Governorate","Road_ID":"104189","Pipe_Diameter":200,"Pipe_Material":"HDPE","Invert_Level_From_m":0,"Invert_Level_To_m":0,"Slop_Percentage":0,"Latitude":17.015631079999999,"Longitude":54.085228489999999,"GlobalID":"{00017915-6543-4529-A844-41F85A28FF59}","NEAR_FID":9981,"NEAR_DIST":0}},{"type":"Feature","id":325,"geometry":{"type":"LineString","coordinates":[[189647.22709999979,1883590.5473999996],[189654.31830000039,1883552.0724999998]]},"properties":{"OBJECTID":325,"Shape_Length":39.122922276371519,"Asset_ID":"DP325","Name":null,"District_ID":"Salalah al Jadida","Wlyt_ID":"Salalah","Gov_ID":"Dhofar Governorate","Road_ID":"104421","Pipe_Diameter":800,"Pipe_Material":"HDPE","Invert_Level_From_m":0,"Invert_Level_To_m":0,"Slop_Percentage":0,"Latitude":17.01544474,"Longitude":54.0851848,"GlobalID":"{78C244C3-B42F-4165-880F-7B9DCBE89382}","NEAR_FID":4790,"NEAR_DIST":0}},{"type":"Feature","id":326,"geometry":{"type":"LineString","coordinates":[[189671.09649999999,1883555.0756999999],[189654.58800000045,1883552.0010000002]]},"properties":{"OBJECTID":326,"Shape_Length":16.792389714482404,"Asset_ID":"DP326","Name":null,"District_ID":"Salalah al Jadida","Wlyt_ID":"Salalah","Gov_ID":"Dhofar Governorate","Road_ID":"104189","Pipe_Diameter":200,"Pipe_Material":"HDPE","Invert_Level_From_m":0,"Invert_Level_To_m":0,"Slop_Percentage":0,"Latitude":17.01528489,"Longitude":54.085299190000001,"GlobalID":"{CC52FDA1-5EB5-4A7C-AF25-9C8584C1DDB3}","NEAR_FID":6005,"NEAR_DIST":0}},{"type":"Feature","id":327,"geometry":{"type":"LineString","coordinates":[[189654.31830000039,1883552.0724999998],[189661.35610000044,1883510.8962999992]]},"properties":{"OBJECTID":327,"Shape_Length":41.773317743837019,"Asset_ID":"DP327","Name":null,"District_ID":"Salalah al Jadida","Wlyt_ID":"Salalah","Gov_ID":"Dhofar Governorate","Road_ID":"104217","Pipe_Diameter":1000,"Pipe_Material":"HDPE","Invert_Level_From_m":0,"Invert_Level_To_m":0,"Slop_Percentage":0,"Latitude":17.015068549999999,"Longitude":54.085249769999997,"GlobalID":"{D1C02847-1621-42D5-BF0E-52ADDB24FD1E}","NEAR_FID":7616,"NEAR_DIST":0}},{"type":"Feature","id":328,"geometry":{"type":"LineString","coordinates":[[189679.79779999983,1883505.9644000009],[189661.35610000044,1883510.8962999992]]},"properties":{"OBJECTID":328,"Shape_Length":19.08978618164431,"Asset_ID":"DP328","Name":null,"District_ID":"Salalah al Jadida","Wlyt_ID":"Salalah","Gov_ID":"Dhofar Governorate","Road_ID":"104189","Pipe_Diameter":200,"Pipe_Material":"HDPE","Invert_Level_From_m":0,"Invert_Level_To_m":0,"Slop_Percentage":0,"Latitude":17.01486126,"Longitude":54.085372960000001,"GlobalID":"{6099798A-46EB-4368-AA5A-E0D80F2068BE}","NEAR_FID":12858,"NEAR_DIST":0}},{"type":"Feature","id":329,"geometry":{"type":"LineString","coordinates":[[189665.49509999994,1883502.7464000005],[189661.35610000044,1883510.8962999992]]},"properties":{"OBJECTID":329,"Shape_Length":9.1406887587505139,"Asset_ID":"DP329","Name":null,"District_ID":"Salalah al Jadida","Wlyt_ID":"Salalah","Gov_ID":"Dhofar Governorate","Road_ID":"104217","Pipe_Diameter":200,"Pipe_Material":"HDPE","Invert_Level_From_m":0,"Invert_Level_To_m":0,"Slop_Percentage":0,"Latitude":17.01484598,"Longitude":54.085306150000001,"GlobalID":"{A5A13D7B-5A68-409C-8224-A00B820CF57C}","NEAR_FID":7616,"NEAR_DIST":6.4115218783778563}},{"type":"Feature","id":330,"geometry":{"type":"LineString","coordinates":[[189653.04760000017,1883516.9042000007],[189654.0745000001,1883509.8061999995]]},"properties":{"OBJECTID":330,"Shape_Length":7.1718984673776855,"Asset_ID":"DP330","Name":null,"District_ID":"Salalah al Jadida","Wlyt_ID":"Salalah","Gov_ID":"Dhofar Governorate","Road_ID":"104217","Pipe_Diameter":200,"Pipe_Material":"HDPE","Invert_Level_From_m":0,"Invert_Level_To_m":0,"Slop_Percentage":0,"Latitude":17.014926060000001,"Longitude":54.085209310000003,"GlobalID":"{1E28E5FA-01FE-45F3-B552-5D5708522DD8}","NEAR_FID":7616,"NEAR_DIST":0}},{"type":"Feature","id":331,"geometry":{"type":"LineString","coordinates":[[189654.0745000001,1883509.8061999995],[189661.3331000004,1883511.0361000001]]},"properties":{"OBJECTID":331,"Shape_Length":7.362060036141882,"Asset_ID":"DP331","Name":null,"District_ID":"Salalah al Jadida","Wlyt_ID":"Salalah","Gov_ID":"Dhofar Governorate","Road_ID":"104217","Pipe_Diameter":200,"Pipe_Material":"UPVC","Invert_Level_From_m":0,"Invert_Level_To_m":0,"Slop_Percentage":0,"Latitude":17.01488385,"Longitude":54.085247959999997,"GlobalID":"{31E8F87D-2360-43DF-83C8-93A9CF39319F}","NEAR_FID":7616,"NEAR_DIST":6.2700895495097111}},{"type":"Feature","id":332,"geometry":{"type":"LineString","coordinates":[[189661.3331000004,1883511.0361000001],[189668.19280000031,1883475.2839000002]]},"properties":{"OBJECTID":332,"Shape_Length":36.404330634252318,"Asset_ID":"DP332","Name":null,"District_ID":"Salalah al Jadida","Wlyt_ID":"Salalah","Gov_ID":"Dhofar Governorate","Road_ID":"104222","Pipe_Diameter":1000,"Pipe_Material":"HDPE","Invert_Level_From_m":0,"Invert_Level_To_m":0,"Slop_Percentage":0,"Latitude":17.014720260000001,"Longitude":54.085321999999998,"GlobalID":"{F4001CDF-FED3-41E0-AAC6-79E059BF2E28}","NEAR_FID":13503,"NEAR_DIST":0}},{"type":"Feature","id":333,"geometry":{"type":"LineString","coordinates":[[189694.21800000034,1883467.0375999995],[189692.71999999974,1883475.8670000006]]},"properties":{"OBJECTID":333,"Shape_Length":8.9555741513943321,"Asset_ID":"DP333","Name":null,"District_ID":"Salalah al Jadida","Wlyt_ID":"Salalah","Gov_ID":"Dhofar Governorate","Road_ID":"104190","Pipe_Diameter":200,"Pipe_Material":"HDPE","Invert_Level_From_m":0,"Invert_Level_To_m":0,"Slop_Percentage":0,"Latitude":17.014541980000001,"Longitude":54.085576959999997,"GlobalID":"{5A3E43F4-3A37-4B57-A789-E0764A97A92B}","NEAR_FID":13551,"NEAR_DIST":0}},{"type":"Feature","id":334,"geometry":{"type":"LineString","coordinates":[[189692.71999999974,1883475.8670000006],[189685.9813000001,1883478.3885999992]]},"properties":{"OBJECTID":334,"Shape_Length":7.195036083200125,"Asset_ID":"DP334","Name":null,"District_ID":"Salalah al Jadida","Wlyt_ID":"Salalah","Gov_ID":"Dhofar Governorate","Road_ID":"104190","Pipe_Diameter":200,"Pipe_Material":"HDPE","Invert_Level_From_m":0,"Invert_Level_To_m":0,"Slop_Percentage":0,"Latitude":17.01459204,"Longitude":54.085537330000001,"GlobalID":"{2EA7CA43-3473-4544-9AD9-7A889385F27F}","NEAR_FID":13551,"NEAR_DIST":1.3357059814560743}},{"type":"Feature","id":335,"geometry":{"type":"LineString","coordinates":[[189685.9813000001,1883478.3885999992],[189668.19280000031,1883475.2839000002]]},"properties":{"OBJECTID":335,"Shape_Length":18.057405525904112,"Asset_ID":"DP335","Name":null,"District_ID":"Salalah al Jadida","Wlyt_ID":"Salalah","Gov_ID":"Dhofar Governorate","Road_ID":"104189","Pipe_Diameter":200,"Pipe_Material":"HDPE","Invert_Level_From_m":0,"Invert_Level_To_m":0,"Slop_Percentage":0,"Latitude":17.014593009999999,"Longitude":54.085445589999999,"GlobalID":"{84A0D5B9-AE06-44B3-9926-F2499E3BEBEE}","NEAR_FID":6541,"NEAR_DIST":0}},{"type":"Feature","id":336,"geometry":{"type":"LineString","coordinates":[[189668.19280000031,1883475.2839000002],[189674.73029999994,1883436.7630000003]]},"properties":{"OBJECTID":336,"Shape_Length":39.071711544881218,"Asset_ID":"DP336","Name":null,"District_ID":"Salalah al Jadida","Wlyt_ID":"Salalah","Gov_ID":"Dhofar Governorate","Road_ID":"104413","Pipe_Diameter":1000,"Pipe_Material":"HDPE","Invert_Level_From_m":0,"Invert_Level_To_m":0,"Slop_Percentage":0,"Latitude":17.014404899999999,"Longitude":54.085386489999998,"GlobalID":"{E504536F-0594-4ACE-AD62-87842C28E199}","NEAR_FID":19224,"NEAR_DIST":0}},{"type":"Feature","id":337,"geometry":{"type":"LineString","coordinates":[[189674.73029999994,1883436.7630000003],[189682.21889999975,1883388.5073000006]]},"properties":{"OBJECTID":337,"Shape_Length":48.833305360291305,"Asset_ID":"DP337","Name":null,"District_ID":"Salalah al Jadida","Wlyt_ID":"Salalah","Gov_ID":"Dhofar Governorate","Road_ID":"104211","Pipe_Diameter":1000,"Pipe_Material":"HDPE","Invert_Level_From_m":0,"Invert_Level_To_m":0,"Slop_Percentage":0,"Latitude":17.01401439,"Longitude":54.085459139999998,"GlobalID":"{E637A19A-44F7-47D0-85C5-9FFFD4F1861C}","NEAR_FID":10337,"NEAR_DIST":0}},{"type":"Feature","id":338,"geometry":{"type":"LineString","coordinates":[[189682.21889999975,1883388.5073000006],[189690.29870000016,1883345.5302000009]]},"properties":{"OBJECTID":338,"Shape_Length":43.730015920855209,"Asset_ID":"DP338","Name":null,"District_ID":"Salalah al Jadida","Wlyt_ID":"Salalah","Gov_ID":"Dhofar Governorate","Road_ID":"104216","Pipe_Diameter":1000,"Pipe_Material":"HDPE","Invert_Level_From_m":0,"Invert_Level_To_m":0,"Slop_Percentage":0,"Latitude":17.01360343,"Longitude":54.08553826,"GlobalID":"{23FABECC-C1BD-4383-97B2-FB0513C5327F}","NEAR_FID":18835,"NEAR_DIST":0}},{"type":"Feature","id":339,"geometry":{"type":"LineString","coordinates":[[189690.29870000016,1883345.5302000009],[189695.39749999996,1883325.2027000003]]},"properties":{"OBJECTID":339,"Shape_Length":20.95721874944828,"Asset_ID":"DP339","Name":null,"District_ID":"Salalah al Jadida","Wlyt_ID":"Salalah","Gov_ID":"Dhofar Governorate","Road_ID":"104189","Pipe_Diameter":1000,"Pipe_Material":"HDPE","Invert_Level_From_m":0,"Invert_Level_To_m":0,"Slop_Percentage":0,"Latitude":17.01331819,"Longitude":54.0856043,"GlobalID":"{A8FBA7DA-8EF6-4191-9CB1-F98D043151E7}","NEAR_FID":12228,"NEAR_DIST":0}},{"type":"Feature","id":340,"geometry":{"type":"LineString","coordinates":[[189700.2675999999,1883391.2189000007],[189682.21889999975,1883388.5073000006]]},"properties":{"OBJECTID":340,"Shape_Length":18.251256018585831,"Asset_ID":"DP340","Name":null,"District_ID":"Salalah al Jadida","Wlyt_ID":"Salalah","Gov_ID":"Dhofar Governorate","Road_ID":"104189","Pipe_Diameter":200,"Pipe_Material":"HDPE","Invert_Level_From_m":0,"Invert_Level_To_m":0,"Slop_Percentage":0,"Latitude":17.013809899999998,"Longitude":54.085581529999999,"GlobalID":"{A60C2545-15AD-4E58-AA42-A265D2C8E46C}","NEAR_FID":6621,"NEAR_DIST":0}},{"type":"Feature","id":341,"geometry":{"type":"LineString","coordinates":[[189691.62289999984,1883439.5390000008],[189674.73029999994,1883436.7630000003]]},"properties":{"OBJECTID":341,"Shape_Length":17.11917377561652,"Asset_ID":"DP341","Name":null,"District_ID":"Salalah al Jadida","Wlyt_ID":"Salalah","Gov_ID":"Dhofar Governorate","Road_ID":"104189","Pipe_Diameter":200,"Pipe_Material":"HDPE","Invert_Level_From_m":0,"Invert_Level_To_m":0,"Slop_Percentage":0,"Latitude":17.014245030000001,"Longitude":54.085499689999999,"GlobalID":"{586B1B3C-DED4-4458-B63D-E8CEF07A495B}","NEAR_FID":11857,"NEAR_DIST":0}},{"type":"Feature","id":342,"geometry":{"type":"LineString","coordinates":[[190310.25609999988,1884487.9461000003],[190310.87810000032,1884471.5011]]},"properties":{"OBJECTID":342,"Shape_Length":16.45676458341568,"Asset_ID":"DP342","Name":null,"District_ID":"Markaz al Madena","Wlyt_ID":"Salalah","Gov_ID":"Dhofar Governorate","Road_ID":"104387","Pipe_Diameter":200,"Pipe_Material":"UPVC","Invert_Level_From_m":0,"Invert_Level_To_m":0,"Slop_Percentage":0,"Latitude":17.023687120000002,"Longitude":54.091258099999997,"GlobalID":"{92B49976-0ED9-4BD4-B89E-F360FB94723C}","NEAR_FID":4308,"NEAR_DIST":0}},{"type":"Feature","id":343,"geometry":{"type":"LineString","coordinates":[[190310.87810000032,1884471.5011],[190320.18969999999,1884471.1699999999]]},"properties":{"OBJECTID":343,"Shape_Length":9.3174847337588496,"Asset_ID":"DP343","Name":null,"District_ID":"Markaz al Madena","Wlyt_ID":"Salalah","Gov_ID":"Dhofar Governorate","Road_ID":"104387","Pipe_Diameter":200,"Pipe_Material":"UPVC","Invert_Level_From_m":0,"Invert_Level_To_m":0,"Slop_Percentage":0,"Latitude":17.02362488,"Longitude":54.091291869999999,"GlobalID":"{4954EB7C-D5C1-49E2-A2A2-3F0872C34607}","NEAR_FID":4308,"NEAR_DIST":0.40431228360871085}},{"type":"Feature","id":344,"geometry":{"type":"LineString","coordinates":[[190272.12810000032,1884458.2761000004],[190285.75310000032,1884426.9178999998]]},"properties":{"OBJECTID":344,"Shape_Length":34.190310502795505,"Asset_ID":"DP344","Name":null,"District_ID":"Salalah al Jadida","Wlyt_ID":"Salalah","Gov_ID":"Dhofar Governorate","Road_ID":"104387","Pipe_Diameter":600,"Pipe_Material":"HDPE","Invert_Level_From_m":0,"Invert_Level_To_m":8.5109999999999992,"Slop_Percentage":0,"Latitude":17.023360520000001,"Longitude":54.0909525,"GlobalID":"{E8F2049D-7E10-480E-9524-B50EAEA3CFF0}","NEAR_FID":12694,"NEAR_DIST":11.774071357911943}},{"type":"Feature","id":345,"geometry":{"type":"LineString","coordinates":[[190290.29959999956,1884427.8511999995],[190285.75310000032,1884426.9178999998]]},"properties":{"OBJECTID":345,"Shape_Length":4.6413048954469716,"Asset_ID":"DP345","Name":null,"District_ID":"Salalah al Jadida","Wlyt_ID":"Salalah","Gov_ID":"Dhofar Governorate","Road_ID":"104387","Pipe_Diameter":200,"Pipe_Material":"UPVC","Invert_Level_From_m":0,"Invert_Level_To_m":0,"Slop_Percentage":0,"Latitude":17.0232244,"Longitude":54.091039889999998,"GlobalID":"{E170B3CF-AC1B-4715-AB35-058A2B951C5D}","NEAR_FID":12694,"NEAR_DIST":7.1344900716188118}},{"type":"Feature","id":346,"geometry":{"type":"LineString","coordinates":[[190285.75310000032,1884426.9178999998],[190297.11099999957,1884372.7973999996]]},"properties":{"OBJECTID":346,"Shape_Length":55.299461233034087,"Asset_ID":"DP346","Name":null,"District_ID":"Salalah al Jadida","Wlyt_ID":"Salalah","Gov_ID":"Dhofar Governorate","Road_ID":"104378","Pipe_Diameter":600,"Pipe_Material":"HDPE","Invert_Level_From_m":8.5109999999999992,"Invert_Level_To_m":8.4610000000000003,"Slop_Percentage":0.10000000000000001,"Latitude":17.02299279,"Longitude":54.09107522,"GlobalID":"{8A7CE3D8-94B6-4748-83D8-D6BD744F90D8}","NEAR_FID":9094,"NEAR_DIST":8.036245657493355}},{"type":"Feature","id":347,"geometry":{"type":"LineString","coordinates":[[190279.04609999992,1884466.7562000006],[190272.1046000002,1884458.3094999995]]},"properties":{"OBJECTID":347,"Shape_Length":10.933030831171875,"Asset_ID":"DP347","Name":null,"District_ID":"Salalah al Jadida","Wlyt_ID":"Salalah","Gov_ID":"Dhofar Governorate","Road_ID":"104387","Pipe_Diameter":200,"Pipe_Material":"UPVC","Invert_Level_From_m":0,"Invert_Level_To_m":0,"Slop_Percentage":0,"Latitude":17.02354004,"Longitude":54.090918139999999,"GlobalID":"{7C266339-5E5E-4081-9357-21CC0005F40D}","NEAR_FID":16694,"NEAR_DIST":8.3392873753863732}},{"type":"Feature","id":348,"geometry":{"type":"LineString","coordinates":[[190296.06359999999,1884397.5656000003],[190298.71549999993,1884373.0230999999]]},"properties":{"OBJECTID":348,"Shape_Length":24.68535760061085,"Asset_ID":"DP348","Name":null,"District_ID":"Salalah al Jadida","Wlyt_ID":"Salalah","Gov_ID":"Dhofar Governorate","Road_ID":"104378","Pipe_Diameter":200,"Pipe_Material":"UPVC","Invert_Level_From_m":0,"Invert_Level_To_m":0,"Slop_Percentage":0,"Latitude":17.022878009999999,"Longitude":54.091131420000004,"GlobalID":"{2D928A68-6D7E-49B6-8A38-86E0C7CBB299}","NEAR_FID":9094,"NEAR_DIST":6.496444323370377}},{"type":"Feature","id":349,"geometry":{"type":"LineString","coordinates":[[190297.11099999957,1884372.7973999996],[190306.94000000041,1884332.1339999996]]},"properties":{"OBJECTID":349,"Shape_Length":41.834451598586355,"Asset_ID":"DP349","Name":null,"District_ID":"Salalah al Jadida","Wlyt_ID":"Salalah","Gov_ID":"Dhofar Governorate","Road_ID":"104378","Pipe_Diameter":600,"Pipe_Material":"HDPE","Invert_Level_From_m":8.4610000000000003,"Invert_Level_To_m":8.4109999999999996,"Slop_Percentage":0.12,"Latitude":17.022580619999999,"Longitude":54.09117835,"GlobalID":"{A9583C06-21B9-48C9-A158-DE38E5B3355B}","NEAR_FID":9094,"NEAR_DIST":0}},{"type":"Feature","id":350,"geometry":{"type":"LineString","coordinates":[[190321.4495000001,1884424.9067000002],[190323.99469999969,1884429.2349999994]]},"properties":{"OBJECTID":350,"Shape_Length":5.0211775431087338,"Asset_ID":"DP350","Name":null,"District_ID":"Markaz al Madena","Wlyt_ID":"Salalah","Gov_ID":"Dhofar Governorate","Road_ID":"104387","Pipe_Diameter":200,"Pipe_Material":"UPVC","Invert_Level_From_m":0,"Invert_Level_To_m":0,"Slop_Percentage":0,"Latitude":17.023242400000001,"Longitude":54.0913641,"GlobalID":"{DD023968-3547-474B-916E-4028A0B657B2}","NEAR_FID":7052,"NEAR_DIST":5.326698051249716}},{"type":"Feature","id":351,"geometry":{"type":"LineString","coordinates":[[190319.84779999964,1884443.1611000001],[190321.4495000001,1884424.9067000002]]},"properties":{"OBJECTID":351,"Shape_Length":18.324534434755105,"Asset_ID":"DP351","Name":null,"District_ID":"Markaz al Madena","Wlyt_ID":"Salalah","Gov_ID":"Dhofar Governorate","Road_ID":"104387","Pipe_Diameter":200,"Pipe_Material":"UPVC","Invert_Level_From_m":0,"Invert_Level_To_m":0,"Slop_Percentage":0,"Latitude":17.023321159999998,"Longitude":54.091342879999999,"GlobalID":"{12EE8C8D-726A-4567-BC22-66922DCD8ED4}","NEAR_FID":7052,"NEAR_DIST":5.326698051249716}},{"type":"Feature","id":352,"geometry":{"type":"LineString","coordinates":[[190323.9952999996,1884429.2030999996],[190329.46939999983,1884401.9704]]},"properties":{"OBJECTID":352,"Shape_Length":27.777431848173098,"Asset_ID":"DP352","Name":null,"District_ID":"Markaz al Madena","Wlyt_ID":"Salalah","Gov_ID":"Dhofar Governorate","Road_ID":"104387","Pipe_Diameter":600,"Pipe_Material":"HDPE","Invert_Level_From_m":9.2579999999999991,"Invert_Level_To_m":9.2279999999999998,"Slop_Percentage":0.11,"Latitude":17.023123089999999,"Longitude":54.091404740000002,"GlobalID":"{22362814-C4B8-4990-9768-6D39B46C3057}","NEAR_FID":7052,"NEAR_DIST":8.6480854079463487}},{"type":"Feature","id":353,"geometry":{"type":"LineString","coordinates":[[190323.89699999988,1884405.3270999994],[190327.03039999958,1884388.0272000004]]},"properties":{"OBJECTID":353,"Shape_Length":17.581374676835608,"Asset_ID":"DP353","Name":null,"District_ID":"Markaz al Madena","Wlyt_ID":"Salalah","Gov_ID":"Dhofar Governorate","Road_ID":"104387","Pipe_Diameter":200,"Pipe_Material":"UPVC","Invert_Level_From_m":0,"Invert_Level_To_m":0,"Slop_Percentage":0,"Latitude":17.022967999999999,"Longitude":54.091394229999999,"GlobalID":"{D77734C4-BD0E-4DE0-A027-298FDED07A73}","NEAR_FID":7052,"NEAR_DIST":3.7424585794554361}},{"type":"Feature","id":354,"geometry":{"type":"LineString","coordinates":[[190327.03039999958,1884388.0272000004],[190330.96210000012,1884388.6340999994]]},"properties":{"OBJECTID":354,"Shape_Length":3.9782613337255617,"Asset_ID":"DP354","Name":null,"District_ID":"Markaz al Madena","Wlyt_ID":"Salalah","Gov_ID":"Dhofar Governorate","Road_ID":"104387","Pipe_Diameter":200,"Pipe_Material":"UPVC","Invert_Level_From_m":0,"Invert_Level_To_m":0,"Slop_Percentage":0,"Latitude":17.022908260000001,"Longitude":54.091426349999999,"GlobalID":"{EA21037E-E406-44E6-9F32-4A9E1D5793F3}","NEAR_FID":7052,"NEAR_DIST":3.7424585794554361}},{"type":"Feature","id":355,"geometry":{"type":"LineString","coordinates":[[190329.46939999983,1884401.9704],[190330.96210000012,1884388.6340999994]]},"properties":{"OBJECTID":355,"Shape_Length":13.419582564043184,"Asset_ID":"DP355","Name":null,"District_ID":"Markaz al Madena","Wlyt_ID":"Salalah","Gov_ID":"Dhofar Governorate","Road_ID":"104387","Pipe_Diameter":600,"Pipe_Material":"HDPE","Invert_Level_From_m":9.2279999999999998,"Invert_Level_To_m":9.2080000000000002,"Slop_Percentage":0.20000000000000001,"Latitude":17.022955540000002,"Longitude":54.091438160000003,"GlobalID":"{3023C37D-2B53-49C9-8AA1-F3D1B125F2C8}","NEAR_FID":7052,"NEAR_DIST":7.7176168707673023}},{"type":"Feature","id":356,"geometry":{"type":"LineString","coordinates":[[190330.96210000012,1884388.6340999994],[190338.94560000021,1884338.1993000004]]},"properties":{"OBJECTID":356,"Shape_Length":51.062758671721511,"Asset_ID":"DP356","Name":null,"District_ID":"Markaz al Madena","Wlyt_ID":"Salalah","Gov_ID":"Dhofar Governorate","Road_ID":"104387","Pipe_Diameter":600,"Pipe_Material":"HDPE","Invert_Level_From_m":9.2080000000000002,"Invert_Level_To_m":9.1579999999999995,"Slop_Percentage":0.10000000000000001,"Latitude":17.022684219999999,"Longitude":54.091485540000001,"GlobalID":"{48111D4B-BDC2-4066-8A47-AAEF11E4F708}","NEAR_FID":7052,"NEAR_DIST":5.6206406142567564}},{"type":"Feature","id":357,"geometry":{"type":"LineString","coordinates":[[190332.12629999965,1884362.4027999993],[190337.2050999999,1884337.8502999991]]},"properties":{"OBJECTID":357,"Shape_Length":25.072284811960905,"Asset_ID":"DP357","Name":null,"District_ID":"Markaz al Madena","Wlyt_ID":"Salalah","Gov_ID":"Dhofar Governorate","Road_ID":"104387","Pipe_Diameter":200,"Pipe_Material":"UPVC","Invert_Level_From_m":0,"Invert_Level_To_m":0,"Slop_Percentage":0,"Latitude":17.02256551,"Longitude":54.091485570000003,"GlobalID":"{D15C2503-B58F-49DF-BA4F-FDF167A84DBA}","NEAR_FID":7052,"NEAR_DIST":3.7652175760210054}},{"type":"Feature","id":358,"geometry":{"type":"LineString","coordinates":[[190338.94560000021,1884338.1993000004],[190348.30999999959,1884290.8885999992]]},"properties":{"OBJECTID":358,"Shape_Length":48.228563341157233,"Asset_ID":"DP358","Name":null,"District_ID":"Markaz al Madena","Wlyt_ID":"Salalah","Gov_ID":"Dhofar Governorate","Road_ID":"104387","Pipe_Diameter":600,"Pipe_Material":"HDPE","Invert_Level_From_m":9.1579999999999995,"Invert_Level_To_m":9.1080000000000005,"Slop_Percentage":0.10000000000000001,"Latitude":17.022244919999999,"Longitude":54.091574299999998,"GlobalID":"{480E3738-6B3C-43B9-8B83-23C731614E07}","NEAR_FID":7052,"NEAR_DIST":5.4421395938216426}},{"type":"Feature","id":359,"geometry":{"type":"LineString","coordinates":[[190341.9506000001,1884314.2381999996],[190346.72070000041,1884290.6448999997]]},"properties":{"OBJECTID":359,"Shape_Length":24.070680482371404,"Asset_ID":"DP359","Name":null,"District_ID":"Markaz al Madena","Wlyt_ID":"Salalah","Gov_ID":"Dhofar Governorate","Road_ID":"104387","Pipe_Diameter":200,"Pipe_Material":"UPVC","Invert_Level_From_m":0,"Invert_Level_To_m":0,"Slop_Percentage":0,"Latitude":17.02213579,"Longitude":54.091583280000002,"GlobalID":"{94C8BC0E-C5EA-45AF-AC05-7572622583E6}","NEAR_FID":7052,"NEAR_DIST":3.7785036768968592}},{"type":"Feature","id":360,"geometry":{"type":"LineString","coordinates":[[190348.30999999959,1884290.8885999992],[190362.15969999973,1884238.1588000003]]},"properties":{"OBJECTID":360,"Shape_Length":54.518308832866254,"Asset_ID":"DP360","Name":null,"District_ID":"Markaz al Madena","Wlyt_ID":"Salalah","Gov_ID":"Dhofar Governorate","Road_ID":"104387","Pipe_Diameter":600,"Pipe_Material":"HDPE","Invert_Level_From_m":9.1080000000000005,"Invert_Level_To_m":9.0579999999999998,"Slop_Percentage":0.089999999999999997,"Latitude":17.021794960000001,"Longitude":54.091690210000003,"GlobalID":"{ACB4FB74-95BF-408C-A4FB-1E74C7D399AB}","NEAR_FID":7052,"NEAR_DIST":5.4421395938216426}},{"type":"Feature","id":361,"geometry":{"type":"LineString","coordinates":[[190353.8702999996,1884263.4306000005],[190361.15979999956,1884237.7762000002]]},"properties":{"OBJECTID":361,"Shape_Length":26.669927814444179,"Asset_ID":"DP361","Name":null,"District_ID":"Markaz al Madena","Wlyt_ID":"Salalah","Gov_ID":"Dhofar Governorate","Road_ID":"104387","Pipe_Diameter":200,"Pipe_Material":"UPVC","Invert_Level_From_m":0,"Invert_Level_To_m":0,"Slop_Percentage":0,"Latitude":17.021668470000002,"Longitude":54.091713609999999,"GlobalID":"{C02B5A2C-4D9B-4B72-9280-F2A97E5DE504}","NEAR_FID":7052,"NEAR_DIST":5.5417136977632975}},{"type":"Feature","id":362,"geometry":{"type":"LineString","coordinates":[[190362.15969999973,1884238.1588000003],[190371.19759999961,1884194.4957999997]]},"properties":{"OBJECTID":362,"Shape_Length":44.588577073772747,"Asset_ID":"DP362","Name":null,"District_ID":"Markaz al Madena","Wlyt_ID":"Salalah","Gov_ID":"Dhofar Governorate","Road_ID":"104387","Pipe_Diameter":600,"Pipe_Material":"HDPE","Invert_Level_From_m":9.0579999999999998,"Invert_Level_To_m":9.0079999999999991,"Slop_Percentage":0.11,"Latitude":17.021361389999999,"Longitude":54.091804320000001,"GlobalID":"{1811AFD8-53EB-4E63-BD61-2AEC27F037AC}","NEAR_FID":15626,"NEAR_DIST":3.4500323044704397}},{"type":"Feature","id":363,"geometry":{"type":"LineString","coordinates":[[190365.60809999984,1884215.5419999994],[190369.92819999997,1884194.0755000003]]},"properties":{"OBJECTID":363,"Shape_Length":21.896892159511435,"Asset_ID":"DP363","Name":null,"District_ID":"Markaz al Madena","Wlyt_ID":"Salalah","Gov_ID":"Dhofar Governorate","Road_ID":"104387","Pipe_Diameter":200,"Pipe_Material":"UPVC","Invert_Level_From_m":0,"Invert_Level_To_m":0,"Slop_Percentage":0,"Latitude":17.021240980000002,"Longitude":54.091817829999997,"GlobalID":"{D1917F1C-580E-4FE7-812A-F9B8CFC7AFF6}","NEAR_FID":15626,"NEAR_DIST":2.1996352447033529}},{"type":"Feature","id":364,"geometry":{"type":"LineString","coordinates":[[190371.19759999961,1884194.4957999997],[190374.78440000024,1884175.5875000004]]},"properties":{"OBJECTID":364,"Shape_Length":19.245491500829161,"Asset_ID":"DP364","Name":null,"District_ID":"Markaz al Madena","Wlyt_ID":"Salalah","Gov_ID":"Dhofar Governorate","Road_ID":"104387","Pipe_Diameter":600,"Pipe_Material":"HDPE","Invert_Level_From_m":9.0079999999999991,"Invert_Level_To_m":8.9879999999999995,"Slop_Percentage":0.10000000000000001,"Latitude":17.021079820000001,"Longitude":54.091867919999999,"GlobalID":"{0A379C8C-1682-44FC-AACF-7C2D86B04372}","NEAR_FID":15626,"NEAR_DIST":0}},{"type":"Feature","id":365,"geometry":{"type":"LineString","coordinates":[[190381.29470000044,1884165.1218999997],[190374.78440000024,1884175.5875000004]]},"properties":{"OBJECTID":365,"Shape_Length":12.3252906443262,"Asset_ID":"DP365","Name":null,"District_ID":"Markaz al Madena","Wlyt_ID":"Salalah","Gov_ID":"Dhofar Governorate","Road_ID":"104387","Pipe_Diameter":200,"Pipe_Material":"UPVC","Invert_Level_From_m":0,"Invert_Level_To_m":0,"Slop_Percentage":0,"Latitude":17.020947110000002,"Longitude":54.091916980000001,"GlobalID":"{D91A69F3-385F-4332-BC82-36567BA51553}","NEAR_FID":18037,"NEAR_DIST":0}},{"type":"Feature","id":366,"geometry":{"type":"LineString","coordinates":[[190370.84200000018,1884174.6442000009],[190374.78440000024,1884175.5875000004]]},"properties":{"OBJECTID":366,"Shape_Length":4.0536813699662027,"Asset_ID":"DP366","Name":null,"District_ID":"Markaz al Madena","Wlyt_ID":"Salalah","Gov_ID":"Dhofar Governorate","Road_ID":"104387","Pipe_Diameter":200,"Pipe_Material":"UPVC","Invert_Level_From_m":0,"Invert_Level_To_m":0,"Slop_Percentage":0,"Latitude":17.020989520000001,"Longitude":54.09186717,"GlobalID":"{B917764E-778B-4280-A5E1-C1A9CA2DF426}","NEAR_FID":8482,"NEAR_DIST":4.553861377613476}},{"type":"Feature","id":367,"geometry":{"type":"LineString","coordinates":[[190376.14910000004,1884178.2594000008],[190374.78440000024,1884175.5875000004]]},"properties":{"OBJECTID":367,"Shape_Length":3.0002426073775439,"Asset_ID":"DP367","Name":null,"District_ID":"Markaz al Madena","Wlyt_ID":"Salalah","Gov_ID":"Dhofar Governorate","Road_ID":"104387","Pipe_Diameter":200,"Pipe_Material":"UPVC","Invert_Level_From_m":0,"Invert_Level_To_m":0,"Slop_Percentage":0,"Latitude":17.021006060000001,"Longitude":54.091891920000002,"GlobalID":"{A5EFA407-EB8F-4014-9471-681A145DAA45}","NEAR_FID":15626,"NEAR_DIST":6.8166276482267714}},{"type":"Feature","id":368,"geometry":{"type":"LineString","coordinates":[[190378.17459999956,1884153.1776000001],[190381.26889999956,1884137.5781999994]]},"properties":{"OBJECTID":368,"Shape_Length":15.903332130816933,"Asset_ID":"DP368","Name":null,"District_ID":"Markaz al Madena","Wlyt_ID":"Salalah","Gov_ID":"Dhofar Governorate","Road_ID":"104387","Pipe_Diameter":200,"Pipe_Material":"UPVC","Invert_Level_From_m":0,"Invert_Level_To_m":0,"Slop_Percentage":0,"Latitude":17.020722360000001,"Longitude":54.091936369999999,"GlobalID":"{485C3B80-5239-4A3E-922F-B006789F372E}","NEAR_FID":18037,"NEAR_DIST":3.5949152188860878}},{"type":"Feature","id":369,"geometry":{"type":"LineString","coordinates":[[190399.71210000012,1884036.1580999997],[190409.17509999964,1883989.6771000009]]},"properties":{"OBJECTID":369,"Shape_Length":47.434499363597865,"Asset_ID":"DP369","Name":null,"District_ID":"Markaz al Madena","Wlyt_ID":"Salalah","Gov_ID":"Dhofar Governorate","Road_ID":"104387","Pipe_Diameter":600,"Pipe_Material":"HDPE","Invert_Level_From_m":8.8499999999999996,"Invert_Level_To_m":8.8000000000000007,"Slop_Percentage":0.11,"Latitude":17.019528900000001,"Longitude":54.092187090000003,"GlobalID":"{87D266C9-84C6-4BF3-ACF0-DCE5B9DB0381}","NEAR_FID":12092,"NEAR_DIST":5.4228603002693205}},{"type":"Feature","id":370,"geometry":{"type":"LineString","coordinates":[[190432.10840000026,1883893.3524999991],[190441.39580000006,1883843.5002999995]]},"properties":{"OBJECTID":370,"Shape_Length":50.709936339059588,"Asset_ID":"DP370","Name":null,"District_ID":"Markaz al Madena","Wlyt_ID":"Salalah","Gov_ID":"Dhofar Governorate","Road_ID":"104001","Pipe_Diameter":600,"Pipe_Material":"HDPE","Invert_Level_From_m":8.6999999999999993,"Invert_Level_To_m":8.6500000000000004,"Slop_Percentage":0.11,"Latitude":17.018212859999998,"Longitude":54.092513869999998,"GlobalID":"{8C446614-A566-4D5F-B312-5EC00968E58A}","NEAR_FID":10366,"NEAR_DIST":0}},{"type":"Feature","id":371,"geometry":{"type":"LineString","coordinates":[[190444.94799999986,1883846.1221999992],[190441.39580000006,1883843.5002999995]]},"properties":{"OBJECTID":371,"Shape_Length":4.4150293823141711,"Asset_ID":"DP371","Name":null,"District_ID":"Markaz al Madena","Wlyt_ID":"Salalah","Gov_ID":"Dhofar Governorate","Road_ID":"104001","Pipe_Diameter":200,"Pipe_Material":"UPVC","Invert_Level_From_m":0,"Invert_Level_To_m":0,"Slop_Percentage":0,"Latitude":17.018015649999999,"Longitude":54.092573940000001,"GlobalID":"{261F490B-A0FA-43DD-92F2-F0377438D264}","NEAR_FID":14514,"NEAR_DIST":1.3841724836579188}},{"type":"Feature","id":372,"geometry":{"type":"LineString","coordinates":[[190438.93020000029,1883873.6356000006],[190433.31950000022,1883865.9746000003]]},"properties":{"OBJECTID":372,"Shape_Length":9.4958346396090416,"Asset_ID":"DP372","Name":null,"District_ID":"Markaz al Madena","Wlyt_ID":"Salalah","Gov_ID":"Dhofar Governorate","Road_ID":"104001","Pipe_Diameter":200,"Pipe_Material":"UPVC","Invert_Level_From_m":0,"Invert_Level_To_m":0,"Slop_Percentage":0,"Latitude":17.01824074,"Longitude":54.092503620000002,"GlobalID":"{050E9190-FB89-4277-B79A-036C9BA993A8}","NEAR_FID":10366,"NEAR_DIST":1.6068663824128655}},{"type":"Feature","id":373,"geometry":{"type":"LineString","coordinates":[[190433.31950000022,1883865.9746000003],[190438.12330000009,1883842.7791000009]]},"properties":{"OBJECTID":373,"Shape_Length":23.687712313612042,"Asset_ID":"DP373","Name":null,"District_ID":"Markaz al Madena","Wlyt_ID":"Salalah","Gov_ID":"Dhofar Governorate","Road_ID":"104387","Pipe_Diameter":200,"Pipe_Material":"UPVC","Invert_Level_From_m":0,"Invert_Level_To_m":0,"Slop_Percentage":0,"Latitude":17.018101479999999,"Longitude":54.092501929999997,"GlobalID":"{16A8A669-3904-4973-A19A-EC5E942F3CE2}","NEAR_FID":8136,"NEAR_DIST":4.3545616766345177}},{"type":"Feature","id":374,"geometry":{"type":"LineString","coordinates":[[190438.12330000009,1883842.7791000009],[190441.39580000006,1883843.5002999995]]},"properties":{"OBJECTID":374,"Shape_Length":3.3510275570515557,"Asset_ID":"DP374","Name":null,"District_ID":"Markaz al Madena","Wlyt_ID":"Salalah","Gov_ID":"Dhofar Governorate","Road_ID":"104387","Pipe_Diameter":200,"Pipe_Material":"UPVC","Invert_Level_From_m":0,"Invert_Level_To_m":0,"Slop_Percentage":0,"Latitude":17.018000319999999,"Longitude":54.092541660000002,"GlobalID":"{153DB220-3247-4C1C-AA34-F203F95EFA27}","NEAR_FID":8136,"NEAR_DIST":4.3545616766345177}},{"type":"Feature","id":375,"geometry":{"type":"LineString","coordinates":[[190441.39580000006,1883843.5002999995],[190453.15419999976,1883793.0688000005]]},"properties":{"OBJECTID":375,"Shape_Length":51.784130414159975,"Asset_ID":"DP375","Name":null,"District_ID":"Markaz al Madena","Wlyt_ID":"Salalah","Gov_ID":"Dhofar Governorate","Road_ID":"104001","Pipe_Diameter":600,"Pipe_Material":"HDPE","Invert_Level_From_m":8.6500000000000004,"Invert_Level_To_m":8.5999999999999996,"Slop_Percentage":0.089999999999999997,"Latitude":17.017761740000001,"Longitude":54.092617779999998,"GlobalID":"{E718B712-7CEE-4228-AB91-485DF79FF438}","NEAR_FID":18057,"NEAR_DIST":0}},{"type":"Feature","id":376,"geometry":{"type":"LineString","coordinates":[[190452.09920000006,1883830.1489000004],[190445.73159999959,1883820.2858000007]]},"properties":{"OBJECTID":376,"Shape_Length":11.739977485749298,"Asset_ID":"DP376","Name":null,"District_ID":"Markaz al Madena","Wlyt_ID":"Salalah","Gov_ID":"Dhofar Governorate","Road_ID":"104001","Pipe_Diameter":200,"Pipe_Material":"UPVC","Invert_Level_From_m":0,"Invert_Level_To_m":0,"Slop_Percentage":0,"Latitude":17.017839810000002,"Longitude":54.092629199999998,"GlobalID":"{41C5E49D-C135-404E-BC7C-9AFEFFFB8504}","NEAR_FID":18057,"NEAR_DIST":0.15158211986777667}},{"type":"Feature","id":377,"geometry":{"type":"LineString","coordinates":[[190445.73159999959,1883820.2858000007],[190451.96009999979,1883789.4000000004]]},"properties":{"OBJECTID":377,"Shape_Length":31.507568200510345,"Asset_ID":"DP377","Name":null,"District_ID":"Markaz al Madena","Wlyt_ID":"Salalah","Gov_ID":"Dhofar Governorate","Road_ID":"104001","Pipe_Diameter":200,"Pipe_Material":"UPVC","Invert_Level_From_m":0,"Invert_Level_To_m":0,"Slop_Percentage":0,"Latitude":17.017655309999999,"Longitude":54.0926312,"GlobalID":"{25BAFA88-D1EF-4E3E-8A8C-C08AA33313B6}","NEAR_FID":18057,"NEAR_DIST":0.15158211986777667}},{"type":"Feature","id":378,"geometry":{"type":"LineString","coordinates":[[190457.34630000032,1883762.6915000007],[190465.98550000042,1883719.8828999996]]},"properties":{"OBJECTID":378,"Shape_Length":43.671638515980341,"Asset_ID":"DP378","Name":null,"District_ID":"Markaz al Madena","Wlyt_ID":"Salalah","Gov_ID":"Dhofar Governorate","Road_ID":"104387","Pipe_Diameter":200,"Pipe_Material":"UPVC","Invert_Level_From_m":0,"Invert_Level_To_m":0,"Slop_Percentage":0,"Latitude":17.017083499999998,"Longitude":54.09276157,"GlobalID":"{1E2E6959-7271-471C-A95E-5AA681EFB75D}","NEAR_FID":17295,"NEAR_DIST":6.4610382430225757}},{"type":"Feature","id":379,"geometry":{"type":"LineString","coordinates":[[190462.80539999995,1883743.1776000001],[190473.33619999979,1883691.8567999993]]},"properties":{"OBJECTID":379,"Shape_Length":52.390096978181688,"Asset_ID":"DP379","Name":null,"District_ID":"Markaz al Madena","Wlyt_ID":"Salalah","Gov_ID":"Dhofar Governorate","Road_ID":"104387","Pipe_Diameter":600,"Pipe_Material":"HDPE","Invert_Level_From_m":8.5500000000000007,"Invert_Level_To_m":8.5,"Slop_Percentage":0.10000000000000001,"Latitude":17.016839560000001,"Longitude":54.092825859999998,"GlobalID":"{EC181CF2-163C-432D-85C0-D330DC8D1060}","NEAR_FID":17295,"NEAR_DIST":7.9866635502345442}},{"type":"Feature","id":380,"geometry":{"type":"LineString","coordinates":[[190469.85089999996,1883700.9416000005],[190471.80140000023,1883691.8238999993]]},"properties":{"OBJECTID":380,"Shape_Length":9.3239961155816893,"Asset_ID":"DP380","Name":null,"District_ID":"Markaz al Madena","Wlyt_ID":"Salalah","Gov_ID":"Dhofar Governorate","Road_ID":"104387","Pipe_Diameter":200,"Pipe_Material":"UPVC","Invert_Level_From_m":0,"Invert_Level_To_m":0,"Slop_Percentage":0,"Latitude":17.01666445,"Longitude":54.092854529999997,"GlobalID":"{B7DB6878-F985-4DD7-B522-C720484CD9CA}","NEAR_FID":14672,"NEAR_DIST":6.606999591470184}},{"type":"Feature","id":381,"geometry":{"type":"LineString","coordinates":[[190473.33619999979,1883691.8567999993],[190482.94379999954,1883642.9454999994]]},"properties":{"OBJECTID":381,"Shape_Length":49.845975217697237,"Asset_ID":"DP381","Name":null,"District_ID":"Markaz al Madena","Wlyt_ID":"Salalah","Gov_ID":"Dhofar Governorate","Road_ID":"104387","Pipe_Diameter":600,"Pipe_Material":"HDPE","Invert_Level_From_m":8.5,"Invert_Level_To_m":8.4499999999999993,"Slop_Percentage":0.11,"Latitude":17.016403629999999,"Longitude":54.092925180000002,"GlobalID":"{FF8ABB8D-09F9-4C05-BF08-B933EE66D4FC}","NEAR_FID":14672,"NEAR_DIST":8.2036330123487282}},{"type":"Feature","id":382,"geometry":{"type":"LineString","coordinates":[[190476.00449999981,1883668.3509999998],[190480.98570000008,1883642.5916000009]]},"properties":{"OBJECTID":382,"Shape_Length":26.236597373435071,"Asset_ID":"DP382","Name":null,"District_ID":"Markaz al Madena","Wlyt_ID":"Salalah","Gov_ID":"Dhofar Governorate","Road_ID":"104387","Pipe_Diameter":200,"Pipe_Material":"UPVC","Invert_Level_From_m":0,"Invert_Level_To_m":0,"Slop_Percentage":0,"Latitude":17.016311680000001,"Longitude":54.092931210000003,"GlobalID":"{C3E7D60E-02F4-4785-8C1D-D6AF9A7DDEB2}","NEAR_FID":14672,"NEAR_DIST":6.2792253403520091}},{"type":"Feature","id":383,"geometry":{"type":"LineString","coordinates":[[190483.15519999992,1883631.8761999998],[190480.98570000008,1883642.5916000009]]},"properties":{"OBJECTID":383,"Shape_Length":10.93281882346086,"Asset_ID":"DP383","Name":null,"District_ID":"Markaz al Madena","Wlyt_ID":"Salalah","Gov_ID":"Dhofar Governorate","Road_ID":"103812","Pipe_Diameter":200,"Pipe_Material":"UPVC","Invert_Level_From_m":0,"Invert_Level_To_m":0,"Slop_Percentage":0,"Latitude":17.016147369999999,"Longitude":54.092967119999997,"GlobalID":"{2F926077-8E94-415A-855D-5D537BF596A6}","NEAR_FID":8967,"NEAR_DIST":6.8791710325835602}},{"type":"Feature","id":384,"geometry":{"type":"LineString","coordinates":[[190489.44330000039,1883612.0208000001],[190491.49849999975,1883614.8077000007]]},"properties":{"OBJECTID":384,"Shape_Length":3.4627530452345132,"Asset_ID":"DP384","Name":null,"District_ID":"Markaz al Madena","Wlyt_ID":"Salalah","Gov_ID":"Dhofar Governorate","Road_ID":"103812","Pipe_Diameter":200,"Pipe_Material":"UPVC","Invert_Level_From_m":0,"Invert_Level_To_m":0,"Slop_Percentage":0,"Latitude":17.01593377,"Longitude":54.093049499999999,"GlobalID":"{2AF849C4-3A79-45F3-A182-E72FEFDD6A52}","NEAR_FID":8967,"NEAR_DIST":0}},{"type":"Feature","id":385,"geometry":{"type":"LineString","coordinates":[[190482.94379999954,1883642.9454999994],[190491.49849999975,1883614.8077000007]]},"properties":{"OBJECTID":385,"Shape_Length":29.409499839971865,"Asset_ID":"DP385","Name":null,"District_ID":"Markaz al Madena","Wlyt_ID":"Salalah","Gov_ID":"Dhofar Governorate","Road_ID":"103812","Pipe_Diameter":600,"Pipe_Material":"HDPE","Invert_Level_From_m":8.4499999999999993,"Invert_Level_To_m":8.4250000000000007,"Slop_Percentage":0.089999999999999997,"Latitude":17.01607267,"Longitude":54.093016130000002,"GlobalID":"{FFD4F612-9761-4F67-8709-B4C54FBB1247}","NEAR_FID":8967,"NEAR_DIST":1.8867793615132493}},{"type":"Feature","id":386,"geometry":{"type":"LineString","coordinates":[[190310.52500000037,1883768.5362999998],[190336.25050000008,1883766.3892999999]]},"properties":{"OBJECTID":386,"Shape_Length":25.814936746698322,"Asset_ID":"DP386","Name":null,"District_ID":"Salalah al Jadida","Wlyt_ID":"Salalah","Gov_ID":"Dhofar Governorate","Road_ID":"104190","Pipe_Diameter":200,"Pipe_Material":"UPVC","Invert_Level_From_m":0,"Invert_Level_To_m":0,"Slop_Percentage":0,"Latitude":17.017302220000001,"Longitude":54.091460169999998,"GlobalID":"{1B581BA7-BF3F-47CC-AE0C-6D3D5D39EF11}","NEAR_FID":13379,"NEAR_DIST":0}},{"type":"Feature","id":387,"geometry":{"type":"LineString","coordinates":[[190337.34839999955,1883780.7471999992],[190336.25050000008,1883766.3892999999]]},"properties":{"OBJECTID":387,"Shape_Length":14.399815165148254,"Asset_ID":"DP387","Name":null,"District_ID":"Salalah al Jadida","Wlyt_ID":"Salalah","Gov_ID":"Dhofar Governorate","Road_ID":"104187","Pipe_Diameter":200,"Pipe_Material":"UPVC","Invert_Level_From_m":0,"Invert_Level_To_m":0,"Slop_Percentage":0,"Latitude":17.017358680000001,"Longitude":54.09158497,"GlobalID":"{0AF271D6-261D-4E3A-85CE-36D2A58FD43F}","NEAR_FID":16265,"NEAR_DIST":0}},{"type":"Feature","id":388,"geometry":{"type":"LineString","coordinates":[[190336.25050000008,1883766.3892999999],[190354.41480000038,1883768.0678000003]]},"properties":{"OBJECTID":388,"Shape_Length":18.24168733292014,"Asset_ID":"DP388","Name":null,"District_ID":"Salalah al Jadida","Wlyt_ID":"Salalah","Gov_ID":"Dhofar Governorate","Road_ID":"104187","Pipe_Diameter":200,"Pipe_Material":"UPVC","Invert_Level_From_m":0,"Invert_Level_To_m":0,"Slop_Percentage":0,"Latitude":17.01730259,"Longitude":54.091665929999998,"GlobalID":"{0198F7EF-2EC7-44EB-8481-9C0489D8B7CA}","NEAR_FID":16265,"NEAR_DIST":9.5176115636167928}},{"type":"Feature","id":389,"geometry":{"type":"LineString","coordinates":[[190354.41480000038,1883768.0678000003],[190381.95129999984,1883767.2138]]},"properties":{"OBJECTID":389,"Shape_Length":27.549739530909182,"Asset_ID":"DP389","Name":null,"District_ID":"Salalah al Jadida","Wlyt_ID":"Salalah","Gov_ID":"Dhofar Governorate","Road_ID":"104187","Pipe_Diameter":200,"Pipe_Material":"UPVC","Invert_Level_From_m":0,"Invert_Level_To_m":0,"Slop_Percentage":0,"Latitude":17.01730938,"Longitude":54.091880289999999,"GlobalID":"{683E1A66-FBB3-4555-916C-CFE97A7EDFC5}","NEAR_FID":18079,"NEAR_DIST":9.6228284985600734}},{"type":"Feature","id":390,"geometry":{"type":"LineString","coordinates":[[190380.7304999996,1883783.8480999991],[190381.95129999984,1883767.2138]]},"properties":{"OBJECTID":390,"Shape_Length":16.679037415293166,"Asset_ID":"DP390","Name":null,"District_ID":"Salalah al Jadida","Wlyt_ID":"Salalah","Gov_ID":"Dhofar Governorate","Road_ID":"104187","Pipe_Diameter":200,"Pipe_Material":"UPVC","Invert_Level_From_m":0,"Invert_Level_To_m":0,"Slop_Percentage":0,"Latitude":17.017382380000001,"Longitude":54.092002649999998,"GlobalID":"{7FD6EDBC-96AC-45FA-A64C-E4C2588E4920}","NEAR_FID":18079,"NEAR_DIST":0}},{"type":"Feature","id":391,"geometry":{"type":"LineString","coordinates":[[190381.95129999984,1883767.2138],[190408.02830000035,1883764.3067000005]]},"properties":{"OBJECTID":391,"Shape_Length":26.238543393875997,"Asset_ID":"DP391","Name":null,"District_ID":"Salalah al Jadida","Wlyt_ID":"Salalah","Gov_ID":"Dhofar Governorate","Road_ID":"104187","Pipe_Diameter":200,"Pipe_Material":"UPVC","Invert_Level_From_m":0,"Invert_Level_To_m":0,"Slop_Percentage":0,"Latitude":17.017296000000002,"Longitude":54.09213209,"GlobalID":"{F0715195-F54A-4028-9147-B1E2DF9ECCDC}","NEAR_FID":14085,"NEAR_DIST":7.0977280202389208}},{"type":"Feature","id":392,"geometry":{"type":"LineString","coordinates":[[190401.01209999993,1883789.1699999999],[190417.42109999992,1883784.5610000007]]},"properties":{"OBJECTID":392,"Shape_Length":17.04402473948732,"Asset_ID":"DP392","Name":null,"District_ID":"Salalah al Jadida","Wlyt_ID":"Salalah","Gov_ID":"Dhofar Governorate","Road_ID":"104187","Pipe_Diameter":200,"Pipe_Material":"UPVC","Invert_Level_From_m":0,"Invert_Level_To_m":0,"Slop_Percentage":0,"Latitude":17.017489749999999,"Longitude":54.09224897,"GlobalID":"{A1348EB0-EBB3-4F64-93AD-2C40AB21FD1F}","NEAR_FID":8750,"NEAR_DIST":0}},{"type":"Feature","id":393,"geometry":{"type":"LineString","coordinates":[[190418.62469999958,1883756.9215999991],[190408.02830000035,1883764.3067000005]]},"properties":{"OBJECTID":393,"Shape_Length":12.916013122269247,"Asset_ID":"DP393","Name":null,"District_ID":"Salalah al Jadida","Wlyt_ID":"Salalah","Gov_ID":"Dhofar Governorate","Road_ID":"104187","Pipe_Diameter":200,"Pipe_Material":"UPVC","Invert_Level_From_m":0,"Invert_Level_To_m":0,"Slop_Percentage":0,"Latitude":17.017252039999999,"Longitude":54.092304179999999,"GlobalID":"{0888E12A-268C-4954-970F-E89E0051C7F6}","NEAR_FID":14085,"NEAR_DIST":6.8586344460972333}},{"type":"Feature","id":394,"geometry":{"type":"LineString","coordinates":[[190408.02830000035,1883764.3067000005],[190417.42109999992,1883784.5611000005]]},"properties":{"OBJECTID":394,"Shape_Length":22.326338956072235,"Asset_ID":"DP394","Name":null,"District_ID":"Salalah al Jadida","Wlyt_ID":"Salalah","Gov_ID":"Dhofar Governorate","Road_ID":"104187","Pipe_Diameter":200,"Pipe_Material":"UPVC","Invert_Level_From_m":0,"Invert_Level_To_m":0,"Slop_Percentage":0,"Latitude":17.017381360000002,"Longitude":54.092294619999997,"GlobalID":"{376EFA95-E3A2-4882-8582-B1ED8179D6E9}","NEAR_FID":14085,"NEAR_DIST":0}},{"type":"Feature","id":395,"geometry":{"type":"LineString","coordinates":[[190420.39250000007,1883785.1545000002],[190417.42109999992,1883784.5611000005]]},"properties":{"OBJECTID":395,"Shape_Length":3.0300728572502957,"Asset_ID":"DP395","Name":null,"District_ID":"Salalah al Jadida","Wlyt_ID":"Salalah","Gov_ID":"Dhofar Governorate","Road_ID":"104387","Pipe_Diameter":200,"Pipe_Material":"UPVC","Invert_Level_From_m":0,"Invert_Level_To_m":0,"Slop_Percentage":0,"Latitude":17.017476609999999,"Longitude":54.092351129999997,"GlobalID":"{CC27907F-2B74-4ED7-9C5E-B22ECD5BFBD1}","NEAR_FID":18033,"NEAR_DIST":6.5537349255362223}},{"type":"Feature","id":396,"geometry":{"type":"LineString","coordinates":[[190306.94000000041,1884332.1339999996],[190316.62359999958,1884274.9543999992]]},"properties":{"OBJECTID":396,"Shape_Length":57.993782125110847,"Asset_ID":"DP396","Name":null,"District_ID":"Salalah al Jadida","Wlyt_ID":"Salalah","Gov_ID":"Dhofar Governorate","Road_ID":"104378","Pipe_Diameter":600,"Pipe_Material":"HDPE","Invert_Level_From_m":8.3610000000000007,"Invert_Level_To_m":8.3100000000000005,"Slop_Percentage":0.089999999999999997,"Latitude":17.02213974,"Longitude":54.09127565,"GlobalID":"{7B908590-BA4A-44B8-8610-2BF4B69C3BDA}","NEAR_FID":4192,"NEAR_DIST":0}},{"type":"Feature","id":397,"geometry":{"type":"LineString","coordinates":[[190313.3515999997,1884297.5120000001],[190317.90149999969,1884274.9079999998]]},"properties":{"OBJECTID":397,"Shape_Length":23.05737205370367,"Asset_ID":"DP397","Name":null,"District_ID":"Salalah al Jadida","Wlyt_ID":"Salalah","Gov_ID":"Dhofar Governorate","Road_ID":"104378","Pipe_Diameter":200,"Pipe_Material":"UPVC","Invert_Level_From_m":0,"Invert_Level_To_m":0,"Slop_Percentage":0,"Latitude":17.02198491,"Longitude":54.091315219999998,"GlobalID":"{67EC4F7C-5570-4F7B-88B0-BA109955EC63}","NEAR_FID":4192,"NEAR_DIST":5.626093657610352}},{"type":"Feature","id":398,"geometry":{"type":"LineString","coordinates":[[190316.62359999958,1884274.9543999992],[190326.74330000021,1884225.3399]]},"properties":{"OBJECTID":398,"Shape_Length":50.636024116209136,"Asset_ID":"DP398","Name":null,"District_ID":"Salalah al Jadida","Wlyt_ID":"Salalah","Gov_ID":"Dhofar Governorate","Road_ID":"104387","Pipe_Diameter":600,"Pipe_Material":"HDPE","Invert_Level_From_m":8.3100000000000005,"Invert_Level_To_m":8.2599999999999998,"Slop_Percentage":0.10000000000000001,"Latitude":17.021660449999999,"Longitude":54.091375849999999,"GlobalID":"{D4E7CC44-EF3B-4620-A60F-1ACB9F53F00D}","NEAR_FID":18378,"NEAR_DIST":11.038932716828311}},{"type":"Feature","id":399,"geometry":{"type":"LineString","coordinates":[[190322.81799999997,1884250.8252000008],[190327.98739999998,1884225.4513000008]]},"properties":{"OBJECTID":399,"Shape_Length":25.895124976694465,"Asset_ID":"DP399","Name":null,"District_ID":"Salalah al Jadida","Wlyt_ID":"Salalah","Gov_ID":"Dhofar Governorate","Road_ID":"104387","Pipe_Diameter":200,"Pipe_Material":"UPVC","Invert_Level_From_m":0,"Invert_Level_To_m":0,"Slop_Percentage":0,"Latitude":17.021552809999999,"Longitude":54.091414180000001,"GlobalID":"{0EA5D776-FFB8-4498-A399-CA9B7EDCE107}","NEAR_FID":18378,"NEAR_DIST":9.8405217905775029}},{"type":"Feature","id":400,"geometry":{"type":"LineString","coordinates":[[190326.74330000021,1884225.3399],[190339.98670000024,1884177.5721000005]]},"properties":{"OBJECTID":400,"Shape_Length":49.569651606193261,"Asset_ID":"DP400","Name":null,"District_ID":"Salalah al Jadida","Wlyt_ID":"Salalah","Gov_ID":"Dhofar Governorate","Road_ID":"104387","Pipe_Diameter":600,"Pipe_Material":"HDPE","Invert_Level_From_m":8.2599999999999998,"Invert_Level_To_m":8.2100000000000009,"Slop_Percentage":0.10000000000000001,"Latitude":17.02122271,"Longitude":54.091491349999998,"GlobalID":"{A70C1720-7741-495C-9D27-D042A684056F}","NEAR_FID":18378,"NEAR_DIST":8.6433362334144377}},{"type":"Feature","id":401,"geometry":{"type":"LineString","coordinates":[[190334.14099999983,1884203.6140000001],[190341.16119999997,1884177.7224000003]]},"properties":{"OBJECTID":401,"Shape_Length":26.826445135138627,"Asset_ID":"DP401","Name":null,"District_ID":"Salalah al Jadida","Wlyt_ID":"Salalah","Gov_ID":"Dhofar Governorate","Road_ID":"104387","Pipe_Diameter":200,"Pipe_Material":"UPVC","Invert_Level_From_m":0,"Invert_Level_To_m":0,"Slop_Percentage":0,"Latitude":17.021124199999999,"Longitude":54.091536339999998,"GlobalID":"{E1166511-485D-4C88-BC65-B96878E4636A}","NEAR_FID":18378,"NEAR_DIST":7.4620331400593471}},{"type":"Feature","id":402,"geometry":{"type":"LineString","coordinates":[[190339.98670000024,1884177.5721000005],[190349.82320000045,1884128.2977000009]]},"properties":{"OBJECTID":402,"Shape_Length":50.246624041726875,"Asset_ID":"DP402","Name":null,"District_ID":"Salalah al Jadida","Wlyt_ID":"Salalah","Gov_ID":"Dhofar Governorate","Road_ID":"104387","Pipe_Diameter":600,"Pipe_Material":"HDPE","Invert_Level_From_m":8.2100000000000009,"Invert_Level_To_m":8.1600000000000001,"Slop_Percentage":0.10000000000000001,"Latitude":17.020785570000001,"Longitude":54.091607060000001,"GlobalID":"{BE3ED12D-BF8F-4878-9CAA-03DD1308D41A}","NEAR_FID":18378,"NEAR_DIST":8.5544911050176573}},{"type":"Feature","id":403,"geometry":{"type":"LineString","coordinates":[[190346.05350000039,1884153.7294999994],[190351.33459999971,1884128.5256999992]]},"properties":{"OBJECTID":403,"Shape_Length":25.75114660833658,"Asset_ID":"DP403","Name":null,"District_ID":"Salalah al Jadida","Wlyt_ID":"Salalah","Gov_ID":"Dhofar Governorate","Road_ID":"104387","Pipe_Diameter":200,"Pipe_Material":"UPVC","Invert_Level_From_m":0,"Invert_Level_To_m":0,"Slop_Percentage":0,"Latitude":17.020679179999998,"Longitude":54.091645919999998,"GlobalID":"{0C0F6FAD-22D5-4962-ACF3-A6968A74BDBC}","NEAR_FID":18378,"NEAR_DIST":7.0274258569712362}},{"type":"Feature","id":404,"geometry":{"type":"LineString","coordinates":[[190349.82320000045,1884128.2977000009],[190359.75420000032,1884079.6983000003]]},"properties":{"OBJECTID":404,"Shape_Length":49.603693828163074,"Asset_ID":"DP404","Name":null,"District_ID":"Salalah al Jadida","Wlyt_ID":"Salalah","Gov_ID":"Dhofar Governorate","Road_ID":"104387","Pipe_Diameter":600,"Pipe_Material":"HDPE","Invert_Level_From_m":8.1600000000000001,"Invert_Level_To_m":8.1099999999999994,"Slop_Percentage":0.10000000000000001,"Latitude":17.02034437,"Longitude":54.091706899999998,"GlobalID":"{2D8D7834-164A-4219-A1C2-A8F39C911F80}","NEAR_FID":18378,"NEAR_DIST":8.1326433775557962}},{"type":"Feature","id":405,"geometry":{"type":"LineString","coordinates":[[190356.4179999996,1884102.8989000004],[190361.1512000002,1884079.8477999996]]},"properties":{"OBJECTID":405,"Shape_Length":23.532029098210181,"Asset_ID":"DP405","Name":null,"District_ID":"Salalah al Jadida","Wlyt_ID":"Salalah","Gov_ID":"Dhofar Governorate","Road_ID":"104387","Pipe_Diameter":200,"Pipe_Material":"UPVC","Invert_Level_From_m":0,"Invert_Level_To_m":0,"Slop_Percentage":0,"Latitude":17.02023174,"Longitude":54.091746610000001,"GlobalID":"{3BA0187C-3C89-494D-BFDC-9DF8899DFA19}","NEAR_FID":18378,"NEAR_DIST":6.7329142682212488}},{"type":"Feature","id":406,"geometry":{"type":"LineString","coordinates":[[190359.75420000032,1884079.6983000003],[190369.34509999957,1884031.0429999996]]},"properties":{"OBJECTID":406,"Shape_Length":49.591567639362189,"Asset_ID":"DP406","Name":null,"District_ID":"Salalah al Jadida","Wlyt_ID":"Salalah","Gov_ID":"Dhofar Governorate","Road_ID":"104387","Pipe_Diameter":600,"Pipe_Material":"HDPE","Invert_Level_From_m":8.1099999999999994,"Invert_Level_To_m":8.0600000000000005,"Slop_Percentage":0.10000000000000001,"Latitude":17.019906970000001,"Longitude":54.091806310000003,"GlobalID":"{4B5B9B88-55B1-407F-80A9-62E5E5136EBC}","NEAR_FID":18378,"NEAR_DIST":8.1044757036766217}},{"type":"Feature","id":407,"geometry":{"type":"LineString","coordinates":[[190366.03320000041,1884055.682],[190371.05730000045,1884031.1090999991]]},"properties":{"OBJECTID":407,"Shape_Length":25.081247881210007,"Asset_ID":"DP407","Name":null,"District_ID":"Salalah al Jadida","Wlyt_ID":"Salalah","Gov_ID":"Dhofar Governorate","Road_ID":"104387","Pipe_Diameter":200,"Pipe_Material":"UPVC","Invert_Level_From_m":0,"Invert_Level_To_m":0,"Slop_Percentage":0,"Latitude":17.019799110000001,"Longitude":54.091845939999999,"GlobalID":"{8C22A871-CA82-4D86-B112-19D4603A2853}","NEAR_FID":18378,"NEAR_DIST":6.6803770871405446}},{"type":"Feature","id":408,"geometry":{"type":"LineString","coordinates":[[190369.34509999957,1884031.0429999996],[190379.23730000015,1883983.7732999995]]},"properties":{"OBJECTID":408,"Shape_Length":48.29368653321994,"Asset_ID":"DP408","Name":null,"District_ID":"Salalah al Jadida","Wlyt_ID":"Salalah","Gov_ID":"Dhofar Governorate","Road_ID":"104387","Pipe_Diameter":600,"Pipe_Material":"HDPE","Invert_Level_From_m":8.0600000000000005,"Invert_Level_To_m":8.0099999999999998,"Slop_Percentage":0.10000000000000001,"Latitude":17.019474930000001,"Longitude":54.091903209999998,"GlobalID":"{C4648E13-12D6-4CCE-BB50-3B5F8EE7BF38}","NEAR_FID":18378,"NEAR_DIST":8.4146687109041061}},{"type":"Feature","id":409,"geometry":{"type":"LineString","coordinates":[[190375.8870000001,1884007.2006999999],[190380.62719999999,1883983.8248999994]]},"properties":{"OBJECTID":409,"Shape_Length":23.851572730166978,"Asset_ID":"DP409","Name":null,"District_ID":"Salalah al Jadida","Wlyt_ID":"Salalah","Gov_ID":"Dhofar Governorate","Road_ID":"104387","Pipe_Diameter":200,"Pipe_Material":"UPVC","Invert_Level_From_m":0,"Invert_Level_To_m":0,"Slop_Percentage":0,"Latitude":17.019369279999999,"Longitude":54.09194402,"GlobalID":"{52A20C1E-C2BC-497D-AD44-B7331009E1A0}","NEAR_FID":18378,"NEAR_DIST":7.0399025208634969}},{"type":"Feature","id":410,"geometry":{"type":"LineString","coordinates":[[190379.23730000015,1883983.7732999995],[190389.41909999959,1883932.3562000003]]},"properties":{"OBJECTID":410,"Shape_Length":52.415524642636768,"Asset_ID":"DP410","Name":null,"District_ID":"Salalah al Jadida","Wlyt_ID":"Salalah","Gov_ID":"Dhofar Governorate","Road_ID":"104387","Pipe_Diameter":600,"Pipe_Material":"HDPE","Invert_Level_From_m":8.0099999999999998,"Invert_Level_To_m":7.96,"Slop_Percentage":0.10000000000000001,"Latitude":17.01903085,"Longitude":54.092003329999997,"GlobalID":"{26A07AC3-11BF-4144-9459-F147A5193D99}","NEAR_FID":18378,"NEAR_DIST":8.0936375859011083}},{"type":"Feature","id":411,"geometry":{"type":"LineString","coordinates":[[190386.04609999992,1883956.8190000001],[190391.02309999987,1883932.5578000005]]},"properties":{"OBJECTID":411,"Shape_Length":24.766436046213542,"Asset_ID":"DP411","Name":null,"District_ID":"Salalah al Jadida","Wlyt_ID":"Salalah","Gov_ID":"Dhofar Governorate","Road_ID":"104387","Pipe_Diameter":200,"Pipe_Material":"UPVC","Invert_Level_From_m":0,"Invert_Level_To_m":0,"Slop_Percentage":0,"Latitude":17.01891118,"Longitude":54.09204648,"GlobalID":"{42445551-543A-4E80-BC8B-77C33D295133}","NEAR_FID":18378,"NEAR_DIST":6.4803631344702275}},{"type":"Feature","id":412,"geometry":{"type":"LineString","coordinates":[[190389.41909999959,1883932.3562000003],[190396.15610000025,1883882.7962999996]]},"properties":{"OBJECTID":412,"Shape_Length":50.015706104057628,"Asset_ID":"DP412","Name":null,"District_ID":"Salalah al Jadida","Wlyt_ID":"Salalah","Gov_ID":"Dhofar Governorate","Road_ID":"104387","Pipe_Diameter":600,"Pipe_Material":"HDPE","Invert_Level_From_m":8.9600000000000009,"Invert_Level_To_m":7.9100000000000001,"Slop_Percentage":2.1000000000000001,"Latitude":17.018576020000001,"Longitude":54.092090769999999,"GlobalID":"{FF2674AF-6B08-4D46-A93D-E07EB4303E55}","NEAR_FID":18378,"NEAR_DIST":8.0936375859011083}},{"type":"Feature","id":413,"geometry":{"type":"LineString","coordinates":[[190393.77029999997,1883907.9828999992],[190397.53799999971,1883882.7540000007]]},"properties":{"OBJECTID":413,"Shape_Length":25.508683980688893,"Asset_ID":"DP413","Name":null,"District_ID":"Salalah al Jadida","Wlyt_ID":"Salalah","Gov_ID":"Dhofar Governorate","Road_ID":"104387","Pipe_Diameter":200,"Pipe_Material":"UPVC","Invert_Level_From_m":0,"Invert_Level_To_m":0,"Slop_Percentage":0,"Latitude":17.018466180000001,"Longitude":54.092120569999999,"GlobalID":"{6F3A37E0-0385-4B4C-A57A-3EF0584B96DB}","NEAR_FID":18378,"NEAR_DIST":8.5970479091914616}},{"type":"Feature","id":414,"geometry":{"type":"LineString","coordinates":[[190396.15610000025,1883882.7962999996],[190405.73039999977,1883833.9298]]},"properties":{"OBJECTID":414,"Shape_Length":49.795602644292586,"Asset_ID":"DP414","Name":null,"District_ID":"Salalah al Jadida","Wlyt_ID":"Salalah","Gov_ID":"Dhofar Governorate","Road_ID":"104387","Pipe_Diameter":600,"Pipe_Material":"HDPE","Invert_Level_From_m":7.9100000000000001,"Invert_Level_To_m":7.8600000000000003,"Slop_Percentage":0.10000000000000001,"Latitude":17.018133290000002,"Longitude":54.092175249999997,"GlobalID":"{50F5A778-99FC-4C81-B0EA-BAFE5EAC945C}","NEAR_FID":18378,"NEAR_DIST":10.272626603215377}},{"type":"Feature","id":415,"geometry":{"type":"LineString","coordinates":[[190404.43230000045,1883848.4852000009],[190407.30470000021,1883834.0832000002]]},"properties":{"OBJECTID":415,"Shape_Length":14.685648974158672,"Asset_ID":"DP415","Name":null,"District_ID":"Salalah al Jadida","Wlyt_ID":"Salalah","Gov_ID":"Dhofar Governorate","Road_ID":"104387","Pipe_Diameter":200,"Pipe_Material":"UPVC","Invert_Level_From_m":0,"Invert_Level_To_m":0,"Slop_Percentage":0,"Latitude":17.017980139999999,"Longitude":54.092223300000001,"GlobalID":"{F680655C-8B97-4884-AED7-3A98199EE503}","NEAR_FID":18378,"NEAR_DIST":8.9025679164994145}},{"type":"Feature","id":416,"geometry":{"type":"LineString","coordinates":[[190405.73039999977,1883833.9298],[190417.42109999992,1883784.5611000005]]},"properties":{"OBJECTID":416,"Shape_Length":50.734022175814978,"Asset_ID":"DP416","Name":null,"District_ID":"Salalah al Jadida","Wlyt_ID":"Salalah","Gov_ID":"Dhofar Governorate","Road_ID":"104187","Pipe_Diameter":600,"Pipe_Material":"HDPE","Invert_Level_From_m":7.8600000000000003,"Invert_Level_To_m":7.8099999999999996,"Slop_Percentage":0.10000000000000001,"Latitude":17.017696229999999,"Longitude":54.09227954,"GlobalID":"{E0DDAD3E-8109-4CB2-BE8E-DE88E5F4D396}","NEAR_FID":8750,"NEAR_DIST":0}},{"type":"Feature","id":417,"geometry":{"type":"LineString","coordinates":[[190417.42109999992,1883784.5610000007],[190426.11880000029,1883735.4329000004]]},"properties":{"OBJECTID":417,"Shape_Length":49.892085494198362,"Asset_ID":"DP417","Name":null,"District_ID":"Salalah al Jadida","Wlyt_ID":"Salalah","Gov_ID":"Dhofar Governorate","Road_ID":"104187","Pipe_Diameter":600,"Pipe_Material":"HDPE","Invert_Level_From_m":7.8099999999999996,"Invert_Level_To_m":7.79,"Slop_Percentage":0.040000000000000001,"Latitude":17.017252129999999,"Longitude":54.092380599999998,"GlobalID":"{66A319F3-A16D-459B-B633-7404FE7197D4}","NEAR_FID":14085,"NEAR_DIST":0}},{"type":"Feature","id":418,"geometry":{"type":"LineString","coordinates":[[190426.11880000029,1883735.4329000004],[190437.2463999996,1883680.2168000005]]},"properties":{"OBJECTID":418,"Shape_Length":56.326203324357401,"Asset_ID":"DP418","Name":null,"District_ID":"Salalah al Jadida","Wlyt_ID":"Salalah","Gov_ID":"Dhofar Governorate","Road_ID":"104187","Pipe_Diameter":600,"Pipe_Material":"HDPE","Invert_Level_From_m":7.79,"Invert_Level_To_m":7.7400000000000002,"Slop_Percentage":0.089999999999999997,"Latitude":17.016777380000001,"Longitude":54.09248367,"GlobalID":"{4DB10908-0D40-4825-8335-3C147765CC41}","NEAR_FID":14085,"NEAR_DIST":10.374774564254825}},{"type":"Feature","id":419,"geometry":{"type":"LineString","coordinates":[[190433.44199999981,1883705.8765999991],[190438.61390000023,1883680.5777000003]]},"properties":{"OBJECTID":419,"Shape_Length":25.822139546906495,"Asset_ID":"DP419","Name":null,"District_ID":"Salalah al Jadida","Wlyt_ID":"Salalah","Gov_ID":"Dhofar Governorate","Road_ID":"104387","Pipe_Diameter":200,"Pipe_Material":"UPVC","Invert_Level_From_m":0,"Invert_Level_To_m":0,"Slop_Percentage":0,"Latitude":17.01664684,"Longitude":54.092527269999998,"GlobalID":"{0F8C89FC-0CEA-4FC8-81FE-B3A9B21AB4AC}","NEAR_FID":10474,"NEAR_DIST":9.4880063215985011}},{"type":"Feature","id":420,"geometry":{"type":"LineString","coordinates":[[190437.2463999996,1883680.2168000005],[190445.41899999976,1883638.3428000007]]},"properties":{"OBJECTID":420,"Shape_Length":42.664074662038544,"Asset_ID":"DP420","Name":null,"District_ID":"Salalah al Jadida","Wlyt_ID":"Salalah","Gov_ID":"Dhofar Governorate","Road_ID":"104387","Pipe_Diameter":600,"Pipe_Material":"HDPE","Invert_Level_From_m":7.7400000000000002,"Invert_Level_To_m":7.96,"Slop_Percentage":-0.52000000000000002,"Latitude":17.016340719999999,"Longitude":54.09258165,"GlobalID":"{DCAB30E0-F18E-4503-A14B-D5334881848A}","NEAR_FID":17270,"NEAR_DIST":9.9366109963026386}},{"type":"Feature","id":421,"geometry":{"type":"LineString","coordinates":[[190442.80489999987,1883659.2392999995],[190446.82409999985,1883638.6265999991]]},"properties":{"OBJECTID":421,"Shape_Length":21.000889741778071,"Asset_ID":"DP421","Name":null,"District_ID":"Salalah al Jadida","Wlyt_ID":"Salalah","Gov_ID":"Dhofar Governorate","Road_ID":"104387","Pipe_Diameter":200,"Pipe_Material":"UPVC","Invert_Level_From_m":0,"Invert_Level_To_m":0,"Slop_Percentage":0,"Latitude":17.016247929999999,"Longitude":54.09261575,"GlobalID":"{916D3A1E-E29F-4067-843A-9066A63BBAD1}","NEAR_FID":17270,"NEAR_DIST":8.5039068776802242}},{"type":"Feature","id":422,"geometry":{"type":"LineString","coordinates":[[190445.41899999976,1883638.3428000007],[190446.78980000038,1883631.0544000007]]},"properties":{"OBJECTID":422,"Shape_Length":7.416189533791762,"Asset_ID":"DP422","Name":null,"District_ID":"Salalah al Jadida","Wlyt_ID":"Salalah","Gov_ID":"Dhofar Governorate","Road_ID":"103812","Pipe_Diameter":600,"Pipe_Material":"HDPE","Invert_Level_From_m":7.6900000000000004,"Invert_Level_To_m":5.3479999999999999,"Slop_Percentage":31.75,"Latitude":17.01612033,"Longitude":54.092629709999997,"GlobalID":"{5BB63F05-8BAC-4C08-8FF0-DC1FA06E8E70}","NEAR_FID":8813,"NEAR_DIST":8.6765641606970156}},{"type":"Feature","id":423,"geometry":{"type":"LineString","coordinates":[[190446.78980000038,1883631.0544000007],[190444.25619999971,1883624.0974000003]]},"properties":{"OBJECTID":423,"Shape_Length":7.4039839255034261,"Asset_ID":"DP423","Name":null,"District_ID":"Salalah al Jadida","Wlyt_ID":"Salalah","Gov_ID":"Dhofar Governorate","Road_ID":"103812","Pipe_Diameter":600,"Pipe_Material":"HDPE","Invert_Level_From_m":5.3479999999999999,"Invert_Level_To_m":5.3479999999999999,"Slop_Percentage":0,"Latitude":17.016056150000001,"Longitude":54.092625339999998,"GlobalID":"{5E0919B7-9227-48F3-A571-D76449F28633}","NEAR_FID":8813,"NEAR_DIST":8.6765641606970156}},{"type":"Feature","id":424,"geometry":{"type":"LineString","coordinates":[[190444.25619999971,1883624.0974000003],[190445.59530000016,1883617.6963]]},"properties":{"OBJECTID":424,"Shape_Length":6.5396689538398025,"Asset_ID":"DP424","Name":null,"District_ID":"Salalah al Jadida","Wlyt_ID":"Salalah","Gov_ID":"Dhofar Governorate","Road_ID":"103812","Pipe_Diameter":600,"Pipe_Material":"HDPE","Invert_Level_From_m":5.3479999999999999,"Invert_Level_To_m":6.3300000000000001,"Slop_Percentage":-14.66,"Latitude":17.015995100000001,"Longitude":54.092620959999998,"GlobalID":"{B8328DFE-785A-4CD5-8947-627ADED93C0C}","NEAR_FID":8813,"NEAR_DIST":9.7724903816432498}},{"type":"Feature","id":425,"geometry":{"type":"LineString","coordinates":[[190445.59530000016,1883617.6963],[190436.46779999975,1883587.852]]},"properties":{"OBJECTID":425,"Shape_Length":31.208868911694037,"Asset_ID":"DP425","Name":null,"District_ID":"Salalah al Jadida","Wlyt_ID":"Salalah","Gov_ID":"Dhofar Governorate","Road_ID":"103812","Pipe_Diameter":600,"Pipe_Material":"HDPE","Invert_Level_From_m":6.3300000000000001,"Invert_Level_To_m":7.6399999999999997,"Slop_Percentage":-3.8300000000000001,"Latitude":17.015815740000001,"Longitude":54.092588759999998,"GlobalID":"{719F8930-C0ED-4DAE-B70A-8C715DC09C95}","NEAR_FID":8813,"NEAR_DIST":4.5591275834564273}},{"type":"Feature","id":426,"geometry":{"type":"LineString","coordinates":[[187286.34460000042,1882528.5446000006],[187281.40629999992,1882545.1978999991]]},"properties":{"OBJECTID":426,"Shape_Length":17.370066428613931,"Asset_ID":"DP426","Name":null,"District_ID":"al Wadi","Wlyt_ID":"Salalah","Gov_ID":"Dhofar Governorate","Road_ID":"103812","Pipe_Diameter":200,"Pipe_Material":"HDPE","Invert_Level_From_m":0,"Invert_Level_To_m":0,"Slop_Percentage":0,"Latitude":17.005789400000001,"Longitude":54.063113749999999,"GlobalID":"{B5868801-F1C9-4CCC-9865-D5CE8A2846A0}","NEAR_FID":11770,"NEAR_DIST":0}},{"type":"Feature","id":427,"geometry":{"type":"LineString","coordinates":[[187238.57660000026,1882513.2938999999],[187233.47169999965,1882531.2612999994]]},"properties":{"OBJECTID":427,"Shape_Length":18.678529566493619,"Asset_ID":"DP427","Name":null,"District_ID":"al Wadi","Wlyt_ID":"Salalah","Gov_ID":"Dhofar Governorate","Road_ID":"103812","Pipe_Diameter":200,"Pipe_Material":"HDPE","Invert_Level_From_m":0,"Invert_Level_To_m":0,"Slop_Percentage":0,"Latitude":17.005650509999999,"Longitude":54.062667210000001,"GlobalID":"{F8EA8771-BC16-4C87-889E-6385CA5618C1}","NEAR_FID":10176,"NEAR_DIST":0}},{"type":"Feature","id":428,"geometry":{"type":"LineString","coordinates":[[186907.99399999995,1882434.4495999999],[186913.6026999997,1882417.0526000001]]},"properties":{"OBJECTID":428,"Shape_Length":18.27876157454109,"Asset_ID":"DP428","Name":null,"District_ID":"al Wadi","Wlyt_ID":"Salalah","Gov_ID":"Dhofar Governorate","Road_ID":"103812","Pipe_Diameter":200,"Pipe_Material":"HDPE","Invert_Level_From_m":0,"Invert_Level_To_m":0,"Slop_Percentage":0,"Latitude":17.004736260000001,"Longitude":54.059627679999998,"GlobalID":"{F271F838-0A16-448C-9DD7-1900D48B01DF}","NEAR_FID":9625,"NEAR_DIST":0}},{"type":"Feature","id":429,"geometry":{"type":"LineString","coordinates":[[188395.03380000032,1882801.9067000002],[188393.12590000033,1882813.8682000004]]},"properties":{"OBJECTID":429,"Shape_Length":12.1127026160538,"Asset_ID":"DP429","Name":null,"District_ID":"Salalah al Gharbiyya","Wlyt_ID":"Salalah","Gov_ID":"Dhofar Governorate","Road_ID":"103824","Pipe_Diameter":200,"Pipe_Material":"HDPE","Invert_Level_From_m":0,"Invert_Level_To_m":0,"Slop_Percentage":0,"Latitude":17.00834897,"Longitude":54.073495229999999,"GlobalID":"{A75BC5DD-888F-40A0-A2B4-03B4DFF4C9EA}","NEAR_FID":12895,"NEAR_DIST":0}},{"type":"Feature","id":430,"geometry":{"type":"LineString","coordinates":[[188101.22900000028,1882755.9606999997],[188051.20600000024,1882751.8460000008]]},"properties":{"OBJECTID":430,"Shape_Length":50.191944424231835,"Asset_ID":"DP430","Name":null,"District_ID":"Salalah al Gharbiyya","Wlyt_ID":"Salalah","Gov_ID":"Dhofar Governorate","Road_ID":"103812","Pipe_Diameter":1000,"Pipe_Material":"HDPE","Invert_Level_From_m":5.3499999999999996,"Invert_Level_To_m":5.2999999999999998,"Slop_Percentage":0.10000000000000001,"Latitude":17.007849969999999,"Longitude":54.070518149999998,"GlobalID":"{722A96AB-43A8-4A10-8E6E-0FADD1DA2C90}","NEAR_FID":11949,"NEAR_DIST":0}},{"type":"Feature","id":431,"geometry":{"type":"LineString","coordinates":[[188051.20600000024,1882751.8460000008],[188003.43580000009,1882740.1475000009]]},"properties":{"OBJECTID":431,"Shape_Length":49.181774167901011,"Asset_ID":"DP431","Name":null,"District_ID":"Salalah al Gharbiyya","Wlyt_ID":"Salalah","Gov_ID":"Dhofar Governorate","Road_ID":"103824","Pipe_Diameter":1000,"Pipe_Material":"HDPE","Invert_Level_From_m":5.2999999999999998,"Invert_Level_To_m":5.25,"Slop_Percentage":0.10000000000000001,"Latitude":17.007754869999999,"Longitude":54.07006183,"GlobalID":"{E52AFBBF-7A7E-4D64-93A4-B59A7897FC67}","NEAR_FID":4903,"NEAR_DIST":4.0402596051276296}},{"type":"Feature","id":432,"geometry":{"type":"LineString","coordinates":[[188003.43580000009,1882740.1475000009],[187954.45969999954,1882726.3303999994]]},"properties":{"OBJECTID":432,"Shape_Length":50.887823923956276,"Asset_ID":"DP432","Name":null,"District_ID":"Salalah al Gharbiyya","Wlyt_ID":"Salalah","Gov_ID":"Dhofar Governorate","Road_ID":"103824","Pipe_Diameter":1000,"Pipe_Material":"HDPE","Invert_Level_From_m":5.25,"Invert_Level_To_m":5.2000000000000002,"Slop_Percentage":0.10000000000000001,"Latitude":17.007636130000002,"Longitude":54.069609399999997,"GlobalID":"{09FEA25A-620A-40BC-ABCF-14D2C2404C4D}","NEAR_FID":4903,"NEAR_DIST":0.092574414067366204}},{"type":"Feature","id":433,"geometry":{"type":"LineString","coordinates":[[187954.45969999954,1882726.3303999994],[187886.43530000001,1882687.2442000005]]},"properties":{"OBJECTID":433,"Shape_Length":78.454126887286662,"Asset_ID":"DP433","Name":null,"District_ID":"Salalah al Gharbiyya","Wlyt_ID":"Salalah","Gov_ID":"Dhofar Governorate","Road_ID":"103824","Pipe_Diameter":1000,"Pipe_Material":"HDPE","Invert_Level_From_m":5.2400000000000002,"Invert_Level_To_m":5.1200000000000001,"Slop_Percentage":0.14999999999999999,"Latitude":17.007407229999998,"Longitude":54.069063360000001,"GlobalID":"{DBAB0609-B13A-4B04-A84A-EC6977B0598A}","NEAR_FID":4903,"NEAR_DIST":0}},{"type":"Feature","id":437,"geometry":{"type":"LineString","coordinates":[[187957.08939999994,1882762.4368999992],[187957.94319999963,1882759.1444000006]]},"properties":{"OBJECTID":437,"Shape_Length":3.401401281847158,"Asset_ID":"DP437","Name":null,"District_ID":"Salalah al Gharbiyya","Wlyt_ID":"Salalah","Gov_ID":"Dhofar Governorate","Road_ID":"103812","Pipe_Diameter":300,"Pipe_Material":"HDPE","Invert_Level_From_m":0,"Invert_Level_To_m":0,"Slop_Percentage":0,"Latitude":17.007899200000001,"Longitude":54.06940341,"GlobalID":"{6DC625E4-7956-40DF-B22C-98474D2DB0E1}","NEAR_FID":12308,"NEAR_DIST":2.0695775371407641}},{"type":"Feature","id":438,"geometry":{"type":"LineString","coordinates":[[187993.28210000042,1882774.1777999997],[187994.6743999999,1882769.5745000001]]},"properties":{"OBJECTID":438,"Shape_Length":4.809248400445794,"Asset_ID":"DP438","Name":null,"District_ID":"Salalah al Gharbiyya","Wlyt_ID":"Salalah","Gov_ID":"Dhofar Governorate","Road_ID":"103812","Pipe_Diameter":200,"Pipe_Material":"UPVC","Invert_Level_From_m":0,"Invert_Level_To_m":0,"Slop_Percentage":0,"Latitude":17.008004669999998,"Longitude":54.069743729999999,"GlobalID":"{C1F31C41-4B3E-4A06-9395-0F798B59517E}","NEAR_FID":12308,"NEAR_DIST":0.48862397487644205}},{"type":"Feature","id":439,"geometry":{"type":"LineString","coordinates":[[188037.27240000013,1882788.6210999992],[188038.85290000029,1882784.0991999991]]},"properties":{"OBJECTID":439,"Shape_Length":4.79015238389686,"Asset_ID":"DP439","Name":null,"District_ID":"Salalah al Gharbiyya","Wlyt_ID":"Salalah","Gov_ID":"Dhofar Governorate","Road_ID":"103812","Pipe_Diameter":200,"Pipe_Material":"UPVC","Invert_Level_From_m":0,"Invert_Level_To_m":0,"Slop_Percentage":0,"Latitude":17.00814085,"Longitude":54.070155100000001,"GlobalID":"{DE411EA4-B32E-4DAA-AB60-7C2787E738C6}","NEAR_FID":12308,"NEAR_DIST":0.41046177600351041}},{"type":"Feature","id":440,"geometry":{"type":"LineString","coordinates":[[188087.29600000009,1882805.0781999994],[188088.43620000035,1882800.4171999991]]},"properties":{"OBJECTID":440,"Shape_Length":4.7984348535227141,"Asset_ID":"DP440","Name":null,"District_ID":"Salalah al Gharbiyya","Wlyt_ID":"Salalah","Gov_ID":"Dhofar Governorate","Road_ID":"103812","Pipe_Diameter":200,"Pipe_Material":"UPVC","Invert_Level_From_m":0,"Invert_Level_To_m":0,"Slop_Percentage":0,"Latitude":17.008295440000001,"Longitude":54.07062011,"GlobalID":"{9C51F92F-D412-4688-B2E0-522FECE7710C}","NEAR_FID":12308,"NEAR_DIST":0.36483550688345745}},{"type":"Feature","id":441,"geometry":{"type":"LineString","coordinates":[[188227.79590000026,1882850.9661999997],[188229.32400000002,1882846.3117999993]]},"properties":{"OBJECTID":441,"Shape_Length":4.8988293471433373,"Asset_ID":"DP441","Name":null,"District_ID":"Salalah al Gharbiyya","Wlyt_ID":"Salalah","Gov_ID":"Dhofar Governorate","Road_ID":"103812","Pipe_Diameter":200,"Pipe_Material":"UPVC","Invert_Level_From_m":0,"Invert_Level_To_m":0,"Slop_Percentage":0,"Latitude":17.008728789999999,"Longitude":54.071933729999998,"GlobalID":"{C2EF21C2-1BC0-46B0-B3B8-D495C916465D}","NEAR_FID":4910,"NEAR_DIST":0.019817626062839638}},{"type":"Feature","id":445,"geometry":{"type":"LineString","coordinates":[[188181.37270000018,1882835.8073999994],[188182.74100000039,1882831.0614]]},"properties":{"OBJECTID":445,"Shape_Length":4.9393077333022752,"Asset_ID":"DP445","Name":null,"District_ID":"Salalah al Gharbiyya","Wlyt_ID":"Salalah","Gov_ID":"Dhofar Governorate","Road_ID":"103812","Pipe_Diameter":200,"Pipe_Material":"UPVC","Invert_Level_From_m":0,"Invert_Level_To_m":0,"Slop_Percentage":0,"Latitude":17.008585010000001,"Longitude":54.071499320000001,"GlobalID":"{37429313-F1EC-45CE-AB33-ACCC0FCA2D5E}","NEAR_FID":4910,"NEAR_DIST":0}},{"type":"Feature","id":447,"geometry":{"type":"LineString","coordinates":[[188132.77029999997,1882818.0795000009],[188141.05960000027,1882792.8050999995]]},"properties":{"OBJECTID":447,"Shape_Length":26.599018589512728,"Asset_ID":"DP447","Name":null,"District_ID":"Salalah al Gharbiyya","Wlyt_ID":"Salalah","Gov_ID":"Dhofar Governorate","Road_ID":"103812","Pipe_Diameter":200,"Pipe_Material":"UPVC","Invert_Level_From_m":0,"Invert_Level_To_m":0,"Slop_Percentage":0,"Latitude":17.008326780000001,"Longitude":54.071080190000004,"GlobalID":"{E9D9D423-0698-43D5-A60C-1C4CCCB23A20}","NEAR_FID":4910,"NEAR_DIST":0}},{"type":"Feature","id":469,"geometry":{"type":"LineString","coordinates":[[188376.15039999969,1882894.1169000007],[188377.97439999972,1882882.3443999998]]},"properties":{"OBJECTID":469,"Shape_Length":11.912964882093384,"Asset_ID":"DP469","Name":null,"District_ID":"Salalah al Gharbiyya","Wlyt_ID":"Salalah","Gov_ID":"Dhofar Governorate","Road_ID":"103812","Pipe_Diameter":300,"Pipe_Material":"HDPE","Invert_Level_From_m":0,"Invert_Level_To_m":0,"Slop_Percentage":0,"Latitude":17.009106259999999,"Longitude":54.073321069999999,"GlobalID":"{3160EBB1-36C3-4328-B8F9-5EA15BD0C2E5}","NEAR_FID":7953,"NEAR_DIST":0}},{"type":"Feature","id":474,"geometry":{"type":"LineString","coordinates":[[188562.66870000027,1882962.2851999998],[188566.23570000008,1882953.182]]},"properties":{"OBJECTID":474,"Shape_Length":9.7771028037247749,"Asset_ID":"DP474","Name":null,"District_ID":"Salalah al Gharbiyya","Wlyt_ID":"Salalah","Gov_ID":"Dhofar Governorate","Road_ID":"103812","Pipe_Diameter":200,"Pipe_Material":"UPVC","Invert_Level_From_m":0,"Invert_Level_To_m":0,"Slop_Percentage":0,"Latitude":17.009760249999999,"Longitude":54.075069669999998,"GlobalID":"{110BB9FA-F2C8-402B-AA67-03F3845D386A}","NEAR_FID":19058,"NEAR_DIST":0}},{"type":"Feature","id":475,"geometry":{"type":"LineString","coordinates":[[188605.13109999988,1882986.7141999993],[188608.28139999975,1882968.0877]]},"properties":{"OBJECTID":475,"Shape_Length":18.891026767055333,"Asset_ID":"DP475","Name":null,"District_ID":"Salalah al Gharbiyya","Wlyt_ID":"Salalah","Gov_ID":"Dhofar Governorate","Road_ID":"103812","Pipe_Diameter":200,"Pipe_Material":"UPVC","Invert_Level_From_m":0,"Invert_Level_To_m":0,"Slop_Percentage":0,"Latitude":17.00993158,"Longitude":54.075465790000003,"GlobalID":"{8C3420F8-ED38-489B-BD7E-F8BA4DDB9FF7}","NEAR_FID":15028,"NEAR_DIST":0}},{"type":"Feature","id":476,"geometry":{"type":"LineString","coordinates":[[188654.28699999955,1883003.2797999997],[188659.5915000001,1882984.0017000008]]},"properties":{"OBJECTID":476,"Shape_Length":19.994570758603594,"Asset_ID":"DP476","Name":null,"District_ID":"Salalah al Gharbiyya","Wlyt_ID":"Salalah","Gov_ID":"Dhofar Governorate","Road_ID":"103812","Pipe_Diameter":300,"Pipe_Material":"HDPE","Invert_Level_From_m":0,"Invert_Level_To_m":0,"Slop_Percentage":0,"Latitude":17.010095039999999,"Longitude":54.075932170000002,"GlobalID":"{840079BF-6FAC-489C-8794-E72B0038772B}","NEAR_FID":6258,"NEAR_DIST":0}},{"type":"Feature","id":477,"geometry":{"type":"LineString","coordinates":[[188702.6063000001,1883018.3286000006],[188708.46109999996,1883000.1723999996]]},"properties":{"OBJECTID":477,"Shape_Length":19.076851981268039,"Asset_ID":"DP477","Name":null,"District_ID":"Salalah al Gharbiyya","Wlyt_ID":"Salalah","Gov_ID":"Dhofar Governorate","Road_ID":"103812","Pipe_Diameter":300,"Pipe_Material":"HDPE","Invert_Level_From_m":0,"Invert_Level_To_m":0,"Slop_Percentage":0,"Latitude":17.010242640000001,"Longitude":54.076386020000001,"GlobalID":"{A1AD6D22-6714-4A7A-BA45-0527FC23C1AB}","NEAR_FID":15906,"NEAR_DIST":0}},{"type":"Feature","id":478,"geometry":{"type":"LineString","coordinates":[[188749.65259999968,1883033.6023999993],[188755.6492999997,1883018.3692000005]]},"properties":{"OBJECTID":478,"Shape_Length":16.371035186930499,"Asset_ID":"DP478","Name":null,"District_ID":"Salalah al Jadida","Wlyt_ID":"Salalah","Gov_ID":"Dhofar Governorate","Road_ID":"103812","Pipe_Diameter":300,"Pipe_Material":"HDPE","Invert_Level_From_m":0,"Invert_Level_To_m":0,"Slop_Percentage":0,"Latitude":17.01038432,"Longitude":54.076830960000002,"GlobalID":"{1F968E47-9CE5-48B8-BC1A-4B08FE300408}","NEAR_FID":15906,"NEAR_DIST":0}},{"type":"Feature","id":479,"geometry":{"type":"LineString","coordinates":[[188797.73390000034,1883048.5362],[188803.88709999993,1883029.3618000001]]},"properties":{"OBJECTID":479,"Shape_Length":20.137514384631043,"Asset_ID":"DP479","Name":null,"District_ID":"Salalah al Gharbiyya","Wlyt_ID":"Salalah","Gov_ID":"Dhofar Governorate","Road_ID":"103812","Pipe_Diameter":200,"Pipe_Material":"UPVC","Invert_Level_From_m":0,"Invert_Level_To_m":0,"Slop_Percentage":0,"Latitude":17.01052357,"Longitude":54.077275229999998,"GlobalID":"{5E972197-A684-4309-A7D1-B731A93BFAAB}","NEAR_FID":15906,"NEAR_DIST":0}},{"type":"Feature","id":480,"geometry":{"type":"LineString","coordinates":[[188845.11110000033,1883062.3551000003],[188852.94560000021,1883044.0265999995]]},"properties":{"OBJECTID":480,"Shape_Length":19.932719396158415,"Asset_ID":"DP480","Name":null,"District_ID":"Salalah al Gharbiyya","Wlyt_ID":"Salalah","Gov_ID":"Dhofar Governorate","Road_ID":"103812","Pipe_Diameter":200,"Pipe_Material":"UPVC","Invert_Level_From_m":0,"Invert_Level_To_m":0,"Slop_Percentage":0,"Latitude":17.010659359999998,"Longitude":54.077725260000001,"GlobalID":"{334EC166-B7A1-4A8F-A67B-3CB0206ECFA1}","NEAR_FID":8648,"NEAR_DIST":0}},{"type":"Feature","id":481,"geometry":{"type":"LineString","coordinates":[[188890.51800000016,1883075.7709999997],[188895.45519999973,1883058.5120999999]]},"properties":{"OBJECTID":481,"Shape_Length":17.951199765985734,"Asset_ID":"DP481","Name":null,"District_ID":"Salalah al Gharbiyya","Wlyt_ID":"Salalah","Gov_ID":"Dhofar Governorate","Road_ID":"103812","Pipe_Diameter":200,"Pipe_Material":"UPVC","Invert_Level_From_m":0,"Invert_Level_To_m":0,"Slop_Percentage":0,"Latitude":17.01079082,"Longitude":54.07813599,"GlobalID":"{E41F6EDF-5731-4217-BFA0-C3814278BBFB}","NEAR_FID":6875,"NEAR_DIST":0}},{"type":"Feature","id":482,"geometry":{"type":"LineString","coordinates":[[188934.52990000043,1883088.2447999995],[188939.85059999954,1883068.2229999993]]},"properties":{"OBJECTID":482,"Shape_Length":20.716716045969946,"Asset_ID":"DP482","Name":null,"District_ID":"Salalah al Gharbiyya","Wlyt_ID":"Salalah","Gov_ID":"Dhofar Governorate","Road_ID":"103812","Pipe_Diameter":300,"Pipe_Material":"HDPE","Invert_Level_From_m":0,"Invert_Level_To_m":0,"Slop_Percentage":0,"Latitude":17.01090752,"Longitude":54.078545310000003,"GlobalID":"{DAA487E4-E931-4280-9315-297C2B6FA08D}","NEAR_FID":6875,"NEAR_DIST":0}},{"type":"Feature","id":483,"geometry":{"type":"LineString","coordinates":[[188983.13269999996,1883101.8412999995],[188988.23830000032,1883080.6864999998]]},"properties":{"OBJECTID":483,"Shape_Length":21.762185422887036,"Asset_ID":"DP483","Name":null,"District_ID":"Salalah al Gharbiyya","Wlyt_ID":"Salalah","Gov_ID":"Dhofar Governorate","Road_ID":"103812","Pipe_Diameter":300,"Pipe_Material":"HDPE","Invert_Level_From_m":0,"Invert_Level_To_m":0,"Slop_Percentage":0,"Latitude":17.011035969999998,"Longitude":54.078997970000003,"GlobalID":"{08B6C214-B49A-47B6-8B9E-C17593B2AAF2}","NEAR_FID":6875,"NEAR_DIST":0}},{"type":"Feature","id":484,"geometry":{"type":"LineString","coordinates":[[189028.25810000021,1883118.0431999993],[189034.15390000027,1883097.1338999998]]},"properties":{"OBJECTID":484,"Shape_Length":21.724623911574152,"Asset_ID":"DP484","Name":null,"District_ID":"Salalah al Gharbiyya","Wlyt_ID":"Salalah","Gov_ID":"Dhofar Governorate","Road_ID":"103812","Pipe_Diameter":200,"Pipe_Material":"UPVC","Invert_Level_From_m":0,"Invert_Level_To_m":0,"Slop_Percentage":0,"Latitude":17.01117348,"Longitude":54.079427359999997,"GlobalID":"{8203F94E-D53C-468C-92C9-FAD74D71EF58}","NEAR_FID":11069,"NEAR_DIST":0}},{"type":"Feature","id":485,"geometry":{"type":"LineString","coordinates":[[189066.63049999997,1883128.4989],[189073.2137000002,1883104.8760000002]]},"properties":{"OBJECTID":485,"Shape_Length":24.523048885599842,"Asset_ID":"DP485","Name":null,"District_ID":"Salalah al Gharbiyya","Wlyt_ID":"Salalah","Gov_ID":"Dhofar Governorate","Road_ID":"104246","Pipe_Diameter":200,"Pipe_Material":"UPVC","Invert_Level_From_m":0,"Invert_Level_To_m":0,"Slop_Percentage":0,"Latitude":17.011277840000002,"Longitude":54.079785039999997,"GlobalID":"{D02D8A44-B8BD-4C07-A087-F2A8AA3CE30F}","NEAR_FID":4985,"NEAR_DIST":0}},{"type":"Feature","id":486,"geometry":{"type":"LineString","coordinates":[[189113.00490000006,1883142.4333999995],[189118.29339999985,1883126.3103999998]]},"properties":{"OBJECTID":486,"Shape_Length":16.968186740035904,"Asset_ID":"DP486","Name":null,"District_ID":"Salalah al Gharbiyya","Wlyt_ID":"Salalah","Gov_ID":"Dhofar Governorate","Road_ID":"103812","Pipe_Diameter":300,"Pipe_Material":"HDPE","Invert_Level_From_m":0,"Invert_Level_To_m":0,"Slop_Percentage":0,"Latitude":17.011408490000001,"Longitude":54.080222829999997,"GlobalID":"{B831053D-2349-4A67-BB63-E9D90ED43A31}","NEAR_FID":11069,"NEAR_DIST":0}},{"type":"Feature","id":487,"geometry":{"type":"LineString","coordinates":[[189158.48670000024,1883155.7460999992],[189164.17899999954,1883136.1209999993]]},"properties":{"OBJECTID":487,"Shape_Length":20.433962643197784,"Asset_ID":"DP487","Name":null,"District_ID":"Salalah al Gharbiyya","Wlyt_ID":"Salalah","Gov_ID":"Dhofar Governorate","Road_ID":"103812","Pipe_Diameter":200,"Pipe_Material":"UPVC","Invert_Level_From_m":0,"Invert_Level_To_m":0,"Slop_Percentage":0,"Latitude":17.01153691,"Longitude":54.080643539999997,"GlobalID":"{8D543501-3AF4-444D-B58A-E73CC4A372DA}","NEAR_FID":5293,"NEAR_DIST":0}},{"type":"Feature","id":488,"geometry":{"type":"LineString","coordinates":[[189209.53440000024,1883172.0942000002],[189216.12710000016,1883148.8084999993]]},"properties":{"OBJECTID":488,"Shape_Length":24.200989292288188,"Asset_ID":"DP488","Name":null,"District_ID":"Salalah al Gharbiyya","Wlyt_ID":"Salalah","Gov_ID":"Dhofar Governorate","Road_ID":"103812","Pipe_Diameter":300,"Pipe_Material":"HDPE","Invert_Level_From_m":0,"Invert_Level_To_m":0,"Slop_Percentage":0,"Latitude":17.01167555,"Longitude":54.081121119999999,"GlobalID":"{F48FB164-587F-479C-BEE5-E19561FC0837}","NEAR_FID":5293,"NEAR_DIST":0}},{"type":"Feature","id":489,"geometry":{"type":"LineString","coordinates":[[189251.18269999977,1883183.1023999993],[189256.85670000035,1883161.5733000003]]},"properties":{"OBJECTID":489,"Shape_Length":22.264240898656311,"Asset_ID":"DP489","Name":null,"District_ID":"Salalah al Gharbiyya","Wlyt_ID":"Salalah","Gov_ID":"Dhofar Governorate","Road_ID":"103812","Pipe_Diameter":300,"Pipe_Material":"HDPE","Invert_Level_From_m":0,"Invert_Level_To_m":0,"Slop_Percentage":0,"Latitude":17.011793000000001,"Longitude":54.081506869999998,"GlobalID":"{C83F2F58-2322-41AD-9A35-93D9D7A72E40}","NEAR_FID":7703,"NEAR_DIST":0}},{"type":"Feature","id":490,"geometry":{"type":"LineString","coordinates":[[189354.46920000017,1883230.3326999992],[189357.27280000038,1883220.5261000004]]},"properties":{"OBJECTID":490,"Shape_Length":10.199489030794764,"Asset_ID":"DP490","Name":null,"District_ID":"Salalah al Jadida","Wlyt_ID":"Salalah","Gov_ID":"Dhofar Governorate","Road_ID":"104213","Pipe_Diameter":200,"Pipe_Material":"HDPE","Invert_Level_From_m":0,"Invert_Level_To_m":0,"Slop_Percentage":0,"Latitude":17.01227987,"Longitude":54.082456950000001,"GlobalID":"{674C1DCF-89AC-4FF4-B9A6-E92A7EDDCC6F}","NEAR_FID":17729,"NEAR_DIST":0.9846752081587713}},{"type":"Feature","id":491,"geometry":{"type":"LineString","coordinates":[[189354.46920000017,1883230.3326999992],[189357.27280000038,1883220.5261000004]]},"properties":{"OBJECTID":491,"Shape_Length":10.199489031258487,"Asset_ID":"DP491","Name":null,"District_ID":"Salalah al Jadida","Wlyt_ID":"Salalah","Gov_ID":"Dhofar Governorate","Road_ID":"104213","Pipe_Diameter":200,"Pipe_Material":"UPVC","Invert_Level_From_m":0,"Invert_Level_To_m":0,"Slop_Percentage":0,"Latitude":17.01227987,"Longitude":54.082456950000001,"GlobalID":"{336125DA-5F46-497A-A742-00E0B1748428}","NEAR_FID":17729,"NEAR_DIST":0.9846752081587713}},{"type":"Feature","id":492,"geometry":{"type":"LineString","coordinates":[[189404.76910000015,1883234.2301000003],[189409.42080000043,1883219.3159999996]]},"properties":{"OBJECTID":492,"Shape_Length":15.62269796572286,"Asset_ID":"DP492","Name":null,"District_ID":"Salalah al Gharbiyya","Wlyt_ID":"Salalah","Gov_ID":"Dhofar Governorate","Road_ID":"103812","Pipe_Diameter":200,"Pipe_Material":"UPVC","Invert_Level_From_m":0,"Invert_Level_To_m":0,"Slop_Percentage":0,"Latitude":17.012283149999998,"Longitude":54.082942099999997,"GlobalID":"{B55FB371-D0E1-4D82-9598-BBD13DB55338}","NEAR_FID":5176,"NEAR_DIST":0}},{"type":"Feature","id":493,"geometry":{"type":"LineString","coordinates":[[189453.25370000023,1883247.5251000002],[189459.15469999984,1883226.7313000001]]},"properties":{"OBJECTID":493,"Shape_Length":21.614900402959776,"Asset_ID":"DP493","Name":null,"District_ID":"Salalah al Gharbiyya","Wlyt_ID":"Salalah","Gov_ID":"Dhofar Governorate","Road_ID":"103812","Pipe_Diameter":200,"Pipe_Material":"UPVC","Invert_Level_From_m":0,"Invert_Level_To_m":0,"Slop_Percentage":0,"Latitude":17.012411490000002,"Longitude":54.083391640000002,"GlobalID":"{F217228D-1418-4734-8419-B9CDD128DDC3}","NEAR_FID":5176,"NEAR_DIST":0}},{"type":"Feature","id":494,"geometry":{"type":"LineString","coordinates":[[189449.45610000007,1883261.2733999994],[189453.25370000023,1883247.5251000002]]},"properties":{"OBJECTID":494,"Shape_Length":14.263152478839713,"Asset_ID":"DP494","Name":null,"District_ID":"Salalah al Jadida","Wlyt_ID":"Salalah","Gov_ID":"Dhofar Governorate","Road_ID":"103812","Pipe_Diameter":200,"Pipe_Material":"UPVC","Invert_Level_From_m":0,"Invert_Level_To_m":0,"Slop_Percentage":0,"Latitude":17.012554250000001,"Longitude":54.083348829999998,"GlobalID":"{C94E218E-5A1A-4A84-B9A4-F46D31422F98}","NEAR_FID":5176,"NEAR_DIST":0.86750543071495612}},{"type":"Feature","id":495,"geometry":{"type":"LineString","coordinates":[[189449.45610000007,1883261.2733999994],[189453.25370000023,1883247.5251000002]]},"properties":{"OBJECTID":495,"Shape_Length":14.263152479056389,"Asset_ID":"DP495","Name":null,"District_ID":"Salalah al Jadida","Wlyt_ID":"Salalah","Gov_ID":"Dhofar Governorate","Road_ID":"103812","Pipe_Diameter":200,"Pipe_Material":"HDPE","Invert_Level_From_m":0,"Invert_Level_To_m":0,"Slop_Percentage":0,"Latitude":17.012554250000001,"Longitude":54.083348829999998,"GlobalID":"{19AEA9EB-4741-47BE-B49D-981AF639536E}","NEAR_FID":5176,"NEAR_DIST":0.86750543071495612}},{"type":"Feature","id":496,"geometry":{"type":"LineString","coordinates":[[189501.36510000005,1883262.4093999993],[189507.10759999976,1883243.6289000008]]},"properties":{"OBJECTID":496,"Shape_Length":19.638821474767756,"Asset_ID":"DP496","Name":null,"District_ID":"Salalah al Gharbiyya","Wlyt_ID":"Salalah","Gov_ID":"Dhofar Governorate","Road_ID":"103812","Pipe_Diameter":200,"Pipe_Material":"UPVC","Invert_Level_From_m":0,"Invert_Level_To_m":0,"Slop_Percentage":0,"Latitude":17.01256171,"Longitude":54.083840160000001,"GlobalID":"{54D076D9-4380-4804-9C09-667CE2438255}","NEAR_FID":5296,"NEAR_DIST":0}},{"type":"Feature","id":497,"geometry":{"type":"LineString","coordinates":[[189498.13009999972,1883276.5297999997],[189501.36510000005,1883262.4093999993]]},"properties":{"OBJECTID":497,"Shape_Length":14.486232124766797,"Asset_ID":"DP497","Name":null,"District_ID":"Salalah al Jadida","Wlyt_ID":"Salalah","Gov_ID":"Dhofar Governorate","Road_ID":"104212","Pipe_Diameter":200,"Pipe_Material":"UPVC","Invert_Level_From_m":0,"Invert_Level_To_m":0,"Slop_Percentage":0,"Latitude":17.012696810000001,"Longitude":54.083800789999998,"GlobalID":"{394A34DC-EDEA-4B73-8E06-C270B19478B6}","NEAR_FID":4038,"NEAR_DIST":0}},{"type":"Feature","id":498,"geometry":{"type":"LineString","coordinates":[[189545.06780000031,1883291.3608999997],[189547.72609999962,1883280.6486000009]]},"properties":{"OBJECTID":498,"Shape_Length":11.037206627881469,"Asset_ID":"DP498","Name":null,"District_ID":"Salalah al Jadida","Wlyt_ID":"Salalah","Gov_ID":"Dhofar Governorate","Road_ID":"104212","Pipe_Diameter":200,"Pipe_Material":"UPVC","Invert_Level_From_m":0,"Invert_Level_To_m":0,"Slop_Percentage":0,"Latitude":17.01283647,"Longitude":54.084238280000001,"GlobalID":"{F9254EE2-61D0-495C-9936-1712C1100458}","NEAR_FID":13536,"NEAR_DIST":0}},{"type":"Feature","id":499,"geometry":{"type":"LineString","coordinates":[[189547.72609999962,1883280.6486000009],[189554.6540000001,1883257.9154000003]]},"properties":{"OBJECTID":499,"Shape_Length":23.765398811798256,"Asset_ID":"DP499","Name":null,"District_ID":"Salalah al Gharbiyya","Wlyt_ID":"Salalah","Gov_ID":"Dhofar Governorate","Road_ID":"103812","Pipe_Diameter":200,"Pipe_Material":"UPVC","Invert_Level_From_m":0,"Invert_Level_To_m":0,"Slop_Percentage":0,"Latitude":17.012701710000002,"Longitude":54.084281470000001,"GlobalID":"{F2600BBF-318A-4FD3-B0BF-441A0369106A}","NEAR_FID":5296,"NEAR_DIST":0}},{"type":"Feature","id":500,"geometry":{"type":"LineString","coordinates":[[189606.28839999996,1883296.5015999991],[189612.97900000028,1883279.6983000003]]},"properties":{"OBJECTID":500,"Shape_Length":18.086321328792184,"Asset_ID":"DP500","Name":null,"District_ID":"Salalah al Gharbiyya","Wlyt_ID":"Salalah","Gov_ID":"Dhofar Governorate","Road_ID":"103812","Pipe_Diameter":300,"Pipe_Material":"HDPE","Invert_Level_From_m":0,"Invert_Level_To_m":0,"Slop_Percentage":0,"Latitude":17.01287877,"Longitude":54.084830310000001,"GlobalID":"{40EAC635-9E41-4B84-9091-DCE9845F9266}","NEAR_FID":5296,"NEAR_DIST":0}},{"type":"Feature","id":501,"geometry":{"type":"LineString","coordinates":[[189577.20799999963,1883301.0964000002],[189596.77089999989,1883306.2105999999]]},"properties":{"OBJECTID":501,"Shape_Length":20.220338722520633,"Asset_ID":"DP501","Name":null,"District_ID":"Salalah al Jadida","Wlyt_ID":"Salalah","Gov_ID":"Dhofar Governorate","Road_ID":"104212","Pipe_Diameter":200,"Pipe_Material":"UPVC","Invert_Level_From_m":0,"Invert_Level_To_m":0,"Slop_Percentage":0,"Latitude":17.013001280000001,"Longitude":54.084600999999999,"GlobalID":"{43A092FE-168B-4D04-AB70-A25879248DDD}","NEAR_FID":17160,"NEAR_DIST":0.01270536211479132}},{"type":"Feature","id":502,"geometry":{"type":"LineString","coordinates":[[189596.77089999989,1883306.2105999999],[189606.28839999996,1883296.5015999991]]},"properties":{"OBJECTID":502,"Shape_Length":13.595912292170683,"Asset_ID":"DP502","Name":null,"District_ID":"Salalah al Jadida","Wlyt_ID":"Salalah","Gov_ID":"Dhofar Governorate","Road_ID":"104212","Pipe_Diameter":200,"Pipe_Material":"UPVC","Invert_Level_From_m":0,"Invert_Level_To_m":0,"Slop_Percentage":0,"Latitude":17.0129825,"Longitude":54.084737760000003,"GlobalID":"{352B1FC1-E999-4B30-BB7C-2E12E18520C4}","NEAR_FID":17160,"NEAR_DIST":0}},{"type":"Feature","id":503,"geometry":{"type":"LineString","coordinates":[[189587.20770000014,1883291.8263000008],[189587.86620000005,1883290.0309999995]]},"properties":{"OBJECTID":503,"Shape_Length":1.9122563490450466,"Asset_ID":"DP503","Name":null,"District_ID":"Salalah al Jadida","Wlyt_ID":"Salalah","Gov_ID":"Dhofar Governorate","Road_ID":"103812","Pipe_Diameter":200,"Pipe_Material":"UPVC","Invert_Level_From_m":0,"Invert_Level_To_m":0,"Slop_Percentage":0,"Latitude":17.012902820000001,"Longitude":54.08462093,"GlobalID":"{41B33296-BA7D-4F7D-B8D0-DD037C74C301}","NEAR_FID":5296,"NEAR_DIST":0.63601105415729597}},{"type":"Feature","id":504,"geometry":{"type":"LineString","coordinates":[[189646.02180000022,1883293.5019000005],[189646.4140999997,1883289.9745000005]]},"properties":{"OBJECTID":504,"Shape_Length":3.5491477922712735,"Asset_ID":"DP504","Name":null,"District_ID":"Salalah al Gharbiyya","Wlyt_ID":"Salalah","Gov_ID":"Dhofar Governorate","Road_ID":"103812","Pipe_Diameter":200,"Pipe_Material":"HDPE","Invert_Level_From_m":0,"Invert_Level_To_m":0,"Slop_Percentage":0,"Latitude":17.012893160000001,"Longitude":54.085177780000002,"GlobalID":"{2967FEDC-519E-4C6A-B908-A836E9803D2F}","NEAR_FID":11214,"NEAR_DIST":4.6115297800073209}},{"type":"Feature","id":505,"geometry":{"type":"LineString","coordinates":[[189792.91089999955,1883353.1414999999],[189797.53579999972,1883335.5160000008]]},"properties":{"OBJECTID":505,"Shape_Length":18.222182916190143,"Asset_ID":"DP505","Name":null,"District_ID":"Salalah al Gharbiyya","Wlyt_ID":"Salalah","Gov_ID":"Dhofar Governorate","Road_ID":"103812","Pipe_Diameter":200,"Pipe_Material":"HDPE","Invert_Level_From_m":0,"Invert_Level_To_m":0,"Slop_Percentage":0,"Latitude":17.013412559999999,"Longitude":54.086562790000002,"GlobalID":"{4B00D189-9D3B-41EB-8B61-CD76FAD62FF0}","NEAR_FID":13324,"NEAR_DIST":0}},{"type":"Feature","id":506,"geometry":{"type":"LineString","coordinates":[[189836.89829999954,1883366.6358000003],[189841.16260000039,1883351.8980999999],[189841.87609999999,1883349.8073999994]]},"properties":{"OBJECTID":506,"Shape_Length":17.551327937534786,"Asset_ID":"DP506","Name":null,"District_ID":"Salalah al Gharbiyya","Wlyt_ID":"Salalah","Gov_ID":"Dhofar Governorate","Road_ID":"103812","Pipe_Diameter":200,"Pipe_Material":"HDPE","Invert_Level_From_m":0,"Invert_Level_To_m":0,"Slop_Percentage":0,"Latitude":17.01354473,"Longitude":54.08697531,"GlobalID":"{0EE1ECE6-2A4C-433F-8716-18D274653BBC}","NEAR_FID":8831,"NEAR_DIST":0}},{"type":"Feature","id":507,"geometry":{"type":"LineString","coordinates":[[189884.6157999998,1883382.5408999994],[189891.96700000018,1883365.9164000005]]},"properties":{"OBJECTID":507,"Shape_Length":18.177297424812885,"Asset_ID":"DP507","Name":null,"District_ID":"Salalah al Gharbiyya","Wlyt_ID":"Salalah","Gov_ID":"Dhofar Governorate","Road_ID":"103812","Pipe_Diameter":200,"Pipe_Material":"HDPE","Invert_Level_From_m":0,"Invert_Level_To_m":0,"Slop_Percentage":0,"Latitude":17.013695330000001,"Longitude":54.087431899999999,"GlobalID":"{61FB2B65-CAF0-422B-8B64-53711BA587D2}","NEAR_FID":8831,"NEAR_DIST":0}},{"type":"Feature","id":508,"geometry":{"type":"LineString","coordinates":[[189933.59370000008,1883396.8197000008],[189938.54499999993,1883380.4550000001]]},"properties":{"OBJECTID":508,"Shape_Length":17.097332476228697,"Asset_ID":"DP508","Name":null,"District_ID":"Salalah al Gharbiyya","Wlyt_ID":"Salalah","Gov_ID":"Dhofar Governorate","Road_ID":"103812","Pipe_Diameter":200,"Pipe_Material":"HDPE","Invert_Level_From_m":0,"Invert_Level_To_m":0,"Slop_Percentage":0,"Latitude":17.013831140000001,"Longitude":54.087878170000003,"GlobalID":"{F9EBB146-2A55-4436-98B5-D07B2B3DBB2E}","NEAR_FID":12596,"NEAR_DIST":0}},{"type":"Feature","id":509,"geometry":{"type":"LineString","coordinates":[[189981.23840000015,1883411.6807000004],[189986.26609999966,1883395.3670000006]]},"properties":{"OBJECTID":509,"Shape_Length":17.070869191961364,"Asset_ID":"DP509","Name":null,"District_ID":"Salalah al Gharbiyya","Wlyt_ID":"Salalah","Gov_ID":"Dhofar Governorate","Road_ID":"103812","Pipe_Diameter":200,"Pipe_Material":"HDPE","Invert_Level_From_m":0,"Invert_Level_To_m":0,"Slop_Percentage":0,"Latitude":17.013971909999999,"Longitude":54.088323670000001,"GlobalID":"{0605A64A-8977-4E49-A144-0D7D2ECC0D1C}","NEAR_FID":11034,"NEAR_DIST":0}},{"type":"Feature","id":510,"geometry":{"type":"LineString","coordinates":[[189981.23840000015,1883411.6807000004],[189986.14400000032,1883395.8140999991]]},"properties":{"OBJECTID":510,"Shape_Length":16.607646039113092,"Asset_ID":"DP510","Name":null,"District_ID":"Salalah al Gharbiyya","Wlyt_ID":"Salalah","Gov_ID":"Dhofar Governorate","Road_ID":"103812","Pipe_Diameter":300,"Pipe_Material":"HDPE","Invert_Level_From_m":0,"Invert_Level_To_m":0,"Slop_Percentage":0,"Latitude":17.013971909999999,"Longitude":54.088323670000001,"GlobalID":"{639A9C5A-EDB0-4EC0-9B66-0E735A522A53}","NEAR_FID":11034,"NEAR_DIST":0}},{"type":"Feature","id":511,"geometry":{"type":"LineString","coordinates":[[190027.67410000041,1883426.3964000009],[190032.17459999956,1883413.7646999992]]},"properties":{"OBJECTID":511,"Shape_Length":13.409487133153771,"Asset_ID":"DP511","Name":null,"District_ID":"Salalah al Gharbiyya","Wlyt_ID":"Salalah","Gov_ID":"Dhofar Governorate","Road_ID":"103812","Pipe_Diameter":200,"Pipe_Material":"HDPE","Invert_Level_From_m":0,"Invert_Level_To_m":0,"Slop_Percentage":0,"Latitude":17.014110540000001,"Longitude":54.088758839999997,"GlobalID":"{CC8B3A8E-533B-49F4-97C9-8224833E3635}","NEAR_FID":11034,"NEAR_DIST":0}},{"type":"Feature","id":512,"geometry":{"type":"LineString","coordinates":[[190032.17459999956,1883413.7646999992],[190033.04619999975,1883409.9955000002]]},"properties":{"OBJECTID":512,"Shape_Length":3.8687146702317148,"Asset_ID":"DP512","Name":null,"District_ID":"Salalah al Gharbiyya","Wlyt_ID":"Salalah","Gov_ID":"Dhofar Governorate","Road_ID":"103812","Pipe_Diameter":200,"Pipe_Material":"HDPE","Invert_Level_From_m":0,"Invert_Level_To_m":0,"Slop_Percentage":0,"Latitude":17.014030160000001,"Longitude":54.088787160000003,"GlobalID":"{C478498E-00FE-4534-A21D-5769ACDBC566}","NEAR_FID":17501,"NEAR_DIST":3.4900206198735688}},{"type":"Feature","id":513,"geometry":{"type":"LineString","coordinates":[[190053.35010000039,1883441.1785000004],[190062.29069999978,1883437.0381000005]]},"properties":{"OBJECTID":513,"Shape_Length":9.8527783141818013,"Asset_ID":"DP513","Name":null,"District_ID":"Salalah al Jadida","Wlyt_ID":"Salalah","Gov_ID":"Dhofar Governorate","Road_ID":"103812","Pipe_Diameter":200,"Pipe_Material":"HDPE","Invert_Level_From_m":0,"Invert_Level_To_m":0,"Slop_Percentage":0,"Latitude":17.014302449999999,"Longitude":54.089013649999998,"GlobalID":"{7CB55171-A68B-437B-A01E-6EEDE15C9917}","NEAR_FID":10065,"NEAR_DIST":0.79977222645232904}},{"type":"Feature","id":514,"geometry":{"type":"LineString","coordinates":[[190062.29069999978,1883437.0381000005],[190076.58930000011,1883441.7840999998]]},"properties":{"OBJECTID":514,"Shape_Length":15.065672170944175,"Asset_ID":"DP514","Name":null,"District_ID":"Salalah al Jadida","Wlyt_ID":"Salalah","Gov_ID":"Dhofar Governorate","Road_ID":"103812","Pipe_Diameter":200,"Pipe_Material":"HDPE","Invert_Level_From_m":0,"Invert_Level_To_m":0,"Slop_Percentage":0,"Latitude":17.014306659999999,"Longitude":54.089123190000002,"GlobalID":"{C953D646-3901-4CC1-9913-0416622C22C4}","NEAR_FID":10065,"NEAR_DIST":0.79977222645232904}},{"type":"Feature","id":515,"geometry":{"type":"LineString","coordinates":[[190076.58930000011,1883441.7840999998],[190080.75650000013,1883428.3455999997]]},"properties":{"OBJECTID":515,"Shape_Length":14.069784578605274,"Asset_ID":"DP515","Name":null,"District_ID":"Salalah al Gharbiyya","Wlyt_ID":"Salalah","Gov_ID":"Dhofar Governorate","Road_ID":"103812","Pipe_Diameter":200,"Pipe_Material":"HDPE","Invert_Level_From_m":0,"Invert_Level_To_m":0,"Slop_Percentage":0,"Latitude":17.01425424,"Longitude":54.089214439999999,"GlobalID":"{7219F635-617A-4161-BDD4-BAB3CAB95418}","NEAR_FID":10065,"NEAR_DIST":0}},{"type":"Feature","id":516,"geometry":{"type":"LineString","coordinates":[[190080.75650000013,1883428.3455999997],[190081.61050000042,1883425.1298999991]]},"properties":{"OBJECTID":516,"Shape_Length":3.3272134381683687,"Asset_ID":"DP516","Name":null,"District_ID":"Salalah al Gharbiyya","Wlyt_ID":"Salalah","Gov_ID":"Dhofar Governorate","Road_ID":"103812","Pipe_Diameter":300,"Pipe_Material":"HDPE","Invert_Level_From_m":0,"Invert_Level_To_m":0,"Slop_Percentage":0,"Latitude":17.01417425,"Longitude":54.089239489999997,"GlobalID":"{7E668050-B8C0-45DD-9A46-E89FF790C40E}","NEAR_FID":17501,"NEAR_DIST":3.8076407602218052}},{"type":"Feature","id":517,"geometry":{"type":"LineString","coordinates":[[190076.58930000011,1883441.7840999998],[190080.75650000013,1883428.3455999997]]},"properties":{"OBJECTID":517,"Shape_Length":14.069784578605274,"Asset_ID":"DP517","Name":null,"District_ID":"Salalah al Gharbiyya","Wlyt_ID":"Salalah","Gov_ID":"Dhofar Governorate","Road_ID":"103812","Pipe_Diameter":300,"Pipe_Material":"HDPE","Invert_Level_From_m":0,"Invert_Level_To_m":0,"Slop_Percentage":0,"Latitude":17.01425424,"Longitude":54.089214439999999,"GlobalID":"{E7D70429-A7FE-46F0-BFCB-F51E6BCCB793}","NEAR_FID":10065,"NEAR_DIST":0}},{"type":"Feature","id":518,"geometry":{"type":"LineString","coordinates":[[190080.75650000013,1883428.3455999997],[190081.07430000044,1883427.1488000005]]},"properties":{"OBJECTID":518,"Shape_Length":1.238318617551724,"Asset_ID":"DP518","Name":null,"District_ID":"Salalah al Gharbiyya","Wlyt_ID":"Salalah","Gov_ID":"Dhofar Governorate","Road_ID":"103812","Pipe_Diameter":200,"Pipe_Material":"HDPE","Invert_Level_From_m":0,"Invert_Level_To_m":0,"Slop_Percentage":0,"Latitude":17.01417425,"Longitude":54.089239489999997,"GlobalID":"{A75355FD-ADA4-42AA-83BE-20645EC7A661}","NEAR_FID":17501,"NEAR_DIST":3.8076407602218052}},{"type":"Feature","id":519,"geometry":{"type":"LineString","coordinates":[[190135.18800000008,1883441.5222999994],[190128.14900000021,1883457.9957999997]]},"properties":{"OBJECTID":519,"Shape_Length":17.914344064220309,"Asset_ID":"DP519","Name":null,"District_ID":"Salalah al Gharbiyya","Wlyt_ID":"Salalah","Gov_ID":"Dhofar Governorate","Road_ID":"103812","Pipe_Diameter":200,"Pipe_Material":"HDPE","Invert_Level_From_m":0,"Invert_Level_To_m":0,"Slop_Percentage":0,"Latitude":17.014371390000001,"Longitude":54.089729650000002,"GlobalID":"{7A38ECC9-4F44-4443-9ABB-8C6EEB2A01CB}","NEAR_FID":8731,"NEAR_DIST":0}},{"type":"Feature","id":520,"geometry":{"type":"LineString","coordinates":[[190156.30289999954,1883423.8660000004],[190150.2463999996,1883423.2014000006]]},"properties":{"OBJECTID":520,"Shape_Length":6.0928552755191081,"Asset_ID":"DP520","Name":null,"District_ID":"Salalah al Gharbiyya","Wlyt_ID":"Salalah","Gov_ID":"Dhofar Governorate","Road_ID":"104455","Pipe_Diameter":200,"Pipe_Material":"HDPE","Invert_Level_From_m":0,"Invert_Level_To_m":0,"Slop_Percentage":0,"Latitude":17.014174830000002,"Longitude":54.089911729999997,"GlobalID":"{3C58594E-D340-4BA2-A212-F7DCD73E6AD6}","NEAR_FID":11700,"NEAR_DIST":0}},{"type":"Feature","id":521,"geometry":{"type":"LineString","coordinates":[[190150.2463999996,1883423.2014000006],[190135.18800000008,1883441.5222999994]]},"properties":{"OBJECTID":521,"Shape_Length":23.71520160802757,"Asset_ID":"DP521","Name":null,"District_ID":"Salalah al Gharbiyya","Wlyt_ID":"Salalah","Gov_ID":"Dhofar Governorate","Road_ID":"104455","Pipe_Diameter":200,"Pipe_Material":"HDPE","Invert_Level_From_m":0,"Invert_Level_To_m":0,"Slop_Percentage":0,"Latitude":17.014215910000001,"Longitude":54.089835839999999,"GlobalID":"{A53B1AA5-A9EF-4B30-AA1C-7A39D2326680}","NEAR_FID":12677,"NEAR_DIST":3.4880385718458493}},{"type":"Feature","id":522,"geometry":{"type":"LineString","coordinates":[[190171.31699999981,1883472.3787999991],[190176.71140000038,1883453.5949000008]]},"properties":{"OBJECTID":522,"Shape_Length":19.543143311973484,"Asset_ID":"DP522","Name":null,"District_ID":"Salalah al Jadida","Wlyt_ID":"Salalah","Gov_ID":"Dhofar Governorate","Road_ID":"103812","Pipe_Diameter":200,"Pipe_Material":"HDPE","Invert_Level_From_m":0,"Invert_Level_To_m":0,"Slop_Percentage":0,"Latitude":17.014533660000001,"Longitude":54.090100739999997,"GlobalID":"{CAAF5A20-8F37-4F3B-B0AC-7FBA4D5B8631}","NEAR_FID":10065,"NEAR_DIST":0}},{"type":"Feature","id":523,"geometry":{"type":"LineString","coordinates":[[190171.31699999981,1883472.3787999991],[190176.71140000038,1883453.5949000008]]},"properties":{"OBJECTID":523,"Shape_Length":19.543143311973484,"Asset_ID":"DP523","Name":null,"District_ID":"Salalah al Jadida","Wlyt_ID":"Salalah","Gov_ID":"Dhofar Governorate","Road_ID":"103812","Pipe_Diameter":200,"Pipe_Material":"HDPE","Invert_Level_From_m":0,"Invert_Level_To_m":0,"Slop_Percentage":0,"Latitude":17.014533660000001,"Longitude":54.090100739999997,"GlobalID":"{DAEC209F-C248-4905-AE0D-317C0556C814}","NEAR_FID":10065,"NEAR_DIST":0}},{"type":"Feature","id":524,"geometry":{"type":"LineString","coordinates":[[190209.27550000045,1883495.6032999996],[190224.97269999981,1883470.1392000001]]},"properties":{"OBJECTID":524,"Shape_Length":29.913583479821369,"Asset_ID":"DP524","Name":null,"District_ID":"Salalah al Jadida","Wlyt_ID":"Salalah","Gov_ID":"Dhofar Governorate","Road_ID":"103812","Pipe_Diameter":1200,"Pipe_Material":"HDPE","Invert_Level_From_m":0,"Invert_Level_To_m":0,"Slop_Percentage":0,"Latitude":17.014719240000002,"Longitude":54.090502119999996,"GlobalID":"{57B75822-B860-4FDE-94AF-7750EFE7563E}","NEAR_FID":10335,"NEAR_DIST":0}},{"type":"Feature","id":525,"geometry":{"type":"LineString","coordinates":[[190239.99409999978,1883452.3387000002],[190224.97269999981,1883470.1392000001]]},"properties":{"OBJECTID":525,"Shape_Length":23.291633943050293,"Asset_ID":"DP525","Name":null,"District_ID":"Salalah al Wousta","Wlyt_ID":"Salalah","Gov_ID":"Dhofar Governorate","Road_ID":"104459","Pipe_Diameter":200,"Pipe_Material":"HDPE","Invert_Level_From_m":0,"Invert_Level_To_m":0,"Slop_Percentage":0,"Latitude":17.01454034,"Longitude":54.090629620000001,"GlobalID":"{CB28277B-C125-4313-A5E0-0ABD6EFC0671}","NEAR_FID":13212,"NEAR_DIST":2.7641920529547392}},{"type":"Feature","id":526,"geometry":{"type":"LineString","coordinates":[[190253.86649999954,1883506.7775999997],[190265.73620000016,1883511.5576000009]]},"properties":{"OBJECTID":526,"Shape_Length":12.796021964507077,"Asset_ID":"DP526","Name":null,"District_ID":"Salalah al Jadida","Wlyt_ID":"Salalah","Gov_ID":"Dhofar Governorate","Road_ID":"103812","Pipe_Diameter":200,"Pipe_Material":"UPVC","Invert_Level_From_m":0,"Invert_Level_To_m":0,"Slop_Percentage":0,"Latitude":17.014961719999999,"Longitude":54.090899229999998,"GlobalID":"{12DB7EA3-1362-4654-911D-891AE6F53610}","NEAR_FID":17525,"NEAR_DIST":3.3845732441081378}},{"type":"Feature","id":527,"geometry":{"type":"LineString","coordinates":[[190273.32490000036,1883489.6988999993],[190265.73620000016,1883511.5576000009]]},"properties":{"OBJECTID":527,"Shape_Length":23.138520554763396,"Asset_ID":"DP527","Name":null,"District_ID":"Salalah al Jadida","Wlyt_ID":"Salalah","Gov_ID":"Dhofar Governorate","Road_ID":"103812","Pipe_Diameter":200,"Pipe_Material":"UPVC","Invert_Level_From_m":0,"Invert_Level_To_m":0,"Slop_Percentage":0,"Latitude":17.01488621,"Longitude":54.090991680000002,"GlobalID":"{1A721632-FDBD-4097-BE06-A3F4EF062146}","NEAR_FID":14633,"NEAR_DIST":0}},{"type":"Feature","id":528,"geometry":{"type":"LineString","coordinates":[[190273.32490000036,1883489.6988999993],[190265.73620000016,1883511.5576000009]]},"properties":{"OBJECTID":528,"Shape_Length":23.138520554562533,"Asset_ID":"DP528","Name":null,"District_ID":"Salalah al Jadida","Wlyt_ID":"Salalah","Gov_ID":"Dhofar Governorate","Road_ID":"103812","Pipe_Diameter":300,"Pipe_Material":"HDPE","Invert_Level_From_m":0,"Invert_Level_To_m":0,"Slop_Percentage":0,"Latitude":17.01488621,"Longitude":54.090991680000002,"GlobalID":"{55D19F9F-1C33-48E6-820E-F7FEBB642A1A}","NEAR_FID":14633,"NEAR_DIST":0}},{"type":"Feature","id":529,"geometry":{"type":"LineString","coordinates":[[190323.1847000001,1883514.2171999998],[190315.1091,1883531.9371000007]]},"properties":{"OBJECTID":529,"Shape_Length":19.473319476090253,"Asset_ID":"DP529","Name":null,"District_ID":"Salalah al Jadida","Wlyt_ID":"Salalah","Gov_ID":"Dhofar Governorate","Road_ID":"103812","Pipe_Diameter":200,"Pipe_Material":"UPVC","Invert_Level_From_m":0,"Invert_Level_To_m":0,"Slop_Percentage":0,"Latitude":17.01508115,"Longitude":54.09146114,"GlobalID":"{E84CAFFE-5227-45DC-90BC-8C48109FEDFF}","NEAR_FID":14868,"NEAR_DIST":0}},{"type":"Feature","id":530,"geometry":{"type":"LineString","coordinates":[[190365.79569999967,1883527.5701000001],[190357.97539999988,1883547.4718999993]]},"properties":{"OBJECTID":530,"Shape_Length":21.383141380394751,"Asset_ID":"DP530","Name":null,"District_ID":"Salalah al Jadida","Wlyt_ID":"Salalah","Gov_ID":"Dhofar Governorate","Road_ID":"103812","Pipe_Diameter":200,"Pipe_Material":"UPVC","Invert_Level_From_m":0,"Invert_Level_To_m":0,"Slop_Percentage":0,"Latitude":17.015231050000001,"Longitude":54.091853299999997,"GlobalID":"{6AA0BBFE-A7E7-42DD-A77D-1DB48CB256CC}","NEAR_FID":14868,"NEAR_DIST":0}},{"type":"Feature","id":531,"geometry":{"type":"LineString","coordinates":[[190415.75600000005,1883550.7947000004],[190402.74330000021,1883567.1818000004]]},"properties":{"OBJECTID":531,"Shape_Length":20.925281544120981,"Asset_ID":"DP531","Name":null,"District_ID":"Salalah al Jadida","Wlyt_ID":"Salalah","Gov_ID":"Dhofar Governorate","Road_ID":"103812","Pipe_Diameter":200,"Pipe_Material":"UPVC","Invert_Level_From_m":0,"Invert_Level_To_m":0,"Slop_Percentage":0,"Latitude":17.015416330000001,"Longitude":54.092297160000001,"GlobalID":"{C46D0844-0E76-43C0-9B0B-0A8E750357D6}","NEAR_FID":14868,"NEAR_DIST":0}},{"type":"Feature","id":532,"geometry":{"type":"LineString","coordinates":[[190418.56969999988,1883546.3488999996],[190415.75600000005,1883550.7947000004]]},"properties":{"OBJECTID":532,"Shape_Length":5.2613384594270514,"Asset_ID":"DP532","Name":null,"District_ID":"Salalah al Wousta","Wlyt_ID":"Salalah","Gov_ID":"Dhofar Governorate","Road_ID":"103812","Pipe_Diameter":200,"Pipe_Material":"UPVC","Invert_Level_From_m":0,"Invert_Level_To_m":0,"Slop_Percentage":0,"Latitude":17.015323479999999,"Longitude":54.092367539999998,"GlobalID":"{F4256711-ED7C-4F89-AE30-5520CA8C74A9}","NEAR_FID":14868,"NEAR_DIST":6.8502490495555959}},{"type":"Feature","id":533,"geometry":{"type":"LineString","coordinates":[[190508.28639999963,1883605.2548999991],[190520.07139999978,1883608.3456999995]]},"properties":{"OBJECTID":533,"Shape_Length":12.183565555550249,"Asset_ID":"DP533","Name":null,"District_ID":"Markaz al Madena","Wlyt_ID":"Salalah","Gov_ID":"Dhofar Governorate","Road_ID":"103812","Pipe_Diameter":200,"Pipe_Material":"HDPE","Invert_Level_From_m":0,"Invert_Level_To_m":0,"Slop_Percentage":0,"Latitude":17.015877209999999,"Longitude":54.093273070000002,"GlobalID":"{B5C936C0-AD42-4DB1-92A7-B35E5520C4DB}","NEAR_FID":8967,"NEAR_DIST":0.3151843652123128}},{"type":"Feature","id":534,"geometry":{"type":"LineString","coordinates":[[190523.63320000004,1883587.6186999995],[190520.07139999978,1883608.3456999995]]},"properties":{"OBJECTID":534,"Shape_Length":21.030809500349321,"Asset_ID":"DP534","Name":null,"District_ID":"Markaz al Madena","Wlyt_ID":"Salalah","Gov_ID":"Dhofar Governorate","Road_ID":"103812","Pipe_Diameter":200,"Pipe_Material":"HDPE","Invert_Level_From_m":0,"Invert_Level_To_m":0,"Slop_Percentage":0,"Latitude":17.015783219999999,"Longitude":54.093347790000003,"GlobalID":"{EC33F021-A027-4DD3-AFE2-6CA3B82B41A7}","NEAR_FID":4034,"NEAR_DIST":0}},{"type":"Feature","id":535,"geometry":{"type":"LineString","coordinates":[[190508.28639999963,1883605.2548999991],[190520.07139999978,1883608.3456999995]]},"properties":{"OBJECTID":535,"Shape_Length":12.183565555347663,"Asset_ID":"DP535","Name":null,"District_ID":"Markaz al Madena","Wlyt_ID":"Salalah","Gov_ID":"Dhofar Governorate","Road_ID":"103812","Pipe_Diameter":300,"Pipe_Material":"HDPE","Invert_Level_From_m":0,"Invert_Level_To_m":0,"Slop_Percentage":0,"Latitude":17.015877209999999,"Longitude":54.093273070000002,"GlobalID":"{F24CC0FC-7665-463F-8416-EEB0A7534FCD}","NEAR_FID":8967,"NEAR_DIST":0.3151843652123128}},{"type":"Feature","id":536,"geometry":{"type":"LineString","coordinates":[[190523.63320000004,1883587.6186999995],[190520.07139999978,1883608.3456999995]]},"properties":{"OBJECTID":536,"Shape_Length":21.030809500344393,"Asset_ID":"DP536","Name":null,"District_ID":"Markaz al Madena","Wlyt_ID":"Salalah","Gov_ID":"Dhofar Governorate","Road_ID":"103812","Pipe_Diameter":300,"Pipe_Material":"HDPE","Invert_Level_From_m":0,"Invert_Level_To_m":0,"Slop_Percentage":0,"Latitude":17.015783219999999,"Longitude":54.093347790000003,"GlobalID":"{887BECF2-DFD1-4E87-971E-A9D69768B3CB}","NEAR_FID":4034,"NEAR_DIST":0}},{"type":"Feature","id":537,"geometry":{"type":"LineString","coordinates":[[190451.68420000002,1883558.1907000002],[190440.62330000009,1883557.5626999997]]},"properties":{"OBJECTID":537,"Shape_Length":11.07871349972263,"Asset_ID":"DP537","Name":null,"District_ID":"Salalah al Wousta","Wlyt_ID":"Salalah","Gov_ID":"Dhofar Governorate","Road_ID":"103812","Pipe_Diameter":200,"Pipe_Material":"UPVC","Invert_Level_From_m":0,"Invert_Level_To_m":0,"Slop_Percentage":0,"Latitude":17.015426130000002,"Longitude":54.09264117,"GlobalID":"{83BBD2BE-FD5C-4358-BB29-165DDBEB5D4C}","NEAR_FID":18100,"NEAR_DIST":5.1419427948271759}},{"type":"Feature","id":538,"geometry":{"type":"LineString","coordinates":[[190440.62330000009,1883557.5626999997],[190436.46779999975,1883587.852]]},"properties":{"OBJECTID":538,"Shape_Length":30.573025279823415,"Asset_ID":"DP538","Name":null,"District_ID":"Salalah al Jadida","Wlyt_ID":"Salalah","Gov_ID":"Dhofar Governorate","Road_ID":"103812","Pipe_Diameter":200,"Pipe_Material":"UPVC","Invert_Level_From_m":0,"Invert_Level_To_m":0,"Slop_Percentage":0,"Latitude":17.015543869999998,"Longitude":54.092569619999999,"GlobalID":"{DE62607D-E6CB-4DF4-B36A-489749BE96C6}","NEAR_FID":8813,"NEAR_DIST":0}},{"type":"Feature","id":539,"geometry":{"type":"LineString","coordinates":[[190449.31639999989,1883593.2161999997],[190436.46779999975,1883587.852]]},"properties":{"OBJECTID":539,"Shape_Length":13.923403448867042,"Asset_ID":"DP539","Name":null,"District_ID":"Salalah al Jadida","Wlyt_ID":"Salalah","Gov_ID":"Dhofar Governorate","Road_ID":"103812","Pipe_Diameter":200,"Pipe_Material":"UPVC","Invert_Level_From_m":0,"Invert_Level_To_m":0,"Slop_Percentage":0,"Latitude":17.015705709999999,"Longitude":54.092608030000001,"GlobalID":"{0CA853CB-0B25-4E6F-9885-CAA389CE78C2}","NEAR_FID":8813,"NEAR_DIST":0}},{"type":"Feature","id":540,"geometry":{"type":"LineString","coordinates":[[190516.99289999995,1883564.0806000009],[190514.5560999997,1883563.5932]]},"properties":{"OBJECTID":540,"Shape_Length":2.4850659955317567,"Asset_ID":"DP540","Name":null,"District_ID":"Salalah al Wousta","Wlyt_ID":"Salalah","Gov_ID":"Dhofar Governorate","Road_ID":"104035","Pipe_Diameter":200,"Pipe_Material":"UPVC","Invert_Level_From_m":0,"Invert_Level_To_m":0,"Slop_Percentage":0,"Latitude":17.015489280000001,"Longitude":54.093293610000003,"GlobalID":"{31593199-5071-459C-904A-67741A4C0A34}","NEAR_FID":4342,"NEAR_DIST":4.2926206310956472}},{"type":"Feature","id":541,"geometry":{"type":"LineString","coordinates":[[190491.86270000041,1883563.9165000003],[190494.86369999964,1883564.9740999993]]},"properties":{"OBJECTID":541,"Shape_Length":3.1819048938177188,"Asset_ID":"DP541","Name":null,"District_ID":"Salalah al Wousta","Wlyt_ID":"Salalah","Gov_ID":"Dhofar Governorate","Road_ID":"103812","Pipe_Diameter":200,"Pipe_Material":"UPVC","Invert_Level_From_m":0,"Invert_Level_To_m":0,"Slop_Percentage":0,"Latitude":17.015491050000001,"Longitude":54.093084070000003,"GlobalID":"{286280F6-9DD9-4BDF-B9FF-0531D645D626}","NEAR_FID":12036,"NEAR_DIST":2.75792668310137}},{"type":"Feature","id":542,"geometry":{"type":"LineString","coordinates":[[190494.86369999964,1883564.9740999993],[190511.63219999988,1883578.8117999993]]},"properties":{"OBJECTID":542,"Shape_Length":21.74084942105306,"Asset_ID":"DP542","Name":null,"District_ID":"Salalah al Wousta","Wlyt_ID":"Salalah","Gov_ID":"Dhofar Governorate","Road_ID":"103812","Pipe_Diameter":200,"Pipe_Material":"UPVC","Invert_Level_From_m":0,"Invert_Level_To_m":0,"Slop_Percentage":0,"Latitude":17.015560010000002,"Longitude":54.093175289999998,"GlobalID":"{D1000990-BC4B-427A-AD1C-3C34989386E5}","NEAR_FID":12036,"NEAR_DIST":4.8885861001958926}},{"type":"Feature","id":543,"geometry":{"type":"LineString","coordinates":[[190514.5560999997,1883563.5932],[190511.63219999988,1883578.8117999993]]},"properties":{"OBJECTID":543,"Shape_Length":15.496934443337416,"Asset_ID":"DP543","Name":null,"District_ID":"Salalah al Wousta","Wlyt_ID":"Salalah","Gov_ID":"Dhofar Governorate","Road_ID":"104035","Pipe_Diameter":200,"Pipe_Material":"UPVC","Invert_Level_From_m":0,"Invert_Level_To_m":0,"Slop_Percentage":0,"Latitude":17.015555410000001,"Longitude":54.093267429999997,"GlobalID":"{62BD9E3A-8CA8-418B-B717-4B26B1C9763C}","NEAR_FID":4342,"NEAR_DIST":6.6721302176930584}},{"type":"Feature","id":544,"geometry":{"type":"LineString","coordinates":[[190511.63219999988,1883578.8117999993],[190524.05250000022,1883584.2708000001]]},"properties":{"OBJECTID":544,"Shape_Length":13.567038479493394,"Asset_ID":"DP544","Name":null,"District_ID":"Salalah al Wousta","Wlyt_ID":"Salalah","Gov_ID":"Dhofar Governorate","Road_ID":"104035","Pipe_Diameter":200,"Pipe_Material":"UPVC","Invert_Level_From_m":0,"Invert_Level_To_m":0,"Slop_Percentage":0,"Latitude":17.01563097,"Longitude":54.09331177,"GlobalID":"{6AEC3DAB-D11D-45D4-A7B9-53D9096F3DE3}","NEAR_FID":4342,"NEAR_DIST":7.3967942001260694}},{"type":"Feature","id":545,"geometry":{"type":"LineString","coordinates":[[190524.05250000022,1883584.2708000001],[190523.63320000004,1883587.6186999995]]},"properties":{"OBJECTID":545,"Shape_Length":3.3740549634862367,"Asset_ID":"DP545","Name":null,"District_ID":"Salalah al Wousta","Wlyt_ID":"Salalah","Gov_ID":"Dhofar Governorate","Road_ID":"103812","Pipe_Diameter":200,"Pipe_Material":"UPVC","Invert_Level_From_m":0,"Invert_Level_To_m":0,"Slop_Percentage":0,"Latitude":17.015656400000001,"Longitude":54.093369369999998,"GlobalID":"{0BE3E8C5-46CF-4D89-9CCB-E8ACD60A5CF5}","NEAR_FID":4034,"NEAR_DIST":4.194881404642314}},{"type":"Feature","id":546,"geometry":{"type":"LineString","coordinates":[[190436.46779999975,1883587.852],[190418.56969999988,1883546.3488999996]]},"properties":{"OBJECTID":546,"Shape_Length":45.197890362728153,"Asset_ID":"DP546","Name":null,"District_ID":"Salalah al Jadida","Wlyt_ID":"Salalah","Gov_ID":"Dhofar Governorate","Road_ID":"103812","Pipe_Diameter":900,"Pipe_Material":"HDPE","Invert_Level_From_m":7.6399999999999997,"Invert_Level_To_m":7.5999999999999996,"Slop_Percentage":0.089999999999999997,"Latitude":17.015491900000001,"Longitude":54.092461610000001,"GlobalID":"{DA2A9603-C3DB-439C-9BDD-2114DD1AC0FF}","NEAR_FID":8813,"NEAR_DIST":0}},{"type":"Feature","id":547,"geometry":{"type":"LineString","coordinates":[[190365.79569999967,1883527.5701000001],[190368.70370000042,1883507.4326000009]]},"properties":{"OBJECTID":547,"Shape_Length":20.346384696653114,"Asset_ID":"DP547","Name":null,"District_ID":"Salalah al Wousta","Wlyt_ID":"Salalah","Gov_ID":"Dhofar Governorate","Road_ID":"103812","Pipe_Diameter":200,"Pipe_Material":"UPVC","Invert_Level_From_m":0,"Invert_Level_To_m":0,"Slop_Percentage":0,"Latitude":17.015041750000002,"Longitude":54.091909530000002,"GlobalID":"{98352158-F926-43AF-8761-E758E5DCC98A}","NEAR_FID":14868,"NEAR_DIST":9.6993651295359822}},{"type":"Feature","id":548,"geometry":{"type":"LineString","coordinates":[[190385.32050000038,1883534.7340999991],[190365.79569999967,1883527.5701000001]]},"properties":{"OBJECTID":548,"Shape_Length":20.797613109477702,"Asset_ID":"DP548","Name":null,"District_ID":"Salalah al Wousta","Wlyt_ID":"Salalah","Gov_ID":"Dhofar Governorate","Road_ID":"103812","Pipe_Diameter":200,"Pipe_Material":"UPVC","Invert_Level_From_m":0,"Invert_Level_To_m":0,"Slop_Percentage":0,"Latitude":17.015175729999999,"Longitude":54.0919825,"GlobalID":"{85FFECEC-4778-4FE7-AF1E-8D4AB9AC8621}","NEAR_FID":14868,"NEAR_DIST":9.6993651295359822}},{"type":"Feature","id":549,"geometry":{"type":"LineString","coordinates":[[190418.56969999988,1883546.3488999996],[190366.03399999999,1883525.9200999998]]},"properties":{"OBJECTID":549,"Shape_Length":56.367886204945151,"Asset_ID":"DP549","Name":null,"District_ID":"Salalah al Wousta","Wlyt_ID":"Salalah","Gov_ID":"Dhofar Governorate","Road_ID":"103812","Pipe_Diameter":900,"Pipe_Material":"HDPE","Invert_Level_From_m":7.5999999999999996,"Invert_Level_To_m":7.5599999999999996,"Slop_Percentage":0.070000000000000007,"Latitude":17.015220889999998,"Longitude":54.092135450000001,"GlobalID":"{ED97C112-885A-4732-B76C-322EA5CE69A8}","NEAR_FID":14868,"NEAR_DIST":11.299868623071113}},{"type":"Feature","id":550,"geometry":{"type":"LineString","coordinates":[[190325.44649999961,1883509.4149999991],[190323.1847000001,1883514.2171999998]]},"properties":{"OBJECTID":550,"Shape_Length":5.3081883995236208,"Asset_ID":"DP550","Name":null,"District_ID":"Salalah al Wousta","Wlyt_ID":"Salalah","Gov_ID":"Dhofar Governorate","Road_ID":"103812","Pipe_Diameter":200,"Pipe_Material":"UPVC","Invert_Level_From_m":0,"Invert_Level_To_m":0,"Slop_Percentage":0,"Latitude":17.01498029,"Longitude":54.091510939999999,"GlobalID":"{0A0657C9-6B66-4B63-B491-ADA2D36CA51A}","NEAR_FID":14868,"NEAR_DIST":5.3524165724793464}},{"type":"Feature","id":551,"geometry":{"type":"LineString","coordinates":[[190264.35570000019,1883486.2087999992],[190273.32490000036,1883489.6988999993]]},"properties":{"OBJECTID":551,"Shape_Length":9.6243101910677371,"Asset_ID":"DP551","Name":null,"District_ID":"Salalah al Wousta","Wlyt_ID":"Salalah","Gov_ID":"Dhofar Governorate","Road_ID":"104523","Pipe_Diameter":200,"Pipe_Material":"UPVC","Invert_Level_From_m":0,"Invert_Level_To_m":0,"Slop_Percentage":0,"Latitude":17.01477174,"Longitude":54.090987040000002,"GlobalID":"{D47E92F7-AEFD-4D78-95AB-98F2CE64E967}","NEAR_FID":18962,"NEAR_DIST":4.3019753706702977}},{"type":"Feature","id":552,"geometry":{"type":"LineString","coordinates":[[190273.32490000036,1883489.6988999993],[190224.97269999981,1883470.1392000001]]},"properties":{"OBJECTID":552,"Shape_Length":52.158576561685898,"Asset_ID":"DP552","Name":null,"District_ID":"Salalah al Wousta","Wlyt_ID":"Salalah","Gov_ID":"Dhofar Governorate","Road_ID":"104459","Pipe_Diameter":900,"Pipe_Material":"HDPE","Invert_Level_From_m":7.4800000000000004,"Invert_Level_To_m":7.3799999999999999,"Slop_Percentage":0.19,"Latitude":17.01469668,"Longitude":54.09080325,"GlobalID":"{023279C1-EE2C-4746-AE8B-786C6C64F533}","NEAR_FID":13212,"NEAR_DIST":0}},{"type":"Feature","id":553,"geometry":{"type":"LineString","coordinates":[[190224.97269999981,1883470.1392000001],[190176.71140000038,1883453.5949000008]]},"properties":{"OBJECTID":553,"Shape_Length":51.0183000510631,"Asset_ID":"DP553","Name":null,"District_ID":"Salalah al Wousta","Wlyt_ID":"Salalah","Gov_ID":"Dhofar Governorate","Road_ID":"103812","Pipe_Diameter":900,"Pipe_Material":"HDPE","Invert_Level_From_m":7.3799999999999999,"Invert_Level_To_m":7.3399999999999999,"Slop_Percentage":0.080000000000000002,"Latitude":17.014488159999999,"Longitude":54.090359769999999,"GlobalID":"{6F1A67A2-05DD-422F-9976-4A715779AB03}","NEAR_FID":10335,"NEAR_DIST":9.3987025287698351}},{"type":"Feature","id":554,"geometry":{"type":"LineString","coordinates":[[190081.5541000003,1883425.0778999999],[190033.04619999975,1883409.9955000002]]},"properties":{"OBJECTID":554,"Shape_Length":50.798574312749764,"Asset_ID":"DP554","Name":null,"District_ID":"Salalah al Gharbiyya","Wlyt_ID":"Salalah","Gov_ID":"Dhofar Governorate","Road_ID":"103812","Pipe_Diameter":1000,"Pipe_Material":"HDPE","Invert_Level_From_m":7.2599999999999998,"Invert_Level_To_m":7.2199999999999998,"Slop_Percentage":0.080000000000000002,"Latitude":17.014096210000002,"Longitude":54.089014890000001,"GlobalID":"{85643FD2-369F-43EF-9045-F10A8A92FAC1}","NEAR_FID":17501,"NEAR_DIST":7.1070569508552381}},{"type":"Feature","id":555,"geometry":{"type":"LineString","coordinates":[[190033.04619999975,1883409.9955000002],[189986.26609999966,1883395.3670000006]]},"properties":{"OBJECTID":555,"Shape_Length":49.013985435266399,"Asset_ID":"DP555","Name":null,"District_ID":"Salalah al Gharbiyya","Wlyt_ID":"Salalah","Gov_ID":"Dhofar Governorate","Road_ID":"103812","Pipe_Diameter":1000,"Pipe_Material":"HDPE","Invert_Level_From_m":7.2199999999999998,"Invert_Level_To_m":7.1799999999999997,"Slop_Percentage":0.080000000000000002,"Latitude":17.013953440000002,"Longitude":54.08857106,"GlobalID":"{7DC179BD-5F1B-4AE5-BFE1-5E14ECF27EB7}","NEAR_FID":17501,"NEAR_DIST":7.3501547149455559}},{"type":"Feature","id":556,"geometry":{"type":"LineString","coordinates":[[189986.26609999966,1883395.3670000006],[189938.54499999993,1883380.4550000001]]},"properties":{"OBJECTID":556,"Shape_Length":49.996711183824516,"Asset_ID":"DP556","Name":null,"District_ID":"Salalah al Gharbiyya","Wlyt_ID":"Salalah","Gov_ID":"Dhofar Governorate","Road_ID":"103812","Pipe_Diameter":1000,"Pipe_Material":"HDPE","Invert_Level_From_m":7.1799999999999997,"Invert_Level_To_m":7.1399999999999997,"Slop_Percentage":0.080000000000000002,"Latitude":17.01380954,"Longitude":54.088130669999998,"GlobalID":"{70803B0A-DE6F-4C25-9972-5DE8E9D6A2DB}","NEAR_FID":17501,"NEAR_DIST":7.6629711469556989}},{"type":"Feature","id":557,"geometry":{"type":"LineString","coordinates":[[189938.54499999993,1883380.4550000001],[189891.96700000018,1883365.9164000005]]},"properties":{"OBJECTID":557,"Shape_Length":48.794271937581222,"Asset_ID":"DP557","Name":null,"District_ID":"Salalah al Gharbiyya","Wlyt_ID":"Salalah","Gov_ID":"Dhofar Governorate","Road_ID":"103812","Pipe_Diameter":1000,"Pipe_Material":"HDPE","Invert_Level_From_m":7.1399999999999997,"Invert_Level_To_m":7.0999999999999996,"Slop_Percentage":0.080000000000000002,"Latitude":17.01367071,"Longitude":54.087691290000002,"GlobalID":"{7A605E12-5748-4ACD-8D7E-DB7CD8C859B5}","NEAR_FID":17501,"NEAR_DIST":7.3250330925387148}},{"type":"Feature","id":558,"geometry":{"type":"LineString","coordinates":[[189891.96700000018,1883365.9164000005],[189841.87609999999,1883349.8073999994]]},"properties":{"OBJECTID":558,"Shape_Length":52.61746994928621,"Asset_ID":"DP558","Name":null,"District_ID":"Salalah al Gharbiyya","Wlyt_ID":"Salalah","Gov_ID":"Dhofar Governorate","Road_ID":"103812","Pipe_Diameter":1000,"Pipe_Material":"HDPE","Invert_Level_From_m":7.0999999999999996,"Invert_Level_To_m":7.0599999999999996,"Slop_Percentage":0.080000000000000002,"Latitude":17.013531870000001,"Longitude":54.08723955,"GlobalID":"{9E39BF56-6DBA-4134-B893-C43F16E8C10B}","NEAR_FID":17501,"NEAR_DIST":7.3677647823093624}},{"type":"Feature","id":559,"geometry":{"type":"LineString","coordinates":[[189841.87609999999,1883349.8073999994],[189797.53579999972,1883335.5160000008]]},"properties":{"OBJECTID":559,"Shape_Length":46.586546534799645,"Asset_ID":"DP559","Name":null,"District_ID":"Salalah al Gharbiyya","Wlyt_ID":"Salalah","Gov_ID":"Dhofar Governorate","Road_ID":"103812","Pipe_Diameter":1000,"Pipe_Material":"HDPE","Invert_Level_From_m":7.0599999999999996,"Invert_Level_To_m":7.0199999999999996,"Slop_Percentage":0.089999999999999997,"Latitude":17.013389979999999,"Longitude":54.086797429999997,"GlobalID":"{9DF07400-3111-42E6-9409-3DA191A1B710}","NEAR_FID":17501,"NEAR_DIST":7.8269164946014111}},{"type":"Feature","id":560,"geometry":{"type":"LineString","coordinates":[[189797.53579999972,1883335.5160000008],[189746.33509999979,1883319.5340999998]]},"properties":{"OBJECTID":560,"Shape_Length":53.637046974365724,"Asset_ID":"DP560","Name":null,"District_ID":"Salalah al Gharbiyya","Wlyt_ID":"Salalah","Gov_ID":"Dhofar Governorate","Road_ID":"103812","Pipe_Diameter":1000,"Pipe_Material":"HDPE","Invert_Level_From_m":7.0199999999999996,"Invert_Level_To_m":6.9800000000000004,"Slop_Percentage":0.070000000000000007,"Latitude":17.013251329999999,"Longitude":54.086350160000002,"GlobalID":"{273F0573-E236-46BA-B2C9-693DCD484451}","NEAR_FID":17501,"NEAR_DIST":7.1136754061707226}},{"type":"Feature","id":561,"geometry":{"type":"LineString","coordinates":[[189746.33509999979,1883319.5340999998],[189693.96630000044,1883302.2785]]},"properties":{"OBJECTID":561,"Shape_Length":55.138434369627518,"Asset_ID":"DP561","Name":null,"District_ID":"Salalah al Gharbiyya","Wlyt_ID":"Salalah","Gov_ID":"Dhofar Governorate","Road_ID":"104561","Pipe_Diameter":1000,"Pipe_Material":"HDPE","Invert_Level_From_m":9.9800000000000004,"Invert_Level_To_m":6.8949999999999996,"Slop_Percentage":5.5800000000000001,"Latitude":17.013100399999999,"Longitude":54.085864020000002,"GlobalID":"{EDD5A516-C6F8-4C52-A59C-5800B67402A9}","NEAR_FID":9048,"NEAR_DIST":0}},{"type":"Feature","id":562,"geometry":{"type":"LineString","coordinates":[[189315.44820000045,1883179.2035000008],[189290.8367999997,1883168.3969999999]]},"properties":{"OBJECTID":562,"Shape_Length":26.879387125816393,"Asset_ID":"DP562","Name":null,"District_ID":"Salalah al Gharbiyya","Wlyt_ID":"Salalah","Gov_ID":"Dhofar Governorate","Road_ID":"104465","Pipe_Diameter":1000,"Pipe_Material":"HDPE","Invert_Level_From_m":6.5599999999999996,"Invert_Level_To_m":0,"Slop_Percentage":24.620000000000001,"Latitude":17.011781259999999,"Longitude":54.081981409999997,"GlobalID":"{80ED8E9F-9795-46F8-8F49-EB348C19836F}","NEAR_FID":7879,"NEAR_DIST":4.7263259885833904}},{"type":"Feature","id":563,"geometry":{"type":"LineString","coordinates":[[189216.12710000016,1883148.8084999993],[189164.30520000029,1883136.2050999999]]},"properties":{"OBJECTID":563,"Shape_Length":53.332494889503998,"Asset_ID":"DP563","Name":null,"District_ID":"Salalah al Gharbiyya","Wlyt_ID":"Salalah","Gov_ID":"Dhofar Governorate","Road_ID":"103812","Pipe_Diameter":1000,"Pipe_Material":"HDPE","Invert_Level_From_m":6.4800000000000004,"Invert_Level_To_m":6.3799999999999999,"Slop_Percentage":0.19,"Latitude":17.011490599999998,"Longitude":54.080917169999999,"GlobalID":"{BADD8CA5-EF6F-40BC-8174-EC879883AD91}","NEAR_FID":11069,"NEAR_DIST":8.7903984504601471}},{"type":"Feature","id":564,"geometry":{"type":"LineString","coordinates":[[189164.30520000029,1883136.2050999999],[189120.83409999963,1883118.8331000004]]},"properties":{"OBJECTID":564,"Shape_Length":46.813720489550406,"Asset_ID":"DP564","Name":null,"District_ID":"Salalah al Gharbiyya","Wlyt_ID":"Salalah","Gov_ID":"Dhofar Governorate","Road_ID":"103812","Pipe_Diameter":1200,"Pipe_Material":"HDPE","Invert_Level_From_m":6.3799999999999999,"Invert_Level_To_m":6.3399999999999999,"Slop_Percentage":0.089999999999999997,"Latitude":17.011360669999998,"Longitude":54.0804714,"GlobalID":"{57DFF5C3-5DC3-4F73-9BFF-F6573F80C1A8}","NEAR_FID":11069,"NEAR_DIST":8.7903984504601471}},{"type":"Feature","id":565,"geometry":{"type":"LineString","coordinates":[[189118.29339999985,1883126.3103999998],[189120.83409999963,1883118.8331000004]]},"properties":{"OBJECTID":565,"Shape_Length":7.8971622608422809,"Asset_ID":"DP565","Name":null,"District_ID":"Salalah al Gharbiyya","Wlyt_ID":"Salalah","Gov_ID":"Dhofar Governorate","Road_ID":"103812","Pipe_Diameter":300,"Pipe_Material":"HDPE","Invert_Level_From_m":0,"Invert_Level_To_m":0,"Slop_Percentage":0,"Latitude":17.011305320000002,"Longitude":54.0802604,"GlobalID":"{B236C365-4A8E-4A1F-99E2-A06A488E2A3D}","NEAR_FID":11069,"NEAR_DIST":3.8414293888829185}},{"type":"Feature","id":566,"geometry":{"type":"LineString","coordinates":[[187964.08210000023,1882736.7172999997],[187932.15979999956,1882721.0146999992]]},"properties":{"OBJECTID":566,"Shape_Length":35.575340955590022,"Asset_ID":"DP566","Name":null,"District_ID":"Salalah al Gharbiyya","Wlyt_ID":"Salalah","Gov_ID":"Dhofar Governorate","Road_ID":"103824","Pipe_Diameter":1400,"Pipe_Material":"HDPE","Invert_Level_From_m":5.2800000000000002,"Invert_Level_To_m":5.2400000000000002,"Slop_Percentage":0.11,"Latitude":17.007592150000001,"Longitude":54.0693214,"GlobalID":"{5BDE051D-4611-4D7D-A266-F029F8022E72}","NEAR_FID":4903,"NEAR_DIST":1.2689497542503434}},{"type":"Feature","id":569,"geometry":{"type":"LineString","coordinates":[[187849.95170000009,1882720.1675000004],[187850.00509999972,1882718.9133000001]]},"properties":{"OBJECTID":569,"Shape_Length":1.2553362899050078,"Asset_ID":"DP569","Name":null,"District_ID":"Salalah al Gharbiyya","Wlyt_ID":"Salalah","Gov_ID":"Dhofar Governorate","Road_ID":"103812","Pipe_Diameter":200,"Pipe_Material":"HDPE","Invert_Level_From_m":0,"Invert_Level_To_m":0,"Slop_Percentage":0,"Latitude":17.00747788,"Longitude":54.068402480000003,"GlobalID":"{43A2EB06-3BEE-4375-88D8-62B887E2FD09}","NEAR_FID":15869,"NEAR_DIST":5.7859665114096517}},{"type":"Feature","id":572,"geometry":{"type":"LineString","coordinates":[[188235.13960000034,1882828.7228999995],[188236.16119999997,1882825.4461000003]]},"properties":{"OBJECTID":572,"Shape_Length":3.4323098226198696,"Asset_ID":"DP572","Name":null,"District_ID":"Salalah al Gharbiyya","Wlyt_ID":"Salalah","Gov_ID":"Dhofar Governorate","Road_ID":"103812","Pipe_Diameter":200,"Pipe_Material":"UPVC","Invert_Level_From_m":0,"Invert_Level_To_m":0,"Slop_Percentage":0,"Latitude":17.008512079999999,"Longitude":54.072010919999997,"GlobalID":"{7794C6B4-47C8-4C12-BBEE-5E03B2D90A8A}","NEAR_FID":16421,"NEAR_DIST":5.6012023868890939}},{"type":"Feature","id":574,"geometry":{"type":"LineString","coordinates":[[188187.58090000041,1882814.2316999994],[188188.62650000025,1882810.3509999998]]},"properties":{"OBJECTID":574,"Shape_Length":4.0190457552857151,"Asset_ID":"DP574","Name":null,"District_ID":"Salalah al Gharbiyya","Wlyt_ID":"Salalah","Gov_ID":"Dhofar Governorate","Road_ID":"103812","Pipe_Diameter":300,"Pipe_Material":"HDPE","Invert_Level_From_m":0,"Invert_Level_To_m":0,"Slop_Percentage":0,"Latitude":17.008370490000001,"Longitude":54.07156775,"GlobalID":"{02337D34-E821-4B37-952E-D3AA66EBD724}","NEAR_FID":16421,"NEAR_DIST":4.6067755512229338}},{"type":"Feature","id":578,"geometry":{"type":"LineString","coordinates":[[189363.07660000026,1883200.1909999996],[189365.30999999959,1883191.6868999992]]},"properties":{"OBJECTID":578,"Shape_Length":8.7924943857241633,"Asset_ID":"DP578","Name":null,"District_ID":"Salalah al Gharbiyya","Wlyt_ID":"Salalah","Gov_ID":"Dhofar Governorate","Road_ID":"103812","Pipe_Diameter":200,"Pipe_Material":"HDPE","Invert_Level_From_m":0,"Invert_Level_To_m":0,"Slop_Percentage":0,"Latitude":17.01199781,"Longitude":54.082541659999997,"GlobalID":"{5E6190FD-43E4-41C5-BC0F-F7BBD2464E7D}","NEAR_FID":13285,"NEAR_DIST":6.2264880077653757}},{"type":"Feature","id":579,"geometry":{"type":"LineString","coordinates":[[189409.42080000043,1883219.3159999996],[189410.72750000004,1883214.6166999992]]},"properties":{"OBJECTID":579,"Shape_Length":4.8775920864761435,"Asset_ID":"DP579","Name":null,"District_ID":"Salalah al Gharbiyya","Wlyt_ID":"Salalah","Gov_ID":"Dhofar Governorate","Road_ID":"103812","Pipe_Diameter":200,"Pipe_Material":"HDPE","Invert_Level_From_m":0,"Invert_Level_To_m":0,"Slop_Percentage":0,"Latitude":17.01219554,"Longitude":54.082971970000003,"GlobalID":"{6BB4AA9C-6923-458D-A310-6D5C7D30B329}","NEAR_FID":13285,"NEAR_DIST":3.2312061662087626}},{"type":"Feature","id":580,"geometry":{"type":"LineString","coordinates":[[188755.6492999997,1883018.3692000005],[188756.73290000018,1883014.8454999998]]},"properties":{"OBJECTID":580,"Shape_Length":3.6865499665809938,"Asset_ID":"DP580","Name":null,"District_ID":"Salalah al Gharbiyya","Wlyt_ID":"Salalah","Gov_ID":"Dhofar Governorate","Road_ID":"103812","Pipe_Diameter":200,"Pipe_Material":"UPVC","Invert_Level_From_m":0,"Invert_Level_To_m":0,"Slop_Percentage":0,"Latitude":17.010290810000001,"Longitude":54.076869350000003,"GlobalID":"{CFE8C2C6-E4EF-4B6F-88DE-EE057F12DD76}","NEAR_FID":18280,"NEAR_DIST":4.7470269869871711}},{"type":"Feature","id":581,"geometry":{"type":"LineString","coordinates":[[188755.59509999957,1883018.5067999996],[188756.73290000018,1883014.8454999998]]},"properties":{"OBJECTID":581,"Shape_Length":3.8340196308760821,"Asset_ID":"DP581","Name":null,"District_ID":"Salalah al Gharbiyya","Wlyt_ID":"Salalah","Gov_ID":"Dhofar Governorate","Road_ID":"103812","Pipe_Diameter":300,"Pipe_Material":"HDPE","Invert_Level_From_m":0,"Invert_Level_To_m":0,"Slop_Percentage":0,"Latitude":17.010290810000001,"Longitude":54.076869350000003,"GlobalID":"{AEBCBB94-099A-416A-A17D-6F1AAF1EABB4}","NEAR_FID":18280,"NEAR_DIST":4.5993764485934721}},{"type":"Feature","id":582,"geometry":{"type":"LineString","coordinates":[[198793.0549999997,1885666.8231000006],[198812.49859999958,1885658.4356999993]]},"properties":{"OBJECTID":582,"Shape_Length":21.175506127056778,"Asset_ID":"DP582","Name":null,"District_ID":"Dahariz al Shamaliyya","Wlyt_ID":"Salalah","Gov_ID":"Dhofar Governorate","Road_ID":"100124","Pipe_Diameter":200,"Pipe_Material":"UPVC","Invert_Level_From_m":0,"Invert_Level_To_m":0,"Slop_Percentage":0,"Latitude":17.03550465,"Longitude":54.170774700000003,"GlobalID":"{13246ECC-3E3D-4EED-96F7-032C287363B1}","NEAR_FID":10602,"NEAR_DIST":0}},{"type":"Feature","id":583,"geometry":{"type":"LineString","coordinates":[[198812.49859999958,1885658.4356999993],[198833.5214999998,1885638.3931000009]]},"properties":{"OBJECTID":583,"Shape_Length":29.045965969742987,"Asset_ID":"DP583","Name":null,"District_ID":"Dahariz al Shamaliyya","Wlyt_ID":"Salalah","Gov_ID":"Dhofar Governorate","Road_ID":"100124","Pipe_Diameter":200,"Pipe_Material":"UPVC","Invert_Level_From_m":0,"Invert_Level_To_m":0,"Slop_Percentage":0,"Latitude":17.035378949999998,"Longitude":54.17096652,"GlobalID":"{B8FA85CC-8BE5-425A-A962-4933C95A4EE8}","NEAR_FID":10602,"NEAR_DIST":2.7832902772326542}},{"type":"Feature","id":584,"geometry":{"type":"LineString","coordinates":[[198934.82239999995,1885736.2978000008],[198955.61539999954,1885717.5424000006]]},"properties":{"OBJECTID":584,"Shape_Length":28.002033464527589,"Asset_ID":"DP584","Name":null,"District_ID":"al Sada al Janubiyya","Wlyt_ID":"Salalah","Gov_ID":"Dhofar Governorate","Road_ID":"100003","Pipe_Diameter":200,"Pipe_Material":"UPVC","Invert_Level_From_m":0,"Invert_Level_To_m":0,"Slop_Percentage":0,"Latitude":17.036103709999999,"Longitude":54.172102780000003,"GlobalID":"{EE3F1B68-9218-413A-8B1E-927E2256C09D}","NEAR_FID":15657,"NEAR_DIST":2.3956069266967988}},{"type":"Feature","id":585,"geometry":{"type":"LineString","coordinates":[[198936.40589999966,1885777.4615000002],[198955.8945000004,1885761.3441000003]]},"properties":{"OBJECTID":585,"Shape_Length":25.289842086194945,"Asset_ID":"DP585","Name":null,"District_ID":"al Sada al Janubiyya","Wlyt_ID":"Salalah","Gov_ID":"Dhofar Governorate","Road_ID":"100003","Pipe_Diameter":200,"Pipe_Material":"UPVC","Invert_Level_From_m":0,"Invert_Level_To_m":0,"Slop_Percentage":0,"Latitude":17.036487380000001,"Longitude":54.17210575,"GlobalID":"{9514B8E4-D45A-4549-94C2-13427B2CEDCF}","NEAR_FID":11410,"NEAR_DIST":0.8909684738731446}},{"type":"Feature","id":586,"geometry":{"type":"LineString","coordinates":[[198904.37880000006,1885820.7374000009],[198903.18059999961,1885780.7610999998]]},"properties":{"OBJECTID":586,"Shape_Length":39.994252649881794,"Asset_ID":"DP586","Name":null,"District_ID":"al Sada al Janubiyya","Wlyt_ID":"Salalah","Gov_ID":"Dhofar Governorate","Road_ID":"100003","Pipe_Diameter":300,"Pipe_Material":"UPVC","Invert_Level_From_m":0,"Invert_Level_To_m":0,"Slop_Percentage":0,"Latitude":17.036764860000002,"Longitude":54.17170385,"GlobalID":"{DF79554A-988E-4625-B9BA-B226E80DE5DF}","NEAR_FID":4906,"NEAR_DIST":2.9139972500046776}},{"type":"Feature","id":587,"geometry":{"type":"LineString","coordinates":[[198753.67779999971,1885729.1840000004],[198778.18649999984,1885727.9312999994]]},"properties":{"OBJECTID":587,"Shape_Length":24.540693408876987,"Asset_ID":"DP587","Name":null,"District_ID":"al Sada al Janubiyya","Wlyt_ID":"Salalah","Gov_ID":"Dhofar Governorate","Road_ID":"100003","Pipe_Diameter":600,"Pipe_Material":"HDPE","Invert_Level_From_m":0,"Invert_Level_To_m":0,"Slop_Percentage":0,"Latitude":17.036095060000001,"Longitude":54.170419959999997,"GlobalID":"{0B42AEEB-88EC-456A-B66D-CFEEF7DC598A}","NEAR_FID":4906,"NEAR_DIST":7.8158718155248197}},{"type":"Feature","id":588,"geometry":{"type":"LineString","coordinates":[[198728.40670000017,1885730.4911000002],[198753.67779999971,1885729.1840000004]]},"properties":{"OBJECTID":588,"Shape_Length":25.304881062687066,"Asset_ID":"DP588","Name":null,"District_ID":"al Sada al Janubiyya","Wlyt_ID":"Salalah","Gov_ID":"Dhofar Governorate","Road_ID":"100003","Pipe_Diameter":600,"Pipe_Material":"HDPE","Invert_Level_From_m":0,"Invert_Level_To_m":0,"Slop_Percentage":0,"Latitude":17.036103359999998,"Longitude":54.170186190000003,"GlobalID":"{D8285266-8BD9-4AF6-A6B8-E712A33BD5D9}","NEAR_FID":4906,"NEAR_DIST":10.150440116968751}},{"type":"Feature","id":589,"geometry":{"type":"LineString","coordinates":[[198729.46870000008,1885747.7832999993],[198728.40670000017,1885730.4911000002]]},"properties":{"OBJECTID":589,"Shape_Length":17.324780656865261,"Asset_ID":"DP589","Name":null,"District_ID":"al Sada al Janubiyya","Wlyt_ID":"Salalah","Gov_ID":"Dhofar Governorate","Road_ID":"100353","Pipe_Diameter":300,"Pipe_Material":"UPVC","Invert_Level_From_m":0,"Invert_Level_To_m":0,"Slop_Percentage":0,"Latitude":17.036185740000001,"Longitude":54.170071329999999,"GlobalID":"{0850DF2F-5FCE-4C56-AC29-45A6B9EB5F5D}","NEAR_FID":4836,"NEAR_DIST":4.0273452403337453}},{"type":"Feature","id":590,"geometry":{"type":"LineString","coordinates":[[198704.41540000029,1885749.0905000009],[198703.57120000012,1885731.3625000007]]},"properties":{"OBJECTID":590,"Shape_Length":17.748088844844911,"Asset_ID":"DP590","Name":null,"District_ID":"al Sada al Janubiyya","Wlyt_ID":"Salalah","Gov_ID":"Dhofar Governorate","Road_ID":"100353","Pipe_Diameter":300,"Pipe_Material":"UPVC","Invert_Level_From_m":0,"Invert_Level_To_m":0,"Slop_Percentage":0,"Latitude":17.036192310000001,"Longitude":54.169837080000001,"GlobalID":"{DB3ED050-A2B7-4BC0-9E36-296C73889F10}","NEAR_FID":4836,"NEAR_DIST":3.5059635098806061}},{"type":"Feature","id":591,"geometry":{"type":"LineString","coordinates":[[198703.57120000012,1885731.3625000007],[198728.40670000017,1885730.4911000002]]},"properties":{"OBJECTID":591,"Shape_Length":24.85078264789944,"Asset_ID":"DP591","Name":null,"District_ID":"al Sada al Janubiyya","Wlyt_ID":"Salalah","Gov_ID":"Dhofar Governorate","Road_ID":"100418","Pipe_Diameter":600,"Pipe_Material":"HDPE","Invert_Level_From_m":0,"Invert_Level_To_m":0,"Slop_Percentage":0,"Latitude":17.036109920000001,"Longitude":54.169950919999998,"GlobalID":"{8BBBA179-0417-43A2-B830-91298E0A5F48}","NEAR_FID":4361,"NEAR_DIST":10.175347906508149}},{"type":"Feature","id":592,"geometry":{"type":"LineString","coordinates":[[198678.28509999998,1885750.0062000006],[198678.58059999999,1885730.6671999991]]},"properties":{"OBJECTID":592,"Shape_Length":19.341257490399752,"Asset_ID":"DP592","Name":null,"District_ID":"al Sada al Janubiyya","Wlyt_ID":"Salalah","Gov_ID":"Dhofar Governorate","Road_ID":"100353","Pipe_Diameter":300,"Pipe_Material":"UPVC","Invert_Level_From_m":0,"Invert_Level_To_m":0,"Slop_Percentage":0,"Latitude":17.036189969999999,"Longitude":54.169597179999997,"GlobalID":"{EBC7DECF-B4F2-410D-976C-97ADCA845ED6}","NEAR_FID":4836,"NEAR_DIST":3.6866098299313901}},{"type":"Feature","id":593,"geometry":{"type":"LineString","coordinates":[[198653.46470000036,1885732.2339999992],[198678.58059999999,1885730.6671999991]]},"properties":{"OBJECTID":593,"Shape_Length":25.164723225810967,"Asset_ID":"DP593","Name":null,"District_ID":"al Sada al Janubiyya","Wlyt_ID":"Salalah","Gov_ID":"Dhofar Governorate","Road_ID":"100418","Pipe_Diameter":600,"Pipe_Material":"HDPE","Invert_Level_From_m":0,"Invert_Level_To_m":0,"Slop_Percentage":0,"Latitude":17.036108120000002,"Longitude":54.169481920000003,"GlobalID":"{B4E086A3-85E6-43C9-BB48-F99124B5AF51}","NEAR_FID":4361,"NEAR_DIST":8.4377119597405237}},{"type":"Feature","id":594,"geometry":{"type":"LineString","coordinates":[[198654.41779999994,1885751.0512000006],[198653.46470000036,1885732.2339999992]]},"properties":{"OBJECTID":594,"Shape_Length":18.841322021005222,"Asset_ID":"DP594","Name":null,"District_ID":"al Sada al Janubiyya","Wlyt_ID":"Salalah","Gov_ID":"Dhofar Governorate","Road_ID":"100353","Pipe_Diameter":300,"Pipe_Material":"UPVC","Invert_Level_From_m":0,"Invert_Level_To_m":0,"Slop_Percentage":0,"Latitude":17.036198550000002,"Longitude":54.169367149999999,"GlobalID":"{6B1E5F8E-3585-4811-820A-75CF27176931}","NEAR_FID":4836,"NEAR_DIST":3.6431911126478167}},{"type":"Feature","id":595,"geometry":{"type":"LineString","coordinates":[[198629.90909999982,1885752.1403999999],[198628.27520000003,1885733.2960000001]]},"properties":{"OBJECTID":595,"Shape_Length":18.915100860497002,"Asset_ID":"DP595","Name":null,"District_ID":"al Sada al Janubiyya","Wlyt_ID":"Salalah","Gov_ID":"Dhofar Governorate","Road_ID":"100353","Pipe_Diameter":300,"Pipe_Material":"UPVC","Invert_Level_From_m":0,"Invert_Level_To_m":0,"Slop_Percentage":0,"Latitude":17.03620501,"Longitude":54.169133799999997,"GlobalID":"{29C3B92A-7309-4E9A-A039-F78D0F922C86}","NEAR_FID":4836,"NEAR_DIST":3.5825026510157545}},{"type":"Feature","id":596,"geometry":{"type":"LineString","coordinates":[[198604.52909999993,1885753.4475999996],[198603.43979999982,1885734.4942000005]]},"properties":{"OBJECTID":596,"Shape_Length":18.984676610753134,"Asset_ID":"DP596","Name":null,"District_ID":"al Sada al Janubiyya","Wlyt_ID":"Salalah","Gov_ID":"Dhofar Governorate","Road_ID":"100353","Pipe_Diameter":300,"Pipe_Material":"UPVC","Invert_Level_From_m":0,"Invert_Level_To_m":0,"Slop_Percentage":0,"Latitude":17.03621304,"Longitude":54.168897989999998,"GlobalID":"{5F2CFF19-C587-4B1A-BB5F-53AF557F1230}","NEAR_FID":4836,"NEAR_DIST":3.3405360701131182}},{"type":"Feature","id":597,"geometry":{"type":"LineString","coordinates":[[198579.43539999984,1885754.4838999994],[198578.6043999996,1885735.5834999997]]},"properties":{"OBJECTID":597,"Shape_Length":18.918659602328933,"Asset_ID":"DP597","Name":null,"District_ID":"al Sada al Janubiyya","Wlyt_ID":"Salalah","Gov_ID":"Dhofar Governorate","Road_ID":"100353","Pipe_Diameter":300,"Pipe_Material":"UPVC","Invert_Level_From_m":0,"Invert_Level_To_m":0,"Slop_Percentage":0,"Latitude":17.036219370000001,"Longitude":54.168663549999998,"GlobalID":"{267F580C-3F5F-41EF-9428-2DC1068A1976}","NEAR_FID":4836,"NEAR_DIST":3.3572278529760369}},{"type":"Feature","id":598,"geometry":{"type":"LineString","coordinates":[[198554.12669999991,1885755.6560999993],[198553.49729999993,1885736.7437999994]]},"properties":{"OBJECTID":598,"Shape_Length":18.92277029530111,"Asset_ID":"DP598","Name":null,"District_ID":"al Sada al Janubiyya","Wlyt_ID":"Salalah","Gov_ID":"Dhofar Governorate","Road_ID":"100353","Pipe_Diameter":300,"Pipe_Material":"UPVC","Invert_Level_From_m":0,"Invert_Level_To_m":0,"Slop_Percentage":0,"Latitude":17.036226599999999,"Longitude":54.168426820000001,"GlobalID":"{F2778189-CFFF-4001-A8EE-D2C1C169219D}","NEAR_FID":4836,"NEAR_DIST":3.2471532386295006}},{"type":"Feature","id":599,"geometry":{"type":"LineString","coordinates":[[198530.02280000038,1885756.6063999999],[198528.44340000022,1885737.7075999994]]},"properties":{"OBJECTID":599,"Shape_Length":18.964681537564502,"Asset_ID":"DP599","Name":null,"District_ID":"al Sada al Janubiyya","Wlyt_ID":"Salalah","Gov_ID":"Dhofar Governorate","Road_ID":"100353","Pipe_Diameter":300,"Pipe_Material":"UPVC","Invert_Level_From_m":0,"Invert_Level_To_m":0,"Slop_Percentage":0,"Latitude":17.036232030000001,"Longitude":54.168196020000003,"GlobalID":"{1883895C-0BAF-4E96-BE42-E5A019A97B9C}","NEAR_FID":4836,"NEAR_DIST":3.3900875786325773}},{"type":"Feature","id":600,"geometry":{"type":"LineString","coordinates":[[198504.75169999991,1885757.9135999996],[198503.49899999984,1885739.0146999992]]},"properties":{"OBJECTID":600,"Shape_Length":18.940371657242672,"Asset_ID":"DP600","Name":null,"District_ID":"al Sada al Janubiyya","Wlyt_ID":"Salalah","Gov_ID":"Dhofar Governorate","Road_ID":"100353","Pipe_Diameter":300,"Pipe_Material":"UPVC","Invert_Level_From_m":0,"Invert_Level_To_m":0,"Slop_Percentage":0,"Latitude":17.036240540000001,"Longitude":54.167960209999997,"GlobalID":"{02F9DE45-4787-4B35-90E5-23F0F8C8E49A}","NEAR_FID":4836,"NEAR_DIST":3.2437293953282151}},{"type":"Feature","id":601,"geometry":{"type":"LineString","coordinates":[[198429.86409999989,1885761.2358999997],[198454.37280000001,1885760.2555]]},"properties":{"OBJECTID":601,"Shape_Length":24.528301201989787,"Asset_ID":"DP601","Name":null,"District_ID":"al Sada al Janubiyya","Wlyt_ID":"Salalah","Gov_ID":"Dhofar Governorate","Road_ID":"100353","Pipe_Diameter":200,"Pipe_Material":"UPVC","Invert_Level_From_m":0,"Invert_Level_To_m":0,"Slop_Percentage":0,"Latitude":17.036343309999999,"Longitude":54.167376599999997,"GlobalID":"{1F7EDC46-FCBD-4588-89D0-7911E8C79333}","NEAR_FID":4836,"NEAR_DIST":3.2157336807887682}},{"type":"Feature","id":602,"geometry":{"type":"LineString","coordinates":[[198454.37280000001,1885760.2555],[198453.72989999969,1885741.2448999994]]},"properties":{"OBJECTID":602,"Shape_Length":19.021467682436825,"Asset_ID":"DP602","Name":null,"District_ID":"al Sada al Janubiyya","Wlyt_ID":"Salalah","Gov_ID":"Dhofar Governorate","Road_ID":"100353","Pipe_Diameter":300,"Pipe_Material":"UPVC","Invert_Level_From_m":0,"Invert_Level_To_m":0,"Slop_Percentage":0,"Latitude":17.036254629999998,"Longitude":54.167489949999997,"GlobalID":"{689D0B6E-889A-4C12-96FB-F901768E9F64}","NEAR_FID":4836,"NEAR_DIST":3.2157336807887682}},{"type":"Feature","id":603,"geometry":{"type":"LineString","coordinates":[[198405.02869999968,1885762.4341000002],[198403.72159999982,1885743.5896000005]]},"properties":{"OBJECTID":603,"Shape_Length":18.889777411253867,"Asset_ID":"DP603","Name":null,"District_ID":"al Sada al Janubiyya","Wlyt_ID":"Salalah","Gov_ID":"Dhofar Governorate","Road_ID":"100353","Pipe_Diameter":300,"Pipe_Material":"UPVC","Invert_Level_From_m":0,"Invert_Level_To_m":0,"Slop_Percentage":0,"Latitude":17.036268549999999,"Longitude":54.167023440000001,"GlobalID":"{4571D97C-99A5-44DD-A596-D03B33E71CF6}","NEAR_FID":4836,"NEAR_DIST":3.1974455849688503}},{"type":"Feature","id":604,"geometry":{"type":"LineString","coordinates":[[198379.86649999954,1885763.6323000006],[198378.66830000002,1885744.8968000002]]},"properties":{"OBJECTID":604,"Shape_Length":18.7737754195708,"Asset_ID":"DP604","Name":null,"District_ID":"al Sada al Janubiyya","Wlyt_ID":"Salalah","Gov_ID":"Dhofar Governorate","Road_ID":"100353","Pipe_Diameter":300,"Pipe_Material":"UPVC","Invert_Level_From_m":0,"Invert_Level_To_m":0,"Slop_Percentage":0,"Latitude":17.036276569999998,"Longitude":54.166787630000002,"GlobalID":"{6ABE78D6-F943-4F3E-85B0-DAEB24F6DE6E}","NEAR_FID":4836,"NEAR_DIST":3.0139967603054343}},{"type":"Feature","id":605,"geometry":{"type":"LineString","coordinates":[[198357.75420000032,1885764.5036999993],[198356.88279999979,1885745.7682000007]]},"properties":{"OBJECTID":605,"Shape_Length":18.755753734701205,"Asset_ID":"DP605","Name":null,"District_ID":"al Sada al Janubiyya","Wlyt_ID":"Salalah","Gov_ID":"Dhofar Governorate","Road_ID":"100353","Pipe_Diameter":300,"Pipe_Material":"UPVC","Invert_Level_From_m":0,"Invert_Level_To_m":0,"Slop_Percentage":0,"Latitude":17.036281559999999,"Longitude":54.166581530000002,"GlobalID":"{3F9B24F2-9288-4D5C-9489-BFCD5B1B20FE}","NEAR_FID":4836,"NEAR_DIST":3.0342029362638061}},{"type":"Feature","id":606,"geometry":{"type":"LineString","coordinates":[[198774.8097000001,1885677.8792000003],[198750.19209999964,1885679.0774000008]]},"properties":{"OBJECTID":606,"Shape_Length":24.64674244243842,"Asset_ID":"DP606","Name":null,"District_ID":"Dahariz al Shamaliyya","Wlyt_ID":"Salalah","Gov_ID":"Dhofar Governorate","Road_ID":"100124","Pipe_Diameter":200,"Pipe_Material":"UPVC","Invert_Level_From_m":0,"Invert_Level_To_m":0,"Slop_Percentage":0,"Latitude":17.035642469999999,"Longitude":54.170394559999998,"GlobalID":"{655619A1-6CBE-4B45-B79A-CF29E0FEFBBA}","NEAR_FID":10602,"NEAR_DIST":3.8230972268962993}},{"type":"Feature","id":607,"geometry":{"type":"LineString","coordinates":[[198750.19209999964,1885679.0774000008],[198751.82600000035,1885695.5254999995]]},"properties":{"OBJECTID":607,"Shape_Length":16.529053898558455,"Asset_ID":"DP607","Name":null,"District_ID":"Dahariz al Shamaliyya","Wlyt_ID":"Salalah","Gov_ID":"Dhofar Governorate","Road_ID":"100124","Pipe_Diameter":300,"Pipe_Material":"UPVC","Invert_Level_From_m":0,"Invert_Level_To_m":0,"Slop_Percentage":0,"Latitude":17.03572063,"Longitude":54.170285509999999,"GlobalID":"{F5F2C126-339D-401E-A8B6-58DCA100D9B3}","NEAR_FID":10602,"NEAR_DIST":3.8230972268962993}},{"type":"Feature","id":608,"geometry":{"type":"LineString","coordinates":[[198724.48529999983,1885680.2755999994],[198750.19209999964,1885679.0774000008]]},"properties":{"OBJECTID":608,"Shape_Length":25.734709041815201,"Asset_ID":"DP608","Name":null,"District_ID":"Dahariz al Shamaliyya","Wlyt_ID":"Salalah","Gov_ID":"Dhofar Governorate","Road_ID":"100124","Pipe_Diameter":200,"Pipe_Material":"UPVC","Invert_Level_From_m":0,"Invert_Level_To_m":0,"Slop_Percentage":0,"Latitude":17.03565,"Longitude":54.17015825,"GlobalID":"{E83D4065-7263-49F4-87EB-B37C9ECDF891}","NEAR_FID":10602,"NEAR_DIST":3.6669938267111331}},{"type":"Feature","id":609,"geometry":{"type":"LineString","coordinates":[[198726.85099999979,1885698.1107999999],[198751.82600000035,1885695.5254999995]]},"properties":{"OBJECTID":609,"Shape_Length":25.108452782278313,"Asset_ID":"DP609","Name":null,"District_ID":"Dahariz al Shamaliyya","Wlyt_ID":"Salalah","Gov_ID":"Dhofar Governorate","Road_ID":"100418","Pipe_Diameter":600,"Pipe_Material":"HDPE","Invert_Level_From_m":0,"Invert_Level_To_m":0,"Slop_Percentage":0,"Latitude":17.035805029999999,"Longitude":54.170174690000003,"GlobalID":"{7EF97DF1-8895-4824-A90C-B64E4916BAD3}","NEAR_FID":4965,"NEAR_DIST":4.8841317378953919}},{"type":"Feature","id":610,"geometry":{"type":"LineString","coordinates":[[198700.9570000004,1885681.3649000004],[198701.93730000034,1885699.3378999997]]},"properties":{"OBJECTID":610,"Shape_Length":17.999714360642013,"Asset_ID":"DP610","Name":null,"District_ID":"Dahariz al Shamaliyya","Wlyt_ID":"Salalah","Gov_ID":"Dhofar Governorate","Road_ID":"100124","Pipe_Diameter":300,"Pipe_Material":"UPVC","Invert_Level_From_m":0,"Invert_Level_To_m":0,"Slop_Percentage":0,"Latitude":17.035741689999998,"Longitude":54.169819959999998,"GlobalID":"{5D76756E-799A-4B1A-B732-9077D62390CE}","NEAR_FID":10602,"NEAR_DIST":3.6781074641828622}},{"type":"Feature","id":611,"geometry":{"type":"LineString","coordinates":[[198675.00509999972,1885682.6447999999],[198700.9570000004,1885681.3649000004]]},"properties":{"OBJECTID":611,"Shape_Length":25.983441990125531,"Asset_ID":"DP611","Name":null,"District_ID":"Dahariz al Shamaliyya","Wlyt_ID":"Salalah","Gov_ID":"Dhofar Governorate","Road_ID":"100124","Pipe_Diameter":200,"Pipe_Material":"UPVC","Invert_Level_From_m":0,"Invert_Level_To_m":0,"Slop_Percentage":0,"Latitude":17.035664570000002,"Longitude":54.169694720000003,"GlobalID":"{D6EFB787-B32A-48AD-A3D1-680708F086C2}","NEAR_FID":10602,"NEAR_DIST":3.6781074641828622}},{"type":"Feature","id":612,"geometry":{"type":"LineString","coordinates":[[198651.15000000037,1885683.7884999998],[198675.00509999972,1885682.6447999999]]},"properties":{"OBJECTID":612,"Shape_Length":23.882500825260284,"Asset_ID":"DP612","Name":null,"District_ID":"Dahariz al Shamaliyya","Wlyt_ID":"Salalah","Gov_ID":"Dhofar Governorate","Road_ID":"100124","Pipe_Diameter":200,"Pipe_Material":"UPVC","Invert_Level_From_m":0,"Invert_Level_To_m":0,"Slop_Percentage":0,"Latitude":17.035672250000001,"Longitude":54.169460839999999,"GlobalID":"{40737430-AB9A-41D0-9112-DE984C9AE8C9}","NEAR_FID":10602,"NEAR_DIST":3.7639321785817081}},{"type":"Feature","id":613,"geometry":{"type":"LineString","coordinates":[[198676.81230000034,1885700.5592],[198701.93730000034,1885699.3378999997]]},"properties":{"OBJECTID":613,"Shape_Length":25.154665545198437,"Asset_ID":"DP613","Name":null,"District_ID":"Dahariz al Shamaliyya","Wlyt_ID":"Salalah","Gov_ID":"Dhofar Governorate","Road_ID":"100418","Pipe_Diameter":600,"Pipe_Material":"HDPE","Invert_Level_From_m":0,"Invert_Level_To_m":0,"Slop_Percentage":0,"Latitude":17.035826759999999,"Longitude":54.169705360000002,"GlobalID":"{1B07E385-3A08-42D9-863E-CBDC2B3DF88B}","NEAR_FID":4965,"NEAR_DIST":4.6677233198300776}},{"type":"Feature","id":614,"geometry":{"type":"LineString","coordinates":[[198651.71679999959,1885697.7947000004],[198676.81230000034,1885700.5592]]},"properties":{"OBJECTID":614,"Shape_Length":25.247308381993165,"Asset_ID":"DP614","Name":null,"District_ID":"Dahariz al Shamaliyya","Wlyt_ID":"Salalah","Gov_ID":"Dhofar Governorate","Road_ID":"100418","Pipe_Diameter":600,"Pipe_Material":"HDPE","Invert_Level_From_m":0,"Invert_Level_To_m":0,"Slop_Percentage":0,"Latitude":17.03581651,"Longitude":54.169469810000002,"GlobalID":"{B6B6A2A6-4E43-459F-B9BD-97505F04A419}","NEAR_FID":4965,"NEAR_DIST":4.6677233198300776}},{"type":"Feature","id":615,"geometry":{"type":"LineString","coordinates":[[198627.78509999998,1885684.8778000008],[198601.64250000007,1885686.0759999994]]},"properties":{"OBJECTID":615,"Shape_Length":26.170044287154511,"Asset_ID":"DP615","Name":null,"District_ID":"Dahariz al Shamaliyya","Wlyt_ID":"Salalah","Gov_ID":"Dhofar Governorate","Road_ID":"100124","Pipe_Diameter":200,"Pipe_Material":"UPVC","Invert_Level_From_m":0,"Invert_Level_To_m":0,"Slop_Percentage":0,"Latitude":17.035686330000001,"Longitude":54.169006639999999,"GlobalID":"{55F33ECF-CE5C-4CA0-B377-6D95189B1C39}","NEAR_FID":10602,"NEAR_DIST":3.7283440566814563}},{"type":"Feature","id":616,"geometry":{"type":"LineString","coordinates":[[198601.64250000007,1885686.0759999994],[198576.86149999965,1885687.3287000004]]},"properties":{"OBJECTID":616,"Shape_Length":24.812642308177438,"Asset_ID":"DP616","Name":null,"District_ID":"Dahariz al Shamaliyya","Wlyt_ID":"Salalah","Gov_ID":"Dhofar Governorate","Road_ID":"100124","Pipe_Diameter":200,"Pipe_Material":"UPVC","Invert_Level_From_m":0,"Invert_Level_To_m":0,"Slop_Percentage":0,"Latitude":17.035694070000002,"Longitude":54.168767510000002,"GlobalID":"{4CCB17DB-1496-4F53-92CE-636C6B2F6C0E}","NEAR_FID":10602,"NEAR_DIST":3.7283440566814563}},{"type":"Feature","id":617,"geometry":{"type":"LineString","coordinates":[[198576.86149999965,1885687.3287000004],[198551.37260000035,1885688.5269000009]]},"properties":{"OBJECTID":617,"Shape_Length":25.517047368676884,"Asset_ID":"DP617","Name":null,"District_ID":"Dahariz al Shamaliyya","Wlyt_ID":"Salalah","Gov_ID":"Dhofar Governorate","Road_ID":"100124","Pipe_Diameter":200,"Pipe_Material":"UPVC","Invert_Level_From_m":0,"Invert_Level_To_m":0,"Slop_Percentage":0,"Latitude":17.035701840000002,"Longitude":54.168531459999997,"GlobalID":"{7A75C8A8-B6B2-4727-A7C3-E66BCC1AEB29}","NEAR_FID":10602,"NEAR_DIST":3.8435058506141577}},{"type":"Feature","id":618,"geometry":{"type":"LineString","coordinates":[[198551.37260000035,1885688.5269000009],[198551.91720000003,1885704.4302999992]]},"properties":{"OBJECTID":618,"Shape_Length":15.912721975396819,"Asset_ID":"DP618","Name":null,"District_ID":"Dahariz al Shamaliyya","Wlyt_ID":"Salalah","Gov_ID":"Dhofar Governorate","Road_ID":"100124","Pipe_Diameter":500,"Pipe_Material":"UPVC","Invert_Level_From_m":0,"Invert_Level_To_m":0,"Slop_Percentage":0,"Latitude":17.035777410000001,"Longitude":54.16841324,"GlobalID":"{6AD74A74-B980-4739-8E3B-270AB41F618F}","NEAR_FID":10602,"NEAR_DIST":3.9201229479513096}},{"type":"Feature","id":619,"geometry":{"type":"LineString","coordinates":[[198525.66569999978,1885689.7250999995],[198501.21150000021,1885690.8687999994]]},"properties":{"OBJECTID":619,"Shape_Length":24.480930278663411,"Asset_ID":"DP619","Name":null,"District_ID":"Dahariz al Shamaliyya","Wlyt_ID":"Salalah","Gov_ID":"Dhofar Governorate","Road_ID":"100124","Pipe_Diameter":200,"Pipe_Material":"UPVC","Invert_Level_From_m":0,"Invert_Level_To_m":0,"Slop_Percentage":0,"Latitude":17.035716600000001,"Longitude":54.168055520000003,"GlobalID":"{E497DE6D-45D8-46DE-8E60-DC52142F0B3D}","NEAR_FID":10602,"NEAR_DIST":3.9871573389304529}},{"type":"Feature","id":620,"geometry":{"type":"LineString","coordinates":[[198488.35809999984,1885691.3589999992],[198501.21150000021,1885690.8687999994]]},"properties":{"OBJECTID":620,"Shape_Length":12.862744171032256,"Asset_ID":"DP620","Name":null,"District_ID":"Dahariz al Shamaliyya","Wlyt_ID":"Salalah","Gov_ID":"Dhofar Governorate","Road_ID":"100124","Pipe_Diameter":200,"Pipe_Material":"UPVC","Invert_Level_From_m":0,"Invert_Level_To_m":0,"Slop_Percentage":0,"Latitude":17.035721540000001,"Longitude":54.167880349999997,"GlobalID":"{4C9AD2D6-8953-4D8E-986D-7C8016E0D083}","NEAR_FID":10602,"NEAR_DIST":3.8219218710752174}},{"type":"Feature","id":621,"geometry":{"type":"LineString","coordinates":[[198501.21150000021,1885690.8687999994],[198502.01240000036,1885706.6884000003]]},"properties":{"OBJECTID":621,"Shape_Length":15.83986063704994,"Asset_ID":"DP621","Name":null,"District_ID":"Dahariz al Shamaliyya","Wlyt_ID":"Salalah","Gov_ID":"Dhofar Governorate","Road_ID":"100124","Pipe_Diameter":300,"Pipe_Material":"UPVC","Invert_Level_From_m":0,"Invert_Level_To_m":0,"Slop_Percentage":0,"Latitude":17.035791629999999,"Longitude":54.167943379999997,"GlobalID":"{AF948994-50A4-45E1-B10D-BF59A408E0AC}","NEAR_FID":10602,"NEAR_DIST":3.9915692438374739}},{"type":"Feature","id":622,"geometry":{"type":"LineString","coordinates":[[198451.0504999999,1885693.1563000008],[198452.1398,1885709.0596999992]]},"properties":{"OBJECTID":622,"Shape_Length":15.940662031323207,"Asset_ID":"DP622","Name":null,"District_ID":"Dahariz al Shamaliyya","Wlyt_ID":"Salalah","Gov_ID":"Dhofar Governorate","Road_ID":"100124","Pipe_Diameter":300,"Pipe_Material":"UPVC","Invert_Level_From_m":0,"Invert_Level_To_m":0,"Slop_Percentage":0,"Latitude":17.03580612,"Longitude":54.167473659999999,"GlobalID":"{2B07C810-9D00-4C15-A729-BF8495DD3B7C}","NEAR_FID":9072,"NEAR_DIST":3.7035679864225814}},{"type":"Feature","id":623,"geometry":{"type":"LineString","coordinates":[[198425.83380000014,1885694.4634000007],[198451.0504999999,1885693.1563000008]]},"properties":{"OBJECTID":623,"Shape_Length":25.250553841200873,"Asset_ID":"DP623","Name":null,"District_ID":"Dahariz al Shamaliyya","Wlyt_ID":"Salalah","Gov_ID":"Dhofar Governorate","Road_ID":"100124","Pipe_Diameter":200,"Pipe_Material":"UPVC","Invert_Level_From_m":0,"Invert_Level_To_m":0,"Slop_Percentage":0,"Latitude":17.035738500000001,"Longitude":54.16735121,"GlobalID":"{12307D5F-72FC-4216-8A44-9C037BC55C13}","NEAR_FID":9072,"NEAR_DIST":3.7035679864225814}},{"type":"Feature","id":624,"geometry":{"type":"LineString","coordinates":[[198401.21619999968,1885695.6615999993],[198425.83380000014,1885694.4634000007]]},"properties":{"OBJECTID":624,"Shape_Length":24.646742442347868,"Asset_ID":"DP624","Name":null,"District_ID":"Dahariz al Shamaliyya","Wlyt_ID":"Salalah","Gov_ID":"Dhofar Governorate","Road_ID":"100124","Pipe_Diameter":200,"Pipe_Material":"UPVC","Invert_Level_From_m":0,"Invert_Level_To_m":0,"Slop_Percentage":0,"Latitude":17.035746549999999,"Longitude":54.167117189999999,"GlobalID":"{74BCADE2-8056-4496-8239-3AC1AC2EE25B}","NEAR_FID":9072,"NEAR_DIST":3.7309731642022741}},{"type":"Feature","id":625,"geometry":{"type":"LineString","coordinates":[[198377.52460000012,1885696.5875000004],[198401.21619999968,1885695.6615999993]]},"properties":{"OBJECTID":625,"Shape_Length":23.70968581299395,"Asset_ID":"DP625","Name":null,"District_ID":"Dahariz al Shamaliyya","Wlyt_ID":"Salalah","Gov_ID":"Dhofar Governorate","Road_ID":"100124","Pipe_Diameter":200,"Pipe_Material":"UPVC","Invert_Level_From_m":0,"Invert_Level_To_m":0,"Slop_Percentage":0,"Latitude":17.035752980000002,"Longitude":54.166890359999996,"GlobalID":"{528B8677-A302-443E-BC59-B116A148EDF3}","NEAR_FID":9072,"NEAR_DIST":3.5044923154517313}},{"type":"Feature","id":626,"geometry":{"type":"LineString","coordinates":[[198351.81769999955,1885697.7312000003],[198352.30790000036,1885713.5801999997]]},"properties":{"OBJECTID":626,"Shape_Length":15.856578982359183,"Asset_ID":"DP626","Name":null,"District_ID":"Dahariz al Shamaliyya","Wlyt_ID":"Salalah","Gov_ID":"Dhofar Governorate","Road_ID":"100124","Pipe_Diameter":300,"Pipe_Material":"UPVC","Invert_Level_From_m":0,"Invert_Level_To_m":0,"Slop_Percentage":0,"Latitude":17.035834149999999,"Longitude":54.166538930000002,"GlobalID":"{74163810-6073-46E1-8C5C-6EDCFCF188F2}","NEAR_FID":8930,"NEAR_DIST":3.5364950292662045}},{"type":"Feature","id":627,"geometry":{"type":"LineString","coordinates":[[198325.78409999982,1885698.9294000007],[198351.81769999955,1885697.7312000003]]},"properties":{"OBJECTID":627,"Shape_Length":26.061159072213012,"Asset_ID":"DP627","Name":null,"District_ID":"Dahariz al Shamaliyya","Wlyt_ID":"Salalah","Gov_ID":"Dhofar Governorate","Road_ID":"100124","Pipe_Diameter":200,"Pipe_Material":"UPVC","Invert_Level_From_m":0,"Invert_Level_To_m":0,"Slop_Percentage":0,"Latitude":17.03576627,"Longitude":54.166415469999997,"GlobalID":"{D606BB53-D22C-44B9-9D5D-78EDD85B3A09}","NEAR_FID":8930,"NEAR_DIST":3.5364950292662045}},{"type":"Feature","id":628,"geometry":{"type":"LineString","coordinates":[[198301.82010000013,1885700.1820999999],[198325.78409999982,1885698.9294000007]]},"properties":{"OBJECTID":628,"Shape_Length":23.996719635667795,"Asset_ID":"DP628","Name":null,"District_ID":"Dahariz al Shamaliyya","Wlyt_ID":"Salalah","Gov_ID":"Dhofar Governorate","Road_ID":"100124","Pipe_Diameter":200,"Pipe_Material":"UPVC","Invert_Level_From_m":0,"Invert_Level_To_m":0,"Slop_Percentage":0,"Latitude":17.035774069999999,"Longitude":54.166180689999997,"GlobalID":"{E05192E3-D612-4A0E-87CA-D8FA24D9C114}","NEAR_FID":8930,"NEAR_DIST":3.6634685365009396}},{"type":"Feature","id":629,"geometry":{"type":"LineString","coordinates":[[198277.91050000023,1885701.0535000004],[198301.82010000013,1885700.1820999999]]},"properties":{"OBJECTID":629,"Shape_Length":23.925474083411654,"Asset_ID":"DP629","Name":null,"District_ID":"Dahariz al Shamaliyya","Wlyt_ID":"Salalah","Gov_ID":"Dhofar Governorate","Road_ID":"100418","Pipe_Diameter":200,"Pipe_Material":"UPVC","Invert_Level_From_m":0,"Invert_Level_To_m":0,"Slop_Percentage":0,"Latitude":17.035780519999999,"Longitude":54.1659559,"GlobalID":"{5F6EC6D8-3476-4852-BE3B-38B20F6FBAAB}","NEAR_FID":10387,"NEAR_DIST":0}},{"type":"Feature","id":630,"geometry":{"type":"LineString","coordinates":[[198260.2098000003,1885702.1973000001],[198252.36710000038,1885718.1006000005]]},"properties":{"OBJECTID":630,"Shape_Length":17.731973781563106,"Asset_ID":"DP630","Name":null,"District_ID":"Dahariz al Shamaliyya","Wlyt_ID":"Salalah","Gov_ID":"Dhofar Governorate","Road_ID":"100124","Pipe_Diameter":300,"Pipe_Material":"UPVC","Invert_Level_From_m":0,"Invert_Level_To_m":0,"Slop_Percentage":0,"Latitude":17.035862170000001,"Longitude":54.165639489999997,"GlobalID":"{D7C75914-EEA7-4437-9D0E-CD0EB7091EBF}","NEAR_FID":8930,"NEAR_DIST":3.9200136952183113}},{"type":"Feature","id":631,"geometry":{"type":"LineString","coordinates":[[198232.32440000027,1885703.5044],[198260.2098000003,1885702.1973000001]]},"properties":{"OBJECTID":631,"Shape_Length":27.916017688259419,"Asset_ID":"DP631","Name":null,"District_ID":"Dahariz al Shamaliyya","Wlyt_ID":"Salalah","Gov_ID":"Dhofar Governorate","Road_ID":"100124","Pipe_Diameter":200,"Pipe_Material":"UPVC","Invert_Level_From_m":0,"Invert_Level_To_m":0,"Slop_Percentage":0,"Latitude":17.035794970000001,"Longitude":54.165546429999999,"GlobalID":"{D3757BD6-1E25-4BEB-8300-594E8E11DBEB}","NEAR_FID":4239,"NEAR_DIST":3.9094823528201084}},{"type":"Feature","id":632,"geometry":{"type":"LineString","coordinates":[[198219.38929999992,1885719.8161999993],[198252.36710000038,1885718.1006000005]]},"properties":{"OBJECTID":632,"Shape_Length":33.022395071016007,"Asset_ID":"DP632","Name":null,"District_ID":"Dahariz al Shamaliyya","Wlyt_ID":"Salalah","Gov_ID":"Dhofar Governorate","Road_ID":"100418","Pipe_Diameter":400,"Pipe_Material":"HDPE","Invert_Level_From_m":0,"Invert_Level_To_m":0,"Slop_Percentage":0,"Latitude":17.035939039999999,"Longitude":54.16544674,"GlobalID":"{A6903C74-1040-4BBA-BAA7-DE36C635862F}","NEAR_FID":10387,"NEAR_DIST":5.3358770912484337}},{"type":"Feature","id":633,"geometry":{"type":"LineString","coordinates":[[198203.26809999999,1885704.5664000008],[198232.32440000027,1885703.5044]]},"properties":{"OBJECTID":633,"Shape_Length":29.075701431066403,"Asset_ID":"DP633","Name":null,"District_ID":"Dahariz al Shamaliyya","Wlyt_ID":"Salalah","Gov_ID":"Dhofar Governorate","Road_ID":"100124","Pipe_Diameter":200,"Pipe_Material":"UPVC","Invert_Level_From_m":0,"Invert_Level_To_m":0,"Slop_Percentage":0,"Latitude":17.035801939999999,"Longitude":54.165279079999998,"GlobalID":"{4DAECBD4-BE7C-4E5C-B8C6-6C5D302EAF34}","NEAR_FID":4239,"NEAR_DIST":3.5547278111345695}},{"type":"Feature","id":634,"geometry":{"type":"LineString","coordinates":[[198175.38269999996,1885705.8735000007],[198203.26809999999,1885704.5664000008]]},"properties":{"OBJECTID":634,"Shape_Length":27.916017688259419,"Asset_ID":"DP634","Name":null,"District_ID":"Dahariz al Shamaliyya","Wlyt_ID":"Salalah","Gov_ID":"Dhofar Governorate","Road_ID":"100124","Pipe_Diameter":200,"Pipe_Material":"UPVC","Invert_Level_From_m":0,"Invert_Level_To_m":0,"Slop_Percentage":0,"Latitude":17.035808899999999,"Longitude":54.165011720000003,"GlobalID":"{90831A9F-9ADB-4A2A-A3FF-DB6F6F80A367}","NEAR_FID":4239,"NEAR_DIST":3.4407984309076003}},{"type":"Feature","id":635,"geometry":{"type":"LineString","coordinates":[[198196.7324000001,1885720.6876999997],[198219.38929999992,1885719.8161999993]]},"properties":{"OBJECTID":635,"Shape_Length":22.67365497340009,"Asset_ID":"DP635","Name":null,"District_ID":"Dahariz al Shamaliyya","Wlyt_ID":"Salalah","Gov_ID":"Dhofar Governorate","Road_ID":"100418","Pipe_Diameter":400,"Pipe_Material":"HDPE","Invert_Level_From_m":0,"Invert_Level_To_m":0,"Slop_Percentage":0,"Latitude":17.035947069999999,"Longitude":54.1651855,"GlobalID":"{D1537536-D35E-4AF6-AC80-4069C712B8CC}","NEAR_FID":6121,"NEAR_DIST":7.0940510731709647}},{"type":"Feature","id":636,"geometry":{"type":"LineString","coordinates":[[198151.30979999993,1885706.9627999999],[198152.61689999979,1885722.8662]]},"properties":{"OBJECTID":636,"Shape_Length":15.957024847242385,"Asset_ID":"DP636","Name":null,"District_ID":"Dahariz al Shamaliyya","Wlyt_ID":"Salalah","Gov_ID":"Dhofar Governorate","Road_ID":"100124","Pipe_Diameter":300,"Pipe_Material":"UPVC","Invert_Level_From_m":0,"Invert_Level_To_m":0,"Slop_Percentage":0,"Latitude":17.035891530000001,"Longitude":54.164659759999999,"GlobalID":"{3C2517DA-0469-41FA-B6FE-6CA7A2213EB8}","NEAR_FID":4239,"NEAR_DIST":3.3034032720248763}},{"type":"Feature","id":637,"geometry":{"type":"LineString","coordinates":[[198126.36539999954,1885708.0521000009],[198151.30979999993,1885706.9627999999]]},"properties":{"OBJECTID":637,"Shape_Length":24.968173058346103,"Asset_ID":"DP637","Name":null,"District_ID":"Dahariz al Shamaliyya","Wlyt_ID":"Salalah","Gov_ID":"Dhofar Governorate","Road_ID":"100124","Pipe_Diameter":200,"Pipe_Material":"UPVC","Invert_Level_From_m":0,"Invert_Level_To_m":0,"Slop_Percentage":0,"Latitude":17.035822939999999,"Longitude":54.164537580000001,"GlobalID":"{6EBCB7AF-E599-4A2D-89BE-8966CC2B5523}","NEAR_FID":4239,"NEAR_DIST":3.2086782630384354}},{"type":"Feature","id":638,"geometry":{"type":"LineString","coordinates":[[198101.85680000018,1885709.2502999995],[198126.36539999954,1885708.0521000009]]},"properties":{"OBJECTID":638,"Shape_Length":24.537871895608227,"Asset_ID":"DP638","Name":null,"District_ID":"Dahariz al Shamaliyya","Wlyt_ID":"Salalah","Gov_ID":"Dhofar Governorate","Road_ID":"100124","Pipe_Diameter":200,"Pipe_Material":"UPVC","Invert_Level_From_m":0,"Invert_Level_To_m":0,"Slop_Percentage":0,"Latitude":17.03583003,"Longitude":54.164305370000001,"GlobalID":"{2E498D8C-BF23-46FF-9A6F-C7E7CDD262A8}","NEAR_FID":4239,"NEAR_DIST":3.251130007544166}},{"type":"Feature","id":639,"geometry":{"type":"LineString","coordinates":[[198078.87310000043,1885710.3396000005],[198101.85680000018,1885709.2502999995]]},"properties":{"OBJECTID":639,"Shape_Length":23.009498911770297,"Asset_ID":"DP639","Name":null,"District_ID":"Dahariz al Shamaliyya","Wlyt_ID":"Salalah","Gov_ID":"Dhofar Governorate","Road_ID":"100124","Pipe_Diameter":200,"Pipe_Material":"UPVC","Invert_Level_From_m":0,"Invert_Level_To_m":0,"Slop_Percentage":0,"Latitude":17.035837239999999,"Longitude":54.164082360000002,"GlobalID":"{153E5983-D089-404C-A1EE-E073015B0DCF}","NEAR_FID":4239,"NEAR_DIST":3.4661939333173257}},{"type":"Feature","id":640,"geometry":{"type":"LineString","coordinates":[[198051.91359999962,1885711.4287999999],[198052.62160000019,1885727.4411999993]]},"properties":{"OBJECTID":640,"Shape_Length":16.02804472611621,"Asset_ID":"DP640","Name":null,"District_ID":"Dahariz al Shamaliyya","Wlyt_ID":"Salalah","Gov_ID":"Dhofar Governorate","Road_ID":"100124","Pipe_Diameter":300,"Pipe_Material":"UPVC","Invert_Level_From_m":0,"Invert_Level_To_m":0,"Slop_Percentage":0,"Latitude":17.035919289999999,"Longitude":54.163723509999997,"GlobalID":"{E4B0A226-8298-4A49-B0FB-83EA70B09C19}","NEAR_FID":4239,"NEAR_DIST":3.6136684976830615}},{"type":"Feature","id":641,"geometry":{"type":"LineString","coordinates":[[198029.85580000002,1885712.4091999996],[198051.91359999962,1885711.4287999999]]},"properties":{"OBJECTID":641,"Shape_Length":22.079577101520588,"Asset_ID":"DP641","Name":null,"District_ID":"Dahariz al Shamaliyya","Wlyt_ID":"Salalah","Gov_ID":"Dhofar Governorate","Road_ID":"100124","Pipe_Diameter":200,"Pipe_Material":"UPVC","Invert_Level_From_m":0,"Invert_Level_To_m":0,"Slop_Percentage":0,"Latitude":17.035849939999999,"Longitude":54.163617709999997,"GlobalID":"{ADF84723-9788-4275-89E6-08CFFA925805}","NEAR_FID":4239,"NEAR_DIST":3.6136684976830615}},{"type":"Feature","id":642,"geometry":{"type":"LineString","coordinates":[[198006.54530000035,1885713.7162999995],[198029.85580000002,1885712.4091999996]]},"properties":{"OBJECTID":642,"Shape_Length":23.347118037229997,"Asset_ID":"DP642","Name":null,"District_ID":"Dahariz al Shamaliyya","Wlyt_ID":"Salalah","Gov_ID":"Dhofar Governorate","Road_ID":"100124","Pipe_Diameter":200,"Pipe_Material":"UPVC","Invert_Level_From_m":0,"Invert_Level_To_m":0,"Slop_Percentage":0,"Latitude":17.035857289999999,"Longitude":54.163404659999998,"GlobalID":"{6107C5D9-CA18-409A-B2B7-6BE83B664513}","NEAR_FID":4239,"NEAR_DIST":3.6244765694980137}},{"type":"Feature","id":643,"geometry":{"type":"LineString","coordinates":[[197983.50719999988,1885714.5877],[198006.54530000035,1885713.7162999995]]},"properties":{"OBJECTID":643,"Shape_Length":23.054574157694077,"Asset_ID":"DP643","Name":null,"District_ID":"Dahariz al Shamaliyya","Wlyt_ID":"Salalah","Gov_ID":"Dhofar Governorate","Road_ID":"100124","Pipe_Diameter":200,"Pipe_Material":"UPVC","Invert_Level_From_m":0,"Invert_Level_To_m":0,"Slop_Percentage":0,"Latitude":17.03586409,"Longitude":54.163187020000002,"GlobalID":"{DECB153B-6BF5-4963-8D6B-AAF09F4F0F0E}","NEAR_FID":4239,"NEAR_DIST":3.7655227476063047}},{"type":"Feature","id":644,"geometry":{"type":"LineString","coordinates":[[197976.75370000023,1885730.9267999995],[198002.84179999959,1885729.7285999991]]},"properties":{"OBJECTID":644,"Shape_Length":26.115601559553163,"Asset_ID":"DP644","Name":null,"District_ID":"Dahariz al Shamaliyya","Wlyt_ID":"Salalah","Gov_ID":"Dhofar Governorate","Road_ID":"100418","Pipe_Diameter":400,"Pipe_Material":"HDPE","Invert_Level_From_m":0,"Invert_Level_To_m":0,"Slop_Percentage":0,"Latitude":17.036009440000001,"Longitude":54.163135750000002,"GlobalID":"{9C4FED41-588B-479F-A85D-0F77DBB79BE0}","NEAR_FID":7239,"NEAR_DIST":7.3472162090725064}},{"type":"Feature","id":645,"geometry":{"type":"LineString","coordinates":[[197958.01819999982,1885731.6893000007],[197976.75370000023,1885730.9267999995]]},"properties":{"OBJECTID":645,"Shape_Length":18.751009746606673,"Asset_ID":"DP645","Name":null,"District_ID":"Dahariz al Shamaliyya","Wlyt_ID":"Salalah","Gov_ID":"Dhofar Governorate","Road_ID":"100418","Pipe_Diameter":300,"Pipe_Material":"HDPE","Invert_Level_From_m":0,"Invert_Level_To_m":0,"Slop_Percentage":0,"Latitude":17.03601535,"Longitude":54.162925289999997,"GlobalID":"{DDAE245C-5D8D-4C27-9F8B-118EA846BCAB}","NEAR_FID":7239,"NEAR_DIST":7.4178736234264733}},{"type":"Feature","id":646,"geometry":{"type":"LineString","coordinates":[[197955.73080000002,1885715.8948999997],[197958.01819999982,1885731.6893000007]]},"properties":{"OBJECTID":646,"Shape_Length":15.959175108661347,"Asset_ID":"DP646","Name":null,"District_ID":"Dahariz al Shamaliyya","Wlyt_ID":"Salalah","Gov_ID":"Dhofar Governorate","Road_ID":"100124","Pipe_Diameter":300,"Pipe_Material":"UPVC","Invert_Level_From_m":0,"Invert_Level_To_m":0,"Slop_Percentage":0,"Latitude":17.035946119999998,"Longitude":54.162827659999998,"GlobalID":"{3FD70991-77F8-4EB7-A595-53E6A4FB46D6}","NEAR_FID":13979,"NEAR_DIST":3.5607421176277252}},{"type":"Feature","id":647,"geometry":{"type":"LineString","coordinates":[[197929.69710000046,1885716.9840999991],[197955.73080000002,1885715.8948999997]]},"properties":{"OBJECTID":647,"Shape_Length":26.056475055268805,"Asset_ID":"DP647","Name":null,"District_ID":"Dahariz al Shamaliyya","Wlyt_ID":"Salalah","Gov_ID":"Dhofar Governorate","Road_ID":"100418","Pipe_Diameter":200,"Pipe_Material":"UPVC","Invert_Level_From_m":0,"Invert_Level_To_m":0,"Slop_Percentage":0,"Latitude":17.035877880000001,"Longitude":54.162695769999999,"GlobalID":"{9B0B16C5-5F72-4BFC-AE42-39958D93D7DD}","NEAR_FID":7486,"NEAR_DIST":0}},{"type":"Feature","id":648,"geometry":{"type":"LineString","coordinates":[[197930.13279999979,1885733.3232000005],[197958.01819999982,1885731.6893000007]]},"properties":{"OBJECTID":648,"Shape_Length":27.933226852099775,"Asset_ID":"DP648","Name":null,"District_ID":"Dahariz al Shamaliyya","Wlyt_ID":"Salalah","Gov_ID":"Dhofar Governorate","Road_ID":"100418","Pipe_Diameter":300,"Pipe_Material":"HDPE","Invert_Level_From_m":0,"Invert_Level_To_m":0,"Slop_Percentage":0,"Latitude":17.036023119999999,"Longitude":54.162706360000001,"GlobalID":"{625A8716-76C7-403E-88F5-D496C41C19C5}","NEAR_FID":7486,"NEAR_DIST":7.0372270474972884}},{"type":"Feature","id":649,"geometry":{"type":"LineString","coordinates":[[197902.87810000032,1885734.3259999994],[197930.13279999979,1885733.3232000005]]},"properties":{"OBJECTID":649,"Shape_Length":27.273142098021147,"Asset_ID":"DP649","Name":null,"District_ID":"Dahariz al Shamaliyya","Wlyt_ID":"Salalah","Gov_ID":"Dhofar Governorate","Road_ID":"100418","Pipe_Diameter":300,"Pipe_Material":"HDPE","Invert_Level_From_m":0,"Invert_Level_To_m":0,"Slop_Percentage":0,"Latitude":17.036031399999999,"Longitude":54.162447440000001,"GlobalID":"{37B3992B-CB73-4877-948B-47256B61EF03}","NEAR_FID":7486,"NEAR_DIST":5.8009679685449802}},{"type":"Feature","id":650,"geometry":{"type":"LineString","coordinates":[[197901.95569999982,1885718.2574000005],[197929.69710000046,1885716.9840999991]]},"properties":{"OBJECTID":650,"Shape_Length":27.770606167115393,"Asset_ID":"DP650","Name":null,"District_ID":"Dahariz al Shamaliyya","Wlyt_ID":"Salalah","Gov_ID":"Dhofar Governorate","Road_ID":"100124","Pipe_Diameter":200,"Pipe_Material":"UPVC","Invert_Level_From_m":0,"Invert_Level_To_m":0,"Slop_Percentage":0,"Latitude":17.035885019999998,"Longitude":54.162443269999997,"GlobalID":"{9CBEAC04-C345-4F21-9E08-F9D2BBEF8A45}","NEAR_FID":13979,"NEAR_DIST":3.0957177851867601}},{"type":"Feature","id":651,"geometry":{"type":"LineString","coordinates":[[197877.30310000014,1885719.5984000005],[197877.95669999998,1885735.5018000007]]},"properties":{"OBJECTID":651,"Shape_Length":15.916825202460272,"Asset_ID":"DP651","Name":null,"District_ID":"Dahariz al Shamaliyya","Wlyt_ID":"Salalah","Gov_ID":"Dhofar Governorate","Road_ID":"100124","Pipe_Diameter":300,"Pipe_Material":"UPVC","Invert_Level_From_m":0,"Invert_Level_To_m":0,"Slop_Percentage":0,"Latitude":17.035969659999999,"Longitude":54.162083449999997,"GlobalID":"{FC7D9C04-7FB4-4659-B6C2-E0DBB70347F9}","NEAR_FID":13979,"NEAR_DIST":3.1936065188893927}},{"type":"Feature","id":652,"geometry":{"type":"LineString","coordinates":[[197852.03199999966,1885720.6876999997],[197877.30310000014,1885719.5984000005]]},"properties":{"OBJECTID":652,"Shape_Length":25.294566011742198,"Asset_ID":"DP652","Name":null,"District_ID":"Dahariz al Shamaliyya","Wlyt_ID":"Salalah","Gov_ID":"Dhofar Governorate","Road_ID":"100124","Pipe_Diameter":200,"Pipe_Material":"UPVC","Invert_Level_From_m":0,"Invert_Level_To_m":0,"Slop_Percentage":0,"Latitude":17.035901089999999,"Longitude":54.161962809999999,"GlobalID":"{F44A75C6-785B-4CB7-8A0A-E57511095046}","NEAR_FID":13979,"NEAR_DIST":3.1005391974498124}},{"type":"Feature","id":653,"geometry":{"type":"LineString","coordinates":[[197827.41440000013,1885721.7769000009],[197827.99839999992,1885737.7630000003]]},"properties":{"OBJECTID":653,"Shape_Length":15.996763709904499,"Asset_ID":"DP653","Name":null,"District_ID":"Dahariz al Shamaliyya","Wlyt_ID":"Salalah","Gov_ID":"Dhofar Governorate","Road_ID":"100124","Pipe_Diameter":300,"Pipe_Material":"UPVC","Invert_Level_From_m":0,"Invert_Level_To_m":0,"Slop_Percentage":0,"Latitude":17.03598315,"Longitude":54.161614620000002,"GlobalID":"{19094A58-210C-42DA-BE3C-3CB0CAD48B67}","NEAR_FID":13979,"NEAR_DIST":3.0977287440324792}},{"type":"Feature","id":654,"geometry":{"type":"LineString","coordinates":[[197802.58829999994,1885722.9061999992],[197827.85950000025,1885721.3812000006]]},"properties":{"OBJECTID":654,"Shape_Length":25.317171533389057,"Asset_ID":"DP654","Name":null,"District_ID":"Dahariz al Shamaliyya","Wlyt_ID":"Salalah","Gov_ID":"Dhofar Governorate","Road_ID":"100124","Pipe_Diameter":200,"Pipe_Material":"UPVC","Invert_Level_From_m":0,"Invert_Level_To_m":0,"Slop_Percentage":0,"Latitude":17.035912660000001,"Longitude":54.161498510000001,"GlobalID":"{AE833B0F-7EF0-4411-8653-352E1F96A4BE}","NEAR_FID":13979,"NEAR_DIST":2.7221422983411645}},{"type":"Feature","id":655,"geometry":{"type":"LineString","coordinates":[[197777.52570000011,1885724.3912000004],[197783.38119999971,1885739.8647000007]]},"properties":{"OBJECTID":655,"Shape_Length":16.544367092910274,"Asset_ID":"DP655","Name":null,"District_ID":"Dahariz al Shamaliyya","Wlyt_ID":"Salalah","Gov_ID":"Dhofar Governorate","Road_ID":"100124","Pipe_Diameter":300,"Pipe_Material":"UPVC","Invert_Level_From_m":0,"Invert_Level_To_m":0,"Slop_Percentage":0,"Latitude":17.035998249999999,"Longitude":54.161170830000003,"GlobalID":"{313B8F77-EB10-452B-B6EB-EA0349321C01}","NEAR_FID":13979,"NEAR_DIST":3.4535133315008513}},{"type":"Feature","id":656,"geometry":{"type":"LineString","coordinates":[[197752.60850000009,1885725.4600000009],[197777.52570000011,1885724.3912000004]]},"properties":{"OBJECTID":656,"Shape_Length":24.940112054324761,"Asset_ID":"DP656","Name":null,"District_ID":"Dahariz al Shamaliyya","Wlyt_ID":"Salalah","Gov_ID":"Dhofar Governorate","Road_ID":"100124","Pipe_Diameter":200,"Pipe_Material":"UPVC","Invert_Level_From_m":0,"Invert_Level_To_m":0,"Slop_Percentage":0,"Latitude":17.0359312,"Longitude":54.161027420000003,"GlobalID":"{3852CC75-5D4B-4C18-A883-16C614FA316F}","NEAR_FID":13979,"NEAR_DIST":3.234359752111033}},{"type":"Feature","id":657,"geometry":{"type":"LineString","coordinates":[[198328.87609999999,1885746.9970999993],[198356.88279999979,1885745.7682000007]]},"properties":{"OBJECTID":657,"Shape_Length":28.033648354879126,"Asset_ID":"DP657","Name":null,"District_ID":"al Sada al Janubiyya","Wlyt_ID":"Salalah","Gov_ID":"Dhofar Governorate","Road_ID":"100418","Pipe_Diameter":500,"Pipe_Material":"HDPE","Invert_Level_From_m":0,"Invert_Level_To_m":0,"Slop_Percentage":0,"Latitude":17.036200640000001,"Longitude":54.166447210000001,"GlobalID":"{1845D7B9-2133-4D83-9DD2-3DB2ECCC11AE}","NEAR_FID":4361,"NEAR_DIST":7.9094171887863105}},{"type":"Feature","id":658,"geometry":{"type":"LineString","coordinates":[[198329.70550000016,1885765.8107999992],[198328.87609999999,1885746.9970999993]]},"properties":{"OBJECTID":658,"Shape_Length":18.831973131980973,"Asset_ID":"DP658","Name":null,"District_ID":"al Sada al Janubiyya","Wlyt_ID":"Salalah","Gov_ID":"Dhofar Governorate","Road_ID":"100353","Pipe_Diameter":300,"Pipe_Material":"UPVC","Invert_Level_From_m":0,"Invert_Level_To_m":0,"Slop_Percentage":0,"Latitude":17.03628934,"Longitude":54.166318310000001,"GlobalID":"{337D713F-5F91-4CAA-88E9-4AE32C74E484}","NEAR_FID":7243,"NEAR_DIST":2.8581996398260938}},{"type":"Feature","id":659,"geometry":{"type":"LineString","coordinates":[[198305.22609999962,1885766.8995999992],[198303.78079999983,1885746.4217000008]]},"properties":{"OBJECTID":659,"Shape_Length":20.52884021163743,"Asset_ID":"DP659","Name":null,"District_ID":"al Sada al Janubiyya","Wlyt_ID":"Salalah","Gov_ID":"Dhofar Governorate","Road_ID":"100353","Pipe_Diameter":300,"Pipe_Material":"UPVC","Invert_Level_From_m":0,"Invert_Level_To_m":0,"Slop_Percentage":0,"Latitude":17.036288410000001,"Longitude":54.166085649999999,"GlobalID":"{F3955FCA-CE5F-4296-B8CD-01CCEB270C09}","NEAR_FID":7243,"NEAR_DIST":2.8379691068771784}},{"type":"Feature","id":660,"geometry":{"type":"LineString","coordinates":[[198280.25250000041,1885767.9893999994],[198278.86539999954,1885747.4349000007]]},"properties":{"OBJECTID":660,"Shape_Length":20.601250365171904,"Asset_ID":"DP660","Name":null,"District_ID":"al Sada al Janubiyya","Wlyt_ID":"Salalah","Gov_ID":"Dhofar Governorate","Road_ID":"100353","Pipe_Diameter":300,"Pipe_Material":"UPVC","Invert_Level_From_m":0,"Invert_Level_To_m":0,"Slop_Percentage":0,"Latitude":17.036294640000001,"Longitude":54.165851410000002,"GlobalID":"{A575B695-3BD9-4050-863E-416023381D01}","NEAR_FID":7243,"NEAR_DIST":2.8553532227756238}},{"type":"Feature","id":661,"geometry":{"type":"LineString","coordinates":[[198255.41700000037,1885769.2964999992],[198253.81960000005,1885748.6793000009]]},"properties":{"OBJECTID":661,"Shape_Length":20.678989881832692,"Asset_ID":"DP661","Name":null,"District_ID":"al Sada al Janubiyya","Wlyt_ID":"Salalah","Gov_ID":"Dhofar Governorate","Road_ID":"100353","Pipe_Diameter":300,"Pipe_Material":"UPVC","Invert_Level_From_m":0,"Invert_Level_To_m":0,"Slop_Percentage":0,"Latitude":17.036302890000002,"Longitude":54.165617169999997,"GlobalID":"{A83ADF52-F6FB-45D9-BE4B-FC6C75BCAA2D}","NEAR_FID":7243,"NEAR_DIST":2.6495339482160079}},{"type":"Feature","id":662,"geometry":{"type":"LineString","coordinates":[[198229.92800000031,1885770.1678999998],[198228.94330000039,1885751.2788999993]]},"properties":{"OBJECTID":662,"Shape_Length":18.914649219749094,"Asset_ID":"DP662","Name":null,"District_ID":"al Sada al Janubiyya","Wlyt_ID":"Salalah","Gov_ID":"Dhofar Governorate","Road_ID":"100353","Pipe_Diameter":300,"Pipe_Material":"UPVC","Invert_Level_From_m":0,"Invert_Level_To_m":0,"Slop_Percentage":0,"Latitude":17.036315259999999,"Longitude":54.165380589999998,"GlobalID":"{5753BA94-74ED-4035-87DE-1449A72F4063}","NEAR_FID":7243,"NEAR_DIST":2.9079315039199254}},{"type":"Feature","id":663,"geometry":{"type":"LineString","coordinates":[[198205.09260000009,1885771.6929000001],[198204.05350000039,1885753.7759000007]]},"properties":{"OBJECTID":663,"Shape_Length":17.947106111824631,"Asset_ID":"DP663","Name":null,"District_ID":"al Sada al Janubiyya","Wlyt_ID":"Salalah","Gov_ID":"Dhofar Governorate","Road_ID":"100353","Pipe_Diameter":300,"Pipe_Material":"UPVC","Invert_Level_From_m":0,"Invert_Level_To_m":0,"Slop_Percentage":0,"Latitude":17.036330159999999,"Longitude":54.165146989999997,"GlobalID":"{A1D33F87-7787-4BC6-82AA-675D127DDDB7}","NEAR_FID":7243,"NEAR_DIST":2.4915643420714662}},{"type":"Feature","id":664,"geometry":{"type":"LineString","coordinates":[[198180.25719999988,1885772.7821999993],[198179.12110000011,1885754.8673999999]]},"properties":{"OBJECTID":664,"Shape_Length":17.950787788551718,"Asset_ID":"DP664","Name":null,"District_ID":"al Sada al Janubiyya","Wlyt_ID":"Salalah","Gov_ID":"Dhofar Governorate","Road_ID":"100353","Pipe_Diameter":300,"Pipe_Material":"UPVC","Invert_Level_From_m":0,"Invert_Level_To_m":0,"Slop_Percentage":0,"Latitude":17.03633675,"Longitude":54.164913300000002,"GlobalID":"{E57B84C6-1B1B-40FA-B185-47DBE393980B}","NEAR_FID":7243,"NEAR_DIST":2.5169390828785447}},{"type":"Feature","id":665,"geometry":{"type":"LineString","coordinates":[[198147.47009999957,1885773.5990999993],[198146.29910000041,1885755.3266000003]]},"properties":{"OBJECTID":665,"Shape_Length":18.30998353938724,"Asset_ID":"DP665","Name":null,"District_ID":"al Sada al Janubiyya","Wlyt_ID":"Salalah","Gov_ID":"Dhofar Governorate","Road_ID":"100353","Pipe_Diameter":300,"Pipe_Material":"UPVC","Invert_Level_From_m":0,"Invert_Level_To_m":0,"Slop_Percentage":0,"Latitude":17.03633821,"Longitude":54.164605350000002,"GlobalID":"{99EFE149-48F0-47D4-B301-CC1AC685E08A}","NEAR_FID":15201,"NEAR_DIST":3.1709682946241742}},{"type":"Feature","id":666,"geometry":{"type":"LineString","coordinates":[[198130.25949999969,1885774.9061999992],[198129.08860000037,1885756.3069000002]]},"properties":{"OBJECTID":666,"Shape_Length":18.636119962575744,"Asset_ID":"DP666","Name":null,"District_ID":"al Sada al Janubiyya","Wlyt_ID":"Salalah","Gov_ID":"Dhofar Governorate","Road_ID":"100353","Pipe_Diameter":300,"Pipe_Material":"UPVC","Invert_Level_From_m":0,"Invert_Level_To_m":0,"Slop_Percentage":0,"Latitude":17.03634628,"Longitude":54.164443669999997,"GlobalID":"{5456740F-37BE-41F5-B099-5F13033D2A3B}","NEAR_FID":15201,"NEAR_DIST":2.6368555021585167}},{"type":"Feature","id":667,"geometry":{"type":"LineString","coordinates":[[198111.76910000015,1885757.0693999995],[198129.08860000037,1885756.3069000002]]},"properties":{"OBJECTID":667,"Shape_Length":17.336276604460028,"Asset_ID":"DP667","Name":null,"District_ID":"al Sada al Janubiyya","Wlyt_ID":"Salalah","Gov_ID":"Dhofar Governorate","Road_ID":"100418","Pipe_Diameter":400,"Pipe_Material":"HDPE","Invert_Level_From_m":0,"Invert_Level_To_m":0,"Slop_Percentage":0,"Latitude":17.036264549999999,"Longitude":54.164358120000003,"GlobalID":"{4915AD21-0F64-4BE6-9AD3-FCC2ED5850C4}","NEAR_FID":8167,"NEAR_DIST":8.7659341757201954}},{"type":"Feature","id":668,"geometry":{"type":"LineString","coordinates":[[198112.39549999963,1885775.1240999997],[198111.76910000015,1885757.0693999995]]},"properties":{"OBJECTID":668,"Shape_Length":18.065563070576978,"Asset_ID":"DP668","Name":null,"District_ID":"al Sada al Janubiyya","Wlyt_ID":"Salalah","Gov_ID":"Dhofar Governorate","Road_ID":"100353","Pipe_Diameter":300,"Pipe_Material":"UPVC","Invert_Level_From_m":0,"Invert_Level_To_m":0,"Slop_Percentage":0,"Latitude":17.036348400000001,"Longitude":54.164278510000003,"GlobalID":"{90EEE420-F3EA-4DB8-A48E-C5755CF5B187}","NEAR_FID":15201,"NEAR_DIST":3.2201438489166616}},{"type":"Feature","id":669,"geometry":{"type":"LineString","coordinates":[[198079.96239999961,1885777.1119999997],[198079.19990000036,1885759.6835999992]]},"properties":{"OBJECTID":669,"Shape_Length":17.445071877991492,"Asset_ID":"DP669","Name":null,"District_ID":"al Sada al Janubiyya","Wlyt_ID":"Salalah","Gov_ID":"Dhofar Governorate","Road_ID":"100353","Pipe_Diameter":300,"Pipe_Material":"UPVC","Invert_Level_From_m":0,"Invert_Level_To_m":0,"Slop_Percentage":0,"Latitude":17.03636492,"Longitude":54.163973169999998,"GlobalID":"{4A10483E-52F9-4395-99B0-28F169178323}","NEAR_FID":17311,"NEAR_DIST":2.6885106640560306}},{"type":"Feature","id":670,"geometry":{"type":"LineString","coordinates":[[198054.36440000031,1885760.7729000002],[198079.19990000036,1885759.6835999992]]},"properties":{"OBJECTID":670,"Shape_Length":24.859377199449035,"Asset_ID":"DP670","Name":null,"District_ID":"al Sada al Janubiyya","Wlyt_ID":"Salalah","Gov_ID":"Dhofar Governorate","Road_ID":"100418","Pipe_Diameter":400,"Pipe_Material":"HDPE","Invert_Level_From_m":0,"Invert_Level_To_m":0,"Slop_Percentage":0,"Latitude":17.036289480000001,"Longitude":54.16385417,"GlobalID":"{4384C7C5-0569-413A-9E3A-9E2DA4F9D8BA}","NEAR_FID":5855,"NEAR_DIST":7.7389658174893574}},{"type":"Feature","id":671,"geometry":{"type":"LineString","coordinates":[[198055.01800000016,1885778.3102000002],[198054.36440000031,1885760.7729000002]]},"properties":{"OBJECTID":671,"Shape_Length":17.549475326876514,"Asset_ID":"DP671","Name":null,"District_ID":"al Sada al Janubiyya","Wlyt_ID":"Salalah","Gov_ID":"Dhofar Governorate","Road_ID":"100353","Pipe_Diameter":300,"Pipe_Material":"UPVC","Invert_Level_From_m":0,"Invert_Level_To_m":0,"Slop_Percentage":0,"Latitude":17.036371979999998,"Longitude":54.16373943,"GlobalID":"{B504F4B2-AF20-4D78-9926-6049330DEB66}","NEAR_FID":17311,"NEAR_DIST":2.6299534731042704}},{"type":"Feature","id":672,"geometry":{"type":"LineString","coordinates":[[198029.47449999955,1885779.3994999994],[198029.31120000035,1885760.4461000003]]},"properties":{"OBJECTID":672,"Shape_Length":18.954103471659604,"Asset_ID":"DP672","Name":null,"District_ID":"al Sada al Janubiyya","Wlyt_ID":"Salalah","Gov_ID":"Dhofar Governorate","Road_ID":"100353","Pipe_Diameter":300,"Pipe_Material":"UPVC","Invert_Level_From_m":0,"Invert_Level_To_m":0,"Slop_Percentage":0,"Latitude":17.036372109999999,"Longitude":54.163501949999997,"GlobalID":"{2F683C81-118C-4D2D-9687-807D4224AB4B}","NEAR_FID":17311,"NEAR_DIST":2.7194977335065764}},{"type":"Feature","id":673,"geometry":{"type":"LineString","coordinates":[[198004.85699999984,1885780.2708999999],[198004.36679999996,1885760.1194000002]]},"properties":{"OBJECTID":673,"Shape_Length":20.1574613549741,"Asset_ID":"DP673","Name":null,"District_ID":"al Sada al Janubiyya","Wlyt_ID":"Salalah","Gov_ID":"Dhofar Governorate","Road_ID":"100353","Pipe_Diameter":300,"Pipe_Material":"UPVC","Invert_Level_From_m":0,"Invert_Level_To_m":0,"Slop_Percentage":0,"Latitude":17.036371320000001,"Longitude":54.16326935,"GlobalID":"{6AC5372D-B92A-4CD6-BA21-8BBC0FEFAD47}","NEAR_FID":17311,"NEAR_DIST":2.9840169439531463}},{"type":"Feature","id":674,"geometry":{"type":"LineString","coordinates":[[197980.56620000023,1885781.4691000003],[197979.15369999968,1885761.2159000002]]},"properties":{"OBJECTID":674,"Shape_Length":20.302395585194748,"Asset_ID":"DP674","Name":null,"District_ID":"al Sada al Janubiyya","Wlyt_ID":"Salalah","Gov_ID":"Dhofar Governorate","Road_ID":"100353","Pipe_Diameter":300,"Pipe_Material":"UPVC","Invert_Level_From_m":0,"Invert_Level_To_m":0,"Slop_Percentage":0,"Latitude":17.03637844,"Longitude":54.163036900000002,"GlobalID":"{B36EC524-A706-42AC-9581-6F72C25D0E0C}","NEAR_FID":17311,"NEAR_DIST":2.9070211356708491}},{"type":"Feature","id":675,"geometry":{"type":"LineString","coordinates":[[197954.75040000025,1885782.7762000002],[197954.20579999965,1885762.5157999992]]},"properties":{"OBJECTID":675,"Shape_Length":20.267718109336929,"Asset_ID":"DP675","Name":null,"District_ID":"al Sada al Janubiyya","Wlyt_ID":"Salalah","Gov_ID":"Dhofar Governorate","Road_ID":"100353","Pipe_Diameter":300,"Pipe_Material":"UPVC","Invert_Level_From_m":0,"Invert_Level_To_m":0,"Slop_Percentage":0,"Latitude":17.036386879999998,"Longitude":54.162798510000002,"GlobalID":"{8D2AA734-9C57-4F65-BA9B-68B8345AC16B}","NEAR_FID":17311,"NEAR_DIST":2.7915514268361106}},{"type":"Feature","id":676,"geometry":{"type":"LineString","coordinates":[[197930.13279999979,1885783.8654999994],[197929.24039999954,1885763.4820000008]]},"properties":{"OBJECTID":676,"Shape_Length":20.403025509794706,"Asset_ID":"DP676","Name":null,"District_ID":"al Sada al Janubiyya","Wlyt_ID":"Salalah","Gov_ID":"Dhofar Governorate","Road_ID":"100353","Pipe_Diameter":300,"Pipe_Material":"UPVC","Invert_Level_From_m":0,"Invert_Level_To_m":0,"Slop_Percentage":0,"Latitude":17.03639291,"Longitude":54.162565710000003,"GlobalID":"{EEBACDA5-653C-4899-99B4-C7CDAEFC6B0A}","NEAR_FID":17311,"NEAR_DIST":2.805881661679908}},{"type":"Feature","id":677,"geometry":{"type":"LineString","coordinates":[[197905.40629999992,1885785.3904999997],[197904.35720000044,1885764.6618000008]]},"properties":{"OBJECTID":677,"Shape_Length":20.75523101424201,"Asset_ID":"DP677","Name":null,"District_ID":"al Sada al Janubiyya","Wlyt_ID":"Salalah","Gov_ID":"Dhofar Governorate","Road_ID":"100353","Pipe_Diameter":300,"Pipe_Material":"UPVC","Invert_Level_From_m":0,"Invert_Level_To_m":0,"Slop_Percentage":0,"Latitude":17.036401860000002,"Longitude":54.162332730000003,"GlobalID":"{3385675D-BEC8-4FB6-A2F6-0507489AD32B}","NEAR_FID":17311,"NEAR_DIST":2.3827086981895977}},{"type":"Feature","id":678,"geometry":{"type":"LineString","coordinates":[[197881.00659999996,1885786.2619000003],[197879.30510000046,1885765.9103999995]]},"properties":{"OBJECTID":678,"Shape_Length":20.422503630335175,"Asset_ID":"DP678","Name":null,"District_ID":"al Sada al Janubiyya","Wlyt_ID":"Salalah","Gov_ID":"Dhofar Governorate","Road_ID":"100353","Pipe_Diameter":300,"Pipe_Material":"UPVC","Invert_Level_From_m":0,"Invert_Level_To_m":0,"Slop_Percentage":0,"Latitude":17.03640819,"Longitude":54.162100539999997,"GlobalID":"{EF0F838B-0A43-4A77-BB45-04171AD6CD31}","NEAR_FID":17311,"NEAR_DIST":2.5979458532536333}},{"type":"Feature","id":679,"geometry":{"type":"LineString","coordinates":[[197855.95330000017,1885787.3511999995],[197854.42839999963,1885769.9228000008]]},"properties":{"OBJECTID":679,"Shape_Length":17.494983467444438,"Asset_ID":"DP679","Name":null,"District_ID":"al Sada al Janubiyya","Wlyt_ID":"Salalah","Gov_ID":"Dhofar Governorate","Road_ID":"100353","Pipe_Diameter":300,"Pipe_Material":"UPVC","Invert_Level_From_m":0,"Invert_Level_To_m":0,"Slop_Percentage":0,"Latitude":17.03642795,"Longitude":54.161865900000002,"GlobalID":"{D514152D-0708-44FA-84CB-0D6AA4DF1E20}","NEAR_FID":17311,"NEAR_DIST":2.6245837195243746}},{"type":"Feature","id":680,"geometry":{"type":"LineString","coordinates":[[197830.02859999985,1885788.6582999993],[197829.81080000009,1885771.6655999999]]},"properties":{"OBJECTID":680,"Shape_Length":16.994095742587092,"Asset_ID":"DP680","Name":null,"District_ID":"al Sada al Janubiyya","Wlyt_ID":"Salalah","Gov_ID":"Dhofar Governorate","Road_ID":"100353","Pipe_Diameter":300,"Pipe_Material":"UPVC","Invert_Level_From_m":0,"Invert_Level_To_m":0,"Slop_Percentage":0,"Latitude":17.036438400000002,"Longitude":54.161628520000001,"GlobalID":"{E8E0797F-8AF6-4A55-864D-DDA40DAA7F34}","NEAR_FID":17311,"NEAR_DIST":2.4837687826712278}},{"type":"Feature","id":681,"geometry":{"type":"LineString","coordinates":[[197805.41110000014,1885789.5296999998],[197804.53959999979,1885772.7548999991]]},"properties":{"OBJECTID":681,"Shape_Length":16.79742323436901,"Asset_ID":"DP681","Name":null,"District_ID":"al Sada al Janubiyya","Wlyt_ID":"Salalah","Gov_ID":"Dhofar Governorate","Road_ID":"100353","Pipe_Diameter":300,"Pipe_Material":"UPVC","Invert_Level_From_m":0,"Invert_Level_To_m":0,"Slop_Percentage":0,"Latitude":17.036443980000001,"Longitude":54.161394289999997,"GlobalID":"{E45568AA-D3AC-47D6-961D-0570E5C80DFE}","NEAR_FID":17311,"NEAR_DIST":2.8912967663204485}},{"type":"Feature","id":682,"geometry":{"type":"LineString","coordinates":[[197781.01130000036,1885790.6190000009],[197779.92210000008,1885774.0620000008]]},"properties":{"OBJECTID":682,"Shape_Length":16.592787759794732,"Asset_ID":"DP682","Name":null,"District_ID":"al Sada al Janubiyya","Wlyt_ID":"Salalah","Gov_ID":"Dhofar Governorate","Road_ID":"100353","Pipe_Diameter":300,"Pipe_Material":"UPVC","Invert_Level_From_m":0,"Invert_Level_To_m":0,"Slop_Percentage":0,"Latitude":17.036451580000001,"Longitude":54.161164110000001,"GlobalID":"{36F3EAB2-E428-4228-901A-F310B4661A75}","NEAR_FID":17311,"NEAR_DIST":3.0699189044987074}},{"type":"Feature","id":683,"geometry":{"type":"LineString","coordinates":[[197728.6445000004,1885740.7098999992],[197753.04430000018,1885739.6206]]},"properties":{"OBJECTID":683,"Shape_Length":24.424103146636082,"Asset_ID":"DP683","Name":null,"District_ID":"Dahariz al Shamaliyya","Wlyt_ID":"Salalah","Gov_ID":"Dhofar Governorate","Road_ID":"100418","Pipe_Diameter":300,"Pipe_Material":"HDPE","Invert_Level_From_m":0,"Invert_Level_To_m":0,"Slop_Percentage":0,"Latitude":17.036065610000001,"Longitude":54.160798010000001,"GlobalID":"{1729DF74-8397-46F8-8A0B-2FD5AA9A5561}","NEAR_FID":7239,"NEAR_DIST":10.276504895190815}},{"type":"Feature","id":684,"geometry":{"type":"LineString","coordinates":[[197727.99100000039,1885726.4404000007],[197728.6445000004,1885740.7098999992]]},"properties":{"OBJECTID":684,"Shape_Length":14.284456323512757,"Asset_ID":"DP684","Name":null,"District_ID":"Dahariz al Shamaliyya","Wlyt_ID":"Salalah","Gov_ID":"Dhofar Governorate","Road_ID":"100124","Pipe_Diameter":200,"Pipe_Material":"UPVC","Invert_Level_From_m":0,"Invert_Level_To_m":0,"Slop_Percentage":0,"Latitude":17.036004470000002,"Longitude":54.160681349999997,"GlobalID":"{749C0D98-C91B-4F21-8213-6A58A5DCBA2A}","NEAR_FID":13979,"NEAR_DIST":2.9423982299154154}},{"type":"Feature","id":685,"geometry":{"type":"LineString","coordinates":[[197699.09800000023,1885783.6477000006],[197687.79789999966,1885783.3783999998]]},"properties":{"OBJECTID":685,"Shape_Length":11.303308476432861,"Asset_ID":"DP685","Name":null,"District_ID":"al Sada al Janubiyya","Wlyt_ID":"Salalah","Gov_ID":"Dhofar Governorate","Road_ID":"100251","Pipe_Diameter":200,"Pipe_Material":"UPVC","Invert_Level_From_m":0,"Invert_Level_To_m":0,"Slop_Percentage":0,"Latitude":17.036450760000001,"Longitude":54.160347289999997,"GlobalID":"{707A04EE-29BC-47E1-A6C5-657CE1CA3DFC}","NEAR_FID":7233,"NEAR_DIST":4.8293324727182441}},{"type":"Feature","id":686,"geometry":{"type":"LineString","coordinates":[[197689.94809999969,1885776.0227000006],[197687.79789999966,1885783.3783999998]]},"properties":{"OBJECTID":686,"Shape_Length":7.6635293774620568,"Asset_ID":"DP686","Name":null,"District_ID":"al Sada al Janubiyya","Wlyt_ID":"Salalah","Gov_ID":"Dhofar Governorate","Road_ID":"100418","Pipe_Diameter":200,"Pipe_Material":"UPVC","Invert_Level_From_m":0,"Invert_Level_To_m":0,"Slop_Percentage":0,"Latitude":17.036415730000002,"Longitude":54.160304879999998,"GlobalID":"{B62729A1-B6C7-4505-A41E-E715CCC32D27}","NEAR_FID":11834,"NEAR_DIST":7.6426424614036366}},{"type":"Feature","id":687,"geometry":{"type":"LineString","coordinates":[[197635.92019999959,1885780.5976999998],[197610.64900000021,1885781.6870000008]]},"properties":{"OBJECTID":687,"Shape_Length":25.294665917951651,"Asset_ID":"DP687","Name":null,"District_ID":"al Sada al Janubiyya","Wlyt_ID":"Salalah","Gov_ID":"Dhofar Governorate","Road_ID":"100251","Pipe_Diameter":300,"Pipe_Material":"HDPE","Invert_Level_From_m":0,"Invert_Level_To_m":0,"Slop_Percentage":0,"Latitude":17.036420140000001,"Longitude":54.159689139999998,"GlobalID":"{EBEDC092-2253-4F7A-9FC3-610F775B949C}","NEAR_FID":10713,"NEAR_DIST":6.5380524253905774}},{"type":"Feature","id":688,"geometry":{"type":"LineString","coordinates":[[197636.21970000025,1885797.1341999993],[197611.8200000003,1885798.1146000009]]},"properties":{"OBJECTID":688,"Shape_Length":24.419388695272385,"Asset_ID":"DP688","Name":null,"District_ID":"al Sada al Janubiyya","Wlyt_ID":"Salalah","Gov_ID":"Dhofar Governorate","Road_ID":"100352","Pipe_Diameter":200,"Pipe_Material":"UPVC","Invert_Level_From_m":0,"Invert_Level_To_m":0,"Slop_Percentage":0,"Latitude":17.036569050000001,"Longitude":54.159693789999999,"GlobalID":"{E4D8342F-20DB-412D-B9A1-2DB3E6657ED0}","NEAR_FID":9360,"NEAR_DIST":2.3774356440298283}},{"type":"Feature","id":689,"geometry":{"type":"LineString","coordinates":[[197611.8200000003,1885798.1146000009],[197610.64900000021,1885781.6870000008]]},"properties":{"OBJECTID":689,"Shape_Length":16.469283006918424,"Asset_ID":"DP689","Name":null,"District_ID":"al Sada al Janubiyya","Wlyt_ID":"Salalah","Gov_ID":"Dhofar Governorate","Road_ID":"100352","Pipe_Diameter":300,"Pipe_Material":"UPVC","Invert_Level_From_m":0,"Invert_Level_To_m":0,"Slop_Percentage":0,"Latitude":17.03649764,"Longitude":54.159574849999998,"GlobalID":"{840D6680-D9ED-4834-BF41-5A5FC9834F36}","NEAR_FID":9360,"NEAR_DIST":2.5251855260766942}},{"type":"Feature","id":690,"geometry":{"type":"LineString","coordinates":[[197610.64900000021,1885781.6870000008],[197585.67740000039,1885782.8647000007]]},"properties":{"OBJECTID":690,"Shape_Length":24.999355668506698,"Asset_ID":"DP690","Name":null,"District_ID":"al Sada al Janubiyya","Wlyt_ID":"Salalah","Gov_ID":"Dhofar Governorate","Road_ID":"100418","Pipe_Diameter":300,"Pipe_Material":"HDPE","Invert_Level_From_m":0,"Invert_Level_To_m":0,"Slop_Percentage":0,"Latitude":17.036427079999999,"Longitude":54.159453220000003,"GlobalID":"{1DE9CCB6-41F3-49A0-9C6A-C480A1877B44}","NEAR_FID":8189,"NEAR_DIST":8.3755587147106567}},{"type":"Feature","id":691,"geometry":{"type":"LineString","coordinates":[[197585.67740000039,1885782.8647000007],[197560.84200000018,1885783.9539999999]]},"properties":{"OBJECTID":691,"Shape_Length":24.859277295586573,"Asset_ID":"DP691","Name":null,"District_ID":"al Sada al Janubiyya","Wlyt_ID":"Salalah","Gov_ID":"Dhofar Governorate","Road_ID":"100418","Pipe_Diameter":300,"Pipe_Material":"HDPE","Invert_Level_From_m":0,"Invert_Level_To_m":0,"Slop_Percentage":0,"Latitude":17.03643405,"Longitude":54.159219350000001,"GlobalID":"{9E57D643-9D9A-40AF-9604-CA2F3C890AF3}","NEAR_FID":8189,"NEAR_DIST":8.0030201587945466}},{"type":"Feature","id":692,"geometry":{"type":"LineString","coordinates":[[197561.49560000002,1885800.5109999999],[197560.84200000018,1885783.9539999999]]},"properties":{"OBJECTID":692,"Shape_Length":16.56989565328594,"Asset_ID":"DP692","Name":null,"District_ID":"al Sada al Janubiyya","Wlyt_ID":"Salalah","Gov_ID":"Dhofar Governorate","Road_ID":"100352","Pipe_Diameter":300,"Pipe_Material":"UPVC","Invert_Level_From_m":0,"Invert_Level_To_m":0,"Slop_Percentage":0,"Latitude":17.036512120000001,"Longitude":54.159104679999999,"GlobalID":"{3C4ABF1C-89F0-4E3B-B38C-40A4FA0EDB21}","NEAR_FID":9360,"NEAR_DIST":2.4559951130660989}},{"type":"Feature","id":693,"geometry":{"type":"LineString","coordinates":[[197586.11309999973,1885799.3127999995],[197561.49560000002,1885800.5109999999]]},"properties":{"OBJECTID":693,"Shape_Length":24.646642559918892,"Asset_ID":"DP693","Name":null,"District_ID":"al Sada al Janubiyya","Wlyt_ID":"Salalah","Gov_ID":"Dhofar Governorate","Road_ID":"100352","Pipe_Diameter":200,"Pipe_Material":"UPVC","Invert_Level_From_m":0,"Invert_Level_To_m":0,"Slop_Percentage":0,"Latitude":17.036583109999999,"Longitude":54.159222210000003,"GlobalID":"{90BB4383-7BBA-4C15-9B52-D9708068BDFC}","NEAR_FID":9360,"NEAR_DIST":2.4559951130660989}},{"type":"Feature","id":694,"geometry":{"type":"LineString","coordinates":[[197560.84200000018,1885783.9539999999],[197536.00659999996,1885783.7361999992]]},"properties":{"OBJECTID":694,"Shape_Length":24.836355006541428,"Asset_ID":"DP694","Name":null,"District_ID":"al Sada al Janubiyya","Wlyt_ID":"Salalah","Gov_ID":"Dhofar Governorate","Road_ID":"100418","Pipe_Diameter":300,"Pipe_Material":"HDPE","Invert_Level_From_m":0,"Invert_Level_To_m":0,"Slop_Percentage":0,"Latitude":17.036434719999999,"Longitude":54.158986210000002,"GlobalID":"{76D0B2EA-DCEB-4AC7-BC12-42F7824353E8}","NEAR_FID":8189,"NEAR_DIST":6.8361450715722984}},{"type":"Feature","id":695,"geometry":{"type":"LineString","coordinates":[[197536.00659999996,1885801.7092000004],[197536.00659999996,1885783.7361999992]]},"properties":{"OBJECTID":695,"Shape_Length":17.973000001162291,"Asset_ID":"DP695","Name":null,"District_ID":"al Sada al Janubiyya","Wlyt_ID":"Salalah","Gov_ID":"Dhofar Governorate","Road_ID":"100352","Pipe_Diameter":300,"Pipe_Material":"UPVC","Invert_Level_From_m":0,"Invert_Level_To_m":0,"Slop_Percentage":0,"Latitude":17.036513240000001,"Longitude":54.158868460000001,"GlobalID":"{FF8D53D9-7006-47A4-AD54-8B94A3E5002D}","NEAR_FID":9360,"NEAR_DIST":2.4364958847251343}},{"type":"Feature","id":696,"geometry":{"type":"LineString","coordinates":[[197536.00659999996,1885783.7361999992],[197510.73539999966,1885783.4093999993]]},"properties":{"OBJECTID":696,"Shape_Length":25.273312954488958,"Asset_ID":"DP696","Name":null,"District_ID":"al Sada al Janubiyya","Wlyt_ID":"Salalah","Gov_ID":"Dhofar Governorate","Road_ID":"100418","Pipe_Diameter":300,"Pipe_Material":"HDPE","Invert_Level_From_m":0,"Invert_Level_To_m":0,"Slop_Percentage":0,"Latitude":17.036428969999999,"Longitude":54.158751129999999,"GlobalID":"{24904B33-8B5A-4277-AC06-67686B6AC46B}","NEAR_FID":8189,"NEAR_DIST":5.6057103734027418}},{"type":"Feature","id":697,"geometry":{"type":"LineString","coordinates":[[197510.29970000032,1885802.9074000008],[197510.73539999966,1885783.4093999993]]},"properties":{"OBJECTID":697,"Shape_Length":19.502867444282906,"Asset_ID":"DP697","Name":null,"District_ID":"al Sada al Janubiyya","Wlyt_ID":"Salalah","Gov_ID":"Dhofar Governorate","Road_ID":"100352","Pipe_Diameter":300,"Pipe_Material":"UPVC","Invert_Level_From_m":0,"Invert_Level_To_m":0,"Slop_Percentage":0,"Latitude":17.036513830000001,"Longitude":54.158629189999999,"GlobalID":"{77527982-2B88-4C95-A27E-34271B0BD020}","NEAR_FID":9360,"NEAR_DIST":2.4270621827130507}},{"type":"Feature","id":698,"geometry":{"type":"LineString","coordinates":[[197510.73539999966,1885783.4093999993],[197485.79110000003,1885783.9539999999]]},"properties":{"OBJECTID":698,"Shape_Length":24.950244320084831,"Asset_ID":"DP698","Name":null,"District_ID":"al Sada al Janubiyya","Wlyt_ID":"Salalah","Gov_ID":"Dhofar Governorate","Road_ID":"100418","Pipe_Diameter":300,"Pipe_Material":"UPVC","Invert_Level_From_m":0,"Invert_Level_To_m":0,"Slop_Percentage":0,"Latitude":17.03642666,"Longitude":54.158515479999998,"GlobalID":"{ACF58F05-8174-415B-8727-78E1E3B3310F}","NEAR_FID":8189,"NEAR_DIST":5.264372756164847}},{"type":"Feature","id":699,"geometry":{"type":"LineString","coordinates":[[197486.66249999963,1885803.9966000002],[197485.79110000003,1885783.9539999999]]},"properties":{"OBJECTID":699,"Shape_Length":20.061534156948372,"Asset_ID":"DP699","Name":null,"District_ID":"al Sada al Janubiyya","Wlyt_ID":"Salalah","Gov_ID":"Dhofar Governorate","Road_ID":"100352","Pipe_Diameter":300,"Pipe_Material":"UPVC","Invert_Level_From_m":0,"Invert_Level_To_m":0,"Slop_Percentage":0,"Latitude":17.036518010000002,"Longitude":54.158401120000001,"GlobalID":"{35960D6C-FD15-40E9-82B1-505B984BC586}","NEAR_FID":9360,"NEAR_DIST":2.6204448504392701}},{"type":"Feature","id":700,"geometry":{"type":"LineString","coordinates":[[197462.26279999968,1885804.8681000005],[197460.73780000024,1885785.0432999991]]},"properties":{"OBJECTID":700,"Shape_Length":19.883367926387077,"Asset_ID":"DP700","Name":null,"District_ID":"al Sada al Janubiyya","Wlyt_ID":"Salalah","Gov_ID":"Dhofar Governorate","Road_ID":"100352","Pipe_Diameter":300,"Pipe_Material":"UPVC","Invert_Level_From_m":0,"Invert_Level_To_m":0,"Slop_Percentage":0,"Latitude":17.036523620000001,"Longitude":54.158168930000002,"GlobalID":"{A964C9CC-87C6-4A4B-AB9D-B8FC9777BFBF}","NEAR_FID":9360,"NEAR_DIST":3.1092641510729631}},{"type":"Feature","id":701,"geometry":{"type":"LineString","coordinates":[[197485.79110000003,1885783.9539999999],[197460.73780000024,1885785.0432999991]]},"properties":{"OBJECTID":701,"Shape_Length":25.076969820294853,"Asset_ID":"DP701","Name":null,"District_ID":"al Sada al Janubiyya","Wlyt_ID":"Salalah","Gov_ID":"Dhofar Governorate","Road_ID":"100418","Pipe_Diameter":300,"Pipe_Material":"HDPE","Invert_Level_From_m":0,"Invert_Level_To_m":0,"Slop_Percentage":0,"Latitude":17.036430750000001,"Longitude":54.158280759999997,"GlobalID":"{13390E43-857D-4EBF-B450-0025CCB83431}","NEAR_FID":8189,"NEAR_DIST":5.208837409144305}},{"type":"Feature","id":702,"geometry":{"type":"LineString","coordinates":[[197438.08090000041,1885806.1752000004],[197435.90240000002,1885787.4397]]},"properties":{"OBJECTID":702,"Shape_Length":18.861729043683194,"Asset_ID":"DP702","Name":null,"District_ID":"al Sada al Janubiyya","Wlyt_ID":"Salalah","Gov_ID":"Dhofar Governorate","Road_ID":"100352","Pipe_Diameter":300,"Pipe_Material":"UPVC","Invert_Level_From_m":0,"Invert_Level_To_m":0,"Slop_Percentage":0,"Latitude":17.036537119999998,"Longitude":54.157938659999999,"GlobalID":"{43A16F4A-6DC7-4DFC-A7B5-99789C1F5C5E}","NEAR_FID":9360,"NEAR_DIST":3.1510290071042459}},{"type":"Feature","id":703,"geometry":{"type":"LineString","coordinates":[[197460.73780000024,1885785.0432999991],[197435.90240000002,1885787.4397]]},"properties":{"OBJECTID":703,"Shape_Length":24.950748007524179,"Asset_ID":"DP703","Name":null,"District_ID":"al Sada al Janubiyya","Wlyt_ID":"Salalah","Gov_ID":"Dhofar Governorate","Road_ID":"100418","Pipe_Diameter":300,"Pipe_Material":"HDPE","Invert_Level_From_m":0,"Invert_Level_To_m":0,"Slop_Percentage":0,"Latitude":17.036443210000002,"Longitude":54.158046419999998,"GlobalID":"{CB3B982A-7A94-482B-8EDE-CC2D1659FD84}","NEAR_FID":8189,"NEAR_DIST":5.208837409144305}},{"type":"Feature","id":704,"geometry":{"type":"LineString","coordinates":[[197412.85059999954,1885807.2100000009],[197410.88989999983,1885790.1084000003]]},"properties":{"OBJECTID":704,"Shape_Length":17.213630269950464,"Asset_ID":"DP704","Name":null,"District_ID":"al Sada al Janubiyya","Wlyt_ID":"Salalah","Gov_ID":"Dhofar Governorate","Road_ID":"100352","Pipe_Diameter":300,"Pipe_Material":"UPVC","Invert_Level_From_m":0,"Invert_Level_To_m":0,"Slop_Percentage":0,"Latitude":17.03655054,"Longitude":54.157702649999997,"GlobalID":"{7BE386F7-D7BE-40A8-AC36-9F2511B2E925}","NEAR_FID":9360,"NEAR_DIST":3.5230629131021813}},{"type":"Feature","id":705,"geometry":{"type":"LineString","coordinates":[[197435.90240000002,1885787.4397],[197410.88989999983,1885790.1084000003]]},"properties":{"OBJECTID":705,"Shape_Length":25.154465129490738,"Asset_ID":"DP705","Name":null,"District_ID":"al Sada al Janubiyya","Wlyt_ID":"Salalah","Gov_ID":"Dhofar Governorate","Road_ID":"100418","Pipe_Diameter":400,"Pipe_Material":"HDPE","Invert_Level_From_m":0,"Invert_Level_To_m":0,"Slop_Percentage":0,"Latitude":17.03646281,"Longitude":54.15781217,"GlobalID":"{A0C4193E-CED3-447A-88F2-6E7555BC8100}","NEAR_FID":8189,"NEAR_DIST":6.1752721675202746}},{"type":"Feature","id":706,"geometry":{"type":"LineString","coordinates":[[197387.47059999965,1885808.5171000008],[197386.05449999962,1885791.5244999994]]},"properties":{"OBJECTID":706,"Shape_Length":17.051504157038153,"Asset_ID":"DP706","Name":null,"District_ID":"al Sada al Janubiyya","Wlyt_ID":"Salalah","Gov_ID":"Dhofar Governorate","Road_ID":"100352","Pipe_Diameter":400,"Pipe_Material":"HDPE","Invert_Level_From_m":0,"Invert_Level_To_m":0,"Slop_Percentage":0,"Latitude":17.036559530000002,"Longitude":54.157466829999997,"GlobalID":"{16AB1B97-E791-4094-8723-FDA236EA4F33}","NEAR_FID":9360,"NEAR_DIST":3.5916931844385092}},{"type":"Feature","id":707,"geometry":{"type":"LineString","coordinates":[[197410.88989999983,1885790.1084000003],[197386.05449999962,1885791.5244999994]]},"properties":{"OBJECTID":707,"Shape_Length":24.875739835794011,"Asset_ID":"DP707","Name":null,"District_ID":"al Sada al Janubiyya","Wlyt_ID":"Salalah","Gov_ID":"Dhofar Governorate","Road_ID":"100418","Pipe_Diameter":400,"Pipe_Material":"HDPE","Invert_Level_From_m":0,"Invert_Level_To_m":0,"Slop_Percentage":0,"Latitude":17.03647797,"Longitude":54.157577979999999,"GlobalID":"{704CDBE2-77F7-4110-A9BD-EA0AD13B6C05}","NEAR_FID":8189,"NEAR_DIST":7.8964600082224505}},{"type":"Feature","id":708,"geometry":{"type":"LineString","coordinates":[[197682.78610000014,1885728.5099999998],[197683.38049999997,1885742.7676999997]]},"properties":{"OBJECTID":708,"Shape_Length":14.270084815746708,"Asset_ID":"DP708","Name":null,"District_ID":"Dahariz al Shamaliyya","Wlyt_ID":"Salalah","Gov_ID":"Dhofar Governorate","Road_ID":"100124","Pipe_Diameter":200,"Pipe_Material":"UPVC","Invert_Level_From_m":0,"Invert_Level_To_m":0,"Slop_Percentage":0,"Latitude":17.036017170000001,"Longitude":54.16025655,"GlobalID":"{45FDB0FC-AB96-4983-8C15-13FB5C957A5E}","NEAR_FID":11717,"NEAR_DIST":2.9903680314586629}},{"type":"Feature","id":709,"geometry":{"type":"LineString","coordinates":[[197658.65110000037,1885729.5265999995],[197659.10659999959,1885744.0156999994]]},"properties":{"OBJECTID":709,"Shape_Length":14.496258105321481,"Asset_ID":"DP709","Name":null,"District_ID":"Dahariz al Shamaliyya","Wlyt_ID":"Salalah","Gov_ID":"Dhofar Governorate","Road_ID":"100124","Pipe_Diameter":200,"Pipe_Material":"UPVC","Invert_Level_From_m":0,"Invert_Level_To_m":0,"Slop_Percentage":0,"Latitude":17.036024220000002,"Longitude":54.16002924,"GlobalID":"{FFAD888B-6EAB-4C8E-8A10-11B4015025F0}","NEAR_FID":11717,"NEAR_DIST":3.0892125083242763}},{"type":"Feature","id":710,"geometry":{"type":"LineString","coordinates":[[197633.55099999998,1885730.7974999994],[197634.71619999968,1885748.4726]]},"properties":{"OBJECTID":710,"Shape_Length":17.713465247365573,"Asset_ID":"DP710","Name":null,"District_ID":"Dahariz al Shamaliyya","Wlyt_ID":"Salalah","Gov_ID":"Dhofar Governorate","Road_ID":"100124","Pipe_Diameter":200,"Pipe_Material":"UPVC","Invert_Level_From_m":0,"Invert_Level_To_m":0,"Slop_Percentage":0,"Latitude":17.03604683,"Longitude":54.159796620000002,"GlobalID":"{23973B08-4757-4011-858C-BCFB1348A7FA}","NEAR_FID":11717,"NEAR_DIST":3.4055038989999558}},{"type":"Feature","id":711,"geometry":{"type":"LineString","coordinates":[[197608.68829999957,1885731.7982999999],[197609.31469999999,1885749.9686999992]]},"properties":{"OBJECTID":711,"Shape_Length":18.181193940253756,"Asset_ID":"DP711","Name":null,"District_ID":"Dahariz al Shamaliyya","Wlyt_ID":"Salalah","Gov_ID":"Dhofar Governorate","Road_ID":"100124","Pipe_Diameter":200,"Pipe_Material":"UPVC","Invert_Level_From_m":0,"Invert_Level_To_m":0,"Slop_Percentage":0,"Latitude":17.036054799999999,"Longitude":54.159560589999998,"GlobalID":"{763A2A18-7FF2-49AD-928D-CF0187A81E94}","NEAR_FID":11717,"NEAR_DIST":3.4019237259029684}},{"type":"Feature","id":712,"geometry":{"type":"LineString","coordinates":[[197583.82569999993,1885732.8671000004],[197584.69710000046,1885751.0580000002]]},"properties":{"OBJECTID":712,"Shape_Length":18.211759408802006,"Asset_ID":"DP712","Name":null,"District_ID":"Dahariz al Shamaliyya","Wlyt_ID":"Salalah","Gov_ID":"Dhofar Governorate","Road_ID":"100124","Pipe_Diameter":200,"Pipe_Material":"UPVC","Invert_Level_From_m":0,"Invert_Level_To_m":0,"Slop_Percentage":0,"Latitude":17.036061289999999,"Longitude":54.159328260000002,"GlobalID":"{23F0F315-E70F-41E1-A769-411E172C33D4}","NEAR_FID":11717,"NEAR_DIST":3.4179798995303527}},{"type":"Feature","id":713,"geometry":{"type":"LineString","coordinates":[[197558.55449999962,1885733.9563999996],[197559.31699999981,1885750.1864999998]]},"properties":{"OBJECTID":713,"Shape_Length":16.248001485391388,"Asset_ID":"DP713","Name":null,"District_ID":"Dahariz al Shamaliyya","Wlyt_ID":"Salalah","Gov_ID":"Dhofar Governorate","Road_ID":"100124","Pipe_Diameter":200,"Pipe_Material":"UPVC","Invert_Level_From_m":0,"Invert_Level_To_m":0,"Slop_Percentage":0,"Latitude":17.036058950000001,"Longitude":54.159090560000003,"GlobalID":"{66EC3DC9-BB15-4423-80DE-69392EF6B09A}","NEAR_FID":11717,"NEAR_DIST":3.4372323119968837}},{"type":"Feature","id":714,"geometry":{"type":"LineString","coordinates":[[197683.38049999997,1885742.7676999997],[197659.10659999959,1885744.0156999994]]},"properties":{"OBJECTID":714,"Shape_Length":24.305960693368132,"Asset_ID":"DP714","Name":null,"District_ID":"Dahariz al Shamaliyya","Wlyt_ID":"Salalah","Gov_ID":"Dhofar Governorate","Road_ID":"100418","Pipe_Diameter":300,"Pipe_Material":"HDPE","Invert_Level_From_m":0,"Invert_Level_To_m":0,"Slop_Percentage":0,"Latitude":17.036085610000001,"Longitude":54.160144379999998,"GlobalID":"{33265783-C049-496D-A3F0-041A78C08671}","NEAR_FID":10882,"NEAR_DIST":10.32296436586496}},{"type":"Feature","id":715,"geometry":{"type":"LineString","coordinates":[[197659.10659999959,1885744.0156999994],[197634.71619999968,1885748.4726]]},"properties":{"OBJECTID":715,"Shape_Length":24.794264856434641,"Asset_ID":"DP715","Name":null,"District_ID":"Dahariz al Shamaliyya","Wlyt_ID":"Salalah","Gov_ID":"Dhofar Governorate","Road_ID":"100418","Pipe_Diameter":300,"Pipe_Material":"HDPE","Invert_Level_From_m":0,"Invert_Level_To_m":0,"Slop_Percentage":0,"Latitude":17.036108169999999,"Longitude":54.15991563,"GlobalID":"{7D1565B3-5A08-4112-84AC-7B3263B3B9D1}","NEAR_FID":10882,"NEAR_DIST":6.8128358242753189}},{"type":"Feature","id":716,"geometry":{"type":"LineString","coordinates":[[197634.71619999968,1885748.4726],[197609.31469999999,1885749.9686999992]]},"properties":{"OBJECTID":716,"Shape_Length":25.445520577139554,"Asset_ID":"DP716","Name":null,"District_ID":"Dahariz al Shamaliyya","Wlyt_ID":"Salalah","Gov_ID":"Dhofar Governorate","Road_ID":"100418","Pipe_Diameter":300,"Pipe_Material":"HDPE","Invert_Level_From_m":0,"Invert_Level_To_m":0,"Slop_Percentage":0,"Latitude":17.036131780000002,"Longitude":54.159681579999997,"GlobalID":"{9546BB5B-0ACD-48BB-AB87-28E833CF280F}","NEAR_FID":10882,"NEAR_DIST":6.3004014782789355}},{"type":"Feature","id":717,"geometry":{"type":"LineString","coordinates":[[197609.31469999999,1885749.9686999992],[197584.69710000046,1885751.0580000002]]},"properties":{"OBJECTID":717,"Shape_Length":24.641688339665954,"Asset_ID":"DP717","Name":null,"District_ID":"Dahariz al Shamaliyya","Wlyt_ID":"Salalah","Gov_ID":"Dhofar Governorate","Road_ID":"100418","Pipe_Diameter":300,"Pipe_Material":"HDPE","Invert_Level_From_m":0,"Invert_Level_To_m":0,"Slop_Percentage":0,"Latitude":17.036140169999999,"Longitude":54.159446690000003,"GlobalID":"{86604D21-7451-4D2C-BB69-DA4647AB35E4}","NEAR_FID":10882,"NEAR_DIST":6.2455234899796039}},{"type":"Feature","id":718,"geometry":{"type":"LineString","coordinates":[[197584.69710000046,1885751.0580000002],[197559.31699999981,1885750.1864999998]]},"properties":{"OBJECTID":718,"Shape_Length":25.395058343969243,"Asset_ID":"DP718","Name":null,"District_ID":"Dahariz al Shamaliyya","Wlyt_ID":"Salalah","Gov_ID":"Dhofar Governorate","Road_ID":"100418","Pipe_Diameter":300,"Pipe_Material":"HDPE","Invert_Level_From_m":0,"Invert_Level_To_m":0,"Slop_Percentage":0,"Latitude":17.036137870000001,"Longitude":54.159212070000002,"GlobalID":"{0AF0E792-A35D-4E26-A316-76026C01E9B7}","NEAR_FID":10882,"NEAR_DIST":6.2455234899796039}},{"type":"Feature","id":719,"geometry":{"type":"LineString","coordinates":[[197559.31699999981,1885750.1864999998],[197534.59049999993,1885751.4936999995]]},"properties":{"OBJECTID":719,"Shape_Length":24.761029342152277,"Asset_ID":"DP719","Name":null,"District_ID":"Dahariz al Shamaliyya","Wlyt_ID":"Salalah","Gov_ID":"Dhofar Governorate","Road_ID":"100418","Pipe_Diameter":300,"Pipe_Material":"HDPE","Invert_Level_From_m":0,"Invert_Level_To_m":0,"Slop_Percentage":0,"Latitude":17.036136549999998,"Longitude":54.158976920000001,"GlobalID":"{B0D8F754-DD57-4E93-894E-E44F0B62775D}","NEAR_FID":10882,"NEAR_DIST":8.0162006791311704}},{"type":"Feature","id":720,"geometry":{"type":"LineString","coordinates":[[197541.56190000009,1885734.8278000001],[197534.59049999993,1885751.4936999995]]},"properties":{"OBJECTID":720,"Shape_Length":18.065232928293106,"Asset_ID":"DP720","Name":null,"District_ID":"Dahariz al Shamaliyya","Wlyt_ID":"Salalah","Gov_ID":"Dhofar Governorate","Road_ID":"100124","Pipe_Diameter":200,"Pipe_Material":"UPVC","Invert_Level_From_m":0,"Invert_Level_To_m":0,"Slop_Percentage":0,"Latitude":17.036066049999999,"Longitude":54.158894650000001,"GlobalID":"{5F06D3E9-3C33-4648-A9B9-5094DA13174F}","NEAR_FID":11717,"NEAR_DIST":3.5889975515525379}},{"type":"Feature","id":721,"geometry":{"type":"LineString","coordinates":[[197534.59049999993,1885751.4936999995],[197509.64620000031,1885752.3651000001]]},"properties":{"OBJECTID":721,"Shape_Length":24.959516029606537,"Asset_ID":"DP721","Name":null,"District_ID":"Dahariz al Shamaliyya","Wlyt_ID":"Salalah","Gov_ID":"Dhofar Governorate","Road_ID":"100418","Pipe_Diameter":300,"Pipe_Material":"HDPE","Invert_Level_From_m":0,"Invert_Level_To_m":0,"Slop_Percentage":0,"Latitude":17.036143119999998,"Longitude":54.158743690000001,"GlobalID":"{CE2CAB3D-0252-425E-B6C8-B3B6AB10D503}","NEAR_FID":12431,"NEAR_DIST":0}},{"type":"Feature","id":722,"geometry":{"type":"LineString","coordinates":[[197508.77469999995,1885736.3528000005],[197509.64620000031,1885752.3651000001]]},"properties":{"OBJECTID":722,"Shape_Length":16.035998987516912,"Asset_ID":"DP722","Name":null,"District_ID":"Dahariz al Shamaliyya","Wlyt_ID":"Salalah","Gov_ID":"Dhofar Governorate","Road_ID":"100124","Pipe_Diameter":300,"Pipe_Material":"UPVC","Invert_Level_From_m":0,"Invert_Level_To_m":0,"Slop_Percentage":0,"Latitude":17.036073080000001,"Longitude":54.158623589999998,"GlobalID":"{A3CF33C6-1AEC-4FA9-9258-3C7C6F7BE946}","NEAR_FID":7859,"NEAR_DIST":3.5008656905013402}},{"type":"Feature","id":723,"geometry":{"type":"LineString","coordinates":[[197509.64620000031,1885752.3651000001],[197484.59289999958,1885753.4543999992]]},"properties":{"OBJECTID":723,"Shape_Length":25.076969821225298,"Asset_ID":"DP723","Name":null,"District_ID":"Dahariz al Shamaliyya","Wlyt_ID":"Salalah","Gov_ID":"Dhofar Governorate","Road_ID":"100418","Pipe_Diameter":300,"Pipe_Material":"HDPE","Invert_Level_From_m":0,"Invert_Level_To_m":0,"Slop_Percentage":0,"Latitude":17.036148690000001,"Longitude":54.158508949999998,"GlobalID":"{FD7A9823-178D-4573-B6DE-10798CFDE694}","NEAR_FID":12431,"NEAR_DIST":3.9324613317182018}},{"type":"Feature","id":724,"geometry":{"type":"LineString","coordinates":[[197483.93929999974,1885737.3331000004],[197484.59289999958,1885753.4543999992]]},"properties":{"OBJECTID":724,"Shape_Length":16.134543892289798,"Asset_ID":"DP724","Name":null,"District_ID":"Dahariz al Shamaliyya","Wlyt_ID":"Salalah","Gov_ID":"Dhofar Governorate","Road_ID":"100124","Pipe_Diameter":300,"Pipe_Material":"UPVC","Invert_Level_From_m":0,"Invert_Level_To_m":0,"Slop_Percentage":0,"Latitude":17.036079149999999,"Longitude":54.15838935,"GlobalID":"{0952E38D-515B-4CA4-9ABB-21B884BFA5C0}","NEAR_FID":7859,"NEAR_DIST":3.2312122273247597}},{"type":"Feature","id":725,"geometry":{"type":"LineString","coordinates":[[197484.59289999958,1885753.4543999992],[197459.43070000038,1885754.7614999991]]},"properties":{"OBJECTID":725,"Shape_Length":25.196127067659916,"Asset_ID":"DP725","Name":null,"District_ID":"Dahariz al Shamaliyya","Wlyt_ID":"Salalah","Gov_ID":"Dhofar Governorate","Road_ID":"100418","Pipe_Diameter":300,"Pipe_Material":"HDPE","Invert_Level_From_m":0,"Invert_Level_To_m":0,"Slop_Percentage":0,"Latitude":17.036156210000001,"Longitude":54.158273149999999,"GlobalID":"{EE9A0F20-7C7D-4542-9CD7-D232DD2AD6EA}","NEAR_FID":7674,"NEAR_DIST":8.0604917073370448}},{"type":"Feature","id":726,"geometry":{"type":"LineString","coordinates":[[197458.12349999975,1885738.6402000003],[197459.43070000038,1885754.7614999991]]},"properties":{"OBJECTID":726,"Shape_Length":16.174210506051082,"Asset_ID":"DP726","Name":null,"District_ID":"Dahariz al Shamaliyya","Wlyt_ID":"Salalah","Gov_ID":"Dhofar Governorate","Road_ID":"100124","Pipe_Diameter":300,"Pipe_Material":"UPVC","Invert_Level_From_m":0,"Invert_Level_To_m":0,"Slop_Percentage":0,"Latitude":17.036087599999998,"Longitude":54.158149960000003,"GlobalID":"{81765FB1-D177-4B82-BF57-9C886049A710}","NEAR_FID":7859,"NEAR_DIST":3.121071853108591}},{"type":"Feature","id":727,"geometry":{"type":"LineString","coordinates":[[197437.64520000014,1885739.5117000006],[197439.06340000033,1885755.6389000006]]},"properties":{"OBJECTID":727,"Shape_Length":16.18943702171735,"Asset_ID":"DP727","Name":null,"District_ID":"Dahariz al Shamaliyya","Wlyt_ID":"Salalah","Gov_ID":"Dhofar Governorate","Road_ID":"100124","Pipe_Diameter":300,"Pipe_Material":"UPVC","Invert_Level_From_m":0,"Invert_Level_To_m":0,"Slop_Percentage":0,"Latitude":17.03609281,"Longitude":54.157958170000001,"GlobalID":"{711CCE97-3B0F-47F7-80FF-7F64B9445183}","NEAR_FID":7859,"NEAR_DIST":2.8685991698039985}},{"type":"Feature","id":728,"geometry":{"type":"LineString","coordinates":[[197408.49349999987,1885740.7098999992],[197409.36500000022,1885759.0640999991]]},"properties":{"OBJECTID":728,"Shape_Length":18.374878772077512,"Asset_ID":"DP728","Name":null,"District_ID":"Dahariz al Shamaliyya","Wlyt_ID":"Salalah","Gov_ID":"Dhofar Governorate","Road_ID":"100124","Pipe_Diameter":300,"Pipe_Material":"UPVC","Invert_Level_From_m":0,"Invert_Level_To_m":0,"Slop_Percentage":0,"Latitude":17.03610982,"Longitude":54.157681709999999,"GlobalID":"{B2CE1AEB-9E77-4978-B11F-A21C27E5C240}","NEAR_FID":5871,"NEAR_DIST":2.8065428201139002}},{"type":"Feature","id":729,"geometry":{"type":"LineString","coordinates":[[197439.06340000033,1885755.6389000006],[197409.36500000022,1885759.0640999991]]},"properties":{"OBJECTID":729,"Shape_Length":29.895266474754266,"Asset_ID":"DP729","Name":null,"District_ID":"Dahariz al Shamaliyya","Wlyt_ID":"Salalah","Gov_ID":"Dhofar Governorate","Road_ID":"100418","Pipe_Diameter":400,"Pipe_Material":"HDPE","Invert_Level_From_m":0,"Invert_Level_To_m":0,"Slop_Percentage":0,"Latitude":17.036179220000001,"Longitude":54.157824130000002,"GlobalID":"{F3CD5FCD-FE24-4616-B81F-53EEBD18F991}","NEAR_FID":7674,"NEAR_DIST":6.1159836448009273}},{"type":"Feature","id":730,"geometry":{"type":"LineString","coordinates":[[197459.43070000038,1885754.7614999991],[197439.06340000033,1885755.6389000006]]},"properties":{"OBJECTID":730,"Shape_Length":20.38618993471686,"Asset_ID":"DP730","Name":null,"District_ID":"Dahariz al Shamaliyya","Wlyt_ID":"Salalah","Gov_ID":"Dhofar Governorate","Road_ID":"100418","Pipe_Diameter":300,"Pipe_Material":"HDPE","Invert_Level_From_m":0,"Invert_Level_To_m":0,"Slop_Percentage":0,"Latitude":17.036163080000001,"Longitude":54.158059360000003,"GlobalID":"{B26FB39B-34B7-4AC9-9650-BC21979E473B}","NEAR_FID":7674,"NEAR_DIST":8.0604917073370448}},{"type":"Feature","id":731,"geometry":{"type":"LineString","coordinates":[[197409.36500000022,1885759.0640999991],[197384.96520000044,1885760.0445000008]]},"properties":{"OBJECTID":731,"Shape_Length":24.419488614475675,"Asset_ID":"DP731","Name":null,"District_ID":"Dahariz al Shamaliyya","Wlyt_ID":"Salalah","Gov_ID":"Dhofar Governorate","Road_ID":"100418","Pipe_Diameter":400,"Pipe_Material":"HDPE","Invert_Level_From_m":0,"Invert_Level_To_m":0,"Slop_Percentage":0,"Latitude":17.036195549999999,"Longitude":54.157569979999998,"GlobalID":"{E9E19F5F-32EE-427D-85D4-3A9BBF99F475}","NEAR_FID":7674,"NEAR_DIST":6.1159836448009273}},{"type":"Feature","id":732,"geometry":{"type":"LineString","coordinates":[[197383.38580000028,1885741.8535999991],[197384.96520000044,1885760.0445000008]]},"properties":{"OBJECTID":732,"Shape_Length":18.259335892398951,"Asset_ID":"DP732","Name":null,"District_ID":"Dahariz al Shamaliyya","Wlyt_ID":"Salalah","Gov_ID":"Dhofar Governorate","Road_ID":"100124","Pipe_Diameter":300,"Pipe_Material":"UPVC","Invert_Level_From_m":0,"Invert_Level_To_m":0,"Slop_Percentage":0,"Latitude":17.036116159999999,"Longitude":54.157449249999999,"GlobalID":"{A146CDB8-3100-4A05-ADB5-69AFAA78D95E}","NEAR_FID":5871,"NEAR_DIST":2.9934938784549532}},{"type":"Feature","id":733,"geometry":{"type":"LineString","coordinates":[[197358.44139999989,1885743.1063000001],[197359.5307,1885761.1882000007]]},"properties":{"OBJECTID":733,"Shape_Length":18.11468139716871,"Asset_ID":"DP733","Name":null,"District_ID":"Dahariz al Shamaliyya","Wlyt_ID":"Salalah","Gov_ID":"Dhofar Governorate","Road_ID":"100124","Pipe_Diameter":300,"Pipe_Material":"UPVC","Invert_Level_From_m":0,"Invert_Level_To_m":0,"Slop_Percentage":0,"Latitude":17.036123669999998,"Longitude":54.157212690000001,"GlobalID":"{66224F8F-A43B-4BF4-9CA7-425DF7AD6D79}","NEAR_FID":5871,"NEAR_DIST":3.2955831931678929}},{"type":"Feature","id":734,"geometry":{"type":"LineString","coordinates":[[197384.96520000044,1885760.0445000008],[197359.5307,1885761.1882000007]]},"properties":{"OBJECTID":734,"Shape_Length":25.460201098226413,"Asset_ID":"DP734","Name":null,"District_ID":"Dahariz al Shamaliyya","Wlyt_ID":"Salalah","Gov_ID":"Dhofar Governorate","Road_ID":"100418","Pipe_Diameter":400,"Pipe_Material":"HDPE","Invert_Level_From_m":0,"Invert_Level_To_m":0,"Slop_Percentage":0,"Latitude":17.036201869999999,"Longitude":54.15733599,"GlobalID":"{58A4E960-AA10-422F-803D-FF8DE1A8625C}","NEAR_FID":7674,"NEAR_DIST":6.3169223746717282}},{"type":"Feature","id":735,"geometry":{"type":"LineString","coordinates":[[197359.5307,1885761.1882000007],[197336.00239999965,1885760.9703000002]]},"properties":{"OBJECTID":735,"Shape_Length":23.529308985112841,"Asset_ID":"DP735","Name":null,"District_ID":"Dahariz al Shamaliyya","Wlyt_ID":"Salalah","Gov_ID":"Dhofar Governorate","Road_ID":"100418","Pipe_Diameter":400,"Pipe_Material":"HDPE","Invert_Level_From_m":0,"Invert_Level_To_m":0,"Slop_Percentage":0,"Latitude":17.036202830000001,"Longitude":54.15710618,"GlobalID":"{1AC24610-6543-44E9-A94D-DF2DF88965F5}","NEAR_FID":7674,"NEAR_DIST":6.4047995313569697}},{"type":"Feature","id":736,"geometry":{"type":"LineString","coordinates":[[197335.94790000003,1885744.1411000006],[197336.00239999965,1885760.9703000002]]},"properties":{"OBJECTID":736,"Shape_Length":16.829288246254325,"Asset_ID":"DP736","Name":null,"District_ID":"Dahariz al Shamaliyya","Wlyt_ID":"Salalah","Gov_ID":"Dhofar Governorate","Road_ID":"100124","Pipe_Diameter":300,"Pipe_Material":"UPVC","Invert_Level_From_m":0,"Invert_Level_To_m":0,"Slop_Percentage":0,"Latitude":17.03612433,"Longitude":54.156996679999999,"GlobalID":"{25F12D81-B70C-414E-A941-5FD51D80209B}","NEAR_FID":5871,"NEAR_DIST":3.3522634894090224}},{"type":"Feature","id":737,"geometry":{"type":"LineString","coordinates":[[197309.31520000007,1885745.3392999992],[197309.69649999961,1885760.5346000008]]},"properties":{"OBJECTID":737,"Shape_Length":15.200083283647741,"Asset_ID":"DP737","Name":null,"District_ID":"Dahariz al Shamaliyya","Wlyt_ID":"Salalah","Gov_ID":"Dhofar Governorate","Road_ID":"100124","Pipe_Diameter":300,"Pipe_Material":"UPVC","Invert_Level_From_m":0,"Invert_Level_To_m":0,"Slop_Percentage":0,"Latitude":17.036124300000001,"Longitude":54.156748219999997,"GlobalID":"{8BB8DFE8-D36D-4B0B-B510-E975706DE1CE}","NEAR_FID":5871,"NEAR_DIST":3.3216122383316815}},{"type":"Feature","id":738,"geometry":{"type":"LineString","coordinates":[[197336.00239999965,1885760.9703000002],[197309.69649999961,1885760.5346000008]]},"properties":{"OBJECTID":738,"Shape_Length":26.309507963876861,"Asset_ID":"DP738","Name":null,"District_ID":"Dahariz al Shamaliyya","Wlyt_ID":"Salalah","Gov_ID":"Dhofar Governorate","Road_ID":"100418","Pipe_Diameter":400,"Pipe_Material":"HDPE","Invert_Level_From_m":0,"Invert_Level_To_m":0,"Slop_Percentage":0,"Latitude":17.036196610000001,"Longitude":54.156872380000003,"GlobalID":"{B7980C2D-B0FD-47A3-AF97-A9E81A21F82A}","NEAR_FID":7674,"NEAR_DIST":7.7604822148982979}},{"type":"Feature","id":739,"geometry":{"type":"LineString","coordinates":[[197309.69649999961,1885760.5346000008],[197284.80659999978,1885761.6239]]},"properties":{"OBJECTID":739,"Shape_Length":24.913725062502682,"Asset_ID":"DP739","Name":null,"District_ID":"Dahariz al Shamaliyya","Wlyt_ID":"Salalah","Gov_ID":"Dhofar Governorate","Road_ID":"100418","Pipe_Diameter":400,"Pipe_Material":"HDPE","Invert_Level_From_m":0,"Invert_Level_To_m":0,"Slop_Percentage":0,"Latitude":17.036196199999999,"Longitude":54.156632100000003,"GlobalID":"{8513114A-7D6F-4BE5-8E4A-7EA664FC5947}","NEAR_FID":12986,"NEAR_DIST":5.8576673677075863}},{"type":"Feature","id":740,"geometry":{"type":"LineString","coordinates":[[197284.15299999993,1885746.4286000002],[197284.80659999978,1885761.6239]]},"properties":{"OBJECTID":740,"Shape_Length":15.209350250532298,"Asset_ID":"DP740","Name":null,"District_ID":"Dahariz al Shamaliyya","Wlyt_ID":"Salalah","Gov_ID":"Dhofar Governorate","Road_ID":"100124","Pipe_Diameter":300,"Pipe_Material":"UPVC","Invert_Level_From_m":0,"Invert_Level_To_m":0,"Slop_Percentage":0,"Latitude":17.036130839999998,"Longitude":54.156513199999999,"GlobalID":"{D740CBF7-20E9-4906-9B24-C772DD8333B0}","NEAR_FID":5871,"NEAR_DIST":3.2499563078572367}},{"type":"Feature","id":741,"geometry":{"type":"LineString","coordinates":[[197259.41849999968,1885747.5609000009],[197259.58990000002,1885762.8765999991]]},"properties":{"OBJECTID":741,"Shape_Length":15.31665904816443,"Asset_ID":"DP741","Name":null,"District_ID":"Dahariz al Shamaliyya","Wlyt_ID":"Salalah","Gov_ID":"Dhofar Governorate","Road_ID":"100418","Pipe_Diameter":400,"Pipe_Material":"HDPE","Invert_Level_From_m":0,"Invert_Level_To_m":0,"Slop_Percentage":0,"Latitude":17.03613833,"Longitude":54.156278649999997,"GlobalID":"{63AD6659-6AA5-42F0-AD6F-80834313FEE2}","NEAR_FID":12986,"NEAR_DIST":1.9428814730508805}},{"type":"Feature","id":742,"geometry":{"type":"LineString","coordinates":[[197284.80659999978,1885761.6239],[197259.58990000002,1885762.8765999991]]},"properties":{"OBJECTID":742,"Shape_Length":25.24779626354729,"Asset_ID":"DP742","Name":null,"District_ID":"Dahariz al Shamaliyya","Wlyt_ID":"Salalah","Gov_ID":"Dhofar Governorate","Road_ID":"100418","Pipe_Diameter":400,"Pipe_Material":"HDPE","Invert_Level_From_m":0,"Invert_Level_To_m":0,"Slop_Percentage":0,"Latitude":17.036203480000001,"Longitude":54.156396819999998,"GlobalID":"{3C0B37BA-A1FE-4207-8DEA-7AC14E70D871}","NEAR_FID":12986,"NEAR_DIST":1.9428814730508805}},{"type":"Feature","id":743,"geometry":{"type":"LineString","coordinates":[[197233.01159999985,1885749.0427999999],[197259.41849999968,1885747.5609000009]]},"properties":{"OBJECTID":743,"Shape_Length":26.448447878999449,"Asset_ID":"DP743","Name":null,"District_ID":"Dahariz al Shamaliyya","Wlyt_ID":"Salalah","Gov_ID":"Dhofar Governorate","Road_ID":"100418","Pipe_Diameter":200,"Pipe_Material":"UPVC","Invert_Level_From_m":0,"Invert_Level_To_m":0,"Slop_Percentage":0,"Latitude":17.036074129999999,"Longitude":54.156154870000002,"GlobalID":"{FF99CB5C-0BE9-41A3-B835-5E170318F326}","NEAR_FID":15861,"NEAR_DIST":0}},{"type":"Feature","id":744,"geometry":{"type":"LineString","coordinates":[[197259.58990000002,1885762.8765999991],[197234.97229999956,1885767.0157999992]]},"properties":{"OBJECTID":744,"Shape_Length":24.963156980309638,"Asset_ID":"DP744","Name":null,"District_ID":"Dahariz al Shamaliyya","Wlyt_ID":"Salalah","Gov_ID":"Dhofar Governorate","Road_ID":"100418","Pipe_Diameter":400,"Pipe_Material":"HDPE","Invert_Level_From_m":0,"Invert_Level_To_m":0,"Slop_Percentage":0,"Latitude":17.03622455,"Longitude":54.156162610000003,"GlobalID":"{6F9DCC2C-AD16-47E5-8085-09EA32C93D3E}","NEAR_FID":12986,"NEAR_DIST":0}},{"type":"Feature","id":745,"geometry":{"type":"LineString","coordinates":[[197234.97229999956,1885767.0157999992],[197210.02799999993,1885768.2139999997]]},"properties":{"OBJECTID":745,"Shape_Length":24.973061200268276,"Asset_ID":"DP745","Name":null,"District_ID":"Dahariz al Shamaliyya","Wlyt_ID":"Salalah","Gov_ID":"Dhofar Governorate","Road_ID":"100418","Pipe_Diameter":400,"Pipe_Material":"HDPE","Invert_Level_From_m":0,"Invert_Level_To_m":0,"Slop_Percentage":0,"Latitude":17.03624538,"Longitude":54.15592968,"GlobalID":"{5996E032-8F31-4E93-8359-3F73DAD8FD00}","NEAR_FID":9785,"NEAR_DIST":6.4695008693880167}},{"type":"Feature","id":746,"geometry":{"type":"LineString","coordinates":[[197206.76009999961,1885752.7463000007],[197210.02799999993,1885768.2139999997]]},"properties":{"OBJECTID":746,"Shape_Length":15.809140193915635,"Asset_ID":"DP746","Name":null,"District_ID":"Dahariz al Shamaliyya","Wlyt_ID":"Salalah","Gov_ID":"Dhofar Governorate","Road_ID":"100418","Pipe_Diameter":300,"Pipe_Material":"UPVC","Invert_Level_From_m":0,"Invert_Level_To_m":0,"Slop_Percentage":0,"Latitude":17.036179109999999,"Longitude":54.155798269999998,"GlobalID":"{89BD3F5E-0173-4021-AE41-21F8DEDE51E1}","NEAR_FID":10701,"NEAR_DIST":2.5044752953449625}},{"type":"Feature","id":747,"geometry":{"type":"LineString","coordinates":[[197183.99430000037,1885751.1124000009],[197185.08359999955,1885769.3033000007]]},"properties":{"OBJECTID":747,"Shape_Length":18.22348532228062,"Asset_ID":"DP747","Name":null,"District_ID":"Dahariz al Shamaliyya","Wlyt_ID":"Salalah","Gov_ID":"Dhofar Governorate","Road_ID":"100124","Pipe_Diameter":300,"Pipe_Material":"UPVC","Invert_Level_From_m":0,"Invert_Level_To_m":0,"Slop_Percentage":0,"Latitude":17.036173519999998,"Longitude":54.155574430000001,"GlobalID":"{19651F85-37BA-4083-B043-A6F32E255D74}","NEAR_FID":16209,"NEAR_DIST":3.1487914978395422}},{"type":"Feature","id":748,"geometry":{"type":"LineString","coordinates":[[197210.02799999993,1885768.2139999997],[197185.08359999955,1885769.3033000007]]},"properties":{"OBJECTID":748,"Shape_Length":24.968173058346103,"Asset_ID":"DP748","Name":null,"District_ID":"Dahariz al Shamaliyya","Wlyt_ID":"Salalah","Gov_ID":"Dhofar Governorate","Road_ID":"100418","Pipe_Diameter":400,"Pipe_Material":"HDPE","Invert_Level_From_m":0,"Invert_Level_To_m":0,"Slop_Percentage":0,"Latitude":17.036252430000001,"Longitude":54.155695420000001,"GlobalID":"{9186D635-6455-4957-B070-33F8C07AEE00}","NEAR_FID":9785,"NEAR_DIST":6.3432290059440168}},{"type":"Feature","id":749,"geometry":{"type":"LineString","coordinates":[[197158.50530000031,1885752.2017000001],[197159.92140000034,1885770.5014999993]]},"properties":{"OBJECTID":749,"Shape_Length":18.354509506429746,"Asset_ID":"DP749","Name":null,"District_ID":"Dahariz al Shamaliyya","Wlyt_ID":"Salalah","Gov_ID":"Dhofar Governorate","Road_ID":"100124","Pipe_Diameter":300,"Pipe_Material":"UPVC","Invert_Level_From_m":0,"Invert_Level_To_m":0,"Slop_Percentage":0,"Latitude":17.036180519999998,"Longitude":54.155336599999998,"GlobalID":"{B72FB330-830D-4BEB-B6C8-A12933B9A8D2}","NEAR_FID":16209,"NEAR_DIST":2.9395776701643781}},{"type":"Feature","id":750,"geometry":{"type":"LineString","coordinates":[[197185.08359999955,1885769.3033000007],[197159.92140000034,1885770.5014999993]]},"properties":{"OBJECTID":750,"Shape_Length":25.190712416218908,"Asset_ID":"DP750","Name":null,"District_ID":"Dahariz al Shamaliyya","Wlyt_ID":"Salalah","Gov_ID":"Dhofar Governorate","Road_ID":"100418","Pipe_Diameter":400,"Pipe_Material":"HDPE","Invert_Level_From_m":0,"Invert_Level_To_m":0,"Slop_Percentage":0,"Latitude":17.03625946,"Longitude":54.155460140000002,"GlobalID":"{1574D503-5F0D-4E63-A985-554AAEB01B2E}","NEAR_FID":9785,"NEAR_DIST":6.1165397192225521}},{"type":"Feature","id":751,"geometry":{"type":"LineString","coordinates":[[197133.6699000001,1885753.182],[197135.30379999988,1885771.4817999993]]},"properties":{"OBJECTID":751,"Shape_Length":18.372596692379126,"Asset_ID":"DP751","Name":null,"District_ID":"Dahariz al Shamaliyya","Wlyt_ID":"Salalah","Gov_ID":"Dhofar Governorate","Road_ID":"100124","Pipe_Diameter":300,"Pipe_Material":"UPVC","Invert_Level_From_m":0,"Invert_Level_To_m":0,"Slop_Percentage":0,"Latitude":17.03618612,"Longitude":54.15510441,"GlobalID":"{7D5F1EC3-D3EE-4B1F-93F9-8DB4FE00EE07}","NEAR_FID":16209,"NEAR_DIST":2.7126396046994663}},{"type":"Feature","id":752,"geometry":{"type":"LineString","coordinates":[[197159.92140000034,1885770.5014999993],[197135.30379999988,1885771.4817999993]]},"properties":{"OBJECTID":752,"Shape_Length":24.637110582872623,"Asset_ID":"DP752","Name":null,"District_ID":"Dahariz al Shamaliyya","Wlyt_ID":"Salalah","Gov_ID":"Dhofar Governorate","Road_ID":"100418","Pipe_Diameter":400,"Pipe_Material":"HDPE","Invert_Level_From_m":0,"Invert_Level_To_m":0,"Slop_Percentage":0,"Latitude":17.03626603,"Longitude":54.155226409999997,"GlobalID":"{8F569206-2767-4248-BD60-18C8CD7D0963}","NEAR_FID":9785,"NEAR_DIST":6.0865805895567933}},{"type":"Feature","id":753,"geometry":{"type":"LineString","coordinates":[[197135.30379999988,1885771.4817999993],[197109.81479999982,1885770.7193]]},"properties":{"OBJECTID":753,"Shape_Length":25.500402491958873,"Asset_ID":"DP753","Name":null,"District_ID":"Dahariz al Shamaliyya","Wlyt_ID":"Salalah","Gov_ID":"Dhofar Governorate","Road_ID":"100418","Pipe_Diameter":400,"Pipe_Material":"HDPE","Invert_Level_From_m":0,"Invert_Level_To_m":0,"Slop_Percentage":0,"Latitude":17.036263720000001,"Longitude":54.154991269999996,"GlobalID":"{2B82D78B-46E6-4748-AB20-ACF85DD07993}","NEAR_FID":9785,"NEAR_DIST":6.0865805895567933}},{"type":"Feature","id":754,"geometry":{"type":"LineString","coordinates":[[197108.83449999988,1885754.3802000005],[197109.81479999982,1885770.7193]]},"properties":{"OBJECTID":754,"Shape_Length":16.368481202729235,"Asset_ID":"DP754","Name":null,"District_ID":"Dahariz al Shamaliyya","Wlyt_ID":"Salalah","Gov_ID":"Dhofar Governorate","Road_ID":"100124","Pipe_Diameter":300,"Pipe_Material":"UPVC","Invert_Level_From_m":0,"Invert_Level_To_m":0,"Slop_Percentage":0,"Latitude":17.036184779999999,"Longitude":54.154868229999998,"GlobalID":"{C46D9F28-F9FD-4201-8F37-42A95CD31488}","NEAR_FID":16209,"NEAR_DIST":2.7260619323608015}},{"type":"Feature","id":755,"geometry":{"type":"LineString","coordinates":[[197083.89010000043,1885755.7962999996],[197085.30620000046,1885772.0264999997]]},"properties":{"OBJECTID":755,"Shape_Length":16.291860889829966,"Asset_ID":"DP755","Name":null,"District_ID":"Dahariz al Shamaliyya","Wlyt_ID":"Salalah","Gov_ID":"Dhofar Governorate","Road_ID":"100124","Pipe_Diameter":300,"Pipe_Material":"UPVC","Invert_Level_From_m":0,"Invert_Level_To_m":0,"Slop_Percentage":0,"Latitude":17.036193820000001,"Longitude":54.154635990000003,"GlobalID":"{4A8D5CA4-6A87-4FB6-94F5-2BF50AFD8815}","NEAR_FID":16209,"NEAR_DIST":2.951942847459315}},{"type":"Feature","id":756,"geometry":{"type":"LineString","coordinates":[[197058.45559999999,1885756.9945],[197059.8172000004,1885773.1157000009]]},"properties":{"OBJECTID":756,"Shape_Length":16.178598333263675,"Asset_ID":"DP756","Name":null,"District_ID":"Dahariz al Shamaliyya","Wlyt_ID":"Salalah","Gov_ID":"Dhofar Governorate","Road_ID":"100124","Pipe_Diameter":300,"Pipe_Material":"UPVC","Invert_Level_From_m":0,"Invert_Level_To_m":0,"Slop_Percentage":0,"Latitude":17.0362008,"Longitude":54.15439688,"GlobalID":"{05EA3574-4C8F-4920-8267-55010DAFF504}","NEAR_FID":16209,"NEAR_DIST":2.9368178237029126}},{"type":"Feature","id":757,"geometry":{"type":"LineString","coordinates":[[197109.81479999982,1885770.7193],[197085.30620000046,1885772.0264999997]]},"properties":{"OBJECTID":757,"Shape_Length":24.543435899805367,"Asset_ID":"DP757","Name":null,"District_ID":"Dahariz al Shamaliyya","Wlyt_ID":"Salalah","Gov_ID":"Dhofar Governorate","Road_ID":"100418","Pipe_Diameter":400,"Pipe_Material":"HDPE","Invert_Level_From_m":0,"Invert_Level_To_m":0,"Slop_Percentage":0,"Latitude":17.03626289,"Longitude":54.154756620000001,"GlobalID":"{1A35BDC3-E263-49AD-93B0-DB4EEEAE0A63}","NEAR_FID":9785,"NEAR_DIST":7.4709177015723158}},{"type":"Feature","id":758,"geometry":{"type":"LineString","coordinates":[[197085.30620000046,1885772.0264999997],[197059.8172000004,1885773.1157000009]]},"properties":{"OBJECTID":758,"Shape_Length":25.512261319719865,"Asset_ID":"DP758","Name":null,"District_ID":"Dahariz al Shamaliyya","Wlyt_ID":"Salalah","Gov_ID":"Dhofar Governorate","Road_ID":"100418","Pipe_Diameter":500,"Pipe_Material":"HDPE","Invert_Level_From_m":0,"Invert_Level_To_m":0,"Slop_Percentage":0,"Latitude":17.036270420000001,"Longitude":54.154521850000002,"GlobalID":"{5BDF7EE8-843A-4E9C-BA57-27DBEBB66E0D}","NEAR_FID":9785,"NEAR_DIST":7.4542541574256518}},{"type":"Feature","id":759,"geometry":{"type":"LineString","coordinates":[[197059.8172000004,1885773.1157000009],[197035.30860000011,1885774.3138999995]]},"properties":{"OBJECTID":759,"Shape_Length":24.537871896538437,"Asset_ID":"DP759","Name":null,"District_ID":"Dahariz al Shamaliyya","Wlyt_ID":"Salalah","Gov_ID":"Dhofar Governorate","Road_ID":"100418","Pipe_Diameter":500,"Pipe_Material":"HDPE","Invert_Level_From_m":0,"Invert_Level_To_m":0,"Slop_Percentage":0,"Latitude":17.036277460000001,"Longitude":54.154287080000003,"GlobalID":"{60B93C7B-3BB5-4FCA-9F5C-9ACC92462C17}","NEAR_FID":9785,"NEAR_DIST":7.7709332784347964}},{"type":"Feature","id":760,"geometry":{"type":"LineString","coordinates":[[197034.27369999979,1885757.9748],[197058.45559999999,1885756.9945]]},"properties":{"OBJECTID":760,"Shape_Length":24.201761830691883,"Asset_ID":"DP760","Name":null,"District_ID":"Dahariz al Shamaliyya","Wlyt_ID":"Salalah","Gov_ID":"Dhofar Governorate","Road_ID":"100124","Pipe_Diameter":200,"Pipe_Material":"UPVC","Invert_Level_From_m":0,"Invert_Level_To_m":0,"Slop_Percentage":0,"Latitude":17.03613077,"Longitude":54.154278060000003,"GlobalID":"{33264270-7ADA-4610-AAA2-55B2666CF95E}","NEAR_FID":16209,"NEAR_DIST":2.7637272016671681}},{"type":"Feature","id":761,"geometry":{"type":"LineString","coordinates":[[197035.30860000011,1885774.3138999995],[197009.92850000039,1885775.2942999993]]},"properties":{"OBJECTID":761,"Shape_Length":25.399028724643163,"Asset_ID":"DP761","Name":null,"District_ID":"Dahariz al Shamaliyya","Wlyt_ID":"Salalah","Gov_ID":"Dhofar Governorate","Road_ID":"100418","Pipe_Diameter":500,"Pipe_Material":"HDPE","Invert_Level_From_m":0,"Invert_Level_To_m":0,"Slop_Percentage":0,"Latitude":17.036284009999999,"Longitude":54.154052839999999,"GlobalID":"{925B25B3-5528-40D7-BCEF-39300EFCB623}","NEAR_FID":9785,"NEAR_DIST":7.9833121597550303}},{"type":"Feature","id":762,"geometry":{"type":"LineString","coordinates":[[197008.45799999963,1885759.1730000004],[197009.92850000039,1885775.2942999993]]},"properties":{"OBJECTID":762,"Shape_Length":16.188226706611253,"Asset_ID":"DP762","Name":null,"District_ID":"Dahariz al Shamaliyya","Wlyt_ID":"Salalah","Gov_ID":"Dhofar Governorate","Road_ID":"100124","Pipe_Diameter":300,"Pipe_Material":"UPVC","Invert_Level_From_m":0,"Invert_Level_To_m":0,"Slop_Percentage":0,"Latitude":17.0362139,"Longitude":54.153927879999998,"GlobalID":"{A2B3D15E-B20D-4C96-9488-DAC01E0FA15E}","NEAR_FID":16209,"NEAR_DIST":2.7304378476469839}},{"type":"Feature","id":763,"geometry":{"type":"LineString","coordinates":[[196983.94930000044,1885760.2622999996],[196985.31089999992,1885776.3836000003]]},"properties":{"OBJECTID":763,"Shape_Length":16.178697978238823,"Asset_ID":"DP763","Name":null,"District_ID":"Dahariz al Shamaliyya","Wlyt_ID":"Salalah","Gov_ID":"Dhofar Governorate","Road_ID":"100124","Pipe_Diameter":300,"Pipe_Material":"UPVC","Invert_Level_From_m":0,"Invert_Level_To_m":0,"Slop_Percentage":0,"Latitude":17.03622051,"Longitude":54.153697209999997,"GlobalID":"{E8254606-C9DD-4325-9724-58D4CA4C0B73}","NEAR_FID":17083,"NEAR_DIST":2.6506757455362115}},{"type":"Feature","id":764,"geometry":{"type":"LineString","coordinates":[[197009.92850000039,1885775.2942999993],[196985.31089999992,1885776.3836000003]]},"properties":{"OBJECTID":764,"Shape_Length":24.641688340596367,"Asset_ID":"DP764","Name":null,"District_ID":"Dahariz al Shamaliyya","Wlyt_ID":"Salalah","Gov_ID":"Dhofar Governorate","Road_ID":"100418","Pipe_Diameter":500,"Pipe_Material":"HDPE","Invert_Level_From_m":0,"Invert_Level_To_m":0,"Slop_Percentage":0,"Latitude":17.03629007,"Longitude":54.153818090000001,"GlobalID":"{F4875E99-42B0-46E5-BAA6-46C5472B9B6F}","NEAR_FID":9785,"NEAR_DIST":8.463219292875598}},{"type":"Feature","id":765,"geometry":{"type":"LineString","coordinates":[[196985.31089999992,1885776.3836000003],[196967.82809999958,1885777.2550000008],[196960.09420000017,1885779.6513999999]]},"properties":{"OBJECTID":765,"Shape_Length":25.601165652265252,"Asset_ID":"DP765","Name":null,"District_ID":"Dahariz al Shamaliyya","Wlyt_ID":"Salalah","Gov_ID":"Dhofar Governorate","Road_ID":"100418","Pipe_Diameter":300,"Pipe_Material":"HDPE","Invert_Level_From_m":0,"Invert_Level_To_m":0,"Slop_Percentage":0,"Latitude":17.036297399999999,"Longitude":54.153583609999998,"GlobalID":"{6C4DA2E9-F176-4561-87CA-9FC98AC3789A}","NEAR_FID":9785,"NEAR_DIST":6.9774797466789318}},{"type":"Feature","id":766,"geometry":{"type":"LineString","coordinates":[[196958.2424999997,1885761.5693999995],[196960.09420000017,1885779.6513999999]]},"properties":{"OBJECTID":766,"Shape_Length":18.17656504695735,"Asset_ID":"DP766","Name":null,"District_ID":"Dahariz al Shamaliyya","Wlyt_ID":"Salalah","Gov_ID":"Dhofar Governorate","Road_ID":"100124","Pipe_Diameter":300,"Pipe_Material":"UPVC","Invert_Level_From_m":0,"Invert_Level_To_m":0,"Slop_Percentage":0,"Latitude":17.036237809999999,"Longitude":54.153457940000003,"GlobalID":"{BB19E0DB-796D-4B02-B12A-DA39075141F5}","NEAR_FID":17083,"NEAR_DIST":2.8178941418334915}},{"type":"Feature","id":767,"geometry":{"type":"LineString","coordinates":[[196960.09420000017,1885779.6513999999],[196935.14989999961,1885780.7407000009]]},"properties":{"OBJECTID":767,"Shape_Length":24.968073153729641,"Asset_ID":"DP767","Name":null,"District_ID":"Dahariz al Shamaliyya","Wlyt_ID":"Salalah","Gov_ID":"Dhofar Governorate","Road_ID":"100418","Pipe_Diameter":500,"Pipe_Material":"HDPE","Invert_Level_From_m":0,"Invert_Level_To_m":0,"Slop_Percentage":0,"Latitude":17.03632283,"Longitude":54.153348270000002,"GlobalID":"{1DDF2CF7-1260-4550-8318-BC9801432D7D}","NEAR_FID":9785,"NEAR_DIST":6.8833820058507769}},{"type":"Feature","id":768,"geometry":{"type":"LineString","coordinates":[[196934.16949999984,1885762.6587000005],[196935.14989999961,1885780.7407000009]]},"properties":{"OBJECTID":768,"Shape_Length":18.108558975636193,"Asset_ID":"DP768","Name":null,"District_ID":"Dahariz al Shamaliyya","Wlyt_ID":"Salalah","Gov_ID":"Dhofar Governorate","Road_ID":"100124","Pipe_Diameter":300,"Pipe_Material":"UPVC","Invert_Level_From_m":0,"Invert_Level_To_m":0,"Slop_Percentage":0,"Latitude":17.036244419999999,"Longitude":54.153227780000002,"GlobalID":"{FACE14EE-8C00-4AF7-8854-47C3C8E51157}","NEAR_FID":17083,"NEAR_DIST":2.8909906580302254}},{"type":"Feature","id":769,"geometry":{"type":"LineString","coordinates":[[196909.22520000022,1885763.9658000004],[196910.20550000016,1885781.8299000002]]},"properties":{"OBJECTID":769,"Shape_Length":17.89097696873867,"Asset_ID":"DP769","Name":null,"District_ID":"Dahariz al Shamaliyya","Wlyt_ID":"Salalah","Gov_ID":"Dhofar Governorate","Road_ID":"100124","Pipe_Diameter":300,"Pipe_Material":"UPVC","Invert_Level_From_m":0,"Invert_Level_To_m":0,"Slop_Percentage":0,"Latitude":17.036251960000001,"Longitude":54.152993520000003,"GlobalID":"{D97FA5A8-6B34-475B-AF57-55F1C152E5A3}","NEAR_FID":17083,"NEAR_DIST":3.1449479301876626}},{"type":"Feature","id":770,"geometry":{"type":"LineString","coordinates":[[196935.14989999961,1885780.7407000009],[196910.20550000016,1885781.8299000002]]},"properties":{"OBJECTID":770,"Shape_Length":24.968168694787565,"Asset_ID":"DP770","Name":null,"District_ID":"Dahariz al Shamaliyya","Wlyt_ID":"Salalah","Gov_ID":"Dhofar Governorate","Road_ID":"100418","Pipe_Diameter":500,"Pipe_Material":"HDPE","Invert_Level_From_m":0,"Invert_Level_To_m":0,"Slop_Percentage":0,"Latitude":17.036329380000002,"Longitude":54.153114019999997,"GlobalID":"{323C1AB9-7DFA-4A09-9815-1D1604789C50}","NEAR_FID":9785,"NEAR_DIST":6.7304083919063737}},{"type":"Feature","id":771,"geometry":{"type":"LineString","coordinates":[[196910.20550000016,1885781.8299000002],[196885.2611999996,1885782.9191999994]]},"properties":{"OBJECTID":771,"Shape_Length":24.968073153648376,"Asset_ID":"DP771","Name":null,"District_ID":"Dahariz al Shamaliyya","Wlyt_ID":"Salalah","Gov_ID":"Dhofar Governorate","Road_ID":"100418","Pipe_Diameter":300,"Pipe_Material":"HDPE","Invert_Level_From_m":0,"Invert_Level_To_m":0,"Slop_Percentage":0,"Latitude":17.036335940000001,"Longitude":54.152879779999999,"GlobalID":"{DBE1CAD3-547D-4379-8F2E-E383FDF1DFEF}","NEAR_FID":9785,"NEAR_DIST":6.5773310981856943}},{"type":"Feature","id":772,"geometry":{"type":"LineString","coordinates":[[196884.60759999976,1885766.5800999999],[196885.2611999996,1885782.9191999994]]},"properties":{"OBJECTID":772,"Shape_Length":16.352167494066972,"Asset_ID":"DP772","Name":null,"District_ID":"Dahariz al Shamaliyya","Wlyt_ID":"Salalah","Gov_ID":"Dhofar Governorate","Road_ID":"100418","Pipe_Diameter":300,"Pipe_Material":"UPVC","Invert_Level_From_m":0,"Invert_Level_To_m":0,"Slop_Percentage":0,"Latitude":17.036265409999999,"Longitude":54.152760700000002,"GlobalID":"{CF9207D5-AF93-4649-B225-7D3C4D5F257F}","NEAR_FID":10721,"NEAR_DIST":2.1183014905663962}},{"type":"Feature","id":773,"geometry":{"type":"LineString","coordinates":[[196885.2611999996,1885782.9191999994],[196860.2078999998,1885784.1173999999]]},"properties":{"OBJECTID":773,"Shape_Length":25.081936211561686,"Asset_ID":"DP773","Name":null,"District_ID":"Dahariz al Shamaliyya","Wlyt_ID":"Salalah","Gov_ID":"Dhofar Governorate","Road_ID":"100418","Pipe_Diameter":500,"Pipe_Material":"HDPE","Invert_Level_From_m":0,"Invert_Level_To_m":0,"Slop_Percentage":0,"Latitude":17.036342980000001,"Longitude":54.152645010000001,"GlobalID":"{1648E9E7-5821-424E-8285-97B546B9F007}","NEAR_FID":9785,"NEAR_DIST":6.3195181054306193}},{"type":"Feature","id":774,"geometry":{"type":"LineString","coordinates":[[196859.1185999997,1885766.0354999993],[196832.1046000002,1885767.0702999998]]},"properties":{"OBJECTID":774,"Shape_Length":27.033812291536709,"Asset_ID":"DP774","Name":null,"District_ID":"Dahariz al Shamaliyya","Wlyt_ID":"Salalah","Gov_ID":"Dhofar Governorate","Road_ID":"100124","Pipe_Diameter":200,"Pipe_Material":"UPVC","Invert_Level_From_m":0,"Invert_Level_To_m":0,"Slop_Percentage":0,"Latitude":17.036186239999999,"Longitude":54.15239279,"GlobalID":"{C221F7C0-EE99-4C30-ABCF-993C8951641E}","NEAR_FID":18804,"NEAR_DIST":2.8095397579131589}},{"type":"Feature","id":775,"geometry":{"type":"LineString","coordinates":[[196832.1046000002,1885767.0702999998],[196835.41770000011,1885781.0579000004]]},"properties":{"OBJECTID":775,"Shape_Length":14.374616008280302,"Asset_ID":"DP775","Name":null,"District_ID":"Dahariz al Shamaliyya","Wlyt_ID":"Salalah","Gov_ID":"Dhofar Governorate","Road_ID":"100124","Pipe_Diameter":300,"Pipe_Material":"UPVC","Invert_Level_From_m":0,"Invert_Level_To_m":0,"Slop_Percentage":0,"Latitude":17.036252489999999,"Longitude":54.15228054,"GlobalID":"{79A7BBC8-AA97-41EB-A915-5C398A91249C}","NEAR_FID":18804,"NEAR_DIST":2.8095397579131589}},{"type":"Feature","id":776,"geometry":{"type":"LineString","coordinates":[[197368.19039999973,1885809.3884999994],[197367.10120000038,1885792.5047999993]]},"properties":{"OBJECTID":776,"Shape_Length":16.918796716454285,"Asset_ID":"DP776","Name":null,"District_ID":"al Sada al Janubiyya","Wlyt_ID":"Salalah","Gov_ID":"Dhofar Governorate","Road_ID":"100418","Pipe_Diameter":300,"Pipe_Material":"UPVC","Invert_Level_From_m":0,"Invert_Level_To_m":0,"Slop_Percentage":0,"Latitude":17.036565379999999,"Longitude":54.1572873,"GlobalID":"{4DA384C4-6A0D-4756-B0ED-FDEFA266B02F}","NEAR_FID":18795,"NEAR_DIST":1.9283672096312319}},{"type":"Feature","id":777,"geometry":{"type":"LineString","coordinates":[[197386.05449999962,1885791.5244999994],[197367.10120000038,1885792.5047999993]]},"properties":{"OBJECTID":777,"Shape_Length":18.978634538632036,"Asset_ID":"DP777","Name":null,"District_ID":"al Sada al Janubiyya","Wlyt_ID":"Salalah","Gov_ID":"Dhofar Governorate","Road_ID":"100418","Pipe_Diameter":400,"Pipe_Material":"HDPE","Invert_Level_From_m":0,"Invert_Level_To_m":0,"Slop_Percentage":0,"Latitude":17.03648591,"Longitude":54.157372340000002,"GlobalID":"{8019AEEE-28D0-467C-ACB9-9A4742A03D71}","NEAR_FID":18795,"NEAR_DIST":1.9283672096312319}},{"type":"Feature","id":778,"geometry":{"type":"LineString","coordinates":[[197367.10120000038,1885792.5047999993],[197336.0569000002,1885790.9798000008]]},"properties":{"OBJECTID":778,"Shape_Length":31.081733984718984,"Asset_ID":"DP778","Name":null,"District_ID":"al Sada al Janubiyya","Wlyt_ID":"Salalah","Gov_ID":"Dhofar Governorate","Road_ID":"100418","Pipe_Diameter":400,"Pipe_Material":"HDPE","Invert_Level_From_m":0,"Invert_Level_To_m":0,"Slop_Percentage":0,"Latitude":17.036480170000001,"Longitude":54.157137769999999,"GlobalID":"{88DC5D46-7960-409C-8327-4CA1AE3A9D61}","NEAR_FID":18795,"NEAR_DIST":0}},{"type":"Feature","id":779,"geometry":{"type":"LineString","coordinates":[[197336.0569000002,1885790.9798000008],[197311.33040000033,1885792.0691]]},"properties":{"OBJECTID":779,"Shape_Length":24.750482353520795,"Asset_ID":"DP779","Name":null,"District_ID":"al Sada al Janubiyya","Wlyt_ID":"Salalah","Gov_ID":"Dhofar Governorate","Road_ID":"100418","Pipe_Diameter":400,"Pipe_Material":"HDPE","Invert_Level_From_m":0,"Invert_Level_To_m":0,"Slop_Percentage":0,"Latitude":17.03647454,"Longitude":54.156876099999998,"GlobalID":"{6493B00A-A963-4E17-8584-E588702194D0}","NEAR_FID":9025,"NEAR_DIST":5.5221855909048072}},{"type":"Feature","id":780,"geometry":{"type":"LineString","coordinates":[[197337.79970000032,1885810.6956999991],[197336.0569000002,1885790.9798000008]]},"properties":{"OBJECTID":780,"Shape_Length":19.792778091623966,"Asset_ID":"DP780","Name":null,"District_ID":"al Sada al Janubiyya","Wlyt_ID":"Salalah","Gov_ID":"Dhofar Governorate","Road_ID":"100352","Pipe_Diameter":300,"Pipe_Material":"UPVC","Invert_Level_From_m":0,"Invert_Level_To_m":0,"Slop_Percentage":0,"Latitude":17.036560359999999,"Longitude":54.156999030000001,"GlobalID":"{EA7DCC4F-0884-482B-AA30-A4503DC5ACD8}","NEAR_FID":4799,"NEAR_DIST":3.3449117711779475}},{"type":"Feature","id":781,"geometry":{"type":"LineString","coordinates":[[197312.52859999985,1885811.2402999997],[197311.33040000033,1885792.0691]]},"properties":{"OBJECTID":781,"Shape_Length":19.208607254802416,"Asset_ID":"DP781","Name":null,"District_ID":"al Sada al Janubiyya","Wlyt_ID":"Salalah","Gov_ID":"Dhofar Governorate","Road_ID":"100352","Pipe_Diameter":300,"Pipe_Material":"UPVC","Invert_Level_From_m":0,"Invert_Level_To_m":0,"Slop_Percentage":0,"Latitude":17.036564460000001,"Longitude":54.15676431,"GlobalID":"{B70BC589-B8C1-479F-9000-993C50843FD2}","NEAR_FID":4799,"NEAR_DIST":3.7827496122921405}},{"type":"Feature","id":782,"geometry":{"type":"LineString","coordinates":[[197287.36639999971,1885812.9831000008],[197286.16820000019,1885796.0994000006]]},"properties":{"OBJECTID":782,"Shape_Length":16.926163443999133,"Asset_ID":"DP782","Name":null,"District_ID":"al Sada al Janubiyya","Wlyt_ID":"Salalah","Gov_ID":"Dhofar Governorate","Road_ID":"100352","Pipe_Diameter":300,"Pipe_Material":"UPVC","Invert_Level_From_m":0,"Invert_Level_To_m":0,"Slop_Percentage":0,"Latitude":17.03658721,"Longitude":54.156527769999997,"GlobalID":"{36E3BFE0-0276-43CB-BD99-0B96113A819E}","NEAR_FID":18679,"NEAR_DIST":3.171918277504473}},{"type":"Feature","id":783,"geometry":{"type":"LineString","coordinates":[[197311.33040000033,1885792.0691],[197286.16820000019,1885796.0994000006]]},"properties":{"OBJECTID":783,"Shape_Length":25.482928146945756,"Asset_ID":"DP783","Name":null,"District_ID":"al Sada al Janubiyya","Wlyt_ID":"Salalah","Gov_ID":"Dhofar Governorate","Road_ID":"100418","Pipe_Diameter":400,"Pipe_Material":"HDPE","Invert_Level_From_m":0,"Invert_Level_To_m":0,"Slop_Percentage":0,"Latitude":17.036494380000001,"Longitude":54.156641649999997,"GlobalID":"{12753AE8-B40A-4FF9-ADA0-D9783EC625C7}","NEAR_FID":6175,"NEAR_DIST":0}},{"type":"Feature","id":784,"geometry":{"type":"LineString","coordinates":[[197286.16820000019,1885796.0994000006],[197261.2237999998,1885797.2975999992]]},"properties":{"OBJECTID":784,"Shape_Length":24.973161085771039,"Asset_ID":"DP784","Name":null,"District_ID":"al Sada al Janubiyya","Wlyt_ID":"Salalah","Gov_ID":"Dhofar Governorate","Road_ID":"100418","Pipe_Diameter":400,"Pipe_Material":"HDPE","Invert_Level_From_m":0,"Invert_Level_To_m":0,"Slop_Percentage":0,"Latitude":17.036514690000001,"Longitude":54.156406169999997,"GlobalID":"{78DE0737-1F34-4A2D-BC0B-16B83E779EFA}","NEAR_FID":4805,"NEAR_DIST":8.3444735374589953}},{"type":"Feature","id":785,"geometry":{"type":"LineString","coordinates":[[197261.2237999998,1885814.0723999999],[197261.2237999998,1885797.2975999992]]},"properties":{"OBJECTID":785,"Shape_Length":16.774800000712276,"Asset_ID":"DP785","Name":null,"District_ID":"al Sada al Janubiyya","Wlyt_ID":"Salalah","Gov_ID":"Dhofar Governorate","Road_ID":"100352","Pipe_Diameter":300,"Pipe_Material":"UPVC","Invert_Level_From_m":0,"Invert_Level_To_m":0,"Slop_Percentage":0,"Latitude":17.036594180000002,"Longitude":54.156287890000002,"GlobalID":"{3E8A48AF-909F-4411-AD03-4A09357B4960}","NEAR_FID":18679,"NEAR_DIST":3.3375677411438236}},{"type":"Feature","id":786,"geometry":{"type":"LineString","coordinates":[[197261.2237999998,1885797.2975999992],[197236.17050000001,1885797.4065000005]]},"properties":{"OBJECTID":786,"Shape_Length":25.05353667828253,"Asset_ID":"DP786","Name":null,"District_ID":"al Sada al Janubiyya","Wlyt_ID":"Salalah","Gov_ID":"Dhofar Governorate","Road_ID":"100418","Pipe_Diameter":400,"Pipe_Material":"HDPE","Invert_Level_From_m":0,"Invert_Level_To_m":0,"Slop_Percentage":0,"Latitude":17.0365173,"Longitude":54.156171469999997,"GlobalID":"{E558B469-A5A4-46CB-8574-1000EDD1C2DA}","NEAR_FID":4805,"NEAR_DIST":7.3894178634635752}},{"type":"Feature","id":787,"geometry":{"type":"LineString","coordinates":[[197236.38839999959,1885815.2706000004],[197236.17050000001,1885797.4065000005]]},"properties":{"OBJECTID":787,"Shape_Length":17.865428884185171,"Asset_ID":"DP787","Name":null,"District_ID":"al Sada al Janubiyya","Wlyt_ID":"Salalah","Gov_ID":"Dhofar Governorate","Road_ID":"100352","Pipe_Diameter":300,"Pipe_Material":"UPVC","Invert_Level_From_m":0,"Invert_Level_To_m":0,"Slop_Percentage":0,"Latitude":17.036596800000002,"Longitude":54.156053700000001,"GlobalID":"{551B2768-3D3F-4424-A45A-EC4254F4BC16}","NEAR_FID":18679,"NEAR_DIST":3.3317543337869915}},{"type":"Feature","id":788,"geometry":{"type":"LineString","coordinates":[[197236.17050000001,1885797.4065000005],[197211.33509999979,1885797.1886999998]]},"properties":{"OBJECTID":788,"Shape_Length":24.836355006541428,"Asset_ID":"DP788","Name":null,"District_ID":"al Sada al Janubiyya","Wlyt_ID":"Salalah","Gov_ID":"Dhofar Governorate","Road_ID":"100418","Pipe_Diameter":400,"Pipe_Material":"HDPE","Invert_Level_From_m":0,"Invert_Level_To_m":0,"Slop_Percentage":0,"Latitude":17.036513530000001,"Longitude":54.155937379999997,"GlobalID":"{96E7E443-8773-4A47-A624-33C5AA729998}","NEAR_FID":4805,"NEAR_DIST":6.1055447717624878}},{"type":"Feature","id":789,"geometry":{"type":"LineString","coordinates":[[197211.33509999979,1885816.4688000008],[197211.33509999979,1885797.1886999998]]},"properties":{"OBJECTID":789,"Shape_Length":19.28010000102222,"Asset_ID":"DP789","Name":null,"District_ID":"al Sada al Janubiyya","Wlyt_ID":"Salalah","Gov_ID":"Dhofar Governorate","Road_ID":"100352","Pipe_Diameter":300,"Pipe_Material":"UPVC","Invert_Level_From_m":0,"Invert_Level_To_m":0,"Slop_Percentage":0,"Latitude":17.036597950000001,"Longitude":54.155819540000003,"GlobalID":"{B3275C63-3973-47ED-BDAE-D97D19281D93}","NEAR_FID":18679,"NEAR_DIST":3.3363905519278445}},{"type":"Feature","id":790,"geometry":{"type":"LineString","coordinates":[[197187.69790000003,1885817.4492000006],[197186.06400000025,1885797.6243999992]]},"properties":{"OBJECTID":790,"Shape_Length":19.892016597295299,"Asset_ID":"DP790","Name":null,"District_ID":"al Sada al Janubiyya","Wlyt_ID":"Salalah","Gov_ID":"Dhofar Governorate","Road_ID":"100352","Pipe_Diameter":300,"Pipe_Material":"UPVC","Invert_Level_From_m":0,"Invert_Level_To_m":0,"Slop_Percentage":0,"Latitude":17.036601130000001,"Longitude":54.155589939999999,"GlobalID":"{33A75B82-ADA1-4AB5-B349-DD2C7C36B053}","NEAR_FID":18679,"NEAR_DIST":3.4869077909800552}},{"type":"Feature","id":791,"geometry":{"type":"LineString","coordinates":[[197211.33509999979,1885797.1886999998],[197186.06400000025,1885797.6243999992]]},"properties":{"OBJECTID":791,"Shape_Length":25.274855680626999,"Asset_ID":"DP791","Name":null,"District_ID":"al Sada al Janubiyya","Wlyt_ID":"Salalah","Gov_ID":"Dhofar Governorate","Road_ID":"100418","Pipe_Diameter":400,"Pipe_Material":"HDPE","Invert_Level_From_m":0,"Invert_Level_To_m":0,"Slop_Percentage":0,"Latitude":17.036511220000001,"Longitude":54.155702239999997,"GlobalID":"{1964B126-0FC1-411B-AA6D-A675A5EE0E65}","NEAR_FID":4805,"NEAR_DIST":5.4558629211766823}},{"type":"Feature","id":792,"geometry":{"type":"LineString","coordinates":[[197186.06400000025,1885797.6243999992],[197161.33750000037,1885798.7137000002]]},"properties":{"OBJECTID":792,"Shape_Length":24.750482353602774,"Asset_ID":"DP792","Name":null,"District_ID":"al Sada al Janubiyya","Wlyt_ID":"Salalah","Gov_ID":"Dhofar Governorate","Road_ID":"100418","Pipe_Diameter":400,"Pipe_Material":"HDPE","Invert_Level_From_m":0,"Invert_Level_To_m":0,"Slop_Percentage":0,"Latitude":17.036514820000001,"Longitude":54.155467530000003,"GlobalID":"{7F440FCE-25EA-4E42-AE38-E914511DEB4B}","NEAR_FID":4805,"NEAR_DIST":5.4558629211766823}},{"type":"Feature","id":793,"geometry":{"type":"LineString","coordinates":[[197162.0998999998,1885818.5384],[197161.33750000037,1885798.7137000002]]},"properties":{"OBJECTID":793,"Shape_Length":19.839354420942936,"Asset_ID":"DP793","Name":null,"District_ID":"al Sada al Janubiyya","Wlyt_ID":"Salalah","Gov_ID":"Dhofar Governorate","Road_ID":"100352","Pipe_Diameter":400,"Pipe_Material":"HDPE","Invert_Level_From_m":0,"Invert_Level_To_m":0,"Slop_Percentage":0,"Latitude":17.036607660000001,"Longitude":54.155353650000002,"GlobalID":"{0B637371-080A-443A-8734-3153E28114AE}","NEAR_FID":18679,"NEAR_DIST":3.487895835368668}},{"type":"Feature","id":794,"geometry":{"type":"LineString","coordinates":[[197161.33750000037,1885798.7137000002],[197136.17520000041,1885799.8028999995]]},"properties":{"OBJECTID":794,"Shape_Length":25.185863057019276,"Asset_ID":"DP794","Name":null,"District_ID":"al Sada al Janubiyya","Wlyt_ID":"Salalah","Gov_ID":"Dhofar Governorate","Road_ID":"100418","Pipe_Diameter":400,"Pipe_Material":"HDPE","Invert_Level_From_m":0,"Invert_Level_To_m":0,"Slop_Percentage":0,"Latitude":17.03652138,"Longitude":54.155233279999997,"GlobalID":"{A01CBDB0-55B6-4160-8B86-6B892CDC4762}","NEAR_FID":4805,"NEAR_DIST":5.4617218821852083}},{"type":"Feature","id":795,"geometry":{"type":"LineString","coordinates":[[197138.24490000028,1885819.7366000004],[197136.17520000041,1885799.8028999995]]},"properties":{"OBJECTID":795,"Shape_Length":20.040859607663116,"Asset_ID":"DP795","Name":null,"District_ID":"al Sada al Janubiyya","Wlyt_ID":"Salalah","Gov_ID":"Dhofar Governorate","Road_ID":"100352","Pipe_Diameter":300,"Pipe_Material":"UPVC","Invert_Level_From_m":0,"Invert_Level_To_m":0,"Slop_Percentage":0,"Latitude":17.036614759999999,"Longitude":54.15512348,"GlobalID":"{ECBBF932-C811-42CE-A4B6-816ABF67BA32}","NEAR_FID":18679,"NEAR_DIST":3.3058174919054255}},{"type":"Feature","id":796,"geometry":{"type":"LineString","coordinates":[[197136.17520000041,1885799.8028999995],[197109.1612999998,1885803.1797000002]]},"properties":{"OBJECTID":796,"Shape_Length":27.224135826266988,"Asset_ID":"DP796","Name":null,"District_ID":"al Sada al Janubiyya","Wlyt_ID":"Salalah","Gov_ID":"Dhofar Governorate","Road_ID":"100418","Pipe_Diameter":400,"Pipe_Material":"HDPE","Invert_Level_From_m":0,"Invert_Level_To_m":0,"Slop_Percentage":0,"Latitude":17.036538109999999,"Longitude":54.15498814,"GlobalID":"{C6108620-7945-45F0-B7CD-7D6B71B080A6}","NEAR_FID":4805,"NEAR_DIST":5.4617218821852083}},{"type":"Feature","id":797,"geometry":{"type":"LineString","coordinates":[[197110.25050000008,1885821.1526999995],[197109.1612999998,1885803.1797000002]]},"properties":{"OBJECTID":797,"Shape_Length":18.005973609206254,"Asset_ID":"DP797","Name":null,"District_ID":"al Sada al Janubiyya","Wlyt_ID":"Salalah","Gov_ID":"Dhofar Governorate","Road_ID":"100352","Pipe_Diameter":300,"Pipe_Material":"UPVC","Invert_Level_From_m":0,"Invert_Level_To_m":0,"Slop_Percentage":0,"Latitude":17.036632780000001,"Longitude":54.154865030000003,"GlobalID":"{0AD2A71C-1E4A-4619-9676-B946DB884CC0}","NEAR_FID":18679,"NEAR_DIST":3.0821690463971647}},{"type":"Feature","id":798,"geometry":{"type":"LineString","coordinates":[[197109.1612999998,1885803.1797000002],[197086.28650000039,1885804.3779000007]]},"properties":{"OBJECTID":798,"Shape_Length":22.906159832106606,"Asset_ID":"DP798","Name":null,"District_ID":"al Sada al Janubiyya","Wlyt_ID":"Salalah","Gov_ID":"Dhofar Governorate","Road_ID":"100418","Pipe_Diameter":400,"Pipe_Material":"HDPE","Invert_Level_From_m":0,"Invert_Level_To_m":0,"Slop_Percentage":0,"Latitude":17.036555480000001,"Longitude":54.154753730000003,"GlobalID":"{95ECE837-7298-46B4-B119-720B016C0886}","NEAR_FID":4805,"NEAR_DIST":7.6139575779233617}},{"type":"Feature","id":799,"geometry":{"type":"LineString","coordinates":[[197087.04899999965,1885822.0241],[197086.28650000039,1885804.3779000007]]},"properties":{"OBJECTID":799,"Shape_Length":17.662666295519521,"Asset_ID":"DP799","Name":null,"District_ID":"al Sada al Janubiyya","Wlyt_ID":"Salalah","Gov_ID":"Dhofar Governorate","Road_ID":"100352","Pipe_Diameter":300,"Pipe_Material":"UPVC","Invert_Level_From_m":0,"Invert_Level_To_m":0,"Slop_Percentage":0,"Latitude":17.036639090000001,"Longitude":54.154648680000001,"GlobalID":"{44C0E779-8E3F-4F81-AA4C-BE3778AB3009}","NEAR_FID":18679,"NEAR_DIST":3.2692395251349287}},{"type":"Feature","id":800,"geometry":{"type":"LineString","coordinates":[[197086.28650000039,1885804.3779000007],[197061.45110000018,1885805.3582000006]]},"properties":{"OBJECTID":800,"Shape_Length":24.854739613613649,"Asset_ID":"DP800","Name":null,"District_ID":"al Sada al Janubiyya","Wlyt_ID":"Salalah","Gov_ID":"Dhofar Governorate","Road_ID":"100418","Pipe_Diameter":500,"Pipe_Material":"HDPE","Invert_Level_From_m":0,"Invert_Level_To_m":0,"Slop_Percentage":0,"Latitude":17.036562180000001,"Longitude":54.154529699999998,"GlobalID":"{0FDC8694-2C73-4588-A4E4-AAD1C425F9B4}","NEAR_FID":4805,"NEAR_DIST":7.6335807996929699}},{"type":"Feature","id":801,"geometry":{"type":"LineString","coordinates":[[197062.21360000037,1885823.2223000005],[197061.45110000018,1885805.3582000006]]},"properties":{"OBJECTID":801,"Shape_Length":17.880365629828276,"Asset_ID":"DP801","Name":null,"District_ID":"al Sada al Janubiyya","Wlyt_ID":"Salalah","Gov_ID":"Dhofar Governorate","Road_ID":"100352","Pipe_Diameter":300,"Pipe_Material":"UPVC","Invert_Level_From_m":0,"Invert_Level_To_m":0,"Slop_Percentage":0,"Latitude":17.036645660000001,"Longitude":54.154415460000003,"GlobalID":"{169826F1-15A4-419E-A679-C61800C8588C}","NEAR_FID":18679,"NEAR_DIST":3.343246151366035}},{"type":"Feature","id":802,"geometry":{"type":"LineString","coordinates":[[197061.45110000018,1885805.3582000006],[197036.39780000038,1885806.5563999992]]},"properties":{"OBJECTID":802,"Shape_Length":25.081936211472701,"Asset_ID":"DP802","Name":null,"District_ID":"al Sada al Janubiyya","Wlyt_ID":"Salalah","Gov_ID":"Dhofar Governorate","Road_ID":"100418","Pipe_Diameter":500,"Pipe_Material":"HDPE","Invert_Level_From_m":0,"Invert_Level_To_m":0,"Slop_Percentage":0,"Latitude":17.036568729999999,"Longitude":54.15429546,"GlobalID":"{BDEFCBBD-752B-421C-B545-696F57610C50}","NEAR_FID":4805,"NEAR_DIST":7.5993448688957352}},{"type":"Feature","id":803,"geometry":{"type":"LineString","coordinates":[[197037.23000000045,1885824.159],[197036.39780000038,1885806.5563999992]]},"properties":{"OBJECTID":803,"Shape_Length":17.62226102485781,"Asset_ID":"DP803","Name":null,"District_ID":"al Sada al Janubiyya","Wlyt_ID":"Salalah","Gov_ID":"Dhofar Governorate","Road_ID":"100352","Pipe_Diameter":300,"Pipe_Material":"UPVC","Invert_Level_From_m":0,"Invert_Level_To_m":0,"Slop_Percentage":0,"Latitude":17.036652010000001,"Longitude":54.154180510000003,"GlobalID":"{D96F4BE5-5D3C-4FDE-8444-65A110E5F650}","NEAR_FID":18679,"NEAR_DIST":3.6859925650247405}},{"type":"Feature","id":804,"geometry":{"type":"LineString","coordinates":[[197036.39780000038,1885806.5563999992],[197009.63439999986,1885807.7820999995]]},"properties":{"OBJECTID":804,"Shape_Length":26.79145236971252,"Asset_ID":"DP804","Name":null,"District_ID":"al Sada al Janubiyya","Wlyt_ID":"Salalah","Gov_ID":"Dhofar Governorate","Road_ID":"100418","Pipe_Diameter":500,"Pipe_Material":"HDPE","Invert_Level_From_m":0,"Invert_Level_To_m":0,"Slop_Percentage":0,"Latitude":17.036576270000001,"Longitude":54.154052139999997,"GlobalID":"{FBE75F64-8E6F-43A4-91BF-4F42602F92A6}","NEAR_FID":4805,"NEAR_DIST":7.3196509232705136}},{"type":"Feature","id":805,"geometry":{"type":"LineString","coordinates":[[197009.63439999986,1885807.7820999995],[196986.41920000035,1885808.8388999999]]},"properties":{"OBJECTID":805,"Shape_Length":23.239241322773164,"Asset_ID":"DP805","Name":null,"District_ID":"al Sada al Janubiyya","Wlyt_ID":"Salalah","Gov_ID":"Dhofar Governorate","Road_ID":"100418","Pipe_Diameter":500,"Pipe_Material":"HDPE","Invert_Level_From_m":0,"Invert_Level_To_m":0,"Slop_Percentage":0,"Latitude":17.036583289999999,"Longitude":54.15381747,"GlobalID":"{30B0F915-2F9D-42C5-ADCC-657416619867}","NEAR_FID":4805,"NEAR_DIST":6.7436941211765014}},{"type":"Feature","id":806,"geometry":{"type":"LineString","coordinates":[[197010.90880000032,1885825.4009000007],[197009.63439999986,1885807.7820999995]]},"properties":{"OBJECTID":806,"Shape_Length":17.66482971455217,"Asset_ID":"DP806","Name":null,"District_ID":"al Sada al Janubiyya","Wlyt_ID":"Salalah","Gov_ID":"Dhofar Governorate","Road_ID":"100352","Pipe_Diameter":300,"Pipe_Material":"UPVC","Invert_Level_From_m":0,"Invert_Level_To_m":0,"Slop_Percentage":0,"Latitude":17.036659660000002,"Longitude":54.153931249999999,"GlobalID":"{E19452E7-B6D2-4065-834A-E9A111CB08E5}","NEAR_FID":13090,"NEAR_DIST":3.7496108668274166}},{"type":"Feature","id":807,"geometry":{"type":"LineString","coordinates":[[196987.70729999989,1885826.4901000001],[196986.41920000035,1885808.8388999999]]},"properties":{"OBJECTID":807,"Shape_Length":17.698137276441205,"Asset_ID":"DP807","Name":null,"District_ID":"al Sada al Janubiyya","Wlyt_ID":"Salalah","Gov_ID":"Dhofar Governorate","Road_ID":"100352","Pipe_Diameter":300,"Pipe_Material":"UPVC","Invert_Level_From_m":0,"Invert_Level_To_m":0,"Slop_Percentage":0,"Latitude":17.0366663,"Longitude":54.1537133,"GlobalID":"{3D500B3D-71A5-4718-990D-38FD8D982EC7}","NEAR_FID":13090,"NEAR_DIST":3.7028946660910327}},{"type":"Feature","id":808,"geometry":{"type":"LineString","coordinates":[[196986.41920000035,1885808.8388999999],[196961.5103000002,1885810.1510000005]]},"properties":{"OBJECTID":808,"Shape_Length":24.943434118611322,"Asset_ID":"DP808","Name":null,"District_ID":"al Sada al Janubiyya","Wlyt_ID":"Salalah","Gov_ID":"Dhofar Governorate","Road_ID":"100418","Pipe_Diameter":500,"Pipe_Material":"HDPE","Invert_Level_From_m":0,"Invert_Level_To_m":0,"Slop_Percentage":0,"Latitude":17.036590820000001,"Longitude":54.153591489999997,"GlobalID":"{41D2CC89-F472-4A93-BAC2-15943E16F611}","NEAR_FID":4805,"NEAR_DIST":6.6976459171615659}},{"type":"Feature","id":809,"geometry":{"type":"LineString","coordinates":[[196962.38169999979,1885827.6883000005],[196961.5103000002,1885810.1510000005]]},"properties":{"OBJECTID":809,"Shape_Length":17.55893588029031,"Asset_ID":"DP809","Name":null,"District_ID":"al Sada al Janubiyya","Wlyt_ID":"Salalah","Gov_ID":"Dhofar Governorate","Road_ID":"100352","Pipe_Diameter":300,"Pipe_Material":"UPVC","Invert_Level_From_m":0,"Invert_Level_To_m":0,"Slop_Percentage":0,"Latitude":17.036674319999999,"Longitude":54.1534774,"GlobalID":"{533D91A3-66AE-431C-9275-1242F4444C47}","NEAR_FID":13090,"NEAR_DIST":3.6426273322619935}},{"type":"Feature","id":810,"geometry":{"type":"LineString","coordinates":[[196961.5103000002,1885810.1510000005],[196936.56589999981,1885811.2402999997]]},"properties":{"OBJECTID":810,"Shape_Length":24.968173058264838,"Asset_ID":"DP810","Name":null,"District_ID":"al Sada al Janubiyya","Wlyt_ID":"Salalah","Gov_ID":"Dhofar Governorate","Road_ID":"100418","Pipe_Diameter":500,"Pipe_Material":"HDPE","Invert_Level_From_m":0,"Invert_Level_To_m":0,"Slop_Percentage":0,"Latitude":17.036598380000001,"Longitude":54.153357389999996,"GlobalID":"{7C9F2E7B-7FF7-441E-B55B-C92E02C7DCB9}","NEAR_FID":4805,"NEAR_DIST":6.855818040138681}},{"type":"Feature","id":811,"geometry":{"type":"LineString","coordinates":[[196937.54629999958,1885828.7775999997],[196936.56589999981,1885811.2402999997]]},"properties":{"OBJECTID":811,"Shape_Length":17.564682617354471,"Asset_ID":"DP811","Name":null,"District_ID":"al Sada al Janubiyya","Wlyt_ID":"Salalah","Gov_ID":"Dhofar Governorate","Road_ID":"100352","Pipe_Diameter":300,"Pipe_Material":"UPVC","Invert_Level_From_m":0,"Invert_Level_To_m":0,"Slop_Percentage":0,"Latitude":17.036680879999999,"Longitude":54.153243670000002,"GlobalID":"{F600BE44-72FA-4836-890B-8E0C969339CA}","NEAR_FID":13090,"NEAR_DIST":3.6691479016089428}},{"type":"Feature","id":812,"geometry":{"type":"LineString","coordinates":[[196936.56589999981,1885811.2402999997],[196911.51269999985,1885812.3296000008]]},"properties":{"OBJECTID":812,"Shape_Length":25.076869914934534,"Asset_ID":"DP812","Name":null,"District_ID":"al Sada al Janubiyya","Wlyt_ID":"Salalah","Gov_ID":"Dhofar Governorate","Road_ID":"100418","Pipe_Diameter":500,"Pipe_Material":"HDPE","Invert_Level_From_m":0,"Invert_Level_To_m":0,"Slop_Percentage":0,"Latitude":17.036604919999998,"Longitude":54.153122629999999,"GlobalID":"{E76FA268-CC6A-4D46-B9C9-2F495B024AB7}","NEAR_FID":4805,"NEAR_DIST":6.7636936202685121}},{"type":"Feature","id":813,"geometry":{"type":"LineString","coordinates":[[196911.51269999985,1885812.3296000008],[196886.45940000005,1885813.4188000001]]},"properties":{"OBJECTID":813,"Shape_Length":25.076965476674985,"Asset_ID":"DP813","Name":null,"District_ID":"al Sada al Janubiyya","Wlyt_ID":"Salalah","Gov_ID":"Dhofar Governorate","Road_ID":"100418","Pipe_Diameter":500,"Pipe_Material":"HDPE","Invert_Level_From_m":0,"Invert_Level_To_m":0,"Slop_Percentage":0,"Latitude":17.03661146,"Longitude":54.152887360000001,"GlobalID":"{60F2143F-6766-42C9-A70E-160CDF2BCEDA}","NEAR_FID":4805,"NEAR_DIST":6.7260830828732816}},{"type":"Feature","id":814,"geometry":{"type":"LineString","coordinates":[[196912.2751000002,1885829.9758000001],[196911.51269999985,1885812.3296000008]]},"properties":{"OBJECTID":814,"Shape_Length":17.66266197883435,"Asset_ID":"DP814","Name":null,"District_ID":"al Sada al Janubiyya","Wlyt_ID":"Salalah","Gov_ID":"Dhofar Governorate","Road_ID":"100352","Pipe_Diameter":300,"Pipe_Material":"UPVC","Invert_Level_From_m":0,"Invert_Level_To_m":0,"Slop_Percentage":0,"Latitude":17.0366879,"Longitude":54.153007369999997,"GlobalID":"{A1847458-C085-435E-B6F6-3E92B824DAE3}","NEAR_FID":13090,"NEAR_DIST":3.6064388548866257}},{"type":"Feature","id":815,"geometry":{"type":"LineString","coordinates":[[196887.17819999997,1885830.9138999991],[196886.45940000005,1885813.4188000001]]},"properties":{"OBJECTID":815,"Shape_Length":17.509860005587061,"Asset_ID":"DP815","Name":null,"District_ID":"al Sada al Janubiyya","Wlyt_ID":"Salalah","Gov_ID":"Dhofar Governorate","Road_ID":"100352","Pipe_Diameter":300,"Pipe_Material":"UPVC","Invert_Level_From_m":0,"Invert_Level_To_m":0,"Slop_Percentage":0,"Latitude":17.036693750000001,"Longitude":54.152771899999998,"GlobalID":"{D17991F0-D697-4DAD-98AC-B8066386BCB9}","NEAR_FID":13090,"NEAR_DIST":3.789696009085294}},{"type":"Feature","id":816,"geometry":{"type":"LineString","coordinates":[[196886.45940000005,1885813.4188000001],[196861.51499999966,1885814.6171000004]]},"properties":{"OBJECTID":816,"Shape_Length":24.973165884002881,"Asset_ID":"DP816","Name":null,"District_ID":"al Sada al Janubiyya","Wlyt_ID":"Salalah","Gov_ID":"Dhofar Governorate","Road_ID":"100418","Pipe_Diameter":500,"Pipe_Material":"HDPE","Invert_Level_From_m":0,"Invert_Level_To_m":0,"Slop_Percentage":0,"Latitude":17.036618499999999,"Longitude":54.152652590000002,"GlobalID":"{7C8FF30A-7F43-496D-A61E-36F66E3CE9F1}","NEAR_FID":4805,"NEAR_DIST":6.7332059717809924}},{"type":"Feature","id":817,"geometry":{"type":"LineString","coordinates":[[196861.51499999966,1885814.6171000004],[196836.67960000038,1885815.7062999997]]},"properties":{"OBJECTID":817,"Shape_Length":24.859272912999224,"Asset_ID":"DP817","Name":null,"District_ID":"al Sada al Janubiyya","Wlyt_ID":"Salalah","Gov_ID":"Dhofar Governorate","Road_ID":"100418","Pipe_Diameter":500,"Pipe_Material":"HDPE","Invert_Level_From_m":0,"Invert_Level_To_m":0,"Slop_Percentage":0,"Latitude":17.03662555,"Longitude":54.152418849999997,"GlobalID":"{AC4D54F4-2297-417E-813A-C538DFE37314}","NEAR_FID":4805,"NEAR_DIST":6.8546581379168225}},{"type":"Feature","id":818,"geometry":{"type":"LineString","coordinates":[[196837.50430000015,1885833.1799999997],[196836.67960000038,1885815.7062999997]]},"properties":{"OBJECTID":818,"Shape_Length":17.493150710454486,"Asset_ID":"DP818","Name":null,"District_ID":"al Sada al Janubiyya","Wlyt_ID":"Salalah","Gov_ID":"Dhofar Governorate","Road_ID":"100352","Pipe_Diameter":300,"Pipe_Material":"UPVC","Invert_Level_From_m":0,"Invert_Level_To_m":0,"Slop_Percentage":0,"Latitude":17.03670777,"Longitude":54.152304909999998,"GlobalID":"{9A6A0869-19AD-40F0-B2ED-2C87644E6E94}","NEAR_FID":13090,"NEAR_DIST":3.7117908517286446}},{"type":"Feature","id":819,"geometry":{"type":"LineString","coordinates":[[196836.67960000038,1885815.7062999997],[196811.68080000021,1885816.8500999995]]},"properties":{"OBJECTID":819,"Shape_Length":25.024953144574933,"Asset_ID":"DP819","Name":null,"District_ID":"al Sada al Janubiyya","Wlyt_ID":"Salalah","Gov_ID":"Dhofar Governorate","Road_ID":"100418","Pipe_Diameter":500,"Pipe_Material":"HDPE","Invert_Level_From_m":0,"Invert_Level_To_m":0,"Slop_Percentage":0,"Latitude":17.036632350000001,"Longitude":54.152184849999998,"GlobalID":"{5D5472E9-C32D-4B3E-BA28-C72B25A9DB87}","NEAR_FID":4805,"NEAR_DIST":6.7606817927194109}},{"type":"Feature","id":820,"geometry":{"type":"LineString","coordinates":[[196861.62390000001,1885832.0757999998],[196861.51499999966,1885814.6171000004]]},"properties":{"OBJECTID":820,"Shape_Length":17.459039632188404,"Asset_ID":"DP820","Name":null,"District_ID":"al Sada al Janubiyya","Wlyt_ID":"Salalah","Gov_ID":"Dhofar Governorate","Road_ID":"100352","Pipe_Diameter":300,"Pipe_Material":"UPVC","Invert_Level_From_m":0,"Invert_Level_To_m":0,"Slop_Percentage":0,"Latitude":17.036701090000001,"Longitude":54.152534780000003,"GlobalID":"{63BCE0BA-00D0-4227-AC2A-937FCD5C7630}","NEAR_FID":13090,"NEAR_DIST":3.7534898034236779}},{"type":"Feature","id":821,"geometry":{"type":"LineString","coordinates":[[196812.37260000035,1885834.2988000009],[196811.68080000021,1885816.8500999995]]},"properties":{"OBJECTID":821,"Shape_Length":17.462408739382639,"Asset_ID":"DP821","Name":null,"District_ID":"al Sada al Janubiyya","Wlyt_ID":"Salalah","Gov_ID":"Dhofar Governorate","Road_ID":"100352","Pipe_Diameter":500,"Pipe_Material":"HDPE","Invert_Level_From_m":0,"Invert_Level_To_m":0,"Slop_Percentage":0,"Latitude":17.036714679999999,"Longitude":54.152069519999998,"GlobalID":"{12C42710-5EEC-43FB-87CE-C97847B66F67}","NEAR_FID":13090,"NEAR_DIST":3.7035707241877827}},{"type":"Feature","id":822,"geometry":{"type":"LineString","coordinates":[[196812.37260000035,1885834.2988000009],[196787.12719999999,1885835.4274000004]]},"properties":{"OBJECTID":822,"Shape_Length":25.270614538177878,"Asset_ID":"DP822","Name":null,"District_ID":"al Sada al Janubiyya","Wlyt_ID":"Salalah","Gov_ID":"Dhofar Governorate","Road_ID":"100352","Pipe_Diameter":200,"Pipe_Material":"UPVC","Invert_Level_From_m":0,"Invert_Level_To_m":0,"Slop_Percentage":0,"Latitude":17.036796930000001,"Longitude":54.151953040000002,"GlobalID":"{F219EE26-2010-4DA5-9327-15F50BBF107B}","NEAR_FID":13090,"NEAR_DIST":3.7035707241877827}},{"type":"Feature","id":823,"geometry":{"type":"LineString","coordinates":[[196811.68080000021,1885816.8500999995],[196786.68200000003,1885817.9393000007]]},"properties":{"OBJECTID":823,"Shape_Length":25.022517021503393,"Asset_ID":"DP823","Name":null,"District_ID":"al Sada al Janubiyya","Wlyt_ID":"Salalah","Gov_ID":"Dhofar Governorate","Road_ID":"100418","Pipe_Diameter":500,"Pipe_Material":"HDPE","Invert_Level_From_m":0,"Invert_Level_To_m":0,"Slop_Percentage":0,"Latitude":17.036639139999998,"Longitude":54.15195009,"GlobalID":"{962B6BFF-9E71-46C6-AF35-1EAF7B4679A4}","NEAR_FID":4805,"NEAR_DIST":6.5896580141157255}},{"type":"Feature","id":824,"geometry":{"type":"LineString","coordinates":[[196786.68200000003,1885817.9393000007],[196761.68310000002,1885819.0831000004]]},"properties":{"OBJECTID":824,"Shape_Length":25.02505303989739,"Asset_ID":"DP824","Name":null,"District_ID":"al Sada al Janubiyya","Wlyt_ID":"Salalah","Gov_ID":"Dhofar Governorate","Road_ID":"100418","Pipe_Diameter":500,"Pipe_Material":"HDPE","Invert_Level_From_m":0,"Invert_Level_To_m":0,"Slop_Percentage":0,"Latitude":17.036645929999999,"Longitude":54.151715330000002,"GlobalID":"{FD4960C4-0721-458B-A292-DE070EDEB10D}","NEAR_FID":4805,"NEAR_DIST":6.4731599285790358}},{"type":"Feature","id":825,"geometry":{"type":"LineString","coordinates":[[196762.71789999958,1885836.5658999998],[196761.68310000002,1885819.0831000004]]},"properties":{"OBJECTID":825,"Shape_Length":17.513397924408036,"Asset_ID":"DP825","Name":null,"District_ID":"al Sada al Janubiyya","Wlyt_ID":"Salalah","Gov_ID":"Dhofar Governorate","Road_ID":"100352","Pipe_Diameter":300,"Pipe_Material":"UPVC","Invert_Level_From_m":0,"Invert_Level_To_m":0,"Slop_Percentage":0,"Latitude":17.036728440000001,"Longitude":54.15160161,"GlobalID":"{C483BC9B-6490-404B-B6DE-7900CCBDF932}","NEAR_FID":13090,"NEAR_DIST":3.7698050526676439}},{"type":"Feature","id":826,"geometry":{"type":"LineString","coordinates":[[196737.77359999996,1885837.7641000003],[196736.68429999985,1885820.2268000003]]},"properties":{"OBJECTID":826,"Shape_Length":17.571097455170158,"Asset_ID":"DP826","Name":null,"District_ID":"al Sada al Janubiyya","Wlyt_ID":"Salalah","Gov_ID":"Dhofar Governorate","Road_ID":"100352","Pipe_Diameter":300,"Pipe_Material":"UPVC","Invert_Level_From_m":0,"Invert_Level_To_m":0,"Slop_Percentage":0,"Latitude":17.036735719999999,"Longitude":54.151367090000001,"GlobalID":"{EE8132DF-D1C5-417C-837C-5E5721F32F22}","NEAR_FID":13090,"NEAR_DIST":3.7438332169613022}},{"type":"Feature","id":827,"geometry":{"type":"LineString","coordinates":[[196761.68310000002,1885819.0831000004],[196736.68429999985,1885820.2268000003]]},"properties":{"OBJECTID":827,"Shape_Length":25.024948574144155,"Asset_ID":"DP827","Name":null,"District_ID":"al Sada al Janubiyya","Wlyt_ID":"Salalah","Gov_ID":"Dhofar Governorate","Road_ID":"100418","Pipe_Diameter":500,"Pipe_Material":"HDPE","Invert_Level_From_m":0,"Invert_Level_To_m":0,"Slop_Percentage":0,"Latitude":17.036652969999999,"Longitude":54.151480560000003,"GlobalID":"{EFD375EB-C2A0-4E67-90C7-009D4E431D1E}","NEAR_FID":4805,"NEAR_DIST":6.3565670062878681}},{"type":"Feature","id":828,"geometry":{"type":"LineString","coordinates":[[196713.53729999997,1885838.9078000002],[196688.75629999954,1885840.0515999999]]},"properties":{"OBJECTID":828,"Shape_Length":24.807382761194855,"Asset_ID":"DP828","Name":null,"District_ID":"al Sada al Janubiyya","Wlyt_ID":"Salalah","Gov_ID":"Dhofar Governorate","Road_ID":"100352","Pipe_Diameter":200,"Pipe_Material":"UPVC","Invert_Level_From_m":0,"Invert_Level_To_m":0,"Slop_Percentage":0,"Latitude":17.036825629999999,"Longitude":54.151027030000002,"GlobalID":"{02F20E0A-3BAC-4143-8C3E-C03BCC16C373}","NEAR_FID":13090,"NEAR_DIST":3.6467525874574358}},{"type":"Feature","id":829,"geometry":{"type":"LineString","coordinates":[[196736.68429999985,1885820.2268000003],[196708.56979999971,1885822.0744000003]]},"properties":{"OBJECTID":829,"Shape_Length":28.175143939612497,"Asset_ID":"DP829","Name":null,"District_ID":"al Sada al Janubiyya","Wlyt_ID":"Salalah","Gov_ID":"Dhofar Governorate","Road_ID":"100418","Pipe_Diameter":500,"Pipe_Material":"HDPE","Invert_Level_From_m":0,"Invert_Level_To_m":0,"Slop_Percentage":0,"Latitude":17.036662979999999,"Longitude":54.151231129999999,"GlobalID":"{A80F056C-4054-48BE-B314-181BD43A52D1}","NEAR_FID":4805,"NEAR_DIST":6.3565670062878681}},{"type":"Feature","id":830,"geometry":{"type":"LineString","coordinates":[[196688.75629999954,1885840.0515999999],[196687.11760000046,1885824.5973000005]]},"properties":{"OBJECTID":830,"Shape_Length":15.540937106830683,"Asset_ID":"DP830","Name":null,"District_ID":"al Sada al Janubiyya","Wlyt_ID":"Salalah","Gov_ID":"Dhofar Governorate","Road_ID":"100352","Pipe_Diameter":300,"Pipe_Material":"UPVC","Invert_Level_From_m":0,"Invert_Level_To_m":0,"Slop_Percentage":0,"Latitude":17.036759289999999,"Longitude":54.15090404,"GlobalID":"{69AE4DDD-0D17-4AA7-9DAD-86A5F604D207}","NEAR_FID":13090,"NEAR_DIST":3.6467525874574358}},{"type":"Feature","id":831,"geometry":{"type":"LineString","coordinates":[[196687.11760000046,1885824.5973000005],[196661.96019999962,1885826.8714000005]]},"properties":{"OBJECTID":831,"Shape_Length":25.259974378697656,"Asset_ID":"DP831","Name":null,"District_ID":"al Sada al Janubiyya","Wlyt_ID":"Salalah","Gov_ID":"Dhofar Governorate","Road_ID":"100418","Pipe_Diameter":600,"Pipe_Material":"HDPE","Invert_Level_From_m":0,"Invert_Level_To_m":0,"Slop_Percentage":0,"Latitude":17.03669803,"Longitude":54.150779200000002,"GlobalID":"{DE73F554-1EEA-4CD3-ACAC-E356186A3392}","NEAR_FID":4805,"NEAR_DIST":8.225536829944188}},{"type":"Feature","id":832,"geometry":{"type":"LineString","coordinates":[[196662.66820000019,1885841.1952999998],[196661.96019999962,1885826.8714000005]]},"properties":{"OBJECTID":832,"Shape_Length":14.341386794505903,"Asset_ID":"DP832","Name":null,"District_ID":"al Sada al Janubiyya","Wlyt_ID":"Salalah","Gov_ID":"Dhofar Governorate","Road_ID":"100352","Pipe_Diameter":300,"Pipe_Material":"UPVC","Invert_Level_From_m":0,"Invert_Level_To_m":0,"Slop_Percentage":0,"Latitude":17.036771349999999,"Longitude":54.150663340000001,"GlobalID":"{C48F23C4-A9D5-41CB-B5A2-DA3E4E01AA3E}","NEAR_FID":13090,"NEAR_DIST":3.4876205022749081}},{"type":"Feature","id":833,"geometry":{"type":"LineString","coordinates":[[196661.96019999962,1885826.8714000005],[196637.01580000017,1885827.9605999999]]},"properties":{"OBJECTID":833,"Shape_Length":24.968168694787565,"Asset_ID":"DP833","Name":null,"District_ID":"al Sada al Janubiyya","Wlyt_ID":"Salalah","Gov_ID":"Dhofar Governorate","Road_ID":"100418","Pipe_Diameter":600,"Pipe_Material":"HDPE","Invert_Level_From_m":0,"Invert_Level_To_m":0,"Slop_Percentage":0,"Latitude":17.036709909999999,"Longitude":54.15054387,"GlobalID":"{7B197E90-62BF-4DB1-9669-6F22F9D8C526}","NEAR_FID":4805,"NEAR_DIST":9.0432206648010567}},{"type":"Feature","id":834,"geometry":{"type":"LineString","coordinates":[[196637.01580000017,1885827.9605999999],[196611.47310000006,1885828.7951999996]]},"properties":{"OBJECTID":834,"Shape_Length":25.55633151402991,"Asset_ID":"DP834","Name":null,"District_ID":"al Sada al Janubiyya","Wlyt_ID":"Salalah","Gov_ID":"Dhofar Governorate","Road_ID":"100418","Pipe_Diameter":600,"Pipe_Material":"UPVC","Invert_Level_From_m":0,"Invert_Level_To_m":0,"Slop_Percentage":0,"Latitude":17.036715279999999,"Longitude":54.150306839999999,"GlobalID":"{49233566-2AC8-4FD5-90A3-D984E081B8A0}","NEAR_FID":4805,"NEAR_DIST":8.8753731371583662}},{"type":"Feature","id":835,"geometry":{"type":"LineString","coordinates":[[196637.50600000005,1885842.3935000002],[196612.07149999961,1885843.5917000007]]},"properties":{"OBJECTID":835,"Shape_Length":25.462707505554857,"Asset_ID":"DP835","Name":null,"District_ID":"al Sada al Janubiyya","Wlyt_ID":"Salalah","Gov_ID":"Dhofar Governorate","Road_ID":"100352","Pipe_Diameter":200,"Pipe_Material":"UPVC","Invert_Level_From_m":0,"Invert_Level_To_m":0,"Slop_Percentage":0,"Latitude":17.036847290000001,"Longitude":54.15030994,"GlobalID":"{85BD53B3-A684-48FF-BED9-C0127296B7E3}","NEAR_FID":13090,"NEAR_DIST":3.0008725920971906}},{"type":"Feature","id":836,"geometry":{"type":"LineString","coordinates":[[196586.90930000041,1885844.7355000004],[196612.07149999961,1885843.5917000007]]},"properties":{"OBJECTID":836,"Shape_Length":25.188183484312844,"Asset_ID":"DP836","Name":null,"District_ID":"al Sada al Janubiyya","Wlyt_ID":"Salalah","Gov_ID":"Dhofar Governorate","Road_ID":"100352","Pipe_Diameter":200,"Pipe_Material":"UPVC","Invert_Level_From_m":0,"Invert_Level_To_m":0,"Slop_Percentage":0,"Latitude":17.036854529999999,"Longitude":54.150072360000003,"GlobalID":"{7666342D-8F49-4AE1-A2E6-688A03B9B99C}","NEAR_FID":13090,"NEAR_DIST":2.842138810799812}},{"type":"Feature","id":837,"geometry":{"type":"LineString","coordinates":[[196612.07149999961,1885843.5917000007],[196611.47310000006,1885828.7951999996]]},"properties":{"OBJECTID":837,"Shape_Length":14.808595302799485,"Asset_ID":"DP837","Name":null,"District_ID":"al Sada al Janubiyya","Wlyt_ID":"Salalah","Gov_ID":"Dhofar Governorate","Road_ID":"100352","Pipe_Diameter":300,"Pipe_Material":"UPVC","Invert_Level_From_m":0,"Invert_Level_To_m":0,"Slop_Percentage":0,"Latitude":17.036784189999999,"Longitude":54.150188720000003,"GlobalID":"{381302D1-CCCF-4DD3-AD87-D60E37BC9841}","NEAR_FID":13090,"NEAR_DIST":3.0008725920971906}},{"type":"Feature","id":838,"geometry":{"type":"LineString","coordinates":[[196611.47310000006,1885828.7951999996],[196586.52859999985,1885828.6150000002]]},"properties":{"OBJECTID":838,"Shape_Length":24.945150877486181,"Asset_ID":"DP838","Name":null,"District_ID":"al Sada al Janubiyya","Wlyt_ID":"Salalah","Gov_ID":"Dhofar Governorate","Road_ID":"100418","Pipe_Diameter":600,"Pipe_Material":"HDPE","Invert_Level_From_m":0,"Invert_Level_To_m":0,"Slop_Percentage":0,"Latitude":17.036714910000001,"Longitude":54.150069879999997,"GlobalID":"{6B7E13E1-2F56-4597-9269-949540D53E80}","NEAR_FID":4805,"NEAR_DIST":9.1294070062406423}},{"type":"Feature","id":839,"geometry":{"type":"LineString","coordinates":[[196611.58129999973,1885812.1117000002],[196611.47310000006,1885828.7951999996]]},"properties":{"OBJECTID":839,"Shape_Length":16.683850858481414,"Asset_ID":"DP839","Name":null,"District_ID":"al Sada al Janubiyya","Wlyt_ID":"Salalah","Gov_ID":"Dhofar Governorate","Road_ID":"100418","Pipe_Diameter":600,"Pipe_Material":"HDPE","Invert_Level_From_m":0,"Invert_Level_To_m":0,"Slop_Percentage":0,"Latitude":17.036642059999998,"Longitude":54.150188569999997,"GlobalID":"{5BB5FFE9-2CEE-4A07-9990-AAECFA6A6AC2}","NEAR_FID":4805,"NEAR_DIST":0}},{"type":"Feature","id":840,"geometry":{"type":"LineString","coordinates":[[196586.90930000041,1885811.8394000009],[196586.52859999985,1885828.6150000002]]},"properties":{"OBJECTID":840,"Shape_Length":16.779919184213309,"Asset_ID":"DP840","Name":null,"District_ID":"al Sada al Janubiyya","Wlyt_ID":"Salalah","Gov_ID":"Dhofar Governorate","Road_ID":"100418","Pipe_Diameter":600,"Pipe_Material":"HDPE","Invert_Level_From_m":0,"Invert_Level_To_m":0,"Slop_Percentage":0,"Latitude":17.03663675,"Longitude":54.149955779999999,"GlobalID":"{701008A3-BCB6-4BB9-AFA4-63A6C7354F57}","NEAR_FID":4805,"NEAR_DIST":0}},{"type":"Feature","id":841,"geometry":{"type":"LineString","coordinates":[[196809.39329999965,1885768.1596000008],[196810.15579999983,1885783.1370999999]]},"properties":{"OBJECTID":841,"Shape_Length":14.99689676144709,"Asset_ID":"DP841","Name":null,"District_ID":"Dahariz al Shamaliyya","Wlyt_ID":"Salalah","Gov_ID":"Dhofar Governorate","Road_ID":"100124","Pipe_Diameter":300,"Pipe_Material":"UPVC","Invert_Level_From_m":0,"Invert_Level_To_m":0,"Slop_Percentage":0,"Latitude":17.036263640000001,"Longitude":54.152055220000001,"GlobalID":"{783A77DE-F5AB-4BE4-9173-33E02495B2D6}","NEAR_FID":18804,"NEAR_DIST":2.8254467627799276}},{"type":"Feature","id":842,"geometry":{"type":"LineString","coordinates":[[196784.23110000044,1885769.3033000007],[196785.48379999958,1885784.3896999992]]},"properties":{"OBJECTID":842,"Shape_Length":15.138319662467859,"Asset_ID":"DP842","Name":null,"District_ID":"Dahariz al Shamaliyya","Wlyt_ID":"Salalah","Gov_ID":"Dhofar Governorate","Road_ID":"100124","Pipe_Diameter":300,"Pipe_Material":"UPVC","Invert_Level_From_m":0,"Invert_Level_To_m":0,"Slop_Percentage":0,"Latitude":17.03627118,"Longitude":54.151821210000001,"GlobalID":"{14BE6D36-D5AD-4419-9347-BC21CF78E370}","NEAR_FID":18804,"NEAR_DIST":2.7799884987628909}},{"type":"Feature","id":843,"geometry":{"type":"LineString","coordinates":[[196785.48379999958,1885784.3896999992],[196760.32149999961,1885786.8949999996]]},"properties":{"OBJECTID":843,"Shape_Length":25.28671329730108,"Asset_ID":"DP843","Name":null,"District_ID":"Dahariz al Shamaliyya","Wlyt_ID":"Salalah","Gov_ID":"Dhofar Governorate","Road_ID":"100418","Pipe_Diameter":500,"Pipe_Material":"HDPE","Invert_Level_From_m":0,"Invert_Level_To_m":0,"Slop_Percentage":0,"Latitude":17.036349019999999,"Longitude":54.151707809999998,"GlobalID":"{CD5DB930-5E0C-4B60-A1AA-976398456D4D}","NEAR_FID":15532,"NEAR_DIST":8.4344774314293698}},{"type":"Feature","id":844,"geometry":{"type":"LineString","coordinates":[[196758.71289999969,1885770.3027999997],[196760.32149999961,1885786.8949999996]]},"properties":{"OBJECTID":844,"Shape_Length":16.669993845061871,"Asset_ID":"DP844","Name":null,"District_ID":"Dahariz al Shamaliyya","Wlyt_ID":"Salalah","Gov_ID":"Dhofar Governorate","Road_ID":"100124","Pipe_Diameter":300,"Pipe_Material":"UPVC","Invert_Level_From_m":0,"Invert_Level_To_m":0,"Slop_Percentage":0,"Latitude":17.036283659999999,"Longitude":54.151583160000001,"GlobalID":"{C51E396F-CFD4-404F-A754-998F612B8431}","NEAR_FID":18804,"NEAR_DIST":2.5736845972748168}},{"type":"Feature","id":845,"geometry":{"type":"LineString","coordinates":[[196733.09119999968,1885771.4685999993],[196734.50580000039,1885789.8361000009]]},"properties":{"OBJECTID":845,"Shape_Length":18.42189321078331,"Asset_ID":"DP845","Name":null,"District_ID":"Dahariz al Shamaliyya","Wlyt_ID":"Salalah","Gov_ID":"Dhofar Governorate","Road_ID":"100124","Pipe_Diameter":300,"Pipe_Material":"UPVC","Invert_Level_From_m":0,"Invert_Level_To_m":0,"Slop_Percentage":0,"Latitude":17.036298819999999,"Longitude":54.151341510000002,"GlobalID":"{FF371123-C085-444B-90B6-724E3AF1E446}","NEAR_FID":18804,"NEAR_DIST":2.5286091425004389}},{"type":"Feature","id":846,"geometry":{"type":"LineString","coordinates":[[196760.32149999961,1885786.8949999996],[196734.50580000039,1885789.8361000009]]},"properties":{"OBJECTID":846,"Shape_Length":25.982694926962747,"Asset_ID":"DP846","Name":null,"District_ID":"Dahariz al Shamaliyya","Wlyt_ID":"Salalah","Gov_ID":"Dhofar Governorate","Road_ID":"100418","Pipe_Diameter":500,"Pipe_Material":"HDPE","Invert_Level_From_m":0,"Invert_Level_To_m":0,"Slop_Percentage":0,"Latitude":17.036370250000001,"Longitude":54.151468229999999,"GlobalID":"{6EBD2414-B9A2-4611-8D44-DA9C4952CF93}","NEAR_FID":15532,"NEAR_DIST":6.848801097901184}},{"type":"Feature","id":847,"geometry":{"type":"LineString","coordinates":[[196734.50580000039,1885789.8361000009],[196707.16500000004,1885791.2521000002]]},"properties":{"OBJECTID":847,"Shape_Length":27.377443281967089,"Asset_ID":"DP847","Name":null,"District_ID":"Dahariz al Shamaliyya","Wlyt_ID":"Salalah","Gov_ID":"Dhofar Governorate","Road_ID":"100418","Pipe_Diameter":600,"Pipe_Material":"HDPE","Invert_Level_From_m":0,"Invert_Level_To_m":0,"Slop_Percentage":0,"Latitude":17.036386419999999,"Longitude":54.151218499999999,"GlobalID":"{59F217F7-8D03-4B36-BA14-327C97B9090E}","NEAR_FID":15532,"NEAR_DIST":6.848801097901184}},{"type":"Feature","id":848,"geometry":{"type":"LineString","coordinates":[[196707.16500000004,1885791.2521000002],[196685.48849999998,1885792.2324999999]]},"properties":{"OBJECTID":848,"Shape_Length":21.698659783777618,"Asset_ID":"DP848","Name":null,"District_ID":"Dahariz al Shamaliyya","Wlyt_ID":"Salalah","Gov_ID":"Dhofar Governorate","Road_ID":"100418","Pipe_Diameter":600,"Pipe_Material":"HDPE","Invert_Level_From_m":0,"Invert_Level_To_m":0,"Slop_Percentage":0,"Latitude":17.036394009999999,"Longitude":54.150988329999997,"GlobalID":"{EA8EF3C4-293E-43FA-BF0A-6B3E46762968}","NEAR_FID":15532,"NEAR_DIST":6.7448411574824707}},{"type":"Feature","id":849,"geometry":{"type":"LineString","coordinates":[[196709.49270000029,1885772.5298999995],[196733.09119999968,1885771.4685999993]]},"properties":{"OBJECTID":849,"Shape_Length":23.622352971522261,"Asset_ID":"DP849","Name":null,"District_ID":"Dahariz al Shamaliyya","Wlyt_ID":"Salalah","Gov_ID":"Dhofar Governorate","Road_ID":"100124","Pipe_Diameter":200,"Pipe_Material":"UPVC","Invert_Level_From_m":0,"Invert_Level_To_m":0,"Slop_Percentage":0,"Latitude":17.03621905,"Longitude":54.151225320000002,"GlobalID":"{AFA03CA5-6751-47D6-94A2-11F7D05D75B6}","NEAR_FID":18804,"NEAR_DIST":2.5160984765828509}},{"type":"Feature","id":850,"geometry":{"type":"LineString","coordinates":[[196684.4171000002,1885773.7246000003],[196685.48849999998,1885792.2324999999]]},"properties":{"OBJECTID":850,"Shape_Length":18.53888508933084,"Asset_ID":"DP850","Name":null,"District_ID":"Dahariz al Shamaliyya","Wlyt_ID":"Salalah","Gov_ID":"Dhofar Governorate","Road_ID":"100124","Pipe_Diameter":300,"Pipe_Material":"UPVC","Invert_Level_From_m":0,"Invert_Level_To_m":0,"Slop_Percentage":0,"Latitude":17.03631339,"Longitude":54.150882789999997,"GlobalID":"{3CFCD40C-44AA-4362-8B79-BBB517DEAF3F}","NEAR_FID":18804,"NEAR_DIST":2.641879339560274}},{"type":"Feature","id":851,"geometry":{"type":"LineString","coordinates":[[196685.48849999998,1885792.2324999999],[196660.54409999959,1885793.5395999998]]},"properties":{"OBJECTID":851,"Shape_Length":24.978622896166392,"Asset_ID":"DP851","Name":null,"District_ID":"Dahariz al Shamaliyya","Wlyt_ID":"Salalah","Gov_ID":"Dhofar Governorate","Road_ID":"100418","Pipe_Diameter":600,"Pipe_Material":"HDPE","Invert_Level_From_m":0,"Invert_Level_To_m":0,"Slop_Percentage":0,"Latitude":17.036401269999999,"Longitude":54.150769410000002,"GlobalID":"{8944D702-4CDE-4D66-8C4B-77A85A7804A4}","NEAR_FID":15532,"NEAR_DIST":6.4098534599152908}},{"type":"Feature","id":852,"geometry":{"type":"LineString","coordinates":[[196660.54409999959,1885793.5395999998],[196635.4907999998,1885794.5744000003]]},"properties":{"OBJECTID":852,"Shape_Length":25.074661551470289,"Asset_ID":"DP852","Name":null,"District_ID":"Dahariz al Shamaliyya","Wlyt_ID":"Salalah","Gov_ID":"Dhofar Governorate","Road_ID":"100418","Pipe_Diameter":600,"Pipe_Material":"HDPE","Invert_Level_From_m":0,"Invert_Level_To_m":0,"Slop_Percentage":0,"Latitude":17.036408550000001,"Longitude":54.150534639999997,"GlobalID":"{BA3EDFB8-CE5C-44CD-AA50-79B73B412325}","NEAR_FID":15532,"NEAR_DIST":6.3511989606977179}},{"type":"Feature","id":853,"geometry":{"type":"LineString","coordinates":[[196635.4907999998,1885794.5744000003],[196611.74469999969,1885794.9557000007]]},"properties":{"OBJECTID":853,"Shape_Length":23.749161141088457,"Asset_ID":"DP853","Name":null,"District_ID":"Dahariz al Shamaliyya","Wlyt_ID":"Salalah","Gov_ID":"Dhofar Governorate","Road_ID":"100418","Pipe_Diameter":600,"Pipe_Material":"HDPE","Invert_Level_From_m":0,"Invert_Level_To_m":0,"Slop_Percentage":0,"Latitude":17.036411730000001,"Longitude":54.15030556,"GlobalID":"{21F947A0-51B4-4B2E-A4FB-13214F2B6EBE}","NEAR_FID":15532,"NEAR_DIST":6.3511989606977179}},{"type":"Feature","id":854,"geometry":{"type":"LineString","coordinates":[[196611.74469999969,1885794.9557000007],[196585.38430000003,1885792.7771000005]]},"properties":{"OBJECTID":854,"Shape_Length":26.450273837954882,"Asset_ID":"DP854","Name":null,"District_ID":"Dahariz al Shamaliyya","Wlyt_ID":"Salalah","Gov_ID":"Dhofar Governorate","Road_ID":"100418","Pipe_Diameter":600,"Pipe_Material":"HDPE","Invert_Level_From_m":0,"Invert_Level_To_m":0,"Slop_Percentage":0,"Latitude":17.036400310000001,"Longitude":54.150070560000003,"GlobalID":"{D1A4AECD-C75C-42C2-8DBE-19693FADA2BE}","NEAR_FID":15532,"NEAR_DIST":6.6343744279680275}},{"type":"Feature","id":855,"geometry":{"type":"LineString","coordinates":[[196585.38430000003,1885792.7771000005],[196560.60329999961,1885789.3458999991]]},"properties":{"OBJECTID":855,"Shape_Length":25.01741582319362,"Asset_ID":"DP855","Name":null,"District_ID":"Dahariz al Shamaliyya","Wlyt_ID":"Salalah","Gov_ID":"Dhofar Governorate","Road_ID":"100418","Pipe_Diameter":600,"Pipe_Material":"HDPE","Invert_Level_From_m":0,"Invert_Level_To_m":0,"Slop_Percentage":0,"Latitude":17.036371620000001,"Longitude":54.149830969999996,"GlobalID":"{FC666F24-E8F6-46FD-973B-ADF6EF20C3CC}","NEAR_FID":15532,"NEAR_DIST":8.4628533482841473}},{"type":"Feature","id":856,"geometry":{"type":"LineString","coordinates":[[196560.60329999961,1885789.3458999991],[196536.0401999997,1885784.7164999992]]},"properties":{"OBJECTID":856,"Shape_Length":24.995544122212269,"Asset_ID":"DP856","Name":null,"District_ID":"Dahariz al Shamaliyya","Wlyt_ID":"Salalah","Gov_ID":"Dhofar Governorate","Road_ID":"100418","Pipe_Diameter":600,"Pipe_Material":"HDPE","Invert_Level_From_m":0,"Invert_Level_To_m":0,"Slop_Percentage":0,"Latitude":17.036331990000001,"Longitude":54.149599979999998,"GlobalID":"{15EFD8AC-0C26-403A-A26D-924A90B36D71}","NEAR_FID":15532,"NEAR_DIST":9.9482432858865781}},{"type":"Feature","id":857,"geometry":{"type":"LineString","coordinates":[[196536.0401999997,1885784.7164999992],[196511.74940000009,1885778.9433999993]]},"properties":{"OBJECTID":857,"Shape_Length":24.967411724677991,"Asset_ID":"DP857","Name":null,"District_ID":"Dahariz al Shamaliyya","Wlyt_ID":"Salalah","Gov_ID":"Dhofar Governorate","Road_ID":"100418","Pipe_Diameter":600,"Pipe_Material":"HDPE","Invert_Level_From_m":0,"Invert_Level_To_m":0,"Slop_Percentage":0,"Latitude":17.036281809999998,"Longitude":54.149371449999997,"GlobalID":"{19560BFE-D32A-4917-8E80-F8C9FD615671}","NEAR_FID":15532,"NEAR_DIST":11.062796046290456}},{"type":"Feature","id":858,"geometry":{"type":"LineString","coordinates":[[196511.74940000009,1885778.9433999993],[196487.64049999975,1885771.8658000007]]},"properties":{"OBJECTID":858,"Shape_Length":25.126310532310949,"Asset_ID":"DP858","Name":null,"District_ID":"Dahariz al Shamaliyya","Wlyt_ID":"Salalah","Gov_ID":"Dhofar Governorate","Road_ID":"100418","Pipe_Diameter":600,"Pipe_Material":"HDPE","Invert_Level_From_m":0,"Invert_Level_To_m":0,"Slop_Percentage":0,"Latitude":17.036220620000002,"Longitude":54.14914521,"GlobalID":"{3ACF742C-F211-4F4D-A824-57FCFDB93B02}","NEAR_FID":6050,"NEAR_DIST":7.9848351978647178}},{"type":"Feature","id":859,"geometry":{"type":"LineString","coordinates":[[196487.64049999975,1885771.8658000007],[196464.1481999997,1885763.5845999997]]},"properties":{"OBJECTID":859,"Shape_Length":24.90916363005374,"Asset_ID":"DP859","Name":null,"District_ID":"Dahariz al Shamaliyya","Wlyt_ID":"Salalah","Gov_ID":"Dhofar Governorate","Road_ID":"100418","Pipe_Diameter":600,"Pipe_Material":"HDPE","Invert_Level_From_m":0,"Invert_Level_To_m":0,"Slop_Percentage":0,"Latitude":17.036148149999999,"Longitude":54.148922900000002,"GlobalID":"{1F73F94B-3C75-4F60-B7A4-4EDE64FD10EF}","NEAR_FID":6050,"NEAR_DIST":4.787045175255547}},{"type":"Feature","id":860,"geometry":{"type":"LineString","coordinates":[[196464.1481999997,1885763.5845999997],[196440.9467000002,1885753.7810999993]]},"properties":{"OBJECTID":860,"Shape_Length":25.187659964443547,"Asset_ID":"DP860","Name":null,"District_ID":"Dahariz al Shamaliyya","Wlyt_ID":"Salalah","Gov_ID":"Dhofar Governorate","Road_ID":"100418","Pipe_Diameter":600,"Pipe_Material":"HDPE","Invert_Level_From_m":0,"Invert_Level_To_m":0,"Slop_Percentage":0,"Latitude":17.03606344,"Longitude":54.148705040000003,"GlobalID":"{232E975D-B915-429B-B6A5-C7AF01565E08}","NEAR_FID":6050,"NEAR_DIST":3.0791760519924729}},{"type":"Feature","id":861,"geometry":{"type":"LineString","coordinates":[[196440.9467000002,1885753.7810999993],[196407.43360000011,1885744.2168000005]]},"properties":{"OBJECTID":861,"Shape_Length":34.851165060636518,"Asset_ID":"DP861","Name":null,"District_ID":"Dahariz al Shamaliyya","Wlyt_ID":"Salalah","Gov_ID":"Dhofar Governorate","Road_ID":"100418","Pipe_Diameter":600,"Pipe_Material":"HDPE","Invert_Level_From_m":0,"Invert_Level_To_m":0,"Slop_Percentage":0,"Latitude":17.035972269999998,"Longitude":54.148440229999999,"GlobalID":"{0ECAFC3F-F6AE-4707-AF50-5E7A4F728AD5}","NEAR_FID":6050,"NEAR_DIST":0}},{"type":"Feature","id":862,"geometry":{"type":"LineString","coordinates":[[196586.52859999985,1885828.6150000002],[196560.25490000006,1885827.1564000007]]},"properties":{"OBJECTID":862,"Shape_Length":26.31415637328093,"Asset_ID":"DP862","Name":null,"District_ID":"al Sada al Janubiyya","Wlyt_ID":"Salalah","Gov_ID":"Dhofar Governorate","Road_ID":"100418","Pipe_Diameter":600,"Pipe_Material":"HDPE","Invert_Level_From_m":0,"Invert_Level_To_m":0,"Slop_Percentage":0,"Latitude":17.036704140000001,"Longitude":54.149829660000002,"GlobalID":"{22A90F17-AE7A-4992-A965-8FBDF20F3606}","NEAR_FID":4805,"NEAR_DIST":9.2868925145242436}},{"type":"Feature","id":863,"geometry":{"type":"LineString","coordinates":[[196560.25490000006,1885827.1564000007],[196536.57199999969,1885824.6153999995]]},"properties":{"OBJECTID":863,"Shape_Length":23.818825190025155,"Asset_ID":"DP863","Name":null,"District_ID":"al Sada al Janubiyya","Wlyt_ID":"Salalah","Gov_ID":"Dhofar Governorate","Road_ID":"100410","Pipe_Diameter":600,"Pipe_Material":"HDPE","Invert_Level_From_m":0,"Invert_Level_To_m":0,"Slop_Percentage":0,"Latitude":17.03668279,"Longitude":54.149595519999998,"GlobalID":"{3EC08F5A-1196-4579-9F70-3BD04D5F1D17}","NEAR_FID":15793,"NEAR_DIST":8.7664349275218694}},{"type":"Feature","id":864,"geometry":{"type":"LineString","coordinates":[[196536.57199999969,1885824.6153999995],[196515.00329999998,1885821.3682000004]]},"properties":{"OBJECTID":864,"Shape_Length":21.811765804542144,"Asset_ID":"DP864","Name":null,"District_ID":"al Sada al Janubiyya","Wlyt_ID":"Salalah","Gov_ID":"Dhofar Governorate","Road_ID":"100410","Pipe_Diameter":600,"Pipe_Material":"HDPE","Invert_Level_From_m":0,"Invert_Level_To_m":0,"Slop_Percentage":0,"Latitude":17.036653680000001,"Longitude":54.149383569999998,"GlobalID":"{4A1FFD08-F3D1-426C-BB91-F78C43551796}","NEAR_FID":15793,"NEAR_DIST":6.6741387262985361}},{"type":"Feature","id":865,"geometry":{"type":"LineString","coordinates":[[196515.00329999998,1885821.3682000004],[196488.31359999999,1885817.2874999996]]},"properties":{"OBJECTID":865,"Shape_Length":26.999855528974017,"Asset_ID":"DP865","Name":null,"District_ID":"al Sada al Janubiyya","Wlyt_ID":"Salalah","Gov_ID":"Dhofar Governorate","Road_ID":"100410","Pipe_Diameter":600,"Pipe_Material":"HDPE","Invert_Level_From_m":0,"Invert_Level_To_m":0,"Slop_Percentage":0,"Latitude":17.036617419999999,"Longitude":54.149157629999998,"GlobalID":"{EE5B97A9-3817-445F-81CA-0DEE662AF3C6}","NEAR_FID":15793,"NEAR_DIST":3.1165025949294947}},{"type":"Feature","id":866,"geometry":{"type":"LineString","coordinates":[[196488.31359999999,1885817.2874999996],[196458.44649999961,1885806.4771999996]]},"properties":{"OBJECTID":866,"Shape_Length":31.763284599094039,"Asset_ID":"DP866","Name":null,"District_ID":"al Sada al Janubiyya","Wlyt_ID":"Salalah","Gov_ID":"Dhofar Governorate","Road_ID":"100410","Pipe_Diameter":600,"Pipe_Material":"HDPE","Invert_Level_From_m":0,"Invert_Level_To_m":0,"Slop_Percentage":0,"Latitude":17.036546479999998,"Longitude":54.148893260000001,"GlobalID":"{314AC739-B2BA-4D05-8C53-D46A2C9143E5}","NEAR_FID":15793,"NEAR_DIST":0}},{"type":"Feature","id":867,"geometry":{"type":"LineString","coordinates":[[196458.44649999961,1885806.4771999996],[196434.66640000045,1885798.7908999994]]},"properties":{"OBJECTID":867,"Shape_Length":24.991445809771236,"Asset_ID":"DP867","Name":null,"District_ID":"al Sada al Janubiyya","Wlyt_ID":"Salalah","Gov_ID":"Dhofar Governorate","Road_ID":"100410","Pipe_Diameter":600,"Pipe_Material":"HDPE","Invert_Level_From_m":0,"Invert_Level_To_m":0,"Slop_Percentage":0,"Latitude":17.036459449999999,"Longitude":54.148642789999997,"GlobalID":"{6A8A0D8B-CEB6-4CCB-92C5-856A83A86414}","NEAR_FID":15864,"NEAR_DIST":5.0694601082885349}},{"type":"Feature","id":868,"geometry":{"type":"LineString","coordinates":[[196384.49590000045,1885782.9669000003],[196361.31199999992,1885773.1229999997]]},"properties":{"OBJECTID":868,"Shape_Length":25.18721077169479,"Asset_ID":"DP868","Name":null,"District_ID":"al Sada al Janubiyya","Wlyt_ID":"Salalah","Gov_ID":"Dhofar Governorate","Road_ID":"100418","Pipe_Diameter":800,"Pipe_Material":"HDPE","Invert_Level_From_m":0,"Invert_Level_To_m":0,"Slop_Percentage":0,"Latitude":17.036227749999998,"Longitude":54.147954949999999,"GlobalID":"{7A1E4CA9-85CD-4FA1-800D-11A6CA06C141}","NEAR_FID":12163,"NEAR_DIST":12.527786283570947}},{"type":"Feature","id":869,"geometry":{"type":"LineString","coordinates":[[196361.31199999992,1885773.1229999997],[196315.3535000002,1885754.0535000004]]},"properties":{"OBJECTID":869,"Shape_Length":49.7577084726246,"Asset_ID":"DP869","Name":null,"District_ID":"al Sada al Janubiyya","Wlyt_ID":"Salalah","Gov_ID":"Dhofar Governorate","Road_ID":"100350","Pipe_Diameter":800,"Pipe_Material":"HDPE","Invert_Level_From_m":0,"Invert_Level_To_m":0,"Slop_Percentage":0,"Latitude":17.036092669999999,"Longitude":54.147632479999999,"GlobalID":"{568F27A8-1306-4BD9-B1B6-50B25F1DE038}","NEAR_FID":18020,"NEAR_DIST":9.2822879922282784}},{"type":"Feature","id":870,"geometry":{"type":"LineString","coordinates":[[196315.3535000002,1885754.0535000004],[196294.87509999983,1885739.2392999995]]},"properties":{"OBJECTID":870,"Shape_Length":25.274995316320215,"Asset_ID":"DP870","Name":null,"District_ID":"al Sada al Janubiyya","Wlyt_ID":"Salalah","Gov_ID":"Dhofar Governorate","Road_ID":"100350","Pipe_Diameter":200,"Pipe_Material":"UPVC","Invert_Level_From_m":0,"Invert_Level_To_m":0,"Slop_Percentage":0,"Latitude":17.035935340000002,"Longitude":54.147323059999998,"GlobalID":"{32E320A1-7C00-412C-B8C6-088A70C751B8}","NEAR_FID":18020,"NEAR_DIST":9.2822879922282784}},{"type":"Feature","id":871,"geometry":{"type":"LineString","coordinates":[[196407.43360000011,1885744.2168000005],[196384.74019999988,1885733.4116999991]]},"properties":{"OBJECTID":871,"Shape_Length":25.134450254784127,"Asset_ID":"DP871","Name":null,"District_ID":"Dahariz al Shamaliyya","Wlyt_ID":"Salalah","Gov_ID":"Dhofar Governorate","Road_ID":"100418","Pipe_Diameter":600,"Pipe_Material":"HDPE","Invert_Level_From_m":0,"Invert_Level_To_m":0,"Slop_Percentage":0,"Latitude":17.03587662,"Longitude":54.148177889999999,"GlobalID":"{7316B057-7F2E-4E1B-9A55-017D91DF279F}","NEAR_FID":6050,"NEAR_DIST":6.9988552407787807}},{"type":"Feature","id":872,"geometry":{"type":"LineString","coordinates":[[196384.74019999988,1885733.4116999991],[196367.63860000018,1885723.9894999992]]},"properties":{"OBJECTID":872,"Shape_Length":19.525434064015812,"Asset_ID":"DP872","Name":null,"District_ID":"Dahariz al Shamaliyya","Wlyt_ID":"Salalah","Gov_ID":"Dhofar Governorate","Road_ID":"100418","Pipe_Diameter":600,"Pipe_Material":"HDPE","Invert_Level_From_m":0,"Invert_Level_To_m":0,"Slop_Percentage":0,"Latitude":17.035782690000001,"Longitude":54.147992539999997,"GlobalID":"{F83A270D-340D-4E83-BB6D-FD87CF98C292}","NEAR_FID":9827,"NEAR_DIST":7.8961806971097284}},{"type":"Feature","id":873,"geometry":{"type":"LineString","coordinates":[[196367.63860000018,1885723.9894999992],[196346.39769999962,1885711.0272000004]]},"properties":{"OBJECTID":873,"Shape_Length":24.883670430502256,"Asset_ID":"DP873","Name":null,"District_ID":"Dahariz al Shamaliyya","Wlyt_ID":"Salalah","Gov_ID":"Dhofar Governorate","Road_ID":"100418","Pipe_Diameter":600,"Pipe_Material":"HDPE","Invert_Level_From_m":0,"Invert_Level_To_m":0,"Slop_Percentage":0,"Latitude":17.035679120000001,"Longitude":54.147814150000002,"GlobalID":"{1A0494C9-6EB6-432A-9A57-71C6F7D4A0E0}","NEAR_FID":9827,"NEAR_DIST":7.3941095796435086}},{"type":"Feature","id":874,"geometry":{"type":"LineString","coordinates":[[196346.39769999962,1885711.0272000004],[196325.59260000009,1885697.0844999999]]},"properties":{"OBJECTID":874,"Shape_Length":25.044980920214545,"Asset_ID":"DP874","Name":null,"District_ID":"Dahariz al Shamaliyya","Wlyt_ID":"Salalah","Gov_ID":"Dhofar Governorate","Road_ID":"100418","Pipe_Diameter":700,"Pipe_Material":"HDPE","Invert_Level_From_m":0,"Invert_Level_To_m":0,"Slop_Percentage":0,"Latitude":17.03555489,"Longitude":54.147618700000002,"GlobalID":"{2721DA29-936A-42B3-A335-1CD922422315}","NEAR_FID":9827,"NEAR_DIST":6.1615185357866409}},{"type":"Feature","id":875,"geometry":{"type":"LineString","coordinates":[[196325.59260000009,1885697.0844999999],[196304.78749999963,1885680.8542999998]]},"properties":{"OBJECTID":875,"Shape_Length":26.386958484690233,"Asset_ID":"DP875","Name":null,"District_ID":"Dahariz al Shamaliyya","Wlyt_ID":"Salalah","Gov_ID":"Dhofar Governorate","Road_ID":"100418","Pipe_Diameter":700,"Pipe_Material":"HDPE","Invert_Level_From_m":0,"Invert_Level_To_m":0,"Slop_Percentage":0,"Latitude":17.035415950000001,"Longitude":54.147425519999999,"GlobalID":"{FAAB9607-48B7-4A27-8A4F-832BC721A7AD}","NEAR_FID":9827,"NEAR_DIST":6.1615185357866409}},{"type":"Feature","id":876,"geometry":{"type":"LineString","coordinates":[[196304.78749999963,1885680.8542999998],[196285.83420000039,1885667.2383999992]]},"properties":{"OBJECTID":876,"Shape_Length":23.337101655652443,"Asset_ID":"DP876","Name":null,"District_ID":"Dahariz al Shamaliyya","Wlyt_ID":"Salalah","Gov_ID":"Dhofar Governorate","Road_ID":"100418","Pipe_Diameter":700,"Pipe_Material":"HDPE","Invert_Level_From_m":0,"Invert_Level_To_m":0,"Slop_Percentage":0,"Latitude":17.035278600000002,"Longitude":54.147241000000001,"GlobalID":"{B24433A0-FA99-4B5A-96B1-968E791DE2DE}","NEAR_FID":9827,"NEAR_DIST":6.3748267109580681}},{"type":"Feature","id":877,"geometry":{"type":"LineString","coordinates":[[196285.83420000039,1885667.2383999992],[196265.79150000028,1885652.5331999995]]},"properties":{"OBJECTID":877,"Shape_Length":24.858655038567548,"Asset_ID":"DP877","Name":null,"District_ID":"Dahariz al Shamaliyya","Wlyt_ID":"Salalah","Gov_ID":"Dhofar Governorate","Road_ID":"100418","Pipe_Diameter":700,"Pipe_Material":"HDPE","Invert_Level_From_m":0,"Invert_Level_To_m":0,"Slop_Percentage":0,"Latitude":17.03514818,"Longitude":54.14705996,"GlobalID":"{A3EF0883-7689-4167-97F2-B8E136DD4946}","NEAR_FID":9827,"NEAR_DIST":6.2107325168480765}},{"type":"Feature","id":878,"geometry":{"type":"LineString","coordinates":[[196265.79150000028,1885652.5331999995],[196245.31319999974,1885637.7191000003]]},"properties":{"OBJECTID":878,"Shape_Length":25.27485568102837,"Asset_ID":"DP878","Name":null,"District_ID":"Dahariz al Shamaliyya","Wlyt_ID":"Salalah","Gov_ID":"Dhofar Governorate","Road_ID":"100418","Pipe_Diameter":700,"Pipe_Material":"HDPE","Invert_Level_From_m":0,"Invert_Level_To_m":0,"Slop_Percentage":0,"Latitude":17.035012259999998,"Longitude":54.146871840000003,"GlobalID":"{29DAD48E-215E-4F80-8CD6-32D3C6984D5C}","NEAR_FID":9827,"NEAR_DIST":5.9318278532747497}},{"type":"Feature","id":879,"geometry":{"type":"LineString","coordinates":[[196536.20359999966,1885847.0229000002],[196536.57199999969,1885824.6153999995]]},"properties":{"OBJECTID":879,"Shape_Length":22.410528214213898,"Asset_ID":"DP879","Name":null,"District_ID":"al Sada al Janubiyya","Wlyt_ID":"Salalah","Gov_ID":"Dhofar Governorate","Road_ID":"100352","Pipe_Diameter":300,"Pipe_Material":"UPVC","Invert_Level_From_m":0,"Invert_Level_To_m":0,"Slop_Percentage":0,"Latitude":17.03677089,"Longitude":54.149481299999998,"GlobalID":"{B46B35BC-4F39-4368-BCC3-F5528A893059}","NEAR_FID":13090,"NEAR_DIST":2.6050238721529384}},{"type":"Feature","id":880,"geometry":{"type":"LineString","coordinates":[[196559.67740000039,1885846.0969999991],[196560.25490000006,1885827.1564000007]]},"properties":{"OBJECTID":880,"Shape_Length":18.949401957614551,"Asset_ID":"DP880","Name":null,"District_ID":"al Sada al Janubiyya","Wlyt_ID":"Salalah","Gov_ID":"Dhofar Governorate","Road_ID":"100352","Pipe_Diameter":300,"Pipe_Material":"UPVC","Invert_Level_From_m":0,"Invert_Level_To_m":0,"Slop_Percentage":0,"Latitude":17.03678128,"Longitude":54.149702470000001,"GlobalID":"{54850E3B-D6BC-4E57-B148-880C1715BED4}","NEAR_FID":13090,"NEAR_DIST":2.5818693330224658}},{"type":"Feature","id":881,"geometry":{"type":"LineString","coordinates":[[196290.08229999989,1885703.9469000008],[196269.44060000032,1885689.3506000005]]},"properties":{"OBJECTID":881,"Shape_Length":25.281055210804912,"Asset_ID":"DP881","Name":null,"District_ID":"al Sada al Janubiyya","Wlyt_ID":"Salalah","Gov_ID":"Dhofar Governorate","Road_ID":"100418","Pipe_Diameter":200,"Pipe_Material":"UPVC","Invert_Level_From_m":0,"Invert_Level_To_m":0,"Slop_Percentage":0,"Latitude":17.03548061,"Longitude":54.147091979999999,"GlobalID":"{E4248D18-A2D6-49CD-AD3B-65B48DFCE9A7}","NEAR_FID":7082,"NEAR_DIST":1.5933820639510332}},{"type":"Feature","id":882,"geometry":{"type":"LineString","coordinates":[[196269.44060000032,1885689.3506000005],[196252.10819999967,1885707.0977999996]]},"properties":{"OBJECTID":882,"Shape_Length":24.806757095460167,"Asset_ID":"DP882","Name":null,"District_ID":"al Sada al Janubiyya","Wlyt_ID":"Salalah","Gov_ID":"Dhofar Governorate","Road_ID":"100418","Pipe_Diameter":200,"Pipe_Material":"UPVC","Invert_Level_From_m":0,"Invert_Level_To_m":0,"Slop_Percentage":0,"Latitude":17.03549233,"Longitude":54.146913570000002,"GlobalID":"{F9027713-B43B-4A6D-8F55-C26F5C924363}","NEAR_FID":7082,"NEAR_DIST":0}},{"type":"Feature","id":883,"geometry":{"type":"LineString","coordinates":[[196306.0401999997,1885715.2208999991],[196290.08229999989,1885703.9469000008]]},"properties":{"OBJECTID":883,"Shape_Length":19.538619407892536,"Asset_ID":"DP883","Name":null,"District_ID":"al Sada al Janubiyya","Wlyt_ID":"Salalah","Gov_ID":"Dhofar Governorate","Road_ID":"100418","Pipe_Diameter":200,"Pipe_Material":"UPVC","Invert_Level_From_m":0,"Invert_Level_To_m":0,"Slop_Percentage":0,"Latitude":17.0355998,"Longitude":54.14726194,"GlobalID":"{33873F7E-6D4A-49A9-95A6-2B4BB80FE015}","NEAR_FID":7082,"NEAR_DIST":1.1138631315005358}},{"type":"Feature","id":884,"geometry":{"type":"LineString","coordinates":[[196326.89979999978,1885729.3814000003],[196306.0401999997,1885715.2208999991]]},"properties":{"OBJECTID":884,"Shape_Length":25.211954950903721,"Asset_ID":"DP884","Name":null,"District_ID":"al Sada al Janubiyya","Wlyt_ID":"Salalah","Gov_ID":"Dhofar Governorate","Road_ID":"100418","Pipe_Diameter":200,"Pipe_Material":"UPVC","Invert_Level_From_m":0,"Invert_Level_To_m":0,"Slop_Percentage":0,"Latitude":17.035717040000002,"Longitude":54.147432960000003,"GlobalID":"{8D7CC437-C147-43D7-B6EC-D8437946699F}","NEAR_FID":7082,"NEAR_DIST":1.0691696656916398}},{"type":"Feature","id":885,"geometry":{"type":"LineString","coordinates":[[196348.35840000026,1885742.7249999996],[196326.89979999978,1885729.3814000003]]},"properties":{"OBJECTID":885,"Shape_Length":25.269016105152854,"Asset_ID":"DP885","Name":null,"District_ID":"al Sada al Janubiyya","Wlyt_ID":"Salalah","Gov_ID":"Dhofar Governorate","Road_ID":"100418","Pipe_Diameter":200,"Pipe_Material":"UPVC","Invert_Level_From_m":0,"Invert_Level_To_m":0,"Slop_Percentage":0,"Latitude":17.03584399,"Longitude":54.147629649999999,"GlobalID":"{02A386C9-B3DD-4781-8AA4-4160000AF605}","NEAR_FID":7082,"NEAR_DIST":2.6875912560751831}},{"type":"Feature","id":886,"geometry":{"type":"LineString","coordinates":[[196370.41619999986,1885755.1426999997],[196348.35840000026,1885742.7249999996]]},"properties":{"OBJECTID":886,"Shape_Length":25.312957435177594,"Asset_ID":"DP886","Name":null,"District_ID":"al Sada al Janubiyya","Wlyt_ID":"Salalah","Gov_ID":"Dhofar Governorate","Road_ID":"100418","Pipe_Diameter":200,"Pipe_Material":"UPVC","Invert_Level_From_m":0,"Invert_Level_To_m":0,"Slop_Percentage":0,"Latitude":17.03596314,"Longitude":54.147832080000001,"GlobalID":"{B51E6195-2A14-4D66-BB2F-9534727B9959}","NEAR_FID":7082,"NEAR_DIST":5.511701913536057}},{"type":"Feature","id":887,"geometry":{"type":"LineString","coordinates":[[196392.96420000028,1885766.0354999993],[196370.41619999986,1885755.1426999997]]},"properties":{"OBJECTID":887,"Shape_Length":25.041273846378829,"Asset_ID":"DP887","Name":null,"District_ID":"al Sada al Janubiyya","Wlyt_ID":"Salalah","Gov_ID":"Dhofar Governorate","Road_ID":"100418","Pipe_Diameter":200,"Pipe_Material":"UPVC","Invert_Level_From_m":0,"Invert_Level_To_m":0,"Slop_Percentage":0,"Latitude":17.036071310000001,"Longitude":54.148039789999999,"GlobalID":"{5D47ED85-A50B-4842-97AA-CB5485C6A759}","NEAR_FID":12163,"NEAR_DIST":6.1022885794064115}},{"type":"Feature","id":888,"geometry":{"type":"LineString","coordinates":[[196415.73000000045,1885775.8388999999],[196392.96420000028,1885766.0354999993]]},"properties":{"OBJECTID":888,"Shape_Length":24.786857429262664,"Asset_ID":"DP888","Name":null,"District_ID":"al Sada al Janubiyya","Wlyt_ID":"Salalah","Gov_ID":"Dhofar Governorate","Road_ID":"100418","Pipe_Diameter":200,"Pipe_Material":"UPVC","Invert_Level_From_m":0,"Invert_Level_To_m":0,"Slop_Percentage":0,"Latitude":17.036167720000002,"Longitude":54.148251010000003,"GlobalID":"{26DE6C5B-13FC-408A-8486-A66B6F48F8BB}","NEAR_FID":12163,"NEAR_DIST":6.3924627224462744}},{"type":"Feature","id":889,"geometry":{"type":"LineString","coordinates":[[196436.15390000027,1885872.8114999998],[196427.22730000038,1885855.4769000001]]},"properties":{"OBJECTID":889,"Shape_Length":19.49801386572512,"Asset_ID":"DP889","Name":null,"District_ID":"al Sada al Janubiyya","Wlyt_ID":"Salalah","Gov_ID":"Dhofar Governorate","Road_ID":"100350","Pipe_Diameter":200,"Pipe_Material":"UPVC","Invert_Level_From_m":0,"Invert_Level_To_m":0,"Slop_Percentage":0,"Latitude":17.037012820000001,"Longitude":54.148494849999999,"GlobalID":"{6B9982A2-E058-49AC-A0CC-E9A532C7FD97}","NEAR_FID":18020,"NEAR_DIST":5.9516170038155947}},{"type":"Feature","id":890,"geometry":{"type":"LineString","coordinates":[[196440.29310000036,1885872.5935999993],[196436.15390000027,1885872.8114999998]]},"properties":{"OBJECTID":890,"Shape_Length":4.1449314892996973,"Asset_ID":"DP890","Name":null,"District_ID":"al Sada al Janubiyya","Wlyt_ID":"Salalah","Gov_ID":"Dhofar Governorate","Road_ID":"100410","Pipe_Diameter":200,"Pipe_Material":"UPVC","Invert_Level_From_m":0,"Invert_Level_To_m":0,"Slop_Percentage":0,"Latitude":17.03709095,"Longitude":54.148554990000001,"GlobalID":"{0423F77B-71F8-40EF-AAE5-FFBABBF4EC90}","NEAR_FID":10600,"NEAR_DIST":4.7263688195730218}},{"type":"Feature","id":891,"geometry":{"type":"LineString","coordinates":[[196439.09489999991,1885847.4313999992],[196427.22730000038,1885855.4769000001]]},"properties":{"OBJECTID":891,"Shape_Length":14.337712509811325,"Asset_ID":"DP891","Name":null,"District_ID":"al Sada al Janubiyya","Wlyt_ID":"Salalah","Gov_ID":"Dhofar Governorate","Road_ID":"100350","Pipe_Diameter":200,"Pipe_Material":"UPVC","Invert_Level_From_m":0,"Invert_Level_To_m":0,"Slop_Percentage":0,"Latitude":17.036898449999999,"Longitude":54.148510389999998,"GlobalID":"{6FA7A72D-451D-4CAA-AB59-9ABE7E43F9F8}","NEAR_FID":18020,"NEAR_DIST":0}},{"type":"Feature","id":892,"geometry":{"type":"LineString","coordinates":[[196460.42360000033,1885847.3666999992],[196488.31359999999,1885817.2874999996]]},"properties":{"OBJECTID":892,"Shape_Length":41.019633989048238,"Asset_ID":"DP892","Name":null,"District_ID":"al Sada al Janubiyya","Wlyt_ID":"Salalah","Gov_ID":"Dhofar Governorate","Road_ID":"100410","Pipe_Diameter":200,"Pipe_Material":"UPVC","Invert_Level_From_m":0,"Invert_Level_To_m":0,"Slop_Percentage":0,"Latitude":17.036731190000001,"Longitude":54.148899739999997,"GlobalID":"{B865A648-CA14-4E73-B939-34E10E39B330}","NEAR_FID":15793,"NEAR_DIST":3.1165025949294947}},{"type":"Feature","id":893,"geometry":{"type":"LineString","coordinates":[[196427.22730000038,1885855.4769000001],[196419.12440000009,1885829.5467000008]]},"properties":{"OBJECTID":893,"Shape_Length":27.166749169188606,"Asset_ID":"DP893","Name":null,"District_ID":"al Sada al Janubiyya","Wlyt_ID":"Salalah","Gov_ID":"Dhofar Governorate","Road_ID":"100350","Pipe_Diameter":200,"Pipe_Material":"UPVC","Invert_Level_From_m":0,"Invert_Level_To_m":0,"Slop_Percentage":0,"Latitude":17.036816399999999,"Longitude":54.148417909999999,"GlobalID":"{17CC8211-9A76-4AC9-8E8A-A4D0BF960F3C}","NEAR_FID":18020,"NEAR_DIST":0}},{"type":"Feature","id":894,"geometry":{"type":"LineString","coordinates":[[196419.12440000009,1885829.5467000008],[196434.66640000045,1885798.7908999994]]},"properties":{"OBJECTID":894,"Shape_Length":34.459730087926424,"Asset_ID":"DP894","Name":null,"District_ID":"al Sada al Janubiyya","Wlyt_ID":"Salalah","Gov_ID":"Dhofar Governorate","Road_ID":"100410","Pipe_Diameter":300,"Pipe_Material":"UPVC","Invert_Level_From_m":0,"Invert_Level_To_m":0,"Slop_Percentage":0,"Latitude":17.036560999999999,"Longitude":54.148456699999997,"GlobalID":"{71483A38-3175-420A-B4F6-5AD968AA1070}","NEAR_FID":15864,"NEAR_DIST":0}},{"type":"Feature","id":895,"geometry":{"type":"LineString","coordinates":[[196496.39070000034,1885751.3847000003],[196472.6445000004,1885744.6312000006]]},"properties":{"OBJECTID":895,"Shape_Length":24.687887246221102,"Asset_ID":"DP895","Name":null,"District_ID":"Dahariz al Shamaliyya","Wlyt_ID":"Salalah","Gov_ID":"Dhofar Governorate","Road_ID":"100124","Pipe_Diameter":200,"Pipe_Material":"UPVC","Invert_Level_From_m":0,"Invert_Level_To_m":0,"Slop_Percentage":0,"Latitude":17.035971270000001,"Longitude":54.149006530000001,"GlobalID":"{F9BBBD40-B623-4F2C-8A96-52FC3010A570}","NEAR_FID":18804,"NEAR_DIST":3.3289152554450236}},{"type":"Feature","id":896,"geometry":{"type":"LineString","coordinates":[[196472.6445000004,1885744.6312000006],[196449.00729999971,1885736.5705999993]]},"properties":{"OBJECTID":896,"Shape_Length":24.97379619230729,"Asset_ID":"DP896","Name":null,"District_ID":"Dahariz al Shamaliyya","Wlyt_ID":"Salalah","Gov_ID":"Dhofar Governorate","Road_ID":"100124","Pipe_Diameter":200,"Pipe_Material":"UPVC","Invert_Level_From_m":0,"Invert_Level_To_m":0,"Slop_Percentage":0,"Latitude":17.035901280000001,"Longitude":54.148785199999999,"GlobalID":"{192C675A-E20E-45FC-A57E-33E2922B3336}","NEAR_FID":18804,"NEAR_DIST":3.3289152554450236}},{"type":"Feature","id":897,"geometry":{"type":"LineString","coordinates":[[196449.00729999971,1885736.5705999993],[196440.9467000002,1885753.7810999993]]},"properties":{"OBJECTID":897,"Shape_Length":19.004593723716255,"Asset_ID":"DP897","Name":null,"District_ID":"Dahariz al Shamaliyya","Wlyt_ID":"Salalah","Gov_ID":"Dhofar Governorate","Road_ID":"100124","Pipe_Diameter":200,"Pipe_Material":"UPVC","Invert_Level_From_m":0,"Invert_Level_To_m":0,"Slop_Percentage":0,"Latitude":17.035940490000002,"Longitude":54.148635839999997,"GlobalID":"{9044BE26-9420-444A-98AE-AF9F7014C0DD}","NEAR_FID":18804,"NEAR_DIST":0}},{"type":"Feature","id":898,"geometry":{"type":"LineString","coordinates":[[196567.30229999963,1885765.1096000001],[196542.57579999976,1885761.4060999993]]},"properties":{"OBJECTID":898,"Shape_Length":25.002314182878461,"Asset_ID":"DP898","Name":null,"District_ID":"Dahariz al Shamaliyya","Wlyt_ID":"Salalah","Gov_ID":"Dhofar Governorate","Road_ID":"100124","Pipe_Diameter":200,"Pipe_Material":"UPVC","Invert_Level_From_m":0,"Invert_Level_To_m":0,"Slop_Percentage":0,"Latitude":17.03611823,"Longitude":54.149665329999998,"GlobalID":"{F13B1753-4141-4DA1-A53B-F412144DD5C7}","NEAR_FID":18804,"NEAR_DIST":3.5549307067367053}},{"type":"Feature","id":899,"geometry":{"type":"LineString","coordinates":[[196542.57579999976,1885761.4060999993],[196515.34399999958,1885756.0686000008]]},"properties":{"OBJECTID":899,"Shape_Length":27.749952026698629,"Asset_ID":"DP899","Name":null,"District_ID":"Dahariz al Shamaliyya","Wlyt_ID":"Salalah","Gov_ID":"Dhofar Governorate","Road_ID":"100124","Pipe_Diameter":200,"Pipe_Material":"UPVC","Invert_Level_From_m":0,"Invert_Level_To_m":0,"Slop_Percentage":0,"Latitude":17.036073989999998,"Longitude":54.149422139999999,"GlobalID":"{87A8CF89-1803-4BD1-B532-528928BACF32}","NEAR_FID":18804,"NEAR_DIST":3.3616824342603624}},{"type":"Feature","id":900,"geometry":{"type":"LineString","coordinates":[[196515.34399999958,1885756.0686000008],[196511.74940000009,1885778.9433999993]]},"properties":{"OBJECTID":900,"Shape_Length":23.155509584689405,"Asset_ID":"DP900","Name":null,"District_ID":"Dahariz al Shamaliyya","Wlyt_ID":"Salalah","Gov_ID":"Dhofar Governorate","Road_ID":"100124","Pipe_Diameter":200,"Pipe_Material":"UPVC","Invert_Level_From_m":0,"Invert_Level_To_m":0,"Slop_Percentage":0,"Latitude":17.03615113,"Longitude":54.149276290000003,"GlobalID":"{696DB266-1FCE-4647-A2AD-E3E45D342FDA}","NEAR_FID":18804,"NEAR_DIST":0}},{"type":"Feature","id":901,"geometry":{"type":"LineString","coordinates":[[196424.28079999983,1885726.9849999994],[196400.09889999963,1885716.4190999996]]},"properties":{"OBJECTID":901,"Shape_Length":26.389439752023716,"Asset_ID":"DP901","Name":null,"District_ID":"Dahariz al Shamaliyya","Wlyt_ID":"Salalah","Gov_ID":"Dhofar Governorate","Road_ID":"100124","Pipe_Diameter":200,"Pipe_Material":"UPVC","Invert_Level_From_m":0,"Invert_Level_To_m":0,"Slop_Percentage":0,"Latitude":17.035724250000001,"Longitude":54.148331349999999,"GlobalID":"{D62A25D4-363A-4B4E-AAF4-7C924955852C}","NEAR_FID":18580,"NEAR_DIST":2.8467067809310436}},{"type":"Feature","id":902,"geometry":{"type":"LineString","coordinates":[[196400.09889999963,1885716.4190999996],[196384.74019999988,1885733.4116999991]]},"properties":{"OBJECTID":902,"Shape_Length":22.904980253787794,"Asset_ID":"DP902","Name":null,"District_ID":"Dahariz al Shamaliyya","Wlyt_ID":"Salalah","Gov_ID":"Dhofar Governorate","Road_ID":"100418","Pipe_Diameter":200,"Pipe_Material":"UPVC","Invert_Level_From_m":0,"Invert_Level_To_m":0,"Slop_Percentage":0,"Latitude":17.035750650000001,"Longitude":54.148145370000002,"GlobalID":"{335AEAD1-C7C6-40B7-842F-9EB62D2C1732}","NEAR_FID":7409,"NEAR_DIST":0}},{"type":"Feature","id":903,"geometry":{"type":"LineString","coordinates":[[196378.85809999984,1885706.0710000005],[196357.61730000004,1885694.5790999997],[196335.7229000004,1885681.8346999995],[196325.59260000009,1885697.0844999999]]},"properties":{"OBJECTID":903,"Shape_Length":67.791636516061601,"Asset_ID":"DP903","Name":null,"District_ID":"Dahariz al Shamaliyya","Wlyt_ID":"Salalah","Gov_ID":"Dhofar Governorate","Road_ID":"100124","Pipe_Diameter":200,"Pipe_Material":"UPVC","Invert_Level_From_m":0,"Invert_Level_To_m":0,"Slop_Percentage":0,"Latitude":17.035449020000001,"Longitude":54.147782909999997,"GlobalID":"{BFC0A27E-7964-47A7-9581-3E5314CB63A8}","NEAR_FID":5233,"NEAR_DIST":0}},{"type":"Feature","id":904,"geometry":{"type":"LineString","coordinates":[[196398.03440000024,1885814.2577999998],[196407.49579999968,1885792.2588999998]]},"properties":{"OBJECTID":904,"Shape_Length":23.947227212347592,"Asset_ID":"DP904","Name":null,"District_ID":"al Sada al Janubiyya","Wlyt_ID":"Salalah","Gov_ID":"Dhofar Governorate","Road_ID":"100410","Pipe_Diameter":300,"Pipe_Material":"UPVC","Invert_Level_From_m":0,"Invert_Level_To_m":0,"Slop_Percentage":0,"Latitude":17.036459319999999,"Longitude":54.148231729999999,"GlobalID":"{FEE9ABC1-B7A9-4FD1-8CB5-597615B6DA3A}","NEAR_FID":15864,"NEAR_DIST":8.6398178139928969}},{"type":"Feature","id":905,"geometry":{"type":"LineString","coordinates":[[197661.19130000006,1885781.9047999997],[197654.93329999968,1885780.8178000003],[197648.60830000043,1885780.2356000002],[197642.25700000022,1885780.1621000003],[197635.92019999959,1885780.5976999998]]},"properties":{"OBJECTID":905,"Shape_Length":25.40692113443599,"Asset_ID":"DP905","Name":null,"District_ID":"al Sada al Janubiyya","Wlyt_ID":"Salalah","Gov_ID":"Dhofar Governorate","Road_ID":"100251","Pipe_Diameter":300,"Pipe_Material":"HDPE","Invert_Level_From_m":0,"Invert_Level_To_m":0,"Slop_Percentage":0,"Latitude":17.036415269999999,"Longitude":54.159926519999999,"GlobalID":"{2A00B859-6D2E-45AD-BD2B-0D23FB3D80E7}","NEAR_FID":10713,"NEAR_DIST":3.3651561407409178}},{"type":"Feature","id":906,"geometry":{"type":"LineString","coordinates":[[197675.78760000039,1885788.4405000005],[197661.19130000006,1885781.9047999997]]},"properties":{"OBJECTID":906,"Shape_Length":15.992727978685654,"Asset_ID":"DP906","Name":null,"District_ID":"al Sada al Janubiyya","Wlyt_ID":"Salalah","Gov_ID":"Dhofar Governorate","Road_ID":"100251","Pipe_Diameter":200,"Pipe_Material":"UPVC","Invert_Level_From_m":0,"Invert_Level_To_m":0,"Slop_Percentage":0,"Latitude":17.036462459999999,"Longitude":54.160112830000003,"GlobalID":"{FDC3BD68-D9BA-48B6-9EEA-8636B0FFDF1E}","NEAR_FID":10713,"NEAR_DIST":3.0494555225871731}},{"type":"Feature","id":907,"geometry":{"type":"LineString","coordinates":[[197717.17989999987,1885781.2512999997],[197734.48269999959,1885779.8022000007]]},"properties":{"OBJECTID":907,"Shape_Length":17.363374632742698,"Asset_ID":"DP907","Name":null,"District_ID":"al Sada al Janubiyya","Wlyt_ID":"Salalah","Gov_ID":"Dhofar Governorate","Road_ID":"100251","Pipe_Diameter":200,"Pipe_Material":"UPVC","Invert_Level_From_m":0,"Invert_Level_To_m":0,"Slop_Percentage":0,"Latitude":17.036428040000001,"Longitude":54.160651610000002,"GlobalID":"{52BA34FD-B8CB-41C3-9DF6-36E1724EEB7D}","NEAR_FID":15654,"NEAR_DIST":4.2720941215960986}},{"type":"Feature","id":908,"geometry":{"type":"LineString","coordinates":[[197732.67480000015,1885774.0416000001],[197734.48269999959,1885779.8022000007]]},"properties":{"OBJECTID":908,"Shape_Length":6.0376332097179475,"Asset_ID":"DP908","Name":null,"District_ID":"al Sada al Janubiyya","Wlyt_ID":"Salalah","Gov_ID":"Dhofar Governorate","Road_ID":"100251","Pipe_Diameter":200,"Pipe_Material":"UPVC","Invert_Level_From_m":0,"Invert_Level_To_m":0,"Slop_Percentage":0,"Latitude":17.036396509999999,"Longitude":54.160724809999998,"GlobalID":"{60F4FCBE-C18A-41E1-B5F0-44F1904720EF}","NEAR_FID":15938,"NEAR_DIST":7.0954902803293001}},{"type":"Feature","id":909,"geometry":{"type":"LineString","coordinates":[[197743.45859999955,1885783.7361999992],[197734.48269999959,1885779.8022000007]]},"properties":{"OBJECTID":909,"Shape_Length":9.8001600393801223,"Asset_ID":"DP909","Name":null,"District_ID":"al Sada al Janubiyya","Wlyt_ID":"Salalah","Gov_ID":"Dhofar Governorate","Road_ID":"100251","Pipe_Diameter":200,"Pipe_Material":"UPVC","Invert_Level_From_m":0,"Invert_Level_To_m":0,"Slop_Percentage":0,"Latitude":17.036440979999998,"Longitude":54.160774750000002,"GlobalID":"{1FED9912-BDBF-4159-9EB0-272BCCD1F52E}","NEAR_FID":15938,"NEAR_DIST":0}},{"type":"Feature","id":910,"geometry":{"type":"LineString","coordinates":[[197743.45859999955,1885783.7361999992],[197754.46030000038,1885777.6361999996]]},"properties":{"OBJECTID":910,"Shape_Length":12.579642399682186,"Asset_ID":"DP910","Name":null,"District_ID":"al Sada al Janubiyya","Wlyt_ID":"Salalah","Gov_ID":"Dhofar Governorate","Road_ID":"100251","Pipe_Diameter":300,"Pipe_Material":"HDPE","Invert_Level_From_m":0,"Invert_Level_To_m":0,"Slop_Percentage":0,"Latitude":17.036432520000002,"Longitude":54.160868649999998,"GlobalID":"{BCA603A7-BC41-4765-89B5-D6C03DB47EEC}","NEAR_FID":15938,"NEAR_DIST":1.7076384881300626}},{"type":"Feature","id":911,"geometry":{"type":"LineString","coordinates":[[197754.46030000038,1885777.6361999996],[197779.92210000008,1885774.0620000008]]},"properties":{"OBJECTID":911,"Shape_Length":25.711440349691525,"Asset_ID":"DP911","Name":null,"District_ID":"al Sada al Janubiyya","Wlyt_ID":"Salalah","Gov_ID":"Dhofar Governorate","Road_ID":"100251","Pipe_Diameter":300,"Pipe_Material":"HDPE","Invert_Level_From_m":0,"Invert_Level_To_m":0,"Slop_Percentage":0,"Latitude":17.03639124,"Longitude":54.161040409999998,"GlobalID":"{312BEC56-8FE4-4AC2-ADFA-CC7E54F593A2}","NEAR_FID":15938,"NEAR_DIST":2.4836867183142135}},{"type":"Feature","id":912,"geometry":{"type":"LineString","coordinates":[[197779.92210000008,1885774.0620000008],[197804.53959999979,1885772.7548999991]]},"properties":{"OBJECTID":912,"Shape_Length":24.652176712205964,"Asset_ID":"DP912","Name":null,"District_ID":"al Sada al Janubiyya","Wlyt_ID":"Salalah","Gov_ID":"Dhofar Governorate","Road_ID":"100251","Pipe_Diameter":300,"Pipe_Material":"HDPE","Invert_Level_From_m":0,"Invert_Level_To_m":0,"Slop_Percentage":0,"Latitude":17.036372490000002,"Longitude":54.161275740000001,"GlobalID":"{F6436398-10E0-4B81-BFDB-F4F0F2F3846F}","NEAR_FID":15938,"NEAR_DIST":4.9316213840476477}},{"type":"Feature","id":913,"geometry":{"type":"LineString","coordinates":[[197804.53959999979,1885772.7548999991],[197829.81080000009,1885771.6655999999]]},"properties":{"OBJECTID":913,"Shape_Length":25.294665918801893,"Asset_ID":"DP913","Name":null,"District_ID":"al Sada al Janubiyya","Wlyt_ID":"Salalah","Gov_ID":"Dhofar Governorate","Road_ID":"100251","Pipe_Diameter":300,"Pipe_Material":"HDPE","Invert_Level_From_m":0,"Invert_Level_To_m":0,"Slop_Percentage":0,"Latitude":17.036364939999999,"Longitude":54.16151,"GlobalID":"{D5C23F1C-E69B-452C-9511-B43DFDF893AA}","NEAR_FID":15938,"NEAR_DIST":9.0149028331026262}},{"type":"Feature","id":914,"geometry":{"type":"LineString","coordinates":[[197829.81080000009,1885771.6655999999],[197854.42839999963,1885769.9228000008]]},"properties":{"OBJECTID":914,"Shape_Length":24.67921355258607,"Asset_ID":"DP914","Name":null,"District_ID":"al Sada al Janubiyya","Wlyt_ID":"Salalah","Gov_ID":"Dhofar Governorate","Road_ID":"100418","Pipe_Diameter":300,"Pipe_Material":"HDPE","Invert_Level_From_m":0,"Invert_Level_To_m":0,"Slop_Percentage":0,"Latitude":17.03635543,"Longitude":54.161744290000001,"GlobalID":"{C416A680-3E86-4323-AC08-66E2B8B5384E}","NEAR_FID":14835,"NEAR_DIST":9.7409579547541796}},{"type":"Feature","id":915,"geometry":{"type":"LineString","coordinates":[[197854.42839999963,1885769.9228000008],[197879.30510000046,1885765.9103999995]]},"properties":{"OBJECTID":915,"Shape_Length":25.198205426220284,"Asset_ID":"DP915","Name":null,"District_ID":"al Sada al Janubiyya","Wlyt_ID":"Salalah","Gov_ID":"Dhofar Governorate","Road_ID":"100418","Pipe_Diameter":300,"Pipe_Material":"HDPE","Invert_Level_From_m":0,"Invert_Level_To_m":0,"Slop_Percentage":0,"Latitude":17.036332689999998,"Longitude":54.161976930000002,"GlobalID":"{F4839579-9D97-4236-97EB-B186DECEF833}","NEAR_FID":14835,"NEAR_DIST":6.8360094884995277}},{"type":"Feature","id":916,"geometry":{"type":"LineString","coordinates":[[197879.30510000046,1885765.9103999995],[197904.35720000044,1885764.6618000008]]},"properties":{"OBJECTID":916,"Shape_Length":25.083195896161588,"Asset_ID":"DP916","Name":null,"District_ID":"al Sada al Janubiyya","Wlyt_ID":"Salalah","Gov_ID":"Dhofar Governorate","Road_ID":"100418","Pipe_Diameter":300,"Pipe_Material":"HDPE","Invert_Level_From_m":0,"Invert_Level_To_m":0,"Slop_Percentage":0,"Latitude":17.036312219999999,"Longitude":54.162211579999997,"GlobalID":"{BB2EFB0F-9D52-4793-AE4F-149B11E209B3}","NEAR_FID":14835,"NEAR_DIST":6.699921053349958}},{"type":"Feature","id":917,"geometry":{"type":"LineString","coordinates":[[197904.35720000044,1885764.6618000008],[197929.24039999954,1885763.4820000008]]},"properties":{"OBJECTID":917,"Shape_Length":24.911153530813305,"Asset_ID":"DP917","Name":null,"District_ID":"al Sada al Janubiyya","Wlyt_ID":"Salalah","Gov_ID":"Dhofar Governorate","Road_ID":"100418","Pipe_Diameter":300,"Pipe_Material":"HDPE","Invert_Level_From_m":0,"Invert_Level_To_m":0,"Slop_Percentage":0,"Latitude":17.036304529999999,"Longitude":54.162446070000001,"GlobalID":"{F38D39FC-3E62-4D36-98C2-943A6A050082}","NEAR_FID":14835,"NEAR_DIST":6.6289986604761149}},{"type":"Feature","id":918,"geometry":{"type":"LineString","coordinates":[[197929.24039999954,1885763.4820000008],[197954.20579999965,1885762.5157999992]]},"properties":{"OBJECTID":918,"Shape_Length":24.984089729427915,"Asset_ID":"DP918","Name":null,"District_ID":"al Sada al Janubiyya","Wlyt_ID":"Salalah","Gov_ID":"Dhofar Governorate","Road_ID":"100418","Pipe_Diameter":400,"Pipe_Material":"HDPE","Invert_Level_From_m":0,"Invert_Level_To_m":0,"Slop_Percentage":0,"Latitude":17.036298110000001,"Longitude":54.162680119999997,"GlobalID":"{670F417F-C12E-4553-A94D-52D8B1B392C2}","NEAR_FID":14835,"NEAR_DIST":6.6289986604761149}},{"type":"Feature","id":919,"geometry":{"type":"LineString","coordinates":[[197954.20579999965,1885762.5157999992],[197979.15369999968,1885761.2159000002]]},"properties":{"OBJECTID":919,"Shape_Length":24.981742421595591,"Asset_ID":"DP919","Name":null,"District_ID":"al Sada al Janubiyya","Wlyt_ID":"Salalah","Gov_ID":"Dhofar Governorate","Road_ID":"100418","Pipe_Diameter":400,"Pipe_Material":"HDPE","Invert_Level_From_m":0,"Invert_Level_To_m":0,"Slop_Percentage":0,"Latitude":17.03629115,"Longitude":54.162914489999999,"GlobalID":"{4B4A5E9E-5377-4C0F-A6BE-1D96C5F980A3}","NEAR_FID":14835,"NEAR_DIST":6.6974912920831002}},{"type":"Feature","id":920,"geometry":{"type":"LineString","coordinates":[[197979.15369999968,1885761.2159000002],[198004.36679999996,1885760.1194000002]]},"properties":{"OBJECTID":920,"Shape_Length":25.236931744455767,"Asset_ID":"DP920","Name":null,"District_ID":"al Sada al Janubiyya","Wlyt_ID":"Salalah","Gov_ID":"Dhofar Governorate","Road_ID":"100418","Pipe_Diameter":400,"Pipe_Material":"HDPE","Invert_Level_From_m":0,"Invert_Level_To_m":0,"Slop_Percentage":0,"Latitude":17.036283619999999,"Longitude":54.163150039999998,"GlobalID":"{761CA24D-C2A6-4A13-9B68-4F68592996CC}","NEAR_FID":14835,"NEAR_DIST":6.6974912920831002}},{"type":"Feature","id":921,"geometry":{"type":"LineString","coordinates":[[198004.36679999996,1885760.1194000002],[198029.31120000035,1885760.4461000003]]},"properties":{"OBJECTID":921,"Shape_Length":24.946539324509811,"Asset_ID":"DP921","Name":null,"District_ID":"al Sada al Janubiyya","Wlyt_ID":"Salalah","Gov_ID":"Dhofar Governorate","Road_ID":"100418","Pipe_Diameter":400,"Pipe_Material":"HDPE","Invert_Level_From_m":0,"Invert_Level_To_m":0,"Slop_Percentage":0,"Latitude":17.036283430000001,"Longitude":54.16338545,"GlobalID":"{E01203C9-C73F-4973-A817-685EB0C3ABAE}","NEAR_FID":14835,"NEAR_DIST":6.7802298999791546}},{"type":"Feature","id":922,"geometry":{"type":"LineString","coordinates":[[198029.31120000035,1885760.4461000003],[198054.36440000031,1885760.7729000002]]},"properties":{"OBJECTID":922,"Shape_Length":25.055331338424406,"Asset_ID":"DP922","Name":null,"District_ID":"al Sada al Janubiyya","Wlyt_ID":"Salalah","Gov_ID":"Dhofar Governorate","Road_ID":"100418","Pipe_Diameter":400,"Pipe_Material":"HDPE","Invert_Level_From_m":0,"Invert_Level_To_m":0,"Slop_Percentage":0,"Latitude":17.036289660000001,"Longitude":54.163620020000003,"GlobalID":"{A58FADF7-5B64-4B48-820E-E060E69E03DA}","NEAR_FID":14835,"NEAR_DIST":8.2987464523453927}},{"type":"Feature","id":923,"geometry":{"type":"LineString","coordinates":[[198079.19990000036,1885759.6835999992],[198111.76910000015,1885757.0693999995]]},"properties":{"OBJECTID":923,"Shape_Length":32.673947270954891,"Asset_ID":"DP923","Name":null,"District_ID":"al Sada al Janubiyya","Wlyt_ID":"Salalah","Gov_ID":"Dhofar Governorate","Road_ID":"100418","Pipe_Diameter":400,"Pipe_Material":"HDPE","Invert_Level_From_m":0,"Invert_Level_To_m":0,"Slop_Percentage":0,"Latitude":17.036276529999999,"Longitude":54.164123789999998,"GlobalID":"{20BB4A62-C52D-42B8-B7DD-2366521AB41B}","NEAR_FID":5855,"NEAR_DIST":0}},{"type":"Feature","id":924,"geometry":{"type":"LineString","coordinates":[[198129.08860000037,1885756.3069000002],[198146.29910000041,1885755.3266000003]]},"properties":{"OBJECTID":924,"Shape_Length":17.238396048977876,"Asset_ID":"DP924","Name":null,"District_ID":"al Sada al Janubiyya","Wlyt_ID":"Salalah","Gov_ID":"Dhofar Governorate","Road_ID":"100418","Pipe_Diameter":400,"Pipe_Material":"HDPE","Invert_Level_From_m":0,"Invert_Level_To_m":0,"Slop_Percentage":0,"Latitude":17.036258950000001,"Longitude":54.164520269999997,"GlobalID":"{96718DB5-9ECD-47FC-9897-99C79F3BB9C1}","NEAR_FID":8167,"NEAR_DIST":8.4888768323145509}},{"type":"Feature","id":925,"geometry":{"type":"LineString","coordinates":[[198146.29910000041,1885755.3266000003],[198179.12110000011,1885754.8673999999]]},"properties":{"OBJECTID":925,"Shape_Length":32.825212087971437,"Asset_ID":"DP925","Name":null,"District_ID":"al Sada al Janubiyya","Wlyt_ID":"Salalah","Gov_ID":"Dhofar Governorate","Road_ID":"100418","Pipe_Diameter":400,"Pipe_Material":"HDPE","Invert_Level_From_m":0,"Invert_Level_To_m":0,"Slop_Percentage":0,"Latitude":17.036255730000001,"Longitude":54.164755139999997,"GlobalID":"{4E413CF6-3DB2-482D-97F8-CDB85004AE31}","NEAR_FID":12729,"NEAR_DIST":0}},{"type":"Feature","id":926,"geometry":{"type":"LineString","coordinates":[[198179.12110000011,1885754.8673999999],[198204.05350000039,1885753.7759000007]]},"properties":{"OBJECTID":926,"Shape_Length":24.956280612748003,"Asset_ID":"DP926","Name":null,"District_ID":"al Sada al Janubiyya","Wlyt_ID":"Salalah","Gov_ID":"Dhofar Governorate","Road_ID":"100418","Pipe_Diameter":400,"Pipe_Material":"HDPE","Invert_Level_From_m":0,"Invert_Level_To_m":0,"Slop_Percentage":0,"Latitude":17.036252510000001,"Longitude":54.165026259999998,"GlobalID":"{E76D0136-F78E-46FC-A9F4-F48AC336F253}","NEAR_FID":12729,"NEAR_DIST":5.559869032738419}},{"type":"Feature","id":927,"geometry":{"type":"LineString","coordinates":[[198204.05350000039,1885753.7759000007],[198228.94330000039,1885751.2788999993]]},"properties":{"OBJECTID":927,"Shape_Length":25.014738716346187,"Asset_ID":"DP927","Name":null,"District_ID":"al Sada al Janubiyya","Wlyt_ID":"Salalah","Gov_ID":"Dhofar Governorate","Road_ID":"100418","Pipe_Diameter":400,"Pipe_Material":"HDPE","Invert_Level_From_m":0,"Invert_Level_To_m":0,"Slop_Percentage":0,"Latitude":17.036239569999999,"Longitude":54.165260289999999,"GlobalID":"{6D9DD210-083E-43C6-B5CD-F10E9CB0A1E1}","NEAR_FID":4361,"NEAR_DIST":7.8836633089797967}},{"type":"Feature","id":928,"geometry":{"type":"LineString","coordinates":[[198228.94330000039,1885751.2788999993],[198253.81960000005,1885748.6793000009]]},"properties":{"OBJECTID":928,"Shape_Length":25.011761669756726,"Asset_ID":"DP928","Name":null,"District_ID":"al Sada al Janubiyya","Wlyt_ID":"Salalah","Gov_ID":"Dhofar Governorate","Road_ID":"100418","Pipe_Diameter":400,"Pipe_Material":"HDPE","Invert_Level_From_m":0,"Invert_Level_To_m":0,"Slop_Percentage":0,"Latitude":17.036219819999999,"Longitude":54.165494170000002,"GlobalID":"{98379CF6-60B0-48C3-AA77-4C219769CF67}","NEAR_FID":4361,"NEAR_DIST":6.4966371079007468}},{"type":"Feature","id":929,"geometry":{"type":"LineString","coordinates":[[198253.81960000005,1885748.6793000009],[198278.86539999954,1885747.4349000007]]},"properties":{"OBJECTID":929,"Shape_Length":25.076694937238887,"Asset_ID":"DP929","Name":null,"District_ID":"al Sada al Janubiyya","Wlyt_ID":"Salalah","Gov_ID":"Dhofar Governorate","Road_ID":"100418","Pipe_Diameter":400,"Pipe_Material":"HDPE","Invert_Level_From_m":0,"Invert_Level_To_m":0,"Slop_Percentage":0,"Latitude":17.03620574,"Longitude":54.165728690000002,"GlobalID":"{1D74CC3C-B30F-41F6-A3CF-71E87359CEDE}","NEAR_FID":4361,"NEAR_DIST":6.4835519024567114}},{"type":"Feature","id":930,"geometry":{"type":"LineString","coordinates":[[198278.86539999954,1885747.4349000007],[198303.78079999983,1885746.4217000008]]},"properties":{"OBJECTID":930,"Shape_Length":24.935992689569435,"Asset_ID":"DP930","Name":null,"District_ID":"al Sada al Janubiyya","Wlyt_ID":"Salalah","Gov_ID":"Dhofar Governorate","Road_ID":"100418","Pipe_Diameter":500,"Pipe_Material":"HDPE","Invert_Level_From_m":0,"Invert_Level_To_m":0,"Slop_Percentage":0,"Latitude":17.036198819999999,"Longitude":54.16596328,"GlobalID":"{6314D1C3-31E0-4545-969F-1545B69E321E}","NEAR_FID":4361,"NEAR_DIST":6.4835519024567114}},{"type":"Feature","id":931,"geometry":{"type":"LineString","coordinates":[[198303.78079999983,1885746.4217000008],[198328.87609999999,1885746.9970999993]]},"properties":{"OBJECTID":931,"Shape_Length":25.101895690493937,"Asset_ID":"DP931","Name":null,"District_ID":"al Sada al Janubiyya","Wlyt_ID":"Salalah","Gov_ID":"Dhofar Governorate","Road_ID":"100418","Pipe_Diameter":500,"Pipe_Material":"HDPE","Invert_Level_From_m":0,"Invert_Level_To_m":0,"Slop_Percentage":0,"Latitude":17.03620012,"Longitude":54.16619798,"GlobalID":"{3E6C5AA4-EBB7-46A7-9809-BEB5A8E0B9E4}","NEAR_FID":4361,"NEAR_DIST":6.5363937150980389}},{"type":"Feature","id":932,"geometry":{"type":"LineString","coordinates":[[198356.88279999979,1885745.7682000007],[198378.66830000002,1885744.8968000002]]},"properties":{"OBJECTID":932,"Shape_Length":21.802920635111775,"Asset_ID":"DP932","Name":null,"District_ID":"al Sada al Janubiyya","Wlyt_ID":"Salalah","Gov_ID":"Dhofar Governorate","Road_ID":"100418","Pipe_Diameter":500,"Pipe_Material":"HDPE","Invert_Level_From_m":0,"Invert_Level_To_m":0,"Slop_Percentage":0,"Latitude":17.036194420000001,"Longitude":54.166680999999997,"GlobalID":"{E102C4CE-03D5-476A-8420-7395AEA342BA}","NEAR_FID":4361,"NEAR_DIST":8.3707957877651324}},{"type":"Feature","id":933,"geometry":{"type":"LineString","coordinates":[[198378.66830000002,1885744.8968000002],[198403.72159999982,1885743.5896000005]]},"properties":{"OBJECTID":933,"Shape_Length":25.087379550661733,"Asset_ID":"DP933","Name":null,"District_ID":"al Sada al Janubiyya","Wlyt_ID":"Salalah","Gov_ID":"Dhofar Governorate","Road_ID":"100418","Pipe_Diameter":500,"Pipe_Material":"HDPE","Invert_Level_From_m":0,"Invert_Level_To_m":0,"Slop_Percentage":0,"Latitude":17.036187649999999,"Longitude":54.166900939999998,"GlobalID":"{561D36F8-35D8-476B-A274-6A6B9F3AF08F}","NEAR_FID":4361,"NEAR_DIST":8.6765089784176528}},{"type":"Feature","id":934,"geometry":{"type":"LineString","coordinates":[[198403.72159999982,1885743.5896000005],[198428.66590000037,1885742.5003999993]]},"properties":{"OBJECTID":934,"Shape_Length":24.96806879116534,"Asset_ID":"DP934","Name":null,"District_ID":"al Sada al Janubiyya","Wlyt_ID":"Salalah","Gov_ID":"Dhofar Governorate","Road_ID":"100418","Pipe_Diameter":500,"Pipe_Material":"HDPE","Invert_Level_From_m":0,"Invert_Level_To_m":0,"Slop_Percentage":0,"Latitude":17.03618011,"Longitude":54.167135709999997,"GlobalID":"{00409481-5F98-489D-93B8-F517FFE31739}","NEAR_FID":4361,"NEAR_DIST":8.6765089784176528}},{"type":"Feature","id":935,"geometry":{"type":"LineString","coordinates":[[198428.66590000037,1885742.5003999993],[198453.72989999969,1885741.2448999994]]},"properties":{"OBJECTID":935,"Shape_Length":25.095425404156128,"Asset_ID":"DP935","Name":null,"District_ID":"al Sada al Janubiyya","Wlyt_ID":"Salalah","Gov_ID":"Dhofar Governorate","Road_ID":"100418","Pipe_Diameter":500,"Pipe_Material":"UPVC","Invert_Level_From_m":0,"Invert_Level_To_m":0,"Slop_Percentage":0,"Latitude":17.036172799999999,"Longitude":54.167370529999999,"GlobalID":"{2003ADC7-6086-47C4-B8A8-F0C5FEE65A49}","NEAR_FID":4361,"NEAR_DIST":8.7093661267582334}},{"type":"Feature","id":936,"geometry":{"type":"LineString","coordinates":[[198453.72989999969,1885741.2448999994],[198478.77249999996,1885740.2128999997]]},"properties":{"OBJECTID":936,"Shape_Length":25.06385522566659,"Asset_ID":"DP936","Name":null,"District_ID":"al Sada al Janubiyya","Wlyt_ID":"Salalah","Gov_ID":"Dhofar Governorate","Road_ID":"100418","Pipe_Diameter":500,"Pipe_Material":"HDPE","Invert_Level_From_m":0,"Invert_Level_To_m":0,"Slop_Percentage":0,"Latitude":17.036165749999999,"Longitude":54.167605809999998,"GlobalID":"{4FD381C2-5C71-4A42-BBBC-6A3E8B9C87F9}","NEAR_FID":4361,"NEAR_DIST":8.7093661267582334}},{"type":"Feature","id":937,"geometry":{"type":"LineString","coordinates":[[198478.77249999996,1885740.2128999997],[198503.49899999984,1885739.0146999992]]},"properties":{"OBJECTID":937,"Shape_Length":24.755514243998544,"Asset_ID":"DP937","Name":null,"District_ID":"al Sada al Janubiyya","Wlyt_ID":"Salalah","Gov_ID":"Dhofar Governorate","Road_ID":"100418","Pipe_Diameter":500,"Pipe_Material":"HDPE","Invert_Level_From_m":0,"Invert_Level_To_m":0,"Slop_Percentage":0,"Latitude":17.03615894,"Longitude":54.167839499999999,"GlobalID":"{4B2062AE-D0CF-49D7-8666-2410B880E083}","NEAR_FID":4361,"NEAR_DIST":8.7307609585667816}},{"type":"Feature","id":938,"geometry":{"type":"LineString","coordinates":[[198503.49899999984,1885739.0146999992],[198528.44340000022,1885737.7075999994]]},"properties":{"OBJECTID":938,"Shape_Length":24.978622896166392,"Asset_ID":"DP938","Name":null,"District_ID":"al Sada al Janubiyya","Wlyt_ID":"Salalah","Gov_ID":"Dhofar Governorate","Road_ID":"100418","Pipe_Diameter":500,"Pipe_Material":"HDPE","Invert_Level_From_m":0,"Invert_Level_To_m":0,"Slop_Percentage":0,"Latitude":17.036150880000001,"Longitude":54.16807275,"GlobalID":"{1310DBEA-DF2D-401A-BF49-ED659D77307B}","NEAR_FID":4361,"NEAR_DIST":8.5330740145897277}},{"type":"Feature","id":939,"geometry":{"type":"LineString","coordinates":[[198528.44340000022,1885737.7075999994],[198553.49729999993,1885736.7437999994]]},"properties":{"OBJECTID":939,"Shape_Length":25.072431386593067,"Asset_ID":"DP939","Name":null,"District_ID":"al Sada al Janubiyya","Wlyt_ID":"Salalah","Gov_ID":"Dhofar Governorate","Road_ID":"100418","Pipe_Diameter":500,"Pipe_Material":"HDPE","Invert_Level_From_m":0,"Invert_Level_To_m":0,"Slop_Percentage":0,"Latitude":17.036143899999999,"Longitude":54.168307519999999,"GlobalID":"{21E980E9-6CB5-46D9-9071-39665F18E646}","NEAR_FID":4361,"NEAR_DIST":8.5330740145897277}},{"type":"Feature","id":940,"geometry":{"type":"LineString","coordinates":[[198553.49729999993,1885736.7437999994],[198578.6043999996,1885735.5834999997]]},"properties":{"OBJECTID":940,"Shape_Length":25.133896762793796,"Asset_ID":"DP940","Name":null,"District_ID":"al Sada al Janubiyya","Wlyt_ID":"Salalah","Gov_ID":"Dhofar Governorate","Road_ID":"100418","Pipe_Diameter":500,"Pipe_Material":"HDPE","Invert_Level_From_m":0,"Invert_Level_To_m":0,"Slop_Percentage":0,"Latitude":17.036137589999999,"Longitude":54.168543049999997,"GlobalID":"{8091D08F-11BC-4B84-AADE-E637DCC43018}","NEAR_FID":4361,"NEAR_DIST":8.7080194235639805}},{"type":"Feature","id":941,"geometry":{"type":"LineString","coordinates":[[198578.6043999996,1885735.5834999997],[198603.43979999982,1885734.4942000005]]},"properties":{"OBJECTID":941,"Shape_Length":24.859277295586573,"Asset_ID":"DP941","Name":null,"District_ID":"al Sada al Janubiyya","Wlyt_ID":"Salalah","Gov_ID":"Dhofar Governorate","Road_ID":"100418","Pipe_Diameter":500,"Pipe_Material":"HDPE","Invert_Level_From_m":0,"Invert_Level_To_m":0,"Slop_Percentage":0,"Latitude":17.036130700000001,"Longitude":54.168777550000001,"GlobalID":"{705A2224-2F73-4808-A8CB-393D0BCFE3F7}","NEAR_FID":4361,"NEAR_DIST":8.7080194235639805}},{"type":"Feature","id":942,"geometry":{"type":"LineString","coordinates":[[198603.43979999982,1885734.4942000005],[198628.27520000003,1885733.2960000001]]},"properties":{"OBJECTID":942,"Shape_Length":24.864287168783598,"Asset_ID":"DP942","Name":null,"District_ID":"al Sada al Janubiyya","Wlyt_ID":"Salalah","Gov_ID":"Dhofar Governorate","Road_ID":"100418","Pipe_Diameter":500,"Pipe_Material":"HDPE","Invert_Level_From_m":0,"Invert_Level_To_m":0,"Slop_Percentage":0,"Latitude":17.036123620000001,"Longitude":54.169010790000002,"GlobalID":"{F01C2472-648D-42C6-BF3A-FE92212A3F88}","NEAR_FID":4361,"NEAR_DIST":8.757441908745573}},{"type":"Feature","id":943,"geometry":{"type":"LineString","coordinates":[[198628.27520000003,1885733.2960000001],[198653.46470000036,1885732.2339999992]]},"properties":{"OBJECTID":943,"Shape_Length":25.211877246018783,"Asset_ID":"DP943","Name":null,"District_ID":"al Sada al Janubiyya","Wlyt_ID":"Salalah","Gov_ID":"Dhofar Governorate","Road_ID":"100418","Pipe_Diameter":600,"Pipe_Material":"HDPE","Invert_Level_From_m":0,"Invert_Level_To_m":0,"Slop_Percentage":0,"Latitude":17.03611669,"Longitude":54.169245680000003,"GlobalID":"{8E8340DA-7B66-43C7-A863-99C62EB6EF10}","NEAR_FID":4361,"NEAR_DIST":8.7690382678412071}},{"type":"Feature","id":944,"geometry":{"type":"LineString","coordinates":[[198678.58059999999,1885730.6671999991],[198703.57120000012,1885731.3625000007]]},"properties":{"OBJECTID":944,"Shape_Length":25.000270607716899,"Asset_ID":"DP944","Name":null,"District_ID":"al Sada al Janubiyya","Wlyt_ID":"Salalah","Gov_ID":"Dhofar Governorate","Road_ID":"100418","Pipe_Diameter":600,"Pipe_Material":"HDPE","Invert_Level_From_m":0,"Invert_Level_To_m":0,"Slop_Percentage":0,"Latitude":17.03610746,"Longitude":54.1697171,"GlobalID":"{9A2CC404-B1AC-403A-BF15-2E49223899EA}","NEAR_FID":4361,"NEAR_DIST":8.4377119597405237}},{"type":"Feature","id":945,"geometry":{"type":"LineString","coordinates":[[198778.18649999984,1885727.9312999994],[198803.45760000031,1885726.8421]]},"properties":{"OBJECTID":945,"Shape_Length":25.294561705488274,"Asset_ID":"DP945","Name":null,"District_ID":"al Sada al Janubiyya","Wlyt_ID":"Salalah","Gov_ID":"Dhofar Governorate","Road_ID":"100003","Pipe_Diameter":600,"Pipe_Material":"HDPE","Invert_Level_From_m":0,"Invert_Level_To_m":0,"Slop_Percentage":0,"Latitude":17.036087739999999,"Longitude":54.170653710000003,"GlobalID":"{2244BAC8-BFAF-4ABE-8D53-661C6B922957}","NEAR_FID":4906,"NEAR_DIST":5.6109516900473952}},{"type":"Feature","id":946,"geometry":{"type":"LineString","coordinates":[[198803.45760000031,1885726.8421],[198828.06159999967,1885725.6030000001]]},"properties":{"OBJECTID":946,"Shape_Length":24.635181849903809,"Asset_ID":"DP946","Name":null,"District_ID":"al Sada al Janubiyya","Wlyt_ID":"Salalah","Gov_ID":"Dhofar Governorate","Road_ID":"100003","Pipe_Diameter":600,"Pipe_Material":"HDPE","Invert_Level_From_m":0,"Invert_Level_To_m":0,"Slop_Percentage":0,"Latitude":17.03608049,"Longitude":54.170887899999997,"GlobalID":"{85524C4A-E870-4CA9-B55A-61AFF4F12C2D}","NEAR_FID":4906,"NEAR_DIST":3.2857585913186167}},{"type":"Feature","id":947,"geometry":{"type":"LineString","coordinates":[[198828.06159999967,1885725.6030000001],[198834.67760000005,1885725.8488999996],[198841.26090000011,1885726.5506999996],[198847.78010000009,1885727.7050999999],[198854.20409999974,1885729.3065000009]]},"properties":{"OBJECTID":947,"Shape_Length":26.482382891523777,"Asset_ID":"DP947","Name":null,"District_ID":"al Sada al Janubiyya","Wlyt_ID":"Salalah","Gov_ID":"Dhofar Governorate","Road_ID":"100003","Pipe_Diameter":600,"Pipe_Material":"HDPE","Invert_Level_From_m":0,"Invert_Level_To_m":0,"Slop_Percentage":0,"Latitude":17.036086839999999,"Longitude":54.171127480000003,"GlobalID":"{553301C8-AEB7-4A88-AA57-032FAA7A2DB8}","NEAR_FID":4906,"NEAR_DIST":3.0962803062903257}},{"type":"Feature","id":948,"geometry":{"type":"LineString","coordinates":[[198854.20409999974,1885729.3065000009],[198876.31429999974,1885746.5776000004]]},"properties":{"OBJECTID":948,"Shape_Length":28.056226389772288,"Asset_ID":"DP948","Name":null,"District_ID":"al Sada al Janubiyya","Wlyt_ID":"Salalah","Gov_ID":"Dhofar Governorate","Road_ID":"100003","Pipe_Diameter":600,"Pipe_Material":"HDPE","Invert_Level_From_m":0,"Invert_Level_To_m":0,"Slop_Percentage":0,"Latitude":17.03619277,"Longitude":54.171350859999997,"GlobalID":"{5E6D379E-F17F-4A51-BC37-15B53AD10DF9}","NEAR_FID":4906,"NEAR_DIST":3.2706619393792091}},{"type":"Feature","id":949,"geometry":{"type":"LineString","coordinates":[[198876.31429999974,1885746.5776000004],[198887.73309999984,1885761.6842999998]]},"properties":{"OBJECTID":949,"Shape_Length":18.936773175883101,"Asset_ID":"DP949","Name":null,"District_ID":"al Sada al Janubiyya","Wlyt_ID":"Salalah","Gov_ID":"Dhofar Governorate","Road_ID":"100003","Pipe_Diameter":600,"Pipe_Material":"HDPE","Invert_Level_From_m":0,"Invert_Level_To_m":0,"Slop_Percentage":0,"Latitude":17.036341119999999,"Longitude":54.171506000000001,"GlobalID":"{8F6D52C2-FD12-44A7-861E-DD4A7CE01EE0}","NEAR_FID":4906,"NEAR_DIST":7.7068151530699751}},{"type":"Feature","id":950,"geometry":{"type":"LineString","coordinates":[[198903.18059999961,1885780.7610999998],[198887.73309999984,1885761.6842999998]]},"properties":{"OBJECTID":950,"Shape_Length":24.546884822317843,"Asset_ID":"DP950","Name":null,"District_ID":"al Sada al Janubiyya","Wlyt_ID":"Salalah","Gov_ID":"Dhofar Governorate","Road_ID":"100003","Pipe_Diameter":300,"Pipe_Material":"UPVC","Invert_Level_From_m":0,"Invert_Level_To_m":0,"Slop_Percentage":0,"Latitude":17.036497189999999,"Longitude":54.171629750000001,"GlobalID":"{8A6D82DC-D3E3-4F32-9339-7F9EEE044A5D}","NEAR_FID":4906,"NEAR_DIST":2.9139972500046776}},{"type":"Feature","id":951,"geometry":{"type":"LineString","coordinates":[[198887.73309999984,1885761.6842999998],[198955.8945000004,1885761.3441000003]]},"properties":{"OBJECTID":951,"Shape_Length":68.16224898047787,"Asset_ID":"DP951","Name":null,"District_ID":"al Sada al Janubiyya","Wlyt_ID":"Salalah","Gov_ID":"Dhofar Governorate","Road_ID":"100003","Pipe_Diameter":600,"Pipe_Material":"HDPE","Invert_Level_From_m":0,"Invert_Level_To_m":0,"Slop_Percentage":0,"Latitude":17.036412980000001,"Longitude":54.171878419999999,"GlobalID":"{158358BE-B228-4CE8-9EC0-0BCB958C66EA}","NEAR_FID":4906,"NEAR_DIST":0}},{"type":"Feature","id":952,"geometry":{"type":"LineString","coordinates":[[198898.97439999972,1885736.1448999997],[198887.73309999984,1885761.6842999998]]},"properties":{"OBJECTID":952,"Shape_Length":27.90390255956407,"Asset_ID":"DP952","Name":null,"District_ID":"al Sada al Janubiyya","Wlyt_ID":"Salalah","Gov_ID":"Dhofar Governorate","Road_ID":"100003","Pipe_Diameter":200,"Pipe_Material":"UPVC","Invert_Level_From_m":0,"Invert_Level_To_m":0,"Slop_Percentage":0,"Latitude":17.036295509999999,"Longitude":54.171613039999997,"GlobalID":"{E84A1798-D66F-4551-9ADB-E2E3C563388A}","NEAR_FID":4906,"NEAR_DIST":0}},{"type":"Feature","id":953,"geometry":{"type":"LineString","coordinates":[[198913.03589999955,1885741.3513999991],[198898.97439999972,1885736.1448999997]]},"properties":{"OBJECTID":953,"Shape_Length":14.994446454905512,"Asset_ID":"DP953","Name":null,"District_ID":"al Sada al Janubiyya","Wlyt_ID":"Salalah","Gov_ID":"Dhofar Governorate","Road_ID":"100003","Pipe_Diameter":200,"Pipe_Material":"UPVC","Invert_Level_From_m":0,"Invert_Level_To_m":0,"Slop_Percentage":0,"Latitude":17.036205370000001,"Longitude":54.171733150000001,"GlobalID":"{F470B79F-21A2-43EE-973E-F8DBC9247E3B}","NEAR_FID":12651,"NEAR_DIST":4.8496684429576637}},{"type":"Feature","id":954,"geometry":{"type":"LineString","coordinates":[[198896.14109999966,1885720.4834000003],[198898.97439999972,1885736.1448999997]]},"properties":{"OBJECTID":954,"Shape_Length":15.915720879794227,"Asset_ID":"DP954","Name":null,"District_ID":"al Sada al Janubiyya","Wlyt_ID":"Salalah","Gov_ID":"Dhofar Governorate","Road_ID":"100418","Pipe_Diameter":200,"Pipe_Material":"UPVC","Invert_Level_From_m":0,"Invert_Level_To_m":0,"Slop_Percentage":0,"Latitude":17.036110069999999,"Longitude":54.171655289999997,"GlobalID":"{0E4ED6DA-6FD0-40DB-ADEE-FDB65581ACEC}","NEAR_FID":4940,"NEAR_DIST":7.2627314794102587}},{"type":"Feature","id":955,"geometry":{"type":"LineString","coordinates":[[198858.4626000002,1885678.5469000004],[198876.31429999974,1885746.5776000004]]},"properties":{"OBJECTID":955,"Shape_Length":70.33391312420882,"Asset_ID":"DP955","Name":null,"District_ID":"Dahariz al Shamaliyya","Wlyt_ID":"Salalah","Gov_ID":"Dhofar Governorate","Road_ID":"100003","Pipe_Diameter":600,"Pipe_Material":"HDPE","Invert_Level_From_m":0,"Invert_Level_To_m":0,"Slop_Percentage":0,"Latitude":17.03596391,"Longitude":54.171374290000003,"GlobalID":"{83E2C711-C649-4AC1-8AC8-D45D31BD3413}","NEAR_FID":4906,"NEAR_DIST":0}},{"type":"Feature","id":956,"geometry":{"type":"LineString","coordinates":[[197753.04430000018,1885739.6206],[197783.38119999971,1885739.8647000007]]},"properties":{"OBJECTID":956,"Shape_Length":30.33788203536589,"Asset_ID":"DP956","Name":null,"District_ID":"Dahariz al Shamaliyya","Wlyt_ID":"Salalah","Gov_ID":"Dhofar Governorate","Road_ID":"100418","Pipe_Diameter":300,"Pipe_Material":"HDPE","Invert_Level_From_m":0,"Invert_Level_To_m":0,"Slop_Percentage":0,"Latitude":17.036065390000001,"Longitude":54.161054919999998,"GlobalID":"{12309AD4-EC2F-4126-91E6-570D82949C5D}","NEAR_FID":7239,"NEAR_DIST":8.5147890066835714}},{"type":"Feature","id":957,"geometry":{"type":"LineString","coordinates":[[197783.38119999971,1885739.8647000007],[197803.01470000017,1885738.9549000002]]},"properties":{"OBJECTID":957,"Shape_Length":19.654568382669414,"Asset_ID":"DP957","Name":null,"District_ID":"Dahariz al Shamaliyya","Wlyt_ID":"Salalah","Gov_ID":"Dhofar Governorate","Road_ID":"100418","Pipe_Diameter":300,"Pipe_Material":"HDPE","Invert_Level_From_m":0,"Invert_Level_To_m":0,"Slop_Percentage":0,"Latitude":17.036065659999998,"Longitude":54.161289449999998,"GlobalID":"{65FB8AD5-B8EE-4A34-B756-E1A786EE3023}","NEAR_FID":7239,"NEAR_DIST":8.3896631836725231}},{"type":"Feature","id":958,"geometry":{"type":"LineString","coordinates":[[197827.99839999992,1885737.7630000003],[197852.90919999965,1885736.6073000003]]},"properties":{"OBJECTID":958,"Shape_Length":24.937594092376351,"Asset_ID":"DP958","Name":null,"District_ID":"Dahariz al Shamaliyya","Wlyt_ID":"Salalah","Gov_ID":"Dhofar Governorate","Road_ID":"100418","Pipe_Diameter":300,"Pipe_Material":"HDPE","Invert_Level_From_m":0,"Invert_Level_To_m":0,"Slop_Percentage":0,"Latitude":17.03605177,"Longitude":54.161733239999997,"GlobalID":"{0CCD1553-262C-4DAC-927F-EAB089D54CD0}","NEAR_FID":7239,"NEAR_DIST":8.1071628977996362}},{"type":"Feature","id":959,"geometry":{"type":"LineString","coordinates":[[197852.90919999965,1885736.6073000003],[197877.95669999998,1885735.5018000007]]},"properties":{"OBJECTID":959,"Shape_Length":25.071884383027658,"Asset_ID":"DP959","Name":null,"District_ID":"Dahariz al Shamaliyya","Wlyt_ID":"Salalah","Gov_ID":"Dhofar Governorate","Road_ID":"100418","Pipe_Diameter":300,"Pipe_Material":"HDPE","Invert_Level_From_m":0,"Invert_Level_To_m":0,"Slop_Percentage":0,"Latitude":17.036044839999999,"Longitude":54.161967820000001,"GlobalID":"{8723E45E-5C9B-42E8-94C0-A12C41CA73A4}","NEAR_FID":7239,"NEAR_DIST":7.892429517849866}},{"type":"Feature","id":960,"geometry":{"type":"LineString","coordinates":[[197877.95669999998,1885735.5018000007],[197902.87810000032,1885734.3259999994]]},"properties":{"OBJECTID":960,"Shape_Length":24.949121900779289,"Asset_ID":"DP960","Name":null,"District_ID":"Dahariz al Shamaliyya","Wlyt_ID":"Salalah","Gov_ID":"Dhofar Governorate","Road_ID":"100418","Pipe_Diameter":300,"Pipe_Material":"HDPE","Invert_Level_From_m":0,"Invert_Level_To_m":0,"Slop_Percentage":0,"Latitude":17.036037820000001,"Longitude":54.162202450000002,"GlobalID":"{2FC58315-A457-4A1B-B5A0-839B05BDF44E}","NEAR_FID":7239,"NEAR_DIST":7.7545375526685154}},{"type":"Feature","id":961,"geometry":{"type":"LineString","coordinates":[[198002.84179999959,1885729.7285999991],[198027.56830000039,1885728.5304000005]]},"properties":{"OBJECTID":961,"Shape_Length":24.755514244838619,"Asset_ID":"DP961","Name":null,"District_ID":"Dahariz al Shamaliyya","Wlyt_ID":"Salalah","Gov_ID":"Dhofar Governorate","Road_ID":"100418","Pipe_Diameter":400,"Pipe_Material":"HDPE","Invert_Level_From_m":0,"Invert_Level_To_m":0,"Slop_Percentage":0,"Latitude":17.036001949999999,"Longitude":54.163374359999999,"GlobalID":"{435E0490-739A-451B-9BA1-D1466255E9BF}","NEAR_FID":7718,"NEAR_DIST":7.3426953163483253}},{"type":"Feature","id":962,"geometry":{"type":"LineString","coordinates":[[198027.56830000039,1885728.5304000005],[198052.62160000019,1885727.4411999993]]},"properties":{"OBJECTID":962,"Shape_Length":25.076965476755888,"Asset_ID":"DP962","Name":null,"District_ID":"Dahariz al Shamaliyya","Wlyt_ID":"Salalah","Gov_ID":"Dhofar Governorate","Road_ID":"100418","Pipe_Diameter":400,"Pipe_Material":"HDPE","Invert_Level_From_m":0,"Invert_Level_To_m":0,"Slop_Percentage":0,"Latitude":17.035994890000001,"Longitude":54.163608109999998,"GlobalID":"{B3FD18DC-8EDB-46E3-85B4-A22CD5E86663}","NEAR_FID":7718,"NEAR_DIST":7.2134160999847117}},{"type":"Feature","id":963,"geometry":{"type":"LineString","coordinates":[[198052.62160000019,1885727.4411999993],[198077.67489999998,1885726.3519000001]]},"properties":{"OBJECTID":963,"Shape_Length":25.076969820294853,"Asset_ID":"DP963","Name":null,"District_ID":"Dahariz al Shamaliyya","Wlyt_ID":"Salalah","Gov_ID":"Dhofar Governorate","Road_ID":"100418","Pipe_Diameter":400,"Pipe_Material":"HDPE","Invert_Level_From_m":0,"Invert_Level_To_m":0,"Slop_Percentage":0,"Latitude":17.035988339999999,"Longitude":54.163843380000003,"GlobalID":"{F0569575-61DE-42F7-B4E0-03FCFB498D90}","NEAR_FID":7718,"NEAR_DIST":7.0842367629816252}},{"type":"Feature","id":964,"geometry":{"type":"LineString","coordinates":[[198077.67489999998,1885726.3519000001],[198102.61919999961,1885725.0448000003]]},"properties":{"OBJECTID":964,"Shape_Length":24.978523032415271,"Asset_ID":"DP964","Name":null,"District_ID":"Dahariz al Shamaliyya","Wlyt_ID":"Salalah","Gov_ID":"Dhofar Governorate","Road_ID":"100418","Pipe_Diameter":400,"Pipe_Material":" ","Invert_Level_From_m":0,"Invert_Level_To_m":0,"Slop_Percentage":0,"Latitude":17.035980800000001,"Longitude":54.164078150000002,"GlobalID":"{969968F8-99F0-41B9-84C2-43E62EC02DA3}","NEAR_FID":7718,"NEAR_DIST":7.0842367629816252}},{"type":"Feature","id":965,"geometry":{"type":"LineString","coordinates":[[198102.61919999961,1885725.0448000003],[198127.78149999958,1885724.0644000005]]},"properties":{"OBJECTID":965,"Shape_Length":25.181392444578883,"Asset_ID":"DP965","Name":null,"District_ID":"Dahariz al Shamaliyya","Wlyt_ID":"Salalah","Gov_ID":"Dhofar Governorate","Road_ID":"100418","Pipe_Diameter":400,"Pipe_Material":"HDPE","Invert_Level_From_m":0,"Invert_Level_To_m":0,"Slop_Percentage":0,"Latitude":17.03597375,"Longitude":54.16431343,"GlobalID":"{6C5C50A9-AC4D-4CA3-A9E1-BDE0BD66A043}","NEAR_FID":7718,"NEAR_DIST":6.9531653457826099}},{"type":"Feature","id":966,"geometry":{"type":"LineString","coordinates":[[198127.78149999958,1885724.0644000005],[198152.61689999979,1885722.8662]]},"properties":{"OBJECTID":966,"Shape_Length":24.864287168783598,"Asset_ID":"DP966","Name":null,"District_ID":"Dahariz al Shamaliyya","Wlyt_ID":"Salalah","Gov_ID":"Dhofar Governorate","Road_ID":"100418","Pipe_Diameter":400,"Pipe_Material":"HDPE","Invert_Level_From_m":0,"Invert_Level_To_m":0,"Slop_Percentage":0,"Latitude":17.035967190000001,"Longitude":54.164548189999998,"GlobalID":"{E0502A8A-A7C4-4663-97D0-FDCC7BF81F53}","NEAR_FID":7718,"NEAR_DIST":6.9531653457826099}},{"type":"Feature","id":967,"geometry":{"type":"LineString","coordinates":[[198152.61689999979,1885722.8662],[198176.16550000012,1885721.7566999998]]},"properties":{"OBJECTID":967,"Shape_Length":23.574722739113433,"Asset_ID":"DP967","Name":null,"District_ID":"Dahariz al Shamaliyya","Wlyt_ID":"Salalah","Gov_ID":"Dhofar Governorate","Road_ID":"100418","Pipe_Diameter":400,"Pipe_Material":"HDPE","Invert_Level_From_m":0,"Invert_Level_To_m":0,"Slop_Percentage":0,"Latitude":17.035959949999999,"Longitude":54.164775390000003,"GlobalID":"{5BAE5EA7-4128-49DB-B760-1FCDA60423AA}","NEAR_FID":7718,"NEAR_DIST":7.0378007294330009}},{"type":"Feature","id":968,"geometry":{"type":"LineString","coordinates":[[198176.16550000012,1885721.7566999998],[198196.7324000001,1885720.6876999997]]},"properties":{"OBJECTID":968,"Shape_Length":20.594662818538836,"Asset_ID":"DP968","Name":null,"District_ID":"Dahariz al Shamaliyya","Wlyt_ID":"Salalah","Gov_ID":"Dhofar Governorate","Road_ID":"100418","Pipe_Diameter":400,"Pipe_Material":"HDPE","Invert_Level_From_m":0,"Invert_Level_To_m":0,"Slop_Percentage":0,"Latitude":17.035952999999999,"Longitude":54.164982539999997,"GlobalID":"{C9C69E60-E3B8-49C2-99CA-02A7C2C6E2CD}","NEAR_FID":7718,"NEAR_DIST":7.0914601014408367}},{"type":"Feature","id":969,"geometry":{"type":"LineString","coordinates":[[198278.0195000004,1885717.0658],[198302.47360000014,1885715.9766000006]]},"properties":{"OBJECTID":969,"Shape_Length":24.478344785460827,"Asset_ID":"DP969","Name":null,"District_ID":"Dahariz al Shamaliyya","Wlyt_ID":"Salalah","Gov_ID":"Dhofar Governorate","Road_ID":"100418","Pipe_Diameter":400,"Pipe_Material":"HDPE","Invert_Level_From_m":0,"Invert_Level_To_m":0,"Slop_Percentage":0,"Latitude":17.03592415,"Longitude":54.165957319999997,"GlobalID":"{27B66EEB-E711-402A-A98A-FE1C4F4DAEB0}","NEAR_FID":6121,"NEAR_DIST":7.2311505175781541}},{"type":"Feature","id":970,"geometry":{"type":"LineString","coordinates":[[198302.47360000014,1885715.9766000006],[198327.52689999994,1885714.8328000009]]},"properties":{"OBJECTID":970,"Shape_Length":25.07939631089932,"Asset_ID":"DP970","Name":null,"District_ID":"Dahariz al Shamaliyya","Wlyt_ID":"Salalah","Gov_ID":"Dhofar Governorate","Road_ID":"100418","Pipe_Diameter":500,"Pipe_Material":"HDPE","Invert_Level_From_m":0,"Invert_Level_To_m":0,"Slop_Percentage":0,"Latitude":17.035917309999999,"Longitude":54.166189780000003,"GlobalID":"{8771A474-7A71-4075-BA0A-8675623D8725}","NEAR_FID":6121,"NEAR_DIST":7.2434629020999264}},{"type":"Feature","id":971,"geometry":{"type":"LineString","coordinates":[[198327.52689999994,1885714.8328000009],[198352.30790000036,1885713.5801999997]]},"properties":{"OBJECTID":971,"Shape_Length":24.812637259750971,"Asset_ID":"DP971","Name":null,"District_ID":"Dahariz al Shamaliyya","Wlyt_ID":"Salalah","Gov_ID":"Dhofar Governorate","Road_ID":"100418","Pipe_Diameter":500,"Pipe_Material":"HDPE","Invert_Level_From_m":0,"Invert_Level_To_m":0,"Slop_Percentage":0,"Latitude":17.035909759999999,"Longitude":54.166423790000003,"GlobalID":"{3CDA0A36-47E4-40FB-95F9-15215D5D9C43}","NEAR_FID":6121,"NEAR_DIST":7.2839612340749884}},{"type":"Feature","id":972,"geometry":{"type":"LineString","coordinates":[[198352.30790000036,1885713.5801999997],[198376.97989999969,1885712.4909000006]]},"properties":{"OBJECTID":972,"Shape_Length":24.696035278051262,"Asset_ID":"DP972","Name":null,"District_ID":"Dahariz al Shamaliyya","Wlyt_ID":"Salalah","Gov_ID":"Dhofar Governorate","Road_ID":"100418","Pipe_Diameter":500,"Pipe_Material":"HDPE","Invert_Level_From_m":0,"Invert_Level_To_m":0,"Slop_Percentage":0,"Latitude":17.035902419999999,"Longitude":54.166656000000003,"GlobalID":"{29BB776D-E8F8-409D-BBF6-A6127CBD4C6D}","NEAR_FID":6121,"NEAR_DIST":7.4451337859667399}},{"type":"Feature","id":973,"geometry":{"type":"LineString","coordinates":[[198376.97989999969,1885712.4909000006],[198402.36000000034,1885711.4015999995]]},"properties":{"OBJECTID":973,"Shape_Length":25.403465325330014,"Asset_ID":"DP973","Name":null,"District_ID":"Dahariz al Shamaliyya","Wlyt_ID":"Salalah","Gov_ID":"Dhofar Governorate","Road_ID":"100418","Pipe_Diameter":500,"Pipe_Material":"HDPE","Invert_Level_From_m":0,"Invert_Level_To_m":0,"Slop_Percentage":0,"Latitude":17.03589586,"Longitude":54.166891020000001,"GlobalID":"{1D220C43-86BE-426E-B50B-0BFC6F043512}","NEAR_FID":6121,"NEAR_DIST":7.4196336561026772}},{"type":"Feature","id":974,"geometry":{"type":"LineString","coordinates":[[198402.36000000034,1885711.4015999995],[198426.92310000025,1885710.3123000003]]},"properties":{"OBJECTID":974,"Shape_Length":24.587241734157352,"Asset_ID":"DP974","Name":null,"District_ID":"Dahariz al Shamaliyya","Wlyt_ID":"Salalah","Gov_ID":"Dhofar Governorate","Road_ID":"100418","Pipe_Diameter":500,"Pipe_Material":"HDPE","Invert_Level_From_m":0,"Invert_Level_To_m":0,"Slop_Percentage":0,"Latitude":17.035889300000001,"Longitude":54.167125519999999,"GlobalID":"{08C5E25C-1763-4003-B9FD-73F6B17BF721}","NEAR_FID":6121,"NEAR_DIST":7.245201808662217}},{"type":"Feature","id":975,"geometry":{"type":"LineString","coordinates":[[198426.92310000025,1885710.3123000003],[198452.1398,1885709.0596999992]]},"properties":{"OBJECTID":975,"Shape_Length":25.247791302224527,"Asset_ID":"DP975","Name":null,"District_ID":"Dahariz al Shamaliyya","Wlyt_ID":"Salalah","Gov_ID":"Dhofar Governorate","Road_ID":"100418","Pipe_Diameter":500,"Pipe_Material":"HDPE","Invert_Level_From_m":0,"Invert_Level_To_m":0,"Slop_Percentage":0,"Latitude":17.035881979999999,"Longitude":54.167359269999999,"GlobalID":"{194AC4B5-A61B-411A-890E-EF7161BAD9A8}","NEAR_FID":6121,"NEAR_DIST":7.1967587600576213}},{"type":"Feature","id":976,"geometry":{"type":"LineString","coordinates":[[198452.1398,1885709.0596999992],[198477.26850000024,1885707.7999000009]]},"properties":{"OBJECTID":976,"Shape_Length":25.160259532392693,"Asset_ID":"DP976","Name":null,"District_ID":"Dahariz al Shamaliyya","Wlyt_ID":"Salalah","Gov_ID":"Dhofar Governorate","Road_ID":"100418","Pipe_Diameter":500,"Pipe_Material":"HDPE","Invert_Level_From_m":0,"Invert_Level_To_m":0,"Slop_Percentage":0,"Latitude":17.035873939999998,"Longitude":54.167595689999999,"GlobalID":"{4D21D960-C852-4551-9850-F08EE82D7BE9}","NEAR_FID":6121,"NEAR_DIST":7.1600406525835458}},{"type":"Feature","id":977,"geometry":{"type":"LineString","coordinates":[[198477.26850000024,1885707.7999000009],[198502.01240000036,1885706.6884000003]]},"properties":{"OBJECTID":977,"Shape_Length":24.768851799530747,"Asset_ID":"DP977","Name":null,"District_ID":"Dahariz al Shamaliyya","Wlyt_ID":"Salalah","Gov_ID":"Dhofar Governorate","Road_ID":"100418","Pipe_Diameter":500,"Pipe_Material":"HDPE","Invert_Level_From_m":0,"Invert_Level_To_m":0,"Slop_Percentage":0,"Latitude":17.035866500000001,"Longitude":54.167829869999998,"GlobalID":"{F2782893-074E-46F3-92A7-6BE3D58A690D}","NEAR_FID":19114,"NEAR_DIST":0}},{"type":"Feature","id":978,"geometry":{"type":"LineString","coordinates":[[198502.01240000036,1885706.6884000003],[198526.55530000012,1885705.5618999992]]},"properties":{"OBJECTID":978,"Shape_Length":24.568739134339836,"Asset_ID":"DP978","Name":null,"District_ID":"Dahariz al Shamaliyya","Wlyt_ID":"Salalah","Gov_ID":"Dhofar Governorate","Road_ID":"100418","Pipe_Diameter":500,"Pipe_Material":"HDPE","Invert_Level_From_m":0,"Invert_Level_To_m":0,"Slop_Percentage":0,"Latitude":17.03585962,"Longitude":54.168061299999998,"GlobalID":"{1C4DC560-BFFA-4BD1-B993-8408996FD0D6}","NEAR_FID":19114,"NEAR_DIST":4.3823235304567367}},{"type":"Feature","id":979,"geometry":{"type":"LineString","coordinates":[[198526.55530000012,1885705.5618999992],[198551.91720000003,1885704.4302999992]]},"properties":{"OBJECTID":979,"Shape_Length":25.387132373801702,"Asset_ID":"DP979","Name":null,"District_ID":"Dahariz al Shamaliyya","Wlyt_ID":"Salalah","Gov_ID":"Dhofar Governorate","Road_ID":"100418","Pipe_Diameter":500,"Pipe_Material":"HDPE","Invert_Level_From_m":0,"Invert_Level_To_m":0,"Slop_Percentage":0,"Latitude":17.035852689999999,"Longitude":54.168295630000003,"GlobalID":"{D182E7AB-BDE8-404E-AA53-16CEC1F94639}","NEAR_FID":4965,"NEAR_DIST":6.7743515082339769}},{"type":"Feature","id":980,"geometry":{"type":"LineString","coordinates":[[198551.91720000003,1885704.4302999992],[198576.93250000011,1885703.2888999991]]},"properties":{"OBJECTID":980,"Shape_Length":25.041326403657369,"Asset_ID":"DP980","Name":null,"District_ID":"Dahariz al Shamaliyya","Wlyt_ID":"Salalah","Gov_ID":"Dhofar Governorate","Road_ID":"100418","Pipe_Diameter":500,"Pipe_Material":"HDPE","Invert_Level_From_m":0,"Invert_Level_To_m":0,"Slop_Percentage":0,"Latitude":17.035845720000001,"Longitude":54.16853218,"GlobalID":"{EB90E799-E54B-41D4-B1FE-86ABB72B21F1}","NEAR_FID":4965,"NEAR_DIST":6.6830784471605265}},{"type":"Feature","id":981,"geometry":{"type":"LineString","coordinates":[[198576.93250000011,1885703.2888999991],[198601.83669999987,1885702.1026000008]]},"properties":{"OBJECTID":981,"Shape_Length":24.932438414922437,"Asset_ID":"DP981","Name":null,"District_ID":"Dahariz al Shamaliyya","Wlyt_ID":"Salalah","Gov_ID":"Dhofar Governorate","Road_ID":"100418","Pipe_Diameter":500,"Pipe_Material":"HDPE","Invert_Level_From_m":0,"Invert_Level_To_m":0,"Slop_Percentage":0,"Latitude":17.035838479999999,"Longitude":54.168766580000003,"GlobalID":"{6D962730-CA0D-439A-A016-7243B36F5F11}","NEAR_FID":4965,"NEAR_DIST":6.6421194646276573}},{"type":"Feature","id":982,"geometry":{"type":"LineString","coordinates":[[198601.83669999987,1885702.1026000008],[198626.84260000009,1885700.9824999999]]},"properties":{"OBJECTID":982,"Shape_Length":25.030973988901433,"Asset_ID":"DP982","Name":null,"District_ID":"Dahariz al Shamaliyya","Wlyt_ID":"Salalah","Gov_ID":"Dhofar Governorate","Road_ID":"100418","Pipe_Diameter":500,"Pipe_Material":"HDPE","Invert_Level_From_m":0,"Invert_Level_To_m":0,"Slop_Percentage":0,"Latitude":17.035831330000001,"Longitude":54.169000939999997,"GlobalID":"{BA9549EB-9638-4987-8EE8-292AFB5A2AC3}","NEAR_FID":4965,"NEAR_DIST":6.5300349037242391}},{"type":"Feature","id":983,"geometry":{"type":"LineString","coordinates":[[198626.84260000009,1885700.9824999999],[198651.71679999959,1885697.7947000004]]},"properties":{"OBJECTID":983,"Shape_Length":25.077637337909142,"Asset_ID":"DP983","Name":null,"District_ID":"Dahariz al Shamaliyya","Wlyt_ID":"Salalah","Gov_ID":"Dhofar Governorate","Road_ID":"100418","Pipe_Diameter":500,"Pipe_Material":"HDPE","Invert_Level_From_m":0,"Invert_Level_To_m":0,"Slop_Percentage":0,"Latitude":17.035815150000001,"Longitude":54.169235299999997,"GlobalID":"{F3F0BD32-C308-49BB-AD35-9A92D0140AB5}","NEAR_FID":4965,"NEAR_DIST":6.5300349037242391}},{"type":"Feature","id":984,"geometry":{"type":"LineString","coordinates":[[198701.93730000034,1885699.3378999997],[198726.85099999979,1885698.1107999999]]},"properties":{"OBJECTID":984,"Shape_Length":24.943901500610323,"Asset_ID":"DP984","Name":null,"District_ID":"Dahariz al Shamaliyya","Wlyt_ID":"Salalah","Gov_ID":"Dhofar Governorate","Road_ID":"100418","Pipe_Diameter":600,"Pipe_Material":"HDPE","Invert_Level_From_m":0,"Invert_Level_To_m":0,"Slop_Percentage":0,"Latitude":17.035818970000001,"Longitude":54.169940330000003,"GlobalID":"{421A0B5E-FB0B-493D-BE9F-C69570FFC505}","NEAR_FID":4965,"NEAR_DIST":4.7683229924278168}},{"type":"Feature","id":985,"geometry":{"type":"LineString","coordinates":[[198751.82600000035,1885695.5254999995],[198780.47389999963,1885692.4210000001]]},"properties":{"OBJECTID":985,"Shape_Length":28.815622405483762,"Asset_ID":"DP985","Name":null,"District_ID":"Dahariz al Shamaliyya","Wlyt_ID":"Salalah","Gov_ID":"Dhofar Governorate","Road_ID":"100418","Pipe_Diameter":600,"Pipe_Material":"HDPE","Invert_Level_From_m":0,"Invert_Level_To_m":0,"Slop_Percentage":0,"Latitude":17.03578285,"Longitude":54.1704267,"GlobalID":"{598A5812-C689-48D3-9B0E-F08448AC03EE}","NEAR_FID":17644,"NEAR_DIST":6.1111833217535683}},{"type":"Feature","id":986,"geometry":{"type":"LineString","coordinates":[[198780.47389999963,1885692.4210000001],[198801.8236999996,1885691.2227999996]]},"properties":{"OBJECTID":986,"Shape_Length":21.383396439286223,"Asset_ID":"DP986","Name":null,"District_ID":"Dahariz al Shamaliyya","Wlyt_ID":"Salalah","Gov_ID":"Dhofar Governorate","Road_ID":"100418","Pipe_Diameter":600,"Pipe_Material":"HDPE","Invert_Level_From_m":0,"Invert_Level_To_m":0,"Slop_Percentage":0,"Latitude":17.035766689999999,"Longitude":54.170661610000003,"GlobalID":"{7C5B79E4-8A0E-4F4D-B8A6-E8B3BE879873}","NEAR_FID":17644,"NEAR_DIST":4.2585720668184948}},{"type":"Feature","id":987,"geometry":{"type":"LineString","coordinates":[[198801.8236999996,1885691.2227999996],[198826.98589999974,1885690.0245999992]]},"properties":{"OBJECTID":987,"Shape_Length":25.190712417237776,"Asset_ID":"DP987","Name":null,"District_ID":"Dahariz al Shamaliyya","Wlyt_ID":"Salalah","Gov_ID":"Dhofar Governorate","Road_ID":"100418","Pipe_Diameter":600,"Pipe_Material":"HDPE","Invert_Level_From_m":0,"Invert_Level_To_m":0,"Slop_Percentage":0,"Latitude":17.035758909999998,"Longitude":54.170880029999999,"GlobalID":"{0DF8CD16-BE78-490F-82DD-74FB195833C0}","NEAR_FID":17644,"NEAR_DIST":1.8633604020564396}},{"type":"Feature","id":988,"geometry":{"type":"LineString","coordinates":[[198826.98589999974,1885690.0245999992],[198843.72329999972,1885687.3679000009],[198851.69880000036,1885684.9730999991]]},"properties":{"OBJECTID":988,"Shape_Length":25.274219738431722,"Asset_ID":"DP988","Name":null,"District_ID":"Dahariz al Shamaliyya","Wlyt_ID":"Salalah","Gov_ID":"Dhofar Governorate","Road_ID":"100418","Pipe_Diameter":600,"Pipe_Material":"HDPE","Invert_Level_From_m":0,"Invert_Level_To_m":0,"Slop_Percentage":0,"Latitude":17.035738940000002,"Longitude":54.171115229999998,"GlobalID":"{70502611-6298-4B6A-88CB-2301BA7AC0FB}","NEAR_FID":17644,"NEAR_DIST":1.6849956762214799}},{"type":"Feature","id":989,"geometry":{"type":"LineString","coordinates":[[198851.69880000036,1885684.9730999991],[198858.4626000002,1885678.5469000004]]},"properties":{"OBJECTID":989,"Shape_Length":9.3297929699012911,"Asset_ID":"DP989","Name":null,"District_ID":"Dahariz al Shamaliyya","Wlyt_ID":"Salalah","Gov_ID":"Dhofar Governorate","Road_ID":"100418","Pipe_Diameter":600,"Pipe_Material":"HDPE","Invert_Level_From_m":0,"Invert_Level_To_m":0,"Slop_Percentage":0,"Latitude":17.035684199999999,"Longitude":54.171262970000001,"GlobalID":"{E292691B-A8EE-4DD8-ADA4-5AC73E01724F}","NEAR_FID":17644,"NEAR_DIST":1.8014857807406843}},{"type":"Feature","id":990,"geometry":{"type":"LineString","coordinates":[[196294.87509999983,1885739.2392999995],[196264.18699999992,1885716.7677999996]]},"properties":{"OBJECTID":990,"Shape_Length":38.03587508989289,"Asset_ID":"DP990","Name":null,"District_ID":"al Sada al Janubiyya","Wlyt_ID":"Salalah","Gov_ID":"Dhofar Governorate","Road_ID":"100350","Pipe_Diameter":800,"Pipe_Material":"HDPE","Invert_Level_From_m":0,"Invert_Level_To_m":0,"Slop_Percentage":0,"Latitude":17.035763660000001,"Longitude":54.147085519999997,"GlobalID":"{7D62FA38-67CD-46B7-9D08-85D8EF564160}","NEAR_FID":18020,"NEAR_DIST":9.4574040420357974}},{"type":"Feature","id":991,"geometry":{"type":"LineString","coordinates":[[196264.18699999992,1885716.7677999996],[196252.10819999967,1885707.0977999996]]},"properties":{"OBJECTID":991,"Shape_Length":15.472760240002643,"Asset_ID":"DP991","Name":null,"District_ID":"al Sada al Janubiyya","Wlyt_ID":"Salalah","Gov_ID":"Dhofar Governorate","Road_ID":"100418","Pipe_Diameter":800,"Pipe_Material":"HDPE","Invert_Level_From_m":0,"Invert_Level_To_m":0,"Slop_Percentage":0,"Latitude":17.035615750000002,"Longitude":54.146887040000003,"GlobalID":"{65B07FFB-C280-4703-960B-C18AAB88145D}","NEAR_FID":18455,"NEAR_DIST":2.8187985658056518}},{"type":"Feature","id":992,"geometry":{"type":"LineString","coordinates":[[196252.10819999967,1885707.0977999996],[196236.59900000039,1885691.3113000002]]},"properties":{"OBJECTID":992,"Shape_Length":22.130270374545972,"Asset_ID":"DP992","Name":null,"District_ID":"al Sada al Janubiyya","Wlyt_ID":"Salalah","Gov_ID":"Dhofar Governorate","Road_ID":"100418","Pipe_Diameter":200,"Pipe_Material":"UPVC","Invert_Level_From_m":0,"Invert_Level_To_m":0,"Slop_Percentage":0,"Latitude":17.035499009999999,"Longitude":54.146759330000002,"GlobalID":"{0F3B30B1-A80F-4302-8EBB-355ABF1CFA1D}","NEAR_FID":18455,"NEAR_DIST":0}},{"type":"Feature","id":993,"geometry":{"type":"LineString","coordinates":[[196236.59900000039,1885691.3113000002],[196216.66530000046,1885676.6334000006]]},"properties":{"OBJECTID":993,"Shape_Length":24.754659037927791,"Asset_ID":"DP993","Name":null,"District_ID":"al Sada al Janubiyya","Wlyt_ID":"Salalah","Gov_ID":"Dhofar Governorate","Road_ID":"100418","Pipe_Diameter":200,"Pipe_Material":"UPVC","Invert_Level_From_m":0,"Invert_Level_To_m":0,"Slop_Percentage":0,"Latitude":17.035359159999999,"Longitude":54.14659511,"GlobalID":"{0ECFD929-BDBA-40E8-A902-5324364705B1}","NEAR_FID":10912,"NEAR_DIST":6.2471125288265563}},{"type":"Feature","id":994,"geometry":{"type":"LineString","coordinates":[[196216.66530000046,1885676.6334000006],[196193.79059999995,1885665.8496000003]]},"properties":{"OBJECTID":994,"Shape_Length":25.289172437237266,"Asset_ID":"DP994","Name":null,"District_ID":"al Sada al Janubiyya","Wlyt_ID":"Salalah","Gov_ID":"Dhofar Governorate","Road_ID":"100418","Pipe_Diameter":200,"Pipe_Material":"UPVC","Invert_Level_From_m":0,"Invert_Level_To_m":0,"Slop_Percentage":0,"Latitude":17.0352414,"Longitude":54.146395980000001,"GlobalID":"{22883A6A-C1D5-41EC-B96B-4893E194B94A}","NEAR_FID":10912,"NEAR_DIST":6.2471125288265563}},{"type":"Feature","id":995,"geometry":{"type":"LineString","coordinates":[[196434.66640000045,1885798.7908999994],[196407.49579999968,1885792.2588999998]]},"properties":{"OBJECTID":995,"Shape_Length":27.944740621399681,"Asset_ID":"DP995","Name":null,"District_ID":"al Sada al Janubiyya","Wlyt_ID":"Salalah","Gov_ID":"Dhofar Governorate","Road_ID":"100410","Pipe_Diameter":600,"Pipe_Material":"HDPE","Invert_Level_From_m":0,"Invert_Level_To_m":0,"Slop_Percentage":0,"Latitude":17.036391909999999,"Longitude":54.148404679999999,"GlobalID":"{DE31DF62-AEAA-4230-8116-07886AB29F63}","NEAR_FID":15864,"NEAR_DIST":0}},{"type":"Feature","id":996,"geometry":{"type":"LineString","coordinates":[[196407.49579999968,1885792.2588999998],[196384.49590000045,1885782.9669000003]]},"properties":{"OBJECTID":996,"Shape_Length":24.805980407241524,"Asset_ID":"DP996","Name":null,"District_ID":"al Sada al Janubiyya","Wlyt_ID":"Salalah","Gov_ID":"Dhofar Governorate","Road_ID":"100410","Pipe_Diameter":800,"Pipe_Material":"HDPE","Invert_Level_From_m":0,"Invert_Level_To_m":0,"Slop_Percentage":0,"Latitude":17.03631717,"Longitude":54.148170350000001,"GlobalID":"{1BC12D03-D141-4C9D-BF1A-4CDA78E01D02}","NEAR_FID":15864,"NEAR_DIST":8.6398178139928969}},{"type":"Feature","id":997,"geometry":{"type":"LineString","coordinates":[[196708.56979999971,1885822.0744000003],[196701.60510000028,1885822.8000000007],[196687.11760000046,1885824.5973000005]]},"properties":{"OBJECTID":997,"Shape_Length":21.600955046490899,"Asset_ID":"DP997","Name":null,"District_ID":"al Sada al Janubiyya","Wlyt_ID":"Salalah","Gov_ID":"Dhofar Governorate","Road_ID":"100418","Pipe_Diameter":500,"Pipe_Material":"HDPE","Invert_Level_From_m":0,"Invert_Level_To_m":0,"Slop_Percentage":0,"Latitude":17.03667883,"Longitude":54.150998170000001,"GlobalID":"{67EF8C36-173B-427B-9A93-63493CA3B050}","NEAR_FID":4805,"NEAR_DIST":6.7860865801951586}},{"type":"Feature","id":998,"geometry":{"type":"LineString","coordinates":[[198897.99089999963,1885688.9005999994],[198917.89269999973,1885671.5613000002]]},"properties":{"OBJECTID":998,"Shape_Length":26.39569979572061,"Asset_ID":"DP998","Name":null,"District_ID":"Dahariz al Shamaliyya","Wlyt_ID":"Salalah","Gov_ID":"Dhofar Governorate","Road_ID":"100003","Pipe_Diameter":300,"Pipe_Material":"UPVC","Invert_Level_From_m":0,"Invert_Level_To_m":0,"Slop_Percentage":0,"Latitude":17.035677310000001,"Longitude":54.171759280000003,"GlobalID":"{D5367989-8CB6-43D6-9EC5-7FDBB0E9C481}","NEAR_FID":6342,"NEAR_DIST":4.1482522044584966}},{"type":"Feature","id":999,"geometry":{"type":"LineString","coordinates":[[198917.89269999973,1885671.5613000002],[198939.16739999969,1885672.6643000003]]},"properties":{"OBJECTID":999,"Shape_Length":21.303273670686639,"Asset_ID":"DP999","Name":null,"District_ID":"Dahariz al Shamaliyya","Wlyt_ID":"Salalah","Gov_ID":"Dhofar Governorate","Road_ID":"100003","Pipe_Diameter":300,"Pipe_Material":"UPVC","Invert_Level_From_m":0,"Invert_Level_To_m":0,"Slop_Percentage":0,"Latitude":17.035606699999999,"Longitude":54.171953600000002,"GlobalID":"{83B63932-A1F4-4801-9336-1F468B36A35B}","NEAR_FID":6342,"NEAR_DIST":0}},{"type":"Feature","id":1000,"geometry":{"type":"LineString","coordinates":[[198939.16739999969,1885672.6643000003],[198954.90739999991,1885686.3892000001]]},"properties":{"OBJECTID":1000,"Shape_Length":20.88349779159309,"Asset_ID":"DP1000","Name":null,"District_ID":"Dahariz al Shamaliyya","Wlyt_ID":"Salalah","Gov_ID":"Dhofar Governorate","Road_ID":"100003","Pipe_Diameter":300,"Pipe_Material":"UPVC","Invert_Level_From_m":0,"Invert_Level_To_m":0,"Slop_Percentage":0,"Latitude":17.03567606,"Longitude":54.172126280000001,"GlobalID":"{FF783B3B-AAAD-460D-9EA8-C12D7820A70F}","NEAR_FID":12822,"NEAR_DIST":4.8078302824524446}},{"type":"Feature","id":1001,"geometry":{"type":"LineString","coordinates":[[198954.90739999991,1885686.3892000001],[198955.61539999954,1885717.5424000006]]},"properties":{"OBJECTID":1001,"Shape_Length":31.161244106616859,"Asset_ID":"DP1001","Name":null,"District_ID":"Dahariz al Shamaliyya","Wlyt_ID":"Salalah","Gov_ID":"Dhofar Governorate","Road_ID":"103682","Pipe_Diameter":300,"Pipe_Material":"UPVC","Invert_Level_From_m":0,"Invert_Level_To_m":0,"Slop_Percentage":0,"Latitude":17.035879720000001,"Longitude":54.172200420000003,"GlobalID":"{0A2E64E2-DEB9-4AE8-80A3-08759ADCBB82}","NEAR_FID":16632,"NEAR_DIST":0}},{"type":"Feature","id":1002,"geometry":{"type":"LineString","coordinates":[[196860.2078999998,1885784.1173999999],[196835.41770000011,1885781.0579000004]]},"properties":{"OBJECTID":1002,"Shape_Length":24.978281691741593,"Asset_ID":"DP1002","Name":null,"District_ID":"Dahariz al Shamaliyya","Wlyt_ID":"Salalah","Gov_ID":"Dhofar Governorate","Road_ID":"100418","Pipe_Diameter":500,"Pipe_Material":"HDPE","Invert_Level_From_m":0,"Invert_Level_To_m":0,"Slop_Percentage":0,"Latitude":17.03633129,"Longitude":54.15241125,"GlobalID":"{C5DFE406-B7C6-41E2-A1B9-9643AA60C7A1}","NEAR_FID":10721,"NEAR_DIST":0}},{"type":"Feature","id":1003,"geometry":{"type":"LineString","coordinates":[[196835.41770000011,1885781.0579000004],[196810.15579999983,1885783.1370999999]]},"properties":{"OBJECTID":1003,"Shape_Length":25.347320652527912,"Asset_ID":"DP1003","Name":null,"District_ID":"Dahariz al Shamaliyya","Wlyt_ID":"Salalah","Gov_ID":"Dhofar Governorate","Road_ID":"100418","Pipe_Diameter":500,"Pipe_Material":"HDPE","Invert_Level_From_m":0,"Invert_Level_To_m":0,"Slop_Percentage":0,"Latitude":17.036323580000001,"Longitude":54.152176449999999,"GlobalID":"{C2E266FE-4D6D-43DE-BD17-1F236DA252D5}","NEAR_FID":10721,"NEAR_DIST":2.8578482324425147}},{"type":"Feature","id":1004,"geometry":{"type":"LineString","coordinates":[[196810.15579999983,1885783.1370999999],[196785.48379999958,1885784.3896999992]]},"properties":{"OBJECTID":1004,"Shape_Length":24.703776852351297,"Asset_ID":"DP1004","Name":null,"District_ID":"Dahariz al Shamaliyya","Wlyt_ID":"Salalah","Gov_ID":"Dhofar Governorate","Road_ID":"100418","Pipe_Diameter":500,"Pipe_Material":"HDPE","Invert_Level_From_m":0,"Invert_Level_To_m":0,"Slop_Percentage":0,"Latitude":17.03633533,"Longitude":54.151941909999998,"GlobalID":"{FBF8D725-0810-41A3-AA8D-653369ECB902}","NEAR_FID":10721,"NEAR_DIST":8.29995430453328}},{"type":"Feature","id":1005,"geometry":{"type":"LineString","coordinates":[[196657.38520000037,1885768.8131000008],[196638.54079999961,1885769.2488000002]]},"properties":{"OBJECTID":1005,"Shape_Length":18.849436221754857,"Asset_ID":"DP1005","Name":null,"District_ID":"Dahariz al Shamaliyya","Wlyt_ID":"Salalah","Gov_ID":"Dhofar Governorate","Road_ID":"100124","Pipe_Diameter":200,"Pipe_Material":"UPVC","Invert_Level_From_m":0,"Invert_Level_To_m":0,"Slop_Percentage":0,"Latitude":17.0361826,"Longitude":54.150537550000003,"GlobalID":"{58A88816-491A-4517-9C9A-1B30758057C8}","NEAR_FID":18804,"NEAR_DIST":3.4426710082054757}},{"type":"Feature","id":1006,"geometry":{"type":"LineString","coordinates":[[196638.54079999961,1885769.2488000002],[196613.70540000033,1885768.7041999996]]},"properties":{"OBJECTID":1006,"Shape_Length":24.841370378565223,"Asset_ID":"DP1006","Name":null,"District_ID":"Dahariz al Shamaliyya","Wlyt_ID":"Salalah","Gov_ID":"Dhofar Governorate","Road_ID":"100124","Pipe_Diameter":200,"Pipe_Material":"UPVC","Invert_Level_From_m":0,"Invert_Level_To_m":0,"Slop_Percentage":0,"Latitude":17.036179229999998,"Longitude":54.150332599999999,"GlobalID":"{8268AE7F-4B9A-444D-BAD3-B681EF9E0739}","NEAR_FID":18804,"NEAR_DIST":3.6479037039611235}},{"type":"Feature","id":1007,"geometry":{"type":"LineString","coordinates":[[196613.70540000033,1885768.7041999996],[196588.89919999987,1885767.1993000004]]},"properties":{"OBJECTID":1007,"Shape_Length":24.851806422674141,"Asset_ID":"DP1007","Name":null,"District_ID":"Dahariz al Shamaliyya","Wlyt_ID":"Salalah","Gov_ID":"Dhofar Governorate","Road_ID":"100124","Pipe_Diameter":200,"Pipe_Material":"UPVC","Invert_Level_From_m":0,"Invert_Level_To_m":0,"Slop_Percentage":0,"Latitude":17.03616671,"Longitude":54.1500998,"GlobalID":"{11E615A4-13DF-48E5-B782-4D2D2F72E1DA}","NEAR_FID":18804,"NEAR_DIST":3.6479037039611235}},{"type":"Feature","id":1008,"geometry":{"type":"LineString","coordinates":[[196588.89919999987,1885767.1993000004],[196585.38430000003,1885792.7771000005]]},"properties":{"OBJECTID":1008,"Shape_Length":25.818179154488384,"Asset_ID":"DP1008","Name":null,"District_ID":"Dahariz al Shamaliyya","Wlyt_ID":"Salalah","Gov_ID":"Dhofar Governorate","Road_ID":"100124","Pipe_Diameter":200,"Pipe_Material":"UPVC","Invert_Level_From_m":0,"Invert_Level_To_m":0,"Slop_Percentage":0,"Latitude":17.036273510000001,"Longitude":54.149965260000002,"GlobalID":"{B58A2837-C83E-4887-B836-8ECAE36C8FA2}","NEAR_FID":18804,"NEAR_DIST":0}},{"type":"Feature","id":1009,"geometry":{"type":"LineString","coordinates":[[197687.79789999966,1885783.3783999998],[197675.78760000039,1885788.4405000005]]},"properties":{"OBJECTID":1009,"Shape_Length":13.033501543686137,"Asset_ID":"DP1009","Name":null,"District_ID":"al Sada al Janubiyya","Wlyt_ID":"Salalah","Gov_ID":"Dhofar Governorate","Road_ID":"100251","Pipe_Diameter":200,"Pipe_Material":"UPVC","Invert_Level_From_m":0,"Invert_Level_To_m":0,"Slop_Percentage":0,"Latitude":17.036470860000001,"Longitude":54.16023758,"GlobalID":"{E4DB327D-2A3D-4C1D-939F-6744A9788FA6}","NEAR_FID":10713,"NEAR_DIST":0}},{"type":"Feature","id":1010,"geometry":{"type":"LineString","coordinates":[[198479.4804999996,1885759.2206999995],[198478.77249999996,1885740.2128999997]]},"properties":{"OBJECTID":1010,"Shape_Length":19.020981174256999,"Asset_ID":"DP1010","Name":null,"District_ID":"al Sada al Janubiyya","Wlyt_ID":"Salalah","Gov_ID":"Dhofar Governorate","Road_ID":"100353","Pipe_Diameter":300,"Pipe_Material":"UPVC","Invert_Level_From_m":0,"Invert_Level_To_m":0,"Slop_Percentage":0,"Latitude":17.036248579999999,"Longitude":54.167725419999996,"GlobalID":"{06C7C298-A4A4-4789-A442-35B44D936544}","NEAR_FID":4836,"NEAR_DIST":3.0974756944422497}},{"type":"Feature","id":1011,"geometry":{"type":"LineString","coordinates":[[197803.01470000017,1885738.9549000002],[197827.99839999992,1885737.7630000003]]},"properties":{"OBJECTID":1011,"Shape_Length":25.01211489033733,"Asset_ID":"DP1011","Name":null,"District_ID":"Dahariz al Shamaliyya","Wlyt_ID":"Salalah","Gov_ID":"Dhofar Governorate","Road_ID":"100418","Pipe_Diameter":300,"Pipe_Material":"HDPE","Invert_Level_From_m":0,"Invert_Level_To_m":0,"Slop_Percentage":0,"Latitude":17.036059099999999,"Longitude":54.161498950000002,"GlobalID":"{7F743221-140A-4C09-9003-1A4A2FBE708D}","NEAR_FID":7239,"NEAR_DIST":8.2645689196880543}},{"type":"Feature","id":1012,"geometry":{"type":"LineString","coordinates":[[198252.36710000038,1885718.1006000005],[198278.0195000004,1885717.0658]]},"properties":{"OBJECTID":1012,"Shape_Length":25.673263072739349,"Asset_ID":"DP1012","Name":null,"District_ID":"Dahariz al Shamaliyya","Wlyt_ID":"Salalah","Gov_ID":"Dhofar Governorate","Road_ID":"100418","Pipe_Diameter":400,"Pipe_Material":"HDPE","Invert_Level_From_m":0,"Invert_Level_To_m":0,"Slop_Percentage":0,"Latitude":17.035930459999999,"Longitude":54.165722049999999,"GlobalID":"{D25F7C8D-8D1B-4967-BBBF-56E8F8EF3078}","NEAR_FID":10387,"NEAR_DIST":0}},{"type":"Feature","id":1013,"geometry":{"type":"LineString","coordinates":[[198965.65880000032,1885640.6769999992],[198940.0064000003,1885668.5624000002]]},"properties":{"OBJECTID":1013,"Shape_Length":37.889855620925637,"Asset_ID":"DP1013","Name":null,"District_ID":"Dahariz al Shamaliyya","Wlyt_ID":"Salalah","Gov_ID":"Dhofar Governorate","Road_ID":"100003","Pipe_Diameter":300,"Pipe_Material":"UPVC","Invert_Level_From_m":0,"Invert_Level_To_m":0,"Slop_Percentage":0,"Latitude":17.035451940000002,"Longitude":54.172184049999998,"GlobalID":"{4E5D6577-B6EC-44D0-8628-326E538905B9}","NEAR_FID":7103,"NEAR_DIST":0}},{"type":"Feature","id":1014,"geometry":{"type":"LineString","coordinates":[[198834.36050000042,1885634.2912000008],[198901.76150000002,1885641.0420999993]]},"properties":{"OBJECTID":1014,"Shape_Length":67.738242165973915,"Asset_ID":"DP1014","Name":null,"District_ID":"Dahariz al Shamaliyya","Wlyt_ID":"Salalah","Gov_ID":"Dhofar Governorate","Road_ID":"100124","Pipe_Diameter":300,"Pipe_Material":"UPVC","Invert_Level_From_m":0,"Invert_Level_To_m":0,"Slop_Percentage":0,"Latitude":17.03528781,"Longitude":54.171390780000003,"GlobalID":"{9E51E181-DD37-4990-8810-359B64F5957C}","NEAR_FID":10602,"NEAR_DIST":0.96419424358510286}},{"type":"Feature","id":1015,"geometry":{"type":"LineString","coordinates":[[198901.76150000002,1885641.0420999993],[198905.89130000025,1885634.7865999993],[198909.47059999965,1885628.2006000001],[198912.47310000006,1885621.3323999997],[198914.87660000008,1885614.2324999999],[198916.66370000038,1885606.9528000001],[198917.82120000012,1885599.5470000003],[198918.34049999993,1885592.0691999998]]},"properties":{"OBJECTID":1015,"Shape_Length":52.470424084160712,"Asset_ID":"DP1015","Name":null,"District_ID":"Dahariz al Shamaliyya","Wlyt_ID":"Salalah","Gov_ID":"Dhofar Governorate","Road_ID":"100418","Pipe_Diameter":300,"Pipe_Material":"UPVC","Invert_Level_From_m":0,"Invert_Level_To_m":0,"Slop_Percentage":0,"Latitude":17.035114239999999,"Longitude":54.171821559999998,"GlobalID":"{93A4D685-E9AE-43E1-AD4F-B90AC350FECC}","NEAR_FID":17644,"NEAR_DIST":6.0302782422102368}},{"type":"Feature","id":1016,"geometry":{"type":"LineString","coordinates":[[198921.54320000019,1885567.1511000004],[198923.11710000038,1885542.3817999996]]},"properties":{"OBJECTID":1016,"Shape_Length":24.819254294546536,"Asset_ID":"DP1016","Name":null,"District_ID":"Dahariz al Shamaliyya","Wlyt_ID":"Salalah","Gov_ID":"Dhofar Governorate","Road_ID":"100003","Pipe_Diameter":200,"Pipe_Material":"UPVC","Invert_Level_From_m":0,"Invert_Level_To_m":0,"Slop_Percentage":0,"Latitude":17.03454644,"Longitude":54.171911350000002,"GlobalID":"{0C3CF4CA-279A-4CE4-8190-B8FBD00CA74D}","NEAR_FID":14460,"NEAR_DIST":6.1011912002965945}},{"type":"Feature","id":1017,"geometry":{"type":"LineString","coordinates":[[198918.34049999993,1885592.0691999998],[198920.75219999999,1885553.2636999991]]},"properties":{"OBJECTID":1017,"Shape_Length":38.880369432346932,"Asset_ID":"DP1017","Name":null,"District_ID":"Dahariz al Shamaliyya","Wlyt_ID":"Salalah","Gov_ID":"Dhofar Governorate","Road_ID":"100003","Pipe_Diameter":300,"Pipe_Material":"UPVC","Invert_Level_From_m":0,"Invert_Level_To_m":0,"Slop_Percentage":0,"Latitude":17.03470768,"Longitude":54.171882799999999,"GlobalID":"{79412287-9812-47C3-8EEB-F523A0217631}","NEAR_FID":14460,"NEAR_DIST":7.6325942073046393}},{"type":"Feature","id":1018,"geometry":{"type":"LineString","coordinates":[[198920.75219999999,1885553.2636999991],[198921.35580000002,1885542.1608000007]]},"properties":{"OBJECTID":1018,"Shape_Length":11.119295001711913,"Asset_ID":"DP1018","Name":null,"District_ID":"Dahariz al Shamaliyya","Wlyt_ID":"Salalah","Gov_ID":"Dhofar Governorate","Road_ID":"100003","Pipe_Diameter":300,"Pipe_Material":"UPVC","Invert_Level_From_m":0,"Invert_Level_To_m":0,"Slop_Percentage":0,"Latitude":17.034482579999999,"Longitude":54.17190033,"GlobalID":"{595C3101-B33F-4C12-A7D9-FD7419E8A99A}","NEAR_FID":14460,"NEAR_DIST":7.7733212769265316}},{"type":"Feature","id":1019,"geometry":{"type":"LineString","coordinates":[[198929.33210000023,1885442.5953000002],[198932.44290000014,1885392.7269000001]]},"properties":{"OBJECTID":1019,"Shape_Length":49.965331933281419,"Asset_ID":"DP1019","Name":null,"District_ID":"Dahariz al Shamaliyya","Wlyt_ID":"Salalah","Gov_ID":"Dhofar Governorate","Road_ID":"100003","Pipe_Diameter":400,"Pipe_Material":"HDPE","Invert_Level_From_m":0,"Invert_Level_To_m":0,"Slop_Percentage":0,"Latitude":17.033309710000001,"Longitude":54.172010280000002,"GlobalID":"{44CA293B-2D2A-44CD-9F42-25E871825147}","NEAR_FID":14460,"NEAR_DIST":6.149699715097328}},{"type":"Feature","id":1020,"geometry":{"type":"LineString","coordinates":[[198932.44290000014,1885392.7269000001],[198936.29629999958,1885342.5475999992]]},"properties":{"OBJECTID":1020,"Shape_Length":50.327038857209857,"Asset_ID":"DP1020","Name":null,"District_ID":"Dahariz al Shamaliyya","Wlyt_ID":"Salalah","Gov_ID":"Dhofar Governorate","Road_ID":"100003","Pipe_Diameter":400,"Pipe_Material":"HDPE","Invert_Level_From_m":0,"Invert_Level_To_m":0,"Slop_Percentage":0,"Latitude":17.032858520000001,"Longitude":54.172049749999999,"GlobalID":"{66AA3156-3522-412F-958C-0F19E308FACE}","NEAR_FID":14460,"NEAR_DIST":5.3513003298058157}},{"type":"Feature","id":1021,"geometry":{"type":"LineString","coordinates":[[198935.08189999964,1885341.4371000007],[198937.58779999986,1885291.7963999994]]},"properties":{"OBJECTID":1021,"Shape_Length":49.703909619135175,"Asset_ID":"DP1021","Name":null,"District_ID":"Dahariz al Shamaliyya","Wlyt_ID":"Salalah","Gov_ID":"Dhofar Governorate","Road_ID":"100003","Pipe_Diameter":400,"Pipe_Material":"HDPE","Invert_Level_From_m":0,"Invert_Level_To_m":0,"Slop_Percentage":0,"Latitude":17.032398149999999,"Longitude":54.172075130000003,"GlobalID":"{E9D9800E-F5F1-4181-A31C-6BCF34F18E82}","NEAR_FID":14748,"NEAR_DIST":0}},{"type":"Feature","id":1022,"geometry":{"type":"LineString","coordinates":[[198937.58779999986,1885291.7963999994],[198941.54279999994,1885241.9863000009]]},"properties":{"OBJECTID":1022,"Shape_Length":49.966869892560467,"Asset_ID":"DP1022","Name":null,"District_ID":"Dahariz al Shamaliyya","Wlyt_ID":"Salalah","Gov_ID":"Dhofar Governorate","Road_ID":"100003","Pipe_Diameter":400,"Pipe_Material":"HDPE","Invert_Level_From_m":0,"Invert_Level_To_m":0,"Slop_Percentage":0,"Latitude":17.031949619999999,"Longitude":54.17211219,"GlobalID":"{88AC249A-5363-4EDA-8243-5651C6DF8A6F}","NEAR_FID":13259,"NEAR_DIST":0}},{"type":"Feature","id":1023,"geometry":{"type":"LineString","coordinates":[[198943.85659999959,1885192.1547999997],[198947.95629999973,1885142.2718000002]]},"properties":{"OBJECTID":1023,"Shape_Length":50.051186090202883,"Asset_ID":"DP1023","Name":null,"District_ID":"Dahariz al Shamaliyya","Wlyt_ID":"Salalah","Gov_ID":"Dhofar Governorate","Road_ID":"100003","Pipe_Diameter":400,"Pipe_Material":"HDPE","Invert_Level_From_m":0,"Invert_Level_To_m":0,"Slop_Percentage":0,"Latitude":17.03105051,"Longitude":54.172185239999997,"GlobalID":"{2C62048B-85E9-4A7A-8597-84722B260174}","NEAR_FID":9331,"NEAR_DIST":5.8775850620620123}},{"type":"Feature","id":1024,"geometry":{"type":"LineString","coordinates":[[198947.95629999973,1885142.2718000002],[198951.15869999956,1885092.3871999998]]},"properties":{"OBJECTID":1024,"Shape_Length":49.987285212986237,"Asset_ID":"DP1024","Name":null,"District_ID":"Dahariz al Shamaliyya","Wlyt_ID":"Salalah","Gov_ID":"Dhofar Governorate","Road_ID":"100003","Pipe_Diameter":500,"Pipe_Material":"HDPE","Invert_Level_From_m":0,"Invert_Level_To_m":0,"Slop_Percentage":0,"Latitude":17.030600620000001,"Longitude":54.172226279999997,"GlobalID":"{22882745-BB88-41D5-A2A8-F200080F5E04}","NEAR_FID":9331,"NEAR_DIST":5.7110844587733247}},{"type":"Feature","id":1025,"geometry":{"type":"LineString","coordinates":[[198951.15869999956,1885092.3871999998],[198953.45969999954,1885042.4853000008]]},"properties":{"OBJECTID":1025,"Shape_Length":49.954921924779846,"Asset_ID":"DP1025","Name":null,"District_ID":"Dahariz al Shamaliyya","Wlyt_ID":"Salalah","Gov_ID":"Dhofar Governorate","Road_ID":"100003","Pipe_Diameter":500,"Pipe_Material":"HDPE","Invert_Level_From_m":0,"Invert_Level_To_m":0,"Slop_Percentage":0,"Latitude":17.030150519999999,"Longitude":54.17225887,"GlobalID":"{E64C11B3-8E92-470C-A042-AE54DB8BE679}","NEAR_FID":9331,"NEAR_DIST":5.7110844587733247}},{"type":"Feature","id":1026,"geometry":{"type":"LineString","coordinates":[[198953.45969999954,1885042.4853000008],[198957.13190000039,1884992.7141999993]]},"properties":{"OBJECTID":1026,"Shape_Length":49.906386847742489,"Asset_ID":"DP1026","Name":null,"District_ID":"Dahariz al Shamaliyya","Wlyt_ID":"Salalah","Gov_ID":"Dhofar Governorate","Road_ID":"100003","Pipe_Diameter":500,"Pipe_Material":"HDPE","Invert_Level_From_m":0,"Invert_Level_To_m":0,"Slop_Percentage":0,"Latitude":17.02970096,"Longitude":54.172293670000002,"GlobalID":"{B8A8AA3B-3817-4997-8E02-26E88C22AE54}","NEAR_FID":9331,"NEAR_DIST":5.8030431759961543}},{"type":"Feature","id":1027,"geometry":{"type":"LineString","coordinates":[[198957.13190000039,1884992.7141999993],[198959.84219999984,1884942.8455999997]]},"properties":{"OBJECTID":1027,"Shape_Length":49.942196507729982,"Asset_ID":"DP1027","Name":null,"District_ID":"Dahariz al Shamaliyya","Wlyt_ID":"Salalah","Gov_ID":"Dhofar Governorate","Road_ID":"100003","Pipe_Diameter":500,"Pipe_Material":"HDPE","Invert_Level_From_m":0,"Invert_Level_To_m":0,"Slop_Percentage":0,"Latitude":17.02925158,"Longitude":54.172330379999998,"GlobalID":"{5636CD7D-7A97-4E7D-A7F6-89816C58B282}","NEAR_FID":9331,"NEAR_DIST":5.8030431759961543}},{"type":"Feature","id":1028,"geometry":{"type":"LineString","coordinates":[[198959.84219999984,1884942.8455999997],[198960.98149999976,1884928.3487],[198959.09240000043,1884892.8070999999]]},"properties":{"OBJECTID":1028,"Shape_Length":50.13336855770217,"Asset_ID":"DP1028","Name":null,"District_ID":"Dahariz al Shamaliyya","Wlyt_ID":"Salalah","Gov_ID":"Dhofar Governorate","Road_ID":"100003","Pipe_Diameter":500,"Pipe_Material":"HDPE","Invert_Level_From_m":0,"Invert_Level_To_m":0,"Slop_Percentage":0,"Latitude":17.028799790000001,"Longitude":54.172355529999997,"GlobalID":"{D2871F05-4709-44C3-95A1-B5AC51CC4912}","NEAR_FID":9331,"NEAR_DIST":5.8701062410034321}},{"type":"Feature","id":1029,"geometry":{"type":"LineString","coordinates":[[198959.09240000043,1884892.8070999999],[198961.9411000004,1884853.2127999999]]},"properties":{"OBJECTID":1029,"Shape_Length":39.696645754768895,"Asset_ID":"DP1029","Name":null,"District_ID":"Dahariz al Shamaliyya","Wlyt_ID":"Salalah","Gov_ID":"Dhofar Governorate","Road_ID":"100003","Pipe_Diameter":500,"Pipe_Material":"HDPE","Invert_Level_From_m":0,"Invert_Level_To_m":0,"Slop_Percentage":0,"Latitude":17.028395339999999,"Longitude":54.172362679999999,"GlobalID":"{66883B6A-498C-4439-BB2D-0448F959CF59}","NEAR_FID":5812,"NEAR_DIST":7.2014492612289223}},{"type":"Feature","id":1030,"geometry":{"type":"LineString","coordinates":[[198961.9411000004,1884853.2127999999],[198965.46710000001,1884793.1805000007]]},"properties":{"OBJECTID":1030,"Shape_Length":60.13576073506411,"Asset_ID":"DP1030","Name":null,"District_ID":"Dahariz al Shamaliyya","Wlyt_ID":"Salalah","Gov_ID":"Dhofar Governorate","Road_ID":"100003","Pipe_Diameter":500,"Pipe_Material":"HDPE","Invert_Level_From_m":0,"Invert_Level_To_m":0,"Slop_Percentage":0,"Latitude":17.027946369999999,"Longitude":54.172400529999997,"GlobalID":"{116EAA1A-EC66-48B0-A3D7-045CE5EE9DD5}","NEAR_FID":5812,"NEAR_DIST":0}},{"type":"Feature","id":1031,"geometry":{"type":"LineString","coordinates":[[198965.46710000001,1884793.1805000007],[198966.48699999973,1884780.6890999991],[198967.93640000001,1884768.3860999998],[198971.1679999996,1884746.8891000003],[198971.69710000046,1884743.1663000006]]},"properties":{"OBJECTID":1031,"Shape_Length":50.419802959875305,"Asset_ID":"DP1031","Name":null,"District_ID":"Dahariz al Shamaliyya","Wlyt_ID":"Salalah","Gov_ID":"Dhofar Governorate","Road_ID":"100003","Pipe_Diameter":600,"Pipe_Material":"HDPE","Invert_Level_From_m":0,"Invert_Level_To_m":0,"Slop_Percentage":0,"Latitude":17.027449109999999,"Longitude":54.172446720000003,"GlobalID":"{AE59C12C-69E7-47CD-A298-9B9D403B4B1B}","NEAR_FID":16186,"NEAR_DIST":8.0608320590146381}},{"type":"Feature","id":1032,"geometry":{"type":"LineString","coordinates":[[198971.69710000046,1884743.1663000006],[198972.58729999978,1884688.6890999991]]},"properties":{"OBJECTID":1032,"Shape_Length":54.484472797668275,"Asset_ID":"DP1032","Name":null,"District_ID":"Dahariz al Shamaliyya","Wlyt_ID":"Salalah","Gov_ID":"Dhofar Governorate","Road_ID":"100003","Pipe_Diameter":600,"Pipe_Material":"HDPE","Invert_Level_From_m":0,"Invert_Level_To_m":0,"Slop_Percentage":0,"Latitude":17.026978119999999,"Longitude":54.172491389999998,"GlobalID":"{7A59C154-04F3-4F8F-AAAE-A916D4D4589E}","NEAR_FID":16186,"NEAR_DIST":8.0608320590146381}},{"type":"Feature","id":1033,"geometry":{"type":"LineString","coordinates":[[198915.44330000039,1885616.8220000006],[198917.60759999976,1885608.7896999996],[198919.06359999999,1885600.5994000006],[198919.80040000007,1885592.3133000005]]},"properties":{"OBJECTID":1033,"Shape_Length":24.956280691397794,"Asset_ID":"DP1033","Name":null,"District_ID":"Dahariz al Shamaliyya","Wlyt_ID":"Salalah","Gov_ID":"Dhofar Governorate","Road_ID":"100418","Pipe_Diameter":200,"Pipe_Material":"UPVC","Invert_Level_From_m":0,"Invert_Level_To_m":0,"Slop_Percentage":0,"Latitude":17.03499669,"Longitude":54.171867079999998,"GlobalID":"{D114EAA7-76F3-47D6-829D-50C6F07F68B9}","NEAR_FID":17644,"NEAR_DIST":4.706365316912799}},{"type":"Feature","id":1034,"geometry":{"type":"LineString","coordinates":[[198924.5932,1885517.3713000007],[198926.33600000013,1885492.2091000006]]},"properties":{"OBJECTID":1034,"Shape_Length":25.222483237923466,"Asset_ID":"DP1034","Name":null,"District_ID":"Dahariz al Shamaliyya","Wlyt_ID":"Salalah","Gov_ID":"Dhofar Governorate","Road_ID":"100003","Pipe_Diameter":200,"Pipe_Material":"UPVC","Invert_Level_From_m":0,"Invert_Level_To_m":0,"Slop_Percentage":0,"Latitude":17.03409564,"Longitude":54.17194756,"GlobalID":"{69659801-4B5B-4AC7-9CA3-830796F7F348}","NEAR_FID":14460,"NEAR_DIST":6.3755364005598958}},{"type":"Feature","id":1035,"geometry":{"type":"LineString","coordinates":[[198920.88970000017,1885517.2623999994],[198922.41469999962,1885491.9912999999]]},"properties":{"OBJECTID":1035,"Shape_Length":25.317071714268224,"Asset_ID":"DP1035","Name":null,"District_ID":"Dahariz al Shamaliyya","Wlyt_ID":"Salalah","Gov_ID":"Dhofar Governorate","Road_ID":"100124","Pipe_Diameter":200,"Pipe_Material":"UPVC","Invert_Level_From_m":0,"Invert_Level_To_m":0,"Slop_Percentage":0,"Latitude":17.034093670000001,"Longitude":54.171911799999997,"GlobalID":"{9E5D5677-EF46-41FC-B0AA-2BAF54CA0F65}","NEAR_FID":10602,"NEAR_DIST":7.7449677571123354}},{"type":"Feature","id":1036,"geometry":{"type":"LineString","coordinates":[[198922.41469999962,1885491.9912999999],[198924.04860000033,1885466.9379999992],[198925.57349999994,1885442.2115000002]]},"properties":{"OBJECTID":1036,"Shape_Length":49.879998645416421,"Asset_ID":"DP1036","Name":null,"District_ID":"Dahariz al Shamaliyya","Wlyt_ID":"Salalah","Gov_ID":"Dhofar Governorate","Road_ID":"100124","Pipe_Diameter":200,"Pipe_Material":"UPVC","Invert_Level_From_m":0,"Invert_Level_To_m":0,"Slop_Percentage":0,"Latitude":17.033755209999999,"Longitude":54.171939279999997,"GlobalID":"{9ACDE0E8-57EF-4F36-BAF3-EB1B27829D20}","NEAR_FID":10602,"NEAR_DIST":7.7449677571123354}},{"type":"Feature","id":1037,"geometry":{"type":"LineString","coordinates":[[198925.57349999994,1885442.2115000002],[198929.33210000023,1885442.5953000002]]},"properties":{"OBJECTID":1037,"Shape_Length":3.7781445713681858,"Asset_ID":"DP1037","Name":null,"District_ID":"Dahariz al Shamaliyya","Wlyt_ID":"Salalah","Gov_ID":"Dhofar Governorate","Road_ID":"100003","Pipe_Diameter":200,"Pipe_Material":"UPVC","Invert_Level_From_m":0,"Invert_Level_To_m":0,"Slop_Percentage":0,"Latitude":17.033532640000001,"Longitude":54.171974689999999,"GlobalID":"{4BA5CD38-26C9-408F-8B46-A7AD37742B28}","NEAR_FID":14460,"NEAR_DIST":6.225754252853859}},{"type":"Feature","id":1038,"geometry":{"type":"LineString","coordinates":[[198921.35580000002,1885542.1608000007],[198924.51159999985,1885492.1776000001]]},"properties":{"OBJECTID":1038,"Shape_Length":50.082725124925354,"Asset_ID":"DP1038","Name":null,"District_ID":"Dahariz al Shamaliyya","Wlyt_ID":"Salalah","Gov_ID":"Dhofar Governorate","Road_ID":"100003","Pipe_Diameter":300,"Pipe_Material":"UPVC","Invert_Level_From_m":0,"Invert_Level_To_m":0,"Slop_Percentage":0,"Latitude":17.034207070000001,"Longitude":54.171922119999998,"GlobalID":"{77C87B56-9523-4086-B439-A25DEE002E6D}","NEAR_FID":14460,"NEAR_DIST":7.8766793640618848}},{"type":"Feature","id":1039,"geometry":{"type":"LineString","coordinates":[[198927.86099999957,1885467.2647999991],[198931.23780000024,1885442.9739999995]]},"properties":{"OBJECTID":1039,"Shape_Length":24.524390774605223,"Asset_ID":"DP1039","Name":null,"District_ID":"Dahariz al Shamaliyya","Wlyt_ID":"Salalah","Gov_ID":"Dhofar Governorate","Road_ID":"100003","Pipe_Diameter":200,"Pipe_Material":"UPVC","Invert_Level_From_m":0,"Invert_Level_To_m":0,"Slop_Percentage":0,"Latitude":17.033647720000001,"Longitude":54.171992639999999,"GlobalID":"{8C4944C7-4673-4F3E-8911-3DBCEB696737}","NEAR_FID":14460,"NEAR_DIST":4.300570683687531}},{"type":"Feature","id":1040,"geometry":{"type":"LineString","coordinates":[[198932.76269999985,1885415.0886000004],[198934.06989999954,1885392.8673999999]]},"properties":{"OBJECTID":1040,"Shape_Length":22.259615928878382,"Asset_ID":"DP1040","Name":null,"District_ID":"Dahariz al Shamaliyya","Wlyt_ID":"Salalah","Gov_ID":"Dhofar Governorate","Road_ID":"100003","Pipe_Diameter":200,"Pipe_Material":"UPVC","Invert_Level_From_m":0,"Invert_Level_To_m":0,"Slop_Percentage":0,"Latitude":17.033186499999999,"Longitude":54.172035870000002,"GlobalID":"{41CF782E-C577-4F69-B424-79448D4D01A7}","NEAR_FID":14460,"NEAR_DIST":4.4722427017895079}},{"type":"Feature","id":1041,"geometry":{"type":"LineString","coordinates":[[198927.05439999979,1885417.2937000003],[198928.62349999975,1885392.4317000005]]},"properties":{"OBJECTID":1041,"Shape_Length":24.911465609163802,"Asset_ID":"DP1041","Name":null,"District_ID":"Dahariz al Shamaliyya","Wlyt_ID":"Salalah","Gov_ID":"Dhofar Governorate","Road_ID":"100124","Pipe_Diameter":200,"Pipe_Material":"UPVC","Invert_Level_From_m":0,"Invert_Level_To_m":0,"Slop_Percentage":0,"Latitude":17.03319376,"Longitude":54.171983410000003,"GlobalID":"{38E139C2-91D9-4FD4-AAEC-3BE38A7FEC68}","NEAR_FID":18718,"NEAR_DIST":7.8866884346314565}},{"type":"Feature","id":1042,"geometry":{"type":"LineString","coordinates":[[198928.62349999975,1885392.4317000005],[198930.03959999979,1885367.5963000003]]},"properties":{"OBJECTID":1042,"Shape_Length":24.875739835847032,"Asset_ID":"DP1042","Name":null,"District_ID":"Dahariz al Shamaliyya","Wlyt_ID":"Salalah","Gov_ID":"Dhofar Governorate","Road_ID":"100124","Pipe_Diameter":200,"Pipe_Material":"UPVC","Invert_Level_From_m":0,"Invert_Level_To_m":0,"Slop_Percentage":0,"Latitude":17.032969609999999,"Longitude":54.172000789999998,"GlobalID":"{0C531E0B-645C-4D89-ADEC-8F8AE812A24B}","NEAR_FID":18718,"NEAR_DIST":8.0611891778577878}},{"type":"Feature","id":1043,"geometry":{"type":"LineString","coordinates":[[198930.03959999979,1885367.5963000003],[198931.65749999974,1885342.4812000003]]},"properties":{"OBJECTID":1043,"Shape_Length":25.167158131631492,"Asset_ID":"DP1043","Name":null,"District_ID":"Dahariz al Shamaliyya","Wlyt_ID":"Salalah","Gov_ID":"Dhofar Governorate","Road_ID":"100124","Pipe_Diameter":200,"Pipe_Material":"UPVC","Invert_Level_From_m":0,"Invert_Level_To_m":0,"Slop_Percentage":0,"Latitude":17.032744319999999,"Longitude":54.172018420000001,"GlobalID":"{6A2E721D-40F6-43AF-9C9B-73528053DDBA}","NEAR_FID":18718,"NEAR_DIST":8.0895901223990503}},{"type":"Feature","id":1044,"geometry":{"type":"LineString","coordinates":[[198931.65749999974,1885342.4812000003],[198936.29629999958,1885342.5475999992]]},"properties":{"OBJECTID":1044,"Shape_Length":4.6392752018373544,"Asset_ID":"DP1044","Name":null,"District_ID":"Dahariz al Shamaliyya","Wlyt_ID":"Salalah","Gov_ID":"Dhofar Governorate","Road_ID":"100003","Pipe_Diameter":200,"Pipe_Material":"UPVC","Invert_Level_From_m":0,"Invert_Level_To_m":0,"Slop_Percentage":0,"Latitude":17.032631649999999,"Longitude":54.172049479999998,"GlobalID":"{CD1CC717-1D25-4089-AADE-BBBB82355D52}","NEAR_FID":14460,"NEAR_DIST":5.3513003298058157}},{"type":"Feature","id":1045,"geometry":{"type":"LineString","coordinates":[[198935.70969999954,1885368.0468000006],[198937.4561999999,1885342.5980999991]]},"properties":{"OBJECTID":1045,"Shape_Length":25.508559230496086,"Asset_ID":"DP1045","Name":null,"District_ID":"Dahariz al Shamaliyya","Wlyt_ID":"Salalah","Gov_ID":"Dhofar Governorate","Road_ID":"100003","Pipe_Diameter":200,"Pipe_Material":"UPVC","Invert_Level_From_m":0,"Invert_Level_To_m":0,"Slop_Percentage":0,"Latitude":17.032747629999999,"Longitude":54.172072200000002,"GlobalID":"{E20B58EA-F80F-4929-A31D-79D9B1CBE7D7}","NEAR_FID":14460,"NEAR_DIST":4.1904745717752769}},{"type":"Feature","id":1046,"geometry":{"type":"LineString","coordinates":[[198937.95930000022,1885317.3209000006],[198939.49069999997,1885292.3184999991]]},"properties":{"OBJECTID":1046,"Shape_Length":25.049255314176023,"Asset_ID":"DP1046","Name":null,"District_ID":"Dahariz al Shamaliyya","Wlyt_ID":"Salalah","Gov_ID":"Dhofar Governorate","Road_ID":"100003","Pipe_Diameter":200,"Pipe_Material":"UPVC","Invert_Level_From_m":0,"Invert_Level_To_m":0,"Slop_Percentage":0,"Latitude":17.032291950000001,"Longitude":54.172099160000002,"GlobalID":"{1C26E1C5-DC1E-4202-9169-1C1B1DECAC9C}","NEAR_FID":14748,"NEAR_DIST":0}},{"type":"Feature","id":1047,"geometry":{"type":"LineString","coordinates":[[198941.08100000024,1885267.2222000007],[198942.61730000004,1885242.4514000006]]},"properties":{"OBJECTID":1047,"Shape_Length":24.818395402044043,"Asset_ID":"DP1047","Name":null,"District_ID":"Dahariz al Shamaliyya","Wlyt_ID":"Salalah","Gov_ID":"Dhofar Governorate","Road_ID":"100003","Pipe_Diameter":200,"Pipe_Material":"UPVC","Invert_Level_From_m":0,"Invert_Level_To_m":0,"Slop_Percentage":0,"Latitude":17.031839949999998,"Longitude":54.172134970000002,"GlobalID":"{C7C2C78E-B7C2-4653-BE59-6230C7D9B4EE}","NEAR_FID":13259,"NEAR_DIST":4.9550210376494705}},{"type":"Feature","id":1048,"geometry":{"type":"LineString","coordinates":[[198926.04519999959,1885316.6105000004],[198927.57019999996,1885291.7750000004]]},"properties":{"OBJECTID":1048,"Shape_Length":24.882276528753486,"Asset_ID":"DP1048","Name":null,"District_ID":"Dahariz al Shamaliyya","Wlyt_ID":"Salalah","Gov_ID":"Dhofar Governorate","Road_ID":"100003","Pipe_Diameter":200,"Pipe_Material":"UPVC","Invert_Level_From_m":0,"Invert_Level_To_m":0,"Slop_Percentage":0,"Latitude":17.032284730000001,"Longitude":54.171987399999999,"GlobalID":"{62005B97-2BC9-433A-A965-D2B80B6EB32A}","NEAR_FID":14748,"NEAR_DIST":0}},{"type":"Feature","id":1049,"geometry":{"type":"LineString","coordinates":[[198927.57019999996,1885291.7750000004],[198929.75989999995,1885256.7840999998]]},"properties":{"OBJECTID":1049,"Shape_Length":35.059347811089538,"Asset_ID":"DP1049","Name":null,"District_ID":"Dahariz al Shamaliyya","Wlyt_ID":"Salalah","Gov_ID":"Dhofar Governorate","Road_ID":"100003","Pipe_Diameter":200,"Pipe_Material":"UPVC","Invert_Level_From_m":0,"Invert_Level_To_m":0,"Slop_Percentage":0,"Latitude":17.0320149,"Longitude":54.172008890000001,"GlobalID":"{EBBE2E75-984C-4210-9862-A61D21ECDF79}","NEAR_FID":13259,"NEAR_DIST":0}},{"type":"Feature","id":1050,"geometry":{"type":"LineString","coordinates":[[198929.75989999995,1885256.7840999998],[198936.34109999985,1885241.6550999992]]},"properties":{"OBJECTID":1050,"Shape_Length":16.49844945619148,"Asset_ID":"DP1050","Name":null,"District_ID":"Dahariz al Shamaliyya","Wlyt_ID":"Salalah","Gov_ID":"Dhofar Governorate","Road_ID":"100124","Pipe_Diameter":200,"Pipe_Material":"UPVC","Invert_Level_From_m":0,"Invert_Level_To_m":0,"Slop_Percentage":0,"Latitude":17.03178922,"Longitude":54.17205345,"GlobalID":"{6F32E5D7-8DF5-4679-B14D-FA85F6A013E5}","NEAR_FID":13610,"NEAR_DIST":1.4389195674769586}},{"type":"Feature","id":1051,"geometry":{"type":"LineString","coordinates":[[198936.34109999985,1885241.6550999992],[198941.54279999994,1885241.9863000009]]},"properties":{"OBJECTID":1051,"Shape_Length":5.2122333343901479,"Asset_ID":"DP1051","Name":null,"District_ID":"Dahariz al Shamaliyya","Wlyt_ID":"Salalah","Gov_ID":"Dhofar Governorate","Road_ID":"100003","Pipe_Diameter":200,"Pipe_Material":"UPVC","Invert_Level_From_m":0,"Invert_Level_To_m":0,"Slop_Percentage":0,"Latitude":17.031723190000001,"Longitude":54.172109749999997,"GlobalID":"{BCF43D7C-455A-45CC-9E4C-32673A15A514}","NEAR_FID":9331,"NEAR_DIST":6.222592678938069}},{"type":"Feature","id":1052,"geometry":{"type":"LineString","coordinates":[[198944.32050000038,1885217.5241],[198945.84549999982,1885192.6886999998]]},"properties":{"OBJECTID":1052,"Shape_Length":24.882176716858069,"Asset_ID":"DP1052","Name":null,"District_ID":"Dahariz al Shamaliyya","Wlyt_ID":"Salalah","Gov_ID":"Dhofar Governorate","Road_ID":"100003","Pipe_Diameter":200,"Pipe_Material":"UPVC","Invert_Level_From_m":0,"Invert_Level_To_m":0,"Slop_Percentage":0,"Latitude":17.031392520000001,"Longitude":54.172172369999998,"GlobalID":"{3ADC7D79-1DC2-49AA-A325-46399498D3DF}","NEAR_FID":9331,"NEAR_DIST":4.9221693077708766}},{"type":"Feature","id":1053,"geometry":{"type":"LineString","coordinates":[[198938.0625,1885217.1195],[198939.59819999989,1885192.2789999992]]},"properties":{"OBJECTID":1053,"Shape_Length":24.887925079897755,"Asset_ID":"DP1053","Name":null,"District_ID":"Dahariz al Shamaliyya","Wlyt_ID":"Salalah","Gov_ID":"Dhofar Governorate","Road_ID":"100124","Pipe_Diameter":200,"Pipe_Material":"UPVC","Invert_Level_From_m":0,"Invert_Level_To_m":0,"Slop_Percentage":0,"Latitude":17.031388029999999,"Longitude":54.17211374,"GlobalID":"{7B2DB3DE-0D2B-43E7-BAFB-9B46D6CF34B1}","NEAR_FID":13610,"NEAR_DIST":6.7605837605353116}},{"type":"Feature","id":1054,"geometry":{"type":"LineString","coordinates":[[198939.59819999989,1885192.2789999992],[198941.2659,1885166.3834000006]]},"properties":{"OBJECTID":1054,"Shape_Length":25.949245125329135,"Asset_ID":"DP1054","Name":null,"District_ID":"Dahariz al Shamaliyya","Wlyt_ID":"Salalah","Gov_ID":"Dhofar Governorate","Road_ID":"100124","Pipe_Diameter":200,"Pipe_Material":"UPVC","Invert_Level_From_m":0,"Invert_Level_To_m":0,"Slop_Percentage":0,"Latitude":17.031159200000001,"Longitude":54.172132220000002,"GlobalID":"{63685B32-358E-461F-BBC9-E45B2F79D6A0}","NEAR_FID":13610,"NEAR_DIST":6.8767805235576827}},{"type":"Feature","id":1055,"geometry":{"type":"LineString","coordinates":[[198941.2659,1885166.3834000006],[198942.54719999991,1885142.2090000007]]},"properties":{"OBJECTID":1055,"Shape_Length":24.208332140918493,"Asset_ID":"DP1055","Name":null,"District_ID":"Dahariz al Shamaliyya","Wlyt_ID":"Salalah","Gov_ID":"Dhofar Governorate","Road_ID":"100124","Pipe_Diameter":200,"Pipe_Material":"UPVC","Invert_Level_From_m":0,"Invert_Level_To_m":0,"Slop_Percentage":0,"Latitude":17.03093337,"Longitude":54.172149449999999,"GlobalID":"{B735F952-0605-41A4-AF0C-95C2B58773C2}","NEAR_FID":13610,"NEAR_DIST":7.1620670324554867}},{"type":"Feature","id":1056,"geometry":{"type":"LineString","coordinates":[[198942.54719999991,1885142.2090000007],[198947.95629999973,1885142.2718000002]]},"properties":{"OBJECTID":1056,"Shape_Length":5.4094645435511515,"Asset_ID":"DP1056","Name":null,"District_ID":"Dahariz al Shamaliyya","Wlyt_ID":"Salalah","Gov_ID":"Dhofar Governorate","Road_ID":"100003","Pipe_Diameter":200,"Pipe_Material":"UPVC","Invert_Level_From_m":0,"Invert_Level_To_m":0,"Slop_Percentage":0,"Latitude":17.03082496,"Longitude":54.172182479999996,"GlobalID":"{0901BD3A-1DDC-4DC9-8CFD-9AF1553BF710}","NEAR_FID":9331,"NEAR_DIST":5.8775850620620123}},{"type":"Feature","id":1057,"geometry":{"type":"LineString","coordinates":[[198950.42239999957,1885117.7282999996],[198951.91779999994,1885092.6425000001]]},"properties":{"OBJECTID":1057,"Shape_Length":25.130331927329607,"Asset_ID":"DP1057","Name":null,"District_ID":"Dahariz al Shamaliyya","Wlyt_ID":"Salalah","Gov_ID":"Dhofar Governorate","Road_ID":"100003","Pipe_Diameter":200,"Pipe_Material":"UPVC","Invert_Level_From_m":0,"Invert_Level_To_m":0,"Slop_Percentage":0,"Latitude":17.030491189999999,"Longitude":54.17224306,"GlobalID":"{93E69273-969B-4A7F-86AB-E9F3726756E5}","NEAR_FID":9331,"NEAR_DIST":4.9068086091398797}},{"type":"Feature","id":1058,"geometry":{"type":"LineString","coordinates":[[198944.02859999985,1885116.9627],[198945.38210000005,1885092.2068000007]]},"properties":{"OBJECTID":1058,"Shape_Length":24.792872907862574,"Asset_ID":"DP1058","Name":null,"District_ID":"Dahariz al Shamaliyya","Wlyt_ID":"Salalah","Gov_ID":"Dhofar Governorate","Road_ID":"100124","Pipe_Diameter":200,"Pipe_Material":"UPVC","Invert_Level_From_m":0,"Invert_Level_To_m":0,"Slop_Percentage":0,"Latitude":17.030484919999999,"Longitude":54.172182470000003,"GlobalID":"{94581728-E6E8-49C7-B437-4673CC1D4BB9}","NEAR_FID":13610,"NEAR_DIST":7.2010804329208371}},{"type":"Feature","id":1059,"geometry":{"type":"LineString","coordinates":[[198945.38210000005,1885092.2068000007],[198946.75140000042,1885071.3550000004]]},"properties":{"OBJECTID":1059,"Shape_Length":20.896711361918086,"Asset_ID":"DP1059","Name":null,"District_ID":"Dahariz al Shamaliyya","Wlyt_ID":"Salalah","Gov_ID":"Dhofar Governorate","Road_ID":"100124","Pipe_Diameter":200,"Pipe_Material":"UPVC","Invert_Level_From_m":0,"Invert_Level_To_m":0,"Slop_Percentage":0,"Latitude":17.03027921,"Longitude":54.172198340000001,"GlobalID":"{D1425875-0DAC-478F-BF14-31DF4C88ED85}","NEAR_FID":13610,"NEAR_DIST":7.2010804329208371}},{"type":"Feature","id":1060,"geometry":{"type":"LineString","coordinates":[[198946.75140000042,1885071.3550000004],[198947.86170000024,1885050.2528000008]]},"properties":{"OBJECTID":1060,"Shape_Length":21.131389232925208,"Asset_ID":"DP1060","Name":null,"District_ID":"Dahariz al Shamaliyya","Wlyt_ID":"Salalah","Gov_ID":"Dhofar Governorate","Road_ID":"100124","Pipe_Diameter":200,"Pipe_Material":"UPVC","Invert_Level_From_m":0,"Invert_Level_To_m":0,"Slop_Percentage":0,"Latitude":17.03008998,"Longitude":54.172212819999999,"GlobalID":"{A59BD70F-DD34-4AF3-B51C-195DB78EBEE3}","NEAR_FID":13610,"NEAR_DIST":7.0443379937034152}},{"type":"Feature","id":1061,"geometry":{"type":"LineString","coordinates":[[198947.86170000024,1885050.2528000008],[198953.45969999954,1885042.4853000008]]},"properties":{"OBJECTID":1061,"Shape_Length":9.5745318550473417,"Asset_ID":"DP1061","Name":null,"District_ID":"Dahariz al Shamaliyya","Wlyt_ID":"Salalah","Gov_ID":"Dhofar Governorate","Road_ID":"100003","Pipe_Diameter":300,"Pipe_Material":"UPVC","Invert_Level_From_m":0,"Invert_Level_To_m":0,"Slop_Percentage":0,"Latitude":17.0299601,"Longitude":54.172246260000001,"GlobalID":"{28080D82-3ACD-426A-B740-CB7552614611}","NEAR_FID":9331,"NEAR_DIST":6.4453703348303657}},{"type":"Feature","id":1062,"geometry":{"type":"LineString","coordinates":[[198953.5745000001,1885067.9789000005],[198955.0828999998,1885042.8521999996]]},"properties":{"OBJECTID":1062,"Shape_Length":25.171935235320721,"Asset_ID":"DP1062","Name":null,"District_ID":"Dahariz al Shamaliyya","Wlyt_ID":"Salalah","Gov_ID":"Dhofar Governorate","Road_ID":"100003","Pipe_Diameter":200,"Pipe_Material":"UPVC","Invert_Level_From_m":0,"Invert_Level_To_m":0,"Slop_Percentage":0,"Latitude":17.030041560000001,"Longitude":54.172279439999997,"GlobalID":"{F4CEA781-9F3D-49C7-A7B8-ECC96DC830FC}","NEAR_FID":9331,"NEAR_DIST":4.7823030954347079}},{"type":"Feature","id":1063,"geometry":{"type":"LineString","coordinates":[[198944.10790000018,1885015.4826999996],[198945.47860000003,1884992.3454]]},"properties":{"OBJECTID":1063,"Shape_Length":23.177865944923489,"Asset_ID":"DP1063","Name":null,"District_ID":"Dahariz al Shamaliyya","Wlyt_ID":"Salalah","Gov_ID":"Dhofar Governorate","Road_ID":"100124","Pipe_Diameter":200,"Pipe_Material":"UPVC","Invert_Level_From_m":0,"Invert_Level_To_m":0,"Slop_Percentage":0,"Latitude":17.029576030000001,"Longitude":54.172196960000001,"GlobalID":"{F2F37A04-8DF7-4F67-A6B0-46AE3501F276}","NEAR_FID":13610,"NEAR_DIST":1.1469630424934905}},{"type":"Feature","id":1064,"geometry":{"type":"LineString","coordinates":[[198957.03729999997,1885011.4372000005],[198958.25939999986,1884993.0441999994]]},"properties":{"OBJECTID":1064,"Shape_Length":18.43355574624071,"Asset_ID":"DP1064","Name":null,"District_ID":"Dahariz al Shamaliyya","Wlyt_ID":"Salalah","Gov_ID":"Dhofar Governorate","Road_ID":"100003","Pipe_Diameter":200,"Pipe_Material":"UPVC","Invert_Level_From_m":0,"Invert_Level_To_m":0,"Slop_Percentage":0,"Latitude":17.029562599999998,"Longitude":54.172317829999997,"GlobalID":"{4660C9DA-CA2F-4E09-BE5C-F4B5392F5813}","NEAR_FID":9331,"NEAR_DIST":4.6575807892606331}},{"type":"Feature","id":1065,"geometry":{"type":"LineString","coordinates":[[198959.8694000002,1884968.193],[198961.44600000046,1884943.0989999995]]},"properties":{"OBJECTID":1065,"Shape_Length":25.143478350981081,"Asset_ID":"DP1065","Name":null,"District_ID":"Dahariz al Shamaliyya","Wlyt_ID":"Salalah","Gov_ID":"Dhofar Governorate","Road_ID":"100003","Pipe_Diameter":200,"Pipe_Material":"UPVC","Invert_Level_From_m":0,"Invert_Level_To_m":0,"Slop_Percentage":0,"Latitude":17.029142319999998,"Longitude":54.172352400000001,"GlobalID":"{19A23CF5-BC99-4A6B-A938-D18567EA5DFD}","NEAR_FID":9331,"NEAR_DIST":4.5105318515273529}},{"type":"Feature","id":1066,"geometry":{"type":"LineString","coordinates":[[198945.47860000003,1884992.3454],[198946.96310000028,1884967.1904000007]]},"properties":{"OBJECTID":1066,"Shape_Length":25.198765152622393,"Asset_ID":"DP1066","Name":null,"District_ID":"Dahariz al Shamaliyya","Wlyt_ID":"Salalah","Gov_ID":"Dhofar Governorate","Road_ID":"100124","Pipe_Diameter":200,"Pipe_Material":"UPVC","Invert_Level_From_m":0,"Invert_Level_To_m":0,"Slop_Percentage":0,"Latitude":17.029358210000002,"Longitude":54.172213640000002,"GlobalID":"{DEE06790-C936-4545-9C03-F24C59D8074C}","NEAR_FID":13610,"NEAR_DIST":1.1347800471354994}},{"type":"Feature","id":1067,"geometry":{"type":"LineString","coordinates":[[198946.96310000028,1884967.1904000007],[198948.10529999994,1884942.2683000006]]},"properties":{"OBJECTID":1067,"Shape_Length":24.948260245022421,"Asset_ID":"DP1067","Name":null,"District_ID":"Dahariz al Shamaliyya","Wlyt_ID":"Salalah","Gov_ID":"Dhofar Governorate","Road_ID":"100124","Pipe_Diameter":200,"Pipe_Material":"UPVC","Invert_Level_From_m":0,"Invert_Level_To_m":0,"Slop_Percentage":0,"Latitude":17.029132329999999,"Longitude":54.172229360000003,"GlobalID":"{FF48C0F5-4741-4B77-9EDE-220EAA7329DC}","NEAR_FID":13610,"NEAR_DIST":1.3868510893071562}},{"type":"Feature","id":1068,"geometry":{"type":"LineString","coordinates":[[198948.10529999994,1884942.2683000006],[198959.84219999984,1884942.8455999997]]},"properties":{"OBJECTID":1068,"Shape_Length":11.751089179162129,"Asset_ID":"DP1068","Name":null,"District_ID":"Dahariz al Shamaliyya","Wlyt_ID":"Salalah","Gov_ID":"Dhofar Governorate","Road_ID":"100124","Pipe_Diameter":300,"Pipe_Material":"UPVC","Invert_Level_From_m":0,"Invert_Level_To_m":0,"Slop_Percentage":0,"Latitude":17.02902327,"Longitude":54.172291450000003,"GlobalID":"{1A994D27-91C7-49C0-B9E2-56D7C0DF6F13}","NEAR_FID":13610,"NEAR_DIST":2.0559317572856011}},{"type":"Feature","id":1069,"geometry":{"type":"LineString","coordinates":[[198961.39439999964,1884918.0865000002],[198960.93859999999,1884892.8977000006]]},"properties":{"OBJECTID":1069,"Shape_Length":25.192923591005911,"Asset_ID":"DP1069","Name":null,"District_ID":"Dahariz al Shamaliyya","Wlyt_ID":"Salalah","Gov_ID":"Dhofar Governorate","Road_ID":"100003","Pipe_Diameter":200,"Pipe_Material":"UPVC","Invert_Level_From_m":0,"Invert_Level_To_m":0,"Slop_Percentage":0,"Latitude":17.0286887,"Longitude":54.172363580000003,"GlobalID":"{6FC7C65A-EFC2-4045-9387-BEEC08476D0B}","NEAR_FID":9331,"NEAR_DIST":6.0812938069012752}},{"type":"Feature","id":1070,"geometry":{"type":"LineString","coordinates":[[198962.15689999983,1884873.2083999999],[198963.40299999993,1884853.5461999997]]},"properties":{"OBJECTID":1070,"Shape_Length":19.701646480831357,"Asset_ID":"DP1070","Name":null,"District_ID":"Dahariz al Shamaliyya","Wlyt_ID":"Salalah","Gov_ID":"Dhofar Governorate","Road_ID":"100003","Pipe_Diameter":200,"Pipe_Material":"UPVC","Invert_Level_From_m":0,"Invert_Level_To_m":0,"Slop_Percentage":0,"Latitude":17.028308320000001,"Longitude":54.172384630000003,"GlobalID":"{0B2814A8-1E7D-400B-B255-7A3EFC16B682}","NEAR_FID":5812,"NEAR_DIST":6.1584963512063036}},{"type":"Feature","id":1071,"geometry":{"type":"LineString","coordinates":[[198965.36569999997,1884822.2204999998],[198967.2023,1884793.1563000008]]},"properties":{"OBJECTID":1071,"Shape_Length":29.122170611761568,"Asset_ID":"DP1071","Name":null,"District_ID":"Dahariz al Shamaliyya","Wlyt_ID":"Salalah","Gov_ID":"Dhofar Governorate","Road_ID":"100003","Pipe_Diameter":200,"Pipe_Material":"UPVC","Invert_Level_From_m":0,"Invert_Level_To_m":0,"Slop_Percentage":0,"Latitude":17.027806290000001,"Longitude":54.172426080000001,"GlobalID":"{D77E0E95-1D17-4C52-A37E-F0AD2789016C}","NEAR_FID":10541,"NEAR_DIST":5.9317930960797041}},{"type":"Feature","id":1072,"geometry":{"type":"LineString","coordinates":[[198948.75889999978,1884818.8537000008],[198949.6847000001,1884780.8107999992]]},"properties":{"OBJECTID":1072,"Shape_Length":38.054163322488407,"Asset_ID":"DP1072","Name":null,"District_ID":"Dahariz al Shamaliyya","Wlyt_ID":"Salalah","Gov_ID":"Dhofar Governorate","Road_ID":"100124","Pipe_Diameter":200,"Pipe_Material":"UPVC","Invert_Level_From_m":0,"Invert_Level_To_m":0,"Slop_Percentage":0,"Latitude":17.02773406,"Longitude":54.172266229999998,"GlobalID":"{00FBB544-93EA-4E1C-8F83-8A64407CFD57}","NEAR_FID":11736,"NEAR_DIST":2.8105181519340556}},{"type":"Feature","id":1073,"geometry":{"type":"LineString","coordinates":[[198949.6847000001,1884780.8107999992],[198965.46710000001,1884793.1805000007]]},"properties":{"OBJECTID":1073,"Shape_Length":20.052272387077323,"Asset_ID":"DP1073","Name":null,"District_ID":"Dahariz al Shamaliyya","Wlyt_ID":"Salalah","Gov_ID":"Dhofar Governorate","Road_ID":"100124","Pipe_Diameter":300,"Pipe_Material":"UPVC","Invert_Level_From_m":0,"Invert_Level_To_m":0,"Slop_Percentage":0,"Latitude":17.02761873,"Longitude":54.172347930000001,"GlobalID":"{703845E5-BDAD-4F6E-94A5-7FA380D0CAF8}","NEAR_FID":11736,"NEAR_DIST":2.8105181519340556}},{"type":"Feature","id":1074,"geometry":{"type":"LineString","coordinates":[[198968.38630000036,1884774.7453000005],[198973.26750000007,1884743.4486999996]]},"properties":{"OBJECTID":1074,"Shape_Length":31.674963063207827,"Asset_ID":"DP1074","Name":null,"District_ID":"Dahariz al Shamaliyya","Wlyt_ID":"Salalah","Gov_ID":"Dhofar Governorate","Road_ID":"100003","Pipe_Diameter":200,"Pipe_Material":"UPVC","Invert_Level_From_m":0,"Invert_Level_To_m":0,"Slop_Percentage":0,"Latitude":17.027368689999999,"Longitude":54.17247485,"GlobalID":"{D26EEB57-73FA-400A-BFE4-ED6B10AB8DDC}","NEAR_FID":16186,"NEAR_DIST":6.4753009609271155}},{"type":"Feature","id":1075,"geometry":{"type":"LineString","coordinates":[[198975.66390000004,1884717.8508000001],[198977.18099999987,1884692.7094999999]]},"properties":{"OBJECTID":1075,"Shape_Length":25.187031546255103,"Asset_ID":"DP1075","Name":null,"District_ID":"Dahariz al Shamaliyya","Wlyt_ID":"Salalah","Gov_ID":"Dhofar Governorate","Road_ID":"100003","Pipe_Diameter":200,"Pipe_Material":"UPVC","Invert_Level_From_m":0,"Invert_Level_To_m":0,"Slop_Percentage":0,"Latitude":17.026883959999999,"Longitude":54.172534329999998,"GlobalID":"{2D972399-8566-4CF3-8C21-74E350F19F95}","NEAR_FID":16186,"NEAR_DIST":5.6840130293962208}},{"type":"Feature","id":1076,"geometry":{"type":"LineString","coordinates":[[198972.58729999978,1884688.6890999991],[198960.51510000043,1884673.2627000008]]},"properties":{"OBJECTID":1076,"Shape_Length":19.588563748627251,"Asset_ID":"DP1076","Name":null,"District_ID":"Dahariz al Shamaliyya","Wlyt_ID":"Salalah","Gov_ID":"Dhofar Governorate","Road_ID":"100003","Pipe_Diameter":600,"Pipe_Material":"HDPE","Invert_Level_From_m":0,"Invert_Level_To_m":0,"Slop_Percentage":0,"Latitude":17.026661829999998,"Longitude":54.172443659999999,"GlobalID":"{886FC1A6-C15A-41C5-B3F3-17C03A5F566E}","NEAR_FID":16186,"NEAR_DIST":10.469784852107308}},{"type":"Feature","id":1077,"geometry":{"type":"LineString","coordinates":[[198977.18099999987,1884692.7094999999],[198972.58729999978,1884688.6890999991]]},"properties":{"OBJECTID":1077,"Shape_Length":6.10456352712455,"Asset_ID":"DP1077","Name":null,"District_ID":"Dahariz al Shamaliyya","Wlyt_ID":"Salalah","Gov_ID":"Dhofar Governorate","Road_ID":"100003","Pipe_Diameter":200,"Pipe_Material":"UPVC","Invert_Level_From_m":0,"Invert_Level_To_m":0,"Slop_Percentage":0,"Latitude":17.026750700000001,"Longitude":54.172520540000001,"GlobalID":"{CA051AE7-3D62-49B3-B960-ED8E9ECAB903}","NEAR_FID":16186,"NEAR_DIST":5.6840130293962208}},{"type":"Feature","id":1078,"geometry":{"type":"LineString","coordinates":[[198943.48080000002,1884686.5979999993],[198960.51510000043,1884673.2627000008]]},"properties":{"OBJECTID":1078,"Shape_Length":21.633252241732745,"Asset_ID":"DP1078","Name":null,"District_ID":"Dahariz al Shamaliyya","Wlyt_ID":"Salalah","Gov_ID":"Dhofar Governorate","Road_ID":"100124","Pipe_Diameter":200,"Pipe_Material":"UPVC","Invert_Level_From_m":0,"Invert_Level_To_m":0,"Slop_Percentage":0,"Latitude":17.026651900000001,"Longitude":54.172308549999997,"GlobalID":"{98886833-3608-42CD-B4C3-D9E7BFBB6B7D}","NEAR_FID":11736,"NEAR_DIST":0}},{"type":"Feature","id":1079,"geometry":{"type":"LineString","coordinates":[[198974.79250000045,1884644.5427000001],[198960.51510000043,1884673.2627000008]]},"properties":{"OBJECTID":1079,"Shape_Length":32.073081404802878,"Asset_ID":"DP1079","Name":null,"District_ID":"Dahariz al Shamaliyya","Wlyt_ID":"Salalah","Gov_ID":"Dhofar Governorate","Road_ID":"100003","Pipe_Diameter":200,"Pipe_Material":"UPVC","Invert_Level_From_m":0,"Invert_Level_To_m":0,"Slop_Percentage":0,"Latitude":17.026464090000001,"Longitude":54.172458329999998,"GlobalID":"{6373CB49-0BCE-4049-A4CD-86CBBC9A570A}","NEAR_FID":7788,"NEAR_DIST":2.3841882941049142}},{"type":"Feature","id":1080,"geometry":{"type":"LineString","coordinates":[[199007.36180000007,1884651.5141000003],[199022.69649999961,1884680.8635000009]]},"properties":{"OBJECTID":1080,"Shape_Length":33.114049955779876,"Asset_ID":"DP1080","Name":null,"District_ID":"Dahariz al Shamaliyya","Wlyt_ID":"Salalah","Gov_ID":"Dhofar Governorate","Road_ID":"100003","Pipe_Diameter":200,"Pipe_Material":"UPVC","Invert_Level_From_m":0,"Invert_Level_To_m":0,"Slop_Percentage":0,"Latitude":17.026536060000002,"Longitude":54.172901940000003,"GlobalID":"{4B4248D4-A2F7-4451-B1E4-6E3CDDD1E112}","NEAR_FID":9147,"NEAR_DIST":4.6186254442306902}},{"type":"Feature","id":1081,"geometry":{"type":"LineString","coordinates":[[199004.07670000009,1884695.8785999995],[199022.69649999961,1884680.8635000009]]},"properties":{"OBJECTID":1081,"Shape_Length":23.919660950544309,"Asset_ID":"DP1081","Name":null,"District_ID":"Dahariz al Shamaliyya","Wlyt_ID":"Salalah","Gov_ID":"Dhofar Governorate","Road_ID":"100003","Pipe_Diameter":200,"Pipe_Material":"UPVC","Invert_Level_From_m":0,"Invert_Level_To_m":0,"Slop_Percentage":0,"Latitude":17.026736469999999,"Longitude":54.172884099999997,"GlobalID":"{20EACF3A-EE7D-4F63-A295-F48D71D5566B}","NEAR_FID":9147,"NEAR_DIST":7.5188622678986112}},{"type":"Feature","id":1082,"geometry":{"type":"LineString","coordinates":[[199000.60830000043,1884720.5739999991],[199002.13320000004,1884695.9563999996]]},"properties":{"OBJECTID":1082,"Shape_Length":24.664783594140388,"Asset_ID":"DP1082","Name":null,"District_ID":"Dahariz al Shamaliyya","Wlyt_ID":"Salalah","Gov_ID":"Dhofar Governorate","Road_ID":"100003","Pipe_Diameter":200,"Pipe_Material":"UPVC","Invert_Level_From_m":0,"Invert_Level_To_m":0,"Slop_Percentage":0,"Latitude":17.02691416,"Longitude":54.172768050000002,"GlobalID":"{B2800656-2E11-4E96-9BC6-0BFD02F16614}","NEAR_FID":9147,"NEAR_DIST":5.5136551995338507}},{"type":"Feature","id":1083,"geometry":{"type":"LineString","coordinates":[[199000.99739999976,1884745.3017999995],[199004.07670000009,1884695.8785999995]]},"properties":{"OBJECTID":1083,"Shape_Length":49.519034590142262,"Asset_ID":"DP1083","Name":null,"District_ID":"Dahariz al Shamaliyya","Wlyt_ID":"Salalah","Gov_ID":"Dhofar Governorate","Road_ID":"100003","Pipe_Diameter":600,"Pipe_Material":"HDPE","Invert_Level_From_m":0,"Invert_Level_To_m":0,"Slop_Percentage":0,"Latitude":17.027025940000001,"Longitude":54.172777910000001,"GlobalID":"{7A1F45ED-71E6-49E7-8725-D4AA415D2E80}","NEAR_FID":9147,"NEAR_DIST":7.3611389375339904}},{"type":"Feature","id":1084,"geometry":{"type":"LineString","coordinates":[[198997.55829999968,1884769.8092],[198998.97439999972,1884745.1916000005]]},"properties":{"OBJECTID":1084,"Shape_Length":24.658296148498415,"Asset_ID":"DP1084","Name":null,"District_ID":"Dahariz al Shamaliyya","Wlyt_ID":"Salalah","Gov_ID":"Dhofar Governorate","Road_ID":"100003","Pipe_Diameter":200,"Pipe_Material":"UPVC","Invert_Level_From_m":0,"Invert_Level_To_m":0,"Slop_Percentage":0,"Latitude":17.027358280000001,"Longitude":54.172732230000001,"GlobalID":"{DDC093DA-1C99-44A3-8573-44D63FB1C677}","NEAR_FID":9147,"NEAR_DIST":5.3351612846197076}},{"type":"Feature","id":1085,"geometry":{"type":"LineString","coordinates":[[198994.39940000046,1884820.5965],[198995.9243999999,1884795.1892000008]]},"properties":{"OBJECTID":1085,"Shape_Length":25.453025718860697,"Asset_ID":"DP1085","Name":null,"District_ID":"Dahariz al Shamaliyya","Wlyt_ID":"Salalah","Gov_ID":"Dhofar Governorate","Road_ID":"100003","Pipe_Diameter":200,"Pipe_Material":"UPVC","Invert_Level_From_m":0,"Invert_Level_To_m":0,"Slop_Percentage":0,"Latitude":17.027812839999999,"Longitude":54.172696260000002,"GlobalID":"{CBAC9865-15E2-48D1-8793-14722A4C031B}","NEAR_FID":9147,"NEAR_DIST":5.2426596833680144}},{"type":"Feature","id":1086,"geometry":{"type":"LineString","coordinates":[[198996.51970000006,1884845.7097999994],[198997.92709999997,1884795.2039000001]]},"properties":{"OBJECTID":1086,"Shape_Length":50.525505534315016,"Asset_ID":"DP1086","Name":null,"District_ID":"Dahariz al Shamaliyya","Wlyt_ID":"Salalah","Gov_ID":"Dhofar Governorate","Road_ID":"100003","Pipe_Diameter":500,"Pipe_Material":"HDPE","Invert_Level_From_m":0,"Invert_Level_To_m":0,"Slop_Percentage":0,"Latitude":17.02792432,"Longitude":54.172712300000001,"GlobalID":"{888818F0-F6CD-4959-84D2-01E0570565DD}","NEAR_FID":9147,"NEAR_DIST":7.2459825627402177}},{"type":"Feature","id":1087,"geometry":{"type":"LineString","coordinates":[[198997.92709999997,1884795.2039000001],[199000.99739999976,1884745.3017999995]]},"properties":{"OBJECTID":1087,"Shape_Length":49.996463140422691,"Asset_ID":"DP1087","Name":null,"District_ID":"Dahariz al Shamaliyya","Wlyt_ID":"Salalah","Gov_ID":"Dhofar Governorate","Road_ID":"100003","Pipe_Diameter":600,"Pipe_Material":"HDPE","Invert_Level_From_m":0,"Invert_Level_To_m":0,"Slop_Percentage":0,"Latitude":17.027473579999999,"Longitude":54.172741909999999,"GlobalID":"{4016F9C5-D9E6-4AAE-9654-B5864D8B3625}","NEAR_FID":9147,"NEAR_DIST":7.2459825627402177}},{"type":"Feature","id":1088,"geometry":{"type":"LineString","coordinates":[[198949.53760000039,1885594.9276000001],[198950.23890000023,1885602.8295000009],[198951.70069999993,1885610.6265999991],[198953.90940000024,1885618.2458999995],[198956.84410000034,1885625.6161000002],[198960.47740000021,1885632.6680999994],[198965.65880000032,1885640.6769999992]]},"properties":{"OBJECTID":1088,"Shape_Length":49.203646617336197,"Asset_ID":"DP1088","Name":null,"District_ID":"Dahariz al Shamaliyya","Wlyt_ID":"Salalah","Gov_ID":"Dhofar Governorate","Road_ID":"100003","Pipe_Diameter":200,"Pipe_Material":"UPVC","Invert_Level_From_m":0,"Invert_Level_To_m":0,"Slop_Percentage":0,"Latitude":17.035131719999999,"Longitude":54.172202290000001,"GlobalID":"{2B8E4BBD-1166-48AB-B1C4-EC5FC64D00E2}","NEAR_FID":7103,"NEAR_DIST":4.9364984748888423}},{"type":"Feature","id":1089,"geometry":{"type":"LineString","coordinates":[[198951.17370000016,1885594.7627000008],[198951.87689999957,1885601.5351999998],[198953.07600000035,1885608.2378000002],[198954.76439999975,1885614.8341000006],[198956.61930000037,1885620.4212999996],[198958.89589999989,1885625.8502999991],[198961.58110000007,1885631.0892999992],[198964.65899999999,1885636.1075999998],[198967.75310000032,1885640.0438999999]]},"properties":{"OBJECTID":1089,"Shape_Length":48.981798127073937,"Asset_ID":"DP1089","Name":null,"District_ID":"Dahariz al Shamaliyya","Wlyt_ID":"Salalah","Gov_ID":"Dhofar Governorate","Road_ID":"100003","Pipe_Diameter":300,"Pipe_Material":"UPVC","Invert_Level_From_m":0,"Invert_Level_To_m":0,"Slop_Percentage":0,"Latitude":17.035126730000002,"Longitude":54.172218669999999,"GlobalID":"{3B7BB334-7CC7-4F06-8207-54AE82680F47}","NEAR_FID":7103,"NEAR_DIST":6.7202219053515879}},{"type":"Feature","id":1090,"geometry":{"type":"LineString","coordinates":[[198950.08220000006,1885570.9636000004],[198951.60720000044,1885545.4746000003]]},"properties":{"OBJECTID":1090,"Shape_Length":25.534579417021437,"Asset_ID":"DP1090","Name":null,"District_ID":"Dahariz al Shamaliyya","Wlyt_ID":"Salalah","Gov_ID":"Dhofar Governorate","Road_ID":"100003","Pipe_Diameter":200,"Pipe_Material":"UPVC","Invert_Level_From_m":0,"Invert_Level_To_m":0,"Slop_Percentage":0,"Latitude":17.034581339999999,"Longitude":54.17217849,"GlobalID":"{81E9FF2B-12D3-476B-B33C-A4DD40DF9674}","NEAR_FID":4209,"NEAR_DIST":6.8439732645361717}},{"type":"Feature","id":1091,"geometry":{"type":"LineString","coordinates":[[198953.34999999963,1885520.0944999997],[198953.24110000022,1885490.6841000002]]},"properties":{"OBJECTID":1091,"Shape_Length":29.410601614701253,"Asset_ID":"DP1091","Name":null,"District_ID":"Dahariz al Shamaliyya","Wlyt_ID":"Salalah","Gov_ID":"Dhofar Governorate","Road_ID":"100003","Pipe_Diameter":200,"Pipe_Material":"UPVC","Invert_Level_From_m":0,"Invert_Level_To_m":0,"Slop_Percentage":0,"Latitude":17.034104679999999,"Longitude":54.172208660000003,"GlobalID":"{B9479EAF-02D2-4613-860F-911C1DBCA5AF}","NEAR_FID":4209,"NEAR_DIST":4.5387761461542961}},{"type":"Feature","id":1092,"geometry":{"type":"LineString","coordinates":[[198953.6911000004,1885545.4973000009],[198955.23589999974,1885490.8607999999]]},"properties":{"OBJECTID":1092,"Shape_Length":54.658334583045551,"Asset_ID":"DP1092","Name":null,"District_ID":"Dahariz al Shamaliyya","Wlyt_ID":"Salalah","Gov_ID":"Dhofar Governorate","Road_ID":"100003","Pipe_Diameter":300,"Pipe_Material":"UPVC","Invert_Level_From_m":0,"Invert_Level_To_m":0,"Slop_Percentage":0,"Latitude":17.034220309999998,"Longitude":54.172217889999999,"GlobalID":"{4AAA6EE7-D564-4B57-86AE-9CA87B3B283C}","NEAR_FID":4209,"NEAR_DIST":6.5409769396137394}},{"type":"Feature","id":1093,"geometry":{"type":"LineString","coordinates":[[198954.65710000042,1885469.0076000001],[198956.07320000045,1885444.1721999999]]},"properties":{"OBJECTID":1093,"Shape_Length":24.875739835847032,"Asset_ID":"DP1093","Name":null,"District_ID":"Dahariz al Shamaliyya","Wlyt_ID":"Salalah","Gov_ID":"Dhofar Governorate","Road_ID":"100003","Pipe_Diameter":200,"Pipe_Material":"UPVC","Invert_Level_From_m":0,"Invert_Level_To_m":0,"Slop_Percentage":0,"Latitude":17.03366437,"Longitude":54.172234709999998,"GlobalID":"{5C0199FC-59E7-4E59-8D1C-BD9E933394FB}","NEAR_FID":4209,"NEAR_DIST":4.1986234115059453}},{"type":"Feature","id":1094,"geometry":{"type":"LineString","coordinates":[[198955.23589999974,1885490.8607999999],[198957.80680000037,1885444.4546000008]]},"properties":{"OBJECTID":1094,"Shape_Length":46.477359274970574,"Asset_ID":"DP1094","Name":null,"District_ID":"Dahariz al Shamaliyya","Wlyt_ID":"Salalah","Gov_ID":"Dhofar Governorate","Road_ID":"100003","Pipe_Diameter":400,"Pipe_Material":"HDPE","Invert_Level_From_m":0,"Invert_Level_To_m":0,"Slop_Percentage":0,"Latitude":17.03376445,"Longitude":54.172244059999997,"GlobalID":"{5FF70D14-2099-469C-98D7-0A57ECFFCA58}","NEAR_FID":4209,"NEAR_DIST":5.9474240372063303}},{"type":"Feature","id":1095,"geometry":{"type":"LineString","coordinates":[[198957.80680000037,1885444.4546000008],[198963.04420000035,1885394.2760000005]]},"properties":{"OBJECTID":1095,"Shape_Length":50.451186871486598,"Asset_ID":"DP1095","Name":null,"District_ID":"Dahariz al Shamaliyya","Wlyt_ID":"Salalah","Gov_ID":"Dhofar Governorate","Road_ID":"100003","Pipe_Diameter":400,"Pipe_Material":"HDPE","Invert_Level_From_m":0,"Invert_Level_To_m":0,"Slop_Percentage":0,"Latitude":17.033328950000001,"Longitude":54.172287259999997,"GlobalID":"{FFF214B6-E190-42DB-AB8C-EE723346945B}","NEAR_FID":4209,"NEAR_DIST":5.9474240372063303}},{"type":"Feature","id":1096,"geometry":{"type":"LineString","coordinates":[[198957.70710000023,1885418.0296],[198959.34100000001,1885393.3030999992]]},"properties":{"OBJECTID":1096,"Shape_Length":24.78042436075464,"Asset_ID":"DP1096","Name":null,"District_ID":"Dahariz al Shamaliyya","Wlyt_ID":"Salalah","Gov_ID":"Dhofar Governorate","Road_ID":"100003","Pipe_Diameter":200,"Pipe_Material":"UPVC","Invert_Level_From_m":0,"Invert_Level_To_m":0,"Slop_Percentage":0,"Latitude":17.03320502,"Longitude":54.172271270000003,"GlobalID":"{96B2F3FE-DA30-49D4-A191-461ED21D00C3}","NEAR_FID":4209,"NEAR_DIST":3.9966012939614153}},{"type":"Feature","id":1097,"geometry":{"type":"LineString","coordinates":[[198960.85099999979,1885368.4441999998],[198962.49990000017,1885343.4144000001]]},"properties":{"OBJECTID":1097,"Shape_Length":25.084053883586844,"Asset_ID":"DP1097","Name":null,"District_ID":"Dahariz al Shamaliyya","Wlyt_ID":"Salalah","Gov_ID":"Dhofar Governorate","Road_ID":"100003","Pipe_Diameter":200,"Pipe_Material":"UPVC","Invert_Level_From_m":0,"Invert_Level_To_m":0,"Slop_Percentage":0,"Latitude":17.032756389999999,"Longitude":54.172307600000003,"GlobalID":"{55488EE1-E071-429C-916A-EF6C8966117D}","NEAR_FID":4209,"NEAR_DIST":4.0465051212594565}},{"type":"Feature","id":1098,"geometry":{"type":"LineString","coordinates":[[198963.04420000035,1885394.2760000005],[198964.4020999996,1885343.5974000003]]},"properties":{"OBJECTID":1098,"Shape_Length":50.696788758164985,"Asset_ID":"DP1098","Name":null,"District_ID":"Dahariz al Shamaliyya","Wlyt_ID":"Salalah","Gov_ID":"Dhofar Governorate","Road_ID":"100003","Pipe_Diameter":400,"Pipe_Material":"HDPE","Invert_Level_From_m":0,"Invert_Level_To_m":0,"Slop_Percentage":0,"Latitude":17.03287409,"Longitude":54.172325049999998,"GlobalID":"{96810FAB-1678-4E3F-B4DF-A7AB998EEC58}","NEAR_FID":4209,"NEAR_DIST":6.1367507441534013}},{"type":"Feature","id":1099,"geometry":{"type":"LineString","coordinates":[[198984.50320000015,1885348.534],[198964.4020999996,1885343.5974000003]]},"properties":{"OBJECTID":1099,"Shape_Length":20.698411552313129,"Asset_ID":"DP1099","Name":null,"District_ID":"Dahariz al Shamaliyya","Wlyt_ID":"Salalah","Gov_ID":"Dhofar Governorate","Road_ID":"100139","Pipe_Diameter":300,"Pipe_Material":"UPVC","Invert_Level_From_m":0,"Invert_Level_To_m":0,"Slop_Percentage":0,"Latitude":17.032668999999999,"Longitude":54.172428850000003,"GlobalID":"{59269D5D-7BB4-4430-B2D3-2AA2748EC31C}","NEAR_FID":17589,"NEAR_DIST":2.5571116337721538}},{"type":"Feature","id":1100,"geometry":{"type":"LineString","coordinates":[[198962.97730000038,1885318.3066000007],[198964.60209999979,1885293.5009000003]]},"properties":{"OBJECTID":1100,"Shape_Length":24.858856119031444,"Asset_ID":"DP1100","Name":null,"District_ID":"Dahariz al Shamaliyya","Wlyt_ID":"Salalah","Gov_ID":"Dhofar Governorate","Road_ID":"100003","Pipe_Diameter":0,"Pipe_Material":" ","Invert_Level_From_m":0,"Invert_Level_To_m":0,"Slop_Percentage":0,"Latitude":17.032305010000002,"Longitude":54.172334239999998,"GlobalID":"{CF8CE79F-CFAC-4B10-BCA3-1CCA1FD8FCF8}","NEAR_FID":15982,"NEAR_DIST":1.967467593960855}},{"type":"Feature","id":1101,"geometry":{"type":"LineString","coordinates":[[198962.49990000017,1885343.4144000001],[198966.31560000032,1885293.1739000008]]},"properties":{"OBJECTID":1101,"Shape_Length":50.38519035071986,"Asset_ID":"DP1101","Name":null,"District_ID":"Dahariz al Shamaliyya","Wlyt_ID":"Salalah","Gov_ID":"Dhofar Governorate","Road_ID":"100003","Pipe_Diameter":400,"Pipe_Material":"HDPE","Invert_Level_From_m":0,"Invert_Level_To_m":0,"Slop_Percentage":0,"Latitude":17.03241281,"Longitude":54.17234165,"GlobalID":"{7D6F5F6D-DF97-499B-A178-6A49A269D489}","NEAR_FID":15982,"NEAR_DIST":3.1242956546057812}},{"type":"Feature","id":1102,"geometry":{"type":"LineString","coordinates":[[198966.31560000032,1885293.1739000008],[198969.53500000015,1885243.3344000001]]},"properties":{"OBJECTID":1102,"Shape_Length":49.943370898235308,"Asset_ID":"DP1102","Name":null,"District_ID":"Dahariz al Shamaliyya","Wlyt_ID":"Salalah","Gov_ID":"Dhofar Governorate","Road_ID":"100003","Pipe_Diameter":400,"Pipe_Material":"HDPE","Invert_Level_From_m":0,"Invert_Level_To_m":0,"Slop_Percentage":0,"Latitude":17.031965629999998,"Longitude":54.172378160000001,"GlobalID":"{773F715C-BFC4-4C26-82D3-0D7417232864}","NEAR_FID":15982,"NEAR_DIST":0}},{"type":"Feature","id":1103,"geometry":{"type":"LineString","coordinates":[[198966.24940000009,1885268.5230999999],[198967.80620000046,1885243.5863000005]]},"properties":{"OBJECTID":1103,"Shape_Length":24.985348115396732,"Asset_ID":"DP1103","Name":null,"District_ID":"Dahariz al Shamaliyya","Wlyt_ID":"Salalah","Gov_ID":"Dhofar Governorate","Road_ID":"100003","Pipe_Diameter":200,"Pipe_Material":"UPVC","Invert_Level_From_m":0,"Invert_Level_To_m":0,"Slop_Percentage":0,"Latitude":17.031854800000001,"Longitude":54.17237008,"GlobalID":"{71B461A1-9B48-4CAB-8B6C-CEC9F813692F}","NEAR_FID":11262,"NEAR_DIST":3.3985693601942724}},{"type":"Feature","id":1104,"geometry":{"type":"LineString","coordinates":[[198983.38889999967,1885274.6461999994],[198983.54150000028,1885270.4316000007],[198969.53500000015,1885243.3344000001]]},"properties":{"OBJECTID":1104,"Shape_Length":34.720481074555686,"Asset_ID":"DP1104","Name":null,"District_ID":"Dahariz al Shamaliyya","Wlyt_ID":"Salalah","Gov_ID":"Dhofar Governorate","Road_ID":"100003","Pipe_Diameter":300,"Pipe_Material":"UPVC","Invert_Level_From_m":0,"Invert_Level_To_m":0,"Slop_Percentage":0,"Latitude":17.031878670000001,"Longitude":54.172468090000002,"GlobalID":"{71529940-842D-41A1-9C4B-F70D8B074B42}","NEAR_FID":15982,"NEAR_DIST":2.1247972353593303}},{"type":"Feature","id":1105,"geometry":{"type":"LineString","coordinates":[[198969.53500000015,1885243.3344000001],[198972.67040000018,1885193.5254999995]]},"properties":{"OBJECTID":1105,"Shape_Length":49.907486937560044,"Asset_ID":"DP1105","Name":null,"District_ID":"Dahariz al Shamaliyya","Wlyt_ID":"Salalah","Gov_ID":"Dhofar Governorate","Road_ID":"100003","Pipe_Diameter":400,"Pipe_Material":"HDPE","Invert_Level_From_m":0,"Invert_Level_To_m":0,"Slop_Percentage":0,"Latitude":17.031516209999999,"Longitude":54.172414740000001,"GlobalID":"{40A783B4-29F1-4D17-8A39-A9A972E58AD0}","NEAR_FID":6326,"NEAR_DIST":0}},{"type":"Feature","id":1106,"geometry":{"type":"LineString","coordinates":[[198969.7703999998,1885210.6312000006],[198970.84999999963,1885193.6727000009]]},"properties":{"OBJECTID":1106,"Shape_Length":16.992829617224274,"Asset_ID":"DP1106","Name":null,"District_ID":"Dahariz al Shamaliyya","Wlyt_ID":"Salalah","Gov_ID":"Dhofar Governorate","Road_ID":"100003","Pipe_Diameter":200,"Pipe_Material":"UPVC","Invert_Level_From_m":0,"Invert_Level_To_m":0,"Slop_Percentage":0,"Latitude":17.031369139999999,"Longitude":54.172409520000002,"GlobalID":"{891F6874-29CD-43EF-A935-25750CDDBCFB}","NEAR_FID":4797,"NEAR_DIST":3.6264986607714853}},{"type":"Feature","id":1107,"geometry":{"type":"LineString","coordinates":[[198990.60900000017,1885245.7902000006],[198987.36170000024,1885220.3646000009]]},"properties":{"OBJECTID":1107,"Shape_Length":25.632130083853792,"Asset_ID":"DP1107","Name":null,"District_ID":"Dahariz al Shamaliyya","Wlyt_ID":"Salalah","Gov_ID":"Dhofar Governorate","Road_ID":"100003","Pipe_Diameter":200,"Pipe_Material":"UPVC","Invert_Level_From_m":0,"Invert_Level_To_m":0,"Slop_Percentage":0,"Latitude":17.031650429999999,"Longitude":54.17257996,"GlobalID":"{9683EFC0-9038-4AC2-9B7F-05550FF410CB}","NEAR_FID":6326,"NEAR_DIST":0}},{"type":"Feature","id":1108,"geometry":{"type":"LineString","coordinates":[[198972.67040000018,1885193.5254999995],[198975.55599999987,1885143.4550000001]]},"properties":{"OBJECTID":1108,"Shape_Length":50.153580705199808,"Asset_ID":"DP1108","Name":null,"District_ID":"Dahariz al Shamaliyya","Wlyt_ID":"Salalah","Gov_ID":"Dhofar Governorate","Road_ID":"100003","Pipe_Diameter":400,"Pipe_Material":"HDPE","Invert_Level_From_m":0,"Invert_Level_To_m":0,"Slop_Percentage":0,"Latitude":17.031065730000002,"Longitude":54.172449780000001,"GlobalID":"{EEAEC361-38A9-4700-81A8-A0916269C98F}","NEAR_FID":4797,"NEAR_DIST":5.3411780875784851}},{"type":"Feature","id":1109,"geometry":{"type":"LineString","coordinates":[[198972.54739999957,1885168.5447000004],[198974.07610000018,1885143.6601999998]]},"properties":{"OBJECTID":1109,"Shape_Length":24.931411190965548,"Asset_ID":"DP1109","Name":null,"District_ID":"Dahariz al Shamaliyya","Wlyt_ID":"Salalah","Gov_ID":"Dhofar Governorate","Road_ID":"100003","Pipe_Diameter":200,"Pipe_Material":"UPVC","Invert_Level_From_m":0,"Invert_Level_To_m":0,"Slop_Percentage":0,"Latitude":17.03095253,"Longitude":54.172442760000003,"GlobalID":"{930476BC-36AE-4963-B09E-F1D31D347F02}","NEAR_FID":4797,"NEAR_DIST":3.7061088252934873}},{"type":"Feature","id":1110,"geometry":{"type":"LineString","coordinates":[[198975.55599999987,1885143.4550000001],[198978.63279999979,1885094.8017999995]]},"properties":{"OBJECTID":1110,"Shape_Length":48.750390444903751,"Asset_ID":"DP1110","Name":null,"District_ID":"Dahariz al Shamaliyya","Wlyt_ID":"Salalah","Gov_ID":"Dhofar Governorate","Road_ID":"100003","Pipe_Diameter":400,"Pipe_Material":"HDPE","Invert_Level_From_m":0,"Invert_Level_To_m":0,"Slop_Percentage":0,"Latitude":17.030620460000002,"Longitude":54.17248446,"GlobalID":"{AA9CFE7B-CB4C-44C0-BA28-8E5CF77887A2}","NEAR_FID":4797,"NEAR_DIST":5.3411780875784851}},{"type":"Feature","id":1111,"geometry":{"type":"LineString","coordinates":[[198975.60230000038,1885119.9587999992],[198977.19049999956,1885094.9463]]},"properties":{"OBJECTID":1111,"Shape_Length":25.062871652109912,"Asset_ID":"DP1111","Name":null,"District_ID":"Dahariz al Shamaliyya","Wlyt_ID":"Salalah","Gov_ID":"Dhofar Governorate","Road_ID":"100003","Pipe_Diameter":200,"Pipe_Material":"HDPE","Invert_Level_From_m":0,"Invert_Level_To_m":0,"Slop_Percentage":0,"Latitude":17.03051413,"Longitude":54.172478259999998,"GlobalID":"{8CA5F46F-13BF-4032-8157-CD0D13D16311}","NEAR_FID":4797,"NEAR_DIST":3.8177308403587165}},{"type":"Feature","id":1112,"geometry":{"type":"LineString","coordinates":[[198995.79030000046,1885170.3925999999],[198997.47449999955,1885145.2191000003]]},"properties":{"OBJECTID":1112,"Shape_Length":25.229776690751081,"Asset_ID":"DP1112","Name":null,"District_ID":"Dahariz al Shamaliyya","Wlyt_ID":"Salalah","Gov_ID":"Dhofar Governorate","Road_ID":"100139","Pipe_Diameter":200,"Pipe_Material":"UPVC","Invert_Level_From_m":0,"Invert_Level_To_m":0,"Slop_Percentage":0,"Latitude":17.03097167,"Longitude":54.172661410000003,"GlobalID":"{BA532A2D-3B74-4C47-AEF0-CCFB8F6DD589}","NEAR_FID":3995,"NEAR_DIST":3.6662557177398893}},{"type":"Feature","id":1113,"geometry":{"type":"LineString","coordinates":[[198997.47449999955,1885145.2191000003],[198999.07969999965,1885122.1881000008]]},"properties":{"OBJECTID":1113,"Shape_Length":23.086871334527068,"Asset_ID":"DP1113","Name":null,"District_ID":"Dahariz al Shamaliyya","Wlyt_ID":"Salalah","Gov_ID":"Dhofar Governorate","Road_ID":"100139","Pipe_Diameter":200,"Pipe_Material":"UPVC","Invert_Level_From_m":0,"Invert_Level_To_m":0,"Slop_Percentage":0,"Latitude":17.030753879999999,"Longitude":54.172679760000001,"GlobalID":"{DCE648B9-76B8-4413-AE6C-7185071598B7}","NEAR_FID":3995,"NEAR_DIST":3.6731374533003565}},{"type":"Feature","id":1114,"geometry":{"type":"LineString","coordinates":[[198999.07969999965,1885122.1881000008],[199000.74940000009,1885096.5506999996]]},"properties":{"OBJECTID":1114,"Shape_Length":25.691714168530432,"Asset_ID":"DP1114","Name":null,"District_ID":"Dahariz al Shamaliyya","Wlyt_ID":"Salalah","Gov_ID":"Dhofar Governorate","Road_ID":"100139","Pipe_Diameter":200,"Pipe_Material":"UPVC","Invert_Level_From_m":0,"Invert_Level_To_m":0,"Slop_Percentage":0,"Latitude":17.03053439,"Longitude":54.172698580000002,"GlobalID":"{E77C22F3-E29F-4296-9B4D-7F95D82E6CBA}","NEAR_FID":3995,"NEAR_DIST":3.711908845249805}},{"type":"Feature","id":1115,"geometry":{"type":"LineString","coordinates":[[198978.73869999964,1885069.8468999993],[198980.30360000022,1885044.9652999993]]},"properties":{"OBJECTID":1115,"Shape_Length":24.930762735424572,"Asset_ID":"DP1115","Name":null,"District_ID":"Dahariz al Shamaliyya","Wlyt_ID":"Salalah","Gov_ID":"Dhofar Governorate","Road_ID":"100003","Pipe_Diameter":200,"Pipe_Material":"UPVC","Invert_Level_From_m":0,"Invert_Level_To_m":0,"Slop_Percentage":0,"Latitude":17.030061310000001,"Longitude":54.17251392,"GlobalID":"{DD5FF044-900F-4338-AB16-17CEDA6AD861}","NEAR_FID":4797,"NEAR_DIST":3.9610560282422553}},{"type":"Feature","id":1116,"geometry":{"type":"LineString","coordinates":[[198978.63279999979,1885094.8017999995],[198982.05590000004,1885044.7205999997]]},"properties":{"OBJECTID":1116,"Shape_Length":50.198049833051726,"Asset_ID":"DP1116","Name":null,"District_ID":"Dahariz al Shamaliyya","Wlyt_ID":"Salalah","Gov_ID":"Dhofar Governorate","Road_ID":"100003","Pipe_Diameter":500,"Pipe_Material":"HDPE","Invert_Level_From_m":0,"Invert_Level_To_m":0,"Slop_Percentage":0,"Latitude":17.03017517,"Longitude":54.172521660000001,"GlobalID":"{6E0AA2AE-5A84-4DB7-A635-DBE68D69C17C}","NEAR_FID":4797,"NEAR_DIST":5.462433199834317}},{"type":"Feature","id":1117,"geometry":{"type":"LineString","coordinates":[[198982.05590000004,1885044.7205999997],[198985.28990000021,1884995.0368000008]]},"properties":{"OBJECTID":1117,"Shape_Length":49.788941928156277,"Asset_ID":"DP1117","Name":null,"District_ID":"Dahariz al Shamaliyya","Wlyt_ID":"Salalah","Gov_ID":"Dhofar Governorate","Road_ID":"100003","Pipe_Diameter":500,"Pipe_Material":"HDPE","Invert_Level_From_m":0,"Invert_Level_To_m":0,"Slop_Percentage":0,"Latitude":17.029725240000001,"Longitude":54.172559669999998,"GlobalID":"{DAD7A8AC-EC11-4CC2-B903-1DFEAF610943}","NEAR_FID":11898,"NEAR_DIST":0}},{"type":"Feature","id":1118,"geometry":{"type":"LineString","coordinates":[[198985.28990000021,1884995.0368000008],[198993.85219999962,1884945.1129000001]]},"properties":{"OBJECTID":1118,"Shape_Length":50.652825908974286,"Asset_ID":"DP1118","Name":null,"District_ID":"Dahariz al Shamaliyya","Wlyt_ID":"Salalah","Gov_ID":"Dhofar Governorate","Road_ID":"100139","Pipe_Diameter":500,"Pipe_Material":"HDPE","Invert_Level_From_m":0,"Invert_Level_To_m":0,"Slop_Percentage":0,"Latitude":17.029276360000001,"Longitude":54.17262178,"GlobalID":"{D37737E8-A7C7-4292-B7F3-8486BA03B980}","NEAR_FID":5208,"NEAR_DIST":3.6734907973671795}},{"type":"Feature","id":1119,"geometry":{"type":"LineString","coordinates":[[198986.46549999993,1884945.7905000001],[198993.85219999962,1884945.1129000001]]},"properties":{"OBJECTID":1119,"Shape_Length":7.4177138422416711,"Asset_ID":"DP1119","Name":null,"District_ID":"Dahariz al Shamaliyya","Wlyt_ID":"Salalah","Gov_ID":"Dhofar Governorate","Road_ID":"100139","Pipe_Diameter":200,"Pipe_Material":"UPVC","Invert_Level_From_m":0,"Invert_Level_To_m":0,"Slop_Percentage":0,"Latitude":17.029053470000001,"Longitude":54.172630560000002,"GlobalID":"{983CA2D1-E472-4EDE-B6B1-D5B17B0B0D62}","NEAR_FID":5208,"NEAR_DIST":3.6734907973671795}},{"type":"Feature","id":1120,"geometry":{"type":"LineString","coordinates":[[198985.0262000002,1884970.4960999992],[198986.46549999993,1884945.7905000001]]},"properties":{"OBJECTID":1120,"Shape_Length":24.747489888927326,"Asset_ID":"DP1120","Name":null,"District_ID":"Dahariz al Shamaliyya","Wlyt_ID":"Salalah","Gov_ID":"Dhofar Governorate","Road_ID":"100003","Pipe_Diameter":200,"Pipe_Material":"UPVC","Invert_Level_From_m":0,"Invert_Level_To_m":0,"Slop_Percentage":0,"Latitude":17.029166419999999,"Longitude":54.172586959999997,"GlobalID":"{DDD12DC6-F1A4-49A8-B415-35ADC7C68A54}","NEAR_FID":8459,"NEAR_DIST":4.1898337369945304}},{"type":"Feature","id":1121,"geometry":{"type":"LineString","coordinates":[[198982.08499999996,1885016.9115999993],[198983.48190000001,1884995.1701999996]]},"properties":{"OBJECTID":1121,"Shape_Length":21.786229677423346,"Asset_ID":"DP1121","Name":null,"District_ID":"Dahariz al Shamaliyya","Wlyt_ID":"Salalah","Gov_ID":"Dhofar Governorate","Road_ID":"100003","Pipe_Diameter":200,"Pipe_Material":"UPVC","Invert_Level_From_m":0,"Invert_Level_To_m":0,"Slop_Percentage":0,"Latitude":17.029599099999999,"Longitude":54.172552369999998,"GlobalID":"{5911A595-FD3A-40BF-8558-6459859164D5}","NEAR_FID":8459,"NEAR_DIST":4.0986675139031252}},{"type":"Feature","id":1122,"geometry":{"type":"LineString","coordinates":[[199005.32990000024,1885030.3816999998],[199006.87609999999,1885006.3464000002]]},"properties":{"OBJECTID":1122,"Shape_Length":24.084982468581771,"Asset_ID":"DP1122","Name":null,"District_ID":"Dahariz al Shamaliyya","Wlyt_ID":"Salalah","Gov_ID":"Dhofar Governorate","Road_ID":"100139","Pipe_Diameter":200,"Pipe_Material":"UPVC","Invert_Level_From_m":0,"Invert_Level_To_m":0,"Slop_Percentage":0,"Latitude":17.029712979999999,"Longitude":54.172769580000001,"GlobalID":"{0F059166-51AA-4E58-B747-DDA106078852}","NEAR_FID":9462,"NEAR_DIST":4.1120758701591891}},{"type":"Feature","id":1123,"geometry":{"type":"LineString","coordinates":[[198988.48670000024,1884920.1055999994],[198989.68859999999,1884895.2809999995]]},"properties":{"OBJECTID":1123,"Shape_Length":24.853678374963938,"Asset_ID":"DP1123","Name":null,"District_ID":"Dahariz al Shamaliyya","Wlyt_ID":"Salalah","Gov_ID":"Dhofar Governorate","Road_ID":"100003","Pipe_Diameter":200,"Pipe_Material":"UPVC","Invert_Level_From_m":0,"Invert_Level_To_m":0,"Slop_Percentage":0,"Latitude":17.028711820000002,"Longitude":54.172625279999998,"GlobalID":"{B58947F9-B3FC-4B82-B935-64DF02A557C8}","NEAR_FID":9147,"NEAR_DIST":4.9802372998647435}},{"type":"Feature","id":1124,"geometry":{"type":"LineString","coordinates":[[198993.85219999962,1884945.1129000001],[198993.04779999983,1884936.3651999999],[198991.79129999969,1884927.6709000003],[198990.08619999979,1884919.0533000007],[198991.48300000001,1884895.1409000009]]},"properties":{"OBJECTID":1124,"Shape_Length":50.307061427606406,"Asset_ID":"DP1124","Name":null,"District_ID":"Dahariz al Shamaliyya","Wlyt_ID":"Salalah","Gov_ID":"Dhofar Governorate","Road_ID":"100139","Pipe_Diameter":500,"Pipe_Material":"HDPE","Invert_Level_From_m":0,"Invert_Level_To_m":0,"Slop_Percentage":0,"Latitude":17.02882838,"Longitude":54.172635929999998,"GlobalID":"{21176B69-BC1F-406E-B500-B81E9F9B7665}","NEAR_FID":5208,"NEAR_DIST":0}},{"type":"Feature","id":1125,"geometry":{"type":"LineString","coordinates":[[198991.48300000001,1884895.1409000009],[198996.51970000006,1884845.7097999994]]},"properties":{"OBJECTID":1125,"Shape_Length":49.687040506098249,"Asset_ID":"DP1125","Name":null,"District_ID":"Dahariz al Shamaliyya","Wlyt_ID":"Salalah","Gov_ID":"Dhofar Governorate","Road_ID":"100003","Pipe_Diameter":500,"Pipe_Material":"HDPE","Invert_Level_From_m":0,"Invert_Level_To_m":0,"Slop_Percentage":0,"Latitude":17.028375029999999,"Longitude":54.172675089999998,"GlobalID":"{10E95D10-20F0-4AB3-93CB-8D822DD03333}","NEAR_FID":9147,"NEAR_DIST":6.788027037601414}},{"type":"Feature","id":1126,"geometry":{"type":"LineString","coordinates":[[198991.27159999963,1884870.4030000009],[198992.75870000012,1884845.3287000004]]},"properties":{"OBJECTID":1126,"Shape_Length":25.118359558771662,"Asset_ID":"DP1126","Name":null,"District_ID":"Dahariz al Shamaliyya","Wlyt_ID":"Salalah","Gov_ID":"Dhofar Governorate","Road_ID":"100003","Pipe_Diameter":200,"Pipe_Material":"UPVC","Invert_Level_From_m":0,"Invert_Level_To_m":0,"Slop_Percentage":0,"Latitude":17.028262470000001,"Longitude":54.172659340000003,"GlobalID":"{1C21C0E1-CC77-420B-B97B-9758593982DC}","NEAR_FID":9147,"NEAR_DIST":5.0834803616409543}},{"type":"Feature","id":1127,"geometry":{"type":"LineString","coordinates":[[198972.95689999964,1885519.8765999991],[198974.80869999994,1885491.8823000006]]},"properties":{"OBJECTID":1127,"Shape_Length":28.055480670405494,"Asset_ID":"DP1127","Name":null,"District_ID":"Dahariz al Shamaliyya","Wlyt_ID":"Salalah","Gov_ID":"Dhofar Governorate","Road_ID":"100139","Pipe_Diameter":200,"Pipe_Material":"UPVC","Invert_Level_From_m":0,"Invert_Level_To_m":0,"Slop_Percentage":0,"Latitude":17.034111800000002,"Longitude":54.172401809999997,"GlobalID":"{B0B5F807-88BB-42E5-949B-00ABF9553AB4}","NEAR_FID":17589,"NEAR_DIST":2.3444352141321234}},{"type":"Feature","id":1128,"geometry":{"type":"LineString","coordinates":[[198974.80869999994,1885491.8823000006],[198976.44259999972,1885469.6612]]},"properties":{"OBJECTID":1128,"Shape_Length":22.281088717762984,"Asset_ID":"DP1128","Name":null,"District_ID":"Dahariz al Shamaliyya","Wlyt_ID":"Salalah","Gov_ID":"Dhofar Governorate","Road_ID":"100139","Pipe_Diameter":200,"Pipe_Material":"UPVC","Invert_Level_From_m":0,"Invert_Level_To_m":0,"Slop_Percentage":0,"Latitude":17.033885340000001,"Longitude":54.172421569999997,"GlobalID":"{8B32ADD6-4E57-40D1-B043-0D629FC20AB6}","NEAR_FID":17589,"NEAR_DIST":2.2501430446893274}},{"type":"Feature","id":1129,"geometry":{"type":"LineString","coordinates":[[198976.3777999999,1885469.4509999994],[198977.57600000035,1885451.2600999996]]},"properties":{"OBJECTID":1129,"Shape_Length":18.230318868419378,"Asset_ID":"DP1129","Name":null,"District_ID":"Dahariz al Shamaliyya","Wlyt_ID":"Salalah","Gov_ID":"Dhofar Governorate","Road_ID":"100139","Pipe_Diameter":200,"Pipe_Material":"UPVC","Invert_Level_From_m":0,"Invert_Level_To_m":0,"Slop_Percentage":0,"Latitude":17.033701189999999,"Longitude":54.172437029999998,"GlobalID":"{3881FA46-6D8F-493B-B924-54A0D5D924AE}","NEAR_FID":17589,"NEAR_DIST":2.3292764796480823}},{"type":"Feature","id":1130,"geometry":{"type":"LineString","coordinates":[[198977.57600000035,1885451.2600999996],[198957.80680000037,1885444.4546000008]]},"properties":{"OBJECTID":1130,"Shape_Length":20.907799952974894,"Asset_ID":"DP1130","Name":null,"District_ID":"Dahariz al Shamaliyya","Wlyt_ID":"Salalah","Gov_ID":"Dhofar Governorate","Road_ID":"100139","Pipe_Diameter":300,"Pipe_Material":"UPVC","Invert_Level_From_m":0,"Invert_Level_To_m":0,"Slop_Percentage":0,"Latitude":17.033587140000002,"Longitude":54.172351579999997,"GlobalID":"{5AC0A5DC-5AD1-43CC-91FE-BBABAEBA9B79}","NEAR_FID":17589,"NEAR_DIST":2.3876897622426778}},{"type":"Feature","id":1131,"geometry":{"type":"LineString","coordinates":[[198979.7034,1885419.3926999997],[198981.56219999958,1885394.1744999997]]},"properties":{"OBJECTID":1131,"Shape_Length":25.286612044293086,"Asset_ID":"DP1131","Name":null,"District_ID":"Dahariz al Shamaliyya","Wlyt_ID":"Salalah","Gov_ID":"Dhofar Governorate","Road_ID":"100139","Pipe_Diameter":200,"Pipe_Material":"UPVC","Invert_Level_From_m":0,"Invert_Level_To_m":0,"Slop_Percentage":0,"Latitude":17.033218000000002,"Longitude":54.172478609999999,"GlobalID":"{C146251E-DDA8-4B5E-8189-3D07228002E5}","NEAR_FID":17589,"NEAR_DIST":2.3454564139526726}},{"type":"Feature","id":1132,"geometry":{"type":"LineString","coordinates":[[198981.56219999958,1885394.1744999997],[198983.3049999997,1885369.0122999996]]},"properties":{"OBJECTID":1132,"Shape_Length":25.222483237923466,"Asset_ID":"DP1132","Name":null,"District_ID":"Dahariz al Shamaliyya","Wlyt_ID":"Salalah","Gov_ID":"Dhofar Governorate","Road_ID":"100139","Pipe_Diameter":200,"Pipe_Material":"UPVC","Invert_Level_From_m":0,"Invert_Level_To_m":0,"Slop_Percentage":0,"Latitude":17.032990810000001,"Longitude":54.172498930000003,"GlobalID":"{06C77866-30CE-4C0A-A4C3-71B0D5F5A963}","NEAR_FID":17589,"NEAR_DIST":2.3410448145122347}},{"type":"Feature","id":1133,"geometry":{"type":"LineString","coordinates":[[198983.3049999997,1885369.0122999996],[198984.50320000015,1885348.534]]},"properties":{"OBJECTID":1133,"Shape_Length":20.513323819290928,"Asset_ID":"DP1133","Name":null,"District_ID":"Dahariz al Shamaliyya","Wlyt_ID":"Salalah","Gov_ID":"Dhofar Governorate","Road_ID":"100139","Pipe_Diameter":200,"Pipe_Material":"HDPE","Invert_Level_From_m":0,"Invert_Level_To_m":0,"Slop_Percentage":0,"Latitude":17.032784970000002,"Longitude":54.172515830000002,"GlobalID":"{3E09586E-E947-412C-A40B-01C9177088B5}","NEAR_FID":17589,"NEAR_DIST":2.3410448145122347}},{"type":"Feature","id":1134,"geometry":{"type":"LineString","coordinates":[[198985.72020000033,1885316.0304000005],[198987.29530000035,1885294.8869000003]]},"properties":{"OBJECTID":1134,"Shape_Length":21.202087922422493,"Asset_ID":"DP1134","Name":null,"District_ID":"Dahariz al Shamaliyya","Wlyt_ID":"Salalah","Gov_ID":"Dhofar Governorate","Road_ID":"100139","Pipe_Diameter":200,"Pipe_Material":"UPVC","Invert_Level_From_m":0,"Invert_Level_To_m":0,"Slop_Percentage":0,"Latitude":17.032303630000001,"Longitude":54.172547010000002,"GlobalID":"{A796903F-56D4-413E-9412-F6AA429C0720}","NEAR_FID":17589,"NEAR_DIST":3.5719198235762879}},{"type":"Feature","id":1135,"geometry":{"type":"LineString","coordinates":[[198987.29530000035,1885294.8869000003],[198983.38889999967,1885274.6461999994]]},"properties":{"OBJECTID":1135,"Shape_Length":20.614215907756456,"Asset_ID":"DP1135","Name":null,"District_ID":"Dahariz al Shamaliyya","Wlyt_ID":"Salalah","Gov_ID":"Dhofar Governorate","Road_ID":"100003","Pipe_Diameter":200,"Pipe_Material":"UPVC","Invert_Level_From_m":0,"Invert_Level_To_m":0,"Slop_Percentage":0,"Latitude":17.032115950000001,"Longitude":54.172538330000002,"GlobalID":"{3FA1AA50-5CFA-4E4A-9B8B-2783EC66E06F}","NEAR_FID":15982,"NEAR_DIST":0}},{"type":"Feature","id":1136,"geometry":{"type":"LineString","coordinates":[[198987.36170000024,1885220.3646000009],[198993.95679999981,1885195.5802999996]]},"properties":{"OBJECTID":1136,"Shape_Length":25.646771152732825,"Asset_ID":"DP1136","Name":null,"District_ID":"Dahariz al Shamaliyya","Wlyt_ID":"Salalah","Gov_ID":"Dhofar Governorate","Road_ID":"100003","Pipe_Diameter":200,"Pipe_Material":"UPVC","Invert_Level_From_m":0,"Invert_Level_To_m":0,"Slop_Percentage":0,"Latitude":17.031424350000002,"Longitude":54.172599699999999,"GlobalID":"{0CC0AD3E-6BD4-4097-8071-77193015BA78}","NEAR_FID":6326,"NEAR_DIST":3.618292654534184}},{"type":"Feature","id":1137,"geometry":{"type":"LineString","coordinates":[[198997.10859999992,1884562.4307000004],[199018.64419999998,1884571.4492000006]]},"properties":{"OBJECTID":1137,"Shape_Length":23.347706731431501,"Asset_ID":"DP1137","Name":null,"District_ID":"Dahariz al Shamaliyya","Wlyt_ID":"Salalah","Gov_ID":"Dhofar Governorate","Road_ID":"480001","Pipe_Diameter":200,"Pipe_Material":"UPVC","Invert_Level_From_m":0,"Invert_Level_To_m":0,"Slop_Percentage":0,"Latitude":17.02563906,"Longitude":54.172848279999997,"GlobalID":"{098BCCB4-FF36-4880-BEED-746AE0731A3F}","NEAR_FID":12623,"NEAR_DIST":4.9869809600845407}},{"type":"Feature","id":1138,"geometry":{"type":"LineString","coordinates":[[199018.64419999998,1884571.4492000006],[199027.46109999996,1884592.5769999996]]},"properties":{"OBJECTID":1138,"Shape_Length":22.893703466368375,"Asset_ID":"DP1138","Name":null,"District_ID":"Dahariz al Shamaliyya","Wlyt_ID":"Salalah","Gov_ID":"Dhofar Governorate","Road_ID":"480001","Pipe_Diameter":200,"Pipe_Material":"UPVC","Invert_Level_From_m":0,"Invert_Level_To_m":0,"Slop_Percentage":0,"Latitude":17.025777130000002,"Longitude":54.172988650000001,"GlobalID":"{307686DF-84B0-4C47-8624-0E2FDF8F1CC8}","NEAR_FID":12623,"NEAR_DIST":4.5382037915524611}},{"type":"Feature","id":1139,"geometry":{"type":"LineString","coordinates":[[199027.46109999996,1884592.5769999996],[199018.62839999981,1884614.2056000009]]},"properties":{"OBJECTID":1139,"Shape_Length":23.36263956213655,"Asset_ID":"DP1139","Name":null,"District_ID":"Dahariz al Shamaliyya","Wlyt_ID":"Salalah","Gov_ID":"Dhofar Governorate","Road_ID":"480001","Pipe_Diameter":200,"Pipe_Material":"UPVC","Invert_Level_From_m":0,"Invert_Level_To_m":0,"Slop_Percentage":0,"Latitude":17.025970139999998,"Longitude":54.172985679999996,"GlobalID":"{15329E0F-26EB-476C-8C5D-EEE7FE4ACA3C}","NEAR_FID":12623,"NEAR_DIST":4.4949329370957498}},{"type":"Feature","id":1140,"geometry":{"type":"LineString","coordinates":[[199018.62839999981,1884614.2056000009],[198996.95689999964,1884623.2866999991]]},"properties":{"OBJECTID":1140,"Shape_Length":23.497240038669275,"Asset_ID":"DP1140","Name":null,"District_ID":"Dahariz al Shamaliyya","Wlyt_ID":"Salalah","Gov_ID":"Dhofar Governorate","Road_ID":"480001","Pipe_Diameter":200,"Pipe_Material":"UPVC","Invert_Level_From_m":0,"Invert_Level_To_m":0,"Slop_Percentage":0,"Latitude":17.026106779999999,"Longitude":54.172840460000003,"GlobalID":"{739F7276-D7DD-4185-99CD-2663B10241EC}","NEAR_FID":12623,"NEAR_DIST":4.4949329370957498}},{"type":"Feature","id":1141,"geometry":{"type":"LineString","coordinates":[[198975.38040000014,1884614.4055000003],[198996.95689999964,1884623.2866999991]]},"properties":{"OBJECTID":1141,"Shape_Length":23.332832353720104,"Asset_ID":"DP1141","Name":null,"District_ID":"Dahariz al Shamaliyya","Wlyt_ID":"Salalah","Gov_ID":"Dhofar Governorate","Road_ID":"480001","Pipe_Diameter":200,"Pipe_Material":"UPVC","Invert_Level_From_m":0,"Invert_Level_To_m":0,"Slop_Percentage":0,"Latitude":17.02610486,"Longitude":54.172637520000002,"GlobalID":"{DB38B3B9-764D-41B8-BCF1-15E4E7254FEE}","NEAR_FID":8532,"NEAR_DIST":4.7645001182432258}},{"type":"Feature","id":1142,"geometry":{"type":"LineString","coordinates":[[198966.51740000024,1884592.8571000006],[198975.38040000014,1884614.4055000003]]},"properties":{"OBJECTID":1142,"Shape_Length":23.299920848510375,"Asset_ID":"DP1142","Name":null,"District_ID":"Dahariz al Shamaliyya","Wlyt_ID":"Salalah","Gov_ID":"Dhofar Governorate","Road_ID":"480001","Pipe_Diameter":200,"Pipe_Material":"UPVC","Invert_Level_From_m":0,"Invert_Level_To_m":0,"Slop_Percentage":0,"Latitude":17.025965509999999,"Longitude":54.172496750000001,"GlobalID":"{4340C509-BA7C-46BC-A01B-9824FCB2D61F}","NEAR_FID":4614,"NEAR_DIST":5.2229395151553657}},{"type":"Feature","id":1143,"geometry":{"type":"LineString","coordinates":[[198975.4523,1884571.2152999993],[198966.51740000024,1884592.8571000006]]},"properties":{"OBJECTID":1143,"Shape_Length":23.413670051924942,"Asset_ID":"DP1143","Name":null,"District_ID":"Dahariz al Shamaliyya","Wlyt_ID":"Salalah","Gov_ID":"Dhofar Governorate","Road_ID":"480001","Pipe_Diameter":200,"Pipe_Material":"UPVC","Invert_Level_From_m":0,"Invert_Level_To_m":0,"Slop_Percentage":0,"Latitude":17.02577054,"Longitude":54.172500020000001,"GlobalID":"{C1A1D30F-6260-4ED4-AA4D-0FE7A91AC84B}","NEAR_FID":4614,"NEAR_DIST":5.7457811782167489}},{"type":"Feature","id":1144,"geometry":{"type":"LineString","coordinates":[[199000.74940000009,1885096.5506999996],[198978.70459999982,1885095.0063000005]]},"properties":{"OBJECTID":1144,"Shape_Length":22.098832059836536,"Asset_ID":"DP1144","Name":null,"District_ID":"Dahariz al Shamaliyya","Wlyt_ID":"Salalah","Gov_ID":"Dhofar Governorate","Road_ID":"100139","Pipe_Diameter":300,"Pipe_Material":"UPVC","Invert_Level_From_m":0,"Invert_Level_To_m":0,"Slop_Percentage":0,"Latitude":17.030410790000001,"Longitude":54.172605859999997,"GlobalID":"{108EA4BC-E99B-4662-9D9E-D0CF30716E0B}","NEAR_FID":3995,"NEAR_DIST":3.711908845249805}},{"type":"Feature","id":1145,"geometry":{"type":"LineString","coordinates":[[199002.54119999986,1885071.2780000009],[199002.47890000045,1885046.7002000008]]},"properties":{"OBJECTID":1145,"Shape_Length":24.577878959222147,"Asset_ID":"DP1145","Name":null,"District_ID":"Dahariz al Shamaliyya","Wlyt_ID":"Salalah","Gov_ID":"Dhofar Governorate","Road_ID":"100139","Pipe_Diameter":200,"Pipe_Material":"UPVC","Invert_Level_From_m":0,"Invert_Level_To_m":0,"Slop_Percentage":0,"Latitude":17.030077890000001,"Longitude":54.172729850000003,"GlobalID":"{2106EB5A-3C1B-430E-9C14-36490C17937C}","NEAR_FID":3995,"NEAR_DIST":3.781764102409003}},{"type":"Feature","id":1146,"geometry":{"type":"LineString","coordinates":[[199002.47890000045,1885046.7002000008],[198982.05590000004,1885044.7205999997]]},"properties":{"OBJECTID":1146,"Shape_Length":20.518716947740725,"Asset_ID":"DP1146","Name":null,"District_ID":"Dahariz al Shamaliyya","Wlyt_ID":"Salalah","Gov_ID":"Dhofar Governorate","Road_ID":"100003","Pipe_Diameter":300,"Pipe_Material":"UPVC","Invert_Level_From_m":0,"Invert_Level_To_m":0,"Slop_Percentage":0,"Latitude":17.02995808,"Longitude":54.172635890000002,"GlobalID":"{35778C0E-8EF1-4F46-AFD1-744BEA4C71B7}","NEAR_FID":11898,"NEAR_DIST":5.0592671072452182}},{"type":"Feature","id":1147,"geometry":{"type":"LineString","coordinates":[[199006.87609999999,1885006.3464000002],[198985.28990000021,1884995.0368000008]]},"properties":{"OBJECTID":1147,"Shape_Length":24.369470297399477,"Asset_ID":"DP1147","Name":null,"District_ID":"Dahariz al Shamaliyya","Wlyt_ID":"Salalah","Gov_ID":"Dhofar Governorate","Road_ID":"100139","Pipe_Diameter":300,"Pipe_Material":"UPVC","Invert_Level_From_m":0,"Invert_Level_To_m":0,"Slop_Percentage":0,"Latitude":17.029552689999999,"Longitude":54.172678429999998,"GlobalID":"{65C1354D-FCD3-47F7-B229-3CD6AD4BC0C7}","NEAR_FID":5208,"NEAR_DIST":4.2444738282466012}},{"type":"Feature","id":1148,"geometry":{"type":"LineString","coordinates":[[198891.16009999998,1884638.2172999997],[198905.6157999998,1884652.4645000007]]},"properties":{"OBJECTID":1148,"Shape_Length":20.296550700897019,"Asset_ID":"DP1148","Name":null,"District_ID":"Dahariz al Shamaliyya","Wlyt_ID":"Salalah","Gov_ID":"Dhofar Governorate","Road_ID":"100124","Pipe_Diameter":200,"Pipe_Material":"UPVC","Invert_Level_From_m":0,"Invert_Level_To_m":0,"Slop_Percentage":0,"Latitude":17.026332610000001,"Longitude":54.171810149999999,"GlobalID":"{E43C1147-E067-42AE-85E0-6DBBC20DC680}","NEAR_FID":11736,"NEAR_DIST":0}},{"type":"Feature","id":1149,"geometry":{"type":"LineString","coordinates":[[198905.6157999998,1884652.4645000007],[198934.11000000034,1884679.5548]]},"properties":{"OBJECTID":1149,"Shape_Length":39.316711303529139,"Asset_ID":"DP1149","Name":null,"District_ID":"Dahariz al Shamaliyya","Wlyt_ID":"Salalah","Gov_ID":"Dhofar Governorate","Road_ID":"100124","Pipe_Diameter":200,"Pipe_Material":"UPVC","Invert_Level_From_m":0,"Invert_Level_To_m":0,"Slop_Percentage":0,"Latitude":17.026522020000002,"Longitude":54.172008869999999,"GlobalID":"{4ED25342-D5C7-4D30-B5B7-BEF325759A30}","NEAR_FID":11736,"NEAR_DIST":4.4486846156259086}},{"type":"Feature","id":1150,"geometry":{"type":"LineString","coordinates":[[198934.11000000034,1884679.5548],[198943.48080000002,1884686.5979999993]]},"properties":{"OBJECTID":1150,"Shape_Length":11.722566223469425,"Asset_ID":"DP1150","Name":null,"District_ID":"Dahariz al Shamaliyya","Wlyt_ID":"Salalah","Gov_ID":"Dhofar Governorate","Road_ID":"100124","Pipe_Diameter":200,"Pipe_Material":"UPVC","Invert_Level_From_m":0,"Invert_Level_To_m":0,"Slop_Percentage":0,"Latitude":17.026678579999999,"Longitude":54.172184229999999,"GlobalID":"{82E059B9-F7F6-40C9-A87C-7E77235428F3}","NEAR_FID":11736,"NEAR_DIST":1.8268384502226609}},{"type":"Feature","id":1151,"geometry":{"type":"LineString","coordinates":[[198950.93740000017,1884742.4683999997],[198971.69710000046,1884743.1663000006]]},"properties":{"OBJECTID":1151,"Shape_Length":20.771427695592287,"Asset_ID":"DP1151","Name":null,"District_ID":"Dahariz al Shamaliyya","Wlyt_ID":"Salalah","Gov_ID":"Dhofar Governorate","Road_ID":"100124","Pipe_Diameter":300,"Pipe_Material":"UPVC","Invert_Level_From_m":0,"Invert_Level_To_m":0,"Slop_Percentage":0,"Latitude":17.027220889999999,"Longitude":54.172387479999998,"GlobalID":"{1009DEAC-C85C-486B-BD37-73286A96C242}","NEAR_FID":11736,"NEAR_DIST":2.5399928807167451}},{"type":"Feature","id":1152,"geometry":{"type":"LineString","coordinates":[[198952.27259999979,1884701.2223000005],[198950.93740000017,1884742.4683999997]]},"properties":{"OBJECTID":1152,"Shape_Length":41.267705584159799,"Asset_ID":"DP1152","Name":null,"District_ID":"Dahariz al Shamaliyya","Wlyt_ID":"Salalah","Gov_ID":"Dhofar Governorate","Road_ID":"100124","Pipe_Diameter":200,"Pipe_Material":"UPVC","Invert_Level_From_m":0,"Invert_Level_To_m":0,"Slop_Percentage":0,"Latitude":17.027030270000001,"Longitude":54.172299180000003,"GlobalID":"{7109F707-15BC-42F8-BB33-A2E9FE5EEBCA}","NEAR_FID":11736,"NEAR_DIST":2.4281307242899115}},{"type":"Feature","id":1153,"geometry":{"type":"LineString","coordinates":[[198947.69799999986,1884916.8172999993],[198947.34279999975,1884892.0527999997]]},"properties":{"OBJECTID":1153,"Shape_Length":24.767047205297022,"Asset_ID":"DP1153","Name":null,"District_ID":"Dahariz al Shamaliyya","Wlyt_ID":"Salalah","Gov_ID":"Dhofar Governorate","Road_ID":"100124","Pipe_Diameter":200,"Pipe_Material":"UPVC","Invert_Level_From_m":0,"Invert_Level_To_m":0,"Slop_Percentage":0,"Latitude":17.028678240000001,"Longitude":54.172236060000003,"GlobalID":"{C2B8D02C-E4E4-4675-8279-1F2B05EC41D3}","NEAR_FID":13610,"NEAR_DIST":2.5260279103767695}},{"type":"Feature","id":1154,"geometry":{"type":"LineString","coordinates":[[198941.54279999994,1885241.9863000009],[198943.85659999959,1885192.1547999997]]},"properties":{"OBJECTID":1154,"Shape_Length":49.885188812042678,"Asset_ID":"DP1154","Name":null,"District_ID":"Dahariz al Shamaliyya","Wlyt_ID":"Salalah","Gov_ID":"Dhofar Governorate","Road_ID":"100003","Pipe_Diameter":400,"Pipe_Material":"HDPE","Invert_Level_From_m":0,"Invert_Level_To_m":0,"Slop_Percentage":0,"Latitude":17.031500229999999,"Longitude":54.172148370000002,"GlobalID":"{15BF5382-BA0F-444F-A606-4CB062FE50FA}","NEAR_FID":9331,"NEAR_DIST":6.222592678938069}},{"type":"Feature","id":1155,"geometry":{"type":"LineString","coordinates":[[198947.10209999979,1885168.0360000003],[198948.75889999978,1885142.3133000005]]},"properties":{"OBJECTID":1155,"Shape_Length":25.776002046868665,"Asset_ID":"DP1155","Name":null,"District_ID":"Dahariz al Shamaliyya","Wlyt_ID":"Salalah","Gov_ID":"Dhofar Governorate","Road_ID":"100003","Pipe_Diameter":200,"Pipe_Material":"UPVC","Invert_Level_From_m":0,"Invert_Level_To_m":0,"Slop_Percentage":0,"Latitude":17.03094209,"Longitude":54.172205869999999,"GlobalID":"{72D4061D-BA1D-4942-84C2-C364A53501BB}","NEAR_FID":9331,"NEAR_DIST":5.0739462546921352}},{"type":"Feature","id":1156,"geometry":{"type":"LineString","coordinates":[[198924.51159999985,1885492.1776000001],[198926.67329999991,1885455.0943999998],[198929.33210000023,1885442.5953000002]]},"properties":{"OBJECTID":1156,"Shape_Length":49.924913252121129,"Asset_ID":"DP1156","Name":null,"District_ID":"Dahariz al Shamaliyya","Wlyt_ID":"Salalah","Gov_ID":"Dhofar Governorate","Road_ID":"100003","Pipe_Diameter":300,"Pipe_Material":"UPVC","Invert_Level_From_m":0,"Invert_Level_To_m":0,"Slop_Percentage":0,"Latitude":17.0337575,"Longitude":54.171957290000002,"GlobalID":"{0B025AA6-C6D4-4595-89F5-B4A64E252499}","NEAR_FID":14460,"NEAR_DIST":6.225754252853859}},{"type":"Feature","id":1157,"geometry":{"type":"LineString","coordinates":[[198866.32870000042,1885602.8167000003],[198883.83000000007,1885585.5443999991]]},"properties":{"OBJECTID":1157,"Shape_Length":24.589181544136864,"Asset_ID":"DP1157","Name":null,"District_ID":"Dahariz al Shamaliyya","Wlyt_ID":"Salalah","Gov_ID":"Dhofar Governorate","Road_ID":"100124","Pipe_Diameter":200,"Pipe_Material":"UPVC","Invert_Level_From_m":0,"Invert_Level_To_m":0,"Slop_Percentage":0,"Latitude":17.034896109999998,"Longitude":54.171462550000001,"GlobalID":"{E5EAC8A6-47E5-41FB-9A1C-0CC2DA8715F4}","NEAR_FID":10602,"NEAR_DIST":0.55682322959256547}},{"type":"Feature","id":1158,"geometry":{"type":"LineString","coordinates":[[198883.83000000007,1885585.5443999991],[198901.67760000005,1885567.5186999999]]},"properties":{"OBJECTID":1158,"Shape_Length":25.366566307244192,"Asset_ID":"DP1158","Name":null,"District_ID":"Dahariz al Shamaliyya","Wlyt_ID":"Salalah","Gov_ID":"Dhofar Governorate","Road_ID":"100124","Pipe_Diameter":200,"Pipe_Material":"UPVC","Invert_Level_From_m":0,"Invert_Level_To_m":0,"Slop_Percentage":0,"Latitude":17.034739080000001,"Longitude":54.171630819999997,"GlobalID":"{11CFF5BC-EA6E-43C8-A201-EDFBE7DCAC03}","NEAR_FID":10602,"NEAR_DIST":0.25237203354446314}},{"type":"Feature","id":1159,"geometry":{"type":"LineString","coordinates":[[198901.67760000005,1885567.5186999999],[198913.2648,1885542.0977999996]]},"properties":{"OBJECTID":1159,"Shape_Length":27.937168085939611,"Asset_ID":"DP1159","Name":null,"District_ID":"Dahariz al Shamaliyya","Wlyt_ID":"Salalah","Gov_ID":"Dhofar Governorate","Road_ID":"100124","Pipe_Diameter":200,"Pipe_Material":"UPVC","Invert_Level_From_m":0,"Invert_Level_To_m":0,"Slop_Percentage":0,"Latitude":17.034544870000001,"Longitude":54.171771900000003,"GlobalID":"{24583864-EB57-41C9-BA7D-0C2A81EBC485}","NEAR_FID":10602,"NEAR_DIST":0}},{"type":"Feature","id":1160,"geometry":{"type":"LineString","coordinates":[[198913.2648,1885542.0977999996],[198921.35580000002,1885542.1608000007]]},"properties":{"OBJECTID":1160,"Shape_Length":8.0912452688303045,"Asset_ID":"DP1160","Name":null,"District_ID":"Dahariz al Shamaliyya","Wlyt_ID":"Salalah","Gov_ID":"Dhofar Governorate","Road_ID":"100124","Pipe_Diameter":200,"Pipe_Material":"UPVC","Invert_Level_From_m":0,"Invert_Level_To_m":0,"Slop_Percentage":0,"Latitude":17.034431690000002,"Longitude":54.171865959999998,"GlobalID":"{E2899695-E668-42AE-B0D8-E481D0C2BFD0}","NEAR_FID":10602,"NEAR_DIST":2.0863725030777345}},{"type":"Feature","id":1161,"geometry":{"type":"LineString","coordinates":[[198996.95689999964,1884623.2866999991],[198989.24129999988,1884688.3157000002]]},"properties":{"OBJECTID":1161,"Shape_Length":65.485122924906136,"Asset_ID":"DP1161","Name":null,"District_ID":"Dahariz al Shamaliyya","Wlyt_ID":"Salalah","Gov_ID":"Dhofar Governorate","Road_ID":"480001","Pipe_Diameter":300,"Pipe_Material":"UPVC","Invert_Level_From_m":0,"Invert_Level_To_m":0,"Slop_Percentage":0,"Latitude":17.026439419999999,"Longitude":54.172697540000001,"GlobalID":"{81642586-4F07-4E8D-9B42-FBCBAC185BAE}","NEAR_FID":8532,"NEAR_DIST":0}},{"type":"Feature","id":1164,"geometry":{"type":"LineString","coordinates":[[185898.32579999976,1883324.6330999993],[185933.67239999957,1883342.8254000004]]},"properties":{"OBJECTID":1164,"Shape_Length":39.753514446890335,"Asset_ID":"DP1164","Name":null,"District_ID":"Mustashfa al Sultan Qboos","Wlyt_ID":"Salalah","Gov_ID":"Dhofar Governorate","Road_ID":"102645","Pipe_Diameter":500,"Pipe_Material":" ","Invert_Level_From_m":0,"Invert_Level_To_m":0,"Slop_Percentage":0,"Latitude":17.012758300000002,"Longitude":54.050167860000002,"GlobalID":"{4D49FA5C-6D7B-472D-8594-F37FA7818F41}","NEAR_FID":5525,"NEAR_DIST":0}},{"type":"Feature","id":1165,"geometry":{"type":"LineString","coordinates":[[185933.67239999957,1883342.8254000004],[185969.14240000024,1883361.1626999993]]},"properties":{"OBJECTID":1165,"Shape_Length":39.929656538660332,"Asset_ID":"DP1165","Name":null,"District_ID":"Mustashfa al Sultan Qboos","Wlyt_ID":"Salalah","Gov_ID":"Dhofar Governorate","Road_ID":"102645","Pipe_Diameter":500,"Pipe_Material":" ","Invert_Level_From_m":0,"Invert_Level_To_m":0,"Slop_Percentage":0,"Latitude":17.01292952,"Longitude":54.050498580000003,"GlobalID":"{53A936AA-8BE2-474F-BBCD-87ECC3B9C594}","NEAR_FID":7043,"NEAR_DIST":8.3634228694457402}},{"type":"Feature","id":1166,"geometry":{"type":"LineString","coordinates":[[185969.14240000024,1883361.1626999993],[186004.66999999993,1883379.2770000007]]},"properties":{"OBJECTID":1166,"Shape_Length":39.879044951935839,"Asset_ID":"DP1166","Name":null,"District_ID":"Mustashfa al Sultan Qboos","Wlyt_ID":"Salalah","Gov_ID":"Dhofar Governorate","Road_ID":"102645","Pipe_Diameter":500,"Pipe_Material":" ","Invert_Level_From_m":0,"Invert_Level_To_m":0,"Slop_Percentage":0,"Latitude":17.013099749999999,"Longitude":54.050830099999999,"GlobalID":"{1CA0A515-5AC9-421E-ABF8-CAA1663B175D}","NEAR_FID":17626,"NEAR_DIST":11.344553969884188}},{"type":"Feature","id":1167,"geometry":{"type":"LineString","coordinates":[[186004.66999999993,1883379.2770000007],[186041.45000000019,1883396.0835999995]]},"properties":{"OBJECTID":1167,"Shape_Length":40.43797971635594,"Asset_ID":"DP1167","Name":null,"District_ID":"Mustashfa al Sultan Qboos","Wlyt_ID":"Salalah","Gov_ID":"Dhofar Governorate","Road_ID":"102645","Pipe_Diameter":500,"Pipe_Material":" ","Invert_Level_From_m":0,"Invert_Level_To_m":0,"Slop_Percentage":0,"Latitude":17.013262300000001,"Longitude":54.051166850000001,"GlobalID":"{968CCCA6-97B0-47E3-AE20-EA9D271E6819}","NEAR_FID":17626,"NEAR_DIST":11.344553969884188}},{"type":"Feature","id":1168,"geometry":{"type":"LineString","coordinates":[[186041.45000000019,1883396.0835999995],[186080.47539999988,1883413.8630999997]]},"properties":{"OBJECTID":1168,"Shape_Length":42.884641369520622,"Asset_ID":"DP1168","Name":null,"District_ID":"Mustashfa al Sultan Qboos","Wlyt_ID":"Salalah","Gov_ID":"Dhofar Governorate","Road_ID":"102645","Pipe_Diameter":500,"Pipe_Material":" ","Invert_Level_From_m":0,"Invert_Level_To_m":0,"Slop_Percentage":0,"Latitude":17.01342318,"Longitude":54.051519800000001,"GlobalID":"{4E4AEA01-51AA-41AA-A228-CD78295ABD9C}","NEAR_FID":17626,"NEAR_DIST":13.327211294912551}},{"type":"Feature","id":1169,"geometry":{"type":"LineString","coordinates":[[186105.2137000002,1883424.7544],[186133.00659999996,1883437.0170000009]]},"properties":{"OBJECTID":1169,"Shape_Length":30.377897379185438,"Asset_ID":"DP1169","Name":null,"District_ID":"Mustashfa al Sultan Qboos","Wlyt_ID":"Salalah","Gov_ID":"Dhofar Governorate","Road_ID":"105353","Pipe_Diameter":500,"Pipe_Material":" ","Invert_Level_From_m":0,"Invert_Level_To_m":0,"Slop_Percentage":0,"Latitude":17.013664850000001,"Longitude":54.052061860000002,"GlobalID":"{20791DCC-E520-4870-8E84-E1E5B9A57C69}","NEAR_FID":8498,"NEAR_DIST":11.155428957543892}},{"type":"Feature","id":1170,"geometry":{"type":"LineString","coordinates":[[186131.47599999979,1883439.4338000007],[186133.00659999996,1883437.0170000009]]},"properties":{"OBJECTID":1170,"Shape_Length":2.8607094573609428,"Asset_ID":"DP1170","Name":null,"District_ID":"Mustashfa al Sultan Qboos","Wlyt_ID":"Salalah","Gov_ID":"Dhofar Governorate","Road_ID":"105353","Pipe_Diameter":500,"Pipe_Material":" ","Invert_Level_From_m":0,"Invert_Level_To_m":0,"Slop_Percentage":0,"Latitude":17.013732900000001,"Longitude":54.052184029999999,"GlobalID":"{65A48F44-47B6-4765-9572-0F4856974D74}","NEAR_FID":8498,"NEAR_DIST":11.155428957543892}},{"type":"Feature","id":1171,"geometry":{"type":"LineString","coordinates":[[186133.00659999996,1883437.0170000009],[186159.75260000024,1883450.5239000004]]},"properties":{"OBJECTID":1171,"Shape_Length":29.963058315365831,"Asset_ID":"DP1171","Name":null,"District_ID":"Mustashfa al Sultan Qboos","Wlyt_ID":"Salalah","Gov_ID":"Dhofar Governorate","Road_ID":"105353","Pipe_Diameter":500,"Pipe_Material":" ","Invert_Level_From_m":0,"Invert_Level_To_m":0,"Slop_Percentage":0,"Latitude":17.013784879999999,"Longitude":54.052315909999997,"GlobalID":"{817B0E3F-7EEF-4790-A661-E6E7C4732208}","NEAR_FID":8498,"NEAR_DIST":10.899710180569965}},{"type":"Feature","id":1172,"geometry":{"type":"LineString","coordinates":[[186158.44330000039,1883452.7356000002],[186159.75260000024,1883450.5239000004]]},"properties":{"OBJECTID":1172,"Shape_Length":2.5701913117552073,"Asset_ID":"DP1172","Name":null,"District_ID":"Mustashfa al Sultan Qboos","Wlyt_ID":"Salalah","Gov_ID":"Dhofar Governorate","Road_ID":"105353","Pipe_Diameter":500,"Pipe_Material":" ","Invert_Level_From_m":0,"Invert_Level_To_m":0,"Slop_Percentage":0,"Latitude":17.013857560000002,"Longitude":54.052433780000001,"GlobalID":"{1F5F4DD4-F2C3-4BE8-BD78-7B5F62CF22A2}","NEAR_FID":8498,"NEAR_DIST":10.899710180569965}},{"type":"Feature","id":1173,"geometry":{"type":"LineString","coordinates":[[186159.75260000024,1883450.5239000004],[186186.48220000044,1883464.1850000005]]},"properties":{"OBJECTID":1173,"Shape_Length":30.01828058674154,"Asset_ID":"DP1173","Name":null,"District_ID":"Mustashfa al Sultan Qboos","Wlyt_ID":"Salalah","Gov_ID":"Dhofar Governorate","Road_ID":"105353","Pipe_Diameter":500,"Pipe_Material":" ","Invert_Level_From_m":0,"Invert_Level_To_m":0,"Slop_Percentage":0,"Latitude":17.013911149999998,"Longitude":54.052564859999997,"GlobalID":"{462FE717-8049-4FBF-811C-51F60E70ECB8}","NEAR_FID":8498,"NEAR_DIST":10.834604155403962}},{"type":"Feature","id":1174,"geometry":{"type":"LineString","coordinates":[[186185.18649999984,1883466.0135999992],[186186.48220000044,1883464.1850000005]]},"properties":{"OBJECTID":1174,"Shape_Length":2.2411194628797269,"Asset_ID":"DP1174","Name":null,"District_ID":"Mustashfa al Sultan Qboos","Wlyt_ID":"Salalah","Gov_ID":"Dhofar Governorate","Road_ID":"105353","Pipe_Diameter":500,"Pipe_Material":" ","Invert_Level_From_m":0,"Invert_Level_To_m":0,"Slop_Percentage":0,"Latitude":17.013982649999999,"Longitude":54.05268264,"GlobalID":"{AA649E74-C286-4746-BC52-FFBEFEAE0489}","NEAR_FID":8498,"NEAR_DIST":10.885579441924618}},{"type":"Feature","id":1175,"geometry":{"type":"LineString","coordinates":[[186186.48220000044,1883464.1850000005],[186213.12270000018,1883477.9484999999]]},"properties":{"OBJECTID":1175,"Shape_Length":29.985832862712112,"Asset_ID":"DP1175","Name":null,"District_ID":"Mustashfa al Sultan Qboos","Wlyt_ID":"Salalah","Gov_ID":"Dhofar Governorate","Road_ID":"105353","Pipe_Diameter":500,"Pipe_Material":" ","Invert_Level_From_m":0,"Invert_Level_To_m":0,"Slop_Percentage":0,"Latitude":17.014038559999999,"Longitude":54.052813309999998,"GlobalID":"{78582004-EA44-4093-959E-142D68DF91A7}","NEAR_FID":8498,"NEAR_DIST":10.885579441924618}},{"type":"Feature","id":1176,"geometry":{"type":"LineString","coordinates":[[186212.04069999978,1883479.8021000009],[186213.12270000018,1883477.9484999999]]},"properties":{"OBJECTID":1176,"Shape_Length":2.1462891148303509,"Asset_ID":"DP1176","Name":null,"District_ID":"Mustashfa al Sultan Qboos","Wlyt_ID":"Salalah","Gov_ID":"Dhofar Governorate","Road_ID":"105353","Pipe_Diameter":500,"Pipe_Material":" ","Invert_Level_From_m":0,"Invert_Level_To_m":0,"Slop_Percentage":0,"Latitude":17.01411079,"Longitude":54.05293211,"GlobalID":"{892A28DE-2C9E-40C8-B2CB-99CD89C13869}","NEAR_FID":8498,"NEAR_DIST":11.140727467283934}},{"type":"Feature","id":1177,"geometry":{"type":"LineString","coordinates":[[186213.12270000018,1883477.9484999999],[186239.82359999977,1883491.6557]]},"properties":{"OBJECTID":1177,"Shape_Length":30.013753391233045,"Asset_ID":"DP1177","Name":null,"District_ID":"Mustashfa al Sultan Qboos","Wlyt_ID":"Salalah","Gov_ID":"Dhofar Governorate","Road_ID":"105353","Pipe_Diameter":500,"Pipe_Material":" ","Invert_Level_From_m":0,"Invert_Level_To_m":0,"Slop_Percentage":0,"Latitude":17.014166190000001,"Longitude":54.05306161,"GlobalID":"{B04D1B40-C68D-42A2-9A4A-BD539DAEF9EF}","NEAR_FID":8498,"NEAR_DIST":11.140727467283934}},{"type":"Feature","id":1178,"geometry":{"type":"LineString","coordinates":[[186238.93030000012,1883493.5667000003],[186239.82359999977,1883491.6557]]},"properties":{"OBJECTID":1178,"Shape_Length":2.1094800047796247,"Asset_ID":"DP1178","Name":null,"District_ID":"Mustashfa al Sultan Qboos","Wlyt_ID":"Salalah","Gov_ID":"Dhofar Governorate","Road_ID":"102645","Pipe_Diameter":500,"Pipe_Material":" ","Invert_Level_From_m":0,"Invert_Level_To_m":0,"Slop_Percentage":0,"Latitude":17.01423844,"Longitude":54.053181590000001,"GlobalID":"{A97260FF-13BB-44CB-90D9-D379B93BD846}","NEAR_FID":8348,"NEAR_DIST":10.881158644946373}},{"type":"Feature","id":1179,"geometry":{"type":"LineString","coordinates":[[186239.82359999977,1883491.6557],[186266.45999999996,1883504.7686000001]]},"properties":{"OBJECTID":1179,"Shape_Length":29.689155450803245,"Asset_ID":"DP1179","Name":null,"District_ID":"Mustashfa al Sultan Qboos","Wlyt_ID":"Salalah","Gov_ID":"Dhofar Governorate","Road_ID":"102645","Pipe_Diameter":500,"Pipe_Material":" ","Invert_Level_From_m":0,"Invert_Level_To_m":0,"Slop_Percentage":0,"Latitude":17.01429087,"Longitude":54.053309949999999,"GlobalID":"{F78D9EFA-4DB1-4358-8151-22325F1936C1}","NEAR_FID":8348,"NEAR_DIST":9.160246658465768}},{"type":"Feature","id":1180,"geometry":{"type":"LineString","coordinates":[[186265.65270000044,1883506.4934],[186266.45999999996,1883504.7686000001]]},"properties":{"OBJECTID":1180,"Shape_Length":1.9043813507573004,"Asset_ID":"DP1180","Name":null,"District_ID":"Mustashfa al Sultan Qboos","Wlyt_ID":"Salalah","Gov_ID":"Dhofar Governorate","Road_ID":"102645","Pipe_Diameter":500,"Pipe_Material":" ","Invert_Level_From_m":0,"Invert_Level_To_m":0,"Slop_Percentage":0,"Latitude":17.014359599999999,"Longitude":54.053430079999998,"GlobalID":"{40B66875-55BC-44E6-A254-3C6BC29D9B58}","NEAR_FID":8348,"NEAR_DIST":7.2604852019366923}},{"type":"Feature","id":1181,"geometry":{"type":"LineString","coordinates":[[186266.45999999996,1883504.7686000001],[186294.25310000032,1883517.1250999998]]},"properties":{"OBJECTID":1181,"Shape_Length":30.416105928834316,"Asset_ID":"DP1181","Name":null,"District_ID":"Mustashfa al Sultan Qboos","Wlyt_ID":"Salalah","Gov_ID":"Dhofar Governorate","Road_ID":"102645","Pipe_Diameter":500,"Pipe_Material":" ","Invert_Level_From_m":0,"Invert_Level_To_m":0,"Slop_Percentage":0,"Latitude":17.014409539999999,"Longitude":54.053563500000003,"GlobalID":"{D246C313-132E-4C77-A485-567BD7BE810A}","NEAR_FID":8348,"NEAR_DIST":8.2534981219274357}},{"type":"Feature","id":1182,"geometry":{"type":"LineString","coordinates":[[186289.46160000004,1883516.8907999992],[186294.25310000032,1883517.1250999998]]},"properties":{"OBJECTID":1182,"Shape_Length":4.797225108642607,"Asset_ID":"DP1182","Name":null,"District_ID":"Mustashfa al Sultan Qboos","Wlyt_ID":"Salalah","Gov_ID":"Dhofar Governorate","Road_ID":"102645","Pipe_Diameter":500,"Pipe_Material":" ","Invert_Level_From_m":0,"Invert_Level_To_m":0,"Slop_Percentage":0,"Latitude":17.014466089999999,"Longitude":54.053670420000003,"GlobalID":"{B4203CDA-0F9B-4D70-9545-0E6B8C12FC03}","NEAR_FID":8348,"NEAR_DIST":6.6131524818897454}},{"type":"Feature","id":1183,"geometry":{"type":"LineString","coordinates":[[186294.25310000032,1883517.1250999998],[186289.65830000024,1883525.4250000007]]},"properties":{"OBJECTID":1183,"Shape_Length":9.4868607592771923,"Asset_ID":"DP1183","Name":null,"District_ID":"Mustashfa al Sultan Qboos","Wlyt_ID":"Salalah","Gov_ID":"Dhofar Governorate","Road_ID":"102645","Pipe_Diameter":500,"Pipe_Material":" ","Invert_Level_From_m":0,"Invert_Level_To_m":0,"Slop_Percentage":0,"Latitude":17.014505549999999,"Longitude":54.053670029999999,"GlobalID":"{5394E3BD-2138-40A8-BD72-07EB7D0296AF}","NEAR_FID":8348,"NEAR_DIST":0}},{"type":"Feature","id":1184,"geometry":{"type":"LineString","coordinates":[[186289.65830000024,1883525.4250000007],[186316.92050000001,1883537.9806999993]]},"properties":{"OBJECTID":1184,"Shape_Length":30.014548993443476,"Asset_ID":"DP1184","Name":null,"District_ID":"Mustashfa al Sultan Qboos","Wlyt_ID":"Salalah","Gov_ID":"Dhofar Governorate","Road_ID":"102645","Pipe_Diameter":500,"Pipe_Material":" ","Invert_Level_From_m":0,"Invert_Level_To_m":0,"Slop_Percentage":0,"Latitude":17.014600380000001,"Longitude":54.053775369999997,"GlobalID":"{A71F0273-C636-4D96-8897-406DEB098ED2}","NEAR_FID":8348,"NEAR_DIST":1.1783302971001564}},{"type":"Feature","id":1185,"geometry":{"type":"LineString","coordinates":[[186316.92050000001,1883537.9806999993],[186344.20799999963,1883550.6161000002]]},"properties":{"OBJECTID":1185,"Shape_Length":30.070932632925107,"Asset_ID":"DP1185","Name":null,"District_ID":"Mustashfa al Sultan Qboos","Wlyt_ID":"Salalah","Gov_ID":"Dhofar Governorate","Road_ID":"102645","Pipe_Diameter":500,"Pipe_Material":" ","Invert_Level_From_m":0,"Invert_Level_To_m":0,"Slop_Percentage":0,"Latitude":17.014717439999998,"Longitude":54.054029880000002,"GlobalID":"{3732E619-B71B-4C87-BE69-C38608F03203}","NEAR_FID":8348,"NEAR_DIST":2.4664554503382261}},{"type":"Feature","id":1186,"geometry":{"type":"LineString","coordinates":[[186344.20799999963,1883550.6161000002],[186371.85819999967,1883562.4220000003]]},"properties":{"OBJECTID":1186,"Shape_Length":30.065143186964157,"Asset_ID":"DP1186","Name":null,"District_ID":"Mustashfa al Sultan Qboos","Wlyt_ID":"Salalah","Gov_ID":"Dhofar Governorate","Road_ID":"102645","Pipe_Diameter":500,"Pipe_Material":" ","Invert_Level_From_m":0,"Invert_Level_To_m":0,"Slop_Percentage":0,"Latitude":17.0148315,"Longitude":54.054285890000003,"GlobalID":"{A57417DD-4CFB-4432-88E8-0BC6747A2AF2}","NEAR_FID":8348,"NEAR_DIST":4.5598415516142392}},{"type":"Feature","id":1187,"geometry":{"type":"LineString","coordinates":[[186371.85819999967,1883562.4220000003],[186398.83160000015,1883573.3581000008]]},"properties":{"OBJECTID":1187,"Shape_Length":29.106057630797793,"Asset_ID":"DP1187","Name":null,"District_ID":"Mustashfa al Sultan Qboos","Wlyt_ID":"Salalah","Gov_ID":"Dhofar Governorate","Road_ID":"102645","Pipe_Diameter":500,"Pipe_Material":" ","Invert_Level_From_m":0,"Invert_Level_To_m":0,"Slop_Percentage":0,"Latitude":17.014937870000001,"Longitude":54.054540549999999,"GlobalID":"{16D22BD4-60F8-43F3-8548-7A0FE97F5DF0}","NEAR_FID":8348,"NEAR_DIST":5.0050559922600772}},{"type":"Feature","id":1188,"geometry":{"type":"LineString","coordinates":[[186398.83160000015,1883573.3581000008],[186427.30319999997,1883584.9682]]},"properties":{"OBJECTID":1188,"Shape_Length":30.747787376357564,"Asset_ID":"DP1188","Name":null,"District_ID":"Mustashfa al Sultan Qboos","Wlyt_ID":"Salalah","Gov_ID":"Dhofar Governorate","Road_ID":"102645","Pipe_Diameter":500,"Pipe_Material":" ","Invert_Level_From_m":0,"Invert_Level_To_m":0,"Slop_Percentage":0,"Latitude":17.015043510000002,"Longitude":54.054799279999997,"GlobalID":"{9E4F88AB-596F-4A6A-9137-5EA12155CA03}","NEAR_FID":8348,"NEAR_DIST":3.6403611741389996}},{"type":"Feature","id":1189,"geometry":{"type":"LineString","coordinates":[[186427.30319999997,1883584.9682],[186447.75069999974,1883580.4042000007]]},"properties":{"OBJECTID":1189,"Shape_Length":20.950664720590666,"Asset_ID":"DP1189","Name":null,"District_ID":"Mustashfa al Sultan Qboos","Wlyt_ID":"Salalah","Gov_ID":"Dhofar Governorate","Road_ID":"102645","Pipe_Diameter":500,"Pipe_Material":" ","Invert_Level_From_m":0,"Invert_Level_To_m":0,"Slop_Percentage":0,"Latitude":17.015078639999999,"Longitude":54.055028290000003,"GlobalID":"{E41549E7-CAC9-4962-9D45-9A9066429613}","NEAR_FID":8348,"NEAR_DIST":0}},{"type":"Feature","id":1190,"geometry":{"type":"LineString","coordinates":[[186317.29289999977,1883528.0546000004],[186318.64529999997,1883525.0262000002]]},"properties":{"OBJECTID":1190,"Shape_Length":3.3166537838127419,"Asset_ID":"DP1190","Name":null,"District_ID":"Mustashfa al Sultan Qboos","Wlyt_ID":"Salalah","Gov_ID":"Dhofar Governorate","Road_ID":"102645","Pipe_Diameter":500,"Pipe_Material":" ","Invert_Level_From_m":0,"Invert_Level_To_m":0,"Slop_Percentage":0,"Latitude":17.014555619999999,"Longitude":54.053912879999999,"GlobalID":"{17B1A325-83CE-4585-9671-2D2060216BE6}","NEAR_FID":8348,"NEAR_DIST":6.9419340322092147}},{"type":"Feature","id":1191,"geometry":{"type":"LineString","coordinates":[[186318.64529999997,1883525.0262000002],[186342.38929999992,1883532.8430000003]]},"properties":{"OBJECTID":1191,"Shape_Length":24.997597849389575,"Asset_ID":"DP1191","Name":null,"District_ID":"Mustashfa al Sultan Qboos","Wlyt_ID":"Salalah","Gov_ID":"Dhofar Governorate","Road_ID":"105353","Pipe_Diameter":500,"Pipe_Material":" ","Invert_Level_From_m":0,"Invert_Level_To_m":0,"Slop_Percentage":0,"Latitude":17.014578740000001,"Longitude":54.054031610000003,"GlobalID":"{76721AE6-6E1C-4D30-9525-E1201E7DBC4B}","NEAR_FID":8498,"NEAR_DIST":9.0850362746199806}},{"type":"Feature","id":1192,"geometry":{"type":"LineString","coordinates":[[186340.67949999962,1883536.8454],[186342.38929999992,1883532.8430000003]]},"properties":{"OBJECTID":1192,"Shape_Length":4.352312235837335,"Asset_ID":"DP1192","Name":null,"District_ID":"Mustashfa al Sultan Qboos","Wlyt_ID":"Salalah","Gov_ID":"Dhofar Governorate","Road_ID":"102645","Pipe_Diameter":500,"Pipe_Material":" ","Invert_Level_From_m":0,"Invert_Level_To_m":0,"Slop_Percentage":0,"Latitude":17.01463407,"Longitude":54.054133729999997,"GlobalID":"{2A379001-8E7B-4B8D-87A0-7EEFFB036BF1}","NEAR_FID":8348,"NEAR_DIST":7.0525743419320275}},{"type":"Feature","id":1193,"geometry":{"type":"LineString","coordinates":[[186342.38929999992,1883532.8430000003],[186365.54600000009,1883541.9075000007]]},"properties":{"OBJECTID":1193,"Shape_Length":24.86760774891048,"Asset_ID":"DP1193","Name":null,"District_ID":"Mustashfa al Sultan Qboos","Wlyt_ID":"Salalah","Gov_ID":"Dhofar Governorate","Road_ID":"105353","Pipe_Diameter":500,"Pipe_Material":" ","Invert_Level_From_m":0,"Invert_Level_To_m":0,"Slop_Percentage":0,"Latitude":17.014658130000001,"Longitude":54.054250449999998,"GlobalID":"{8850680D-73D8-4DB8-819A-925E1A9EB959}","NEAR_FID":8498,"NEAR_DIST":6.0168618110424141}},{"type":"Feature","id":1194,"geometry":{"type":"LineString","coordinates":[[186364.0047000004,1883545.9076000005],[186365.54600000009,1883541.9075000007]]},"properties":{"OBJECTID":1194,"Shape_Length":4.2867710106431085,"Asset_ID":"DP1194","Name":null,"District_ID":"Mustashfa al Sultan Qboos","Wlyt_ID":"Salalah","Gov_ID":"Dhofar Governorate","Road_ID":"105353","Pipe_Diameter":500,"Pipe_Material":" ","Invert_Level_From_m":0,"Invert_Level_To_m":0,"Slop_Percentage":0,"Latitude":17.014718569999999,"Longitude":54.054350939999999,"GlobalID":"{57F17542-F2E6-4A76-B973-0BDFED26853F}","NEAR_FID":8498,"NEAR_DIST":6.0168618110424141}},{"type":"Feature","id":1195,"geometry":{"type":"LineString","coordinates":[[186365.54600000009,1883541.9075000007],[186393.23610000033,1883553.8801000006]]},"properties":{"OBJECTID":1195,"Shape_Length":30.167611585652363,"Asset_ID":"DP1195","Name":null,"District_ID":"Mustashfa al Sultan Qboos","Wlyt_ID":"Salalah","Gov_ID":"Dhofar Governorate","Road_ID":"105353","Pipe_Diameter":500,"Pipe_Material":" ","Invert_Level_From_m":0,"Invert_Level_To_m":0,"Slop_Percentage":0,"Latitude":17.01475654,"Longitude":54.054487510000001,"GlobalID":"{DCEFCFBE-4741-44EB-A5CC-2C00CB5C194B}","NEAR_FID":8498,"NEAR_DIST":2.9450048428952007}},{"type":"Feature","id":1196,"geometry":{"type":"LineString","coordinates":[[186389.29000000004,1883563.5595999993],[186393.23610000033,1883553.8801000006]]},"properties":{"OBJECTID":1196,"Shape_Length":10.452962519636216,"Asset_ID":"DP1196","Name":null,"District_ID":"Mustashfa al Sultan Qboos","Wlyt_ID":"Salalah","Gov_ID":"Dhofar Governorate","Road_ID":"102645","Pipe_Diameter":500,"Pipe_Material":" ","Invert_Level_From_m":0,"Invert_Level_To_m":0,"Slop_Percentage":0,"Latitude":17.01485589,"Longitude":54.054597379999997,"GlobalID":"{65CEA73C-B674-4FC6-B40D-9D5709E50647}","NEAR_FID":8348,"NEAR_DIST":0.17799866143891155}},{"type":"Feature","id":1197,"geometry":{"type":"LineString","coordinates":[[186393.23610000033,1883553.8801000006],[186421.21769999992,1883566.4955000002]]},"properties":{"OBJECTID":1197,"Shape_Length":30.693944935209064,"Asset_ID":"DP1197","Name":null,"District_ID":"Mustashfa al Sultan Qboos","Wlyt_ID":"Salalah","Gov_ID":"Dhofar Governorate","Road_ID":"105353","Pipe_Diameter":500,"Pipe_Material":" ","Invert_Level_From_m":0,"Invert_Level_To_m":0,"Slop_Percentage":0,"Latitude":17.01487131,"Longitude":54.054746960000003,"GlobalID":"{20827E15-ED48-45CA-830B-B81D518929AC}","NEAR_FID":8498,"NEAR_DIST":1.1752236419945612}},{"type":"Feature","id":1198,"geometry":{"type":"LineString","coordinates":[[186416.44689999986,1883575.7802000009],[186421.21769999992,1883566.4955000002]]},"properties":{"OBJECTID":1198,"Shape_Length":10.438687021976024,"Asset_ID":"DP1198","Name":null,"District_ID":"Mustashfa al Sultan Qboos","Wlyt_ID":"Salalah","Gov_ID":"Dhofar Governorate","Road_ID":"102645","Pipe_Diameter":500,"Pipe_Material":" ","Invert_Level_From_m":0,"Invert_Level_To_m":0,"Slop_Percentage":0,"Latitude":17.01497174,"Longitude":54.054854300000002,"GlobalID":"{EC79FCF4-017C-4BDD-93C5-0A225982E5E3}","NEAR_FID":8348,"NEAR_DIST":0}},{"type":"Feature","id":1199,"geometry":{"type":"LineString","coordinates":[[186421.21769999992,1883566.4955000002],[186447.75069999974,1883580.4042000007]]},"properties":{"OBJECTID":1199,"Shape_Length":29.957503645902687,"Asset_ID":"DP1199","Name":null,"District_ID":"Mustashfa al Sultan Qboos","Wlyt_ID":"Salalah","Gov_ID":"Dhofar Governorate","Road_ID":"105353","Pipe_Diameter":500,"Pipe_Material":" ","Invert_Level_From_m":0,"Invert_Level_To_m":0,"Slop_Percentage":0,"Latitude":17.014994739999999,"Longitude":54.055000839999998,"GlobalID":"{9553FAE2-4A92-446E-B071-B5F66E41091D}","NEAR_FID":8498,"NEAR_DIST":1.1752236419945612}},{"type":"Feature","id":1200,"geometry":{"type":"LineString","coordinates":[[186446.49849999975,1883582.7732999995],[186447.75069999974,1883580.4042000007]]},"properties":{"OBJECTID":1200,"Shape_Length":2.6796715553413151,"Asset_ID":"DP1200","Name":null,"District_ID":"Mustashfa al Sultan Qboos","Wlyt_ID":"Salalah","Gov_ID":"Dhofar Governorate","Road_ID":"105353","Pipe_Diameter":500,"Pipe_Material":" ","Invert_Level_From_m":0,"Invert_Level_To_m":0,"Slop_Percentage":0,"Latitude":17.015070999999999,"Longitude":54.055118299999997,"GlobalID":"{2359FDD9-CA7E-401F-A5B3-50F3CCD7D660}","NEAR_FID":8498,"NEAR_DIST":1.3207404113760728}},{"type":"Feature","id":1201,"geometry":{"type":"LineString","coordinates":[[186447.75069999974,1883580.4042000007],[186483.31159999967,1883598.6800999995]]},"properties":{"OBJECTID":1201,"Shape_Length":39.982322713573424,"Asset_ID":"DP1201","Name":null,"District_ID":"Mustashfa al Sultan Qboos","Wlyt_ID":"Salalah","Gov_ID":"Dhofar Governorate","Road_ID":"105353","Pipe_Diameter":600,"Pipe_Material":" ","Invert_Level_From_m":0,"Invert_Level_To_m":0,"Slop_Percentage":0,"Latitude":17.015144230000001,"Longitude":54.055289879999997,"GlobalID":"{EECD45DD-D7AC-42B4-B541-43C965566592}","NEAR_FID":8498,"NEAR_DIST":1.3207404113760728}},{"type":"Feature","id":1202,"geometry":{"type":"LineString","coordinates":[[186482.13719999976,1883600.8819999993],[186483.31159999967,1883598.6800999995]]},"properties":{"OBJECTID":1202,"Shape_Length":2.4955117648850464,"Asset_ID":"DP1202","Name":null,"District_ID":"Mustashfa al Sultan Qboos","Wlyt_ID":"Salalah","Gov_ID":"Dhofar Governorate","Road_ID":"105353","Pipe_Diameter":200,"Pipe_Material":" ","Invert_Level_From_m":0,"Invert_Level_To_m":0,"Slop_Percentage":0,"Latitude":17.015239000000001,"Longitude":54.055449760000002,"GlobalID":"{8FD1F8FB-FE60-4663-B4A2-281F62F3F709}","NEAR_FID":8498,"NEAR_DIST":1.8992051126234577}},{"type":"Feature","id":1203,"geometry":{"type":"LineString","coordinates":[[186483.31159999967,1883598.6800999995],[186519.09260000009,1883616.2953999992]]},"properties":{"OBJECTID":1203,"Shape_Length":39.882060567507189,"Asset_ID":"DP1203","Name":null,"District_ID":"Mustashfa al Sultan Qboos","Wlyt_ID":"Salalah","Gov_ID":"Dhofar Governorate","Road_ID":"105353","Pipe_Diameter":600,"Pipe_Material":" ","Invert_Level_From_m":0,"Invert_Level_To_m":0,"Slop_Percentage":0,"Latitude":17.015311180000001,"Longitude":54.05562149,"GlobalID":"{6A2479DD-8EB5-4F80-A71E-6D6FF39F6546}","NEAR_FID":8498,"NEAR_DIST":1.7107936201949321}},{"type":"Feature","id":1204,"geometry":{"type":"LineString","coordinates":[[186517.84489999991,1883619.0478000008],[186519.09260000009,1883616.2953999992]]},"properties":{"OBJECTID":1204,"Shape_Length":3.0219962042946511,"Asset_ID":"DP1204","Name":null,"District_ID":"Mustashfa al Sultan Qboos","Wlyt_ID":"Salalah","Gov_ID":"Dhofar Governorate","Road_ID":"105353","Pipe_Diameter":500,"Pipe_Material":" ","Invert_Level_From_m":0,"Invert_Level_To_m":0,"Slop_Percentage":0,"Latitude":17.015405359999999,"Longitude":54.055782620000002,"GlobalID":"{9814A722-9D00-4025-BBCC-A82541132FD3}","NEAR_FID":8498,"NEAR_DIST":2.0036616148205355}},{"type":"Feature","id":1205,"geometry":{"type":"LineString","coordinates":[[186519.09260000009,1883616.2953999992],[186554.69020000007,1883634.7180000003]]},"properties":{"OBJECTID":1205,"Shape_Length":40.082182033403868,"Asset_ID":"DP1205","Name":null,"District_ID":"Mustashfa al Sultan Qboos","Wlyt_ID":"Salalah","Gov_ID":"Dhofar Governorate","Road_ID":"105353","Pipe_Diameter":600,"Pipe_Material":" ","Invert_Level_From_m":0,"Invert_Level_To_m":0,"Slop_Percentage":0,"Latitude":17.015478600000002,"Longitude":54.055954370000002,"GlobalID":"{629CCE91-145E-459B-895E-04846E19D77E}","NEAR_FID":8498,"NEAR_DIST":2.0036616148205355}},{"type":"Feature","id":1206,"geometry":{"type":"LineString","coordinates":[[186534.54270000011,1883627.7085999995],[186517.84489999991,1883619.0478000008]]},"properties":{"OBJECTID":1206,"Shape_Length":18.810262663388297,"Asset_ID":"DP1206","Name":null,"District_ID":"Mustashfa al Sultan Qboos","Wlyt_ID":"Salalah","Gov_ID":"Dhofar Governorate","Road_ID":"105353","Pipe_Diameter":500,"Pipe_Material":" ","Invert_Level_From_m":0,"Invert_Level_To_m":0,"Slop_Percentage":0,"Latitude":17.01545793,"Longitude":54.0558543,"GlobalID":"{1F725C04-CD31-4A24-8382-10E904358669}","NEAR_FID":8498,"NEAR_DIST":5.0256465387203173}},{"type":"Feature","id":1207,"geometry":{"type":"LineString","coordinates":[[186552.30420000013,1883636.8377],[186554.69020000007,1883634.7180000003]]},"properties":{"OBJECTID":1207,"Shape_Length":3.1915707869952672,"Asset_ID":"DP1207","Name":null,"District_ID":"Mustashfa al Sultan Qboos","Wlyt_ID":"Salalah","Gov_ID":"Dhofar Governorate","Road_ID":"105353","Pipe_Diameter":500,"Pipe_Material":" ","Invert_Level_From_m":0,"Invert_Level_To_m":0,"Slop_Percentage":0,"Latitude":17.015573610000001,"Longitude":54.056108219999999,"GlobalID":"{10750FD2-A73E-4D98-B94A-F5DE3470A8B1}","NEAR_FID":8498,"NEAR_DIST":3.9761015275792086}},{"type":"Feature","id":1208,"geometry":{"type":"LineString","coordinates":[[186407.28830000013,1883602.4553999994],[186427.30319999997,1883584.9682]]},"properties":{"OBJECTID":1208,"Shape_Length":26.578156177999173,"Asset_ID":"DP1208","Name":null,"District_ID":"Mustashfa al Sultan Qboos","Wlyt_ID":"Salalah","Gov_ID":"Dhofar Governorate","Road_ID":"102645","Pipe_Diameter":500,"Pipe_Material":" ","Invert_Level_From_m":0,"Invert_Level_To_m":0,"Slop_Percentage":0,"Latitude":17.015175419999998,"Longitude":54.054836899999998,"GlobalID":"{23BEA465-B2A6-4641-B128-862EA24173C6}","NEAR_FID":4454,"NEAR_DIST":0}},{"type":"Feature","id":1209,"geometry":{"type":"LineString","coordinates":[[186448.4020999996,1883610.5978999995],[186443.12200000044,1883620.8134000003]]},"properties":{"OBJECTID":1209,"Shape_Length":11.499386777945283,"Asset_ID":"DP1209","Name":null,"District_ID":"Mustashfa al Sultan Qboos","Wlyt_ID":"Salalah","Gov_ID":"Dhofar Governorate","Road_ID":"102645","Pipe_Diameter":200,"Pipe_Material":" ","Invert_Level_From_m":0,"Invert_Level_To_m":0,"Slop_Percentage":0,"Latitude":17.015377730000001,"Longitude":54.055100690000003,"GlobalID":"{7F310DC9-F75E-40A0-9ED1-D283F094E693}","NEAR_FID":11036,"NEAR_DIST":0}},{"type":"Feature","id":1210,"geometry":{"type":"LineString","coordinates":[[186443.12200000044,1883620.8134000003],[186407.28830000013,1883602.4553999994]]},"properties":{"OBJECTID":1210,"Shape_Length":40.262516311658587,"Asset_ID":"DP1210","Name":null,"District_ID":"Mustashfa al Sultan Qboos","Wlyt_ID":"Salalah","Gov_ID":"Dhofar Governorate","Road_ID":"102645","Pipe_Diameter":500,"Pipe_Material":" ","Invert_Level_From_m":0,"Invert_Level_To_m":0,"Slop_Percentage":0,"Latitude":17.015338190000001,"Longitude":54.054908380000001,"GlobalID":"{3ED3CC6A-FCC7-4830-8538-A645EAF0EF3D}","NEAR_FID":11036,"NEAR_DIST":2.6323514387023028}},{"type":"Feature","id":1211,"geometry":{"type":"LineString","coordinates":[[186483.875,1883629.3408000004],[186478.39169999957,1883639.5552999992]]},"properties":{"OBJECTID":1211,"Shape_Length":11.593213062864061,"Asset_ID":"DP1211","Name":null,"District_ID":"Mustashfa al Sultan Qboos","Wlyt_ID":"Salalah","Gov_ID":"Dhofar Governorate","Road_ID":"102645","Pipe_Diameter":200,"Pipe_Material":" ","Invert_Level_From_m":0,"Invert_Level_To_m":0,"Slop_Percentage":0,"Latitude":17.015551259999999,"Longitude":54.055430039999997,"GlobalID":"{2912272C-FA41-46C1-B4FA-70C154149E9B}","NEAR_FID":11036,"NEAR_DIST":0}},{"type":"Feature","id":1212,"geometry":{"type":"LineString","coordinates":[[186478.39169999957,1883639.5552999992],[186443.12200000044,1883620.8134000003]]},"properties":{"OBJECTID":1212,"Shape_Length":39.940087050430108,"Asset_ID":"DP1212","Name":null,"District_ID":"Mustashfa al Sultan Qboos","Wlyt_ID":"Salalah","Gov_ID":"Dhofar Governorate","Road_ID":"102645","Pipe_Diameter":500,"Pipe_Material":" ","Invert_Level_From_m":0,"Invert_Level_To_m":0,"Slop_Percentage":0,"Latitude":17.01551048,"Longitude":54.05523934,"GlobalID":"{B75C5251-3EF9-4C36-B157-49D62B7CDC79}","NEAR_FID":11036,"NEAR_DIST":2.6323514387023028}},{"type":"Feature","id":1213,"geometry":{"type":"LineString","coordinates":[[186519.16139999963,1883648.0991999991],[186513.81790000014,1883658.1513]]},"properties":{"OBJECTID":1213,"Shape_Length":11.384098852027764,"Asset_ID":"DP1213","Name":null,"District_ID":"Mustashfa al Sultan Qboos","Wlyt_ID":"Salalah","Gov_ID":"Dhofar Governorate","Road_ID":"102645","Pipe_Diameter":200,"Pipe_Material":" ","Invert_Level_From_m":0,"Invert_Level_To_m":0,"Slop_Percentage":0,"Latitude":17.015725150000002,"Longitude":54.055759039999998,"GlobalID":"{99B18A1D-A356-40F7-9460-7E9BBEFB8C7C}","NEAR_FID":11036,"NEAR_DIST":0}},{"type":"Feature","id":1214,"geometry":{"type":"LineString","coordinates":[[186513.81790000014,1883658.1513],[186478.39169999957,1883639.5552999992]]},"properties":{"OBJECTID":1214,"Shape_Length":40.010334446382302,"Asset_ID":"DP1214","Name":null,"District_ID":"Mustashfa al Sultan Qboos","Wlyt_ID":"Salalah","Gov_ID":"Dhofar Governorate","Road_ID":"102645","Pipe_Diameter":500,"Pipe_Material":" ","Invert_Level_From_m":0,"Invert_Level_To_m":0,"Slop_Percentage":0,"Latitude":17.01568382,"Longitude":54.055568370000003,"GlobalID":"{49CA3734-558D-4CC7-8E5A-7A72D94DBE8E}","NEAR_FID":11036,"NEAR_DIST":3.0961749230260263}},{"type":"Feature","id":1215,"geometry":{"type":"LineString","coordinates":[[186554.59669999965,1883667.0560999997],[186549.11050000042,1883677.1932999995]]},"properties":{"OBJECTID":1215,"Shape_Length":11.526543899485103,"Asset_ID":"DP1215","Name":null,"District_ID":"New Industrial Area","Wlyt_ID":"Salalah","Gov_ID":"Dhofar Governorate","Road_ID":"102645","Pipe_Diameter":200,"Pipe_Material":" ","Invert_Level_From_m":0,"Invert_Level_To_m":0,"Slop_Percentage":0,"Latitude":17.01590079,"Longitude":54.056087660000003,"GlobalID":"{DC81359F-F1B1-4AC9-916E-D3CDC3813108}","NEAR_FID":11036,"NEAR_DIST":0}},{"type":"Feature","id":1216,"geometry":{"type":"LineString","coordinates":[[186549.11050000042,1883677.1932999995],[186513.81790000014,1883658.1513]]},"properties":{"OBJECTID":1216,"Shape_Length":40.101937344198205,"Asset_ID":"DP1216","Name":null,"District_ID":"New Industrial Area","Wlyt_ID":"Salalah","Gov_ID":"Dhofar Governorate","Road_ID":"102645","Pipe_Diameter":400,"Pipe_Material":" ","Invert_Level_From_m":0,"Invert_Level_To_m":0,"Slop_Percentage":0,"Latitude":17.015858510000001,"Longitude":54.05589749,"GlobalID":"{69CAA82D-FB2B-4F7D-8D07-60EC3A21531A}","NEAR_FID":11036,"NEAR_DIST":3.2586087392801466}},{"type":"Feature","id":1217,"geometry":{"type":"LineString","coordinates":[[186603.24230000004,1883692.4080999997],[186589.73720000032,1883685.8024000004]]},"properties":{"OBJECTID":1217,"Shape_Length":15.03406127706646,"Asset_ID":"DP1217","Name":null,"District_ID":"Mustashfa al Sultan Qboos","Wlyt_ID":"Salalah","Gov_ID":"Dhofar Governorate","Road_ID":"102645","Pipe_Diameter":200,"Pipe_Material":" ","Invert_Level_From_m":0,"Invert_Level_To_m":0,"Slop_Percentage":0,"Latitude":17.016060830000001,"Longitude":54.056504599999997,"GlobalID":"{135EFD38-F235-4EE7-BA8C-96BA26A8C0B2}","NEAR_FID":8155,"NEAR_DIST":4.3204236082420175}},{"type":"Feature","id":1218,"geometry":{"type":"LineString","coordinates":[[186589.73720000032,1883685.8024000004],[186584.50310000032,1883695.7524999995]]},"properties":{"OBJECTID":1218,"Shape_Length":11.24278847981266,"Asset_ID":"DP1218","Name":null,"District_ID":"New Industrial Area","Wlyt_ID":"Salalah","Gov_ID":"Dhofar Governorate","Road_ID":"102645","Pipe_Diameter":200,"Pipe_Material":" ","Invert_Level_From_m":0,"Invert_Level_To_m":0,"Slop_Percentage":0,"Latitude":17.01607465,"Longitude":54.05641645,"GlobalID":"{D790FD5A-63D3-481C-822A-522748DE173F}","NEAR_FID":11036,"NEAR_DIST":0}},{"type":"Feature","id":1219,"geometry":{"type":"LineString","coordinates":[[186584.50310000032,1883695.7524999995],[186549.11050000042,1883677.1932999995]]},"properties":{"OBJECTID":1219,"Shape_Length":39.963483824535537,"Asset_ID":"DP1219","Name":null,"District_ID":"New Industrial Area","Wlyt_ID":"Salalah","Gov_ID":"Dhofar Governorate","Road_ID":"102645","Pipe_Diameter":400,"Pipe_Material":" ","Invert_Level_From_m":0,"Invert_Level_To_m":0,"Slop_Percentage":0,"Latitude":17.016033029999999,"Longitude":54.056226459999998,"GlobalID":"{6509D989-7BC7-4A2D-B934-015DE792DC87}","NEAR_FID":11036,"NEAR_DIST":3.6847834372490773}},{"type":"Feature","id":1220,"geometry":{"type":"LineString","coordinates":[[186582.47090000007,1883677.0314000007],[186608.89389999956,1883691.0502000004]]},"properties":{"OBJECTID":1220,"Shape_Length":29.911564359043954,"Asset_ID":"DP1220","Name":null,"District_ID":"Mustashfa al Sultan Qboos","Wlyt_ID":"Salalah","Gov_ID":"Dhofar Governorate","Road_ID":"102645","Pipe_Diameter":200,"Pipe_Material":" ","Invert_Level_From_m":0,"Invert_Level_To_m":0,"Slop_Percentage":0,"Latitude":17.016014999999999,"Longitude":54.056497739999998,"GlobalID":"{B19BD41D-F90F-4C0A-ADEF-E974DDD2D2B6}","NEAR_FID":8155,"NEAR_DIST":0}},{"type":"Feature","id":1221,"geometry":{"type":"LineString","coordinates":[[186608.89389999956,1883691.0502000004],[186621.66220000014,1883683.7930999994]]},"properties":{"OBJECTID":1221,"Shape_Length":14.686557980989019,"Asset_ID":"DP1221","Name":null,"District_ID":"Mustashfa al Sultan Qboos","Wlyt_ID":"Salalah","Gov_ID":"Dhofar Governorate","Road_ID":"102645","Pipe_Diameter":200,"Pipe_Material":" ","Invert_Level_From_m":0,"Invert_Level_To_m":0,"Slop_Percentage":0,"Latitude":17.016048179999999,"Longitude":54.056681130000001,"GlobalID":"{85153255-8D4E-48A2-9DB8-BAD057B129D4}","NEAR_FID":8155,"NEAR_DIST":0}},{"type":"Feature","id":1222,"geometry":{"type":"LineString","coordinates":[[186619.77280000038,1883714.6502999999],[186601.72070000041,1883723.0066]]},"properties":{"OBJECTID":1222,"Shape_Length":19.892361953791994,"Asset_ID":"DP1222","Name":null,"District_ID":"New Industrial Area","Wlyt_ID":"Salalah","Gov_ID":"Dhofar Governorate","Road_ID":"102645","Pipe_Diameter":200,"Pipe_Material":" ","Invert_Level_From_m":0,"Invert_Level_To_m":0,"Slop_Percentage":0,"Latitude":17.016331090000001,"Longitude":54.056634180000003,"GlobalID":"{E464ED95-9E1F-48A0-9D3D-FE6D05A205C9}","NEAR_FID":13661,"NEAR_DIST":0}},{"type":"Feature","id":1223,"geometry":{"type":"LineString","coordinates":[[186621.66220000014,1883683.7930999994],[186601.72070000041,1883723.0066]]},"properties":{"OBJECTID":1223,"Shape_Length":43.992749454098423,"Asset_ID":"DP1223","Name":null,"District_ID":"New Industrial Area","Wlyt_ID":"Salalah","Gov_ID":"Dhofar Governorate","Road_ID":"102645","Pipe_Diameter":700,"Pipe_Material":" ","Invert_Level_From_m":0,"Invert_Level_To_m":0,"Slop_Percentage":0,"Latitude":17.016191939999999,"Longitude":54.05664522,"GlobalID":"{6355AB68-89AE-4A8E-93AB-6B8E74827D4A}","NEAR_FID":8155,"NEAR_DIST":0}},{"type":"Feature","id":1224,"geometry":{"type":"LineString","coordinates":[[186615.99799999967,1883659.7366000004],[186614.83899999969,1883657.9848999996]]},"properties":{"OBJECTID":1224,"Shape_Length":2.100412791072118,"Asset_ID":"DP1224","Name":null,"District_ID":"Mustashfa al Sultan Qboos","Wlyt_ID":"Salalah","Gov_ID":"Dhofar Governorate","Road_ID":"102645","Pipe_Diameter":200,"Pipe_Material":" ","Invert_Level_From_m":0,"Invert_Level_To_m":0,"Slop_Percentage":0,"Latitude":17.015790729999999,"Longitude":54.056685860000002,"GlobalID":"{D60BE08F-FF5E-4514-8BBD-B81EC39BFD4E}","NEAR_FID":8348,"NEAR_DIST":3.8796604688081051}},{"type":"Feature","id":1225,"geometry":{"type":"LineString","coordinates":[[186614.83899999969,1883657.9848999996],[186621.66220000014,1883683.7930999994]]},"properties":{"OBJECTID":1225,"Shape_Length":26.694929209095189,"Asset_ID":"DP1225","Name":null,"District_ID":"Mustashfa al Sultan Qboos","Wlyt_ID":"Salalah","Gov_ID":"Dhofar Governorate","Road_ID":"102645","Pipe_Diameter":300,"Pipe_Material":" ","Invert_Level_From_m":0,"Invert_Level_To_m":0,"Slop_Percentage":0,"Latitude":17.015899340000001,"Longitude":54.056711360000001,"GlobalID":"{1ECE88F4-936B-4A59-A607-7E1DBFD57FE7}","NEAR_FID":13657,"NEAR_DIST":0}},{"type":"Feature","id":1226,"geometry":{"type":"LineString","coordinates":[[186639.1333999997,1883649.8745000008],[186638.25270000007,1883648.1129999999]]},"properties":{"OBJECTID":1226,"Shape_Length":1.9693945116986773,"Asset_ID":"DP1226","Name":null,"District_ID":"Mustashfa al Sultan Qboos","Wlyt_ID":"Salalah","Gov_ID":"Dhofar Governorate","Road_ID":"102645","Pipe_Diameter":300,"Pipe_Material":" ","Invert_Level_From_m":0,"Invert_Level_To_m":0,"Slop_Percentage":0,"Latitude":17.015704450000001,"Longitude":54.056906259999998,"GlobalID":"{E28E237D-EC15-4ABB-A96F-5E350EC93933}","NEAR_FID":8348,"NEAR_DIST":4.1574737373293686}},{"type":"Feature","id":1227,"geometry":{"type":"LineString","coordinates":[[186638.25270000007,1883648.1129999999],[186614.83899999969,1883657.9848999996]]},"properties":{"OBJECTID":1227,"Shape_Length":25.409757128150165,"Asset_ID":"DP1227","Name":null,"District_ID":"Mustashfa al Sultan Qboos","Wlyt_ID":"Salalah","Gov_ID":"Dhofar Governorate","Road_ID":"102645","Pipe_Diameter":300,"Pipe_Material":" ","Invert_Level_From_m":0,"Invert_Level_To_m":0,"Slop_Percentage":0,"Latitude":17.015739409999998,"Longitude":54.056791709999999,"GlobalID":"{41B1AEC1-5FA8-48B7-AA04-7D29B2867BB2}","NEAR_FID":8348,"NEAR_DIST":2.9391274868594106}},{"type":"Feature","id":1228,"geometry":{"type":"LineString","coordinates":[[186683.89570000023,1883598.3581000008],[186666.69890000019,1883607.2355000004]]},"properties":{"OBJECTID":1228,"Shape_Length":19.352988425432777,"Asset_ID":"DP1228","Name":null,"District_ID":"Mustashfa al Sultan Qboos","Wlyt_ID":"Salalah","Gov_ID":"Dhofar Governorate","Road_ID":"102645","Pipe_Diameter":100,"Pipe_Material":" ","Invert_Level_From_m":0,"Invert_Level_To_m":0,"Slop_Percentage":0,"Latitude":17.015292380000002,"Longitude":54.057256240000001,"GlobalID":"{AF00EC1B-E1A0-419F-AED5-8FE985044A9D}","NEAR_FID":8348,"NEAR_DIST":0.40710757583404517}},{"type":"Feature","id":1229,"geometry":{"type":"LineString","coordinates":[[186666.69890000019,1883607.2355000004],[186643.00719999988,1883631.3923000004]]},"properties":{"OBJECTID":1229,"Shape_Length":33.835597159571819,"Asset_ID":"DP1229","Name":null,"District_ID":"Mustashfa al Sultan Qboos","Wlyt_ID":"Salalah","Gov_ID":"Dhofar Governorate","Road_ID":"102645","Pipe_Diameter":100,"Pipe_Material":" ","Invert_Level_From_m":0,"Invert_Level_To_m":0,"Slop_Percentage":0,"Latitude":17.015438710000002,"Longitude":54.057062080000001,"GlobalID":"{989AAAC7-CD6F-4FE6-8480-952BB25915B3}","NEAR_FID":8348,"NEAR_DIST":5.3940888317682898}},{"type":"Feature","id":1230,"geometry":{"type":"LineString","coordinates":[[186643.00719999988,1883631.3923000004],[186617.9199000001,1883645.6340999994]]},"properties":{"OBJECTID":1230,"Shape_Length":28.847902670581377,"Asset_ID":"DP1230","Name":null,"District_ID":"Mustashfa al Sultan Qboos","Wlyt_ID":"Salalah","Gov_ID":"Dhofar Governorate","Road_ID":"102645","Pipe_Diameter":100,"Pipe_Material":" ","Invert_Level_From_m":0,"Invert_Level_To_m":0,"Slop_Percentage":0,"Latitude":17.015608719999999,"Longitude":54.056830519999998,"GlobalID":"{A30FE27E-CC27-4922-B235-462CDD8C0AB0}","NEAR_FID":8348,"NEAR_DIST":5.3940888317682898}},{"type":"Feature","id":1231,"geometry":{"type":"LineString","coordinates":[[186617.9199000001,1883645.6340999994],[186589.76080000028,1883649.3421]]},"properties":{"OBJECTID":1231,"Shape_Length":28.402186127194383,"Asset_ID":"DP1231","Name":null,"District_ID":"Mustashfa al Sultan Qboos","Wlyt_ID":"Salalah","Gov_ID":"Dhofar Governorate","Road_ID":"105353","Pipe_Diameter":100,"Pipe_Material":" ","Invert_Level_From_m":0,"Invert_Level_To_m":0,"Slop_Percentage":0,"Latitude":17.015686540000001,"Longitude":54.056579499999998,"GlobalID":"{A969BD99-64A9-4AD5-BACE-1E7AC27912F3}","NEAR_FID":8498,"NEAR_DIST":4.5770571038447949}},{"type":"Feature","id":1232,"geometry":{"type":"LineString","coordinates":[[186589.76080000028,1883649.3421],[186552.30420000013,1883636.8377]]},"properties":{"OBJECTID":1232,"Shape_Length":39.48869335557557,"Asset_ID":"DP1232","Name":null,"District_ID":"Mustashfa al Sultan Qboos","Wlyt_ID":"Salalah","Gov_ID":"Dhofar Governorate","Road_ID":"105353","Pipe_Diameter":100,"Pipe_Material":" ","Invert_Level_From_m":0,"Invert_Level_To_m":0,"Slop_Percentage":0,"Latitude":17.015642419999999,"Longitude":54.056271770000002,"GlobalID":"{1E941C1E-29B9-4C52-81E3-F687EDF8F3D5}","NEAR_FID":8498,"NEAR_DIST":4.4571006969803681}},{"type":"Feature","id":1233,"geometry":{"type":"LineString","coordinates":[[186554.69020000007,1883634.7180000003],[186589.77390000038,1883645.8743999992]]},"properties":{"OBJECTID":1233,"Shape_Length":36.814824006711987,"Asset_ID":"DP1233","Name":null,"District_ID":"Mustashfa al Sultan Qboos","Wlyt_ID":"Salalah","Gov_ID":"Dhofar Governorate","Road_ID":"105353","Pipe_Diameter":600,"Pipe_Material":" ","Invert_Level_From_m":0,"Invert_Level_To_m":0,"Slop_Percentage":0,"Latitude":17.015616909999999,"Longitude":54.056283880000002,"GlobalID":"{CFD22A78-A6C3-4433-9CE5-2FE9CEFF5BE0}","NEAR_FID":8498,"NEAR_DIST":1.2660499213766279}},{"type":"Feature","id":1234,"geometry":{"type":"LineString","coordinates":[[186589.77390000038,1883645.8743999992],[186588.48950000014,1883661.6180000007]]},"properties":{"OBJECTID":1234,"Shape_Length":15.795905303897163,"Asset_ID":"DP1234","Name":null,"District_ID":"Mustashfa al Sultan Qboos","Wlyt_ID":"Salalah","Gov_ID":"Dhofar Governorate","Road_ID":"102645","Pipe_Diameter":700,"Pipe_Material":" ","Invert_Level_From_m":0,"Invert_Level_To_m":0,"Slop_Percentage":0,"Latitude":17.01574063,"Longitude":54.056440549999998,"GlobalID":"{C2D08041-348D-41A8-9F69-F3EAB503467E}","NEAR_FID":8348,"NEAR_DIST":0}},{"type":"Feature","id":1235,"geometry":{"type":"LineString","coordinates":[[186471.89829999954,1883607.8546999991],[186507.42250000034,1883626.1641000006]]},"properties":{"OBJECTID":1235,"Shape_Length":39.965021132401191,"Asset_ID":"DP1235","Name":null,"District_ID":"Mustashfa al Sultan Qboos","Wlyt_ID":"Salalah","Gov_ID":"Dhofar Governorate","Road_ID":"102645","Pipe_Diameter":200,"Pipe_Material":" ","Invert_Level_From_m":0,"Invert_Level_To_m":0,"Slop_Percentage":0,"Latitude":17.015395470000001,"Longitude":54.055512399999998,"GlobalID":"{33B5B5A4-1959-4054-95DB-DBD3BB727E0F}","NEAR_FID":8348,"NEAR_DIST":3.9901541652231769}},{"type":"Feature","id":1236,"geometry":{"type":"LineString","coordinates":[[186507.42250000034,1883626.1641000006],[186535.42339999974,1883639.0117000006]]},"properties":{"OBJECTID":1236,"Shape_Length":30.807648831678165,"Asset_ID":"DP1236","Name":null,"District_ID":"Mustashfa al Sultan Qboos","Wlyt_ID":"Salalah","Gov_ID":"Dhofar Governorate","Road_ID":"102645","Pipe_Diameter":200,"Pipe_Material":" ","Invert_Level_From_m":0,"Invert_Level_To_m":0,"Slop_Percentage":0,"Latitude":17.015540420000001,"Longitude":54.055808229999997,"GlobalID":"{0821EEF7-2164-40F5-9EE4-B1AA90B31FD5}","NEAR_FID":8348,"NEAR_DIST":3.3234044238122231}},{"type":"Feature","id":1237,"geometry":{"type":"LineString","coordinates":[[186535.42339999974,1883639.0117000006],[186542.83650000021,1883644.3696999997]]},"properties":{"OBJECTID":1237,"Shape_Length":9.1467051776626693,"Asset_ID":"DP1237","Name":null,"District_ID":"Mustashfa al Sultan Qboos","Wlyt_ID":"Salalah","Gov_ID":"Dhofar Governorate","Road_ID":"102645","Pipe_Diameter":200,"Pipe_Material":" ","Invert_Level_From_m":0,"Invert_Level_To_m":0,"Slop_Percentage":0,"Latitude":17.015625,"Longitude":54.055973090000002,"GlobalID":"{429C3473-BFA8-45A3-963B-A1E0C70074EF}","NEAR_FID":8348,"NEAR_DIST":3.3234044238122231}},{"type":"Feature","id":1238,"geometry":{"type":"LineString","coordinates":[[186542.83650000021,1883644.3696999997],[186588.48950000014,1883661.6180000007]]},"properties":{"OBJECTID":1238,"Shape_Length":48.802666545171931,"Asset_ID":"DP1238","Name":null,"District_ID":"Mustashfa al Sultan Qboos","Wlyt_ID":"Salalah","Gov_ID":"Dhofar Governorate","Road_ID":"102645","Pipe_Diameter":200,"Pipe_Material":" ","Invert_Level_From_m":0,"Invert_Level_To_m":0,"Slop_Percentage":0,"Latitude":17.015730649999998,"Longitude":54.056220449999998,"GlobalID":"{E8E6F988-42DE-4C2E-AA8C-FD1CAF768B2C}","NEAR_FID":8348,"NEAR_DIST":2.3474752559780425}},{"type":"Feature","id":1239,"geometry":{"type":"LineString","coordinates":[[186588.48950000014,1883661.6180000007],[186621.66220000014,1883683.7930999994]]},"properties":{"OBJECTID":1239,"Shape_Length":39.901918315321687,"Asset_ID":"DP1239","Name":null,"District_ID":"Mustashfa al Sultan Qboos","Wlyt_ID":"Salalah","Gov_ID":"Dhofar Governorate","Road_ID":"102645","Pipe_Diameter":400,"Pipe_Material":" ","Invert_Level_From_m":0,"Invert_Level_To_m":0,"Slop_Percentage":0,"Latitude":17.015913950000002,"Longitude":54.056587479999997,"GlobalID":"{543B0C25-DD9F-4B84-9653-69F10341E5E6}","NEAR_FID":13657,"NEAR_DIST":0}},{"type":"Feature","id":1240,"geometry":{"type":"LineString","coordinates":[[186659.38090000022,1882401.0036999993],[186699.44900000002,1882400.0419999994]]},"properties":{"OBJECTID":1240,"Shape_Length":40.079639525371817,"Asset_ID":"DP1240","Name":null,"District_ID":"Mustashfa al Sultan Qboos","Wlyt_ID":"Salalah","Gov_ID":"Dhofar Governorate","Road_ID":"100002","Pipe_Diameter":200,"Pipe_Material":" ","Invert_Level_From_m":0,"Invert_Level_To_m":0,"Slop_Percentage":0,"Latitude":17.004439949999998,"Longitude":54.057464289999999,"GlobalID":"{F32F8678-9DDF-462A-8205-C0707774646D}","NEAR_FID":7660,"NEAR_DIST":8.0472143939402585}},{"type":"Feature","id":1241,"geometry":{"type":"LineString","coordinates":[[186699.44900000002,1882400.0419999994],[186737.78320000041,1882407.6375999991]]},"properties":{"OBJECTID":1241,"Shape_Length":39.079457890618635,"Asset_ID":"DP1241","Name":null,"District_ID":"Mustashfa al Sultan Qboos","Wlyt_ID":"Salalah","Gov_ID":"Dhofar Governorate","Road_ID":"100002","Pipe_Diameter":200,"Pipe_Material":" ","Invert_Level_From_m":0,"Invert_Level_To_m":0,"Slop_Percentage":0,"Latitude":17.00447642,"Longitude":54.05783306,"GlobalID":"{40993B60-F300-4151-BCEF-CB4E4A1A0A5C}","NEAR_FID":7660,"NEAR_DIST":4.4784829060228999}},{"type":"Feature","id":1242,"geometry":{"type":"LineString","coordinates":[[186737.78320000041,1882407.6375999991],[186767.03880000021,1882434.4805999994]]},"properties":{"OBJECTID":1242,"Shape_Length":39.704367270701049,"Asset_ID":"DP1242","Name":null,"District_ID":"Mustashfa al Sultan Qboos","Wlyt_ID":"Salalah","Gov_ID":"Dhofar Governorate","Road_ID":"100002","Pipe_Diameter":200,"Pipe_Material":" ","Invert_Level_From_m":0,"Invert_Level_To_m":0,"Slop_Percentage":0,"Latitude":17.00463293,"Longitude":54.058141980000002,"GlobalID":"{6C678BCC-0EFC-46BE-9E98-995DE478DA65}","NEAR_FID":7660,"NEAR_DIST":4.2951358757474054}},{"type":"Feature","id":1243,"geometry":{"type":"LineString","coordinates":[[186767.03880000021,1882434.4805999994],[186772.68039999995,1882442.6287999991]]},"properties":{"OBJECTID":1243,"Shape_Length":9.9106414420190969,"Asset_ID":"DP1243","Name":null,"District_ID":"Mustashfa al Sultan Qboos","Wlyt_ID":"Salalah","Gov_ID":"Dhofar Governorate","Road_ID":"100002","Pipe_Diameter":200,"Pipe_Material":" ","Invert_Level_From_m":0,"Invert_Level_To_m":0,"Slop_Percentage":0,"Latitude":17.004794560000001,"Longitude":54.058306330000001,"GlobalID":"{E7BA267E-D04D-4BAB-A39E-1D0EF9AA1D68}","NEAR_FID":7660,"NEAR_DIST":3.8001456605024142}},{"type":"Feature","id":1244,"geometry":{"type":"LineString","coordinates":[[186772.68039999995,1882442.6287999991],[186779.88570000045,1882454.4178999998]]},"properties":{"OBJECTID":1244,"Shape_Length":13.816628638062104,"Asset_ID":"DP1244","Name":null,"District_ID":"Mustashfa al Sultan Qboos","Wlyt_ID":"Salalah","Gov_ID":"Dhofar Governorate","Road_ID":"100002","Pipe_Diameter":200,"Pipe_Material":" ","Invert_Level_From_m":0,"Invert_Level_To_m":0,"Slop_Percentage":0,"Latitude":17.004885590000001,"Longitude":54.058366159999999,"GlobalID":"{C34D3C83-999B-404F-9A6C-68898E690A43}","NEAR_FID":7660,"NEAR_DIST":1.7227003755317829}},{"type":"Feature","id":1245,"geometry":{"type":"LineString","coordinates":[[186779.88570000045,1882454.4178999998],[186786.12689999957,1882477.5429999996]]},"properties":{"OBJECTID":1245,"Shape_Length":23.95251192320157,"Asset_ID":"DP1245","Name":null,"District_ID":"Mustashfa al Sultan Qboos","Wlyt_ID":"Salalah","Gov_ID":"Dhofar Governorate","Road_ID":"100002","Pipe_Diameter":200,"Pipe_Material":" ","Invert_Level_From_m":0,"Invert_Level_To_m":0,"Slop_Percentage":0,"Latitude":17.00504433,"Longitude":54.058427219999999,"GlobalID":"{0C8D1920-1153-4154-830F-861231190FAC}","NEAR_FID":7660,"NEAR_DIST":1.7227003755317829}},{"type":"Feature","id":1246,"geometry":{"type":"LineString","coordinates":[[186786.12689999957,1882477.5429999996],[186790.20490000024,1882477.0766000003]]},"properties":{"OBJECTID":1246,"Shape_Length":4.1045843839431368,"Asset_ID":"DP1246","Name":null,"District_ID":"Mustashfa al Sultan Qboos","Wlyt_ID":"Salalah","Gov_ID":"Dhofar Governorate","Road_ID":"100002","Pipe_Diameter":200,"Pipe_Material":" ","Invert_Level_From_m":0,"Invert_Level_To_m":0,"Slop_Percentage":0,"Latitude":17.005147300000001,"Longitude":54.058474029999999,"GlobalID":"{A3868D9F-8B3B-4617-B880-A00D85C1A18E}","NEAR_FID":7660,"NEAR_DIST":1.0023153846335633}},{"type":"Feature","id":1247,"geometry":{"type":"LineString","coordinates":[[186080.47539999988,1883413.8630999997],[186105.2137000002,1883424.7544]]},"properties":{"OBJECTID":1247,"Shape_Length":27.029685580878603,"Asset_ID":"DP1247","Name":null,"District_ID":"Mustashfa al Sultan Qboos","Wlyt_ID":"Salalah","Gov_ID":"Dhofar Governorate","Road_ID":"105353","Pipe_Diameter":300,"Pipe_Material":" ","Invert_Level_From_m":0,"Invert_Level_To_m":0,"Slop_Percentage":0,"Latitude":17.01355753,"Longitude":54.051817149999998,"GlobalID":"{F40490A9-7E64-49A1-9CC8-A07DB7463DC7}","NEAR_FID":8498,"NEAR_DIST":12.996907991820686}},{"type":"Feature","id":1248,"geometry":{"type":"LineString","coordinates":[[186104.58509999979,1883426.2039000001],[186105.2137000002,1883424.7544]]},"properties":{"OBJECTID":1248,"Shape_Length":1.5799329766828951,"Asset_ID":"DP1248","Name":null,"District_ID":"Mustashfa al Sultan Qboos","Wlyt_ID":"Salalah","Gov_ID":"Dhofar Governorate","Road_ID":"105353","Pipe_Diameter":300,"Pipe_Material":" ","Invert_Level_From_m":0,"Invert_Level_To_m":0,"Slop_Percentage":0,"Latitude":17.013614109999999,"Longitude":54.051929289999997,"GlobalID":"{5CC6E1AA-CE73-41ED-B096-F2D0F298FF1C}","NEAR_FID":8498,"NEAR_DIST":12.996907991820686}},{"type":"Feature","id":1249,"geometry":{"type":"LineString","coordinates":[[186668.78579999972,1883634.2775999997],[186672.85940000042,1883634.8280999996]]},"properties":{"OBJECTID":1249,"Shape_Length":4.1106285669716289,"Asset_ID":"DP1249","Name":null,"District_ID":"Mustashfa al Sultan Qboos","Wlyt_ID":"Salalah","Gov_ID":"Dhofar Governorate","Road_ID":"102645","Pipe_Diameter":300,"Pipe_Material":" ","Invert_Level_From_m":0,"Invert_Level_To_m":0,"Slop_Percentage":0,"Latitude":17.015588510000001,"Longitude":54.057199189999999,"GlobalID":"{0E295E31-7F53-4DE3-B61F-89F95E6C9569}","NEAR_FID":13657,"NEAR_DIST":0}},{"type":"Feature","id":1250,"geometry":{"type":"LineString","coordinates":[[186672.85940000042,1883634.8280999996],[186694.9151999997,1883620.3322000001]]},"properties":{"OBJECTID":1250,"Shape_Length":26.392980703283691,"Asset_ID":"DP1250","Name":null,"District_ID":"Mustashfa al Sultan Qboos","Wlyt_ID":"Salalah","Gov_ID":"Dhofar Governorate","Road_ID":"102645","Pipe_Diameter":300,"Pipe_Material":" ","Invert_Level_From_m":0,"Invert_Level_To_m":0,"Slop_Percentage":0,"Latitude":17.015527330000001,"Longitude":54.057322759999998,"GlobalID":"{0927432A-C8CC-46CF-ADB6-335841876D73}","NEAR_FID":13657,"NEAR_DIST":1.809378746671382}},{"type":"Feature","id":1251,"geometry":{"type":"LineString","coordinates":[[186693.12019999977,1883617.3083999995],[186694.9151999997,1883620.3322000001]]},"properties":{"OBJECTID":1251,"Shape_Length":3.5164458538485706,"Asset_ID":"DP1251","Name":null,"District_ID":"Mustashfa al Sultan Qboos","Wlyt_ID":"Salalah","Gov_ID":"Dhofar Governorate","Road_ID":"102645","Pipe_Diameter":300,"Pipe_Material":" ","Invert_Level_From_m":0,"Invert_Level_To_m":0,"Slop_Percentage":0,"Latitude":17.015440139999999,"Longitude":54.057429429999999,"GlobalID":"{37F3C697-B7E5-4F68-B706-6863D53D8C4F}","NEAR_FID":13657,"NEAR_DIST":0}},{"type":"Feature","id":1252,"geometry":{"type":"LineString","coordinates":[[186694.9151999997,1883620.3322000001],[186720.42059999984,1883604.4783999994]]},"properties":{"OBJECTID":1252,"Shape_Length":30.031123915479668,"Asset_ID":"DP1252","Name":null,"District_ID":"Mustashfa al Sultan Qboos","Wlyt_ID":"Salalah","Gov_ID":"Dhofar Governorate","Road_ID":"102645","Pipe_Diameter":300,"Pipe_Material":" ","Invert_Level_From_m":0,"Invert_Level_To_m":0,"Slop_Percentage":0,"Latitude":17.01538352,"Longitude":54.057558610000001,"GlobalID":"{9986E291-4A6A-48E4-A632-F63ED64B28AC}","NEAR_FID":13657,"NEAR_DIST":1.3019868379081057}},{"type":"Feature","id":1253,"geometry":{"type":"LineString","coordinates":[[186718.86170000024,1883602.1536999997],[186720.42059999984,1883604.4783999994]]},"properties":{"OBJECTID":1253,"Shape_Length":2.7989996958996475,"Asset_ID":"DP1253","Name":null,"District_ID":"Mustashfa al Sultan Qboos","Wlyt_ID":"Salalah","Gov_ID":"Dhofar Governorate","Road_ID":"102645","Pipe_Diameter":300,"Pipe_Material":" ","Invert_Level_From_m":0,"Invert_Level_To_m":0,"Slop_Percentage":0,"Latitude":17.015303809999999,"Longitude":54.057672140000001,"GlobalID":"{DCAD8FB0-67D4-4C37-8B60-7EED890619E7}","NEAR_FID":13657,"NEAR_DIST":0}},{"type":"Feature","id":1254,"geometry":{"type":"LineString","coordinates":[[186720.42059999984,1883604.4783999994],[186746.78689999972,1883591.5374999996]]},"properties":{"OBJECTID":1254,"Shape_Length":29.370881302553677,"Asset_ID":"DP1254","Name":null,"District_ID":"Mustashfa al Sultan Qboos","Wlyt_ID":"Salalah","Gov_ID":"Dhofar Governorate","Road_ID":"102645","Pipe_Diameter":300,"Pipe_Material":" ","Invert_Level_From_m":0,"Invert_Level_To_m":0,"Slop_Percentage":0,"Latitude":17.015257070000001,"Longitude":54.057803999999997,"GlobalID":"{E3DB9BBC-5611-4EB2-BBE0-6E03E581297F}","NEAR_FID":13657,"NEAR_DIST":1.3019868379081057}},{"type":"Feature","id":1255,"geometry":{"type":"LineString","coordinates":[[186745.66920000035,1883588.7347999997],[186746.78689999972,1883591.5374999996]]},"properties":{"OBJECTID":1255,"Shape_Length":3.017346612161556,"Asset_ID":"DP1255","Name":null,"District_ID":"Mustashfa al Sultan Qboos","Wlyt_ID":"Salalah","Gov_ID":"Dhofar Governorate","Road_ID":"102645","Pipe_Diameter":300,"Pipe_Material":" ","Invert_Level_From_m":0,"Invert_Level_To_m":0,"Slop_Percentage":0,"Latitude":17.01518772,"Longitude":54.057923559999999,"GlobalID":"{382550DF-272E-44A9-8404-F094C7D4E1EA}","NEAR_FID":13657,"NEAR_DIST":0}},{"type":"Feature","id":1256,"geometry":{"type":"LineString","coordinates":[[186746.78689999972,1883591.5374999996],[186784.42119999975,1883578.9364]]},"properties":{"OBJECTID":1256,"Shape_Length":39.687885528118542,"Asset_ID":"DP1256","Name":null,"District_ID":"Mustashfa al Sultan Qboos","Wlyt_ID":"Salalah","Gov_ID":"Dhofar Governorate","Road_ID":"102645","Pipe_Diameter":300,"Pipe_Material":" ","Invert_Level_From_m":0,"Invert_Level_To_m":0,"Slop_Percentage":0,"Latitude":17.015146120000001,"Longitude":54.05810606,"GlobalID":"{34295BC4-E0F3-45A1-BBDB-B6DDF677E067}","NEAR_FID":13657,"NEAR_DIST":1.6275603972478734}},{"type":"Feature","id":1257,"geometry":{"type":"LineString","coordinates":[[186769.15629999992,1883570.6424000002],[186771.97759999987,1883565.3783999998]]},"properties":{"OBJECTID":1257,"Shape_Length":5.9723889436539919,"Asset_ID":"DP1257","Name":null,"District_ID":"Mustashfa al Sultan Qboos","Wlyt_ID":"Salalah","Gov_ID":"Dhofar Governorate","Road_ID":"102645","Pipe_Diameter":200,"Pipe_Material":" ","Invert_Level_From_m":0,"Invert_Level_To_m":0,"Slop_Percentage":0,"Latitude":17.01499128,"Longitude":54.058155059999997,"GlobalID":"{AA1A40B7-8E11-4148-9686-DD80495B03CD}","NEAR_FID":8348,"NEAR_DIST":0}},{"type":"Feature","id":1258,"geometry":{"type":"LineString","coordinates":[[186784.42119999975,1883578.9364],[186771.97759999987,1883565.3783999998]]},"properties":{"OBJECTID":1258,"Shape_Length":18.402786336919828,"Asset_ID":"DP1258","Name":null,"District_ID":"Mustashfa al Sultan Qboos","Wlyt_ID":"Salalah","Gov_ID":"Dhofar Governorate","Road_ID":"102645","Pipe_Diameter":300,"Pipe_Material":" ","Invert_Level_From_m":0,"Invert_Level_To_m":0,"Slop_Percentage":0,"Latitude":17.01502975,"Longitude":54.058226089999998,"GlobalID":"{BE083827-E423-4376-8D51-8986F4EC73DF}","NEAR_FID":12739,"NEAR_DIST":0}},{"type":"Feature","id":1259,"geometry":{"type":"LineString","coordinates":[[186771.97759999987,1883565.3783999998],[186785.91959999967,1883542.9539000001]]},"properties":{"OBJECTID":1259,"Shape_Length":26.405256375058528,"Asset_ID":"DP1259","Name":null,"District_ID":"Mustashfa al Sultan Qboos","Wlyt_ID":"Salalah","Gov_ID":"Dhofar Governorate","Road_ID":"102645","Pipe_Diameter":200,"Pipe_Material":" ","Invert_Level_From_m":0,"Invert_Level_To_m":0,"Slop_Percentage":0,"Latitude":17.01486744,"Longitude":54.058235660000001,"GlobalID":"{72C59EB6-A1A5-4BE0-A964-D13A1E55961A}","NEAR_FID":8348,"NEAR_DIST":3.7429169502475927}},{"type":"Feature","id":1260,"geometry":{"type":"LineString","coordinates":[[186785.91959999967,1883542.9539000001],[186791.74689999968,1883513.2862999998]]},"properties":{"OBJECTID":1260,"Shape_Length":30.234482219255842,"Asset_ID":"DP1260","Name":null,"District_ID":"Mustashfa al Sultan Qboos","Wlyt_ID":"Salalah","Gov_ID":"Dhofar Governorate","Road_ID":"102645","Pipe_Diameter":500,"Pipe_Material":" ","Invert_Level_From_m":0,"Invert_Level_To_m":0,"Slop_Percentage":0,"Latitude":17.01463365,"Longitude":54.05833208,"GlobalID":"{10D91D79-6239-42DE-BBB0-EB6F73AA00A2}","NEAR_FID":12739,"NEAR_DIST":4.3252432176146289}},{"type":"Feature","id":1261,"geometry":{"type":"LineString","coordinates":[[186791.74689999968,1883513.2862999998],[186795.33249999955,1883483.8468999993]]},"properties":{"OBJECTID":1261,"Shape_Length":29.656951963214397,"Asset_ID":"DP1261","Name":null,"District_ID":"Mustashfa al Sultan Qboos","Wlyt_ID":"Salalah","Gov_ID":"Dhofar Governorate","Road_ID":"105338","Pipe_Diameter":500,"Pipe_Material":" ","Invert_Level_From_m":0,"Invert_Level_To_m":0,"Slop_Percentage":0,"Latitude":17.014367490000001,"Longitude":54.058380409999998,"GlobalID":"{27CA79D9-B798-4D94-A9D5-A1686236870F}","NEAR_FID":7830,"NEAR_DIST":6.9368273292005131}},{"type":"Feature","id":1262,"geometry":{"type":"LineString","coordinates":[[186795.33249999955,1883483.8468999993],[186797.04220000003,1883454.8586999997]]},"properties":{"OBJECTID":1262,"Shape_Length":29.038574574277412,"Asset_ID":"DP1262","Name":null,"District_ID":"Mustashfa al Sultan Qboos","Wlyt_ID":"Salalah","Gov_ID":"Dhofar Governorate","Road_ID":"105338","Pipe_Diameter":500,"Pipe_Material":" ","Invert_Level_From_m":0,"Invert_Level_To_m":0,"Slop_Percentage":0,"Latitude":17.014104119999999,"Longitude":54.05840937,"GlobalID":"{055BC48B-0393-4152-9562-94889AC9CB50}","NEAR_FID":7830,"NEAR_DIST":6.3399492829357262}},{"type":"Feature","id":1263,"geometry":{"type":"LineString","coordinates":[[186797.04220000003,1883454.8586999997],[186797.08370000031,1883425.8915999997]]},"properties":{"OBJECTID":1263,"Shape_Length":28.967129727685162,"Asset_ID":"DP1263","Name":null,"District_ID":"Mustashfa al Sultan Qboos","Wlyt_ID":"Salalah","Gov_ID":"Dhofar Governorate","Road_ID":"105338","Pipe_Diameter":500,"Pipe_Material":" ","Invert_Level_From_m":0,"Invert_Level_To_m":0,"Slop_Percentage":0,"Latitude":17.013842960000002,"Longitude":54.058421680000002,"GlobalID":"{BF9371D2-1706-43C8-9423-4AFB3D0E5310}","NEAR_FID":7830,"NEAR_DIST":5.5998251554140523}},{"type":"Feature","id":1264,"geometry":{"type":"LineString","coordinates":[[186797.08370000031,1883425.8915999997],[186795.95000000019,1883395.8752999995]]},"properties":{"OBJECTID":1264,"Shape_Length":30.037701999242646,"Asset_ID":"DP1264","Name":null,"District_ID":"Mustashfa al Sultan Qboos","Wlyt_ID":"Salalah","Gov_ID":"Dhofar Governorate","Road_ID":"105338","Pipe_Diameter":500,"Pipe_Material":" ","Invert_Level_From_m":0,"Invert_Level_To_m":0,"Slop_Percentage":0,"Latitude":17.013577099999999,"Longitude":54.058420720000001,"GlobalID":"{F02B2124-3C9F-4D29-AE6C-8EA049002933}","NEAR_FID":7830,"NEAR_DIST":5.5998251554140523}},{"type":"Feature","id":1265,"geometry":{"type":"LineString","coordinates":[[186795.95000000019,1883395.8752999995],[186795.79239999969,1883365.1807000004]]},"properties":{"OBJECTID":1265,"Shape_Length":30.695004591395982,"Asset_ID":"DP1265","Name":null,"District_ID":"Mustashfa al Sultan Qboos","Wlyt_ID":"Salalah","Gov_ID":"Dhofar Governorate","Road_ID":"105338","Pipe_Diameter":500,"Pipe_Material":" ","Invert_Level_From_m":0,"Invert_Level_To_m":0,"Slop_Percentage":0,"Latitude":17.013303180000001,"Longitude":54.058418930000002,"GlobalID":"{A3B46DD1-A4FB-4297-AEAB-C13119B6B6E5}","NEAR_FID":7830,"NEAR_DIST":5.336923996618097}},{"type":"Feature","id":1266,"geometry":{"type":"LineString","coordinates":[[186795.79239999969,1883365.1807000004],[186795.55480000004,1883336.0009000003]]},"properties":{"OBJECTID":1266,"Shape_Length":29.18076732716715,"Asset_ID":"DP1266","Name":null,"District_ID":"Mustashfa al Sultan Qboos","Wlyt_ID":"Salalah","Gov_ID":"Dhofar Governorate","Road_ID":"105338","Pipe_Diameter":500,"Pipe_Material":" ","Invert_Level_From_m":0,"Invert_Level_To_m":0,"Slop_Percentage":0,"Latitude":17.013032429999999,"Longitude":54.058421299999999,"GlobalID":"{55BB39F6-F0A4-4734-84D5-07A39541E924}","NEAR_FID":7830,"NEAR_DIST":4.9473508793155094}},{"type":"Feature","id":1267,"geometry":{"type":"LineString","coordinates":[[186795.55480000004,1883336.0009000003],[186794.34939999972,1883305.9631999992]]},"properties":{"OBJECTID":1267,"Shape_Length":30.061876363924718,"Asset_ID":"DP1267","Name":null,"District_ID":"Mustashfa al Sultan Qboos","Wlyt_ID":"Salalah","Gov_ID":"Dhofar Governorate","Road_ID":"105338","Pipe_Diameter":500,"Pipe_Material":" ","Invert_Level_From_m":0,"Invert_Level_To_m":0,"Slop_Percentage":0,"Latitude":17.012764529999998,"Longitude":54.058418709999998,"GlobalID":"{5B1C79F4-1E3B-4CBE-A73E-463656E57BC1}","NEAR_FID":7830,"NEAR_DIST":4.9473508793155094}},{"type":"Feature","id":1268,"geometry":{"type":"LineString","coordinates":[[186783.49920000043,1882677.3082999997],[186783.43890000042,1882637.4572999999]]},"properties":{"OBJECTID":1268,"Shape_Length":39.851045620828749,"Asset_ID":"DP1268","Name":null,"District_ID":"Mustashfa al Sultan Qboos","Wlyt_ID":"Salalah","Gov_ID":"Dhofar Governorate","Road_ID":"105338","Pipe_Diameter":200,"Pipe_Material":" ","Invert_Level_From_m":0,"Invert_Level_To_m":0,"Slop_Percentage":0,"Latitude":17.006772640000001,"Longitude":54.058404170000003,"GlobalID":"{30350DC9-8F13-499F-B5C8-8A1632FF2732}","NEAR_FID":15737,"NEAR_DIST":9.3524817129243836}},{"type":"Feature","id":1269,"geometry":{"type":"LineString","coordinates":[[186783.43890000042,1882637.4572999999],[186786.45839999989,1882637.4963000007]]},"properties":{"OBJECTID":1269,"Shape_Length":3.0197518518693198,"Asset_ID":"DP1269","Name":null,"District_ID":"Mustashfa al Sultan Qboos","Wlyt_ID":"Salalah","Gov_ID":"Dhofar Governorate","Road_ID":"105338","Pipe_Diameter":200,"Pipe_Material":" ","Invert_Level_From_m":0,"Invert_Level_To_m":0,"Slop_Percentage":0,"Latitude":17.006592779999998,"Longitude":54.058421260000003,"GlobalID":"{516FB14E-32A5-4EDC-9702-6700465F4D3B}","NEAR_FID":15737,"NEAR_DIST":6.3496000003069639}},{"type":"Feature","id":1270,"geometry":{"type":"LineString","coordinates":[[186786.45839999989,1882637.4963000007],[186786.56350000016,1882597.3002000004]]},"properties":{"OBJECTID":1270,"Shape_Length":40.196237401572027,"Asset_ID":"DP1270","Name":null,"District_ID":"Mustashfa al Sultan Qboos","Wlyt_ID":"Salalah","Gov_ID":"Dhofar Governorate","Road_ID":"105338","Pipe_Diameter":400,"Pipe_Material":" ","Invert_Level_From_m":0,"Invert_Level_To_m":0,"Slop_Percentage":0,"Latitude":17.006411740000001,"Longitude":54.058438750000001,"GlobalID":"{A0985E97-F30E-4BFC-A5F0-91B660187769}","NEAR_FID":15737,"NEAR_DIST":6.2445000000298023}},{"type":"Feature","id":1271,"geometry":{"type":"LineString","coordinates":[[186783.45720000006,1882597.3997000009],[186786.56350000016,1882597.3002000004]]},"properties":{"OBJECTID":1271,"Shape_Length":3.1078931675211106,"Asset_ID":"DP1271","Name":null,"District_ID":"Mustashfa al Sultan Qboos","Wlyt_ID":"Salalah","Gov_ID":"Dhofar Governorate","Road_ID":"105338","Pipe_Diameter":400,"Pipe_Material":" ","Invert_Level_From_m":0,"Invert_Level_To_m":0,"Slop_Percentage":0,"Latitude":17.006230540000001,"Longitude":54.058427500000001,"GlobalID":"{314DAD95-3363-479B-B668-30ABA8171197}","NEAR_FID":15737,"NEAR_DIST":6.2445000000298023}},{"type":"Feature","id":1272,"geometry":{"type":"LineString","coordinates":[[186786.56350000016,1882597.3002000004],[186787.09049999993,1882557.2180000003]]},"properties":{"OBJECTID":1272,"Shape_Length":40.085664343313226,"Asset_ID":"DP1272","Name":null,"District_ID":"Mustashfa al Sultan Qboos","Wlyt_ID":"Salalah","Gov_ID":"Dhofar Governorate","Road_ID":"105338","Pipe_Diameter":400,"Pipe_Material":" ","Invert_Level_From_m":0,"Invert_Level_To_m":0,"Slop_Percentage":0,"Latitude":17.006048960000001,"Longitude":54.058447860000001,"GlobalID":"{E4FEE7A4-6DA7-4FB8-80A6-98FB9512D81C}","NEAR_FID":15737,"NEAR_DIST":5.8604865918403419}},{"type":"Feature","id":1273,"geometry":{"type":"LineString","coordinates":[[186787.09049999993,1882557.2180000003],[186785.37739999965,1882517.0111999996]]},"properties":{"OBJECTID":1273,"Shape_Length":40.243278667507305,"Asset_ID":"DP1273","Name":null,"District_ID":"Mustashfa al Sultan Qboos","Wlyt_ID":"Salalah","Gov_ID":"Dhofar Governorate","Road_ID":"105338","Pipe_Diameter":400,"Pipe_Material":" ","Invert_Level_From_m":0,"Invert_Level_To_m":0,"Slop_Percentage":0,"Latitude":17.005686470000001,"Longitude":54.058447960000002,"GlobalID":"{0CA0E1A8-DBB5-4CF4-A542-38766B4A41F7}","NEAR_FID":15737,"NEAR_DIST":5.8708525053172682}},{"type":"Feature","id":1274,"geometry":{"type":"LineString","coordinates":[[186785.37739999965,1882517.0111999996],[186790.20490000024,1882477.0766000003]]},"properties":{"OBJECTID":1274,"Shape_Length":40.225328256745307,"Asset_ID":"DP1274","Name":null,"District_ID":"Mustashfa al Sultan Qboos","Wlyt_ID":"Salalah","Gov_ID":"Dhofar Governorate","Road_ID":"100002","Pipe_Diameter":500,"Pipe_Material":" ","Invert_Level_From_m":0,"Invert_Level_To_m":0,"Slop_Percentage":0,"Latitude":17.0053254,"Longitude":54.058467729999997,"GlobalID":"{1EF04B3F-DD24-4522-9585-78D71D877827}","NEAR_FID":7660,"NEAR_DIST":1.0023153846335633}},{"type":"Feature","id":1275,"geometry":{"type":"LineString","coordinates":[[186793.05109999981,1883277.8934000004],[186794.34939999972,1883305.9631999992]]},"properties":{"OBJECTID":1275,"Shape_Length":28.099808804705347,"Asset_ID":"DP1275","Name":null,"District_ID":"Mustashfa al Sultan Qboos","Wlyt_ID":"Salalah","Gov_ID":"Dhofar Governorate","Road_ID":"105338","Pipe_Diameter":600,"Pipe_Material":" ","Invert_Level_From_m":0,"Invert_Level_To_m":0,"Slop_Percentage":0,"Latitude":17.012502449999999,"Longitude":54.058410930000001,"GlobalID":"{3710CBE9-8484-406A-8E82-8A310D2B191B}","NEAR_FID":7830,"NEAR_DIST":5.5069166560235345}},{"type":"Feature","id":1276,"geometry":{"type":"LineString","coordinates":[[186790.80140000023,1883197.5164999999],[186793.05109999981,1883277.8934000004]]},"properties":{"OBJECTID":1276,"Shape_Length":80.4083776964696,"Asset_ID":"DP1276","Name":null,"District_ID":"Mustashfa al Sultan Qboos","Wlyt_ID":"Salalah","Gov_ID":"Dhofar Governorate","Road_ID":"105338","Pipe_Diameter":600,"Pipe_Material":" ","Invert_Level_From_m":0,"Invert_Level_To_m":0,"Slop_Percentage":0,"Latitude":17.0120127,"Longitude":54.058401940000003,"GlobalID":"{CC670FFF-F95A-4E99-8574-A5F8BAA4392C}","NEAR_FID":18235,"NEAR_DIST":5.4215896862474953}},{"type":"Feature","id":1277,"geometry":{"type":"LineString","coordinates":[[186789.36129999999,1883157.7872000001],[186790.80140000023,1883197.5164999999]]},"properties":{"OBJECTID":1277,"Shape_Length":39.75539166556775,"Asset_ID":"DP1277","Name":null,"District_ID":"Mustashfa al Sultan Qboos","Wlyt_ID":"Salalah","Gov_ID":"Dhofar Governorate","Road_ID":"105338","Pipe_Diameter":600,"Pipe_Material":" ","Invert_Level_From_m":0,"Invert_Level_To_m":0,"Slop_Percentage":0,"Latitude":17.011469940000001,"Longitude":54.05839323,"GlobalID":"{0F0198A0-85B4-485D-ACD7-8EFC2B5DDB32}","NEAR_FID":18235,"NEAR_DIST":5.4215896862474953}},{"type":"Feature","id":1278,"geometry":{"type":"LineString","coordinates":[[186788.80680000037,1883139.3007999994],[186789.36129999999,1883157.7872000001]]},"properties":{"OBJECTID":1278,"Shape_Length":18.494714251302881,"Asset_ID":"DP1278","Name":null,"District_ID":"Mustashfa al Sultan Qboos","Wlyt_ID":"Salalah","Gov_ID":"Dhofar Governorate","Road_ID":"105338","Pipe_Diameter":600,"Pipe_Material":" ","Invert_Level_From_m":0,"Invert_Level_To_m":0,"Slop_Percentage":0,"Latitude":17.011207039999999,"Longitude":54.058387979999999,"GlobalID":"{B283EB95-E0AD-43E7-8F88-F29A8840E9A0}","NEAR_FID":18235,"NEAR_DIST":5.7295581234210067}},{"type":"Feature","id":1279,"geometry":{"type":"LineString","coordinates":[[186788.11849999987,1883117.9104999993],[186788.80680000037,1883139.3007999994]]},"properties":{"OBJECTID":1279,"Shape_Length":21.401371240749757,"Asset_ID":"DP1279","Name":null,"District_ID":"Mustashfa al Sultan Qboos","Wlyt_ID":"Salalah","Gov_ID":"Dhofar Governorate","Road_ID":"105338","Pipe_Diameter":600,"Pipe_Material":" ","Invert_Level_From_m":0,"Invert_Level_To_m":0,"Slop_Percentage":0,"Latitude":17.011026959999999,"Longitude":54.058384959999998,"GlobalID":"{BCBC5860-086F-4D53-B557-B78BC9E598B2}","NEAR_FID":18235,"NEAR_DIST":5.7932468486194866}},{"type":"Feature","id":1280,"geometry":{"type":"LineString","coordinates":[[186786.99469999969,1883077.6499000005],[186788.11849999987,1883117.9104999993]]},"properties":{"OBJECTID":1280,"Shape_Length":40.276281341508266,"Asset_ID":"DP1280","Name":null,"District_ID":"Mustashfa al Sultan Qboos","Wlyt_ID":"Salalah","Gov_ID":"Dhofar Governorate","Road_ID":"105338","Pipe_Diameter":600,"Pipe_Material":" ","Invert_Level_From_m":0,"Invert_Level_To_m":0,"Slop_Percentage":0,"Latitude":17.01074856,"Longitude":54.058380810000003,"GlobalID":"{C64E9CE4-A1B4-4AE8-9D2D-8E87E18E51AE}","NEAR_FID":18235,"NEAR_DIST":5.9634150230970837}},{"type":"Feature","id":1281,"geometry":{"type":"LineString","coordinates":[[186783.57980000041,1883037.4932000004],[186786.99469999969,1883077.6499000005]]},"properties":{"OBJECTID":1281,"Shape_Length":40.301638886135358,"Asset_ID":"DP1281","Name":null,"District_ID":"Mustashfa al Sultan Qboos","Wlyt_ID":"Salalah","Gov_ID":"Dhofar Governorate","Road_ID":"105338","Pipe_Diameter":600,"Pipe_Material":" ","Invert_Level_From_m":0,"Invert_Level_To_m":0,"Slop_Percentage":0,"Latitude":17.01038526,"Longitude":54.058365190000004,"GlobalID":"{A4AA4F94-E00B-43CB-BBBD-DE67CF8D8E46}","NEAR_FID":18235,"NEAR_DIST":6.2470423355344051}},{"type":"Feature","id":1282,"geometry":{"type":"LineString","coordinates":[[186783.09489999991,1882989.4515000004],[186783.57980000041,1883037.4932000004]]},"properties":{"OBJECTID":1282,"Shape_Length":48.044147061791499,"Asset_ID":"DP1282","Name":null,"District_ID":"Mustashfa al Sultan Qboos","Wlyt_ID":"Salalah","Gov_ID":"Dhofar Governorate","Road_ID":"105356","Pipe_Diameter":500,"Pipe_Material":" ","Invert_Level_From_m":0,"Invert_Level_To_m":0,"Slop_Percentage":0,"Latitude":17.00998689,"Longitude":54.058353109999999,"GlobalID":"{2A24A1B8-BB3D-4B3F-A304-1A69AD1E81E8}","NEAR_FID":13109,"NEAR_DIST":0}},{"type":"Feature","id":1283,"geometry":{"type":"LineString","coordinates":[[186783.57189999986,1882957.4691000003],[186783.09489999991,1882989.4515000004]]},"properties":{"OBJECTID":1283,"Shape_Length":31.985956899334081,"Asset_ID":"DP1283","Name":null,"District_ID":"Mustashfa al Sultan Qboos","Wlyt_ID":"Salalah","Gov_ID":"Dhofar Governorate","Road_ID":"105356","Pipe_Diameter":500,"Pipe_Material":" ","Invert_Level_From_m":0,"Invert_Level_To_m":0,"Slop_Percentage":0,"Latitude":17.009625679999999,"Longitude":54.058358720000001,"GlobalID":"{1E149007-590C-4A7F-97F4-17369AD1A8CB}","NEAR_FID":13109,"NEAR_DIST":2.4600033748317118}},{"type":"Feature","id":1284,"geometry":{"type":"LineString","coordinates":[[186786.59059999976,1882914.6663000006],[186783.57189999986,1882957.4691000003]]},"properties":{"OBJECTID":1284,"Shape_Length":42.909116018684145,"Asset_ID":"DP1284","Name":null,"District_ID":"Mustashfa al Sultan Qboos","Wlyt_ID":"Salalah","Gov_ID":"Dhofar Governorate","Road_ID":"105338","Pipe_Diameter":500,"Pipe_Material":" ","Invert_Level_From_m":0,"Invert_Level_To_m":0,"Slop_Percentage":0,"Latitude":17.009288349999999,"Longitude":54.058380390000004,"GlobalID":"{CB8CD948-789C-46CB-9A87-90C3F4A2DE8E}","NEAR_FID":7773,"NEAR_DIST":6.4026620363613844}},{"type":"Feature","id":1285,"geometry":{"type":"LineString","coordinates":[[186786.4924999997,1882877.3914999999],[186786.59059999976,1882914.6663000006]]},"properties":{"OBJECTID":1285,"Shape_Length":37.274929090517553,"Asset_ID":"DP1285","Name":null,"District_ID":"Mustashfa al Sultan Qboos","Wlyt_ID":"Salalah","Gov_ID":"Dhofar Governorate","Road_ID":"105338","Pipe_Diameter":400,"Pipe_Material":" ","Invert_Level_From_m":0,"Invert_Level_To_m":0,"Slop_Percentage":0,"Latitude":17.008927100000001,"Longitude":54.058399739999999,"GlobalID":"{2C801809-32CD-4879-A2BF-4190482AE846}","NEAR_FID":7773,"NEAR_DIST":6.4026620363613844}},{"type":"Feature","id":1286,"geometry":{"type":"LineString","coordinates":[[186786.58920000028,1882837.4990999997],[186786.4924999997,1882877.3914999999]]},"properties":{"OBJECTID":1286,"Shape_Length":39.892517201470369,"Asset_ID":"DP1286","Name":null,"District_ID":"Mustashfa al Sultan Qboos","Wlyt_ID":"Salalah","Gov_ID":"Dhofar Governorate","Road_ID":"105338","Pipe_Diameter":400,"Pipe_Material":" ","Invert_Level_From_m":0,"Invert_Level_To_m":0,"Slop_Percentage":0,"Latitude":17.008578780000001,"Longitude":54.058405180000001,"GlobalID":"{5D2C77C5-29CC-4765-AE23-EF3D81792A16}","NEAR_FID":7773,"NEAR_DIST":6.0639998033824583}},{"type":"Feature","id":1287,"geometry":{"type":"LineString","coordinates":[[186786.49019999988,1882797.4071999993],[186786.58920000028,1882837.4990999997]]},"properties":{"OBJECTID":1287,"Shape_Length":40.092022231836069,"Asset_ID":"DP1287","Name":null,"District_ID":"Mustashfa al Sultan Qboos","Wlyt_ID":"Salalah","Gov_ID":"Dhofar Governorate","Road_ID":"105338","Pipe_Diameter":400,"Pipe_Material":" ","Invert_Level_From_m":0,"Invert_Level_To_m":0,"Slop_Percentage":0,"Latitude":17.00821775,"Longitude":54.058410809999998,"GlobalID":"{C75AF6C7-5251-4065-9C34-5C7A66CE164A}","NEAR_FID":7773,"NEAR_DIST":5.8587998132123982}},{"type":"Feature","id":1288,"geometry":{"type":"LineString","coordinates":[[186783.59819999989,1882757.4173000008],[186785.66380000021,1882757.3783]]},"properties":{"OBJECTID":1288,"Shape_Length":2.065968141427271,"Asset_ID":"DP1288","Name":null,"District_ID":"Mustashfa al Sultan Qboos","Wlyt_ID":"Salalah","Gov_ID":"Dhofar Governorate","Road_ID":"105338","Pipe_Diameter":400,"Pipe_Material":" ","Invert_Level_From_m":0,"Invert_Level_To_m":0,"Slop_Percentage":0,"Latitude":17.007675339999999,"Longitude":54.058401369999999,"GlobalID":"{2D2ECE98-7B6B-463C-B243-D5107A526292}","NEAR_FID":7773,"NEAR_DIST":7.1705567265336692}},{"type":"Feature","id":1289,"geometry":{"type":"LineString","coordinates":[[186785.66380000021,1882757.3783],[186786.49019999988,1882797.4071999993]]},"properties":{"OBJECTID":1289,"Shape_Length":40.037429639229465,"Asset_ID":"DP1289","Name":null,"District_ID":"Mustashfa al Sultan Qboos","Wlyt_ID":"Salalah","Gov_ID":"Dhofar Governorate","Road_ID":"105338","Pipe_Diameter":400,"Pipe_Material":" ","Invert_Level_From_m":0,"Invert_Level_To_m":0,"Slop_Percentage":0,"Latitude":17.00785604,"Longitude":54.058412109999999,"GlobalID":"{9D98CF7E-A694-462D-BE47-F04188EA47A6}","NEAR_FID":7773,"NEAR_DIST":5.8587998132123982}},{"type":"Feature","id":1290,"geometry":{"type":"LineString","coordinates":[[186783.61259999964,1882717.4296000004],[186783.59819999989,1882757.4173000008]]},"properties":{"OBJECTID":1290,"Shape_Length":39.987702593202421,"Asset_ID":"DP1290","Name":null,"District_ID":"Mustashfa al Sultan Qboos","Wlyt_ID":"Salalah","Gov_ID":"Dhofar Governorate","Road_ID":"105512","Pipe_Diameter":200,"Pipe_Material":" ","Invert_Level_From_m":0,"Invert_Level_To_m":0,"Slop_Percentage":0,"Latitude":17.007494879999999,"Longitude":54.058394560000004,"GlobalID":"{CF84F329-D584-41EE-A72C-C7E9DCB62687}","NEAR_FID":6552,"NEAR_DIST":0}},{"type":"Feature","id":1291,"geometry":{"type":"LineString","coordinates":[[186815.38669999968,1882675.0648999996],[186815.43580000009,1882637.5352999996]]},"properties":{"OBJECTID":1291,"Shape_Length":37.52963211877664,"Asset_ID":"DP1291","Name":null,"District_ID":"al Wadi","Wlyt_ID":"Salalah","Gov_ID":"Dhofar Governorate","Road_ID":"105354","Pipe_Diameter":200,"Pipe_Material":" ","Invert_Level_From_m":0,"Invert_Level_To_m":0,"Slop_Percentage":0,"Latitude":17.006766850000002,"Longitude":54.058704419999998,"GlobalID":"{D06E4B0C-B65B-4385-9589-CCD71FAEBFBF}","NEAR_FID":9081,"NEAR_DIST":0}},{"type":"Feature","id":1292,"geometry":{"type":"LineString","coordinates":[[186815.43580000009,1882637.5352999996],[186815.3646999998,1882597.6118999999]]},"properties":{"OBJECTID":1292,"Shape_Length":39.923463311054327,"Asset_ID":"DP1292","Name":null,"District_ID":"al Wadi","Wlyt_ID":"Salalah","Gov_ID":"Dhofar Governorate","Road_ID":"105510","Pipe_Diameter":400,"Pipe_Material":" ","Invert_Level_From_m":0,"Invert_Level_To_m":0,"Slop_Percentage":0,"Latitude":17.006417240000001,"Longitude":54.058709780000001,"GlobalID":"{B7E5B616-5DAF-4D5B-BBB0-970FFF8AFA5A}","NEAR_FID":9340,"NEAR_DIST":0}},{"type":"Feature","id":1293,"geometry":{"type":"LineString","coordinates":[[186815.3646999998,1882597.6118999999],[186815.85830000043,1882558.0255999994]]},"properties":{"OBJECTID":1293,"Shape_Length":39.589377220335692,"Asset_ID":"DP1293","Name":null,"District_ID":"al Wadi","Wlyt_ID":"Salalah","Gov_ID":"Dhofar Governorate","Road_ID":"105471","Pipe_Diameter":400,"Pipe_Material":" ","Invert_Level_From_m":0,"Invert_Level_To_m":0,"Slop_Percentage":0,"Latitude":17.006057800000001,"Longitude":54.058717379999997,"GlobalID":"{9EAB0AE0-CD7C-4153-9BAB-7EC48E7FB55E}","NEAR_FID":8705,"NEAR_DIST":0}},{"type":"Feature","id":1294,"geometry":{"type":"LineString","coordinates":[[186815.63750000019,1882518.2094000001],[186814.78450000007,1882478.0098000001]]},"properties":{"OBJECTID":1294,"Shape_Length":40.208648934712194,"Asset_ID":"DP1294","Name":null,"District_ID":"al Wadi","Wlyt_ID":"Salalah","Gov_ID":"Dhofar Governorate","Road_ID":"105469","Pipe_Diameter":500,"Pipe_Material":" ","Invert_Level_From_m":0,"Invert_Level_To_m":0,"Slop_Percentage":0,"Latitude":17.00533862,"Longitude":54.058725320000001,"GlobalID":"{C002EABA-FDFB-4CC8-8A9A-A43013A6256E}","NEAR_FID":9618,"NEAR_DIST":0}},{"type":"Feature","id":1295,"geometry":{"type":"LineString","coordinates":[[186815.85830000043,1882558.0255999994],[186815.63750000019,1882518.2094000001]]},"properties":{"OBJECTID":1295,"Shape_Length":39.816812215753458,"Asset_ID":"DP1295","Name":null,"District_ID":"al Wadi","Wlyt_ID":"Salalah","Gov_ID":"Dhofar Governorate","Road_ID":"105470","Pipe_Diameter":400,"Pipe_Material":" ","Invert_Level_From_m":0,"Invert_Level_To_m":0,"Slop_Percentage":0,"Latitude":17.005699280000002,"Longitude":54.058724730000002,"GlobalID":"{5DC69156-C3F1-4070-8A4E-57DE298950A1}","NEAR_FID":4744,"NEAR_DIST":0}},{"type":"Feature","id":1296,"geometry":{"type":"LineString","coordinates":[[186790.20490000024,1882477.0766000003],[186803.78320000041,1882442.1664000005]]},"properties":{"OBJECTID":1296,"Shape_Length":37.457873603840028,"Asset_ID":"DP1296","Name":null,"District_ID":"Mustashfa al Sultan Qboos","Wlyt_ID":"Salalah","Gov_ID":"Dhofar Governorate","Road_ID":"100002","Pipe_Diameter":500,"Pipe_Material":" ","Invert_Level_From_m":0,"Invert_Level_To_m":0,"Slop_Percentage":0,"Latitude":17.004988820000001,"Longitude":54.058559350000003,"GlobalID":"{629AF916-44B7-458F-B047-9545C7F4A558}","NEAR_FID":7660,"NEAR_DIST":0}},{"type":"Feature","id":1297,"geometry":{"type":"LineString","coordinates":[[186814.78450000007,1882478.0098000001],[186803.78320000041,1882442.1664000005]]},"properties":{"OBJECTID":1297,"Shape_Length":37.493705141240071,"Asset_ID":"DP1297","Name":null,"District_ID":"Mustashfa al Sultan Qboos","Wlyt_ID":"Salalah","Gov_ID":"Dhofar Governorate","Road_ID":"105338","Pipe_Diameter":500,"Pipe_Material":" ","Invert_Level_From_m":0,"Invert_Level_To_m":0,"Slop_Percentage":0,"Latitude":17.004994700000001,"Longitude":54.058674600000003,"GlobalID":"{6278BD3A-D0AD-4F8F-A099-7036D4633EE0}","NEAR_FID":4934,"NEAR_DIST":0}},{"type":"Feature","id":1298,"geometry":{"type":"LineString","coordinates":[[186815.49849999975,1882717.5524000004],[186800.8069000002,1882717.6667999998]]},"properties":{"OBJECTID":1298,"Shape_Length":14.692045395613459,"Asset_ID":"DP1298","Name":null,"District_ID":"al Wadi","Wlyt_ID":"Salalah","Gov_ID":"Dhofar Governorate","Road_ID":"105338","Pipe_Diameter":200,"Pipe_Material":" ","Invert_Level_From_m":0,"Invert_Level_To_m":0,"Slop_Percentage":0,"Latitude":17.007319339999999,"Longitude":54.05862767,"GlobalID":"{75AB5137-474D-48A7-847B-22DD76C5AAE6}","NEAR_FID":15956,"NEAR_DIST":0}},{"type":"Feature","id":1299,"geometry":{"type":"LineString","coordinates":[[186815.61899999995,1882757.4690000005],[186800.62820000015,1882757.5787000004]]},"properties":{"OBJECTID":1299,"Shape_Length":14.99120137693642,"Asset_ID":"DP1299","Name":null,"District_ID":"al Wadi","Wlyt_ID":"Salalah","Gov_ID":"Dhofar Governorate","Road_ID":"105338","Pipe_Diameter":200,"Pipe_Material":" ","Invert_Level_From_m":0,"Invert_Level_To_m":0,"Slop_Percentage":0,"Latitude":17.007679660000001,"Longitude":54.058621770000002,"GlobalID":"{357DEF74-F69F-429B-A1BD-A79F4048BB20}","NEAR_FID":15956,"NEAR_DIST":0}},{"type":"Feature","id":1300,"geometry":{"type":"LineString","coordinates":[[186800.8069000002,1882717.6667999998],[186800.62820000015,1882757.5787000004]]},"properties":{"OBJECTID":1300,"Shape_Length":39.91230005088206,"Asset_ID":"DP1300","Name":null,"District_ID":"al Wadi","Wlyt_ID":"Salalah","Gov_ID":"Dhofar Governorate","Road_ID":"105338","Pipe_Diameter":400,"Pipe_Material":" ","Invert_Level_From_m":0,"Invert_Level_To_m":0,"Slop_Percentage":0,"Latitude":17.007498999999999,"Longitude":54.058555089999999,"GlobalID":"{30B1529B-D4D6-4182-98F6-74E97222AAD9}","NEAR_FID":15956,"NEAR_DIST":3.5103236036685357}},{"type":"Feature","id":1301,"geometry":{"type":"LineString","coordinates":[[186810.87590000033,1882797.4694999997],[186800.69350000005,1882797.5610000007]]},"properties":{"OBJECTID":1301,"Shape_Length":10.182811105776418,"Asset_ID":"DP1301","Name":null,"District_ID":"al Wadi","Wlyt_ID":"Salalah","Gov_ID":"Dhofar Governorate","Road_ID":"105338","Pipe_Diameter":200,"Pipe_Material":" ","Invert_Level_From_m":0,"Invert_Level_To_m":0,"Slop_Percentage":0,"Latitude":17.00804037,"Longitude":54.058594190000001,"GlobalID":"{336504C2-586C-4E9F-8492-613284B16C3F}","NEAR_FID":15956,"NEAR_DIST":0}},{"type":"Feature","id":1302,"geometry":{"type":"LineString","coordinates":[[186800.62820000015,1882757.5787000004],[186800.69350000005,1882797.5610000007]]},"properties":{"OBJECTID":1302,"Shape_Length":39.982353324950708,"Asset_ID":"DP1302","Name":null,"District_ID":"al Wadi","Wlyt_ID":"Salalah","Gov_ID":"Dhofar Governorate","Road_ID":"105338","Pipe_Diameter":400,"Pipe_Material":" ","Invert_Level_From_m":0,"Invert_Level_To_m":0,"Slop_Percentage":0,"Latitude":17.007859620000001,"Longitude":54.05854892,"GlobalID":"{DC21B4FD-DBD2-4D35-ADB9-52FE06DE0CB9}","NEAR_FID":15956,"NEAR_DIST":3.8912060087374654}},{"type":"Feature","id":1303,"geometry":{"type":"LineString","coordinates":[[186800.69350000005,1882797.5610000007],[186800.6512000002,1882837.5570999999]]},"properties":{"OBJECTID":1303,"Shape_Length":39.99612236747398,"Asset_ID":"DP1303","Name":null,"District_ID":"al Wadi","Wlyt_ID":"Salalah","Gov_ID":"Dhofar Governorate","Road_ID":"105338","Pipe_Diameter":400,"Pipe_Material":" ","Invert_Level_From_m":0,"Invert_Level_To_m":0,"Slop_Percentage":0,"Latitude":17.008220619999999,"Longitude":54.058543389999997,"GlobalID":"{4D15F637-41FE-4188-8F9C-114E64C00E2D}","NEAR_FID":15956,"NEAR_DIST":4.1840670112813836}},{"type":"Feature","id":1304,"geometry":{"type":"LineString","coordinates":[[186815.1325000003,1882837.1309999991],[186800.6512000002,1882837.5570999999]]},"properties":{"OBJECTID":1304,"Shape_Length":14.487567459845168,"Asset_ID":"DP1304","Name":null,"District_ID":"al Wadi","Wlyt_ID":"Salalah","Gov_ID":"Dhofar Governorate","Road_ID":"105338","Pipe_Diameter":200,"Pipe_Material":" ","Invert_Level_From_m":0,"Invert_Level_To_m":0,"Slop_Percentage":0,"Latitude":17.008400210000001,"Longitude":54.058608339999999,"GlobalID":"{B4DE1481-8795-4DBD-89E7-35E61D9F5FF4}","NEAR_FID":15956,"NEAR_DIST":0}},{"type":"Feature","id":1305,"geometry":{"type":"LineString","coordinates":[[186800.6512000002,1882837.5570999999],[186800.62820000015,1882877.4711000007]]},"properties":{"OBJECTID":1305,"Shape_Length":39.914006627551643,"Asset_ID":"DP1305","Name":null,"District_ID":"al Wadi","Wlyt_ID":"Salalah","Gov_ID":"Dhofar Governorate","Road_ID":"105338","Pipe_Diameter":400,"Pipe_Material":" ","Invert_Level_From_m":0,"Invert_Level_To_m":0,"Slop_Percentage":0,"Latitude":17.00858131,"Longitude":54.058537450000003,"GlobalID":"{3DFCF9DD-0ED3-40C6-90E9-00BBF217B647}","NEAR_FID":15956,"NEAR_DIST":4.5846598154462477}},{"type":"Feature","id":1306,"geometry":{"type":"LineString","coordinates":[[186814.91750000045,1882877.3783999998],[186800.62820000015,1882877.4711000007]]},"properties":{"OBJECTID":1306,"Shape_Length":14.289600686813817,"Asset_ID":"DP1306","Name":null,"District_ID":"al Wadi","Wlyt_ID":"Salalah","Gov_ID":"Dhofar Governorate","Road_ID":"105338","Pipe_Diameter":200,"Pipe_Material":" ","Invert_Level_From_m":0,"Invert_Level_To_m":0,"Slop_Percentage":0,"Latitude":17.00876203,"Longitude":54.05860157,"GlobalID":"{6F4CD6C1-291A-4713-AC7B-7F6B317AD58C}","NEAR_FID":15956,"NEAR_DIST":0}},{"type":"Feature","id":1307,"geometry":{"type":"LineString","coordinates":[[186800.62820000015,1882877.4711000007],[186800.73579999991,1882907.3916999996]]},"properties":{"OBJECTID":1307,"Shape_Length":29.920793473009642,"Asset_ID":"DP1307","Name":null,"District_ID":"al Wadi","Wlyt_ID":"Salalah","Gov_ID":"Dhofar Governorate","Road_ID":"105338","Pipe_Diameter":400,"Pipe_Material":" ","Invert_Level_From_m":0,"Invert_Level_To_m":0,"Slop_Percentage":0,"Latitude":17.008896539999999,"Longitude":54.058532919999998,"GlobalID":"{9B1CECDD-31DD-4F69-8B3E-67704C96886F}","NEAR_FID":15956,"NEAR_DIST":4.9652389665550052}},{"type":"Feature","id":1308,"geometry":{"type":"LineString","coordinates":[[186800.73579999991,1882907.3916999996],[186813.09630000032,1882907.4154000003]]},"properties":{"OBJECTID":1308,"Shape_Length":12.360522721565962,"Asset_ID":"DP1308","Name":null,"District_ID":"al Wadi","Wlyt_ID":"Salalah","Gov_ID":"Dhofar Governorate","Road_ID":"105338","Pipe_Diameter":400,"Pipe_Material":" ","Invert_Level_From_m":0,"Invert_Level_To_m":0,"Slop_Percentage":0,"Latitude":17.009032550000001,"Longitude":54.058589300000001,"GlobalID":"{8FFEF50E-5717-446A-A6ED-17B571D9EF20}","NEAR_FID":15956,"NEAR_DIST":0}},{"type":"Feature","id":1309,"geometry":{"type":"LineString","coordinates":[[186813.09630000032,1882907.4154000003],[186812.45500000007,1882957.4166000001]]},"properties":{"OBJECTID":1309,"Shape_Length":50.005312388912614,"Asset_ID":"DP1309","Name":null,"District_ID":"al Wadi","Wlyt_ID":"Salalah","Gov_ID":"Dhofar Governorate","Road_ID":"105372","Pipe_Diameter":500,"Pipe_Material":" ","Invert_Level_From_m":0,"Invert_Level_To_m":0,"Slop_Percentage":0,"Latitude":17.009259010000001,"Longitude":54.058641129999998,"GlobalID":"{92263C75-EF02-4FD7-A63D-668C2A1ED3F7}","NEAR_FID":5851,"NEAR_DIST":0}},{"type":"Feature","id":1310,"geometry":{"type":"LineString","coordinates":[[186812.45500000007,1882957.4166000001],[186812.54839999974,1882997.4206000008]]},"properties":{"OBJECTID":1310,"Shape_Length":40.004109034102918,"Asset_ID":"DP1310","Name":null,"District_ID":"al Wadi","Wlyt_ID":"Salalah","Gov_ID":"Dhofar Governorate","Road_ID":"105372","Pipe_Diameter":500,"Pipe_Material":" ","Invert_Level_From_m":0,"Invert_Level_To_m":0,"Slop_Percentage":0,"Latitude":17.00966524,"Longitude":54.058632209999999,"GlobalID":"{C3BA2ADD-4E71-421E-AEAC-5FE9F12A0D15}","NEAR_FID":5851,"NEAR_DIST":2.5105505316815249}},{"type":"Feature","id":1311,"geometry":{"type":"LineString","coordinates":[[186812.54839999974,1882997.4206000008],[186812.54509999976,1883037.4096000008]]},"properties":{"OBJECTID":1311,"Shape_Length":39.989000136222046,"Asset_ID":"DP1311","Name":null,"District_ID":"al Wadi","Wlyt_ID":"Salalah","Gov_ID":"Dhofar Governorate","Road_ID":"105338","Pipe_Diameter":500,"Pipe_Material":" ","Invert_Level_From_m":0,"Invert_Level_To_m":0,"Slop_Percentage":0,"Latitude":17.010026450000002,"Longitude":54.058626619999998,"GlobalID":"{CA06C14C-0BFB-483E-AEB0-E73649550A8A}","NEAR_FID":17932,"NEAR_DIST":5.326600903047213}},{"type":"Feature","id":1312,"geometry":{"type":"LineString","coordinates":[[186812.54509999976,1883037.4096000008],[186813.0148,1883077.4003999997]]},"properties":{"OBJECTID":1312,"Shape_Length":39.993558264293227,"Asset_ID":"DP1312","Name":null,"District_ID":"al Wadi","Wlyt_ID":"Salalah","Gov_ID":"Dhofar Governorate","Road_ID":"105338","Pipe_Diameter":600,"Pipe_Material":" ","Invert_Level_From_m":0,"Invert_Level_To_m":0,"Slop_Percentage":0,"Latitude":17.010387489999999,"Longitude":54.058623169999997,"GlobalID":"{DEA3ADEC-A67B-44A2-933F-89C251ACC2A5}","NEAR_FID":17932,"NEAR_DIST":4.3150504851814135}},{"type":"Feature","id":1313,"geometry":{"type":"LineString","coordinates":[[186813.0148,1883077.4003999997],[186814.71669999976,1883117.5019000005]]},"properties":{"OBJECTID":1313,"Shape_Length":40.137597909238345,"Asset_ID":"DP1313","Name":null,"District_ID":"al Wadi","Wlyt_ID":"Salalah","Gov_ID":"Dhofar Governorate","Road_ID":"105338","Pipe_Diameter":600,"Pipe_Material":" ","Invert_Level_From_m":0,"Invert_Level_To_m":0,"Slop_Percentage":0,"Latitude":17.01074916,"Longitude":54.058627710000003,"GlobalID":"{29C45A47-DCC0-46E6-8AC4-E07E4385AD9F}","NEAR_FID":17932,"NEAR_DIST":4.3150504851814135}},{"type":"Feature","id":1314,"geometry":{"type":"LineString","coordinates":[[186814.71669999976,1883117.5019000005],[186817.57349999994,1883138.9467999991]]},"properties":{"OBJECTID":1314,"Shape_Length":21.634348665749719,"Asset_ID":"DP1314","Name":null,"District_ID":"al Wadi","Wlyt_ID":"Salalah","Gov_ID":"Dhofar Governorate","Road_ID":"105338","Pipe_Diameter":600,"Pipe_Material":" ","Invert_Level_From_m":0,"Invert_Level_To_m":0,"Slop_Percentage":0,"Latitude":17.01102727,"Longitude":54.058644749999999,"GlobalID":"{C632257A-127F-43A1-872D-6830AA10EF2D}","NEAR_FID":17932,"NEAR_DIST":4.4804103271113194}},{"type":"Feature","id":1315,"geometry":{"type":"LineString","coordinates":[[186817.57349999994,1883138.9467999991],[186818.16660000011,1883157.3745000008]]},"properties":{"OBJECTID":1315,"Shape_Length":18.43724206503158,"Asset_ID":"DP1315","Name":null,"District_ID":"al Wadi","Wlyt_ID":"Salalah","Gov_ID":"Dhofar Governorate","Road_ID":"105338","Pipe_Diameter":600,"Pipe_Material":" ","Invert_Level_From_m":0,"Invert_Level_To_m":0,"Slop_Percentage":0,"Latitude":17.011207479999999,"Longitude":54.058658129999998,"GlobalID":"{DF67D8E1-7C29-43CD-9208-B96000359E3C}","NEAR_FID":17932,"NEAR_DIST":6.909326791497894}},{"type":"Feature","id":1316,"geometry":{"type":"LineString","coordinates":[[186818.16660000011,1883157.3745000008],[186819.94170000032,1883201.2401000001]]},"properties":{"OBJECTID":1316,"Shape_Length":43.901501606447468,"Asset_ID":"DP1316","Name":null,"District_ID":"al Wadi","Wlyt_ID":"Salalah","Gov_ID":"Dhofar Governorate","Road_ID":"105347","Pipe_Diameter":600,"Pipe_Material":" ","Invert_Level_From_m":0,"Invert_Level_To_m":0,"Slop_Percentage":0,"Latitude":17.01148882,"Longitude":54.058664839999999,"GlobalID":"{FE1B6E2A-62A6-4B31-8B05-81590F38B29D}","NEAR_FID":4468,"NEAR_DIST":0}},{"type":"Feature","id":1317,"geometry":{"type":"LineString","coordinates":[[186819.94170000032,1883201.2401000001],[186820.05750000011,1883237.3756000008]]},"properties":{"OBJECTID":1317,"Shape_Length":36.135685546935868,"Asset_ID":"DP1317","Name":null,"District_ID":"al Wadi","Wlyt_ID":"Salalah","Gov_ID":"Dhofar Governorate","Road_ID":"105338","Pipe_Diameter":600,"Pipe_Material":" ","Invert_Level_From_m":0,"Invert_Level_To_m":0,"Slop_Percentage":0,"Latitude":17.01185006,"Longitude":54.058668070000003,"GlobalID":"{1363F762-E65C-4292-B7F2-C0094DA43D00}","NEAR_FID":12907,"NEAR_DIST":7.1527624272030215}},{"type":"Feature","id":1318,"geometry":{"type":"LineString","coordinates":[[186820.05750000011,1883237.3756000008],[186818.95569999982,1883277.3471000008]]},"properties":{"OBJECTID":1318,"Shape_Length":39.986682476662885,"Asset_ID":"DP1318","Name":null,"District_ID":"al Wadi","Wlyt_ID":"Salalah","Gov_ID":"Dhofar Governorate","Road_ID":"105342","Pipe_Diameter":600,"Pipe_Material":" ","Invert_Level_From_m":0,"Invert_Level_To_m":0,"Slop_Percentage":0,"Latitude":17.012193750000002,"Longitude":54.0586585,"GlobalID":"{B1F5F7CF-B8B4-4898-B7B2-6451BA5D5F96}","NEAR_FID":13898,"NEAR_DIST":0}},{"type":"Feature","id":1319,"geometry":{"type":"LineString","coordinates":[[186818.95569999982,1883277.3471000008],[186826.95170000009,1883304.0664000008]]},"properties":{"OBJECTID":1319,"Shape_Length":27.890087997248219,"Asset_ID":"DP1319","Name":null,"District_ID":"al Wadi","Wlyt_ID":"Salalah","Gov_ID":"Dhofar Governorate","Road_ID":"105338","Pipe_Diameter":600,"Pipe_Material":" ","Invert_Level_From_m":0,"Invert_Level_To_m":0,"Slop_Percentage":0,"Latitude":17.012514530000001,"Longitude":54.058685519999997,"GlobalID":"{78B2689D-1CAF-46D5-8BEE-2C825BE34A44}","NEAR_FID":11112,"NEAR_DIST":4.8227472308016006}},{"type":"Feature","id":1320,"geometry":{"type":"LineString","coordinates":[[186794.34939999972,1883305.9631999992],[186826.95170000009,1883304.0664000008]]},"properties":{"OBJECTID":1320,"Shape_Length":32.657431245404965,"Asset_ID":"DP1320","Name":null,"District_ID":"Mustashfa al Sultan Qboos","Wlyt_ID":"Salalah","Gov_ID":"Dhofar Governorate","Road_ID":"105338","Pipe_Diameter":500,"Pipe_Material":" ","Invert_Level_From_m":0,"Invert_Level_To_m":0,"Slop_Percentage":0,"Latitude":17.012641800000001,"Longitude":54.05856764,"GlobalID":"{E56131A4-83DE-4FF1-A257-5DEEA0C5FD6E}","NEAR_FID":7830,"NEAR_DIST":0}},{"type":"Feature","id":1321,"geometry":{"type":"LineString","coordinates":[[186825.69809999969,1883322.7742999997],[186826.95170000009,1883304.0664000008]]},"properties":{"OBJECTID":1321,"Shape_Length":18.749854274870046,"Asset_ID":"DP1321","Name":null,"District_ID":"al Wadi","Wlyt_ID":"Salalah","Gov_ID":"Dhofar Governorate","Road_ID":"105358","Pipe_Diameter":500,"Pipe_Material":" ","Invert_Level_From_m":0,"Invert_Level_To_m":0,"Slop_Percentage":0,"Latitude":17.012738160000001,"Longitude":54.058713609999998,"GlobalID":"{7216483E-9A3C-49FF-B1C3-E2DD1B0C1BDB}","NEAR_FID":12378,"NEAR_DIST":0}},{"type":"Feature","id":1322,"geometry":{"type":"LineString","coordinates":[[186826.8515999997,1883351.7950999998],[186825.69809999969,1883322.7742999997]]},"properties":{"OBJECTID":1322,"Shape_Length":29.043715239158384,"Asset_ID":"DP1322","Name":null,"District_ID":"al Wadi","Wlyt_ID":"Salalah","Gov_ID":"Dhofar Governorate","Road_ID":"105358","Pipe_Diameter":500,"Pipe_Material":" ","Invert_Level_From_m":0,"Invert_Level_To_m":0,"Slop_Percentage":0,"Latitude":17.012953599999999,"Longitude":54.058710169999998,"GlobalID":"{FF00B977-7F51-438A-90D5-9A5A82228EA3}","NEAR_FID":12378,"NEAR_DIST":5.348942687113956}},{"type":"Feature","id":1323,"geometry":{"type":"LineString","coordinates":[[186830.11010000017,1883384.5511000007],[186826.8515999997,1883351.7950999998]]},"properties":{"OBJECTID":1323,"Shape_Length":32.91767546953217,"Asset_ID":"DP1323","Name":null,"District_ID":"al Wadi","Wlyt_ID":"Salalah","Gov_ID":"Dhofar Governorate","Road_ID":"105365","Pipe_Diameter":500,"Pipe_Material":" ","Invert_Level_From_m":0,"Invert_Level_To_m":0,"Slop_Percentage":0,"Latitude":17.013233369999998,"Longitude":54.058725549999998,"GlobalID":"{AF2CB12C-09BB-42A1-82BD-E894ABC141CC}","NEAR_FID":9696,"NEAR_DIST":0}},{"type":"Feature","id":1324,"geometry":{"type":"LineString","coordinates":[[186830.48649999965,1883414.5341999996],[186830.11010000017,1883384.5511000007]]},"properties":{"OBJECTID":1324,"Shape_Length":29.985462519428047,"Asset_ID":"DP1324","Name":null,"District_ID":"al Wadi","Wlyt_ID":"Salalah","Gov_ID":"Dhofar Governorate","Road_ID":"105365","Pipe_Diameter":500,"Pipe_Material":" ","Invert_Level_From_m":0,"Invert_Level_To_m":0,"Slop_Percentage":0,"Latitude":17.013516580000001,"Longitude":54.058738499999997,"GlobalID":"{B5764C7F-98CE-420E-A8DF-0BBB577B9ED8}","NEAR_FID":9696,"NEAR_DIST":5.3951350631829067}},{"type":"Feature","id":1325,"geometry":{"type":"LineString","coordinates":[[186831.0373999998,1883445.6209999993],[186830.49179999996,1883414.4813999999]]},"properties":{"OBJECTID":1325,"Shape_Length":31.144379388314327,"Asset_ID":"DP1325","Name":null,"District_ID":"al Wadi","Wlyt_ID":"Salalah","Gov_ID":"Dhofar Governorate","Road_ID":"105351","Pipe_Diameter":500,"Pipe_Material":" ","Invert_Level_From_m":0,"Invert_Level_To_m":0,"Slop_Percentage":0,"Latitude":17.013792630000001,"Longitude":54.058739490000001,"GlobalID":"{48EBA3E7-88EC-477D-8126-BB8416C6DE62}","NEAR_FID":13213,"NEAR_DIST":0}},{"type":"Feature","id":1326,"geometry":{"type":"LineString","coordinates":[[186830.41509999987,1883472.4776000008],[186831.0373999998,1883445.6209999993]]},"properties":{"OBJECTID":1326,"Shape_Length":26.863808756913656,"Asset_ID":"DP1326","Name":null,"District_ID":"al Wadi","Wlyt_ID":"Salalah","Gov_ID":"Dhofar Governorate","Road_ID":"105509","Pipe_Diameter":500,"Pipe_Material":" ","Invert_Level_From_m":0,"Invert_Level_To_m":0,"Slop_Percentage":0,"Latitude":17.014054160000001,"Longitude":54.058734680000001,"GlobalID":"{5C9F9BD1-77A9-4988-8434-7EABB8290968}","NEAR_FID":14505,"NEAR_DIST":8.260058124135881}},{"type":"Feature","id":1327,"geometry":{"type":"LineString","coordinates":[[186832.49330000021,1883514.8703000005],[186826.17960000038,1883515.1041000001]]},"properties":{"OBJECTID":1327,"Shape_Length":6.3180273921203591,"Asset_ID":"DP1327","Name":null,"District_ID":"al Wadi","Wlyt_ID":"Salalah","Gov_ID":"Dhofar Governorate","Road_ID":"105509","Pipe_Diameter":200,"Pipe_Material":" ","Invert_Level_From_m":0,"Invert_Level_To_m":0,"Slop_Percentage":0,"Latitude":17.014558189999999,"Longitude":54.058713269999998,"GlobalID":"{40C289A1-FD3E-4CB3-AF7D-C14446AEC0FD}","NEAR_FID":5039,"NEAR_DIST":1.9050723381746166}},{"type":"Feature","id":1328,"geometry":{"type":"LineString","coordinates":[[186826.17960000038,1883515.1041000001],[186830.41509999987,1883472.4776000008]]},"properties":{"OBJECTID":1328,"Shape_Length":42.836409308405024,"Asset_ID":"DP1328","Name":null,"District_ID":"al Wadi","Wlyt_ID":"Salalah","Gov_ID":"Dhofar Governorate","Road_ID":"105352","Pipe_Diameter":500,"Pipe_Material":" ","Invert_Level_From_m":0,"Invert_Level_To_m":0,"Slop_Percentage":0,"Latitude":17.01436696,"Longitude":54.058706559999997,"GlobalID":"{F0CCE2AB-ECC1-47A1-83ED-906FB2312E32}","NEAR_FID":15047,"NEAR_DIST":0}},{"type":"Feature","id":1329,"geometry":{"type":"LineString","coordinates":[[186810.14190000016,1883505.5203000009],[186826.17960000038,1883515.1041000001]]},"properties":{"OBJECTID":1329,"Shape_Length":18.683068370099999,"Asset_ID":"DP1329","Name":null,"District_ID":"Mustashfa al Sultan Qboos","Wlyt_ID":"Salalah","Gov_ID":"Dhofar Governorate","Road_ID":"105509","Pipe_Diameter":200,"Pipe_Material":" ","Invert_Level_From_m":0,"Invert_Level_To_m":0,"Slop_Percentage":0,"Latitude":17.014495669999999,"Longitude":54.058609420000003,"GlobalID":"{D3B20758-0E79-4A6E-A6F6-14C8B4957755}","NEAR_FID":5039,"NEAR_DIST":0}},{"type":"Feature","id":1330,"geometry":{"type":"LineString","coordinates":[[186806.05520000029,1883535.3234999999],[186810.14190000016,1883505.5203000009]]},"properties":{"OBJECTID":1330,"Shape_Length":30.082085151654173,"Asset_ID":"DP1330","Name":null,"District_ID":"Mustashfa al Sultan Qboos","Wlyt_ID":"Salalah","Gov_ID":"Dhofar Governorate","Road_ID":"105338","Pipe_Diameter":200,"Pipe_Material":" ","Invert_Level_From_m":0,"Invert_Level_To_m":0,"Slop_Percentage":0,"Latitude":17.014566769999998,"Longitude":54.058513929999997,"GlobalID":"{763A8AFF-069F-43A8-91BC-6AA6DC699C83}","NEAR_FID":17125,"NEAR_DIST":4.8502385940677417}},{"type":"Feature","id":1331,"geometry":{"type":"LineString","coordinates":[[186834.27940000035,1883556.2772000004],[186827.78789999988,1883555.0859999992]]},"properties":{"OBJECTID":1331,"Shape_Length":6.5998886126108358,"Asset_ID":"DP1331","Name":null,"District_ID":"al Wadi","Wlyt_ID":"Salalah","Gov_ID":"Dhofar Governorate","Road_ID":"105509","Pipe_Diameter":200,"Pipe_Material":" ","Invert_Level_From_m":0,"Invert_Level_To_m":0,"Slop_Percentage":0,"Latitude":17.014926519999999,"Longitude":54.058723690000001,"GlobalID":"{D4D920D6-09A0-4F36-899A-136652053F49}","NEAR_FID":11696,"NEAR_DIST":1.9267649232914663}},{"type":"Feature","id":1332,"geometry":{"type":"LineString","coordinates":[[186827.78789999988,1883555.0859999992],[186826.17960000038,1883515.1041000001]]},"properties":{"OBJECTID":1332,"Shape_Length":40.014234422577488,"Asset_ID":"DP1332","Name":null,"District_ID":"al Wadi","Wlyt_ID":"Salalah","Gov_ID":"Dhofar Governorate","Road_ID":"105359","Pipe_Diameter":200,"Pipe_Material":" ","Invert_Level_From_m":0,"Invert_Level_To_m":0,"Slop_Percentage":0,"Latitude":17.014740159999999,"Longitude":54.058688429999997,"GlobalID":"{4C40E185-42C6-46CB-A546-0B75D6BDA997}","NEAR_FID":5747,"NEAR_DIST":0}},{"type":"Feature","id":1333,"geometry":{"type":"LineString","coordinates":[[186811.19510000013,1883566.2851999998],[186827.78789999988,1883555.0859999992]]},"properties":{"OBJECTID":1333,"Shape_Length":20.018568692229042,"Asset_ID":"DP1333","Name":null,"District_ID":"Mustashfa al Sultan Qboos","Wlyt_ID":"Salalah","Gov_ID":"Dhofar Governorate","Road_ID":"105509","Pipe_Diameter":200,"Pipe_Material":" ","Invert_Level_From_m":0,"Invert_Level_To_m":0,"Slop_Percentage":0,"Latitude":17.014971079999999,"Longitude":54.058615070000002,"GlobalID":"{90374F64-2192-4112-B571-561F5A6F718F}","NEAR_FID":11696,"NEAR_DIST":0}},{"type":"Feature","id":1334,"geometry":{"type":"LineString","coordinates":[[186835.8563000001,1883593.9699000008],[186829.30449999962,1883595.0777000003]]},"properties":{"OBJECTID":1334,"Shape_Length":6.6447952628363707,"Asset_ID":"DP1334","Name":null,"District_ID":"al Wadi","Wlyt_ID":"Salalah","Gov_ID":"Dhofar Governorate","Road_ID":"105509","Pipe_Diameter":200,"Pipe_Material":" ","Invert_Level_From_m":0,"Invert_Level_To_m":0,"Slop_Percentage":0,"Latitude":17.015278070000001,"Longitude":54.058732599999999,"GlobalID":"{F7FAB1EA-E72B-4496-BBAD-DC18C05A5646}","NEAR_FID":11696,"NEAR_DIST":2.2752830698459596}},{"type":"Feature","id":1335,"geometry":{"type":"LineString","coordinates":[[186829.30449999962,1883595.0777000003],[186827.78789999988,1883555.0859999992]]},"properties":{"OBJECTID":1335,"Shape_Length":40.020446580892539,"Asset_ID":"DP1335","Name":null,"District_ID":"al Wadi","Wlyt_ID":"Salalah","Gov_ID":"Dhofar Governorate","Road_ID":"105509","Pipe_Diameter":200,"Pipe_Material":" ","Invert_Level_From_m":0,"Invert_Level_To_m":0,"Slop_Percentage":0,"Latitude":17.015101829999999,"Longitude":54.058697500000001,"GlobalID":"{CE162A67-3AD8-468A-B8CE-7F85260EA0C7}","NEAR_FID":11696,"NEAR_DIST":1.8991944650451118}},{"type":"Feature","id":1336,"geometry":{"type":"LineString","coordinates":[[186800.24880000018,1883644.8556999993],[186803.84069999959,1883645.4899000004]]},"properties":{"OBJECTID":1336,"Shape_Length":3.6474587382525234,"Asset_ID":"DP1336","Name":null,"District_ID":"Mustashfa al Sultan Qboos","Wlyt_ID":"Salalah","Gov_ID":"Dhofar Governorate","Road_ID":"105338","Pipe_Diameter":200,"Pipe_Material":" ","Invert_Level_From_m":0,"Invert_Level_To_m":0,"Slop_Percentage":0,"Latitude":17.015692139999999,"Longitude":54.058439530000001,"GlobalID":"{353F211D-14BB-48AF-AA59-19E1359DD5C7}","NEAR_FID":18207,"NEAR_DIST":3.3981701508842495}},{"type":"Feature","id":1337,"geometry":{"type":"LineString","coordinates":[[186803.84069999959,1883645.4899000004],[186809.25999999978,1883606.5110999998]]},"properties":{"OBJECTID":1337,"Shape_Length":39.353724880632889,"Asset_ID":"DP1337","Name":null,"District_ID":"Mustashfa al Sultan Qboos","Wlyt_ID":"Salalah","Gov_ID":"Dhofar Governorate","Road_ID":"102645","Pipe_Diameter":300,"Pipe_Material":" ","Invert_Level_From_m":0,"Invert_Level_To_m":0,"Slop_Percentage":0,"Latitude":17.01551967,"Longitude":54.05848451,"GlobalID":"{C6AB2109-F046-4873-9ACF-870F7585B005}","NEAR_FID":12127,"NEAR_DIST":1.5157551993524185}},{"type":"Feature","id":1338,"geometry":{"type":"LineString","coordinates":[[186805.66779999994,1883605.8694000002],[186809.25999999978,1883606.5110999998]]},"properties":{"OBJECTID":1338,"Shape_Length":3.6490655966004528,"Asset_ID":"DP1338","Name":null,"District_ID":"Mustashfa al Sultan Qboos","Wlyt_ID":"Salalah","Gov_ID":"Dhofar Governorate","Road_ID":"102645","Pipe_Diameter":200,"Pipe_Material":" ","Invert_Level_From_m":0,"Invert_Level_To_m":0,"Slop_Percentage":0,"Latitude":17.01534096,"Longitude":54.058495870000002,"GlobalID":"{C0455D77-A76C-44BB-9ADD-4DD9DDE3F02C}","NEAR_FID":12127,"NEAR_DIST":1.5157551993524185}},{"type":"Feature","id":1339,"geometry":{"type":"LineString","coordinates":[[186809.25999999978,1883606.5110999998],[186829.30449999962,1883595.0777000003]]},"properties":{"OBJECTID":1339,"Shape_Length":23.076061531219302,"Asset_ID":"DP1339","Name":null,"District_ID":"Mustashfa al Sultan Qboos","Wlyt_ID":"Salalah","Gov_ID":"Dhofar Governorate","Road_ID":"105509","Pipe_Diameter":200,"Pipe_Material":" ","Invert_Level_From_m":0,"Invert_Level_To_m":0,"Slop_Percentage":0,"Latitude":17.015313119999998,"Longitude":54.05860723,"GlobalID":"{7B65563A-7248-4553-9BCD-E2EB24B3AB85}","NEAR_FID":11696,"NEAR_DIST":0}},{"type":"Feature","id":1340,"geometry":{"type":"LineString","coordinates":[[186837.47910000011,1883635.5932999998],[186830.66899999976,1883634.8182999995]]},"properties":{"OBJECTID":1340,"Shape_Length":6.8540562454189997,"Asset_ID":"DP1340","Name":null,"District_ID":"al Wadi","Wlyt_ID":"Salalah","Gov_ID":"Dhofar Governorate","Road_ID":"105509","Pipe_Diameter":200,"Pipe_Material":" ","Invert_Level_From_m":0,"Invert_Level_To_m":0,"Slop_Percentage":0,"Latitude":17.015643709999999,"Longitude":54.058741380000001,"GlobalID":"{D47770AC-3B33-4FE5-B0D3-94F14028DF69}","NEAR_FID":14444,"NEAR_DIST":2.7480631616390903}},{"type":"Feature","id":1341,"geometry":{"type":"LineString","coordinates":[[186824.70629999973,1883634.6883000005],[186830.66899999976,1883634.8182999995]]},"properties":{"OBJECTID":1341,"Shape_Length":5.964116974885699,"Asset_ID":"DP1341","Name":null,"District_ID":"al Wadi","Wlyt_ID":"Salalah","Gov_ID":"Dhofar Governorate","Road_ID":"105509","Pipe_Diameter":200,"Pipe_Material":" ","Invert_Level_From_m":0,"Invert_Level_To_m":0,"Slop_Percentage":0,"Latitude":17.015639969999999,"Longitude":54.058681360000001,"GlobalID":"{7A64CDFB-D5CA-4E5F-9B3A-E87DA3E806B3}","NEAR_FID":14444,"NEAR_DIST":0}},{"type":"Feature","id":1342,"geometry":{"type":"LineString","coordinates":[[186830.66899999976,1883634.8182999995],[186830.02850000001,1883674.9959999993]]},"properties":{"OBJECTID":1342,"Shape_Length":40.18280499828672,"Asset_ID":"DP1342","Name":null,"District_ID":"al Wadi","Wlyt_ID":"Salalah","Gov_ID":"Dhofar Governorate","Road_ID":"105364","Pipe_Diameter":200,"Pipe_Material":" ","Invert_Level_From_m":0,"Invert_Level_To_m":0,"Slop_Percentage":0,"Latitude":17.015822870000001,"Longitude":54.058703829999999,"GlobalID":"{56DA3C94-E6C2-455C-8D45-F41E5C0085AA}","NEAR_FID":4911,"NEAR_DIST":0}},{"type":"Feature","id":1343,"geometry":{"type":"LineString","coordinates":[[186836.76580000017,1883675.3134000003],[186830.02850000001,1883674.9959999993]]},"properties":{"OBJECTID":1343,"Shape_Length":6.744772349953422,"Asset_ID":"DP1343","Name":null,"District_ID":"al Wadi","Wlyt_ID":"Salalah","Gov_ID":"Dhofar Governorate","Road_ID":"105509","Pipe_Diameter":200,"Pipe_Material":" ","Invert_Level_From_m":0,"Invert_Level_To_m":0,"Slop_Percentage":0,"Latitude":17.016007330000001,"Longitude":54.058729479999997,"GlobalID":"{CCFF8ED1-AB2E-4351-A39E-10AAB5E29969}","NEAR_FID":11539,"NEAR_DIST":1.2065932004805957}},{"type":"Feature","id":1344,"geometry":{"type":"LineString","coordinates":[[186824.16729999986,1883674.352],[186830.02850000001,1883674.9959999993]]},"properties":{"OBJECTID":1344,"Shape_Length":5.896473644567755,"Asset_ID":"DP1344","Name":null,"District_ID":"al Wadi","Wlyt_ID":"Salalah","Gov_ID":"Dhofar Governorate","Road_ID":"105509","Pipe_Diameter":200,"Pipe_Material":" ","Invert_Level_From_m":0,"Invert_Level_To_m":0,"Slop_Percentage":0,"Latitude":17.016001589999998,"Longitude":54.058670579999998,"GlobalID":"{F39CF7A4-15EC-46F4-B4C1-01E49DA394C2}","NEAR_FID":11539,"NEAR_DIST":0}},{"type":"Feature","id":1345,"geometry":{"type":"LineString","coordinates":[[186830.02850000001,1883674.9959999993],[186827.17360000033,1883714.8877000008]]},"properties":{"OBJECTID":1345,"Shape_Length":39.993726795743527,"Asset_ID":"DP1345","Name":null,"District_ID":"al Wadi","Wlyt_ID":"Salalah","Gov_ID":"Dhofar Governorate","Road_ID":"105555","Pipe_Diameter":300,"Pipe_Material":" ","Invert_Level_From_m":0,"Invert_Level_To_m":0,"Slop_Percentage":0,"Latitude":17.01618453,"Longitude":54.058681540000002,"GlobalID":"{316AC5F9-8AA3-4C99-9BEA-7815D76E9BEB}","NEAR_FID":9416,"NEAR_DIST":0}},{"type":"Feature","id":1346,"geometry":{"type":"LineString","coordinates":[[186837.01049999986,1883713.4471000005],[186827.17360000033,1883714.8877000008]]},"properties":{"OBJECTID":1346,"Shape_Length":9.9418272949022519,"Asset_ID":"DP1346","Name":null,"District_ID":"al Wadi","Wlyt_ID":"Salalah","Gov_ID":"Dhofar Governorate","Road_ID":"105555","Pipe_Diameter":200,"Pipe_Material":" ","Invert_Level_From_m":0,"Invert_Level_To_m":0,"Slop_Percentage":0,"Latitude":17.01635843,"Longitude":54.058709729999997,"GlobalID":"{B3AE3B57-85F6-4AF4-92E2-F44C22E2CBCE}","NEAR_FID":9416,"NEAR_DIST":0}},{"type":"Feature","id":1347,"geometry":{"type":"LineString","coordinates":[[186827.17360000033,1883714.8877000008],[186832.94089999981,1883725.8705000002]]},"properties":{"OBJECTID":1347,"Shape_Length":12.404984688068145,"Asset_ID":"DP1347","Name":null,"District_ID":"al Wadi","Wlyt_ID":"Salalah","Gov_ID":"Dhofar Governorate","Road_ID":"105509","Pipe_Diameter":300,"Pipe_Material":" ","Invert_Level_From_m":0,"Invert_Level_To_m":0,"Slop_Percentage":0,"Latitude":17.01641407,"Longitude":54.058691860000003,"GlobalID":"{82882C92-F280-4C67-9E04-6880286A31A5}","NEAR_FID":10049,"NEAR_DIST":1.8866364898942456}},{"type":"Feature","id":1348,"geometry":{"type":"LineString","coordinates":[[186832.94089999981,1883725.8705000002],[186827.80649999995,1883755.5768999998]]},"properties":{"OBJECTID":1348,"Shape_Length":30.14684501390489,"Asset_ID":"DP1348","Name":null,"District_ID":"Mustashfa al Sultan Qboos","Wlyt_ID":"Salalah","Gov_ID":"Dhofar Governorate","Road_ID":"105555","Pipe_Diameter":300,"Pipe_Material":" ","Invert_Level_From_m":0,"Invert_Level_To_m":0,"Slop_Percentage":0,"Latitude":17.016598129999998,"Longitude":54.058692270000002,"GlobalID":"{1FC39445-DDF1-42F2-BFE3-78486F77C850}","NEAR_FID":9416,"NEAR_DIST":3.8586261650802527}},{"type":"Feature","id":1349,"geometry":{"type":"LineString","coordinates":[[186792.58530000038,1883758.5186000001],[186798.3870000001,1883753.8635000009]]},"properties":{"OBJECTID":1349,"Shape_Length":7.4383922247300776,"Asset_ID":"DP1349","Name":null,"District_ID":"Mustashfa al Sultan Qboos","Wlyt_ID":"Salalah","Gov_ID":"Dhofar Governorate","Road_ID":"102645","Pipe_Diameter":200,"Pipe_Material":" ","Invert_Level_From_m":0,"Invert_Level_To_m":0,"Slop_Percentage":0,"Latitude":17.01669347,"Longitude":54.058362320000001,"GlobalID":"{56E8DAEF-D665-4E3B-91EF-4A298F8438EE}","NEAR_FID":12127,"NEAR_DIST":1.489889860239086}},{"type":"Feature","id":1350,"geometry":{"type":"LineString","coordinates":[[186785.62249999959,1883748.3867000006],[186798.3870000001,1883753.8635000009]]},"properties":{"OBJECTID":1350,"Shape_Length":13.889845157753054,"Asset_ID":"DP1350","Name":null,"District_ID":"Mustashfa al Sultan Qboos","Wlyt_ID":"Salalah","Gov_ID":"Dhofar Governorate","Road_ID":"102645","Pipe_Diameter":300,"Pipe_Material":" ","Invert_Level_From_m":0,"Invert_Level_To_m":0,"Slop_Percentage":0,"Latitude":17.01664727,"Longitude":54.05833037,"GlobalID":"{01A640A2-AB7E-40F6-BA6C-34FC6EDD06A7}","NEAR_FID":12127,"NEAR_DIST":0}},{"type":"Feature","id":1351,"geometry":{"type":"LineString","coordinates":[[186798.3870000001,1883753.8635000009],[186793.16830000002,1883782.5248000007]]},"properties":{"OBJECTID":1351,"Shape_Length":29.132541038666904,"Asset_ID":"DP1351","Name":null,"District_ID":"Mustashfa al Sultan Qboos","Wlyt_ID":"Salalah","Gov_ID":"Dhofar Governorate","Road_ID":"102645","Pipe_Diameter":400,"Pipe_Material":" ","Invert_Level_From_m":0,"Invert_Level_To_m":0,"Slop_Percentage":0,"Latitude":17.016801869999998,"Longitude":54.058363360000001,"GlobalID":"{08B452D3-8343-431F-BBD8-8E6D53128B5D}","NEAR_FID":12127,"NEAR_DIST":6.1229295287739527}},{"type":"Feature","id":1352,"geometry":{"type":"LineString","coordinates":[[186794.35479999986,1883685.1338],[186788.70170000009,1883725.1615999993]]},"properties":{"OBJECTID":1352,"Shape_Length":40.42502087067605,"Asset_ID":"DP1352","Name":null,"District_ID":"Mustashfa al Sultan Qboos","Wlyt_ID":"Salalah","Gov_ID":"Dhofar Governorate","Road_ID":"105338","Pipe_Diameter":300,"Pipe_Material":" ","Invert_Level_From_m":0,"Invert_Level_To_m":0,"Slop_Percentage":0,"Latitude":17.01623214,"Longitude":54.058332389999997,"GlobalID":"{71A3A49B-C4E9-4888-9C31-BED578FBB5F1}","NEAR_FID":18207,"NEAR_DIST":3.3773756885828941}},{"type":"Feature","id":1353,"geometry":{"type":"LineString","coordinates":[[186788.70170000009,1883725.1615999993],[186785.62249999959,1883748.3867000006]]},"properties":{"OBJECTID":1353,"Shape_Length":23.428332051480275,"Asset_ID":"DP1353","Name":null,"District_ID":"Mustashfa al Sultan Qboos","Wlyt_ID":"Salalah","Gov_ID":"Dhofar Governorate","Road_ID":"105338","Pipe_Diameter":300,"Pipe_Material":" ","Invert_Level_From_m":0,"Invert_Level_To_m":0,"Slop_Percentage":0,"Latitude":17.016517060000002,"Longitude":54.058286959999997,"GlobalID":"{104E6712-374F-4D41-9C6E-04091BECA6B1}","NEAR_FID":18207,"NEAR_DIST":3.2885162543417104}},{"type":"Feature","id":1354,"geometry":{"type":"LineString","coordinates":[[186800.12899999972,1883697.7533999998],[186792.90270000044,1883726.5447000004]]},"properties":{"OBJECTID":1354,"Shape_Length":29.684311806162629,"Asset_ID":"DP1354","Name":null,"District_ID":"Mustashfa al Sultan Qboos","Wlyt_ID":"Salalah","Gov_ID":"Dhofar Governorate","Road_ID":"102645","Pipe_Diameter":100,"Pipe_Material":" ","Invert_Level_From_m":0,"Invert_Level_To_m":0,"Slop_Percentage":0,"Latitude":17.016296019999999,"Longitude":54.0583782,"GlobalID":"{2585F4BC-873A-4309-9BF1-A25E8F314D75}","NEAR_FID":12127,"NEAR_DIST":4.6145637532477188}},{"type":"Feature","id":1355,"geometry":{"type":"LineString","coordinates":[[186812.60309999995,1883671.7259],[186806.67920000013,1883670.2448999994]]},"properties":{"OBJECTID":1355,"Shape_Length":6.1062224173111659,"Asset_ID":"DP1355","Name":null,"District_ID":"Mustashfa al Sultan Qboos","Wlyt_ID":"Salalah","Gov_ID":"Dhofar Governorate","Road_ID":"102645","Pipe_Diameter":100,"Pipe_Material":" ","Invert_Level_From_m":0,"Invert_Level_To_m":0,"Slop_Percentage":0,"Latitude":17.01596511,"Longitude":54.058508260000004,"GlobalID":"{247F256C-BFD0-4AB9-AFF8-64AB94772D33}","NEAR_FID":12127,"NEAR_DIST":0}},{"type":"Feature","id":1356,"geometry":{"type":"LineString","coordinates":[[186806.67920000013,1883670.2448999994],[186800.12899999972,1883697.7533999998]]},"properties":{"OBJECTID":1356,"Shape_Length":28.277600540369832,"Asset_ID":"DP1356","Name":null,"District_ID":"Mustashfa al Sultan Qboos","Wlyt_ID":"Salalah","Gov_ID":"Dhofar Governorate","Road_ID":"102645","Pipe_Diameter":100,"Pipe_Material":" ","Invert_Level_From_m":0,"Invert_Level_To_m":0,"Slop_Percentage":0,"Latitude":17.016062290000001,"Longitude":54.058447350000002,"GlobalID":"{0F28CA92-0C53-44CF-97DB-BF939F476831}","NEAR_FID":12127,"NEAR_DIST":4.6145637532477188}},{"type":"Feature","id":1357,"geometry":{"type":"LineString","coordinates":[[186792.90270000044,1883726.5447000004],[186785.62249999959,1883748.3867000006]]},"properties":{"OBJECTID":1357,"Shape_Length":23.023341982870814,"Asset_ID":"DP1357","Name":null,"District_ID":"Mustashfa al Sultan Qboos","Wlyt_ID":"Salalah","Gov_ID":"Dhofar Governorate","Road_ID":"105338","Pipe_Diameter":100,"Pipe_Material":" ","Invert_Level_From_m":0,"Invert_Level_To_m":0,"Slop_Percentage":0,"Latitude":17.01652279,"Longitude":54.058306690000002,"GlobalID":"{D7B43D11-53F3-4E5A-A59B-8EC781B8DB6B}","NEAR_FID":18207,"NEAR_DIST":3.2885162543417104}},{"type":"Feature","id":1358,"geometry":{"type":"LineString","coordinates":[[187233.10470000003,1884017.5617999993],[187226.25580000039,1884009.9365999997]]},"properties":{"OBJECTID":1358,"Shape_Length":10.249444191749987,"Asset_ID":"DP1358","Name":null,"District_ID":"al Wadi","Wlyt_ID":"Salalah","Gov_ID":"Dhofar Governorate","Road_ID":"105509","Pipe_Diameter":200,"Pipe_Material":" ","Invert_Level_From_m":0,"Invert_Level_To_m":0,"Slop_Percentage":0,"Latitude":17.019116069999999,"Longitude":54.062400359999998,"GlobalID":"{A4710284-561B-4326-9B45-488F543656B6}","NEAR_FID":10049,"NEAR_DIST":7.3881957423793176}},{"type":"Feature","id":1359,"geometry":{"type":"LineString","coordinates":[[187226.25580000039,1884009.9365999997],[187236.6604000004,1884013.8269999996]]},"properties":{"OBJECTID":1359,"Shape_Length":11.108146259369146,"Asset_ID":"DP1359","Name":null,"District_ID":"al Wadi","Wlyt_ID":"Salalah","Gov_ID":"Dhofar Governorate","Road_ID":"105509","Pipe_Diameter":400,"Pipe_Material":" ","Invert_Level_From_m":0,"Invert_Level_To_m":0,"Slop_Percentage":0,"Latitude":17.019049809999999,"Longitude":54.062407380000003,"GlobalID":"{FF96E657-B4AC-4C19-8A55-E9D732F186CF}","NEAR_FID":10049,"NEAR_DIST":9.5578565424864337}},{"type":"Feature","id":1360,"geometry":{"type":"LineString","coordinates":[[186916.79810000025,1883837.0734000001],[186919.69809999969,1883830.1854999997]]},"properties":{"OBJECTID":1360,"Shape_Length":7.4734976023809692,"Asset_ID":"DP1360","Name":null,"District_ID":"al Wadi","Wlyt_ID":"Salalah","Gov_ID":"Dhofar Governorate","Road_ID":"105509","Pipe_Diameter":200,"Pipe_Material":" ","Invert_Level_From_m":0,"Invert_Level_To_m":0,"Slop_Percentage":0,"Latitude":17.017458600000001,"Longitude":54.059501429999997,"GlobalID":"{47F13FAA-B495-4E89-A65A-76C7F7725A0D}","NEAR_FID":10049,"NEAR_DIST":8.1160453909536479}},{"type":"Feature","id":1361,"geometry":{"type":"LineString","coordinates":[[186971.15560000017,1883884.6203000005],[186997.63480000012,1883898.8735000007]]},"properties":{"OBJECTID":1361,"Shape_Length":30.071610247562965,"Asset_ID":"DP1361","Name":null,"District_ID":"al Wadi","Wlyt_ID":"Salalah","Gov_ID":"Dhofar Governorate","Road_ID":"105509","Pipe_Diameter":100,"Pipe_Material":" ","Invert_Level_From_m":0,"Invert_Level_To_m":0,"Slop_Percentage":0,"Latitude":17.017980869999999,"Longitude":54.060116899999997,"GlobalID":"{58EA09E4-457D-4789-A7E4-03A752103AAA}","NEAR_FID":10049,"NEAR_DIST":8.0970300991536153}},{"type":"Feature","id":1362,"geometry":{"type":"LineString","coordinates":[[186997.63480000012,1883898.8735000007],[187024.1651999997,1883912.9829999991]]},"properties":{"OBJECTID":1362,"Shape_Length":30.048961951161782,"Asset_ID":"DP1362","Name":null,"District_ID":"al Wadi","Wlyt_ID":"Salalah","Gov_ID":"Dhofar Governorate","Road_ID":"105509","Pipe_Diameter":100,"Pipe_Material":" ","Invert_Level_From_m":0,"Invert_Level_To_m":0,"Slop_Percentage":0,"Latitude":17.018112510000002,"Longitude":54.060365150000003,"GlobalID":"{C432E391-E826-4643-92AD-4B52E93A1EBA}","NEAR_FID":10049,"NEAR_DIST":7.7746415915175628}},{"type":"Feature","id":1363,"geometry":{"type":"LineString","coordinates":[[187024.1651999997,1883912.9829999991],[187050.57320000045,1883926.9979999997]]},"properties":{"OBJECTID":1363,"Shape_Length":29.896533060815791,"Asset_ID":"DP1363","Name":null,"District_ID":"al Wadi","Wlyt_ID":"Salalah","Gov_ID":"Dhofar Governorate","Road_ID":"105509","Pipe_Diameter":100,"Pipe_Material":" ","Invert_Level_From_m":0,"Invert_Level_To_m":0,"Slop_Percentage":0,"Latitude":17.018243859999998,"Longitude":54.06061038,"GlobalID":"{EC1B1EAA-1FE6-4659-89FD-0F43F5F9F3B3}","NEAR_FID":10049,"NEAR_DIST":7.3839744047451576}},{"type":"Feature","id":1364,"geometry":{"type":"LineString","coordinates":[[187050.57320000045,1883926.9979999997],[187076.91119999997,1883941.0680999998]]},"properties":{"OBJECTID":1364,"Shape_Length":29.860642290287199,"Asset_ID":"DP1364","Name":null,"District_ID":"al Wadi","Wlyt_ID":"Salalah","Gov_ID":"Dhofar Governorate","Road_ID":"105509","Pipe_Diameter":100,"Pipe_Material":" ","Invert_Level_From_m":0,"Invert_Level_To_m":0,"Slop_Percentage":0,"Latitude":17.01837484,"Longitude":54.060855529999998,"GlobalID":"{2E600BC3-781C-4D07-BABF-04A2FE54D421}","NEAR_FID":10049,"NEAR_DIST":7.0955244435573155}},{"type":"Feature","id":1365,"geometry":{"type":"LineString","coordinates":[[187076.91119999997,1883941.0680999998],[187103.48440000042,1883955.1793000009]]},"properties":{"OBJECTID":1365,"Shape_Length":30.08755429965521,"Asset_ID":"DP1365","Name":null,"District_ID":"al Wadi","Wlyt_ID":"Salalah","Gov_ID":"Dhofar Governorate","Road_ID":"105509","Pipe_Diameter":100,"Pipe_Material":" ","Invert_Level_From_m":0,"Invert_Level_To_m":0,"Slop_Percentage":0,"Latitude":17.01850533,"Longitude":54.06110151,"GlobalID":"{FA5B90AB-6046-457F-918D-80EAA8986322}","NEAR_FID":10049,"NEAR_DIST":6.7381217496620458}},{"type":"Feature","id":1366,"geometry":{"type":"LineString","coordinates":[[187103.48440000042,1883955.1793000009],[187130.00590000022,1883969.3995999992]]},"properties":{"OBJECTID":1366,"Shape_Length":30.093303146729038,"Asset_ID":"DP1366","Name":null,"District_ID":"al Wadi","Wlyt_ID":"Salalah","Gov_ID":"Dhofar Governorate","Road_ID":"105509","Pipe_Diameter":100,"Pipe_Material":" ","Invert_Level_From_m":0,"Invert_Level_To_m":0,"Slop_Percentage":0,"Latitude":17.018635310000001,"Longitude":54.061348799999998,"GlobalID":"{11DC3E61-795C-4C6D-96D4-0A852E800AA3}","NEAR_FID":10049,"NEAR_DIST":6.2694595306810728}},{"type":"Feature","id":1367,"geometry":{"type":"LineString","coordinates":[[187130.00590000022,1883969.3995999992],[187156.38779999968,1883983.5209999997]]},"properties":{"OBJECTID":1367,"Shape_Length":29.923545671529663,"Asset_ID":"DP1367","Name":null,"District_ID":"al Wadi","Wlyt_ID":"Salalah","Gov_ID":"Dhofar Governorate","Road_ID":"105509","Pipe_Diameter":100,"Pipe_Material":" ","Invert_Level_From_m":0,"Invert_Level_To_m":0,"Slop_Percentage":0,"Latitude":17.018766629999998,"Longitude":54.061595410000002,"GlobalID":"{FA5A3930-6246-450D-AA37-E99C1CE38155}","NEAR_FID":10049,"NEAR_DIST":5.4294748511374324}},{"type":"Feature","id":1368,"geometry":{"type":"LineString","coordinates":[[186678.91459999979,1883723.7898999993],[186664.63659999985,1883703.5483999997]]},"properties":{"OBJECTID":1368,"Shape_Length":24.770539078295904,"Asset_ID":"DP1368","Name":null,"District_ID":"Mustashfa al Sultan Qboos","Wlyt_ID":"Salalah","Gov_ID":"Dhofar Governorate","Road_ID":"102645","Pipe_Diameter":100,"Pipe_Material":" ","Invert_Level_From_m":0,"Invert_Level_To_m":0,"Slop_Percentage":0,"Latitude":17.016292809999999,"Longitude":54.05720754,"GlobalID":"{CBF9E31B-60A3-4ABF-A469-B119F1A1D4E1}","NEAR_FID":11244,"NEAR_DIST":6.4920054671614702}},{"type":"Feature","id":1369,"geometry":{"type":"LineString","coordinates":[[186664.63659999985,1883703.5483999997],[186662.51499999966,1883675.1070000008]]},"properties":{"OBJECTID":1369,"Shape_Length":28.520421112981527,"Asset_ID":"DP1369","Name":null,"District_ID":"Mustashfa al Sultan Qboos","Wlyt_ID":"Salalah","Gov_ID":"Dhofar Governorate","Road_ID":"102645","Pipe_Diameter":100,"Pipe_Material":" ","Invert_Level_From_m":0,"Invert_Level_To_m":0,"Slop_Percentage":0,"Latitude":17.016071950000001,"Longitude":54.057134040000001,"GlobalID":"{145995F9-55D5-44AE-BE01-1BB6D192C4E2}","NEAR_FID":11244,"NEAR_DIST":5.5300116323397415}},{"type":"Feature","id":1370,"geometry":{"type":"LineString","coordinates":[[186662.51499999966,1883675.1070000008],[186671.16079999972,1883655.5982000008]]},"properties":{"OBJECTID":1370,"Shape_Length":21.338770702154299,"Asset_ID":"DP1370","Name":null,"District_ID":"Mustashfa al Sultan Qboos","Wlyt_ID":"Salalah","Gov_ID":"Dhofar Governorate","Road_ID":"102645","Pipe_Diameter":100,"Pipe_Material":" ","Invert_Level_From_m":0,"Invert_Level_To_m":0,"Slop_Percentage":0,"Latitude":17.015856280000001,"Longitude":54.057168359999999,"GlobalID":"{B03FD8E9-CABD-4167-858B-7725782ACE80}","NEAR_FID":11244,"NEAR_DIST":4.5659615309934543}},{"type":"Feature","id":1371,"geometry":{"type":"LineString","coordinates":[[186671.16079999972,1883655.5982000008],[186697.95199999958,1883636.5163000003]]},"properties":{"OBJECTID":1371,"Shape_Length":32.892055348737514,"Asset_ID":"DP1371","Name":null,"District_ID":"Mustashfa al Sultan Qboos","Wlyt_ID":"Salalah","Gov_ID":"Dhofar Governorate","Road_ID":"102645","Pipe_Diameter":100,"Pipe_Material":" ","Invert_Level_From_m":0,"Invert_Level_To_m":0,"Slop_Percentage":0,"Latitude":17.015684499999999,"Longitude":54.057337330000003,"GlobalID":"{7DDD29D2-792F-4B55-9AC0-4B6F44FC1FA9}","NEAR_FID":11244,"NEAR_DIST":3.4906676249252797}},{"type":"Feature","id":1372,"geometry":{"type":"LineString","coordinates":[[186697.95199999958,1883636.5163000003],[186725.39400000032,1883636.4854000006]]},"properties":{"OBJECTID":1372,"Shape_Length":27.442017397605117,"Asset_ID":"DP1372","Name":null,"District_ID":"Mustashfa al Sultan Qboos","Wlyt_ID":"Salalah","Gov_ID":"Dhofar Governorate","Road_ID":"102645","Pipe_Diameter":100,"Pipe_Material":" ","Invert_Level_From_m":0,"Invert_Level_To_m":0,"Slop_Percentage":0,"Latitude":17.015601589999999,"Longitude":54.057592790000001,"GlobalID":"{7735C694-9D68-46E5-B527-E1C12131630D}","NEAR_FID":11244,"NEAR_DIST":3.4906676249252797}},{"type":"Feature","id":1373,"geometry":{"type":"LineString","coordinates":[[186725.39400000032,1883636.4854000006],[186742.18730000034,1883645.0581999999]]},"properties":{"OBJECTID":1373,"Shape_Length":18.854915134205207,"Asset_ID":"DP1373","Name":null,"District_ID":"Mustashfa al Sultan Qboos","Wlyt_ID":"Salalah","Gov_ID":"Dhofar Governorate","Road_ID":"102645","Pipe_Diameter":100,"Pipe_Material":" ","Invert_Level_From_m":0,"Invert_Level_To_m":0,"Slop_Percentage":0,"Latitude":17.015643140000002,"Longitude":54.057799719999998,"GlobalID":"{3CCD3AEF-04AB-4F1E-9F2F-E242F59B455E}","NEAR_FID":11244,"NEAR_DIST":3.8834093239909131}},{"type":"Feature","id":1374,"geometry":{"type":"LineString","coordinates":[[186742.18730000034,1883645.0581999999],[186757.96970000025,1883665.8402999993]]},"properties":{"OBJECTID":1374,"Shape_Length":26.095590243292545,"Asset_ID":"DP1374","Name":null,"District_ID":"Mustashfa al Sultan Qboos","Wlyt_ID":"Salalah","Gov_ID":"Dhofar Governorate","Road_ID":"102645","Pipe_Diameter":100,"Pipe_Material":" ","Invert_Level_From_m":0,"Invert_Level_To_m":0,"Slop_Percentage":0,"Latitude":17.01577786,"Longitude":54.057950480000002,"GlobalID":"{9AF2CA46-CED5-4A7A-B33F-96E192F65400}","NEAR_FID":11244,"NEAR_DIST":2.9651993518865947}},{"type":"Feature","id":1375,"geometry":{"type":"LineString","coordinates":[[186757.96970000025,1883665.8402999993],[186772.53589999955,1883662.2467999998]]},"properties":{"OBJECTID":1375,"Shape_Length":15.002913872512986,"Asset_ID":"DP1375","Name":null,"District_ID":"Mustashfa al Sultan Qboos","Wlyt_ID":"Salalah","Gov_ID":"Dhofar Governorate","Road_ID":"102645","Pipe_Diameter":300,"Pipe_Material":" ","Invert_Level_From_m":0,"Invert_Level_To_m":0,"Slop_Percentage":0,"Latitude":17.015857499999999,"Longitude":54.058091640000001,"GlobalID":"{8015C4C7-9A64-461A-B146-65410A274285}","NEAR_FID":11244,"NEAR_DIST":0}},{"type":"Feature","id":1376,"geometry":{"type":"LineString","coordinates":[[186772.53589999955,1883662.2467999998],[186776.75899999961,1883632.5132999998]]},"properties":{"OBJECTID":1376,"Shape_Length":30.031909627358576,"Asset_ID":"DP1376","Name":null,"District_ID":"Mustashfa al Sultan Qboos","Wlyt_ID":"Salalah","Gov_ID":"Dhofar Governorate","Road_ID":"105338","Pipe_Diameter":500,"Pipe_Material":" ","Invert_Level_From_m":0,"Invert_Level_To_m":0,"Slop_Percentage":0,"Latitude":17.015708450000002,"Longitude":54.058182129999999,"GlobalID":"{2FD43337-BC14-454E-BA44-4AFFD7A96883}","NEAR_FID":4355,"NEAR_DIST":6.4992074583985833}},{"type":"Feature","id":1377,"geometry":{"type":"LineString","coordinates":[[186776.75899999961,1883632.5132999998],[186780.9095999999,1883602.7232000008]]},"properties":{"OBJECTID":1377,"Shape_Length":30.077857940833695,"Asset_ID":"DP1377","Name":null,"District_ID":"Mustashfa al Sultan Qboos","Wlyt_ID":"Salalah","Gov_ID":"Dhofar Governorate","Road_ID":"105338","Pipe_Diameter":500,"Pipe_Material":" ","Invert_Level_From_m":0,"Invert_Level_To_m":0,"Slop_Percentage":0,"Latitude":17.015440340000001,"Longitude":54.058225620000002,"GlobalID":"{E6214ED5-4A40-4514-BB6E-552CCD5A5427}","NEAR_FID":4355,"NEAR_DIST":6.5726215784703061}},{"type":"Feature","id":1378,"geometry":{"type":"LineString","coordinates":[[186780.9095999999,1883602.7232000008],[186784.42119999975,1883578.9364]]},"properties":{"OBJECTID":1378,"Shape_Length":24.044608311174706,"Asset_ID":"DP1378","Name":null,"District_ID":"Mustashfa al Sultan Qboos","Wlyt_ID":"Salalah","Gov_ID":"Dhofar Governorate","Road_ID":"102645","Pipe_Diameter":500,"Pipe_Material":" ","Invert_Level_From_m":0,"Invert_Level_To_m":0,"Slop_Percentage":0,"Latitude":17.015197910000001,"Longitude":54.058264180000002,"GlobalID":"{61F5AB64-AFF0-4FC2-A68C-1466B2E83FCA}","NEAR_FID":17431,"NEAR_DIST":2.6802919106681715}},{"type":"Feature","id":1379,"geometry":{"type":"LineString","coordinates":[[187200.66079999972,1883995.5580000002],[187201.63410000037,1883992.9528000001]]},"properties":{"OBJECTID":1379,"Shape_Length":2.7810753193377384,"Asset_ID":"DP1379","Name":null,"District_ID":"al Wadi","Wlyt_ID":"Salalah","Gov_ID":"Dhofar Governorate","Road_ID":"105509","Pipe_Diameter":300,"Pipe_Material":" ","Invert_Level_From_m":0,"Invert_Level_To_m":0,"Slop_Percentage":0,"Latitude":17.01893626,"Longitude":54.062134950000001,"GlobalID":"{636C301A-8602-4721-A903-BF42FDA47BEA}","NEAR_FID":10049,"NEAR_DIST":7.3887389984123004}},{"type":"Feature","id":1380,"geometry":{"type":"LineString","coordinates":[[187200.66079999972,1883995.5580000002],[187226.25580000039,1884009.9365999997]]},"properties":{"OBJECTID":1380,"Shape_Length":29.35725060320118,"Asset_ID":"DP1380","Name":null,"District_ID":"al Wadi","Wlyt_ID":"Salalah","Gov_ID":"Dhofar Governorate","Road_ID":"105509","Pipe_Diameter":400,"Pipe_Material":" ","Invert_Level_From_m":0,"Invert_Level_To_m":0,"Slop_Percentage":0,"Latitude":17.019002029999999,"Longitude":54.06225388,"GlobalID":"{08DB10FA-7874-4DDD-B964-A2DEE3C250A8}","NEAR_FID":10049,"NEAR_DIST":7.3887389984123004}},{"type":"Feature","id":1381,"geometry":{"type":"LineString","coordinates":[[187165.92219999991,1883974.1115000006],[187166.7472000001,1883972.0749999993]]},"properties":{"OBJECTID":1381,"Shape_Length":2.1972613080170875,"Asset_ID":"DP1381","Name":null,"District_ID":"al Wadi","Wlyt_ID":"Salalah","Gov_ID":"Dhofar Governorate","Road_ID":"105509","Pipe_Diameter":100,"Pipe_Material":" ","Invert_Level_From_m":0,"Invert_Level_To_m":0,"Slop_Percentage":0,"Latitude":17.01874042,"Longitude":54.061812639999999,"GlobalID":"{91ACCAD6-A5B0-4492-98A0-0FD090FCFB9E}","NEAR_FID":10049,"NEAR_DIST":7.5133002517845169}},{"type":"Feature","id":1382,"geometry":{"type":"LineString","coordinates":[[187165.92219999991,1883974.1115000006],[187200.66079999972,1883995.5580000002]]},"properties":{"OBJECTID":1382,"Shape_Length":40.825515210221496,"Asset_ID":"DP1382","Name":null,"District_ID":"al Wadi","Wlyt_ID":"Salalah","Gov_ID":"Dhofar Governorate","Road_ID":"105509","Pipe_Diameter":400,"Pipe_Material":" ","Invert_Level_From_m":0,"Invert_Level_To_m":0,"Slop_Percentage":0,"Latitude":17.018827420000001,"Longitude":54.061977229999997,"GlobalID":"{06B18386-5299-47AF-A542-515EB48E93F9}","NEAR_FID":10049,"NEAR_DIST":7.0731841902663568}},{"type":"Feature","id":1383,"geometry":{"type":"LineString","coordinates":[[187131.02209999971,1883954.3726000004],[187132.4972000001,1883952.4201999996]]},"properties":{"OBJECTID":1383,"Shape_Length":2.44699525421243,"Asset_ID":"DP1383","Name":null,"District_ID":"al Wadi","Wlyt_ID":"Salalah","Gov_ID":"Dhofar Governorate","Road_ID":"105509","Pipe_Diameter":100,"Pipe_Material":" ","Invert_Level_From_m":0,"Invert_Level_To_m":0,"Slop_Percentage":0,"Latitude":17.018557829999999,"Longitude":54.061490730000003,"GlobalID":"{CA71706B-463B-4BEE-99C5-197F9284E1B5}","NEAR_FID":10049,"NEAR_DIST":7.3505457036370201}},{"type":"Feature","id":1384,"geometry":{"type":"LineString","coordinates":[[187131.02209999971,1883954.3726000004],[187165.92219999991,1883974.1115000006]]},"properties":{"OBJECTID":1384,"Shape_Length":40.095400649491019,"Asset_ID":"DP1384","Name":null,"District_ID":"al Wadi","Wlyt_ID":"Salalah","Gov_ID":"Dhofar Governorate","Road_ID":"105509","Pipe_Diameter":300,"Pipe_Material":" ","Invert_Level_From_m":0,"Invert_Level_To_m":0,"Slop_Percentage":0,"Latitude":17.018639820000001,"Longitude":54.061655930000001,"GlobalID":"{8C456652-6D42-4517-B90C-BD3C8D03B334}","NEAR_FID":10049,"NEAR_DIST":7.2698589979020918}},{"type":"Feature","id":1385,"geometry":{"type":"LineString","coordinates":[[187096.9606999997,1883933.7304999996],[187098.56560000032,1883931.5170000009]]},"properties":{"OBJECTID":1385,"Shape_Length":2.7340969726966615,"Asset_ID":"DP1385","Name":null,"District_ID":"al Wadi","Wlyt_ID":"Salalah","Gov_ID":"Dhofar Governorate","Road_ID":"105509","Pipe_Diameter":100,"Pipe_Material":" ","Invert_Level_From_m":0,"Invert_Level_To_m":0,"Slop_Percentage":0,"Latitude":17.018366839999999,"Longitude":54.061173459999999,"GlobalID":"{19ED967D-19BA-4990-A9EE-51C2BA1DF406}","NEAR_FID":10049,"NEAR_DIST":8.9566642780604653}},{"type":"Feature","id":1386,"geometry":{"type":"LineString","coordinates":[[187096.9606999997,1883933.7304999996],[187061.67609999981,1883914.3044000007]]},"properties":{"OBJECTID":1386,"Shape_Length":40.278733325653278,"Asset_ID":"DP1386","Name":null,"District_ID":"al Wadi","Wlyt_ID":"Salalah","Gov_ID":"Dhofar Governorate","Road_ID":"105509","Pipe_Diameter":300,"Pipe_Material":" ","Invert_Level_From_m":0,"Invert_Level_To_m":0,"Slop_Percentage":0,"Latitude":17.018266050000001,"Longitude":54.061013510000002,"GlobalID":"{DE15DD53-7050-467B-BA84-637656F91873}","NEAR_FID":10049,"NEAR_DIST":8.9566642780604653}},{"type":"Feature","id":1387,"geometry":{"type":"LineString","coordinates":[[187061.67609999981,1883914.3044000007],[187062.68740000017,1883911.9663999993]]},"properties":{"OBJECTID":1387,"Shape_Length":2.5473460105004224,"Asset_ID":"DP1387","Name":null,"District_ID":"al Wadi","Wlyt_ID":"Salalah","Gov_ID":"Dhofar Governorate","Road_ID":"105509","Pipe_Diameter":100,"Pipe_Material":" ","Invert_Level_From_m":0,"Invert_Level_To_m":0,"Slop_Percentage":0,"Latitude":17.018185599999999,"Longitude":54.060843319999996,"GlobalID":"{1B181125-3C5F-40E7-96F1-DC912B78BA22}","NEAR_FID":10049,"NEAR_DIST":9.0823009665157368}},{"type":"Feature","id":1388,"geometry":{"type":"LineString","coordinates":[[186955.70249999966,1883857.7368999999],[186957.13599999994,1883855.4317000005]]},"properties":{"OBJECTID":1388,"Shape_Length":2.7145661325246762,"Asset_ID":"DP1388","Name":null,"District_ID":"al Wadi","Wlyt_ID":"Salalah","Gov_ID":"Dhofar Governorate","Road_ID":"104340","Pipe_Diameter":100,"Pipe_Material":" ","Invert_Level_From_m":0,"Invert_Level_To_m":0,"Slop_Percentage":0,"Latitude":17.017660899999999,"Longitude":54.059859170000003,"GlobalID":"{F87ADCAC-5BD6-4A88-AC7C-5866BF204F7F}","NEAR_FID":5280,"NEAR_DIST":6.1971641595718818}},{"type":"Feature","id":1389,"geometry":{"type":"LineString","coordinates":[[187061.67609999981,1883914.3044000007],[187026.34910000023,1883895.4412999991]]},"properties":{"OBJECTID":1389,"Shape_Length":40.047640013369673,"Asset_ID":"DP1389","Name":null,"District_ID":"al Wadi","Wlyt_ID":"Salalah","Gov_ID":"Dhofar Governorate","Road_ID":"105509","Pipe_Diameter":400,"Pipe_Material":" ","Invert_Level_From_m":0,"Invert_Level_To_m":0,"Slop_Percentage":0,"Latitude":17.018088559999999,"Longitude":54.060684729999998,"GlobalID":"{4BAF8A69-EA0C-469F-868F-EEFD9DE72F15}","NEAR_FID":10049,"NEAR_DIST":8.6602899082030422}},{"type":"Feature","id":1390,"geometry":{"type":"LineString","coordinates":[[187026.34910000023,1883895.4412999991],[187027.72059999965,1883893.3005999997]]},"properties":{"OBJECTID":1390,"Shape_Length":2.5423628253825616,"Asset_ID":"DP1390","Name":null,"District_ID":"al Wadi","Wlyt_ID":"Salalah","Gov_ID":"Dhofar Governorate","Road_ID":"105509","Pipe_Diameter":100,"Pipe_Material":" ","Invert_Level_From_m":0,"Invert_Level_To_m":0,"Slop_Percentage":0,"Latitude":17.01801197,"Longitude":54.060515379999998,"GlobalID":"{77D62ABF-9EED-4CC4-BA24-593E8116228B}","NEAR_FID":10049,"NEAR_DIST":8.6602899082030422}},{"type":"Feature","id":1391,"geometry":{"type":"LineString","coordinates":[[187026.34910000023,1883895.4412999991],[186991.04110000003,1883876.5802999996]]},"properties":{"OBJECTID":1391,"Shape_Length":40.029891143961137,"Asset_ID":"DP1391","Name":null,"District_ID":"al Wadi","Wlyt_ID":"Salalah","Gov_ID":"Dhofar Governorate","Road_ID":"105509","Pipe_Diameter":400,"Pipe_Material":" ","Invert_Level_From_m":0,"Invert_Level_To_m":0,"Slop_Percentage":0,"Latitude":17.017914869999998,"Longitude":54.060357150000002,"GlobalID":"{E5AFBF89-F09F-4842-8C24-A51ABAFDECD1}","NEAR_FID":10049,"NEAR_DIST":8.3306199155527985}},{"type":"Feature","id":1392,"geometry":{"type":"LineString","coordinates":[[186991.04110000003,1883876.5802999996],[186992.20249999966,1883874.6116000004]]},"properties":{"OBJECTID":1392,"Shape_Length":2.2857448776746661,"Asset_ID":"DP1392","Name":null,"District_ID":"al Wadi","Wlyt_ID":"Salalah","Gov_ID":"Dhofar Governorate","Road_ID":"105509","Pipe_Diameter":100,"Pipe_Material":" ","Invert_Level_From_m":0,"Invert_Level_To_m":0,"Slop_Percentage":0,"Latitude":17.01783661,"Longitude":54.06018589,"GlobalID":"{D62DCE0A-A06A-4F65-BCB2-4B3573360ED3}","NEAR_FID":10049,"NEAR_DIST":8.3306199155527985}},{"type":"Feature","id":1393,"geometry":{"type":"LineString","coordinates":[[186991.04110000003,1883876.5802999996],[186955.70249999966,1883857.7368999999]]},"properties":{"OBJECTID":1393,"Shape_Length":40.048600144489647,"Asset_ID":"DP1393","Name":null,"District_ID":"al Wadi","Wlyt_ID":"Salalah","Gov_ID":"Dhofar Governorate","Road_ID":"105509","Pipe_Diameter":400,"Pipe_Material":" ","Invert_Level_From_m":0,"Invert_Level_To_m":0,"Slop_Percentage":0,"Latitude":17.017739070000001,"Longitude":54.060028459999998,"GlobalID":"{84BE9986-0659-4409-A888-FBBF17785335}","NEAR_FID":10049,"NEAR_DIST":8.2040651880360844}},{"type":"Feature","id":1394,"geometry":{"type":"LineString","coordinates":[[186957.13599999994,1883855.4317000005],[186942.65689999983,1883845.2447999995]]},"properties":{"OBJECTID":1394,"Shape_Length":17.703594788744045,"Asset_ID":"DP1394","Name":null,"District_ID":"al Wadi","Wlyt_ID":"Salalah","Gov_ID":"Dhofar Governorate","Road_ID":"104340","Pipe_Diameter":400,"Pipe_Material":" ","Invert_Level_From_m":0,"Invert_Level_To_m":0,"Slop_Percentage":0,"Latitude":17.01759341,"Longitude":54.059790790000001,"GlobalID":"{D48C321A-FFA0-4801-BECF-0643549E9364}","NEAR_FID":5280,"NEAR_DIST":4.9103018993552592}},{"type":"Feature","id":1395,"geometry":{"type":"LineString","coordinates":[[186884.96140000038,1883820.1634999998],[186919.69809999969,1883830.1854999997]]},"properties":{"OBJECTID":1395,"Shape_Length":36.153544927706314,"Asset_ID":"DP1395","Name":null,"District_ID":"al Wadi","Wlyt_ID":"Salalah","Gov_ID":"Dhofar Governorate","Road_ID":"105509","Pipe_Diameter":200,"Pipe_Material":" ","Invert_Level_From_m":0,"Invert_Level_To_m":0,"Slop_Percentage":0,"Latitude":17.017369410000001,"Longitude":54.059354220000003,"GlobalID":"{8A0746F4-819C-4AC0-93AC-15FC1A235CD7}","NEAR_FID":10049,"NEAR_DIST":8.1166922127347636}},{"type":"Feature","id":1396,"geometry":{"type":"LineString","coordinates":[[190290.29959999956,1884427.8511999995],[190285.41170000006,1884426.7061000001]]},"properties":{"OBJECTID":1396,"Shape_Length":5.0202410712798899,"Asset_ID":"DP1396","Name":null,"District_ID":"Salalah al Jadida","Wlyt_ID":"Salalah","Gov_ID":"Dhofar Governorate","Road_ID":"104387","Pipe_Diameter":0,"Pipe_Material":" ","Invert_Level_From_m":0,"Invert_Level_To_m":0,"Slop_Percentage":0,"Latitude":17.023223430000002,"Longitude":54.091038300000001,"GlobalID":"{DC39248D-EAAD-4E1D-9D1D-C035CD10A95A}","NEAR_FID":12694,"NEAR_DIST":7.1344900716188118}},{"type":"Feature","id":1397,"geometry":{"type":"LineString","coordinates":[[190279.04609999992,1884466.7562000006],[190274.98749999981,1884462.4052000009]]},"properties":{"OBJECTID":1397,"Shape_Length":5.9500785674681147,"Asset_ID":"DP1397","Name":null,"District_ID":"Salalah al Jadida","Wlyt_ID":"Salalah","Gov_ID":"Dhofar Governorate","Road_ID":"104387","Pipe_Diameter":0,"Pipe_Material":" ","Invert_Level_From_m":0,"Invert_Level_To_m":0,"Slop_Percentage":0,"Latitude":17.023558730000001,"Longitude":54.090931380000001,"GlobalID":"{2FA465B2-A00F-40A2-960C-CF84742A3DDC}","NEAR_FID":16694,"NEAR_DIST":8.3392873753863732}},{"type":"Feature","id":1398,"geometry":{"type":"LineString","coordinates":[[190285.41170000006,1884426.7061000001],[190274.98749999981,1884462.4052000009]]},"properties":{"OBJECTID":1398,"Shape_Length":37.189913773911805,"Asset_ID":"DP1398","Name":null,"District_ID":"Salalah al Jadida","Wlyt_ID":"Salalah","Gov_ID":"Dhofar Governorate","Road_ID":"104387","Pipe_Diameter":200,"Pipe_Material":" ","Invert_Level_From_m":0,"Invert_Level_To_m":0,"Slop_Percentage":0,"Latitude":17.02337837,"Longitude":54.090964040000003,"GlobalID":"{396156D6-740E-4F5B-8DA7-A9119F36D970}","NEAR_FID":12694,"NEAR_DIST":12.154730736561154}},{"type":"Feature","id":1399,"geometry":{"type":"LineString","coordinates":[[192891.46499999985,1884600.4791000001],[192931.23070000019,1884597.4031000007]]},"properties":{"OBJECTID":1399,"Shape_Length":39.884491629119793,"Asset_ID":"DP1399","Name":null,"District_ID":"Salalah Airport","Wlyt_ID":"Salalah","Gov_ID":"Dhofar Governorate","Road_ID":"102645","Pipe_Diameter":600,"Pipe_Material":" ","Invert_Level_From_m":0,"Invert_Level_To_m":0,"Slop_Percentage":0,"Latitude":17.025124049999999,"Longitude":54.115632789999999,"GlobalID":"{3DE00312-4CB7-4288-B19E-CD5416E41D5F}","NEAR_FID":6177,"NEAR_DIST":5.7629002188373217}},{"type":"Feature","id":1400,"geometry":{"type":"LineString","coordinates":[[192931.23070000019,1884597.4031000007],[192971.17289999966,1884594.2410000004]]},"properties":{"OBJECTID":1400,"Shape_Length":40.067171315296591,"Asset_ID":"DP1400","Name":null,"District_ID":"Salalah Airport","Wlyt_ID":"Salalah","Gov_ID":"Dhofar Governorate","Road_ID":"102645","Pipe_Diameter":600,"Pipe_Material":" ","Invert_Level_From_m":0,"Invert_Level_To_m":0,"Slop_Percentage":0,"Latitude":17.025101200000002,"Longitude":54.116007209999999,"GlobalID":"{1466D296-3A90-4B66-8BA1-EC8A47AB769B}","NEAR_FID":6177,"NEAR_DIST":5.5545762751999321}},{"type":"Feature","id":1401,"geometry":{"type":"LineString","coordinates":[[192971.17289999966,1884594.2410000004],[193050.85989999957,1884587.9899000004]]},"properties":{"OBJECTID":1401,"Shape_Length":79.931809814346522,"Asset_ID":"DP1401","Name":null,"District_ID":"Salalah Airport","Wlyt_ID":"Salalah","Gov_ID":"Dhofar Governorate","Road_ID":"102645","Pipe_Diameter":600,"Pipe_Material":" ","Invert_Level_From_m":0,"Invert_Level_To_m":0,"Slop_Percentage":0,"Latitude":17.025066679999998,"Longitude":54.116569159999997,"GlobalID":"{387AD35E-E822-4ABD-B4D4-40DDEEC52673}","NEAR_FID":6177,"NEAR_DIST":5.2998942796552209}},{"type":"Feature","id":1402,"geometry":{"type":"LineString","coordinates":[[193051.15770000033,1884591.4622000009],[193050.85989999957,1884587.9899000004]]},"properties":{"OBJECTID":1402,"Shape_Length":3.4850469342384884,"Asset_ID":"DP1402","Name":null,"District_ID":"Salalah Airport","Wlyt_ID":"Salalah","Gov_ID":"Dhofar Governorate","Road_ID":"102645","Pipe_Diameter":600,"Pipe_Material":" ","Invert_Level_From_m":0,"Invert_Level_To_m":0,"Slop_Percentage":0,"Latitude":17.025059460000001,"Longitude":54.11694464,"GlobalID":"{C4911B44-504D-45C0-A229-936AF8134A6C}","NEAR_FID":6177,"NEAR_DIST":5.2998942796552209}},{"type":"Feature","id":1403,"geometry":{"type":"LineString","coordinates":[[193050.85989999957,1884587.9899000004],[193090.59449999966,1884585.0599000007]]},"properties":{"OBJECTID":1403,"Shape_Length":39.842481563839428,"Asset_ID":"DP1403","Name":null,"District_ID":"Salalah Airport","Wlyt_ID":"Salalah","Gov_ID":"Dhofar Governorate","Road_ID":"102645","Pipe_Diameter":600,"Pipe_Material":" ","Invert_Level_From_m":0,"Invert_Level_To_m":0,"Slop_Percentage":0,"Latitude":17.025033180000001,"Longitude":54.117130119999999,"GlobalID":"{35FC7CC8-AD78-4320-81AB-EDB74D7804BE}","NEAR_FID":6177,"NEAR_DIST":5.2998942796552209}},{"type":"Feature","id":1404,"geometry":{"type":"LineString","coordinates":[[193090.98180000018,1884588.3735000007],[193090.59449999966,1884585.0599000007]]},"properties":{"OBJECTID":1404,"Shape_Length":3.3361574079122747,"Asset_ID":"DP1404","Name":null,"District_ID":"Salalah Airport","Wlyt_ID":"Salalah","Gov_ID":"Dhofar Governorate","Road_ID":"102645","Pipe_Diameter":600,"Pipe_Material":" ","Invert_Level_From_m":0,"Invert_Level_To_m":0,"Slop_Percentage":0,"Latitude":17.025037579999999,"Longitude":54.117318339999997,"GlobalID":"{256CCA9D-835C-493A-BB90-E551037F67EF}","NEAR_FID":6177,"NEAR_DIST":5.3874538140869541}},{"type":"Feature","id":1405,"geometry":{"type":"LineString","coordinates":[[193090.59449999966,1884585.0599000007],[193130.50679999962,1884581.7957000006]]},"properties":{"OBJECTID":1405,"Shape_Length":40.045557717779211,"Asset_ID":"DP1405","Name":null,"District_ID":"Salalah Airport","Wlyt_ID":"Salalah","Gov_ID":"Dhofar Governorate","Road_ID":"100535","Pipe_Diameter":600,"Pipe_Material":" ","Invert_Level_From_m":0,"Invert_Level_To_m":0,"Slop_Percentage":0,"Latitude":17.025010519999999,"Longitude":54.117504250000003,"GlobalID":"{A5BA5F48-03F8-4A0D-AE9D-21A55DFEE779}","NEAR_FID":10293,"NEAR_DIST":0.98559656429784848}},{"type":"Feature","id":1406,"geometry":{"type":"LineString","coordinates":[[193130.75509999972,1884585.3379999995],[193130.50679999962,1884581.7957000006]]},"properties":{"OBJECTID":1406,"Shape_Length":3.5509917167496399,"Asset_ID":"DP1406","Name":null,"District_ID":"Salalah Airport","Wlyt_ID":"Salalah","Gov_ID":"Dhofar Governorate","Road_ID":"100535","Pipe_Diameter":600,"Pipe_Material":" ","Invert_Level_From_m":0,"Invert_Level_To_m":0,"Slop_Percentage":0,"Latitude":17.02501445,"Longitude":54.117692660000003,"GlobalID":"{1A071836-1705-4E18-861F-BD7127E18358}","NEAR_FID":10293,"NEAR_DIST":0.98559656429784848}},{"type":"Feature","id":1407,"geometry":{"type":"LineString","coordinates":[[193130.50679999962,1884581.7957000006],[193170.5131000001,1884578.6270000003]]},"properties":{"OBJECTID":1407,"Shape_Length":40.131592286123322,"Asset_ID":"DP1407","Name":null,"District_ID":"Salalah Airport","Wlyt_ID":"Salalah","Gov_ID":"Dhofar Governorate","Road_ID":"100535","Pipe_Diameter":600,"Pipe_Material":" ","Invert_Level_From_m":0,"Invert_Level_To_m":0,"Slop_Percentage":0,"Latitude":17.024986800000001,"Longitude":54.117879670000001,"GlobalID":"{ADA0B6A4-22B0-4E2C-A730-1E7EFA593AF1}","NEAR_FID":10293,"NEAR_DIST":0}},{"type":"Feature","id":1408,"geometry":{"type":"LineString","coordinates":[[193170.5131000001,1884578.6270000003],[193210.25,1884575.5489000008]]},"properties":{"OBJECTID":1408,"Shape_Length":39.855939597625579,"Asset_ID":"DP1408","Name":null,"District_ID":"Salalah Airport","Wlyt_ID":"Salalah","Gov_ID":"Dhofar Governorate","Road_ID":"102645","Pipe_Diameter":600,"Pipe_Material":" ","Invert_Level_From_m":0,"Invert_Level_To_m":0,"Slop_Percentage":0,"Latitude":17.02496391,"Longitude":54.11825426,"GlobalID":"{27074202-FB6D-4C08-A8EC-AB75836A0070}","NEAR_FID":8178,"NEAR_DIST":5.4786761303543789}},{"type":"Feature","id":1409,"geometry":{"type":"LineString","coordinates":[[193210.25,1884575.5489000008],[193250.13090000022,1884572.4726999998]]},"properties":{"OBJECTID":1409,"Shape_Length":39.999364885876666,"Asset_ID":"DP1409","Name":null,"District_ID":"Salalah Airport","Wlyt_ID":"Salalah","Gov_ID":"Dhofar Governorate","Road_ID":"100535","Pipe_Diameter":600,"Pipe_Material":" ","Invert_Level_From_m":0,"Invert_Level_To_m":0,"Slop_Percentage":0,"Latitude":17.024941429999998,"Longitude":54.11862825,"GlobalID":"{585AD8E1-7B89-416B-93EA-9A7A121BE9A8}","NEAR_FID":18200,"NEAR_DIST":0}},{"type":"Feature","id":1410,"geometry":{"type":"LineString","coordinates":[[193250.48629999999,1884575.8648000006],[193250.13090000022,1884572.4726999998]]},"properties":{"OBJECTID":1410,"Shape_Length":3.4106673210605059,"Asset_ID":"DP1410","Name":null,"District_ID":"Salalah Airport","Wlyt_ID":"Salalah","Gov_ID":"Dhofar Governorate","Road_ID":"100535","Pipe_Diameter":0,"Pipe_Material":" ","Invert_Level_From_m":0,"Invert_Level_To_m":0,"Slop_Percentage":0,"Latitude":17.02494553,"Longitude":54.118817020000002,"GlobalID":"{1F2539E9-9E60-430C-B9F5-805A15AE2A11}","NEAR_FID":18200,"NEAR_DIST":3.5711880850500477}},{"type":"Feature","id":1411,"geometry":{"type":"LineString","coordinates":[[193250.13090000022,1884572.4726999998],[193289.95500000007,1884569.3772]]},"properties":{"OBJECTID":1411,"Shape_Length":39.944224376587201,"Asset_ID":"DP1411","Name":null,"District_ID":"Salalah Airport","Wlyt_ID":"Salalah","Gov_ID":"Dhofar Governorate","Road_ID":"100535","Pipe_Diameter":600,"Pipe_Material":" ","Invert_Level_From_m":0,"Invert_Level_To_m":0,"Slop_Percentage":0,"Latitude":17.02491887,"Longitude":54.119002649999999,"GlobalID":"{BED8973E-0C0F-4A6A-BDEA-799DC43E813C}","NEAR_FID":18200,"NEAR_DIST":3.5711880850500477}},{"type":"Feature","id":1412,"geometry":{"type":"LineString","coordinates":[[193290.27290000021,1884572.7014000006],[193289.95500000007,1884569.3772]]},"properties":{"OBJECTID":1412,"Shape_Length":3.3393661156229477,"Asset_ID":"DP1412","Name":null,"District_ID":"Salalah Airport","Wlyt_ID":"Salalah","Gov_ID":"Dhofar Governorate","Road_ID":"102645","Pipe_Diameter":0,"Pipe_Material":" ","Invert_Level_From_m":0,"Invert_Level_To_m":0,"Slop_Percentage":0,"Latitude":17.024922570000001,"Longitude":54.119190979999999,"GlobalID":"{2938D2FA-0526-4C0F-ABF0-1C5F0E24A4E3}","NEAR_FID":14664,"NEAR_DIST":5.2787771117040183}},{"type":"Feature","id":1413,"geometry":{"type":"LineString","coordinates":[[193289.95500000007,1884569.3772],[193330.00100000016,1884567.1848000009]]},"properties":{"OBJECTID":1413,"Shape_Length":40.105968804697035,"Asset_ID":"DP1413","Name":null,"District_ID":"Salalah Airport","Wlyt_ID":"Salalah","Gov_ID":"Dhofar Governorate","Road_ID":"102645","Pipe_Diameter":600,"Pipe_Material":" ","Invert_Level_From_m":0,"Invert_Level_To_m":0,"Slop_Percentage":0,"Latitude":17.02490031,"Longitude":54.11937777,"GlobalID":"{EEA727C6-1B08-4B58-AC49-4CF4CCD2028A}","NEAR_FID":14664,"NEAR_DIST":5.2787771117040183}},{"type":"Feature","id":1414,"geometry":{"type":"LineString","coordinates":[[193330.00100000016,1884567.1848000009],[193369.58990000002,1884563.0998]]},"properties":{"OBJECTID":1414,"Shape_Length":39.799098334082622,"Asset_ID":"DP1414","Name":null,"District_ID":"Salalah Airport","Wlyt_ID":"Salalah","Gov_ID":"Dhofar Governorate","Road_ID":"102645","Pipe_Diameter":600,"Pipe_Material":" ","Invert_Level_From_m":0,"Invert_Level_To_m":0,"Slop_Percentage":0,"Latitude":17.024877270000001,"Longitude":54.11975185,"GlobalID":"{262925F4-F08A-4733-9EED-954C32A9B9CC}","NEAR_FID":14664,"NEAR_DIST":5.7697182869401633}},{"type":"Feature","id":1415,"geometry":{"type":"LineString","coordinates":[[193369.58990000002,1884563.0998],[193409.52749999985,1884560.0593999997]]},"properties":{"OBJECTID":1415,"Shape_Length":40.053163744056334,"Asset_ID":"DP1415","Name":null,"District_ID":"Salalah Airport","Wlyt_ID":"Salalah","Gov_ID":"Dhofar Governorate","Road_ID":"102645","Pipe_Diameter":600,"Pipe_Material":" ","Invert_Level_From_m":0,"Invert_Level_To_m":0,"Slop_Percentage":0,"Latitude":17.024850390000001,"Longitude":54.120125479999999,"GlobalID":"{3EFBFF6D-6DAA-4E07-BE0A-A1476343618B}","NEAR_FID":14664,"NEAR_DIST":5.7697182869401633}},{"type":"Feature","id":1416,"geometry":{"type":"LineString","coordinates":[[193409.52749999985,1884560.0593999997],[193449.40620000008,1884556.9050999992]]},"properties":{"OBJECTID":1416,"Shape_Length":40.003253895176208,"Asset_ID":"DP1416","Name":null,"District_ID":"Salalah Airport","Wlyt_ID":"Salalah","Gov_ID":"Dhofar Governorate","Road_ID":"102645","Pipe_Diameter":600,"Pipe_Material":" ","Invert_Level_From_m":0,"Invert_Level_To_m":0,"Slop_Percentage":0,"Latitude":17.024827739999999,"Longitude":54.120500399999997,"GlobalID":"{E2D42C19-BDDE-4B1F-B565-A152A62EAF01}","NEAR_FID":14664,"NEAR_DIST":5.5634999082357517}},{"type":"Feature","id":1417,"geometry":{"type":"LineString","coordinates":[[193449.40620000008,1884556.9050999992],[193489.27819999959,1884553.9021000005]]},"properties":{"OBJECTID":1417,"Shape_Length":39.984927071992431,"Asset_ID":"DP1417","Name":null,"District_ID":"Salalah Airport","Wlyt_ID":"Salalah","Gov_ID":"Dhofar Governorate","Road_ID":"102645","Pipe_Diameter":600,"Pipe_Material":" ","Invert_Level_From_m":0,"Invert_Level_To_m":0,"Slop_Percentage":0,"Latitude":17.024805239999999,"Longitude":54.12087502,"GlobalID":"{CE3D274D-F366-4D10-9BF1-BCCA97F8093B}","NEAR_FID":14664,"NEAR_DIST":5.3731321413550415}},{"type":"Feature","id":1418,"geometry":{"type":"LineString","coordinates":[[193489.27819999959,1884553.9021000005],[193529.11170000024,1884550.6744999997]]},"properties":{"OBJECTID":1418,"Shape_Length":39.964047893910795,"Asset_ID":"DP1418","Name":null,"District_ID":"Salalah Airport","Wlyt_ID":"Salalah","Gov_ID":"Dhofar Governorate","Road_ID":"102645","Pipe_Diameter":600,"Pipe_Material":" ","Invert_Level_From_m":0,"Invert_Level_To_m":0,"Slop_Percentage":0,"Latitude":17.024782420000001,"Longitude":54.121249419999998,"GlobalID":"{DC51B803-78B3-4A69-A61E-F233827E97D8}","NEAR_FID":14664,"NEAR_DIST":5.5235036416207937}},{"type":"Feature","id":1419,"geometry":{"type":"LineString","coordinates":[[193529.11170000024,1884550.6744999997],[193568.36290000007,1884548.7522999998]]},"properties":{"OBJECTID":1419,"Shape_Length":39.298238564417417,"Asset_ID":"DP1419","Name":null,"District_ID":"Salalah Airport","Wlyt_ID":"Salalah","Gov_ID":"Dhofar Governorate","Road_ID":"102645","Pipe_Diameter":700,"Pipe_Material":" ","Invert_Level_From_m":0,"Invert_Level_To_m":0,"Slop_Percentage":0,"Latitude":17.024764430000001,"Longitude":54.121620849999999,"GlobalID":"{DE14ADDA-6AF4-4888-B77A-B35403B04C89}","NEAR_FID":14664,"NEAR_DIST":5.5235036416207937}},{"type":"Feature","id":1420,"geometry":{"type":"LineString","coordinates":[[193568.36290000007,1884548.7522999998],[193607.26300000027,1884549.1689999998]]},"properties":{"OBJECTID":1420,"Shape_Length":38.902331792782284,"Asset_ID":"DP1420","Name":null,"District_ID":"Salalah Airport","Wlyt_ID":"Salalah","Gov_ID":"Dhofar Governorate","Road_ID":"102645","Pipe_Diameter":700,"Pipe_Material":" ","Invert_Level_From_m":0,"Invert_Level_To_m":0,"Slop_Percentage":0,"Latitude":17.024762819999999,"Longitude":54.12198764,"GlobalID":"{857CD656-8198-485D-BFE6-D1BEF3DE5480}","NEAR_FID":14664,"NEAR_DIST":5.6057764084861414}},{"type":"Feature","id":1421,"geometry":{"type":"LineString","coordinates":[[193607.26300000027,1884549.1689999998],[193645.62829999998,1884553.4414000008]]},"properties":{"OBJECTID":1421,"Shape_Length":38.602456474130484,"Asset_ID":"DP1421","Name":null,"District_ID":"Salalah Airport","Wlyt_ID":"Salalah","Gov_ID":"Dhofar Governorate","Road_ID":"102645","Pipe_Diameter":700,"Pipe_Material":" ","Invert_Level_From_m":0,"Invert_Level_To_m":0,"Slop_Percentage":0,"Latitude":17.024789120000001,"Longitude":54.122349839999998,"GlobalID":"{94169F26-F59C-4CB3-A62B-617E2BADE0E5}","NEAR_FID":14664,"NEAR_DIST":5.2516772792619708}},{"type":"Feature","id":1422,"geometry":{"type":"LineString","coordinates":[[193645.62829999998,1884553.4414000008],[193683.32400000002,1884561.3872999996]]},"properties":{"OBJECTID":1422,"Shape_Length":38.524059044751148,"Asset_ID":"DP1422","Name":null,"District_ID":"Salalah Airport","Wlyt_ID":"Salalah","Gov_ID":"Dhofar Governorate","Road_ID":"102645","Pipe_Diameter":700,"Pipe_Material":" ","Invert_Level_From_m":0,"Invert_Level_To_m":0,"Slop_Percentage":0,"Latitude":17.024849329999999,"Longitude":54.122705879999998,"GlobalID":"{8A3E34FF-5274-439A-B5DC-929489258ED4}","NEAR_FID":14664,"NEAR_DIST":5.2516772792619708}},{"type":"Feature","id":1423,"geometry":{"type":"LineString","coordinates":[[193683.32400000002,1884561.3872999996],[193720.37480000034,1884573.1009999998]]},"properties":{"OBJECTID":1423,"Shape_Length":38.858365230129372,"Asset_ID":"DP1423","Name":null,"District_ID":"Salalah Airport","Wlyt_ID":"Salalah","Gov_ID":"Dhofar Governorate","Road_ID":"102645","Pipe_Diameter":800,"Pipe_Material":" ","Invert_Level_From_m":0,"Invert_Level_To_m":0,"Slop_Percentage":0,"Latitude":17.02494304,"Longitude":54.123055229999999,"GlobalID":"{560C5015-FB6F-4C5A-B919-ED3BBEE86A22}","NEAR_FID":14664,"NEAR_DIST":5.312469260915095}},{"type":"Feature","id":1424,"geometry":{"type":"LineString","coordinates":[[193718.95739999972,1884576.3662999999],[193720.37480000034,1884573.1009999998]]},"properties":{"OBJECTID":1424,"Shape_Length":3.5596638678832062,"Asset_ID":"DP1424","Name":null,"District_ID":"Salalah Airport","Wlyt_ID":"Salalah","Gov_ID":"Dhofar Governorate","Road_ID":"102645","Pipe_Diameter":0,"Pipe_Material":" ","Invert_Level_From_m":0,"Invert_Level_To_m":0,"Slop_Percentage":0,"Latitude":17.025013019999999,"Longitude":54.123221389999998,"GlobalID":"{3DE111BF-246C-4025-8335-39A3D5E367F9}","NEAR_FID":14664,"NEAR_DIST":5.8430045654415208}},{"type":"Feature","id":1425,"geometry":{"type":"LineString","coordinates":[[193720.37480000034,1884573.1009999998],[193756.48460000008,1884588.3954000007]]},"properties":{"OBJECTID":1425,"Shape_Length":39.215256309380258,"Asset_ID":"DP1425","Name":null,"District_ID":"Salalah Airport","Wlyt_ID":"Salalah","Gov_ID":"Dhofar Governorate","Road_ID":"102645","Pipe_Diameter":800,"Pipe_Material":" ","Invert_Level_From_m":0,"Invert_Level_To_m":0,"Slop_Percentage":0,"Latitude":17.025069810000002,"Longitude":54.123396630000002,"GlobalID":"{B926FA3D-FC25-4382-A1B9-5D968BE81DF6}","NEAR_FID":14664,"NEAR_DIST":5.8430045654415208}},{"type":"Feature","id":1426,"geometry":{"type":"LineString","coordinates":[[193755.16779999994,1884591.6309999991],[193756.48460000008,1884588.3954000007]]},"properties":{"OBJECTID":1426,"Shape_Length":3.4932892221990079,"Asset_ID":"DP1426","Name":null,"District_ID":"Salalah Airport","Wlyt_ID":"Salalah","Gov_ID":"Dhofar Governorate","Road_ID":"102645","Pipe_Diameter":0,"Pipe_Material":" ","Invert_Level_From_m":0,"Invert_Level_To_m":0,"Slop_Percentage":0,"Latitude":17.025155770000001,"Longitude":54.123558600000003,"GlobalID":"{4C2C6BC3-35BD-432E-80AF-00C2B7A2FD20}","NEAR_FID":14664,"NEAR_DIST":6.8013046727840427}},{"type":"Feature","id":1427,"geometry":{"type":"LineString","coordinates":[[193756.48460000008,1884588.3954000007],[193792.37289999984,1884605.1684000008]]},"properties":{"OBJECTID":1427,"Shape_Length":39.614436836514194,"Asset_ID":"DP1427","Name":null,"District_ID":"Salalah Airport","Wlyt_ID":"Salalah","Gov_ID":"Dhofar Governorate","Road_ID":"102645","Pipe_Diameter":800,"Pipe_Material":" ","Invert_Level_From_m":0,"Invert_Level_To_m":0,"Slop_Percentage":0,"Latitude":17.02521935,"Longitude":54.123732240000002,"GlobalID":"{5709A475-8D14-4B0C-B795-DE553CD98CD9}","NEAR_FID":14664,"NEAR_DIST":6.8013046727840427}},{"type":"Feature","id":1428,"geometry":{"type":"LineString","coordinates":[[193791.02309999987,1884608.4386999998],[193792.37289999984,1884605.1684000008]]},"properties":{"OBJECTID":1428,"Shape_Length":3.5379121136136784,"Asset_ID":"DP1428","Name":null,"District_ID":"Salalah Airport","Wlyt_ID":"Salalah","Gov_ID":"Dhofar Governorate","Road_ID":"102645","Pipe_Diameter":0,"Pipe_Material":" ","Invert_Level_From_m":0,"Invert_Level_To_m":0,"Slop_Percentage":0,"Latitude":17.025312119999999,"Longitude":54.123892910000002,"GlobalID":"{787DA8B9-7E4B-4CF8-AD9B-5F2003700676}","NEAR_FID":14664,"NEAR_DIST":7.595435509563365}},{"type":"Feature","id":1429,"geometry":{"type":"LineString","coordinates":[[193792.37289999984,1884605.1684000008],[193827.33770000003,1884621.5035999995]]},"properties":{"OBJECTID":1429,"Shape_Length":38.592434466493494,"Asset_ID":"DP1429","Name":null,"District_ID":"Salalah Airport","Wlyt_ID":"Salalah","Gov_ID":"Dhofar Governorate","Road_ID":"100557","Pipe_Diameter":800,"Pipe_Material":" ","Invert_Level_From_m":0,"Invert_Level_To_m":0,"Slop_Percentage":0,"Latitude":17.025373510000001,"Longitude":54.1240624,"GlobalID":"{F44A1A28-145F-433D-96DF-DEAF44789CB9}","NEAR_FID":8077,"NEAR_DIST":0}},{"type":"Feature","id":1430,"geometry":{"type":"LineString","coordinates":[[193827.33770000003,1884621.5035999995],[193865.01009999961,1884640.3026000001]]},"properties":{"OBJECTID":1430,"Shape_Length":42.102400439283031,"Asset_ID":"DP1430","Name":null,"District_ID":"Jerziz Farm","Wlyt_ID":"Salalah","Gov_ID":"Dhofar Governorate","Road_ID":"100557","Pipe_Diameter":800,"Pipe_Material":" ","Invert_Level_From_m":0,"Invert_Level_To_m":0,"Slop_Percentage":0,"Latitude":17.025536930000001,"Longitude":54.124400790000003,"GlobalID":"{9547164A-5B9A-4B54-B8A6-F8B964BD75B7}","NEAR_FID":12618,"NEAR_DIST":0}},{"type":"Feature","id":1431,"geometry":{"type":"LineString","coordinates":[[193863.33690000046,1884643.4181999993],[193865.01009999961,1884640.3026000001]]},"properties":{"OBJECTID":1431,"Shape_Length":3.5364617334539927,"Asset_ID":"DP1431","Name":null,"District_ID":"Jerziz Farm","Wlyt_ID":"Salalah","Gov_ID":"Dhofar Governorate","Road_ID":"102645","Pipe_Diameter":0,"Pipe_Material":" ","Invert_Level_From_m":0,"Invert_Level_To_m":0,"Slop_Percentage":0,"Latitude":17.025638239999999,"Longitude":54.124568179999997,"GlobalID":"{765EB46A-6EB7-480F-89C6-F59DCAA15E3B}","NEAR_FID":9481,"NEAR_DIST":7.7110072449704186}},{"type":"Feature","id":1432,"geometry":{"type":"LineString","coordinates":[[193865.01009999961,1884640.3026000001],[193901.14829999954,1884657.4178999998]]},"properties":{"OBJECTID":1432,"Shape_Length":39.986285065195005,"Asset_ID":"DP1432","Name":null,"District_ID":"Jerziz Farm","Wlyt_ID":"Salalah","Gov_ID":"Dhofar Governorate","Road_ID":"102645","Pipe_Diameter":800,"Pipe_Material":" ","Invert_Level_From_m":0,"Invert_Level_To_m":0,"Slop_Percentage":0,"Latitude":17.02570394,"Longitude":54.124744630000002,"GlobalID":"{6E4A005E-B205-4C3F-82AF-26A4B2F82C58}","NEAR_FID":9481,"NEAR_DIST":7.6826313898787131}},{"type":"Feature","id":1433,"geometry":{"type":"LineString","coordinates":[[193899.48660000041,1884660.6028000005],[193901.14829999954,1884657.4178999998]]},"properties":{"OBJECTID":1433,"Shape_Length":3.5923300101037827,"Asset_ID":"DP1433","Name":null,"District_ID":"Jerziz Farm","Wlyt_ID":"Salalah","Gov_ID":"Dhofar Governorate","Road_ID":"102645","Pipe_Diameter":0,"Pipe_Material":" ","Invert_Level_From_m":0,"Invert_Level_To_m":0,"Slop_Percentage":0,"Latitude":17.025797870000002,"Longitude":54.124904989999997,"GlobalID":"{7FFD4444-9FFA-49DA-9D39-7F4E87996D89}","NEAR_FID":9481,"NEAR_DIST":7.6826313898787131}},{"type":"Feature","id":1434,"geometry":{"type":"LineString","coordinates":[[193901.14829999954,1884657.4178999998],[193936.81799999997,1884675.4550000001]]},"properties":{"OBJECTID":1434,"Shape_Length":39.970795270323485,"Asset_ID":"DP1434","Name":null,"District_ID":"Jerziz Farm","Wlyt_ID":"Salalah","Gov_ID":"Dhofar Governorate","Road_ID":"102645","Pipe_Diameter":800,"Pipe_Material":" ","Invert_Level_From_m":0,"Invert_Level_To_m":0,"Slop_Percentage":0,"Latitude":17.025867389999998,"Longitude":54.125079130000003,"GlobalID":"{E7CF8687-8D8F-4C14-BF25-85DACA4755A5}","NEAR_FID":9481,"NEAR_DIST":7.6826313898787131}},{"type":"Feature","id":1435,"geometry":{"type":"LineString","coordinates":[[193936.81799999997,1884675.4550000001],[193973.33669999987,1884691.8029999994]]},"properties":{"OBJECTID":1435,"Shape_Length":40.010905434140085,"Asset_ID":"DP1435","Name":null,"District_ID":"Jerziz Farm","Wlyt_ID":"Salalah","Gov_ID":"Dhofar Governorate","Road_ID":"102645","Pipe_Diameter":400,"Pipe_Material":" ","Invert_Level_From_m":0,"Invert_Level_To_m":0,"Slop_Percentage":0,"Latitude":17.0260274,"Longitude":54.12541547,"GlobalID":"{93D850F2-5408-40F7-87CD-268DD224F892}","NEAR_FID":9481,"NEAR_DIST":8.2147395171122888}},{"type":"Feature","id":1436,"geometry":{"type":"LineString","coordinates":[[193973.33669999987,1884691.8029999994],[194009.40639999975,1884708.8541000001]]},"properties":{"OBJECTID":1436,"Shape_Length":39.896908016991524,"Asset_ID":"DP1436","Name":null,"District_ID":"Jerziz Farm","Wlyt_ID":"Salalah","Gov_ID":"Dhofar Governorate","Road_ID":"102645","Pipe_Diameter":400,"Pipe_Material":" ","Invert_Level_From_m":0,"Invert_Level_To_m":0,"Slop_Percentage":0,"Latitude":17.026182980000002,"Longitude":54.125753750000001,"GlobalID":"{F4739D55-60F2-4128-8938-67AD92FB4F06}","NEAR_FID":9481,"NEAR_DIST":8.2147395171122888}},{"type":"Feature","id":1437,"geometry":{"type":"LineString","coordinates":[[194009.40639999975,1884708.8541000001],[194045.5410000002,1884725.9938999992]]},"properties":{"OBJECTID":1437,"Shape_Length":39.993525240983459,"Asset_ID":"DP1437","Name":null,"District_ID":"Jerziz Farm","Wlyt_ID":"Salalah","Gov_ID":"Dhofar Governorate","Road_ID":"102645","Pipe_Diameter":400,"Pipe_Material":" ","Invert_Level_From_m":0,"Invert_Level_To_m":0,"Slop_Percentage":0,"Latitude":17.026342110000002,"Longitude":54.126090179999998,"GlobalID":"{C7C9DF88-AF9B-467B-8AD5-EB9E82040923}","NEAR_FID":9481,"NEAR_DIST":8.3116874390273896}},{"type":"Feature","id":1438,"geometry":{"type":"LineString","coordinates":[[194045.5410000002,1884725.9938999992],[194108.98929999955,1884755.8421999998]]},"properties":{"OBJECTID":1438,"Shape_Length":70.118526693993857,"Asset_ID":"DP1438","Name":null,"District_ID":"Jerziz Farm","Wlyt_ID":"Salalah","Gov_ID":"Dhofar Governorate","Road_ID":"102645","Pipe_Diameter":400,"Pipe_Material":" ","Invert_Level_From_m":0,"Invert_Level_To_m":0,"Slop_Percentage":0,"Latitude":17.02656082,"Longitude":54.12655419,"GlobalID":"{46FE6D36-BC25-4529-9A46-B92D5A8DB2D1}","NEAR_FID":9481,"NEAR_DIST":7.9720248085815353}},{"type":"Feature","id":1439,"geometry":{"type":"LineString","coordinates":[[194108.98929999955,1884755.8421999998],[194154.19900000002,1884777.2181000002]]},"properties":{"OBJECTID":1439,"Shape_Length":50.008460033848088,"Asset_ID":"DP1439","Name":null,"District_ID":"Jerziz Farm","Wlyt_ID":"Salalah","Gov_ID":"Dhofar Governorate","Road_ID":"102645","Pipe_Diameter":400,"Pipe_Material":" ","Invert_Level_From_m":0,"Invert_Level_To_m":0,"Slop_Percentage":0,"Latitude":17.026799260000001,"Longitude":54.127060489999998,"GlobalID":"{ED44D675-C0D9-471F-B53E-C1E2215ECE8D}","NEAR_FID":9481,"NEAR_DIST":7.9720248085815353}},{"type":"Feature","id":1440,"geometry":{"type":"LineString","coordinates":[[194154.19900000002,1884777.2181000002],[194190.4570000004,1884794.2670000009]]},"properties":{"OBJECTID":1440,"Shape_Length":40.066289512046943,"Asset_ID":"DP1440","Name":null,"District_ID":"Jerziz Farm","Wlyt_ID":"Salalah","Gov_ID":"Dhofar Governorate","Road_ID":"102645","Pipe_Diameter":800,"Pipe_Material":" ","Invert_Level_From_m":0,"Invert_Level_To_m":0,"Slop_Percentage":0,"Latitude":17.026978119999999,"Longitude":54.12744009,"GlobalID":"{9A10BC1E-7C0D-4791-8896-F3459F382B9A}","NEAR_FID":9481,"NEAR_DIST":7.9352398210615265}},{"type":"Feature","id":1441,"geometry":{"type":"LineString","coordinates":[[194190.4570000004,1884794.2670000009],[194227.12999999989,1884810.7649000008]]},"properties":{"OBJECTID":1441,"Shape_Length":40.213053022210111,"Asset_ID":"DP1441","Name":null,"District_ID":"Jerziz Farm","Wlyt_ID":"Salalah","Gov_ID":"Dhofar Governorate","Road_ID":"102645","Pipe_Diameter":800,"Pipe_Material":" ","Invert_Level_From_m":0,"Invert_Level_To_m":0,"Slop_Percentage":0,"Latitude":17.027134390000001,"Longitude":54.12777998,"GlobalID":"{C85CBE09-235B-47FA-AE12-ACB935FF17F0}","NEAR_FID":9481,"NEAR_DIST":8.0783626113247493}},{"type":"Feature","id":1442,"geometry":{"type":"LineString","coordinates":[[194227.12999999989,1884810.7649000008],[194264.29119999986,1884826.4390999991]]},"properties":{"OBJECTID":1442,"Shape_Length":40.331567425866091,"Asset_ID":"DP1442","Name":null,"District_ID":"Jerziz Farm","Wlyt_ID":"Salalah","Gov_ID":"Dhofar Governorate","Road_ID":"102645","Pipe_Diameter":800,"Pipe_Material":" ","Invert_Level_From_m":0,"Invert_Level_To_m":0,"Slop_Percentage":0,"Latitude":17.027284510000001,"Longitude":54.128124190000001,"GlobalID":"{FD5008D9-F2FF-4819-B503-DDAC1D03D185}","NEAR_FID":9481,"NEAR_DIST":8.2962597717669997}},{"type":"Feature","id":1443,"geometry":{"type":"LineString","coordinates":[[194264.29119999986,1884826.4390999991],[194301.69299999997,1884841.3059]]},"properties":{"OBJECTID":1443,"Shape_Length":40.248184872297436,"Asset_ID":"DP1443","Name":null,"District_ID":"Jerziz Farm","Wlyt_ID":"Salalah","Gov_ID":"Dhofar Governorate","Road_ID":"102645","Pipe_Diameter":800,"Pipe_Material":" ","Invert_Level_From_m":0,"Invert_Level_To_m":0,"Slop_Percentage":0,"Latitude":17.027427320000001,"Longitude":54.128471949999998,"GlobalID":"{8EB9B050-F0A1-4108-88AA-8C62032321A1}","NEAR_FID":9481,"NEAR_DIST":7.6461156680258648}},{"type":"Feature","id":1444,"geometry":{"type":"LineString","coordinates":[[194301.69299999997,1884841.3059],[194342.3992999997,1884859.3894999996]]},"properties":{"OBJECTID":1444,"Shape_Length":44.542333219214477,"Asset_ID":"DP1444","Name":null,"District_ID":"Jerziz Farm","Wlyt_ID":"Salalah","Gov_ID":"Dhofar Governorate","Road_ID":"102645","Pipe_Diameter":800,"Pipe_Material":" ","Invert_Level_From_m":0,"Invert_Level_To_m":0,"Slop_Percentage":0,"Latitude":17.027581229999999,"Longitude":54.12883617,"GlobalID":"{64921E2D-3717-4C78-9955-96A2EA98A9FF}","NEAR_FID":9481,"NEAR_DIST":8.0219202687482927}},{"type":"Feature","id":1445,"geometry":{"type":"LineString","coordinates":[[194342.3992999997,1884859.3894999996],[194377.19350000005,1884868.9596999995]]},"properties":{"OBJECTID":1445,"Shape_Length":36.086355893935547,"Asset_ID":"DP1445","Name":null,"District_ID":"Jerziz Farm","Wlyt_ID":"Salalah","Gov_ID":"Dhofar Governorate","Road_ID":"102645","Pipe_Diameter":800,"Pipe_Material":" ","Invert_Level_From_m":0,"Invert_Level_To_m":0,"Slop_Percentage":0,"Latitude":17.027711069999999,"Longitude":54.12918852,"GlobalID":"{C1B2CE5C-964F-4CCB-9ED3-D358CA3A1A70}","NEAR_FID":16051,"NEAR_DIST":6.4641974473905766}},{"type":"Feature","id":1446,"geometry":{"type":"LineString","coordinates":[[194375.85489999969,1884872.3385000005],[194377.19350000005,1884868.9596999995]]},"properties":{"OBJECTID":1446,"Shape_Length":3.6343004014126126,"Asset_ID":"DP1446","Name":null,"District_ID":"Jerziz Farm","Wlyt_ID":"Salalah","Gov_ID":"Dhofar Governorate","Road_ID":"102645","Pipe_Diameter":0,"Pipe_Material":" ","Invert_Level_From_m":0,"Invert_Level_To_m":0,"Slop_Percentage":0,"Latitude":17.027771739999999,"Longitude":54.129344600000003,"GlobalID":"{BF36DFD2-7107-478B-9CCA-8F1E6566C16A}","NEAR_FID":16051,"NEAR_DIST":6.4641974473905766}},{"type":"Feature","id":1447,"geometry":{"type":"LineString","coordinates":[[194377.19350000005,1884868.9596999995],[194414.92410000041,1884882.1557]]},"properties":{"OBJECTID":1447,"Shape_Length":39.971647356586281,"Asset_ID":"DP1447","Name":null,"District_ID":"Jerziz Farm","Wlyt_ID":"Salalah","Gov_ID":"Dhofar Governorate","Road_ID":"102645","Pipe_Diameter":800,"Pipe_Material":" ","Invert_Level_From_m":0,"Invert_Level_To_m":0,"Slop_Percentage":0,"Latitude":17.02781865,"Longitude":54.129527240000002,"GlobalID":"{E155FA6D-E5FF-40D4-BF40-675DEE49707E}","NEAR_FID":16051,"NEAR_DIST":3.178449387145569}},{"type":"Feature","id":1448,"geometry":{"type":"LineString","coordinates":[[194413.64039999992,1884885.5022],[194414.92410000041,1884882.1557]]},"properties":{"OBJECTID":1448,"Shape_Length":3.5842639329673265,"Asset_ID":"DP1448","Name":null,"District_ID":"Jerziz Farm","Wlyt_ID":"Salalah","Gov_ID":"Dhofar Governorate","Road_ID":"102645","Pipe_Diameter":0,"Pipe_Material":" ","Invert_Level_From_m":0,"Invert_Level_To_m":0,"Slop_Percentage":0,"Latitude":17.027895740000002,"Longitude":54.129697110000002,"GlobalID":"{2A747B88-1BC2-4149-BBEA-7F62001968FA}","NEAR_FID":16051,"NEAR_DIST":3.178449387145569}},{"type":"Feature","id":1449,"geometry":{"type":"LineString","coordinates":[[194414.92410000041,1884882.1557],[194448.89520000014,1884894.0234999992]]},"properties":{"OBJECTID":1449,"Shape_Length":35.984445417606587,"Asset_ID":"DP1449","Name":null,"District_ID":"Jerziz Farm","Wlyt_ID":"Salalah","Gov_ID":"Dhofar Governorate","Road_ID":"102645","Pipe_Diameter":800,"Pipe_Material":" ","Invert_Level_From_m":0,"Invert_Level_To_m":0,"Slop_Percentage":0,"Latitude":17.027936539999999,"Longitude":54.129861949999999,"GlobalID":"{72A3C9DD-1966-456E-AFB5-19121C71B38E}","NEAR_FID":16051,"NEAR_DIST":0}},{"type":"Feature","id":1450,"geometry":{"type":"LineString","coordinates":[[194448.89520000014,1884894.0234999992],[194490.2714999998,1884908.7424999997]]},"properties":{"OBJECTID":1450,"Shape_Length":43.916365544934457,"Asset_ID":"DP1450","Name":null,"District_ID":"Jerziz Farm","Wlyt_ID":"Salalah","Gov_ID":"Dhofar Governorate","Road_ID":"102645","Pipe_Diameter":800,"Pipe_Material":" ","Invert_Level_From_m":0,"Invert_Level_To_m":0,"Slop_Percentage":0,"Latitude":17.02806155,"Longitude":54.130213650000002,"GlobalID":"{290B7F28-776E-4E10-B227-427B473E0C6B}","NEAR_FID":14013,"NEAR_DIST":0}},{"type":"Feature","id":1451,"geometry":{"type":"LineString","coordinates":[[194490.2714999998,1884908.7424999997],[194527.99660000019,1884921.9669000003]]},"properties":{"OBJECTID":1451,"Shape_Length":39.975841772456135,"Asset_ID":"DP1451","Name":null,"District_ID":"Jerziz Farm","Wlyt_ID":"Salalah","Gov_ID":"Dhofar Governorate","Road_ID":"102645","Pipe_Diameter":800,"Pipe_Material":" ","Invert_Level_From_m":0,"Invert_Level_To_m":0,"Slop_Percentage":0,"Latitude":17.028192919999999,"Longitude":54.130582879999999,"GlobalID":"{CEC83AAB-8848-486C-93C4-295E5270FECA}","NEAR_FID":14180,"NEAR_DIST":1.2192533168512014}},{"type":"Feature","id":1452,"geometry":{"type":"LineString","coordinates":[[194526.78500000015,1884925.3134000003],[194527.99660000019,1884921.9669000003]]},"properties":{"OBJECTID":1452,"Shape_Length":3.5590780842788696,"Asset_ID":"DP1452","Name":null,"District_ID":"Jerziz Farm","Wlyt_ID":"Salalah","Gov_ID":"Dhofar Governorate","Road_ID":"102645","Pipe_Diameter":0,"Pipe_Material":" ","Invert_Level_From_m":0,"Invert_Level_To_m":0,"Slop_Percentage":0,"Latitude":17.028270150000001,"Longitude":54.130753069999997,"GlobalID":"{B3821979-439F-41F5-A009-2F38468DCF17}","NEAR_FID":14180,"NEAR_DIST":6.462741808685017}},{"type":"Feature","id":1453,"geometry":{"type":"LineString","coordinates":[[194527.99660000019,1884921.9669000003],[194565.3339999998,1884936.4799000006]]},"properties":{"OBJECTID":1453,"Shape_Length":40.058814357625998,"Asset_ID":"DP1453","Name":null,"District_ID":"Jerziz Farm","Wlyt_ID":"Salalah","Gov_ID":"Dhofar Governorate","Road_ID":"102645","Pipe_Diameter":800,"Pipe_Material":" ","Invert_Level_From_m":0,"Invert_Level_To_m":0,"Slop_Percentage":0,"Latitude":17.028323109999999,"Longitude":54.130933169999999,"GlobalID":"{92E61630-6A99-4064-BECF-3D8E3BAB6F16}","NEAR_FID":14180,"NEAR_DIST":6.462741808685017}},{"type":"Feature","id":1454,"geometry":{"type":"LineString","coordinates":[[194565.3339999998,1884936.4799000006],[194603.47809999995,1884948.5267999992]]},"properties":{"OBJECTID":1454,"Shape_Length":40.001252035365091,"Asset_ID":"DP1454","Name":null,"District_ID":"Jerziz Farm","Wlyt_ID":"Salalah","Gov_ID":"Dhofar Governorate","Road_ID":"102645","Pipe_Diameter":900,"Pipe_Material":" ","Invert_Level_From_m":0,"Invert_Level_To_m":0,"Slop_Percentage":0,"Latitude":17.028448000000001,"Longitude":54.131285509999998,"GlobalID":"{90637BAA-8716-4120-B66A-C07F6ED8D50B}","NEAR_FID":13734,"NEAR_DIST":8.1509575817724418}},{"type":"Feature","id":1455,"geometry":{"type":"LineString","coordinates":[[194603.47809999995,1884948.5267999992],[194641.08150000032,1884961.7216999996]]},"properties":{"OBJECTID":1455,"Shape_Length":39.85123683915284,"Asset_ID":"DP1455","Name":null,"District_ID":"Jerziz Farm","Wlyt_ID":"Salalah","Gov_ID":"Dhofar Governorate","Road_ID":"102645","Pipe_Diameter":900,"Pipe_Material":" ","Invert_Level_From_m":0,"Invert_Level_To_m":0,"Slop_Percentage":0,"Latitude":17.028566959999999,"Longitude":54.131639190000001,"GlobalID":"{F087975C-B352-496F-A616-D18FEB863A7D}","NEAR_FID":13734,"NEAR_DIST":8.1509575817724418}},{"type":"Feature","id":1456,"geometry":{"type":"LineString","coordinates":[[194641.08150000032,1884961.7216999996],[194678.83669999987,1884975.0723999999]]},"properties":{"OBJECTID":1456,"Shape_Length":40.046177314494621,"Asset_ID":"DP1456","Name":null,"District_ID":"Jerziz Farm","Wlyt_ID":"Salalah","Gov_ID":"Dhofar Governorate","Road_ID":"102645","Pipe_Diameter":900,"Pipe_Material":" ","Invert_Level_From_m":0,"Invert_Level_To_m":0,"Slop_Percentage":0,"Latitude":17.028691779999999,"Longitude":54.131990960000003,"GlobalID":"{E599155E-0ABA-4D0F-8445-FD51181B07E0}","NEAR_FID":13734,"NEAR_DIST":8.1990842562380184}},{"type":"Feature","id":1457,"geometry":{"type":"LineString","coordinates":[[194678.83669999987,1884975.0723999999],[194716.55580000021,1884988.2687999997]]},"properties":{"OBJECTID":1457,"Shape_Length":39.960924386075746,"Asset_ID":"DP1457","Name":null,"District_ID":"Jerziz Farm","Wlyt_ID":"Salalah","Gov_ID":"Dhofar Governorate","Road_ID":"102645","Pipe_Diameter":900,"Pipe_Material":" ","Invert_Level_From_m":0,"Invert_Level_To_m":0,"Slop_Percentage":0,"Latitude":17.02881661,"Longitude":54.13234327,"GlobalID":"{FE55B47C-2004-4DAB-B3BB-F1B689C283B4}","NEAR_FID":13734,"NEAR_DIST":8.0819804747035011}},{"type":"Feature","id":1458,"geometry":{"type":"LineString","coordinates":[[194716.55580000021,1884988.2687999997],[194754.28529999964,1885001.6269000005]]},"properties":{"OBJECTID":1458,"Shape_Length":40.024417620220454,"Asset_ID":"DP1458","Name":null,"District_ID":"Jerziz Farm","Wlyt_ID":"Salalah","Gov_ID":"Dhofar Governorate","Road_ID":"102645","Pipe_Diameter":900,"Pipe_Material":" ","Invert_Level_From_m":0,"Invert_Level_To_m":0,"Slop_Percentage":0,"Latitude":17.02894148,"Longitude":54.13269545,"GlobalID":"{3032EF32-5343-478F-B49A-07138942692F}","NEAR_FID":13734,"NEAR_DIST":8.0819804747035011}},{"type":"Feature","id":1459,"geometry":{"type":"LineString","coordinates":[[194754.28529999964,1885001.6269000005],[194792.0055999998,1885014.8373000007]]},"properties":{"OBJECTID":1459,"Shape_Length":39.966682377548054,"Asset_ID":"DP1459","Name":null,"District_ID":"Jerziz Farm","Wlyt_ID":"Salalah","Gov_ID":"Dhofar Governorate","Road_ID":"102645","Pipe_Diameter":900,"Pipe_Material":" ","Invert_Level_From_m":0,"Invert_Level_To_m":0,"Slop_Percentage":0,"Latitude":17.029066409999999,"Longitude":54.133047650000002,"GlobalID":"{A3675460-2C61-40C5-A017-CA57CBC507A3}","NEAR_FID":13734,"NEAR_DIST":8.4846343624309792}},{"type":"Feature","id":1460,"geometry":{"type":"LineString","coordinates":[[194792.0055999998,1885014.8373000007],[194829.79160000011,1885028.2050000001]]},"properties":{"OBJECTID":1460,"Shape_Length":40.080883215026553,"Asset_ID":"DP1460","Name":null,"District_ID":"Jerziz Farm","Wlyt_ID":"Salalah","Gov_ID":"Dhofar Governorate","Road_ID":"102645","Pipe_Diameter":900,"Pipe_Material":" ","Invert_Level_From_m":0,"Invert_Level_To_m":0,"Slop_Percentage":0,"Latitude":17.02919138,"Longitude":54.133400109999997,"GlobalID":"{961A57CC-0FE7-40D2-B401-90D9DBB75A83}","NEAR_FID":13734,"NEAR_DIST":8.7390219795091539}},{"type":"Feature","id":1461,"geometry":{"type":"LineString","coordinates":[[194829.79160000011,1885028.2050000001],[194867.48599999957,1885041.4276000001]]},"properties":{"OBJECTID":1461,"Shape_Length":39.946275697220294,"Asset_ID":"DP1461","Name":null,"District_ID":"Jerziz Farm","Wlyt_ID":"Salalah","Gov_ID":"Dhofar Governorate","Road_ID":"102645","Pipe_Diameter":900,"Pipe_Material":" ","Invert_Level_From_m":0,"Invert_Level_To_m":0,"Slop_Percentage":0,"Latitude":17.02931641,"Longitude":54.133752440000002,"GlobalID":"{733BAA47-ECAF-456F-B947-FCA8F4C4F1E0}","NEAR_FID":13734,"NEAR_DIST":8.563905678784888}},{"type":"Feature","id":1462,"geometry":{"type":"LineString","coordinates":[[194867.48599999957,1885041.4276000001],[194905.23099999968,1885054.6808000002]]},"properties":{"OBJECTID":1462,"Shape_Length":40.004153974961966,"Asset_ID":"DP1462","Name":null,"District_ID":"Jerziz Farm","Wlyt_ID":"Salalah","Gov_ID":"Dhofar Governorate","Road_ID":"102645","Pipe_Diameter":900,"Pipe_Material":" ","Invert_Level_From_m":0,"Invert_Level_To_m":0,"Slop_Percentage":0,"Latitude":17.029440910000002,"Longitude":54.13410459,"GlobalID":"{66010A12-62EC-4A4B-B920-8C75B8811B19}","NEAR_FID":13734,"NEAR_DIST":8.341444645252885}},{"type":"Feature","id":1463,"geometry":{"type":"LineString","coordinates":[[194905.23099999968,1885054.6808000002],[194942.95120000001,1885067.9926999994]]},"properties":{"OBJECTID":1463,"Shape_Length":40.000252119861713,"Asset_ID":"DP1463","Name":null,"District_ID":"Jerziz Farm","Wlyt_ID":"Salalah","Gov_ID":"Dhofar Governorate","Road_ID":"102645","Pipe_Diameter":900,"Pipe_Material":" ","Invert_Level_From_m":0,"Invert_Level_To_m":0,"Slop_Percentage":0,"Latitude":17.029565829999999,"Longitude":54.13445686,"GlobalID":"{5C631E53-E543-4A4E-8D14-00DB930384CB}","NEAR_FID":13734,"NEAR_DIST":8.1776390761854447}},{"type":"Feature","id":1464,"geometry":{"type":"LineString","coordinates":[[194826.52740000002,1884965.2522],[194834.36249999981,1884969.0044999998]]},"properties":{"OBJECTID":1464,"Shape_Length":8.687263510184895,"Asset_ID":"DP1464","Name":null,"District_ID":"al Robat","Wlyt_ID":"Salalah","Gov_ID":"Dhofar Governorate","Road_ID":"102645","Pipe_Diameter":200,"Pipe_Material":" ","Invert_Level_From_m":0,"Invert_Level_To_m":0,"Slop_Percentage":0,"Latitude":17.028702899999999,"Longitude":54.133591019999997,"GlobalID":"{B05316B8-A72B-46E2-B515-9C6CD2428F1A}","NEAR_FID":6329,"NEAR_DIST":29.688217838701458}},{"type":"Feature","id":1465,"geometry":{"type":"LineString","coordinates":[[194834.36249999981,1884969.0044999998],[194841.47800000012,1884995.2961999997]]},"properties":{"OBJECTID":1465,"Shape_Length":27.237544477088417,"Asset_ID":"DP1465","Name":null,"District_ID":"al Robat","Wlyt_ID":"Salalah","Gov_ID":"Dhofar Governorate","Road_ID":"102645","Pipe_Diameter":200,"Pipe_Material":" ","Invert_Level_From_m":0,"Invert_Level_To_m":0,"Slop_Percentage":0,"Latitude":17.028839510000001,"Longitude":54.133659100000003,"GlobalID":"{A6DA7109-5DD0-4D2D-9A86-2E03D3A4E5C7}","NEAR_FID":6329,"NEAR_DIST":7.1607832611736466}},{"type":"Feature","id":1466,"geometry":{"type":"LineString","coordinates":[[194841.47800000012,1884995.2961999997],[194877.26410000026,1885009.0563999992]]},"properties":{"OBJECTID":1466,"Shape_Length":38.34042327941539,"Asset_ID":"DP1466","Name":null,"District_ID":"al Robat","Wlyt_ID":"Salalah","Gov_ID":"Dhofar Governorate","Road_ID":"102645","Pipe_Diameter":900,"Pipe_Material":" ","Invert_Level_From_m":0,"Invert_Level_To_m":0,"Slop_Percentage":0,"Latitude":17.02902315,"Longitude":54.133857650000003,"GlobalID":"{C2C1DB35-120D-4E3D-9330-542B7803DC3E}","NEAR_FID":6329,"NEAR_DIST":6.0300940036032644}},{"type":"Feature","id":1467,"geometry":{"type":"LineString","coordinates":[[194877.26410000026,1885009.0563999992],[194897.20870000031,1885016.1480999999]]},"properties":{"OBJECTID":1467,"Shape_Length":21.167883173846338,"Asset_ID":"DP1467","Name":null,"District_ID":"al Robat","Wlyt_ID":"Salalah","Gov_ID":"Dhofar Governorate","Road_ID":"102645","Pipe_Diameter":900,"Pipe_Material":" ","Invert_Level_From_m":0,"Invert_Level_To_m":0,"Slop_Percentage":0,"Latitude":17.02912096,"Longitude":54.134117709999998,"GlobalID":"{17778133-4B83-47C1-979E-5081307AC2E6}","NEAR_FID":6329,"NEAR_DIST":6.0300940036032644}},{"type":"Feature","id":1468,"geometry":{"type":"LineString","coordinates":[[194897.20870000031,1885016.1480999999],[194914.8180999998,1885022.3844000008]]},"properties":{"OBJECTID":1468,"Shape_Length":18.681070794887273,"Asset_ID":"DP1468","Name":null,"District_ID":"al Robat","Wlyt_ID":"Salalah","Gov_ID":"Dhofar Governorate","Road_ID":"102645","Pipe_Diameter":900,"Pipe_Material":" ","Invert_Level_From_m":0,"Invert_Level_To_m":0,"Slop_Percentage":0,"Latitude":17.02918361,"Longitude":54.134293,"GlobalID":"{80B2EF83-D849-4C67-A83A-8CA688072C29}","NEAR_FID":6329,"NEAR_DIST":6.4728032783364675}},{"type":"Feature","id":1469,"geometry":{"type":"LineString","coordinates":[[194914.8180999998,1885022.3844000008],[194953.12559999991,1885036.0215000007]]},"properties":{"OBJECTID":1469,"Shape_Length":40.662452614995743,"Asset_ID":"DP1469","Name":null,"District_ID":"al Robat","Wlyt_ID":"Salalah","Gov_ID":"Dhofar Governorate","Road_ID":"102645","Pipe_Diameter":900,"Pipe_Material":" ","Invert_Level_From_m":0,"Invert_Level_To_m":0,"Slop_Percentage":0,"Latitude":17.029277019999999,"Longitude":54.134554010000002,"GlobalID":"{DC7A7B34-D066-464C-9E5C-8A41C84A081C}","NEAR_FID":6329,"NEAR_DIST":6.8871215279477376}},{"type":"Feature","id":1470,"geometry":{"type":"LineString","coordinates":[[194801.9665000001,1884981.4465999994],[194841.47800000012,1884995.2961999997]]},"properties":{"OBJECTID":1470,"Shape_Length":41.868485193762012,"Asset_ID":"DP1470","Name":null,"District_ID":"al Robat","Wlyt_ID":"Salalah","Gov_ID":"Dhofar Governorate","Road_ID":"102645","Pipe_Diameter":900,"Pipe_Material":" ","Invert_Level_From_m":0,"Invert_Level_To_m":0,"Slop_Percentage":0,"Latitude":17.028893530000001,"Longitude":54.133506240000003,"GlobalID":"{61EDFA2C-3CBB-4321-A16B-F12CBE2A21E0}","NEAR_FID":6329,"NEAR_DIST":7.1607832611736466}},{"type":"Feature","id":1471,"geometry":{"type":"LineString","coordinates":[[194763.99770000018,1884969.3886999991],[194801.9665000001,1884981.4465999994]]},"properties":{"OBJECTID":1471,"Shape_Length":39.837453807344644,"Asset_ID":"DP1471","Name":null,"District_ID":"al Robat","Wlyt_ID":"Salalah","Gov_ID":"Dhofar Governorate","Road_ID":"102645","Pipe_Diameter":900,"Pipe_Material":" ","Invert_Level_From_m":0,"Invert_Level_To_m":0,"Slop_Percentage":0,"Latitude":17.028771460000002,"Longitude":54.133144469999998,"GlobalID":"{EFF0A76D-067E-4B98-8050-D4DE4EB9D8C1}","NEAR_FID":6329,"NEAR_DIST":6.9780078676261237}},{"type":"Feature","id":1472,"geometry":{"type":"LineString","coordinates":[[194726.23830000032,1884956.1010999996],[194763.99770000018,1884969.3886999991]]},"properties":{"OBJECTID":1472,"Shape_Length":40.029146906914534,"Asset_ID":"DP1472","Name":null,"District_ID":"al Robat","Wlyt_ID":"Salalah","Gov_ID":"Dhofar Governorate","Road_ID":"102645","Pipe_Diameter":900,"Pipe_Material":" ","Invert_Level_From_m":0,"Invert_Level_To_m":0,"Slop_Percentage":0,"Latitude":17.02865203,"Longitude":54.132790890000003,"GlobalID":"{AA2B859A-2BE1-4549-A032-5CBE856F2481}","NEAR_FID":6329,"NEAR_DIST":6.9780078676261237}},{"type":"Feature","id":1473,"geometry":{"type":"LineString","coordinates":[[194688.46710000001,1884943.0558000002],[194726.23830000032,1884956.1010999996]]},"properties":{"OBJECTID":1473,"Shape_Length":39.96052303884499,"Asset_ID":"DP1473","Name":null,"District_ID":"al Robat","Wlyt_ID":"Salalah","Gov_ID":"Dhofar Governorate","Road_ID":"102645","Pipe_Diameter":900,"Pipe_Material":" ","Invert_Level_From_m":0,"Invert_Level_To_m":0,"Slop_Percentage":0,"Latitude":17.02852816,"Longitude":54.132438299999997,"GlobalID":"{5AAF856D-CBA9-487F-AC00-FF3B33556C39}","NEAR_FID":6329,"NEAR_DIST":7.9488915380576968}},{"type":"Feature","id":1474,"geometry":{"type":"LineString","coordinates":[[194649.90380000044,1884932.0022],[194688.46710000001,1884943.0558000002]]},"properties":{"OBJECTID":1474,"Shape_Length":40.116208442745751,"Asset_ID":"DP1474","Name":null,"District_ID":"al Robat","Wlyt_ID":"Salalah","Gov_ID":"Dhofar Governorate","Road_ID":"102645","Pipe_Diameter":900,"Pipe_Material":" ","Invert_Level_From_m":0,"Invert_Level_To_m":0,"Slop_Percentage":0,"Latitude":17.02841432,"Longitude":54.132081790000001,"GlobalID":"{608FAB18-4F90-42F9-9B31-25290A521010}","NEAR_FID":6329,"NEAR_DIST":6.0933885079682746}},{"type":"Feature","id":1475,"geometry":{"type":"LineString","coordinates":[[192875.6922000004,1884561.9886000007],[192889.06460000016,1884571.0645000003]]},"properties":{"OBJECTID":1475,"Shape_Length":16.161467834207336,"Asset_ID":"DP1475","Name":null,"District_ID":"al Huseela","Wlyt_ID":"Salalah","Gov_ID":"Dhofar Governorate","Road_ID":"107106","Pipe_Diameter":200,"Pipe_Material":" ","Invert_Level_From_m":0,"Invert_Level_To_m":0,"Slop_Percentage":0,"Latitude":17.024828370000002,"Longitude":54.115365689999997,"GlobalID":"{6CA9C3D6-1FF8-48F0-A521-D962CF144BF5}","NEAR_FID":11218,"NEAR_DIST":0}},{"type":"Feature","id":1476,"geometry":{"type":"LineString","coordinates":[[192926.43640000001,1884567.3256000001],[192942.30179999955,1884562.6710000001]]},"properties":{"OBJECTID":1476,"Shape_Length":16.534092606055367,"Asset_ID":"DP1476","Name":null,"District_ID":"al Huseela","Wlyt_ID":"Salalah","Gov_ID":"Dhofar Governorate","Road_ID":"107106","Pipe_Diameter":200,"Pipe_Material":" ","Invert_Level_From_m":0,"Invert_Level_To_m":0,"Slop_Percentage":0,"Latitude":17.02482169,"Longitude":54.115853430000001,"GlobalID":"{6F71DCEF-29C2-4F2B-9BE2-DF5A23C2A9FE}","NEAR_FID":11218,"NEAR_DIST":0}},{"type":"Feature","id":1477,"geometry":{"type":"LineString","coordinates":[[192889.06460000016,1884571.0645000003],[192942.30179999955,1884562.6710000001]]},"properties":{"OBJECTID":1477,"Shape_Length":53.894807783582173,"Asset_ID":"DP1477","Name":null,"District_ID":"al Huseela","Wlyt_ID":"Salalah","Gov_ID":"Dhofar Governorate","Road_ID":"107106","Pipe_Diameter":600,"Pipe_Material":" ","Invert_Level_From_m":0,"Invert_Level_To_m":0,"Slop_Percentage":0,"Latitude":17.02483578,"Longitude":54.115677910000002,"GlobalID":"{6A67E54D-9E15-44FF-A3D0-DFB1A83B03F2}","NEAR_FID":11218,"NEAR_DIST":0}},{"type":"Feature","id":1478,"geometry":{"type":"LineString","coordinates":[[192942.30179999955,1884562.6710000001],[192968.61699999962,1884560.5851000007]]},"properties":{"OBJECTID":1478,"Shape_Length":26.397740999014246,"Asset_ID":"DP1478","Name":null,"District_ID":"al Huseela","Wlyt_ID":"Salalah","Gov_ID":"Dhofar Governorate","Road_ID":"107106","Pipe_Diameter":600,"Pipe_Material":" ","Invert_Level_From_m":0,"Invert_Level_To_m":0,"Slop_Percentage":0,"Latitude":17.024794350000001,"Longitude":54.116051730000002,"GlobalID":"{BD372ED9-81B9-43CA-B98A-7BB407ABA18F}","NEAR_FID":11218,"NEAR_DIST":2.6650326801650261}},{"type":"Feature","id":1479,"geometry":{"type":"LineString","coordinates":[[192968.61699999962,1884560.5851000007],[193006.40510000009,1884558.0954999998]]},"properties":{"OBJECTID":1479,"Shape_Length":37.870022574723713,"Asset_ID":"DP1479","Name":null,"District_ID":"al Huseela","Wlyt_ID":"Salalah","Gov_ID":"Dhofar Governorate","Road_ID":"102645","Pipe_Diameter":600,"Pipe_Material":" ","Invert_Level_From_m":0,"Invert_Level_To_m":0,"Slop_Percentage":0,"Latitude":17.02477726,"Longitude":54.116352810000002,"GlobalID":"{5936D3EA-7C48-4B21-862F-C55F54EDBCBA}","NEAR_FID":18876,"NEAR_DIST":10.095008088237689}},{"type":"Feature","id":1480,"geometry":{"type":"LineString","coordinates":[[193006.40510000009,1884558.0954999998],[193048.63279999979,1884557.8114]]},"properties":{"OBJECTID":1480,"Shape_Length":42.228655674486582,"Asset_ID":"DP1480","Name":null,"District_ID":"al Huseela","Wlyt_ID":"Salalah","Gov_ID":"Dhofar Governorate","Road_ID":"102645","Pipe_Diameter":600,"Pipe_Material":" ","Invert_Level_From_m":0,"Invert_Level_To_m":0,"Slop_Percentage":0,"Latitude":17.024770830000001,"Longitude":54.116728760000001,"GlobalID":"{70814B3F-AA46-480C-BADF-1BE7D5275240}","NEAR_FID":18876,"NEAR_DIST":7.5158719275460104}},{"type":"Feature","id":1481,"geometry":{"type":"LineString","coordinates":[[193048.63279999979,1884557.8114],[193088.47190000024,1884554.9177000001]]},"properties":{"OBJECTID":1481,"Shape_Length":39.94405323117762,"Asset_ID":"DP1481","Name":null,"District_ID":"al Huseela","Wlyt_ID":"Salalah","Gov_ID":"Dhofar Governorate","Road_ID":"102645","Pipe_Diameter":600,"Pipe_Material":" ","Invert_Level_From_m":0,"Invert_Level_To_m":0,"Slop_Percentage":0,"Latitude":17.024762209999999,"Longitude":54.117113959999998,"GlobalID":"{9639BDA7-F8B9-4128-8D77-59A1A0A776E6}","NEAR_FID":18876,"NEAR_DIST":7.2668066473779156}},{"type":"Feature","id":1482,"geometry":{"type":"LineString","coordinates":[[193088.47190000024,1884554.9177000001],[193128.25499999989,1884551.6324000005]]},"properties":{"OBJECTID":1482,"Shape_Length":39.918520033561954,"Asset_ID":"DP1482","Name":null,"District_ID":"al Huseela","Wlyt_ID":"Salalah","Gov_ID":"Dhofar Governorate","Road_ID":"102645","Pipe_Diameter":600,"Pipe_Material":" ","Invert_Level_From_m":0,"Invert_Level_To_m":0,"Slop_Percentage":0,"Latitude":17.024739199999999,"Longitude":54.117487820000001,"GlobalID":"{3174F9BF-5E73-4208-8A99-BD83F575C900}","NEAR_FID":18876,"NEAR_DIST":7.2668066473779156}},{"type":"Feature","id":1483,"geometry":{"type":"LineString","coordinates":[[193128.25499999989,1884551.6324000005],[193168.18890000042,1884548.4770999998]]},"properties":{"OBJECTID":1483,"Shape_Length":40.058361016727048,"Asset_ID":"DP1483","Name":null,"District_ID":"al Huseela","Wlyt_ID":"Salalah","Gov_ID":"Dhofar Governorate","Road_ID":"102645","Pipe_Diameter":600,"Pipe_Material":" ","Invert_Level_From_m":0,"Invert_Level_To_m":0,"Slop_Percentage":0,"Latitude":17.024716130000002,"Longitude":54.117862520000003,"GlobalID":"{94081D89-6F8D-4322-84A8-06E58B06065B}","NEAR_FID":18876,"NEAR_DIST":7.5359683695134256}},{"type":"Feature","id":1484,"geometry":{"type":"LineString","coordinates":[[193168.18890000042,1884548.4770999998],[193207.93230000045,1884545.3706999999]]},"properties":{"OBJECTID":1484,"Shape_Length":39.864615444306203,"Asset_ID":"DP1484","Name":null,"District_ID":"al Huseela","Wlyt_ID":"Salalah","Gov_ID":"Dhofar Governorate","Road_ID":"102645","Pipe_Diameter":600,"Pipe_Material":" ","Invert_Level_From_m":0,"Invert_Level_To_m":0,"Slop_Percentage":0,"Latitude":17.0246931,"Longitude":54.118237229999998,"GlobalID":"{34A3EE20-B922-429C-AAB8-49B471B63604}","NEAR_FID":18876,"NEAR_DIST":7.7713697071353698}},{"type":"Feature","id":1485,"geometry":{"type":"LineString","coordinates":[[193207.93230000045,1884545.3706999999],[193247.92970000021,1884542.1227000002]]},"properties":{"OBJECTID":1485,"Shape_Length":40.129060676007342,"Asset_ID":"DP1485","Name":null,"District_ID":"al Huseela","Wlyt_ID":"Salalah","Gov_ID":"Dhofar Governorate","Road_ID":"102645","Pipe_Diameter":600,"Pipe_Material":" ","Invert_Level_From_m":0,"Invert_Level_To_m":0,"Slop_Percentage":0,"Latitude":17.024669169999999,"Longitude":54.118611710000003,"GlobalID":"{A7ACF5E7-2211-4F18-AE85-FD2ACCE668FC}","NEAR_FID":18876,"NEAR_DIST":7.5095810839133605}},{"type":"Feature","id":1486,"geometry":{"type":"LineString","coordinates":[[193247.92970000021,1884542.1227000002],[193287.41309999954,1884536.6403000001]]},"properties":{"OBJECTID":1486,"Shape_Length":39.862207481121473,"Asset_ID":"DP1486","Name":null,"District_ID":"al Huseela","Wlyt_ID":"Salalah","Gov_ID":"Dhofar Governorate","Road_ID":"102645","Pipe_Diameter":600,"Pipe_Material":" ","Invert_Level_From_m":0,"Invert_Level_To_m":0,"Slop_Percentage":0,"Latitude":17.024634769999999,"Longitude":54.118984840000003,"GlobalID":"{DFF758DD-CF6E-4CFA-8F44-B92FE208E700}","NEAR_FID":18876,"NEAR_DIST":7.5095810839133605}},{"type":"Feature","id":1487,"geometry":{"type":"LineString","coordinates":[[193287.41309999954,1884536.6403000001],[193327.31579999998,1884532.6328999996]]},"properties":{"OBJECTID":1487,"Shape_Length":40.103425316163069,"Asset_ID":"DP1487","Name":null,"District_ID":"al Huseela","Wlyt_ID":"Salalah","Gov_ID":"Dhofar Governorate","Road_ID":"102645","Pipe_Diameter":600,"Pipe_Material":" ","Invert_Level_From_m":0,"Invert_Level_To_m":0,"Slop_Percentage":0,"Latitude":17.024597050000001,"Longitude":54.119358249999998,"GlobalID":"{4E8BF8EE-0863-432D-99FA-5B4117636E90}","NEAR_FID":18876,"NEAR_DIST":9.5096519386236995}},{"type":"Feature","id":1488,"geometry":{"type":"LineString","coordinates":[[193327.31579999998,1884532.6328999996],[193367.08179999981,1884529.4576999992]]},"properties":{"OBJECTID":1488,"Shape_Length":39.892563856299653,"Asset_ID":"DP1488","Name":null,"District_ID":"al Huseela","Wlyt_ID":"Salalah","Gov_ID":"Dhofar Governorate","Road_ID":"102645","Pipe_Diameter":600,"Pipe_Material":" ","Invert_Level_From_m":0,"Invert_Level_To_m":0,"Slop_Percentage":0,"Latitude":17.024569769999999,"Longitude":54.119732829999997,"GlobalID":"{A79447B0-B2E9-40BA-9FAC-F37640847B52}","NEAR_FID":18876,"NEAR_DIST":9.6850729309193575}},{"type":"Feature","id":1489,"geometry":{"type":"LineString","coordinates":[[193367.08179999981,1884529.4576999992],[193407.17179999966,1884526.4034000002]]},"properties":{"OBJECTID":1489,"Shape_Length":40.206179232452783,"Asset_ID":"DP1489","Name":null,"District_ID":"al Huseela","Wlyt_ID":"Salalah","Gov_ID":"Dhofar Governorate","Road_ID":"103812","Pipe_Diameter":600,"Pipe_Material":" ","Invert_Level_From_m":0,"Invert_Level_To_m":0,"Slop_Percentage":0,"Latitude":17.02454672,"Longitude":54.120107609999998,"GlobalID":"{7BE0C0EE-A5B7-439B-8EBA-82C60896A5E5}","NEAR_FID":12065,"NEAR_DIST":6.9320828348284316}},{"type":"Feature","id":1490,"geometry":{"type":"LineString","coordinates":[[193407.17179999966,1884526.4034000002],[193444.70880000014,1884526.9055000003]]},"properties":{"OBJECTID":1490,"Shape_Length":37.540357929113526,"Asset_ID":"DP1490","Name":null,"District_ID":"al Huseela","Wlyt_ID":"Salalah","Gov_ID":"Dhofar Governorate","Road_ID":"103812","Pipe_Diameter":600,"Pipe_Material":" ","Invert_Level_From_m":0,"Invert_Level_To_m":0,"Slop_Percentage":0,"Latitude":17.024540850000001,"Longitude":54.120471799999997,"GlobalID":"{90C78E16-1C65-41E4-9D80-7FD12C343939}","NEAR_FID":12065,"NEAR_DIST":0}},{"type":"Feature","id":1491,"geometry":{"type":"LineString","coordinates":[[193443.76350000035,1884518.2595000006],[193444.70880000014,1884526.9055000003]]},"properties":{"OBJECTID":1491,"Shape_Length":8.697523100555939,"Asset_ID":"DP1491","Name":null,"District_ID":"al Huseela","Wlyt_ID":"Salalah","Gov_ID":"Dhofar Governorate","Road_ID":"103812","Pipe_Diameter":200,"Pipe_Material":" ","Invert_Level_From_m":0,"Invert_Level_To_m":0,"Slop_Percentage":0,"Latitude":17.024507440000001,"Longitude":54.12064419,"GlobalID":"{0F904B1E-2773-44DB-821B-F04D411C10BE}","NEAR_FID":16313,"NEAR_DIST":0}},{"type":"Feature","id":1492,"geometry":{"type":"LineString","coordinates":[[193444.70880000014,1884526.9055000003],[193487.76800000016,1884520.3333000001]]},"properties":{"OBJECTID":1492,"Shape_Length":43.557875493248069,"Asset_ID":"DP1492","Name":null,"District_ID":"al Huseela","Wlyt_ID":"Salalah","Gov_ID":"Dhofar Governorate","Road_ID":"103812","Pipe_Diameter":600,"Pipe_Material":" ","Invert_Level_From_m":0,"Invert_Level_To_m":0,"Slop_Percentage":0,"Latitude":17.024518799999999,"Longitude":54.120850369999999,"GlobalID":"{D672ED37-1C22-4C46-99B3-5FCAF4182E1D}","NEAR_FID":9130,"NEAR_DIST":0}},{"type":"Feature","id":1493,"geometry":{"type":"LineString","coordinates":[[193487.76800000016,1884520.3333000001],[193526.65460000001,1884517.5234999992]]},"properties":{"OBJECTID":1493,"Shape_Length":38.987980655496472,"Asset_ID":"DP1493","Name":null,"District_ID":"al Huseela","Wlyt_ID":"Salalah","Gov_ID":"Dhofar Governorate","Road_ID":"102645","Pipe_Diameter":600,"Pipe_Material":" ","Invert_Level_From_m":0,"Invert_Level_To_m":0,"Slop_Percentage":0,"Latitude":17.02448098,"Longitude":54.121235419999998,"GlobalID":"{D363BDC4-0E15-4692-A0C9-74796D73A448}","NEAR_FID":15444,"NEAR_DIST":9.9343666909851436}},{"type":"Feature","id":1494,"geometry":{"type":"LineString","coordinates":[[193526.65460000001,1884517.5234999992],[193608.72180000041,1884515.5441999994]]},"properties":{"OBJECTID":1494,"Shape_Length":82.091064948594777,"Asset_ID":"DP1494","Name":null,"District_ID":"al Huseela","Wlyt_ID":"Salalah","Gov_ID":"Dhofar Governorate","Road_ID":"102645","Pipe_Diameter":700,"Pipe_Material":" ","Invert_Level_From_m":0,"Invert_Level_To_m":0,"Slop_Percentage":0,"Latitude":17.024467399999999,"Longitude":54.12180326,"GlobalID":"{FC7EE0EC-EB38-43AC-9ADD-64AA6481095E}","NEAR_FID":15444,"NEAR_DIST":9.2086589880549106}},{"type":"Feature","id":1495,"geometry":{"type":"LineString","coordinates":[[193608.72180000041,1884515.5441999994],[193690.97890000045,1884528.5534000006]]},"properties":{"OBJECTID":1495,"Shape_Length":83.279467968324241,"Asset_ID":"DP1495","Name":null,"District_ID":"al Huseela","Wlyt_ID":"Salalah","Gov_ID":"Dhofar Governorate","Road_ID":"102645","Pipe_Diameter":700,"Pipe_Material":" ","Invert_Level_From_m":0,"Invert_Level_To_m":0,"Slop_Percentage":0,"Latitude":17.024528100000001,"Longitude":54.122573510000002,"GlobalID":"{301A5DBD-D176-415A-AFDE-8E82852769F6}","NEAR_FID":15444,"NEAR_DIST":9.5395074975546326}},{"type":"Feature","id":1496,"geometry":{"type":"LineString","coordinates":[[193690.97890000045,1884528.5534000006],[193724.37310000043,1884537.7522999998]]},"properties":{"OBJECTID":1496,"Shape_Length":34.638018921917414,"Asset_ID":"DP1496","Name":null,"District_ID":"al Huseela","Wlyt_ID":"Salalah","Gov_ID":"Dhofar Governorate","Road_ID":"102645","Pipe_Diameter":800,"Pipe_Material":" ","Invert_Level_From_m":0,"Invert_Level_To_m":0,"Slop_Percentage":0,"Latitude":17.02463603,"Longitude":54.123114610000002,"GlobalID":"{5B055F8A-7D99-4218-A408-054364DF7B8B}","NEAR_FID":15444,"NEAR_DIST":11.330796345474223}},{"type":"Feature","id":1497,"geometry":{"type":"LineString","coordinates":[[193724.37310000043,1884537.7522999998],[193768.3311999999,1884556.8359999992]]},"properties":{"OBJECTID":1497,"Shape_Length":47.921833867551392,"Asset_ID":"DP1497","Name":null,"District_ID":"al Huseela","Wlyt_ID":"Salalah","Gov_ID":"Dhofar Governorate","Road_ID":"102645","Pipe_Diameter":800,"Pipe_Material":" ","Invert_Level_From_m":0,"Invert_Level_To_m":0,"Slop_Percentage":0,"Latitude":17.02476884,"Longitude":54.123475599999999,"GlobalID":"{E66A08CF-10C4-4A5F-A159-6F86E4102AD7}","NEAR_FID":15444,"NEAR_DIST":9.6374164459656768}},{"type":"Feature","id":1498,"geometry":{"type":"LineString","coordinates":[[193768.3311999999,1884556.8359999992],[193845.24600000028,1884593.0635000002]]},"properties":{"OBJECTID":1498,"Shape_Length":85.019516673633078,"Asset_ID":"DP1498","Name":null,"District_ID":"al Huseela","Wlyt_ID":"Salalah","Gov_ID":"Dhofar Governorate","Road_ID":"103938","Pipe_Diameter":800,"Pipe_Material":" ","Invert_Level_From_m":0,"Invert_Level_To_m":0,"Slop_Percentage":0,"Latitude":17.025026539999999,"Longitude":54.124038919999997,"GlobalID":"{324139EF-DA33-4DE6-A63E-3641EE8250E6}","NEAR_FID":4771,"NEAR_DIST":0}},{"type":"Feature","id":1499,"geometry":{"type":"LineString","coordinates":[[193825.96609999985,1884575.2978000008],[193836.82600000035,1884573.5135999992]]},"properties":{"OBJECTID":1499,"Shape_Length":11.005489433294317,"Asset_ID":"DP1499","Name":null,"District_ID":"al Robat","Wlyt_ID":"Salalah","Gov_ID":"Dhofar Governorate","Road_ID":"103938","Pipe_Diameter":200,"Pipe_Material":" ","Invert_Level_From_m":0,"Invert_Level_To_m":0,"Slop_Percentage":0,"Latitude":17.025024899999998,"Longitude":54.124269910000002,"GlobalID":"{D47D8520-1ED2-4001-B40A-AD123C58B027}","NEAR_FID":4771,"NEAR_DIST":4.9036465497232475}},{"type":"Feature","id":1500,"geometry":{"type":"LineString","coordinates":[[193836.82600000035,1884573.5135999992],[193845.24600000028,1884593.0635000002]]},"properties":{"OBJECTID":1500,"Shape_Length":21.286028047630655,"Asset_ID":"DP1500","Name":null,"District_ID":"al Robat","Wlyt_ID":"Salalah","Gov_ID":"Dhofar Governorate","Road_ID":"103938","Pipe_Diameter":300,"Pipe_Material":" ","Invert_Level_From_m":0,"Invert_Level_To_m":0,"Slop_Percentage":0,"Latitude":17.02510637,"Longitude":54.124359140000003,"GlobalID":"{4CF6AAD9-272C-46BE-B6B3-908FF6815BA2}","NEAR_FID":4771,"NEAR_DIST":10.497404819475335}},{"type":"Feature","id":1501,"geometry":{"type":"LineString","coordinates":[[193827.56929999962,1884553.9399999995],[193836.82600000035,1884573.5135999992]]},"properties":{"OBJECTID":1501,"Shape_Length":21.652074077428509,"Asset_ID":"DP1501","Name":null,"District_ID":"al Robat","Wlyt_ID":"Salalah","Gov_ID":"Dhofar Governorate","Road_ID":"103938","Pipe_Diameter":200,"Pipe_Material":" ","Invert_Level_From_m":0,"Invert_Level_To_m":0,"Slop_Percentage":0,"Latitude":17.024928599999999,"Longitude":54.1242789,"GlobalID":"{7B673FFD-452C-4EB8-8256-A0F005AF2FA1}","NEAR_FID":4771,"NEAR_DIST":5.145663993379368}},{"type":"Feature","id":1502,"geometry":{"type":"LineString","coordinates":[[193845.24600000028,1884593.0635000002],[193878.52740000002,1884608.5545000006]]},"properties":{"OBJECTID":1502,"Shape_Length":36.70998048153993,"Asset_ID":"DP1502","Name":null,"District_ID":"al Robat","Wlyt_ID":"Salalah","Gov_ID":"Dhofar Governorate","Road_ID":"102645","Pipe_Diameter":800,"Pipe_Material":" ","Invert_Level_From_m":0,"Invert_Level_To_m":0,"Slop_Percentage":0,"Latitude":17.025267320000001,"Longitude":54.124552389999998,"GlobalID":"{0AEBAC09-6266-4F4B-A932-BE05FC9605CA}","NEAR_FID":6329,"NEAR_DIST":9.7995088136485116}},{"type":"Feature","id":1503,"geometry":{"type":"LineString","coordinates":[[193878.52740000002,1884608.5545000006],[193913.63570000045,1884624.9934]]},"properties":{"OBJECTID":1503,"Shape_Length":38.766353479701728,"Asset_ID":"DP1503","Name":null,"District_ID":"al Robat","Wlyt_ID":"Salalah","Gov_ID":"Dhofar Governorate","Road_ID":"102645","Pipe_Diameter":800,"Pipe_Material":" ","Invert_Level_From_m":0,"Invert_Level_To_m":0,"Slop_Percentage":0,"Latitude":17.025415989999999,"Longitude":54.124871069999998,"GlobalID":"{8FFBC227-37A6-4B02-A06F-280DD7441D26}","NEAR_FID":6329,"NEAR_DIST":9.8380629331602734}},{"type":"Feature","id":1504,"geometry":{"type":"LineString","coordinates":[[193913.63570000045,1884624.9934],[193951.91189999972,1884641.7147000004]]},"properties":{"OBJECTID":1504,"Shape_Length":41.769239400360483,"Asset_ID":"DP1504","Name":null,"District_ID":"al Robat","Wlyt_ID":"Salalah","Gov_ID":"Dhofar Governorate","Road_ID":"102645","Pipe_Diameter":800,"Pipe_Material":" ","Invert_Level_From_m":0,"Invert_Level_To_m":0,"Slop_Percentage":0,"Latitude":17.025570550000001,"Longitude":54.125213109999997,"GlobalID":"{6EEB2D6C-9DF2-438F-AFEC-D73A40FFF626}","NEAR_FID":6329,"NEAR_DIST":10.023927406103475}},{"type":"Feature","id":1505,"geometry":{"type":"LineString","coordinates":[[193950.02730000019,1884643.3012000006],[193951.91189999972,1884641.7147000004]]},"properties":{"OBJECTID":1505,"Shape_Length":2.463473037983217,"Asset_ID":"DP1505","Name":null,"District_ID":"al Robat","Wlyt_ID":"Salalah","Gov_ID":"Dhofar Governorate","Road_ID":"102645","Pipe_Diameter":0,"Pipe_Material":" ","Invert_Level_From_m":0,"Invert_Level_To_m":0,"Slop_Percentage":0,"Latitude":17.025655610000001,"Longitude":54.125382590000001,"GlobalID":"{26CA4716-C35B-4EAC-9CD0-F1F14B337641}","NEAR_FID":6329,"NEAR_DIST":8.9000069736211831}},{"type":"Feature","id":1506,"geometry":{"type":"LineString","coordinates":[[193951.91189999972,1884641.7147000004],[193987.54550000001,1884658.4130000006]]},"properties":{"OBJECTID":1506,"Shape_Length":39.352085991471533,"Asset_ID":"DP1506","Name":null,"District_ID":"al Robat","Wlyt_ID":"Salalah","Gov_ID":"Dhofar Governorate","Road_ID":"102645","Pipe_Diameter":800,"Pipe_Material":" ","Invert_Level_From_m":0,"Invert_Level_To_m":0,"Slop_Percentage":0,"Latitude":17.02572631,"Longitude":54.12555759,"GlobalID":"{4564DD08-6871-4104-98B5-BD09D0D09634}","NEAR_FID":6329,"NEAR_DIST":11.136584064371897}},{"type":"Feature","id":1507,"geometry":{"type":"LineString","coordinates":[[193985.14599999972,1884662.4507999998],[193987.54550000001,1884658.4130000006]]},"properties":{"OBJECTID":1507,"Shape_Length":4.696959557444643,"Asset_ID":"DP1507","Name":null,"District_ID":"al Robat","Wlyt_ID":"Salalah","Gov_ID":"Dhofar Governorate","Road_ID":"102645","Pipe_Diameter":0,"Pipe_Material":" ","Invert_Level_From_m":0,"Invert_Level_To_m":0,"Slop_Percentage":0,"Latitude":17.025822120000001,"Longitude":54.12571209,"GlobalID":"{B9E9032A-934B-48F4-8CC2-66D847483801}","NEAR_FID":6329,"NEAR_DIST":6.6966855355269095}},{"type":"Feature","id":1508,"geometry":{"type":"LineString","coordinates":[[193987.54550000001,1884658.4130000006],[194022.50289999973,1884674.8505000006]]},"properties":{"OBJECTID":1508,"Shape_Length":38.629149886978126,"Asset_ID":"DP1508","Name":null,"District_ID":"al Robat","Wlyt_ID":"Salalah","Gov_ID":"Dhofar Governorate","Road_ID":"102645","Pipe_Diameter":800,"Pipe_Material":" ","Invert_Level_From_m":0,"Invert_Level_To_m":0,"Slop_Percentage":0,"Latitude":17.025880570000002,"Longitude":54.125886520000002,"GlobalID":"{64898915-A242-430E-AF36-3CEDC41FC15F}","NEAR_FID":6329,"NEAR_DIST":11.375910868223796}},{"type":"Feature","id":1509,"geometry":{"type":"LineString","coordinates":[[194020.3320000004,1884679.6042999998],[194022.50289999973,1884674.8505000006]]},"properties":{"OBJECTID":1509,"Shape_Length":5.2260330307831655,"Asset_ID":"DP1509","Name":null,"District_ID":"al Robat","Wlyt_ID":"Salalah","Gov_ID":"Dhofar Governorate","Road_ID":"102645","Pipe_Diameter":0,"Pipe_Material":" ","Invert_Level_From_m":0,"Invert_Level_To_m":0,"Slop_Percentage":0,"Latitude":17.02597841,"Longitude":54.126038889999997,"GlobalID":"{2349CD81-9E1A-4948-9F85-01A6A085EA4E}","NEAR_FID":6329,"NEAR_DIST":6.4302694774408904}},{"type":"Feature","id":1510,"geometry":{"type":"LineString","coordinates":[[194022.50289999973,1884674.8505000006],[194059.27699999977,1884692.2268000003]]},"properties":{"OBJECTID":1510,"Shape_Length":40.672720987055136,"Asset_ID":"DP1510","Name":null,"District_ID":"al Robat","Wlyt_ID":"Salalah","Gov_ID":"Dhofar Governorate","Road_ID":"102645","Pipe_Diameter":800,"Pipe_Material":" ","Invert_Level_From_m":0,"Invert_Level_To_m":0,"Slop_Percentage":0,"Latitude":17.026037970000001,"Longitude":54.126220750000002,"GlobalID":"{78298DBE-24F2-4434-8351-90070C0CD87C}","NEAR_FID":6329,"NEAR_DIST":11.632242359062406}},{"type":"Feature","id":1511,"geometry":{"type":"LineString","coordinates":[[194056.54079999961,1884696.7155000009],[194059.27699999977,1884692.2268000003]]},"properties":{"OBJECTID":1511,"Shape_Length":5.2569209748656753,"Asset_ID":"DP1511","Name":null,"District_ID":"al Robat","Wlyt_ID":"Salalah","Gov_ID":"Dhofar Governorate","Road_ID":"102645","Pipe_Diameter":0,"Pipe_Material":" ","Invert_Level_From_m":0,"Invert_Level_To_m":0,"Slop_Percentage":0,"Latitude":17.026138929999998,"Longitude":54.126378950000003,"GlobalID":"{65B2AFBC-F4DB-4F60-87CE-4192968F54E9}","NEAR_FID":6329,"NEAR_DIST":6.4051580742412311}},{"type":"Feature","id":1512,"geometry":{"type":"LineString","coordinates":[[194059.27699999977,1884692.2268000003],[194112.19620000012,1884717.2649000008]]},"properties":{"OBJECTID":1512,"Shape_Length":58.543557974477068,"Asset_ID":"DP1512","Name":null,"District_ID":"al Robat","Wlyt_ID":"Salalah","Gov_ID":"Dhofar Governorate","Road_ID":"102645","Pipe_Diameter":800,"Pipe_Material":" ","Invert_Level_From_m":0,"Invert_Level_To_m":0,"Slop_Percentage":0,"Latitude":17.026235379999999,"Longitude":54.126638669999998,"GlobalID":"{E08303B6-AAF8-4C9F-A687-EF6153913C27}","NEAR_FID":6329,"NEAR_DIST":11.536295862494805}},{"type":"Feature","id":1513,"geometry":{"type":"LineString","coordinates":[[194092.55950000044,1884714.0361000001],[194112.19620000012,1884717.2649000008]]},"properties":{"OBJECTID":1513,"Shape_Length":19.900380305952876,"Asset_ID":"DP1513","Name":null,"District_ID":"al Robat","Wlyt_ID":"Salalah","Gov_ID":"Dhofar Governorate","Road_ID":"102645","Pipe_Diameter":200,"Pipe_Material":" ","Invert_Level_From_m":0,"Invert_Level_To_m":0,"Slop_Percentage":0,"Latitude":17.02633604,"Longitude":54.126793329999998,"GlobalID":"{61F674A9-6D2F-4CE7-B481-89603FECB3B7}","NEAR_FID":6329,"NEAR_DIST":6.0926892954762204}},{"type":"Feature","id":1514,"geometry":{"type":"LineString","coordinates":[[194109.77740000002,1884721.9604000002],[194112.19620000012,1884717.2649000008]]},"properties":{"OBJECTID":1514,"Shape_Length":5.2818854290217727,"Asset_ID":"DP1514","Name":null,"District_ID":"al Robat","Wlyt_ID":"Salalah","Gov_ID":"Dhofar Governorate","Road_ID":"102645","Pipe_Diameter":200,"Pipe_Material":" ","Invert_Level_From_m":0,"Invert_Level_To_m":0,"Slop_Percentage":0,"Latitude":17.026372949999999,"Longitude":54.126873580000002,"GlobalID":"{5B28D862-EF24-4C45-8435-7ECCADDE36DB}","NEAR_FID":6329,"NEAR_DIST":6.2577651938408678}},{"type":"Feature","id":1515,"geometry":{"type":"LineString","coordinates":[[194128.86930000037,1884730.9168999996],[194109.77740000002,1884721.9604000002]]},"properties":{"OBJECTID":1515,"Shape_Length":21.088374471788249,"Asset_ID":"DP1515","Name":null,"District_ID":"al Robat","Wlyt_ID":"Salalah","Gov_ID":"Dhofar Governorate","Road_ID":"102645","Pipe_Diameter":200,"Pipe_Material":" ","Invert_Level_From_m":0,"Invert_Level_To_m":0,"Slop_Percentage":0,"Latitude":17.026435679999999,"Longitude":54.126950870000002,"GlobalID":"{68E62F18-0C79-4575-BD04-116A1D457C50}","NEAR_FID":6329,"NEAR_DIST":6.2577651938408678}},{"type":"Feature","id":1516,"geometry":{"type":"LineString","coordinates":[[194112.19620000012,1884717.2649000008],[194167.9402999999,1884744.1202000007]]},"properties":{"OBJECTID":1516,"Shape_Length":61.875777351657447,"Asset_ID":"DP1516","Name":null,"District_ID":"al Robat","Wlyt_ID":"Salalah","Gov_ID":"Dhofar Governorate","Road_ID":"102645","Pipe_Diameter":800,"Pipe_Material":" ","Invert_Level_From_m":0,"Invert_Level_To_m":0,"Slop_Percentage":0,"Latitude":17.026476840000001,"Longitude":54.127144950000002,"GlobalID":"{7AC8E3E9-79B9-41D7-B485-7D05926165DF}","NEAR_FID":6329,"NEAR_DIST":10.98523004684807}},{"type":"Feature","id":1517,"geometry":{"type":"LineString","coordinates":[[194165.24739999976,1884749.1481999997],[194167.9402999999,1884744.1202000007]]},"properties":{"OBJECTID":1517,"Shape_Length":5.7037263609604123,"Asset_ID":"DP1517","Name":null,"District_ID":"al Robat","Wlyt_ID":"Salalah","Gov_ID":"Dhofar Governorate","Road_ID":"102645","Pipe_Diameter":200,"Pipe_Material":" ","Invert_Level_From_m":0,"Invert_Level_To_m":0,"Slop_Percentage":0,"Latitude":17.02662428,"Longitude":54.127391670000002,"GlobalID":"{FEA972E3-57AF-4175-834D-8A9332240D85}","NEAR_FID":6329,"NEAR_DIST":5.2891124898152757}},{"type":"Feature","id":1518,"geometry":{"type":"LineString","coordinates":[[194167.9402999999,1884744.1202000007],[194203.20969999954,1884760.2879000008]]},"properties":{"OBJECTID":1518,"Shape_Length":38.798519296851232,"Asset_ID":"DP1518","Name":null,"District_ID":"al Robat","Wlyt_ID":"Salalah","Gov_ID":"Dhofar Governorate","Road_ID":"102645","Pipe_Diameter":800,"Pipe_Material":" ","Invert_Level_From_m":0,"Invert_Level_To_m":0,"Slop_Percentage":0,"Latitude":17.026677079999999,"Longitude":54.127569029999997,"GlobalID":"{2DEC3417-321C-486C-ADAE-7AB0357887FB}","NEAR_FID":6329,"NEAR_DIST":10.922850423558337}},{"type":"Feature","id":1519,"geometry":{"type":"LineString","coordinates":[[194201.25200000033,1884766.0515999999],[194203.20969999954,1884760.2879000008]]},"properties":{"OBJECTID":1519,"Shape_Length":6.0871033313312459,"Asset_ID":"DP1519","Name":null,"District_ID":"al Robat","Wlyt_ID":"Salalah","Gov_ID":"Dhofar Governorate","Road_ID":"102645","Pipe_Diameter":20,"Pipe_Material":" ","Invert_Level_From_m":0,"Invert_Level_To_m":0,"Slop_Percentage":0,"Latitude":17.026778289999999,"Longitude":54.12772382,"GlobalID":"{1C6B8E48-FF3F-4E3D-A971-4AEBA48C6C86}","NEAR_FID":6329,"NEAR_DIST":4.8664389759805315}},{"type":"Feature","id":1520,"geometry":{"type":"LineString","coordinates":[[194203.20969999954,1884760.2879000008],[194237.46839999966,1884782.3861999996]]},"properties":{"OBJECTID":1520,"Shape_Length":40.767553134016957,"Asset_ID":"DP1520","Name":null,"District_ID":"al Robat","Wlyt_ID":"Salalah","Gov_ID":"Dhofar Governorate","Road_ID":"102645","Pipe_Diameter":800,"Pipe_Material":" ","Invert_Level_From_m":0,"Invert_Level_To_m":0,"Slop_Percentage":0,"Latitude":17.02685443,"Longitude":54.127892619999997,"GlobalID":"{E23FC383-4350-462D-B29E-9D1C43277913}","NEAR_FID":6329,"NEAR_DIST":5.0332665272716834}},{"type":"Feature","id":1521,"geometry":{"type":"LineString","coordinates":[[194237.46839999966,1884782.3861999996],[194274.04119999986,1884797.8909000009]]},"properties":{"OBJECTID":1521,"Shape_Length":39.723612901971961,"Asset_ID":"DP1521","Name":null,"District_ID":"al Robat","Wlyt_ID":"Salalah","Gov_ID":"Dhofar Governorate","Road_ID":"102645","Pipe_Diameter":800,"Pipe_Material":" ","Invert_Level_From_m":0,"Invert_Level_To_m":0,"Slop_Percentage":0,"Latitude":17.027028869999999,"Longitude":54.128222370000003,"GlobalID":"{5F595C99-459D-4125-9874-9C524E6AF6F3}","NEAR_FID":6329,"NEAR_DIST":4.9274075439439704}},{"type":"Feature","id":1522,"geometry":{"type":"LineString","coordinates":[[194274.04119999986,1884797.8909000009],[194310.95129999984,1884812.6228999998]]},"properties":{"OBJECTID":1522,"Shape_Length":39.741506085909847,"Asset_ID":"DP1522","Name":null,"District_ID":"al Robat","Wlyt_ID":"Salalah","Gov_ID":"Dhofar Governorate","Road_ID":"102645","Pipe_Diameter":800,"Pipe_Material":" ","Invert_Level_From_m":0,"Invert_Level_To_m":0,"Slop_Percentage":0,"Latitude":17.027170229999999,"Longitude":54.128565080000001,"GlobalID":"{1791202A-1848-4AFE-AC0F-7BF25F241ED5}","NEAR_FID":6329,"NEAR_DIST":4.9274075439439704}},{"type":"Feature","id":1523,"geometry":{"type":"LineString","coordinates":[[194310.95129999984,1884812.6228999998],[194348.17750000022,1884826.7171]]},"properties":{"OBJECTID":1523,"Shape_Length":39.804980091858063,"Asset_ID":"DP1523","Name":null,"District_ID":"al Robat","Wlyt_ID":"Salalah","Gov_ID":"Dhofar Governorate","Road_ID":"102645","Pipe_Diameter":800,"Pipe_Material":" ","Invert_Level_From_m":0,"Invert_Level_To_m":0,"Slop_Percentage":0,"Latitude":17.027305269999999,"Longitude":54.128910949999998,"GlobalID":"{B959D915-304F-4843-9C06-904C80CFFA95}","NEAR_FID":6329,"NEAR_DIST":4.8336943400139436}},{"type":"Feature","id":1524,"geometry":{"type":"LineString","coordinates":[[194348.17750000022,1884826.7171],[194383.97869999986,1884839.3079000004]]},"properties":{"OBJECTID":1524,"Shape_Length":37.950680706187647,"Asset_ID":"DP1524","Name":null,"District_ID":"al Robat","Wlyt_ID":"Salalah","Gov_ID":"Dhofar Governorate","Road_ID":"102645","Pipe_Diameter":800,"Pipe_Material":" ","Invert_Level_From_m":0,"Invert_Level_To_m":0,"Slop_Percentage":0,"Latitude":17.02743057,"Longitude":54.129251760000002,"GlobalID":"{392FA67C-52A3-4B91-8EDE-9908C2F5C23F}","NEAR_FID":6329,"NEAR_DIST":4.8336943400139436}},{"type":"Feature","id":1525,"geometry":{"type":"LineString","coordinates":[[194383.97869999986,1884839.3079000004],[194423.35360000003,1884853.2509000003]]},"properties":{"OBJECTID":1525,"Shape_Length":41.770683487615408,"Asset_ID":"DP1525","Name":null,"District_ID":"al Robat","Wlyt_ID":"Salalah","Gov_ID":"Dhofar Governorate","Road_ID":"102645","Pipe_Diameter":800,"Pipe_Material":" ","Invert_Level_From_m":0,"Invert_Level_To_m":0,"Slop_Percentage":0,"Latitude":17.027555329999998,"Longitude":54.129602660000003,"GlobalID":"{5BEC5124-614D-4261-9EA1-6B8C6C8B7AF4}","NEAR_FID":6329,"NEAR_DIST":5.0014359778015498}},{"type":"Feature","id":1526,"geometry":{"type":"LineString","coordinates":[[194423.35360000003,1884853.2509000003],[194461.06579999998,1884866.5503000002]]},"properties":{"OBJECTID":1526,"Shape_Length":39.988549225918099,"Asset_ID":"DP1526","Name":null,"District_ID":"al Robat","Wlyt_ID":"Salalah","Gov_ID":"Dhofar Governorate","Road_ID":"102645","Pipe_Diameter":800,"Pipe_Material":" ","Invert_Level_From_m":0,"Invert_Level_To_m":0,"Slop_Percentage":0,"Latitude":17.027683410000002,"Longitude":54.129962489999997,"GlobalID":"{7AB10884-EF3F-4683-BE26-3B9F1629BD36}","NEAR_FID":6329,"NEAR_DIST":4.9682779029918871}},{"type":"Feature","id":1527,"geometry":{"type":"LineString","coordinates":[[194461.06579999998,1884866.5503000002],[194498.80750000011,1884879.8260999992]]},"properties":{"OBJECTID":1527,"Shape_Length":40.008533896077644,"Asset_ID":"DP1527","Name":null,"District_ID":"al Robat","Wlyt_ID":"Salalah","Gov_ID":"Dhofar Governorate","Road_ID":"102645","Pipe_Diameter":800,"Pipe_Material":" ","Invert_Level_From_m":0,"Invert_Level_To_m":0,"Slop_Percentage":0,"Latitude":17.027808369999999,"Longitude":54.130314689999999,"GlobalID":"{C0563A9B-B80D-4B3C-9DC3-92A0217F4556}","NEAR_FID":6329,"NEAR_DIST":4.9671709427027437}},{"type":"Feature","id":1528,"geometry":{"type":"LineString","coordinates":[[194498.80750000011,1884879.8260999992],[194536.53729999997,1884893.1076999996]]},"properties":{"OBJECTID":1528,"Shape_Length":39.999233825137686,"Asset_ID":"DP1528","Name":null,"District_ID":"al Robat","Wlyt_ID":"Salalah","Gov_ID":"Dhofar Governorate","Road_ID":"102645","Pipe_Diameter":800,"Pipe_Material":" ","Invert_Level_From_m":0,"Invert_Level_To_m":0,"Slop_Percentage":0,"Latitude":17.02793325,"Longitude":54.130666990000002,"GlobalID":"{573CCDF1-C373-4142-80E2-61037136A93E}","NEAR_FID":6329,"NEAR_DIST":4.9621309067540436}},{"type":"Feature","id":1529,"geometry":{"type":"LineString","coordinates":[[194536.53729999997,1884893.1076999996],[194574.34210000001,1884906.4319000002]]},"properties":{"OBJECTID":1529,"Shape_Length":40.084126642594008,"Asset_ID":"DP1529","Name":null,"District_ID":"al Robat","Wlyt_ID":"Salalah","Gov_ID":"Dhofar Governorate","Road_ID":"102645","Pipe_Diameter":800,"Pipe_Material":" ","Invert_Level_From_m":0,"Invert_Level_To_m":0,"Slop_Percentage":0,"Latitude":17.028058359999999,"Longitude":54.131019569999999,"GlobalID":"{EC78AF90-3CCA-4F05-8BFD-64A4B7514D41}","NEAR_FID":6329,"NEAR_DIST":5.029286947348103}},{"type":"Feature","id":1530,"geometry":{"type":"LineString","coordinates":[[194574.34210000001,1884906.4319000002],[194611.8973000003,1884919.6964999996]]},"properties":{"OBJECTID":1530,"Shape_Length":39.82891738682428,"Asset_ID":"DP1530","Name":null,"District_ID":"al Robat","Wlyt_ID":"Salalah","Gov_ID":"Dhofar Governorate","Road_ID":"102645","Pipe_Diameter":900,"Pipe_Material":" ","Invert_Level_From_m":0,"Invert_Level_To_m":0,"Slop_Percentage":0,"Latitude":17.028183370000001,"Longitude":54.131371340000001,"GlobalID":"{B07D7709-7661-401E-A0DA-7C0F3B39375D}","NEAR_FID":6329,"NEAR_DIST":5.0727061444948154}},{"type":"Feature","id":1531,"geometry":{"type":"LineString","coordinates":[[194611.8973000003,1884919.6964999996],[194649.90380000044,1884932.0022]]},"properties":{"OBJECTID":1531,"Shape_Length":39.94902119901608,"Asset_ID":"DP1531","Name":null,"District_ID":"al Robat","Wlyt_ID":"Salalah","Gov_ID":"Dhofar Governorate","Road_ID":"102645","Pipe_Diameter":900,"Pipe_Material":" ","Invert_Level_From_m":0,"Invert_Level_To_m":0,"Slop_Percentage":0,"Latitude":17.028303810000001,"Longitude":54.131724120000001,"GlobalID":"{526F9984-BB88-4C7C-B3E9-C04C412B79CF}","NEAR_FID":6329,"NEAR_DIST":5.1605633395012376}},{"type":"Feature","id":1532,"geometry":{"type":"LineString","coordinates":[[188423.02570000011,1882899.6465000007],[188425.75229999982,1882890.3837000001]]},"properties":{"OBJECTID":1532,"Shape_Length":9.655765708096169,"Asset_ID":"DP1532","Name":null,"District_ID":"Salalah al Gharbiyya","Wlyt_ID":"Salalah","Gov_ID":"Dhofar Governorate","Road_ID":"104567","Pipe_Diameter":300,"Pipe_Material":"HDPE","Invert_Level_From_m":0,"Invert_Level_To_m":0,"Slop_Percentage":0,"Latitude":17.009276379999999,"Longitude":54.073725009999997,"GlobalID":"{5D203DF9-2D54-4E62-B6D5-13574EC69CDE}","NEAR_FID":13510,"NEAR_DIST":0.0067061886794626754}},{"type":"Feature","id":1533,"geometry":{"type":"LineString","coordinates":[[190491.49849999975,1883614.8077000007],[190520.07139999978,1883608.3456999995]]},"properties":{"OBJECTID":1533,"Shape_Length":29.294505601376393,"Asset_ID":"DP1533","Name":null,"District_ID":"Markaz al Madena","Wlyt_ID":"Salalah","Gov_ID":"Dhofar Governorate","Road_ID":"103812","Pipe_Diameter":600,"Pipe_Material":"HDPE","Invert_Level_From_m":8.4499999999999993,"Invert_Level_To_m":8.4250000000000007,"Slop_Percentage":0.089999999999999997,"Latitude":17.01607267,"Longitude":54.093016130000002,"GlobalID":"{67A597FE-51B2-4342-A441-D05B4D3A09CD}","NEAR_FID":8967,"NEAR_DIST":1.8867793615132493}},{"type":"Feature","id":1534,"geometry":{"type":"LineString","coordinates":[[190135.18800000008,1883441.5222999994],[190081.61050000042,1883425.1298999991]]},"properties":{"OBJECTID":1534,"Shape_Length":56.029093192505371,"Asset_ID":"DP1534","Name":null,"District_ID":"Salalah al Gharbiyya","Wlyt_ID":"Salalah","Gov_ID":"Dhofar Governorate","Road_ID":"104455","Pipe_Diameter":900,"Pipe_Material":"HDPE","Invert_Level_From_m":7.3799999999999999,"Invert_Level_To_m":7.3399999999999999,"Slop_Percentage":0.080000000000000002,"Latitude":17.014488159999999,"Longitude":54.090359769999999,"GlobalID":"{CDA7C22C-B56E-4E54-8DD1-3B516624094B}","NEAR_FID":12677,"NEAR_DIST":3.4880385718458493}},{"type":"Feature","id":1535,"geometry":{"type":"LineString","coordinates":[[190176.71140000038,1883453.5949000008],[190135.18800000008,1883441.5222999994]]},"properties":{"OBJECTID":1535,"Shape_Length":43.242807706855288,"Asset_ID":"DP1535","Name":null,"District_ID":"Salalah al Gharbiyya","Wlyt_ID":"Salalah","Gov_ID":"Dhofar Governorate","Road_ID":"104455","Pipe_Diameter":900,"Pipe_Material":"HDPE","Invert_Level_From_m":7.3799999999999999,"Invert_Level_To_m":7.3399999999999999,"Slop_Percentage":0.080000000000000002,"Latitude":17.014488159999999,"Longitude":54.090359769999999,"GlobalID":"{63C4B8CD-A57F-4794-A130-3C38FC04B2C1}","NEAR_FID":12677,"NEAR_DIST":0}},{"type":"Feature","id":1536,"geometry":{"type":"LineString","coordinates":[[189646.99380000029,1883288.1808000002],[189613.17650000006,1883278.3901000004]]},"properties":{"OBJECTID":1536,"Shape_Length":35.20606676793453,"Asset_ID":"DP1536","Name":null,"District_ID":"Salalah al Gharbiyya","Wlyt_ID":"Salalah","Gov_ID":"Dhofar Governorate","Road_ID":"103812","Pipe_Diameter":1000,"Pipe_Material":"HDPE","Invert_Level_From_m":6.8399999999999999,"Invert_Level_To_m":6.7999999999999998,"Slop_Percentage":0.13,"Latitude":17.012829790000001,"Longitude":54.085043220000003,"GlobalID":"{2A8A80AD-1701-4F02-9544-4FF185B47668}","NEAR_FID":11214,"NEAR_DIST":8.6680029806026706}},{"type":"Feature","id":1537,"geometry":{"type":"LineString","coordinates":[[189073.2137000002,1883104.8760000002],[189036.03650000039,1883094.7446999997]]},"properties":{"OBJECTID":1537,"Shape_Length":38.532939668932386,"Asset_ID":"DP1537","Name":null,"District_ID":"Salalah al Gharbiyya","Wlyt_ID":"Salalah","Gov_ID":"Dhofar Governorate","Road_ID":"104478","Pipe_Diameter":1200,"Pipe_Material":"HDPE","Invert_Level_From_m":6.2199999999999998,"Invert_Level_To_m":6.1799999999999997,"Slop_Percentage":0.080000000000000002,"Latitude":17.01086492,"Longitude":54.078802779999997,"GlobalID":"{2CB01F6D-DAB3-4B9D-9E50-70EA23F779CD}","NEAR_FID":17987,"NEAR_DIST":8.0379231145258032}},{"type":"Feature","id":1538,"geometry":{"type":"LineString","coordinates":[[189036.03650000039,1883094.7446999997],[188988.23830000032,1883080.6864999998]]},"properties":{"OBJECTID":1538,"Shape_Length":49.822694733219095,"Asset_ID":"DP1538","Name":null,"District_ID":"Salalah al Gharbiyya","Wlyt_ID":"Salalah","Gov_ID":"Dhofar Governorate","Road_ID":"104478","Pipe_Diameter":1200,"Pipe_Material":"HDPE","Invert_Level_From_m":6.2199999999999998,"Invert_Level_To_m":6.1799999999999997,"Slop_Percentage":0.080000000000000002,"Latitude":17.01086492,"Longitude":54.078802779999997,"GlobalID":"{A82230CA-902B-4293-985E-144096784100}","NEAR_FID":14538,"NEAR_DIST":0}},{"type":"Feature","id":1540,"geometry":{"type":"LineString","coordinates":[[188852.94560000021,1883044.0265999995],[188851.62339999992,1883042.1699000001]]},"properties":{"OBJECTID":1540,"Shape_Length":2.2793744160645506,"Asset_ID":"DP1540","Name":null,"District_ID":"Salalah al Gharbiyya","Wlyt_ID":"Salalah","Gov_ID":"Dhofar Governorate","Road_ID":"104475","Pipe_Diameter":200,"Pipe_Material":"UPVC","Invert_Level_From_m":0,"Invert_Level_To_m":0,"Slop_Percentage":0,"Latitude":17.010659359999998,"Longitude":54.077725260000001,"GlobalID":"{8922B01C-FBE3-4F31-BB27-6E5624F62D76}","NEAR_FID":17709,"NEAR_DIST":4.9816004838946801}},{"type":"Feature","id":1541,"geometry":{"type":"LineString","coordinates":[[188051.51510000043,1882749.7791000009],[188051.20600000024,1882751.8460000008]]},"properties":{"OBJECTID":1541,"Shape_Length":2.0898847863022287,"Asset_ID":"DP1541","Name":null,"District_ID":"Salalah al Gharbiyya","Wlyt_ID":"Salalah","Gov_ID":"Dhofar Governorate","Road_ID":"103824","Pipe_Diameter":200,"Pipe_Material":"UPVC","Invert_Level_From_m":0,"Invert_Level_To_m":0,"Slop_Percentage":0,"Latitude":17.007663319999999,"Longitude":54.069500300000001,"GlobalID":"{88050C76-2DB2-4996-9594-C9976E1CE90D}","NEAR_FID":4903,"NEAR_DIST":4.3610117173612544}},{"type":"Feature","id":1542,"geometry":{"type":"LineString","coordinates":[[188148.8245000001,1882770.5467000008],[188148.41770000011,1882772.5090999994]]},"properties":{"OBJECTID":1542,"Shape_Length":2.0041207535515135,"Asset_ID":"DP1542","Name":null,"District_ID":"Salalah al Gharbiyya","Wlyt_ID":"Salalah","Gov_ID":"Dhofar Governorate","Road_ID":"103824","Pipe_Diameter":200,"Pipe_Material":"UPVC","Invert_Level_From_m":0,"Invert_Level_To_m":0,"Slop_Percentage":0,"Latitude":17.007663319999999,"Longitude":54.069500300000001,"GlobalID":"{537E8D1E-7EBE-4DC2-BD4B-D1BC425F0885}","NEAR_FID":13127,"NEAR_DIST":5.7749274863523876}},{"type":"Feature","id":1543,"geometry":{"type":"LineString","coordinates":[[188198.03000000026,1882779.9857000001],[188197.74039999954,1882781.9036999997]]},"properties":{"OBJECTID":1543,"Shape_Length":1.9397402297400022,"Asset_ID":"DP1543","Name":null,"District_ID":"Salalah al Gharbiyya","Wlyt_ID":"Salalah","Gov_ID":"Dhofar Governorate","Road_ID":"103824","Pipe_Diameter":200,"Pipe_Material":"UPVC","Invert_Level_From_m":0,"Invert_Level_To_m":0,"Slop_Percentage":0,"Latitude":17.007663319999999,"Longitude":54.069500300000001,"GlobalID":"{5F349AA6-9D02-46AF-BB28-C37B02058635}","NEAR_FID":13127,"NEAR_DIST":5.9679415849206956}},{"type":"Feature","id":1545,"geometry":{"type":"LineString","coordinates":[[188247.20199999958,1882789.4232999999],[188246.65369999968,1882791.1435000002]]},"properties":{"OBJECTID":1545,"Shape_Length":1.8054697258710246,"Asset_ID":"DP1545","Name":null,"District_ID":"Salalah al Gharbiyya","Wlyt_ID":"Salalah","Gov_ID":"Dhofar Governorate","Road_ID":"103824","Pipe_Diameter":200,"Pipe_Material":"UPVC","Invert_Level_From_m":0,"Invert_Level_To_m":0,"Slop_Percentage":0,"Latitude":17.007663319999999,"Longitude":54.069500300000001,"GlobalID":"{206E4DE5-4AF9-45F8-9459-AC461F2C668F}","NEAR_FID":13127,"NEAR_DIST":6.0545149402093443}},{"type":"Feature","id":1546,"geometry":{"type":"LineString","coordinates":[[188296.7081000004,1882796.1631000005],[188296.4168999996,1882798.2065999992]]},"properties":{"OBJECTID":1546,"Shape_Length":2.0641438141142214,"Asset_ID":"DP1546","Name":null,"District_ID":"Salalah al Gharbiyya","Wlyt_ID":"Salalah","Gov_ID":"Dhofar Governorate","Road_ID":"103824","Pipe_Diameter":200,"Pipe_Material":"UPVC","Invert_Level_From_m":0,"Invert_Level_To_m":0,"Slop_Percentage":0,"Latitude":17.007663319999999,"Longitude":54.069500300000001,"GlobalID":"{1E42F025-179B-4DCD-8A37-D84D52B4EB35}","NEAR_FID":13127,"NEAR_DIST":5.4492425631706523}},{"type":"Feature","id":1547,"geometry":{"type":"LineString","coordinates":[[186041.45000000019,1883396.0835999995],[186043.4012000002,1883392.3852999993]]},"properties":{"OBJECTID":1547,"Shape_Length":4.1814595935047372,"Asset_ID":"DP1547","Name":null,"District_ID":"Mustashfa al Sultan Qboos","Wlyt_ID":"Salalah","Gov_ID":"Dhofar Governorate","Road_ID":"105353","Pipe_Diameter":200,"Pipe_Material":" ","Invert_Level_From_m":0,"Invert_Level_To_m":0,"Slop_Percentage":0,"Latitude":17.014359599999999,"Longitude":54.053430079999998,"GlobalID":"{A12011C9-6D0C-4784-879A-2C8E136B8F85}","NEAR_FID":8498,"NEAR_DIST":12.991169405204841}},{"type":"Feature","id":1548,"geometry":{"type":"LineString","coordinates":[[186004.66999999993,1883379.2770000007],[186006.60340000037,1883375.2229999993]]},"properties":{"OBJECTID":1548,"Shape_Length":4.4914309048542407,"Asset_ID":"DP1548","Name":null,"District_ID":"Mustashfa al Sultan Qboos","Wlyt_ID":"Salalah","Gov_ID":"Dhofar Governorate","Road_ID":"102645","Pipe_Diameter":200,"Pipe_Material":" ","Invert_Level_From_m":0,"Invert_Level_To_m":0,"Slop_Percentage":0,"Latitude":17.014359599999999,"Longitude":54.053430079999998,"GlobalID":"{801C0E3A-22EB-42BD-8B53-F5DE6C6D997F}","NEAR_FID":17626,"NEAR_DIST":11.344553969884188}},{"type":"Feature","id":1549,"geometry":{"type":"LineString","coordinates":[[185933.67239999957,1883342.8254000004],[185936.60520000011,1883340.1489000004]]},"properties":{"OBJECTID":1549,"Shape_Length":3.9705123212814915,"Asset_ID":"DP1549","Name":null,"District_ID":"Mustashfa al Sultan Qboos","Wlyt_ID":"Salalah","Gov_ID":"Dhofar Governorate","Road_ID":"102645","Pipe_Diameter":200,"Pipe_Material":" ","Invert_Level_From_m":0,"Invert_Level_To_m":0,"Slop_Percentage":0,"Latitude":17.014359599999999,"Longitude":54.053430079999998,"GlobalID":"{EE4CD895-D6F3-467D-8510-186DBE868163}","NEAR_FID":7043,"NEAR_DIST":8.3634228694457402}},{"type":"Feature","id":1550,"geometry":{"type":"LineString","coordinates":[[185969.14240000024,1883361.1626999993],[185971.37949999981,1883357.5361000001]]},"properties":{"OBJECTID":1550,"Shape_Length":4.261084833916831,"Asset_ID":"DP1550","Name":null,"District_ID":"Mustashfa al Sultan Qboos","Wlyt_ID":"Salalah","Gov_ID":"Dhofar Governorate","Road_ID":"102645","Pipe_Diameter":200,"Pipe_Material":" ","Invert_Level_From_m":0,"Invert_Level_To_m":0,"Slop_Percentage":0,"Latitude":17.014359599999999,"Longitude":54.053430079999998,"GlobalID":"{B9643004-60E2-40A5-944F-6E0FD94CF241}","NEAR_FID":17626,"NEAR_DIST":11.363999737526997}},{"type":"Feature","id":1551,"geometry":{"type":"LineString","coordinates":[[185898.32579999976,1883324.6330999993],[185900.25710000005,1883321.1129999999]]},"properties":{"OBJECTID":1551,"Shape_Length":4.0150994628735788,"Asset_ID":"DP1551","Name":null,"District_ID":"Mustashfa al Sultan Qboos","Wlyt_ID":"Salalah","Gov_ID":"Dhofar Governorate","Road_ID":"102645","Pipe_Diameter":200,"Pipe_Material":" ","Invert_Level_From_m":0,"Invert_Level_To_m":0,"Slop_Percentage":0,"Latitude":17.014359599999999,"Longitude":54.053430079999998,"GlobalID":"{B5448C3C-6E8F-4227-B9D2-2769BA011ED8}","NEAR_FID":5525,"NEAR_DIST":9.3508361653532059}},{"type":"Feature","id":1552,"geometry":{"type":"LineString","coordinates":[[189571.31950000022,1884212.8121000007],[189569.57940000016,1884230.0982000008]]},"properties":{"OBJECTID":1552,"Shape_Length":17.373462557162643,"Asset_ID":"DP1552","Name":null,"District_ID":"Salalah al Jadida","Wlyt_ID":"Salalah","Gov_ID":"Dhofar Governorate","Road_ID":"104390","Pipe_Diameter":200,"Pipe_Material":"HDPE","Invert_Level_From_m":0,"Invert_Level_To_m":0,"Slop_Percentage":0,"Latitude":17.02130227,"Longitude":54.084332789999998,"GlobalID":"{8141710C-4EA1-417A-BB53-AE3083F73B25}","NEAR_FID":15747,"NEAR_DIST":7.303500676934318}},{"type":"Feature","id":1553,"geometry":{"type":"LineString","coordinates":[[189561.86479999963,1884253.7112000007],[189566.51580000017,1884251.6425000001]]},"properties":{"OBJECTID":1553,"Shape_Length":5.0903163651833419,"Asset_ID":"DP1553","Name":null,"District_ID":"Salalah al Jadida","Wlyt_ID":"Salalah","Gov_ID":"Dhofar Governorate","Road_ID":"104189","Pipe_Diameter":200,"Pipe_Material":"HDPE","Invert_Level_From_m":0,"Invert_Level_To_m":0,"Slop_Percentage":0,"Latitude":17.02130227,"Longitude":54.084332789999998,"GlobalID":"{668D3701-8632-4C73-8127-E2F3D1E872BB}","NEAR_FID":9622,"NEAR_DIST":9.1314356093187197}},{"type":"Feature","id":1554,"geometry":{"type":"LineString","coordinates":[[189585.19919999968,1884253.0142999999],[189583.11930000037,1884251.4497999996]]},"properties":{"OBJECTID":1554,"Shape_Length":2.6026225731304602,"Asset_ID":"DP1554","Name":null,"District_ID":"Salalah al Jadida","Wlyt_ID":"Salalah","Gov_ID":"Dhofar Governorate","Road_ID":"104189","Pipe_Diameter":200,"Pipe_Material":"HDPE","Invert_Level_From_m":0,"Invert_Level_To_m":0,"Slop_Percentage":0,"Latitude":17.02130227,"Longitude":54.084332789999998,"GlobalID":"{EDBA8D7D-6B2B-4387-BF66-2A6912C78A42}","NEAR_FID":9622,"NEAR_DIST":7.4132346215127054}}]
}