{
  "type" : "FeatureCollection",
  "crs" : {
    "type" : "name",
    "properties" : {
      "name" : "EPSG:32640"
    }
  },
  "features" : [{"type":"Feature","id":1,"geometry":{"type":"Point","coordinates":[201299.77010000031,1893576.2758000009]},"properties":{"OBJECTID":1,"Asset_ID":"GrS50","Name":"بيع المواد الغذائية و الخضروات و الفواكة","District_ID":null,"Gov_ID":"Dhofar Governorate","Wlyt_ID":"Salalah","Road_ID":"102005","Latitude":17.10727872,"Longitude":54.193140079999999,"GlobalID":"{AA246D0F-4AE9-44D9-AE3F-BA871610B7D6}"}},{"type":"Feature","id":2,"geometry":{"type":"Point","coordinates":[202661.10680000018,1895023.1966999993]},"properties":{"OBJECTID":2,"Asset_ID":"GrS51","Name":"بقالة","District_ID":null,"Gov_ID":"Dhofar Governorate","Wlyt_ID":"Salalah","Road_ID":"101947","Latitude":17.120519309999999,"Longitude":54.205726220000003,"GlobalID":"{C402EE9D-6893-4A52-89A7-4271548B8FC9}"}},{"type":"Feature","id":3,"geometry":{"type":"Point","coordinates":[198600.67470000032,1896501.2021999992]},"properties":{"OBJECTID":3,"Asset_ID":"GrS52","Name":"بقالة","District_ID":null,"Gov_ID":"Dhofar Governorate","Wlyt_ID":"Salalah","Road_ID":"101870","Latitude":17.133332899999999,"Longitude":54.167399400000001,"GlobalID":"{91B9D290-F265-419D-8E77-F2961474A18D}"}},{"type":"Feature","id":4,"geometry":{"type":"Point","coordinates":[198493.2547000004,1896293.6897]},"properties":{"OBJECTID":4,"Asset_ID":"GrS53","Name":"بقاله","District_ID":null,"Gov_ID":"Dhofar Governorate","Wlyt_ID":"Salalah","Road_ID":"101888","Latitude":17.13144527,"Longitude":54.166419159999997,"GlobalID":"{521AEF58-4F86-4300-8545-3C3AD4603AF7}"}},{"type":"Feature","id":5,"geometry":{"type":"Point","coordinates":[198492.96160000004,1896351.0999999996]},"properties":{"OBJECTID":5,"Asset_ID":"GrS54","Name":"سوق تجاري","District_ID":null,"Gov_ID":"Dhofar Governorate","Wlyt_ID":"Salalah","Road_ID":"101888","Latitude":17.131963549999998,"Longitude":54.16640855,"GlobalID":"{631751D6-817D-4C5D-9236-DCA3FC25E70F}"}},{"type":"Feature","id":6,"geometry":{"type":"Point","coordinates":[195842.04810000025,1892400.9252000004]},"properties":{"OBJECTID":6,"Asset_ID":"GrS55","Name":"سوق تجاري","District_ID":null,"Gov_ID":"Dhofar Governorate","Wlyt_ID":"Salalah","Road_ID":"102221","Latitude":17.095950340000002,"Longitude":54.142062379999999,"GlobalID":"{C38FF9FC-1043-46A0-BBFD-C48CE5CC746E}"}},{"type":"Feature","id":7,"geometry":{"type":"Point","coordinates":[193717.63019999955,1892163.6508000009]},"properties":{"OBJECTID":7,"Asset_ID":"GrS56","Name":"سوق تجاري","District_ID":null,"Gov_ID":"Dhofar Governorate","Wlyt_ID":"Salalah","Road_ID":"102172","Latitude":17.093525769999999,"Longitude":54.122152049999997,"GlobalID":"{6929BFE6-3BC9-414A-86F8-D613B4F86C6A}"}},{"type":"Feature","id":8,"geometry":{"type":"Point","coordinates":[193488.46520000044,1892350.9809000008]},"properties":{"OBJECTID":8,"Asset_ID":"GrS57","Name":"بقالة","District_ID":null,"Gov_ID":"Dhofar Governorate","Wlyt_ID":"Salalah","Road_ID":"102209","Latitude":17.095186399999999,"Longitude":54.119974769999999,"GlobalID":"{800E9818-D324-4177-95A7-3E09156E35CE}"}},{"type":"Feature","id":9,"geometry":{"type":"Point","coordinates":[193299.41779999994,1892474.7684000004]},"properties":{"OBJECTID":9,"Asset_ID":"GrS58","Name":"سوق تجاري","District_ID":null,"Gov_ID":"Dhofar Governorate","Wlyt_ID":"Salalah","Road_ID":"102172","Latitude":17.096278699999999,"Longitude":54.11818289,"GlobalID":"{EF36CE04-62F7-44AE-8C03-9B42B5D2BB94}"}},{"type":"Feature","id":10,"geometry":{"type":"Point","coordinates":[192266.66390000004,1893371.0949000008]},"properties":{"OBJECTID":10,"Asset_ID":"GrS59","Name":"سوق تجاري","District_ID":null,"Gov_ID":"Dhofar Governorate","Wlyt_ID":"Salalah","Road_ID":"102172","Latitude":17.104232419999999,"Longitude":54.10836295,"GlobalID":"{7AFC1BF6-6E53-4BD0-B6D8-40B28B10140D}"}},{"type":"Feature","id":11,"geometry":{"type":"Point","coordinates":[190601.09580000024,1891975.6338]},"properties":{"OBJECTID":11,"Asset_ID":"GrS60","Name":"سوق تجاري","District_ID":null,"Gov_ID":"Dhofar Governorate","Wlyt_ID":"Salalah","Road_ID":"102196","Latitude":17.091410539999998,"Longitude":54.092922540000004,"GlobalID":"{3BF2F6B6-C7FC-4061-8425-61E4889C1BA2}"}},{"type":"Feature","id":12,"geometry":{"type":"Point","coordinates":[190505.6791000003,1891925.0745999999]},"properties":{"OBJECTID":12,"Asset_ID":"GrS61","Name":"سوق تجاري","District_ID":null,"Gov_ID":"Dhofar Governorate","Wlyt_ID":"Salalah","Road_ID":"102196","Latitude":17.09094125,"Longitude":54.092033950000001,"GlobalID":"{E3774FCC-4B79-4C29-B08A-A8F7B55D3BA7}"}},{"type":"Feature","id":13,"geometry":{"type":"Point","coordinates":[187978.84449999966,1891301.6029000003]},"properties":{"OBJECTID":13,"Asset_ID":"GrS62","Name":"سوق تجاري","District_ID":null,"Gov_ID":"Dhofar Governorate","Wlyt_ID":"Salalah","Road_ID":"105056","Latitude":17.084970869999999,"Longitude":54.068402759999998,"GlobalID":"{7E13DD00-C28F-4348-B87B-28269E5708A0}"}},{"type":"Feature","id":14,"geometry":{"type":"Point","coordinates":[186787.56649999972,1887333.9889000002]},"properties":{"OBJECTID":14,"Asset_ID":"GrS63","Name":"سوق تجاري","District_ID":null,"Gov_ID":"Dhofar Governorate","Wlyt_ID":"Salalah","Road_ID":"104616","Latitude":17.048991109999999,"Longitude":54.057782600000003,"GlobalID":"{E7468C22-AC4E-4B84-B107-78A392CFFE5A}"}},{"type":"Feature","id":15,"geometry":{"type":"Point","coordinates":[186648.80360000022,1887242.2129999995]},"properties":{"OBJECTID":15,"Asset_ID":"GrS64","Name":"سوق تجاري","District_ID":null,"Gov_ID":"Dhofar Governorate","Wlyt_ID":"Salalah","Road_ID":"104634","Latitude":17.048143719999999,"Longitude":54.056493340000003,"GlobalID":"{EE991A9F-246E-4C3F-AC74-D2F389F6A4E7}"}},{"type":"Feature","id":16,"geometry":{"type":"Point","coordinates":[186394.35890000034,1887106.1976999994]},"properties":{"OBJECTID":16,"Asset_ID":"GrS65","Name":"سوق تجاري","District_ID":null,"Gov_ID":"Dhofar Governorate","Wlyt_ID":"Salalah","Road_ID":"104633","Latitude":17.046881200000001,"Longitude":54.054124729999998,"GlobalID":"{C7191D39-A0C3-49B1-9FD2-BB99C4D1CF01}"}},{"type":"Feature","id":17,"geometry":{"type":"Point","coordinates":[185723.41930000018,1889128.7714000009]},"properties":{"OBJECTID":17,"Asset_ID":"GrS66","Name":"سوق تجاري","District_ID":null,"Gov_ID":"Dhofar Governorate","Wlyt_ID":"Salalah","Road_ID":"104611","Latitude":17.06504838,"Longitude":54.047541160000002,"GlobalID":"{0BD214D4-18F4-4CBB-B8C1-3D822609CECF}"}},{"type":"Feature","id":18,"geometry":{"type":"Point","coordinates":[187152.84119999968,1890471.5953000002]},"properties":{"OBJECTID":18,"Asset_ID":"GrS67","Name":"سوق تجاري","District_ID":null,"Gov_ID":"Dhofar Governorate","Wlyt_ID":"Salalah","Road_ID":"104611","Latitude":17.077365629999999,"Longitude":54.060766960000002,"GlobalID":"{CD33CD59-B141-47AD-87B9-466C93ABE314}"}},{"type":"Feature","id":19,"geometry":{"type":"Point","coordinates":[187189.73020000011,1890487.7728000004]},"properties":{"OBJECTID":19,"Asset_ID":"GrS68","Name":"سوق تجاري","District_ID":null,"Gov_ID":"Dhofar Governorate","Wlyt_ID":"Salalah","Road_ID":"104611","Latitude":17.077516689999999,"Longitude":54.061110909999996,"GlobalID":"{5AEC8BFA-1566-41EB-A6AE-69618934E1EF}"}},{"type":"Feature","id":20,"geometry":{"type":"Point","coordinates":[184895.7444000002,1888325.5088]},"properties":{"OBJECTID":20,"Asset_ID":"GrS69","Name":"COMMERCIAL MARKET","District_ID":null,"Gov_ID":"Dhofar Governorate","Wlyt_ID":"Salalah","Road_ID":"105116","Latitude":17.0576838,"Longitude":54.039887530000001,"GlobalID":"{0C4EC70D-176A-4B43-BD5B-FB018CF25582}"}},{"type":"Feature","id":21,"geometry":{"type":"Point","coordinates":[184246.85570000019,1886330.8023000006]},"properties":{"OBJECTID":21,"Asset_ID":"GrS70","Name":"سوق تجاري","District_ID":"Auqad al Shamaliyya Extension","Gov_ID":"Dhofar Governorate","Wlyt_ID":"Salalah","Road_ID":"104752","Latitude":17.03958798,"Longitude":54.034082120000001,"GlobalID":"{014B5356-FDFF-4879-9EDF-9B30EAC6F3FB}"}},{"type":"Feature","id":22,"geometry":{"type":"Point","coordinates":[184213.14950000029,1886393.0853000004]},"properties":{"OBJECTID":22,"Asset_ID":"GrS71","Name":"FAKHR SALALAH","District_ID":"Auqad al Shamaliyya Extension","Gov_ID":"Dhofar Governorate","Wlyt_ID":"Salalah","Road_ID":"104752","Latitude":17.04014561,"Longitude":54.033756949999997,"GlobalID":"{7AFDE0AC-A013-4E2A-9338-EDC1EA25D342}"}},{"type":"Feature","id":23,"geometry":{"type":"Point","coordinates":[183413.36180000007,1886571.1415999997]},"properties":{"OBJECTID":23,"Asset_ID":"GrS72","Name":"سوق تجاري","District_ID":"Auqad al Shamaliyya Extension","Gov_ID":"Dhofar Governorate","Wlyt_ID":"Salalah","Road_ID":"104783","Latitude":17.041643199999999,"Longitude":54.026226309999998,"GlobalID":"{87C7082D-B856-4079-9269-B62AA016310C}"}},{"type":"Feature","id":24,"geometry":{"type":"Point","coordinates":[182123.6902999999,1885067.6010999996]},"properties":{"OBJECTID":24,"Asset_ID":"GrS73","Name":"سوق تجاري","District_ID":"Auqad al Shamaliyya Extension","Gov_ID":"Dhofar Governorate","Wlyt_ID":"Salalah","Road_ID":"104838","Latitude":17.027892869999999,"Longitude":54.014339649999997,"GlobalID":"{0408C1C9-B0CF-44AB-BFD2-845AEC4DB003}"}},{"type":"Feature","id":25,"geometry":{"type":"Point","coordinates":[182529.67509999964,1885493.8737000003]},"properties":{"OBJECTID":25,"Asset_ID":"GrS74","Name":"سوق تجاري","District_ID":"Auqad al Shamaliyya Extension","Gov_ID":"Dhofar Governorate","Wlyt_ID":"Salalah","Road_ID":"104819","Latitude":17.03179686,"Longitude":54.018088089999999,"GlobalID":"{054F4CF9-7C2F-4785-B06C-6B27F76A2688}"}},{"type":"Feature","id":26,"geometry":{"type":"Point","coordinates":[182498.89989999961,1885496.3466999996]},"properties":{"OBJECTID":26,"Asset_ID":"GrS75","Name":"سوق تجاري","District_ID":"Auqad al Shamaliyya Extension","Gov_ID":"Dhofar Governorate","Wlyt_ID":"Salalah","Road_ID":"104830","Latitude":17.031814950000001,"Longitude":54.01779896,"GlobalID":"{8A4BB9D8-5643-468B-91B5-2CE7A286D2A4}"}},{"type":"Feature","id":27,"geometry":{"type":"Point","coordinates":[182478.01680000033,1885526.5723000001]},"properties":{"OBJECTID":27,"Asset_ID":"GrS76","Name":"محلات البقالة","District_ID":"Auqad al Shamaliyya Extension","Gov_ID":"Dhofar Governorate","Wlyt_ID":"Salalah","Road_ID":"104830","Latitude":17.032084919999999,"Longitude":54.017598669999998,"GlobalID":"{F7BDED7E-5C40-4581-87B5-ABA8F3782832}"}},{"type":"Feature","id":28,"geometry":{"type":"Point","coordinates":[182439.82259999961,1885582.6270000003]},"properties":{"OBJECTID":28,"Asset_ID":"GrS77","Name":"GENERAL STORE (WEGITABLE)","District_ID":"Auqad al Shamaliyya Extension","Gov_ID":"Dhofar Governorate","Wlyt_ID":"Salalah","Road_ID":"104830","Latitude":17.03258568,"Longitude":54.017232249999999,"GlobalID":"{8FDADEB8-12E5-469C-B678-734588E36A90}"}},{"type":"Feature","id":29,"geometry":{"type":"Point","coordinates":[196794.17449999973,1892757.2659000009]},"properties":{"OBJECTID":29,"Asset_ID":"GrS78","Name":"سوق تجاري","District_ID":null,"Gov_ID":"Dhofar Governorate","Wlyt_ID":"Salalah","Road_ID":"101857","Latitude":17.099293419999999,"Longitude":54.150951759999998,"GlobalID":"{1E1A7078-B1B3-4466-A462-A4082209611A}"}},{"type":"Feature","id":30,"geometry":{"type":"Point","coordinates":[195241.36330000032,1893804.6773000006]},"properties":{"OBJECTID":30,"Asset_ID":"GrS79","Name":"بقالة","District_ID":null,"Gov_ID":"Dhofar Governorate","Wlyt_ID":"Salalah","Road_ID":"102220","Latitude":17.108543900000001,"Longitude":54.136229470000004,"GlobalID":"{F0DBB25D-00E8-40FC-98BC-47887F61B612}"}},{"type":"Feature","id":31,"geometry":{"type":"Point","coordinates":[193422.21779999975,1892409.9002]},"properties":{"OBJECTID":31,"Asset_ID":"GrS80","Name":"سوق تجاري","District_ID":null,"Gov_ID":"Dhofar Governorate","Wlyt_ID":"Salalah","Road_ID":"102172","Latitude":17.09570948,"Longitude":54.119344689999998,"GlobalID":"{3DDEE88D-BA9A-4140-A324-0A8B2E3AB3AB}"}},{"type":"Feature","id":32,"geometry":{"type":"Point","coordinates":[193348.37249999959,1892531.2850000001]},"properties":{"OBJECTID":32,"Asset_ID":"GrS81","Name":"سوق خط الثقة التجاري","District_ID":null,"Gov_ID":"Dhofar Governorate","Wlyt_ID":"Salalah","Road_ID":"102172","Latitude":17.09679547,"Longitude":54.118634610000001,"GlobalID":"{68044B0D-A5B7-499C-AF5F-53052BFAB2BF}"}},{"type":"Feature","id":33,"geometry":{"type":"Point","coordinates":[180400.07600000035,1883876.6896000002]},"properties":{"OBJECTID":33,"Asset_ID":"GrS82","Name":"سوق تجاري","District_ID":"Auqad al Shamaliyya Extension","Gov_ID":"Dhofar Governorate","Wlyt_ID":"Salalah","Road_ID":"106060","Latitude":17.016904149999998,"Longitude":53.998338220000001,"GlobalID":"{972D93F8-DD74-419F-B1F8-FB1A20C784DF}"}},{"type":"Feature","id":34,"geometry":{"type":"Point","coordinates":[188296.16110000014,1890945.4953000005]},"properties":{"OBJECTID":34,"Asset_ID":"GrS83","Name":"بقالة","District_ID":null,"Gov_ID":"Dhofar Governorate","Wlyt_ID":"Salalah","Road_ID":"102206","Latitude":17.081799149999998,"Longitude":54.071431500000003,"GlobalID":"{59C865C0-B902-4DF3-AADB-4A0134453A08}"}},{"type":"Feature","id":35,"geometry":{"type":"Point","coordinates":[188304.30470000021,1890946.0207000002]},"properties":{"OBJECTID":35,"Asset_ID":"GrS84","Name":"سوق تجاري","District_ID":null,"Gov_ID":"Dhofar Governorate","Wlyt_ID":"Salalah","Road_ID":"102206","Latitude":17.081804999999999,"Longitude":54.071507869999998,"GlobalID":"{F2E31A1C-C579-4F62-B4E9-FB74421F23B0}"}},{"type":"Feature","id":36,"geometry":{"type":"Point","coordinates":[188309.70990000013,1890945.7478999998]},"properties":{"OBJECTID":36,"Asset_ID":"GrS85","Name":"سوق تجاري","District_ID":null,"Gov_ID":"Dhofar Governorate","Wlyt_ID":"Salalah","Road_ID":"102206","Latitude":17.081803270000002,"Longitude":54.071558639999999,"GlobalID":"{97EC3DF6-D86C-43E4-8159-935C2D9D8569}"}},{"type":"Feature","id":37,"geometry":{"type":"Point","coordinates":[189743.75999999978,1891609.0494999997]},"properties":{"OBJECTID":37,"Asset_ID":"GrS86","Name":"مواد غذائية و كماليات","District_ID":null,"Gov_ID":"Dhofar Governorate","Wlyt_ID":"Salalah","Road_ID":"102229","Latitude":17.087985450000001,"Longitude":54.084926189999997,"GlobalID":"{CA8490BD-FD8A-4513-A0E8-7F9792D05569}"}},{"type":"Feature","id":38,"geometry":{"type":"Point","coordinates":[200616.9319000002,1894315.6757999994]},"properties":{"OBJECTID":38,"Asset_ID":"GrS87","Name":"بقالة","District_ID":null,"Gov_ID":"Dhofar Governorate","Wlyt_ID":"Salalah","Road_ID":"101896","Latitude":17.113865369999999,"Longitude":54.186628759999998,"GlobalID":"{6A89B260-A8C1-482C-ACD5-FEBB6502BDE8}"}},{"type":"Feature","id":39,"geometry":{"type":"Point","coordinates":[200613.87349999975,1894174.0017000008]},"properties":{"OBJECTID":39,"Asset_ID":"GrS88","Name":"بقالة","District_ID":null,"Gov_ID":"Dhofar Governorate","Wlyt_ID":"Salalah","Road_ID":"101869","Latitude":17.11258587,"Longitude":54.186619280000002,"GlobalID":"{17A899F2-9EBB-46B2-8460-9940D56CBF60}"}},{"type":"Feature","id":40,"geometry":{"type":"Point","coordinates":[196020.83640000038,1892476.5822000001]},"properties":{"OBJECTID":40,"Asset_ID":"GrS89","Name":"بقالة","District_ID":null,"Gov_ID":"Dhofar Governorate","Wlyt_ID":"Salalah","Road_ID":"102220","Latitude":17.096657059999998,"Longitude":54.143730380000001,"GlobalID":"{E07AA845-1ED6-428C-821B-0771A38C8AE5}"}},{"type":"Feature","id":41,"geometry":{"type":"Point","coordinates":[191084.80229999963,1892175.3155000005]},"properties":{"OBJECTID":41,"Asset_ID":"GrS90","Name":"سوق تجاري","District_ID":null,"Gov_ID":"Dhofar Governorate","Wlyt_ID":"Salalah","Road_ID":"102196","Latitude":17.093278349999999,"Longitude":54.09743521,"GlobalID":"{E7896A31-4A1D-4646-B3C9-6157A9DD081F}"}},{"type":"Feature","id":42,"geometry":{"type":"Point","coordinates":[187968.76499999966,1891258.9508999996]},"properties":{"OBJECTID":42,"Asset_ID":"GrS91","Name":"مواد غذائية و كماليات","District_ID":null,"Gov_ID":"Dhofar Governorate","Wlyt_ID":"Salalah","Road_ID":"105056","Latitude":17.084584459999999,"Longitude":54.068314170000001,"GlobalID":"{07E80265-E2A5-4E20-9B62-C691F384F268}"}},{"type":"Feature","id":43,"geometry":{"type":"Point","coordinates":[187982.33690000046,1891331.6875]},"properties":{"OBJECTID":43,"Asset_ID":"GrS92","Name":"سوق تجاري","District_ID":null,"Gov_ID":"Dhofar Governorate","Wlyt_ID":"Salalah","Road_ID":"105056","Latitude":17.085242940000001,"Longitude":54.068431289999999,"GlobalID":"{BE070CFD-9BEA-46E4-ABE7-D18F1DDD4760}"}},{"type":"Feature","id":44,"geometry":{"type":"Point","coordinates":[186995.53519999981,1890256.4848999996]},"properties":{"OBJECTID":44,"Asset_ID":"GrS93","Name":"SABIRA MART","District_ID":null,"Gov_ID":"Dhofar Governorate","Wlyt_ID":"Salalah","Road_ID":"104611","Latitude":17.0754023,"Longitude":54.059320919999998,"GlobalID":"{D6A5ECF0-9D68-4119-AF6C-E76146229B02}"}},{"type":"Feature","id":45,"geometry":{"type":"Point","coordinates":[185919.59539999999,1889291.4640999995]},"properties":{"OBJECTID":45,"Asset_ID":"GrS94","Name":"سوق غدو التجاري","District_ID":null,"Gov_ID":"Dhofar Governorate","Wlyt_ID":"Salalah","Road_ID":"104615","Latitude":17.06654387,"Longitude":54.049359260000003,"GlobalID":"{18FA2EF8-2C11-4D64-91CD-C52321E8E670}"}},{"type":"Feature","id":46,"geometry":{"type":"Point","coordinates":[185707.50879999995,1889121.9618999995]},"properties":{"OBJECTID":46,"Asset_ID":"GrS95","Name":"سوق تجاري","District_ID":null,"Gov_ID":"Dhofar Governorate","Wlyt_ID":"Salalah","Road_ID":"104611","Latitude":17.064984729999999,"Longitude":54.047392799999997,"GlobalID":"{6BA2EE27-365F-4129-BAD4-15825436CD43}"}},{"type":"Feature","id":47,"geometry":{"type":"Point","coordinates":[184273.39529999997,1886284.3615000006]},"properties":{"OBJECTID":47,"Asset_ID":"GrS96","Name":"ABRAJ TADBOUR","District_ID":"Auqad al Shamaliyya Extension","Gov_ID":"Dhofar Governorate","Wlyt_ID":"Salalah","Road_ID":"104752","Latitude":17.03917238,"Longitude":54.034337790000002,"GlobalID":"{F0547528-200F-427B-919C-53EB63848067}"}},{"type":"Feature","id":48,"geometry":{"type":"Point","coordinates":[182966.44010000024,1887650.1640000008]},"properties":{"OBJECTID":48,"Asset_ID":"GrS97","Name":"سوق تجاري","District_ID":null,"Gov_ID":"Dhofar Governorate","Wlyt_ID":"Salalah","Road_ID":"104611","Latitude":17.051322320000001,"Longitude":54.021877969999998,"GlobalID":"{5A0F5A1C-B050-44AC-A09B-E5D863DCDF09}"}},{"type":"Feature","id":49,"geometry":{"type":"Point","coordinates":[185737.02450000029,1889132.0578000005]},"properties":{"OBJECTID":49,"Asset_ID":"GrS98","Name":"سوق تجاري","District_ID":null,"Gov_ID":"Dhofar Governorate","Wlyt_ID":"Salalah","Road_ID":"104611","Latitude":17.065079910000001,"Longitude":54.047668389999998,"GlobalID":"{4BCFC2F2-1539-4E8E-8352-3620EF77BBD9}"}},{"type":"Feature","id":50,"geometry":{"type":"Point","coordinates":[185903.81489999965,1889233.3599999994]},"properties":{"OBJECTID":50,"Asset_ID":"GrS99","Name":"سوق تجاري","District_ID":null,"Gov_ID":"Dhofar Governorate","Wlyt_ID":"Salalah","Road_ID":"104615","Latitude":17.06601719,"Longitude":54.049219399999998,"GlobalID":"{2272470C-1C50-44A2-A870-A04BB218052C}"}},{"type":"Feature","id":51,"geometry":{"type":"Point","coordinates":[187984.09090000018,1891344.8452000003]},"properties":{"OBJECTID":51,"Asset_ID":"GrS100","Name":"محلات البقالة","District_ID":null,"Gov_ID":"Dhofar Governorate","Wlyt_ID":"Salalah","Road_ID":"104687","Latitude":17.08536196,"Longitude":54.06844589,"GlobalID":"{306A976F-8019-48CA-BE67-1E32CEBD0CD5}"}},{"type":"Feature","id":52,"geometry":{"type":"Point","coordinates":[188304.87870000023,1891807.8694000002]},"properties":{"OBJECTID":52,"Asset_ID":"GrS101","Name":"سوق تجاري","District_ID":null,"Gov_ID":"Dhofar Governorate","Wlyt_ID":"Salalah","Road_ID":"102316","Latitude":17.089585499999998,"Longitude":54.071391660000003,"GlobalID":"{A3EBAA41-32AD-45C0-B9B6-447DB0B83AD8}"}},{"type":"Feature","id":53,"geometry":{"type":"Point","coordinates":[190300.22699999996,1891781.2631000001]},"properties":{"OBJECTID":53,"Asset_ID":"GrS102","Name":"سوق تجاري","District_ID":null,"Gov_ID":"Dhofar Governorate","Wlyt_ID":"Salalah","Road_ID":"102196","Latitude":17.089615259999999,"Longitude":54.090125520000001,"GlobalID":"{B2501CAC-0F37-463C-87E2-D04B54C9446C}"}},{"type":"Feature","id":54,"geometry":{"type":"Point","coordinates":[193710.82940000016,1892181.8352000006]},"properties":{"OBJECTID":54,"Asset_ID":"GrS103","Name":"الاسواق التجارية و ماشابهها","District_ID":null,"Gov_ID":"Dhofar Governorate","Wlyt_ID":"Salalah","Road_ID":"102172","Latitude":17.09368903,"Longitude":54.122085679999998,"GlobalID":"{6ECA447B-FB30-45E3-8FD9-9E5EB9CB352A}"}},{"type":"Feature","id":55,"geometry":{"type":"Point","coordinates":[193443.6640999997,1892400.3320000004]},"properties":{"OBJECTID":55,"Asset_ID":"GrS104","Name":"سوق تجاري","District_ID":null,"Gov_ID":"Dhofar Governorate","Wlyt_ID":"Salalah","Road_ID":"102172","Latitude":17.09562596,"Longitude":54.119547349999998,"GlobalID":"{4FD0B509-637B-431B-9832-4F495B44AD65}"}},{"type":"Feature","id":56,"geometry":{"type":"Point","coordinates":[201296.33469999954,1893569.8549000006]},"properties":{"OBJECTID":56,"Asset_ID":"GrS106","Name":"سوق تجاري","District_ID":null,"Gov_ID":"Dhofar Governorate","Wlyt_ID":"Salalah","Road_ID":"102005","Latitude":17.107220300000002,"Longitude":54.193108700000003,"GlobalID":"{E1EA630F-B8CA-41C3-81F3-ECB9BD8A9806}"}},{"type":"Feature","id":57,"geometry":{"type":"Point","coordinates":[201293.23500000034,1893561.9865000006]},"properties":{"OBJECTID":57,"Asset_ID":"GrS107","Name":"المخازن التجارية العامة","District_ID":null,"Gov_ID":"Dhofar Governorate","Wlyt_ID":"Salalah","Road_ID":"102005","Latitude":17.107148859999999,"Longitude":54.19308066,"GlobalID":"{87DCD375-493C-4326-A6DA-B09D9AC82A06}"}},{"type":"Feature","id":58,"geometry":{"type":"Point","coordinates":[202169.11710000038,1893266.5372000001]},"properties":{"OBJECTID":58,"Asset_ID":"GrS108","Name":"الزاهية مارت","District_ID":null,"Gov_ID":"Dhofar Governorate","Wlyt_ID":"Salalah","Road_ID":"101812","Latitude":17.104595239999998,"Longitude":54.201343970000003,"GlobalID":"{0353F36A-546E-445B-95A9-0B3418F58BD5}"}},{"type":"Feature","id":59,"geometry":{"type":"Point","coordinates":[203407.81060000043,1892215.9267999995]},"properties":{"OBJECTID":59,"Asset_ID":"GrS109","Name":"بقالة بيع الادوات و الاواني المنزلية","District_ID":"Sahalnout al Shamaliyya","Gov_ID":"Dhofar Governorate","Wlyt_ID":"Salalah","Road_ID":"102842","Latitude":17.095270060000001,"Longitude":54.213114859999997,"GlobalID":"{27936B43-A807-4272-B3D7-D608691A6A3F}"}},{"type":"Feature","id":60,"geometry":{"type":"Point","coordinates":[203450.86589999963,1892210.6001999993]},"properties":{"OBJECTID":60,"Asset_ID":"GrS110","Name":"سوق تجاري","District_ID":"Sahalnout al Shamaliyya","Gov_ID":"Dhofar Governorate","Wlyt_ID":"Salalah","Road_ID":"102842","Latitude":17.095227529999999,"Longitude":54.213519789999999,"GlobalID":"{AE9E4742-5280-41E3-9FCB-3A855EF5448B}"}},{"type":"Feature","id":61,"geometry":{"type":"Point","coordinates":[203451.41849999968,1892233.9918000009]},"properties":{"OBJECTID":61,"Asset_ID":"GrS111","Name":"بيع المواد الغذائية","District_ID":"Sahalnout al Shamaliyya","Gov_ID":"Dhofar Governorate","Wlyt_ID":"Salalah","Road_ID":"102842","Latitude":17.095438789999999,"Longitude":54.213521829999998,"GlobalID":"{1F5984A3-C38F-456F-BBF8-8752C7014794}"}},{"type":"Feature","id":62,"geometry":{"type":"Point","coordinates":[203653.23450000025,1892439.7787999995]},"properties":{"OBJECTID":62,"Asset_ID":"GrS112","Name":"صلالة ميني مارت","District_ID":"Sahalnout al Shamaliyya","Gov_ID":"Dhofar Governorate","Wlyt_ID":"Salalah","Road_ID":"102804","Latitude":17.097322850000001,"Longitude":54.215388910000001,"GlobalID":"{F3B1E59C-22EF-47F9-8F0D-7C39A27B1441}"}},{"type":"Feature","id":63,"geometry":{"type":"Point","coordinates":[203267.6146999998,1892719.2435999997]},"properties":{"OBJECTID":63,"Asset_ID":"GrS113","Name":"سوق تجاري","District_ID":"Sahalnout al Shamaliyya","Gov_ID":"Dhofar Governorate","Wlyt_ID":"Salalah","Road_ID":"102791","Latitude":17.099796229999999,"Longitude":54.211731,"GlobalID":"{7AEF7F73-80A6-4FCE-972E-4CD3F2886D36}"}},{"type":"Feature","id":64,"geometry":{"type":"Point","coordinates":[201486.15629999992,1892869.6169000007]},"properties":{"OBJECTID":64,"Asset_ID":"GrS114","Name":"سوق تجاري","District_ID":"Sahalnout al Shamaliyya","Gov_ID":"Dhofar Governorate","Wlyt_ID":"Salalah","Road_ID":"102822","Latitude":17.100922860000001,"Longitude":54.194985610000003,"GlobalID":"{F3D6CF0C-B783-4C02-B94F-F31286027928}"}},{"type":"Feature","id":65,"geometry":{"type":"Point","coordinates":[201486.52460000012,1892873.6689999998]},"properties":{"OBJECTID":65,"Asset_ID":"GrS115","Name":"مخازن التجارة العامة","District_ID":"Sahalnout al Shamaliyya","Gov_ID":"Dhofar Governorate","Wlyt_ID":"Salalah","Road_ID":"102822","Latitude":17.100959499999998,"Longitude":54.194988520000003,"GlobalID":"{24DB052A-7272-4C5B-BE8E-2C0C6200A8DF}"}},{"type":"Feature","id":66,"geometry":{"type":"Point","coordinates":[201030.49509999994,1892121.1794000007]},"properties":{"OBJECTID":66,"Asset_ID":"GrS116","Name":"Gulf Waves commercial market","District_ID":"Sahalnout al Shamaliyya","Gov_ID":"Dhofar Governorate","Wlyt_ID":"Salalah","Road_ID":"102765","Latitude":17.094106249999999,"Longitude":54.190809059999999,"GlobalID":"{862F8E2C-C93B-40D3-AB38-E43E66CCE3A5}"}},{"type":"Feature","id":67,"geometry":{"type":"Point","coordinates":[200230.0784,1892128.0504000001]},"properties":{"OBJECTID":67,"Asset_ID":"GrS117","Name":"سوق تجاري","District_ID":"Sahalnout al Shamaliyya","Gov_ID":"Dhofar Governorate","Wlyt_ID":"Salalah","Road_ID":"102706","Latitude":17.094063909999999,"Longitude":54.183293820000003,"GlobalID":"{FA290AF7-ED9C-442D-B16F-27BBBA1136D6}"}},{"type":"Feature","id":68,"geometry":{"type":"Point","coordinates":[200225.47369999997,1892129.4893999994]},"properties":{"OBJECTID":68,"Asset_ID":"GrS118","Name":"مخازن تجارية عامة","District_ID":"Sahalnout al Shamaliyya","Gov_ID":"Dhofar Governorate","Wlyt_ID":"Salalah","Road_ID":"102706","Latitude":17.094076300000001,"Longitude":54.183250399999999,"GlobalID":"{35F1BA3C-A13F-452B-A36C-46D2A3FC032F}"}},{"type":"Feature","id":69,"geometry":{"type":"Point","coordinates":[200743.54789999966,1889510.3258999996]},"properties":{"OBJECTID":69,"Asset_ID":"GrS119","Name":"سق تجاري","District_ID":"Sahalnout al Shamaliyya","Gov_ID":"Dhofar Governorate","Wlyt_ID":"Salalah","Road_ID":"102922","Latitude":17.070496689999999,"Longitude":54.188468790000002,"GlobalID":"{67E8C121-EAA2-4E8C-AAD8-9909F9F5094F}"}},{"type":"Feature","id":70,"geometry":{"type":"Point","coordinates":[200742.84530000016,1889498.3815000001]},"properties":{"OBJECTID":70,"Asset_ID":"GrS120","Name":"بيع الفواكة و الخضار و التمور","District_ID":"Sahalnout al Shamaliyya","Gov_ID":"Dhofar Governorate","Wlyt_ID":"Salalah","Road_ID":"102922","Latitude":17.07038876,"Longitude":54.188463810000002,"GlobalID":"{FCC8F6D7-7142-4BAD-AEB7-9B4D303389B7}"}},{"type":"Feature","id":71,"geometry":{"type":"Point","coordinates":[200743.54789999966,1889480.8160999995]},"properties":{"OBJECTID":71,"Asset_ID":"GrS121","Name":"بقالة","District_ID":"Sahalnout al Shamaliyya","Gov_ID":"Dhofar Governorate","Wlyt_ID":"Salalah","Road_ID":"102922","Latitude":17.070230259999999,"Longitude":54.188472779999998,"GlobalID":"{38FB4167-6490-450E-8AF0-020DC741D3C3}"}},{"type":"Feature","id":72,"geometry":{"type":"Point","coordinates":[200743.78399999999,1889439.2259]},"properties":{"OBJECTID":72,"Asset_ID":"GrS122","Name":"بيع الفواكة و الخضروات","District_ID":"Sahalnout al Shamaliyya","Gov_ID":"Dhofar Governorate","Wlyt_ID":"Salalah","Road_ID":"102922","Latitude":17.069854790000001,"Longitude":54.188480630000001,"GlobalID":"{BF2D400F-FF18-4FBB-9754-4044E044B1AB}"}},{"type":"Feature","id":73,"geometry":{"type":"Point","coordinates":[200743.20839999989,1889431.1677999999]},"properties":{"OBJECTID":73,"Asset_ID":"GrS123","Name":"هيبا مارت","District_ID":"Sahalnout al Shamaliyya","Gov_ID":"Dhofar Governorate","Wlyt_ID":"Salalah","Road_ID":"102922","Latitude":17.06978196,"Longitude":54.188476309999999,"GlobalID":"{FAE67AA2-0FDD-41C0-9429-57E4CD833DE6}"}},{"type":"Feature","id":74,"geometry":{"type":"Point","coordinates":[200743.15450000018,1889405.6084000003]},"properties":{"OBJECTID":74,"Asset_ID":"GrS124","Name":"الخط السعيد للتسوق","District_ID":"Sahalnout al Shamaliyya","Gov_ID":"Dhofar Governorate","Wlyt_ID":"Salalah","Road_ID":"102922","Latitude":17.069551189999999,"Longitude":54.188479270000002,"GlobalID":"{96DFF09E-A090-4820-B1CF-D98DC8CF8882}"}},{"type":"Feature","id":75,"geometry":{"type":"Point","coordinates":[200700.03990000021,1889319.7929999996]},"properties":{"OBJECTID":75,"Asset_ID":"GrS125","Name":"الحاوي لبيع الاعشاب","District_ID":"Sahalnout al Shamaliyya","Gov_ID":"Dhofar Governorate","Wlyt_ID":"Salalah","Road_ID":"103010","Latitude":17.068770789999999,"Longitude":54.188086169999998,"GlobalID":"{952C2C06-F291-4323-8C99-828F91F09BA5}"}},{"type":"Feature","id":76,"geometry":{"type":"Point","coordinates":[200319.52359999996,1888930.0673999991]},"properties":{"OBJECTID":76,"Asset_ID":"GrS126","Name":"سوق تجاري","District_ID":"Sahalnout al Janubiyya","Gov_ID":"Dhofar Governorate","Wlyt_ID":"Salalah","Road_ID":"103406","Latitude":17.065202589999998,"Longitude":54.184567170000001,"GlobalID":"{E332455D-9F15-4FA5-AB89-8D0C504C3D21}"}},{"type":"Feature","id":77,"geometry":{"type":"Point","coordinates":[200322.10219999962,1888930.0673999991]},"properties":{"OBJECTID":77,"Asset_ID":"GrS127","Name":"بيع الفواكة و الخضار","District_ID":"Sahalnout al Janubiyya","Gov_ID":"Dhofar Governorate","Wlyt_ID":"Salalah","Road_ID":"103406","Latitude":17.065202920000001,"Longitude":54.184591380000001,"GlobalID":"{332204AA-5535-444C-8018-D2E6A7FB7C7E}"}},{"type":"Feature","id":78,"geometry":{"type":"Point","coordinates":[200304.04050000012,1888640.8957000002]},"properties":{"OBJECTID":78,"Asset_ID":"GrS128","Name":"بيع الفواكة و الخضار","District_ID":"Sahalnout al Janubiyya","Gov_ID":"Dhofar Governorate","Wlyt_ID":"Salalah","Road_ID":"103415","Latitude":17.06258978,"Longitude":54.18446101,"GlobalID":"{3EEFBAD0-871D-4339-8E08-85E4EC65C8F2}"}},{"type":"Feature","id":79,"geometry":{"type":"Point","coordinates":[200304.04050000012,1888646.3638000004]},"properties":{"OBJECTID":79,"Asset_ID":"GrS129","Name":"بيع الفواكة و الخضار","District_ID":"Sahalnout al Janubiyya","Gov_ID":"Dhofar Governorate","Wlyt_ID":"Salalah","Road_ID":"103415","Latitude":17.062639149999999,"Longitude":54.184460270000002,"GlobalID":"{0F1CB873-64C6-4026-B4DB-6F57E9EF3147}"}},{"type":"Feature","id":80,"geometry":{"type":"Point","coordinates":[200305.4793999996,1888663.0556000005]},"properties":{"OBJECTID":80,"Asset_ID":"GrS130","Name":"بيع الفواكة و الخضار","District_ID":"Sahalnout al Janubiyya","Gov_ID":"Dhofar Governorate","Wlyt_ID":"Salalah","Road_ID":"103415","Latitude":17.062790039999999,"Longitude":54.184471520000002,"GlobalID":"{AD8BC93A-6DB5-45A7-B976-70201D00D2B7}"}},{"type":"Feature","id":81,"geometry":{"type":"Point","coordinates":[200304.04050000012,1888659.6020999998]},"properties":{"OBJECTID":81,"Asset_ID":"GrS131","Name":"بيع الاسماك و غيرها من المأكولات البحرية","District_ID":"Sahalnout al Janubiyya","Gov_ID":"Dhofar Governorate","Wlyt_ID":"Salalah","Road_ID":"103415","Latitude":17.062758670000001,"Longitude":54.184458480000004,"GlobalID":"{778DCFD1-2FF9-4050-B8FD-831A56AC8F33}"}},{"type":"Feature","id":82,"geometry":{"type":"Point","coordinates":[200303.75270000007,1888680.6107999999]},"properties":{"OBJECTID":82,"Asset_ID":"GrS132","Name":"سوق تجاري","District_ID":"Sahalnout al Janubiyya","Gov_ID":"Dhofar Governorate","Wlyt_ID":"Salalah","Road_ID":"103415","Latitude":17.062948309999999,"Longitude":54.184452929999999,"GlobalID":"{76063F13-5DC6-4A9E-9439-F212A7BA9C53}"}},{"type":"Feature","id":83,"geometry":{"type":"Point","coordinates":[200315.7293999996,1888313.5460999999]},"properties":{"OBJECTID":83,"Asset_ID":"GrS133","Name":"بقالة","District_ID":"Sahalnout al Janubiyya","Gov_ID":"Dhofar Governorate","Wlyt_ID":"Salalah","Road_ID":"103420","Latitude":17.05963582,"Longitude":54.184615059999999,"GlobalID":"{B2F36D6F-3ADB-4829-B8E7-DA010433E984}"}},{"type":"Feature","id":84,"geometry":{"type":"Point","coordinates":[199903.44790000003,1888134.2006999999]},"properties":{"OBJECTID":84,"Asset_ID":"GrS134","Name":"بقالة","District_ID":"Sahalnout al Janubiyya","Gov_ID":"Dhofar Governorate","Wlyt_ID":"Salalah","Road_ID":"103428","Latitude":17.05796286,"Longitude":54.180769609999999,"GlobalID":"{61A441CF-B417-4E5E-8F38-A42AF89E5578}"}},{"type":"Feature","id":85,"geometry":{"type":"Point","coordinates":[201749.32320000045,1891610.3157000002]},"properties":{"OBJECTID":85,"Asset_ID":"GrS135","Name":"ركن الريف اليمني للتسوق","District_ID":"Sahalnout al Shamaliyya","Gov_ID":"Dhofar Governorate","Wlyt_ID":"Salalah","Road_ID":"103037","Latitude":17.08958737,"Longitude":54.197626460000002,"GlobalID":"{E736E55C-F8FC-4E63-AA7D-0B4382726C8B}"}},{"type":"Feature","id":86,"geometry":{"type":"Point","coordinates":[186906.09300000034,1883741.4024]},"properties":{"OBJECTID":86,"Asset_ID":"GrS86","Name":"سوق تجاري","District_ID":"al Wadi","Gov_ID":"Dhofar Governorate","Wlyt_ID":"Salalah","Road_ID":"104340","Latitude":17.016574980000001,"Longitude":54.059402239999997,"GlobalID":"{7526C8C1-AF9F-4D1F-AFBE-48F7D84ABFFC}"}},{"type":"Feature","id":87,"geometry":{"type":"Point","coordinates":[186917.22219999973,1883705.9783999994]},"properties":{"OBJECTID":87,"Asset_ID":"GrS87","Name":"محلات البقالة","District_ID":"al Wadi","Gov_ID":"Dhofar Governorate","Wlyt_ID":"Salalah","Road_ID":"104340","Latitude":17.0162567,"Longitude":54.059511659999998,"GlobalID":"{A597B96C-DB46-44A4-8130-923D2EAACBD4}"}},{"type":"Feature","id":88,"geometry":{"type":"Point","coordinates":[186924.33930000011,1883682.3024000004]},"properties":{"OBJECTID":88,"Asset_ID":"GrS88","Name":"محلات البقالة","District_ID":"al Wadi","Gov_ID":"Dhofar Governorate","Wlyt_ID":"Salalah","Road_ID":"104340","Latitude":17.016043929999999,"Longitude":54.059581780000002,"GlobalID":"{DECD3DBA-4592-4671-9F80-FC273B2AE524}"}},{"type":"Feature","id":89,"geometry":{"type":"Point","coordinates":[186850.42109999992,1883499.2347999997]},"properties":{"OBJECTID":89,"Asset_ID":"GrS139","Name":"محلات البقالة","District_ID":"al Wadi","Gov_ID":"Dhofar Governorate","Wlyt_ID":"Salalah","Road_ID":"105352","Latitude":17.014381239999999,"Longitude":54.058914029999997,"GlobalID":"{F62A5DF8-415C-4E49-8D05-C3458FEB3FC1}"}},{"type":"Feature","id":90,"geometry":{"type":"Point","coordinates":[186839.73290000018,1883421.9192999993]},"properties":{"OBJECTID":90,"Asset_ID":"GrS90","Name":"سوق تجاري","District_ID":"al Wadi","Gov_ID":"Dhofar Governorate","Wlyt_ID":"Salalah","Road_ID":"105338","Latitude":17.013681819999999,"Longitude":54.058824649999998,"GlobalID":"{D0F15990-B5F2-49B2-A881-C1AAD942BF66}"}},{"type":"Feature","id":91,"geometry":{"type":"Point","coordinates":[186841.9430999998,1883399.4485999998]},"properties":{"OBJECTID":91,"Asset_ID":"GrS91","Name":"سوق تجاري","District_ID":"al Wadi","Gov_ID":"Dhofar Governorate","Wlyt_ID":"Salalah","Road_ID":"105338","Latitude":17.013479270000001,"Longitude":54.058848560000001,"GlobalID":"{248E0432-F1D1-4A01-BA5C-0A97AC9909D8}"}},{"type":"Feature","id":92,"geometry":{"type":"Point","coordinates":[186839.91700000037,1883364.8007999994]},"properties":{"OBJECTID":92,"Asset_ID":"GrS92","Name":"سوق تجاري","District_ID":"al Wadi","Gov_ID":"Dhofar Governorate","Wlyt_ID":"Salalah","Road_ID":"105338","Latitude":17.013166210000001,"Longitude":54.058834429999997,"GlobalID":"{62684234-377F-493A-A74F-4DA7D2C0BB48}"}},{"type":"Feature","id":93,"geometry":{"type":"Point","coordinates":[186955.41999999993,1883584.8504000008]},"properties":{"OBJECTID":93,"Asset_ID":"GrS93","Name":"بقالة","District_ID":"al Wadi","Gov_ID":"Dhofar Governorate","Wlyt_ID":"Salalah","Road_ID":"104340","Latitude":17.015168389999999,"Longitude":54.059887160000002,"GlobalID":"{113A14B7-D76A-4838-96D8-8271DF6E0C72}"}},{"type":"Feature","id":94,"geometry":{"type":"Point","coordinates":[186847.83970000036,1883530.7821999993]},"properties":{"OBJECTID":94,"Asset_ID":"GrS144","Name":"بقالة","District_ID":"al Wadi","Gov_ID":"Dhofar Governorate","Wlyt_ID":"Salalah","Road_ID":"105359","Latitude":17.014665690000001,"Longitude":54.058885359999998,"GlobalID":"{568F6614-F245-428C-AFB9-F289C20FBA95}"}},{"type":"Feature","id":95,"geometry":{"type":"Point","coordinates":[186838.56799999997,1883337.3707999997]},"properties":{"OBJECTID":95,"Asset_ID":"GrS95","Name":"فواكة و خضروات","District_ID":"al Wadi","Gov_ID":"Dhofar Governorate","Wlyt_ID":"Salalah","Road_ID":"105338","Latitude":17.0129184,"Longitude":54.058825650000003,"GlobalID":"{4DB612A7-4D30-4251-A54D-50D4A3BF23AF}"}},{"type":"Feature","id":96,"geometry":{"type":"Point","coordinates":[186827.93499999959,1882588.3410999998]},"properties":{"OBJECTID":96,"Asset_ID":"GrS96","Name":"سوق تجاري","District_ID":"al Wadi","Gov_ID":"Dhofar Governorate","Wlyt_ID":"Salalah","Road_ID":"105338","Latitude":17.006155039999999,"Longitude":54.058831509999997,"GlobalID":"{59339E49-33E1-43C8-9D11-A7DB01CA7B4E}"}},{"type":"Feature","id":97,"geometry":{"type":"Point","coordinates":[186831.47900000028,1882525.6224000007]},"properties":{"OBJECTID":97,"Asset_ID":"GrS97","Name":"بقالة","District_ID":"al Wadi","Gov_ID":"Dhofar Governorate","Wlyt_ID":"Salalah","Road_ID":"105338","Latitude":17.005589319999999,"Longitude":54.058873599999998,"GlobalID":"{07034629-BAF9-47DB-99C7-ED1C94F1CE95}"}},{"type":"Feature","id":98,"geometry":{"type":"Point","coordinates":[186883.35510000028,1882441.0840000007]},"properties":{"OBJECTID":98,"Asset_ID":"GrS148","Name":"بيع الفواكة و الخضروات","District_ID":"al Wadi","Gov_ID":"Dhofar Governorate","Wlyt_ID":"Salalah","Road_ID":"105467","Latitude":17.004833179999999,"Longitude":54.059372250000003,"GlobalID":"{B7828D14-DD54-4DB8-9095-B173167EEA6A}"}},{"type":"Feature","id":99,"geometry":{"type":"Point","coordinates":[186907.63740000036,1882448.2786999997]},"properties":{"OBJECTID":99,"Asset_ID":"GrS149","Name":"بقالة","District_ID":"al Wadi","Gov_ID":"Dhofar Governorate","Wlyt_ID":"Salalah","Road_ID":"103812","Latitude":17.00490143,"Longitude":54.059599059999996,"GlobalID":"{F9FB8B05-5EC0-4D7D-971C-F9315FE2DF36}"}},{"type":"Feature","id":100,"geometry":{"type":"Point","coordinates":[187058.04580000043,1882459.1608000007]},"properties":{"OBJECTID":100,"Asset_ID":"GrS150","Name":"بقالة","District_ID":"al Wadi","Gov_ID":"Dhofar Governorate","Wlyt_ID":"Salalah","Road_ID":"103812","Latitude":17.00502006,"Longitude":54.061008729999998,"GlobalID":"{8132E0F5-4908-4885-8C12-3EE0B7C0B7AA}"}},{"type":"Feature","id":101,"geometry":{"type":"Point","coordinates":[187096.46229999978,1882501.8397000004]},"properties":{"OBJECTID":101,"Asset_ID":"GrS151","Name":"سوق تجاري","District_ID":"al Wadi","Gov_ID":"Dhofar Governorate","Wlyt_ID":"Salalah","Road_ID":"103812","Latitude":17.005410550000001,"Longitude":54.061363159999999,"GlobalID":"{2EA12208-15ED-41F5-BF29-E5225EFF4C80}"}},{"type":"Feature","id":102,"geometry":{"type":"Point","coordinates":[187085.84499999974,1882497.7802000009]},"properties":{"OBJECTID":102,"Asset_ID":"GrS152","Name":"سوق تجاري","District_ID":"al Wadi","Gov_ID":"Dhofar Governorate","Wlyt_ID":"Salalah","Road_ID":"103812","Latitude":17.005372470000001,"Longitude":54.061264119999997,"GlobalID":"{9AE4101A-0B06-47C9-8D7E-E823DC069083}"}},{"type":"Feature","id":103,"geometry":{"type":"Point","coordinates":[187052.11959999986,1882459.9952000007]},"properties":{"OBJECTID":103,"Asset_ID":"GrS153","Name":"بقالة","District_ID":"al Wadi","Gov_ID":"Dhofar Governorate","Wlyt_ID":"Salalah","Road_ID":"103812","Latitude":17.005026789999999,"Longitude":54.060953009999999,"GlobalID":"{17CD7953-07A5-4A77-BB27-DFD37D44B11E}"}},{"type":"Feature","id":104,"geometry":{"type":"Point","coordinates":[187106.65380000044,1882519.6783000007]},"properties":{"OBJECTID":104,"Asset_ID":"GrS154","Name":"بقالة","District_ID":"al Wadi","Gov_ID":"Dhofar Governorate","Wlyt_ID":"Salalah","Road_ID":"105469","Latitude":17.005572969999999,"Longitude":54.061456270000001,"GlobalID":"{78F43401-2CF1-48C3-85E3-9EF6A71EC9EE}"}},{"type":"Feature","id":105,"geometry":{"type":"Point","coordinates":[187106.37939999998,1882534.7734999992]},"properties":{"OBJECTID":105,"Asset_ID":"GrS155","Name":"بيع الخضروات و الفواكة","District_ID":"al Wadi","Gov_ID":"Dhofar Governorate","Wlyt_ID":"Salalah","Road_ID":"105469","Latitude":17.005709209999999,"Longitude":54.061451570000003,"GlobalID":"{7688D89B-ABAE-478B-A6D1-62E17B3D10EA}"}},{"type":"Feature","id":106,"geometry":{"type":"Point","coordinates":[187399.69830000028,1882591.6961000003]},"properties":{"OBJECTID":106,"Asset_ID":"GrS156","Name":"بقالة","District_ID":"al Wadi","Gov_ID":"Dhofar Governorate","Wlyt_ID":"Salalah","Road_ID":"103812","Latitude":17.00626282,"Longitude":54.064195640000001,"GlobalID":"{F74D27EC-5C6D-4B8A-906F-5ED7CCE40848}"}},{"type":"Feature","id":107,"geometry":{"type":"Point","coordinates":[187382.83559999987,1882586.0752000008]},"properties":{"OBJECTID":107,"Asset_ID":"GrS157","Name":"يقالة","District_ID":"al Wadi","Gov_ID":"Dhofar Governorate","Wlyt_ID":"Salalah","Road_ID":"103812","Latitude":17.00620979,"Longitude":54.06403822,"GlobalID":"{25BDF4E0-30B3-4167-8689-2B224E994F15}"}},{"type":"Feature","id":108,"geometry":{"type":"Point","coordinates":[187398.90440000035,1882562.1581999995]},"properties":{"OBJECTID":108,"Asset_ID":"GrS158","Name":"سوق تجاري","District_ID":"al Wadi","Gov_ID":"Dhofar Governorate","Wlyt_ID":"Salalah","Road_ID":"103812","Latitude":17.005996060000001,"Longitude":54.064192349999999,"GlobalID":"{932F37CF-D8D2-4ED2-939C-50253F0B5EC2}"}},{"type":"Feature","id":109,"geometry":{"type":"Point","coordinates":[187257.60379999969,1882511.7639000006]},"properties":{"OBJECTID":109,"Asset_ID":"GrS109","Name":"سوق تجاري","District_ID":"al Wadi","Gov_ID":"Dhofar Governorate","Wlyt_ID":"Salalah","Road_ID":"103812","Latitude":17.005521980000001,"Longitude":54.062873680000003,"GlobalID":"{15DE3F96-762C-46C1-8881-9B4C2EAF65D5}"}},{"type":"Feature","id":110,"geometry":{"type":"Point","coordinates":[187914.20270000026,1882578.7934000008]},"properties":{"OBJECTID":110,"Asset_ID":"GrS160","Name":"بقالة","District_ID":"Salalah al Gharbiyya","Gov_ID":"Dhofar Governorate","Wlyt_ID":"Salalah","Road_ID":"104480","Latitude":17.006215950000001,"Longitude":54.069024849999998,"GlobalID":"{B47069EB-E6DB-4795-9ADA-D3777184D978}"}},{"type":"Feature","id":111,"geometry":{"type":"Point","coordinates":[187907.65089999977,1882460.1665000003]},"properties":{"OBJECTID":111,"Asset_ID":"GrS161","Name":"بيع الفواكة و الخضار","District_ID":"Salalah al Gharbiyya","Gov_ID":"Dhofar Governorate","Wlyt_ID":"Salalah","Road_ID":"103741","Latitude":17.005144139999999,"Longitude":54.06898004,"GlobalID":"{B0426CB0-30A2-455D-AB95-0069FBB1D4EF}"}},{"type":"Feature","id":112,"geometry":{"type":"Point","coordinates":[188089.6333999997,1882735.5935999993]},"properties":{"OBJECTID":112,"Asset_ID":"GrS112","Name":"بقالة","District_ID":"Salalah al Gharbiyya","Gov_ID":"Dhofar Governorate","Wlyt_ID":"Salalah","Road_ID":"103824","Latitude":17.007655199999999,"Longitude":54.070648830000003,"GlobalID":"{DEF4A717-250C-4FEF-AC47-71E2105ECD6B}"}},{"type":"Feature","id":113,"geometry":{"type":"Point","coordinates":[188133.83810000028,1882743.0910999998]},"properties":{"OBJECTID":113,"Asset_ID":"GrS163","Name":"سوق تجاري","District_ID":"Salalah al Gharbiyya","Gov_ID":"Dhofar Governorate","Wlyt_ID":"Salalah","Road_ID":"103824","Latitude":17.00772886,"Longitude":54.07106254,"GlobalID":"{5D76FCF6-3519-4077-85AF-C0A18E8D968B}"}},{"type":"Feature","id":114,"geometry":{"type":"Point","coordinates":[188164.56020000018,1882750.0205000006]},"properties":{"OBJECTID":114,"Asset_ID":"GrS164","Name":"بيع الفواكة و الخضروات","District_ID":"Salalah al Gharbiyya","Gov_ID":"Dhofar Governorate","Wlyt_ID":"Salalah","Road_ID":"103824","Latitude":17.007795569999999,"Longitude":54.071349820000002,"GlobalID":"{DDDEFBE9-402A-4228-AA3E-FC50CBEFD1EA}"}},{"type":"Feature","id":115,"geometry":{"type":"Point","coordinates":[188246.27479999978,1882763.9649999999]},"properties":{"OBJECTID":115,"Asset_ID":"GrS165","Name":"متجر بقالة","District_ID":"Salalah al Gharbiyya","Gov_ID":"Dhofar Governorate","Wlyt_ID":"Salalah","Road_ID":"103824","Latitude":17.007932490000002,"Longitude":54.072114569999997,"GlobalID":"{A08875A9-9C30-4E7E-8C71-326E73B561F4}"}},{"type":"Feature","id":116,"geometry":{"type":"Point","coordinates":[188302.61050000042,1882772.4989999998]},"properties":{"OBJECTID":116,"Asset_ID":"GrS166","Name":"سوق تجاري","District_ID":"Salalah al Gharbiyya","Gov_ID":"Dhofar Governorate","Wlyt_ID":"Salalah","Road_ID":"103824","Latitude":17.00801714,"Longitude":54.072641959999999,"GlobalID":"{BEAB4EC7-8E39-40F6-917E-D6501D13521D}"}},{"type":"Feature","id":117,"geometry":{"type":"Point","coordinates":[188465.4570000004,1882794.3817999996]},"properties":{"OBJECTID":117,"Asset_ID":"GrS167","Name":"بييع الخضروات و الفواكة","District_ID":"Salalah al Gharbiyya","Gov_ID":"Dhofar Governorate","Wlyt_ID":"Salalah","Road_ID":"104568","Latitude":17.00823668,"Longitude":54.074166839999997,"GlobalID":"{48725757-18C2-4498-B901-9B5BFAD3974E}"}},{"type":"Feature","id":118,"geometry":{"type":"Point","coordinates":[188500.69749999978,1882680.6346000005]},"properties":{"OBJECTID":118,"Asset_ID":"GrS168","Name":"بقالة","District_ID":"Salalah al Gharbiyya","Gov_ID":"Dhofar Governorate","Wlyt_ID":"Salalah","Road_ID":"104568","Latitude":17.007214560000001,"Longitude":54.074513449999998,"GlobalID":"{99D68FAA-BC42-4606-B56F-687E3DB83315}"}},{"type":"Feature","id":119,"geometry":{"type":"Point","coordinates":[188497.97389999963,1882688.1242999993]},"properties":{"OBJECTID":119,"Asset_ID":"GrS169","Name":"بيع فواكة و خضار","District_ID":"Salalah al Gharbiyya","Gov_ID":"Dhofar Governorate","Wlyt_ID":"Salalah","Road_ID":"104568","Latitude":17.007281800000001,"Longitude":54.074486839999999,"GlobalID":"{9C45021C-FC04-4F8D-877E-911DB9E8245F}"}},{"type":"Feature","id":120,"geometry":{"type":"Point","coordinates":[188540.61799999978,1882599.8758000005]},"properties":{"OBJECTID":120,"Asset_ID":"GrS170","Name":"سوق تجاري","District_ID":"Salalah al Gharbiyya","Gov_ID":"Dhofar Governorate","Wlyt_ID":"Salalah","Road_ID":"104568","Latitude":17.006490880000001,"Longitude":54.074899330000001,"GlobalID":"{CCADA041-F302-4FF1-A3F9-0B351D3B3488}"}},{"type":"Feature","id":121,"geometry":{"type":"Point","coordinates":[188269.46430000011,1882645.2017999999]},"properties":{"OBJECTID":121,"Asset_ID":"GrS171","Name":"بقالة","District_ID":"Salalah al Gharbiyya","Gov_ID":"Dhofar Governorate","Wlyt_ID":"Salalah","Road_ID":"104480","Latitude":17.006863469999999,"Longitude":54.072348820000002,"GlobalID":"{B8F95113-B09C-4944-B5F0-E35ABFB8B559}"}},{"type":"Feature","id":122,"geometry":{"type":"Point","coordinates":[188208.06400000025,1882465.8201000001]},"properties":{"OBJECTID":122,"Asset_ID":"GrS172","Name":"بقالة","District_ID":"Salalah al Gharbiyya","Gov_ID":"Dhofar Governorate","Wlyt_ID":"Salalah","Road_ID":"103741","Latitude":17.005235769999999,"Longitude":54.0717979,"GlobalID":"{8AC14189-BEC4-4CE2-B127-C65ACB196E32}"}},{"type":"Feature","id":123,"geometry":{"type":"Point","coordinates":[188428.31979999971,1882499.7329999991]},"properties":{"OBJECTID":123,"Asset_ID":"GrS173","Name":"بقالة","District_ID":"Salalah al Gharbiyya","Gov_ID":"Dhofar Governorate","Wlyt_ID":"Salalah","Road_ID":"103741","Latitude":17.005571669999998,"Longitude":54.073859720000002,"GlobalID":"{25D76ECF-6D79-4BAB-B984-DA4E34C91EA3}"}},{"type":"Feature","id":124,"geometry":{"type":"Point","coordinates":[188420.82330000028,1882498.3050999995]},"properties":{"OBJECTID":124,"Asset_ID":"GrS174","Name":"بقالة","District_ID":"Salalah al Gharbiyya","Gov_ID":"Dhofar Governorate","Wlyt_ID":"Salalah","Road_ID":"103741","Latitude":17.005557759999999,"Longitude":54.073789589999997,"GlobalID":"{2F36E6A2-E772-4A53-B94D-A493FECDF75B}"}},{"type":"Feature","id":125,"geometry":{"type":"Point","coordinates":[188633.49260000046,1882561.6374999993]},"properties":{"OBJECTID":125,"Asset_ID":"GrS175","Name":"بقالة","District_ID":"Salalah al Gharbiyya","Gov_ID":"Dhofar Governorate","Wlyt_ID":"Salalah","Road_ID":"103741","Latitude":17.006158200000002,"Longitude":54.07577611,"GlobalID":"{4C3820DB-D5ED-4C85-9C1A-F3E85D7817EF}"}},{"type":"Feature","id":126,"geometry":{"type":"Point","coordinates":[189148.70270000026,1882720.1673000008]},"properties":{"OBJECTID":126,"Asset_ID":"GrS176","Name":"بيع الفواكة و الخضار و التمور","District_ID":"Salalah al Gharbiyya","Gov_ID":"Dhofar Governorate","Wlyt_ID":"Salalah","Road_ID":"103741","Latitude":17.007658800000002,"Longitude":54.080587989999998,"GlobalID":"{628D51EC-6AB1-427B-B4EC-1D4831E07FE0}"}},{"type":"Feature","id":127,"geometry":{"type":"Point","coordinates":[189813.57540000044,1882801.9155000001]},"properties":{"OBJECTID":127,"Asset_ID":"GrS177","Name":"بقالة","District_ID":"Salalah al Gharbiyya","Gov_ID":"Dhofar Governorate","Wlyt_ID":"Salalah","Road_ID":"103741","Latitude":17.008486250000001,"Longitude":54.086814949999997,"GlobalID":"{90CFE28A-5043-486D-9177-F6F249505DF2}"}},{"type":"Feature","id":128,"geometry":{"type":"Point","coordinates":[189949.58430000022,1882784.2449999992]},"properties":{"OBJECTID":128,"Asset_ID":"GrS178","Name":"بيع منتجات الالبان","District_ID":"Salalah al Gharbiyya","Gov_ID":"Dhofar Governorate","Wlyt_ID":"Salalah","Road_ID":"103741","Latitude":17.008344999999998,"Longitude":54.088093579999999,"GlobalID":"{BECA425E-C1F9-4C7D-9239-97B4F6FA2DFE}"}},{"type":"Feature","id":129,"geometry":{"type":"Point","coordinates":[190057.95990000013,1882820.1250999998]},"properties":{"OBJECTID":129,"Asset_ID":"GrS179","Name":"بيع مواد غذائية و كماليات","District_ID":"Salalah al Gharbiyya","Gov_ID":"Dhofar Governorate","Wlyt_ID":"Salalah","Road_ID":"103741","Latitude":17.008683470000001,"Longitude":54.089105449999998,"GlobalID":"{1F00196C-0BC8-4E12-8325-A3B89AFD7F05}"}},{"type":"Feature","id":130,"geometry":{"type":"Point","coordinates":[190426.07270000037,1882893.3243000004]},"properties":{"OBJECTID":130,"Asset_ID":"GrS180","Name":"بقالة","District_ID":"Salalah al Wousta","Gov_ID":"Dhofar Governorate","Wlyt_ID":"Salalah","Road_ID":"103741","Latitude":17.0093937,"Longitude":54.092549220000002,"GlobalID":"{44551028-D48F-41B6-B38D-FFB96FC40E27}"}},{"type":"Feature","id":131,"geometry":{"type":"Point","coordinates":[190455.78000000026,1882896.6932999995]},"properties":{"OBJECTID":131,"Asset_ID":"GrS181","Name":"بقالة","District_ID":"Salalah al Wousta","Gov_ID":"Dhofar Governorate","Wlyt_ID":"Salalah","Road_ID":"103741","Latitude":17.009428100000001,"Longitude":54.092827499999999,"GlobalID":"{FBE3178E-6B3D-4FD2-BEC7-F51E11BE44B0}"}},{"type":"Feature","id":132,"geometry":{"type":"Point","coordinates":[190449.3543999996,1882874.0251000002]},"properties":{"OBJECTID":132,"Asset_ID":"GrS182","Name":"بقالة","District_ID":"Salalah al Wousta","Gov_ID":"Dhofar Governorate","Wlyt_ID":"Salalah","Road_ID":"103741","Latitude":17.00922259,"Longitude":54.092770360000003,"GlobalID":"{1BCEF44E-3DED-49D3-B35F-64B3703C6D2F}"}},{"type":"Feature","id":133,"geometry":{"type":"Point","coordinates":[190595.18020000029,1882907.4025999997]},"properties":{"OBJECTID":133,"Asset_ID":"GrS183","Name":"Royal Foods (Haridas Nensey)","District_ID":"Salalah al Wousta","Gov_ID":"Dhofar Governorate","Wlyt_ID":"Salalah","Road_ID":"103741","Latitude":17.009543470000001,"Longitude":54.094133999999997,"GlobalID":"{35747466-F2ED-4EFA-9840-BCC648D46309}"}},{"type":"Feature","id":134,"geometry":{"type":"Point","coordinates":[189674.8618999999,1883392.4232999999]},"properties":{"OBJECTID":134,"Asset_ID":"GrS184","Name":"سوق تجاري","District_ID":"Salalah al Jadida","Gov_ID":"Dhofar Governorate","Wlyt_ID":"Salalah","Road_ID":"104189","Latitude":17.01379858,"Longitude":54.085430889999998,"GlobalID":"{56A2CB60-FD00-453F-A5C5-DF544D2EA43A}"}},{"type":"Feature","id":135,"geometry":{"type":"Point","coordinates":[187472.61479999963,1884114.2678999994]},"properties":{"OBJECTID":135,"Asset_ID":"GrS185","Name":"بقالة","District_ID":"al Wadi","Gov_ID":"Dhofar Governorate","Wlyt_ID":"Salalah","Road_ID":"104340","Latitude":17.020017880000001,"Longitude":54.064665460000001,"GlobalID":"{37C852AE-E3D5-4A96-8FA3-C060A6699A3D}"}},{"type":"Feature","id":136,"geometry":{"type":"Point","coordinates":[187537.27259999979,1884154.9715999998]},"properties":{"OBJECTID":136,"Asset_ID":"GrS186","Name":"سوق تجاري","District_ID":"al Wadi","Gov_ID":"Dhofar Governorate","Wlyt_ID":"Salalah","Road_ID":"104340","Latitude":17.020394100000001,"Longitude":54.065266430000001,"GlobalID":"{BF01AF3B-E08D-4451-9DC2-AF903B209B47}"}},{"type":"Feature","id":137,"geometry":{"type":"Point","coordinates":[187655.63960000034,1884201.9857000001]},"properties":{"OBJECTID":137,"Asset_ID":"GrS187","Name":"بقالة","District_ID":"al Wadi","Gov_ID":"Dhofar Governorate","Wlyt_ID":"Salalah","Road_ID":"104340","Latitude":17.02083455,"Longitude":54.066370489999997,"GlobalID":"{F1FDBE36-34EC-4139-946C-01F244DE813A}"}},{"type":"Feature","id":138,"geometry":{"type":"Point","coordinates":[187744.8284,1884238.9663999993]},"properties":{"OBJECTID":138,"Asset_ID":"GrS188","Name":"بقالة","District_ID":"al Wadi","Gov_ID":"Dhofar Governorate","Wlyt_ID":"Salalah","Road_ID":"104340","Latitude":17.021180480000002,"Longitude":54.067202170000002,"GlobalID":"{782242C4-2FE5-4708-9E1F-6ABCD5856111}"}},{"type":"Feature","id":139,"geometry":{"type":"Point","coordinates":[188001.19770000037,1884322.9993999992]},"properties":{"OBJECTID":139,"Asset_ID":"GrS189","Name":"بقالة","District_ID":"al Wadi","Gov_ID":"Dhofar Governorate","Wlyt_ID":"Salalah","Road_ID":"104340","Latitude":17.021973790000001,"Longitude":54.069595960000001,"GlobalID":"{4B90C8C9-0FC4-4F97-8D3E-61C46BFCBF83}"}},{"type":"Feature","id":140,"geometry":{"type":"Point","coordinates":[187882.14020000026,1884054.6242999993]},"properties":{"OBJECTID":140,"Asset_ID":"GrS190","Name":"بقالة","District_ID":"al Wadi","Gov_ID":"Dhofar Governorate","Wlyt_ID":"Salalah","Road_ID":"104341","Latitude":17.019534889999999,"Longitude":54.068516549999998,"GlobalID":"{198E0625-4EF6-41CD-966D-FED68F475CE6}"}},{"type":"Feature","id":141,"geometry":{"type":"Point","coordinates":[188080.61149999965,1883951.9890999999]},"properties":{"OBJECTID":141,"Asset_ID":"GrS191","Name":"بقالة","District_ID":"al Wadi","Gov_ID":"Dhofar Governorate","Wlyt_ID":"Salalah","Road_ID":"104345","Latitude":17.01863518,"Longitude":54.070393289999998,"GlobalID":"{FABA9EE8-0AC5-4B12-9536-529AD9476DAC}"}},{"type":"Feature","id":142,"geometry":{"type":"Point","coordinates":[187677.05829999968,1883875.8521999996]},"properties":{"OBJECTID":142,"Asset_ID":"GrS192","Name":"مواد غذائية","District_ID":"al Wadi","Gov_ID":"Dhofar Governorate","Wlyt_ID":"Salalah","Road_ID":"104435","Latitude":17.01789325,"Longitude":54.066617360000002,"GlobalID":"{A89A6AA8-94EE-47B4-A282-B89CB16DD967}"}},{"type":"Feature","id":143,"geometry":{"type":"Point","coordinates":[187621.21059999987,1883757.3764999993]},"properties":{"OBJECTID":143,"Asset_ID":"GrS193","Name":"سوق تجاري","District_ID":"al Wadi","Gov_ID":"Dhofar Governorate","Wlyt_ID":"Salalah","Road_ID":"104361","Latitude":17.016816129999999,"Longitude":54.066110010000003,"GlobalID":"{7CBBFF35-AC6D-455F-88A8-2BA429E4B58E}"}},{"type":"Feature","id":144,"geometry":{"type":"Point","coordinates":[187599.52699999977,1883750.0730000008]},"properties":{"OBJECTID":144,"Asset_ID":"GrS194","Name":"فواكة و خضار","District_ID":"al Wadi","Gov_ID":"Dhofar Governorate","Wlyt_ID":"Salalah","Road_ID":"104343","Latitude":17.016747259999999,"Longitude":54.065907580000001,"GlobalID":"{F52B5193-A807-4364-9AA8-AB19302BEB28}"}},{"type":"Feature","id":145,"geometry":{"type":"Point","coordinates":[187607.05700000003,1883722.1841000002]},"properties":{"OBJECTID":145,"Asset_ID":"GrS195","Name":"بقالة","District_ID":"al Wadi","Gov_ID":"Dhofar Governorate","Wlyt_ID":"Salalah","Road_ID":"104343","Latitude":17.01649651,"Longitude":54.065982159999997,"GlobalID":"{72BA9CC5-9346-49FD-A253-4F7A4FDEA690}"}},{"type":"Feature","id":146,"geometry":{"type":"Point","coordinates":[187686.87519999966,1883747.0164000001]},"properties":{"OBJECTID":146,"Asset_ID":"GrS196","Name":"سوق جدة التجاري","District_ID":"al Wadi","Gov_ID":"Dhofar Governorate","Wlyt_ID":"Salalah","Road_ID":"104343","Latitude":17.016731490000002,"Longitude":54.066727610000001,"GlobalID":"{F5996D84-E81E-4F9B-BBFD-F85E98DCF8E8}"}},{"type":"Feature","id":147,"geometry":{"type":"Point","coordinates":[187730.96210000012,1883792.1742000002]},"properties":{"OBJECTID":147,"Asset_ID":"GrS197","Name":"سوق تجاري","District_ID":"al Wadi","Gov_ID":"Dhofar Governorate","Wlyt_ID":"Salalah","Road_ID":"104343","Latitude":17.017145129999999,"Longitude":54.067134930000002,"GlobalID":"{556BD6A6-6A65-41B1-A640-896B3993624E}"}},{"type":"Feature","id":148,"geometry":{"type":"Point","coordinates":[187747.20459999982,1883794.8515000008]},"properties":{"OBJECTID":148,"Asset_ID":"GrS198","Name":"سوق الكمال التجاري","District_ID":"al Wadi","Gov_ID":"Dhofar Governorate","Wlyt_ID":"Salalah","Road_ID":"104343","Latitude":17.0171715,"Longitude":54.067286950000003,"GlobalID":"{97075D2E-C034-4289-8AFB-7D7CD7A74F4A}"}},{"type":"Feature","id":149,"geometry":{"type":"Point","coordinates":[187539.72259999998,1883694.1905000005]},"properties":{"OBJECTID":149,"Asset_ID":"GrS199","Name":"بقالة","District_ID":"al Wadi","Gov_ID":"Dhofar Governorate","Wlyt_ID":"Salalah","Road_ID":"104362","Latitude":17.01623468,"Longitude":54.065354290000002,"GlobalID":"{0E569D3E-EF20-4F69-86A2-9E12B00C4230}"}},{"type":"Feature","id":150,"geometry":{"type":"Point","coordinates":[187587.65670000017,1883713.3641999997]},"properties":{"OBJECTID":150,"Asset_ID":"GrS200","Name":"بقالة","District_ID":"al Wadi","Gov_ID":"Dhofar Governorate","Wlyt_ID":"Salalah","Road_ID":"104343","Latitude":17.016414260000001,"Longitude":54.065801360000002,"GlobalID":"{21790C61-37AC-4698-9F2D-F2F6E81CA2C1}"}},{"type":"Feature","id":151,"geometry":{"type":"Point","coordinates":[188086.65110000037,1882736.0011999998]},"properties":{"OBJECTID":151,"Asset_ID":"GrS151","Name":"يقالة","District_ID":"Salalah al Gharbiyya","Gov_ID":"Dhofar Governorate","Wlyt_ID":"Salalah","Road_ID":"103824","Latitude":17.00765848,"Longitude":54.07062079,"GlobalID":"{A3426953-50BF-4EB5-8479-FD314A8E6C0C}"}},{"type":"Feature","id":152,"geometry":{"type":"Point","coordinates":[188218.34819999989,1882761.6688999999]},"properties":{"OBJECTID":152,"Asset_ID":"GrS202","Name":"فواكة و خضار","District_ID":"Salalah al Gharbiyya","Gov_ID":"Dhofar Governorate","Wlyt_ID":"Salalah","Road_ID":"103824","Latitude":17.00790799,"Longitude":54.071852870000001,"GlobalID":"{18AC84F1-1BD4-44F2-82DF-B543B7EDB485}"}},{"type":"Feature","id":153,"geometry":{"type":"Point","coordinates":[188151.45239999983,1882746.3948999997]},"properties":{"OBJECTID":153,"Asset_ID":"GrS203","Name":"بقالة","District_ID":"Salalah al Gharbiyya","Gov_ID":"Dhofar Governorate","Wlyt_ID":"Salalah","Road_ID":"103824","Latitude":17.00776106,"Longitude":54.071227350000001,"GlobalID":"{CAD20B20-5A00-4863-80B3-E30B2A84C408}"}},{"type":"Feature","id":154,"geometry":{"type":"Point","coordinates":[188345.9852,1882779.1208999995]},"properties":{"OBJECTID":154,"Asset_ID":"GrS204","Name":"سوق تجاري","District_ID":"Salalah al Gharbiyya","Gov_ID":"Dhofar Governorate","Wlyt_ID":"Salalah","Road_ID":"103824","Latitude":17.008082779999999,"Longitude":54.073048,"GlobalID":"{98DA42B4-CFD0-46F2-9091-BA60F59422B6}"}},{"type":"Feature","id":155,"geometry":{"type":"Point","coordinates":[188472.53230000008,1882791.2403999995]},"properties":{"OBJECTID":155,"Asset_ID":"GrS205","Name":"فواكة و خضار","District_ID":"Salalah al Gharbiyya","Gov_ID":"Dhofar Governorate","Wlyt_ID":"Salalah","Road_ID":"104568","Latitude":17.008209269999998,"Longitude":54.074233669999998,"GlobalID":"{845D2D26-C247-4AE5-9D92-17B55F538465}"}},{"type":"Feature","id":156,"geometry":{"type":"Point","coordinates":[188491.32660000026,1882746.9407000002]},"properties":{"OBJECTID":156,"Asset_ID":"GrS206","Name":"سوق تجاري","District_ID":"Salalah al Gharbiyya","Gov_ID":"Dhofar Governorate","Wlyt_ID":"Salalah","Road_ID":"104568","Latitude":17.007811879999998,"Longitude":54.074416220000003,"GlobalID":"{EABD43B0-BCCA-4C03-BC50-816554731932}"}},{"type":"Feature","id":157,"geometry":{"type":"Point","coordinates":[188512.09279999975,1882574.9524000008]},"properties":{"OBJECTID":157,"Asset_ID":"GrS207","Name":"بقالة و كماليات","District_ID":"Salalah al Gharbiyya","Gov_ID":"Dhofar Governorate","Wlyt_ID":"Salalah","Road_ID":"104568","Latitude":17.006262029999998,"Longitude":54.074635190000002,"GlobalID":"{6E4FE3BA-C98B-480C-9643-100F47958B0C}"}},{"type":"Feature","id":158,"geometry":{"type":"Point","coordinates":[187905.00700000022,1882518.6775000002]},"properties":{"OBJECTID":158,"Asset_ID":"GrS208","Name":"بيع الخضروات و الفواكة","District_ID":"Salalah al Gharbiyya","Gov_ID":"Dhofar Governorate","Wlyt_ID":"Salalah","Road_ID":"104447","Latitude":17.005672000000001,"Longitude":54.068947020000003,"GlobalID":"{EC3DD644-A385-43CA-82EF-E1518CED2223}"}},{"type":"Feature","id":159,"geometry":{"type":"Point","coordinates":[187914.67219999991,1882384.6296999995]},"properties":{"OBJECTID":159,"Asset_ID":"GrS209","Name":"بقالة","District_ID":"Salalah al Gharbiyya","Gov_ID":"Dhofar Governorate","Wlyt_ID":"Salalah","Road_ID":"103741","Latitude":17.004463170000001,"Longitude":54.069056529999997,"GlobalID":"{146D9750-545E-47D3-9B11-210BB1736EA6}"}},{"type":"Feature","id":160,"geometry":{"type":"Point","coordinates":[188337.46879999992,1883036.6289000008]},"properties":{"OBJECTID":160,"Asset_ID":"GrS210","Name":"سوق تجاري","District_ID":"al Wadi","Gov_ID":"Dhofar Governorate","Wlyt_ID":"Salalah","Road_ID":"104319","Latitude":17.010406329999999,"Longitude":54.072931959999998,"GlobalID":"{2C4110F4-E25A-40AC-97B4-06856DBCDDAD}"}},{"type":"Feature","id":161,"geometry":{"type":"Point","coordinates":[188340.14609999955,1883013.9607999995]},"properties":{"OBJECTID":161,"Asset_ID":"GrS211","Name":"بقالة","District_ID":"al Wadi","Gov_ID":"Dhofar Governorate","Wlyt_ID":"Salalah","Road_ID":"100583","Latitude":17.01020205,"Longitude":54.072960260000002,"GlobalID":"{D0CEA86D-F848-4251-A044-6F3746FC54BB}"}},{"type":"Feature","id":162,"geometry":{"type":"Point","coordinates":[188339.43219999969,1883085.5350000001]},"properties":{"OBJECTID":162,"Asset_ID":"GrS212","Name":"بقالة","District_ID":"al Wadi","Gov_ID":"Dhofar Governorate","Wlyt_ID":"Salalah","Road_ID":"104321","Latitude":17.0108481,"Longitude":54.072943520000003,"GlobalID":"{197B3278-6147-480D-86A3-D776EA95CCD3}"}},{"type":"Feature","id":163,"geometry":{"type":"Point","coordinates":[188374.37590000033,1883130.9642999992]},"properties":{"OBJECTID":163,"Asset_ID":"GrS213","Name":"سوق تجاري","District_ID":"Salalah al Jadida","Gov_ID":"Dhofar Governorate","Wlyt_ID":"Salalah","Road_ID":"100583","Latitude":17.011262940000002,"Longitude":54.07326501,"GlobalID":"{29085727-2F32-4C56-B5C4-1A1885B26D68}"}},{"type":"Feature","id":164,"geometry":{"type":"Point","coordinates":[188777.66199999955,1883438.6881000008]},"properties":{"OBJECTID":164,"Asset_ID":"GrS164","Name":"سوق مطرح","District_ID":"Salalah al Jadida","Gov_ID":"Dhofar Governorate","Wlyt_ID":"Salalah","Road_ID":"104309","Latitude":17.014095399999999,"Longitude":54.077005880000002,"GlobalID":"{06A1E5CC-14B9-411C-99A9-80731081CD13}"}},{"type":"Feature","id":165,"geometry":{"type":"Point","coordinates":[188666.17499999981,1883374.3390999995]},"properties":{"OBJECTID":165,"Asset_ID":"GrS215","Name":"بقالة","District_ID":"Salalah al Jadida","Gov_ID":"Dhofar Governorate","Wlyt_ID":"Salalah","Road_ID":"104312","Latitude":17.01349944,"Longitude":54.07596882,"GlobalID":"{F15643E7-CCF6-45FB-8347-FA081609197A}"}},{"type":"Feature","id":166,"geometry":{"type":"Point","coordinates":[189482.86820000038,1883376.3609999996]},"properties":{"OBJECTID":166,"Asset_ID":"GrS216","Name":"بقالة","District_ID":"Salalah al Jadida","Gov_ID":"Dhofar Governorate","Wlyt_ID":"Salalah","Road_ID":"104211","Latitude":17.01362774,"Longitude":54.083631629999999,"GlobalID":"{5C6DA759-F574-4DBE-9815-1B70B8932F6C}"}},{"type":"Feature","id":167,"geometry":{"type":"Point","coordinates":[189012.77649999969,1883227.3802000005]},"properties":{"OBJECTID":167,"Asset_ID":"GrS167","Name":"بقالة","District_ID":"Salalah al Jadida","Gov_ID":"Dhofar Governorate","Wlyt_ID":"Salalah","Road_ID":"104246","Latitude":17.012219470000002,"Longitude":54.079241590000002,"GlobalID":"{FCC88C94-1EF7-47F9-9310-615CE80288AA}"}},{"type":"Feature","id":168,"geometry":{"type":"Point","coordinates":[190111.06309999991,1883781.8106999993]},"properties":{"OBJECTID":168,"Asset_ID":"GrS168","Name":"بقالة","District_ID":"Salalah al Jadida","Gov_ID":"Dhofar Governorate","Wlyt_ID":"Salalah","Road_ID":"104187","Latitude":17.017372519999999,"Longitude":54.089469479999998,"GlobalID":"{26229497-8500-46D8-91B4-9364871C9885}"}},{"type":"Feature","id":169,"geometry":{"type":"Point","coordinates":[190032.59109999985,1883786.6490000002]},"properties":{"OBJECTID":169,"Asset_ID":"GrS169","Name":"بقالة","District_ID":"Salalah al Jadida","Gov_ID":"Dhofar Governorate","Wlyt_ID":"Salalah","Road_ID":"104187","Latitude":17.017405650000001,"Longitude":54.088732469999997,"GlobalID":"{90FC8D22-03AD-4CC1-A8EC-7935D9D047E2}"}},{"type":"Feature","id":170,"geometry":{"type":"Point","coordinates":[189154.4589999998,1883332.0510000009]},"properties":{"OBJECTID":170,"Asset_ID":"GrS220","Name":"بقالة","District_ID":"Salalah al Jadida","Gov_ID":"Dhofar Governorate","Wlyt_ID":"Salalah","Road_ID":"104244","Latitude":17.0131835,"Longitude":54.080556340000001,"GlobalID":"{C8B9A2E8-A83C-411F-B145-2261E4DF83CF}"}},{"type":"Feature","id":171,"geometry":{"type":"Point","coordinates":[189222.32959999982,1883380.4440000001]},"properties":{"OBJECTID":171,"Asset_ID":"GrS221","Name":"بقالة","District_ID":"Salalah al Jadida","Gov_ID":"Dhofar Governorate","Wlyt_ID":"Salalah","Road_ID":"104210","Latitude":17.013629529999999,"Longitude":54.0811864,"GlobalID":"{B695589B-B408-4DE4-91D1-2ACCC5717126}"}},{"type":"Feature","id":172,"geometry":{"type":"Point","coordinates":[188975.46769999992,1883742.7799999993]},"properties":{"OBJECTID":172,"Asset_ID":"GrS222","Name":"بقالة","District_ID":"Salalah al Jadida","Gov_ID":"Dhofar Governorate","Wlyt_ID":"Salalah","Road_ID":"104187","Latitude":17.01686733,"Longitude":54.07881931,"GlobalID":"{35B05077-DE0E-49CB-A2FA-8CFFD914E473}"}},{"type":"Feature","id":173,"geometry":{"type":"Point","coordinates":[188968.19070000015,1883741.2479999997]},"properties":{"OBJECTID":173,"Asset_ID":"GrS223","Name":"فواكة و خضار","District_ID":"Salalah al Jadida","Gov_ID":"Dhofar Governorate","Wlyt_ID":"Salalah","Road_ID":"104187","Latitude":17.01685252,"Longitude":54.078751240000003,"GlobalID":"{DFBD5F9C-986B-4E31-B046-41B33E6EBE35}"}},{"type":"Feature","id":174,"geometry":{"type":"Point","coordinates":[188681.12719999999,1884112.0346000008]},"properties":{"OBJECTID":174,"Asset_ID":"GrS224","Name":"سوق تجاري","District_ID":"Salalah al Jadida","Gov_ID":"Dhofar Governorate","Wlyt_ID":"Salalah","Road_ID":"104293","Latitude":17.02016115,"Longitude":54.076005639999998,"GlobalID":"{4FB7C4A4-17E2-4677-A2FE-5DBEA59D9919}"}},{"type":"Feature","id":175,"geometry":{"type":"Point","coordinates":[188724.98790000007,1884002.0687000006]},"properties":{"OBJECTID":175,"Asset_ID":"GrS225","Name":"بقالة","District_ID":"Salalah al Jadida","Gov_ID":"Dhofar Governorate","Wlyt_ID":"Salalah","Road_ID":"104290","Latitude":17.019174329999998,"Longitude":54.076432629999999,"GlobalID":"{C7F74178-43EA-4253-9538-370CE233E934}"}},{"type":"Feature","id":176,"geometry":{"type":"Point","coordinates":[188674.81539999973,1883731.2901000008]},"properties":{"OBJECTID":176,"Asset_ID":"GrS226","Name":"بقالة","District_ID":"Salalah al Jadida","Gov_ID":"Dhofar Governorate","Wlyt_ID":"Salalah","Road_ID":"104187","Latitude":17.01672305,"Longitude":54.075999830000001,"GlobalID":"{38D30D27-32B5-401F-85BA-58D8B2A7E09F}"}},{"type":"Feature","id":177,"geometry":{"type":"Point","coordinates":[188777.77359999996,1883430.1095000003]},"properties":{"OBJECTID":177,"Asset_ID":"GrS177","Name":"سوق تجاري","District_ID":"Salalah al Jadida","Gov_ID":"Dhofar Governorate","Wlyt_ID":"Salalah","Road_ID":"104305","Latitude":17.014017970000001,"Longitude":54.077008130000003,"GlobalID":"{B34A1A54-BE9E-4E38-9BA4-2FC9A9A772B4}"}},{"type":"Feature","id":178,"geometry":{"type":"Point","coordinates":[189039.04509999976,1883265.5664000008]},"properties":{"OBJECTID":178,"Asset_ID":"GrS228","Name":"بقالة","District_ID":"Salalah al Jadida","Gov_ID":"Dhofar Governorate","Wlyt_ID":"Salalah","Road_ID":"104246","Latitude":17.012567749999999,"Longitude":54.079482720000001,"GlobalID":"{8EEB9988-DFDE-4FBA-93B6-DD5058F57164}"}},{"type":"Feature","id":179,"geometry":{"type":"Point","coordinates":[189019.56010000035,1883354.3257999998]},"properties":{"OBJECTID":179,"Asset_ID":"GrS229","Name":"بقالة","District_ID":"Salalah al Jadida","Gov_ID":"Dhofar Governorate","Wlyt_ID":"Salalah","Road_ID":"104246","Latitude":17.013366420000001,"Longitude":54.079287450000002,"GlobalID":"{999B9C57-83AB-4A62-AB38-862AF7A43C3E}"}},{"type":"Feature","id":180,"geometry":{"type":"Point","coordinates":[189009.9852,1883407.5863000005]},"properties":{"OBJECTID":180,"Asset_ID":"GrS230","Name":"بقالة","District_ID":"Salalah al Jadida","Gov_ID":"Dhofar Governorate","Wlyt_ID":"Salalah","Road_ID":"104246","Latitude":17.01384595,"Longitude":54.079190150000002,"GlobalID":"{DC478E2E-9B38-4307-80B7-124E41F1DC9A}"}},{"type":"Feature","id":181,"geometry":{"type":"Point","coordinates":[188963.25769999996,1883443.8435999993]},"properties":{"OBJECTID":181,"Asset_ID":"GrS231","Name":"برلدات صلالة","District_ID":"Salalah al Jadida","Gov_ID":"Dhofar Governorate","Wlyt_ID":"Salalah","Road_ID":"104309","Latitude":17.014166970000002,"Longitude":54.078746619999997,"GlobalID":"{4F80F507-C9F8-487E-89D5-46D30AE3CCDD}"}},{"type":"Feature","id":182,"geometry":{"type":"Point","coordinates":[188657.0987999998,1883692.2720999997]},"properties":{"OBJECTID":182,"Asset_ID":"GrS182","Name":"بقالة","District_ID":"Salalah al Jadida","Gov_ID":"Dhofar Governorate","Wlyt_ID":"Salalah","Road_ID":"104285","Latitude":17.016368419999999,"Longitude":54.07583906,"GlobalID":"{655D74C9-0E82-499D-8282-B2AFE463B872}"}},{"type":"Feature","id":183,"geometry":{"type":"Point","coordinates":[188822.26900000032,1883735.1201000009]},"properties":{"OBJECTID":183,"Asset_ID":"GrS233","Name":"بقالة","District_ID":"Salalah al Jadida","Gov_ID":"Dhofar Governorate","Wlyt_ID":"Salalah","Road_ID":"104187","Latitude":17.016777520000002,"Longitude":54.077382880000002,"GlobalID":"{EEF7DBDF-0C4F-46E0-AF5C-4B0DB89B21CA}"}},{"type":"Feature","id":184,"geometry":{"type":"Point","coordinates":[188708.40770000033,1883694.8025000002]},"properties":{"OBJECTID":184,"Asset_ID":"GrS184","Name":"بقالة","District_ID":"Salalah al Jadida","Gov_ID":"Dhofar Governorate","Wlyt_ID":"Salalah","Road_ID":"104395","Latitude":17.01639819,"Longitude":54.076320150000001,"GlobalID":"{5B3A699C-DF0D-4692-8DE3-697250882B35}"}},{"type":"Feature","id":185,"geometry":{"type":"Point","coordinates":[188777.45849999972,1883694.5225000009]},"properties":{"OBJECTID":185,"Asset_ID":"GrS235","Name":"بقالة","District_ID":"Salalah al Jadida","Gov_ID":"Dhofar Governorate","Wlyt_ID":"Salalah","Road_ID":"104187","Latitude":17.016404980000001,"Longitude":54.076968110000003,"GlobalID":"{D69ED7B5-D597-417D-9069-850924183D5C}"}},{"type":"Feature","id":186,"geometry":{"type":"Point","coordinates":[188818.0560999997,1883733.2050999999]},"properties":{"OBJECTID":186,"Asset_ID":"GrS236","Name":"بيع فواكة و خضار","District_ID":"Salalah al Jadida","Gov_ID":"Dhofar Governorate","Wlyt_ID":"Salalah","Road_ID":"104304","Latitude":17.016759669999999,"Longitude":54.077343620000001,"GlobalID":"{49AF125D-2CFD-462A-97A0-A5A5AFAA175B}"}},{"type":"Feature","id":187,"geometry":{"type":"Point","coordinates":[188833.37590000033,1883691.8414999992]},"properties":{"OBJECTID":187,"Asset_ID":"GrS237","Name":"بقالة","District_ID":"Salalah al Jadida","Gov_ID":"Dhofar Governorate","Wlyt_ID":"Salalah","Road_ID":"104307","Latitude":17.01638831,"Longitude":54.077493169999997,"GlobalID":"{D0B160B6-BFA2-4856-84B4-6E98BE82439E}"}},{"type":"Feature","id":188,"geometry":{"type":"Point","coordinates":[188879.77869999968,1883696.0259000007]},"properties":{"OBJECTID":188,"Asset_ID":"GrS188","Name":"سوق تجاري","District_ID":"Salalah al Jadida","Gov_ID":"Dhofar Governorate","Wlyt_ID":"Salalah","Road_ID":"104187","Latitude":17.016432349999999,"Longitude":54.077927989999999,"GlobalID":"{65C79D1C-8783-4BE6-83E0-B633FBF70E60}"}},{"type":"Feature","id":189,"geometry":{"type":"Point","coordinates":[188950.95590000041,1883514.8970999997]},"properties":{"OBJECTID":189,"Asset_ID":"GrS239","Name":"بيع الفواكة و الخضار","District_ID":"Salalah al Jadida","Gov_ID":"Dhofar Governorate","Wlyt_ID":"Salalah","Road_ID":"104246","Latitude":17.01480677,"Longitude":54.078621239999997,"GlobalID":"{434F258F-8501-4C48-A638-8BD7C1A0EB4F}"}},{"type":"Feature","id":190,"geometry":{"type":"Point","coordinates":[188953.25389999989,1883509.5351]},"properties":{"OBJECTID":190,"Asset_ID":"GrS240","Name":"بقالة","District_ID":"Salalah al Jadida","Gov_ID":"Dhofar Governorate","Wlyt_ID":"Salalah","Road_ID":"104246","Latitude":17.014758669999999,"Longitude":54.078643550000002,"GlobalID":"{469AF2AF-A649-416B-9C42-C617F2C409B9}"}},{"type":"Feature","id":191,"geometry":{"type":"Point","coordinates":[188956.31780000031,1883476.9803999998]},"properties":{"OBJECTID":191,"Asset_ID":"GrS241","Name":"بقالة","District_ID":"Salalah al Jadida","Gov_ID":"Dhofar Governorate","Wlyt_ID":"Salalah","Road_ID":"104309","Latitude":17.014465189999999,"Longitude":54.078676860000002,"GlobalID":"{3558D75B-0702-4811-929F-2C6D1BD1EB1A}"}},{"type":"Feature","id":192,"geometry":{"type":"Point","coordinates":[188788.06709999964,1884078.9536000006]},"properties":{"OBJECTID":192,"Asset_ID":"GrS242","Name":"بقالة","District_ID":"Salalah al Jadida","Gov_ID":"Dhofar Governorate","Wlyt_ID":"Salalah","Road_ID":"104292","Latitude":17.01987694,"Longitude":54.077013739999998,"GlobalID":"{8C3E1411-920E-4F82-9E95-B0718C0A21F0}"}},{"type":"Feature","id":193,"geometry":{"type":"Point","coordinates":[188682.47530000005,1884197.7798999995]},"properties":{"OBJECTID":193,"Asset_ID":"GrS243","Name":"سوق تجاري","District_ID":"Salalah al Jadida","Gov_ID":"Dhofar Governorate","Wlyt_ID":"Salalah","Road_ID":"104188","Latitude":17.020935420000001,"Longitude":54.07600626,"GlobalID":"{34B53935-88D9-49D4-BD57-36212BA19799}"}},{"type":"Feature","id":194,"geometry":{"type":"Point","coordinates":[188749.11670000013,1884175.5660999995]},"properties":{"OBJECTID":194,"Asset_ID":"GrS244","Name":"سوق تجاري","District_ID":"Salalah al Jadida","Gov_ID":"Dhofar Governorate","Wlyt_ID":"Salalah","Road_ID":"104188","Latitude":17.02074387,"Longitude":54.0766347,"GlobalID":"{E1F2103B-E768-4936-9097-17EBF47BE8DD}"}},{"type":"Feature","id":195,"geometry":{"type":"Point","coordinates":[189091.51559999958,1884158.7142999992]},"properties":{"OBJECTID":195,"Asset_ID":"GrS245","Name":"بقالة","District_ID":"Salalah al Jadida","Gov_ID":"Dhofar Governorate","Wlyt_ID":"Salalah","Road_ID":"104210","Latitude":17.020637919999999,"Longitude":54.079849940000003,"GlobalID":"{F8E6390A-4D6B-4B1B-BB35-6C9F1B28CA95}"}},{"type":"Feature","id":196,"geometry":{"type":"Point","coordinates":[189124.62530000042,1884182.9905999992]},"properties":{"OBJECTID":196,"Asset_ID":"GrS196","Name":"بيع الخضروات و الفواكة","District_ID":"Salalah al Jadida","Gov_ID":"Dhofar Governorate","Wlyt_ID":"Salalah","Road_ID":"104210","Latitude":17.020861539999999,"Longitude":54.080157219999997,"GlobalID":"{9DC5030D-9F26-4C48-B81D-D6B2FC5E0AC4}"}},{"type":"Feature","id":197,"geometry":{"type":"Point","coordinates":[189127.23170000035,1884171.9806999993]},"properties":{"OBJECTID":197,"Asset_ID":"GrS247","Name":"بقالة","District_ID":"Salalah al Jadida","Gov_ID":"Dhofar Governorate","Wlyt_ID":"Salalah","Road_ID":"104390","Latitude":17.0207625,"Longitude":54.080183220000002,"GlobalID":"{19033179-751E-4B63-8081-DAB1A88BBEE7}"}},{"type":"Feature","id":198,"geometry":{"type":"Point","coordinates":[189560.30339999963,1884190.5030000005]},"properties":{"OBJECTID":198,"Asset_ID":"GrS248","Name":"مواسم صلالة فواكة و خشار","District_ID":"Salalah al Jadida","Gov_ID":"Dhofar Governorate","Wlyt_ID":"Salalah","Road_ID":"104189","Latitude":17.020988039999999,"Longitude":54.084244349999999,"GlobalID":"{2A843B18-20A6-4257-99A3-B693843AD52D}"}},{"type":"Feature","id":199,"geometry":{"type":"Point","coordinates":[189602.81599999964,1884166.3741999995]},"properties":{"OBJECTID":199,"Asset_ID":"GrS249","Name":"سوق تجاري","District_ID":"Salalah al Jadida","Gov_ID":"Dhofar Governorate","Wlyt_ID":"Salalah","Road_ID":"104189","Latitude":17.02077594,"Longitude":54.084646640000003,"GlobalID":"{F86DD5F9-236B-4F4D-A726-6B640E9A57BC}"}},{"type":"Feature","id":200,"geometry":{"type":"Point","coordinates":[189633.45569999982,1884103.1798]},"properties":{"OBJECTID":200,"Asset_ID":"GrS250","Name":"سوق ستار التجاري","District_ID":"Salalah al Jadida","Gov_ID":"Dhofar Governorate","Wlyt_ID":"Salalah","Road_ID":"104254","Latitude":17.020209560000001,"Longitude":54.084942980000001,"GlobalID":"{2740F91F-084F-41E6-AB13-631EF2FE5FF1}"}},{"type":"Feature","id":201,"geometry":{"type":"Point","coordinates":[189586.27529999986,1883949.1673000008]},"properties":{"OBJECTID":201,"Asset_ID":"GrS251","Name":"سوق تجاري","District_ID":"Salalah al Jadida","Gov_ID":"Dhofar Governorate","Wlyt_ID":"Salalah","Road_ID":"104264","Latitude":17.018812820000001,"Longitude":54.084521809999998,"GlobalID":"{19BB7924-3634-4424-98D7-CFC90F8E81A3}"}},{"type":"Feature","id":202,"geometry":{"type":"Point","coordinates":[189445.40440000035,1883774.2622999996]},"properties":{"OBJECTID":202,"Asset_ID":"GrS252","Name":"سوق تجاري","District_ID":"Salalah al Jadida","Gov_ID":"Dhofar Governorate","Wlyt_ID":"Salalah","Road_ID":"104187","Latitude":17.017214859999999,"Longitude":54.083224440000002,"GlobalID":"{8F169428-47C6-4EC5-A7A0-B7A3A04038BC}"}},{"type":"Feature","id":203,"geometry":{"type":"Point","coordinates":[189368.91349999979,1883768.6447000001]},"properties":{"OBJECTID":203,"Asset_ID":"GrS203","Name":"بقالة","District_ID":"Salalah al Jadida","Gov_ID":"Dhofar Governorate","Wlyt_ID":"Salalah","Road_ID":"104187","Latitude":17.017153839999999,"Longitude":54.082507489999998,"GlobalID":"{C01DF787-1896-4F73-834D-0931C931AF0A}"}},{"type":"Feature","id":204,"geometry":{"type":"Point","coordinates":[189341.52350000013,1883761.7514999993]},"properties":{"OBJECTID":204,"Asset_ID":"GrS254","Name":"بيع الخضروات و الفواكة","District_ID":"Salalah al Jadida","Gov_ID":"Dhofar Governorate","Wlyt_ID":"Salalah","Road_ID":"104408","Latitude":17.017087929999999,"Longitude":54.082251450000001,"GlobalID":"{1A64D9DF-8ED2-4BB3-9FD7-9B5151B59688}"}},{"type":"Feature","id":205,"geometry":{"type":"Point","coordinates":[189882.44940000027,1884110.3188000005]},"properties":{"OBJECTID":205,"Asset_ID":"GrS255","Name":"سوق تجاري","District_ID":"Salalah al Jadida","Gov_ID":"Dhofar Governorate","Wlyt_ID":"Salalah","Road_ID":"104416","Latitude":17.020307500000001,"Longitude":54.087278410000003,"GlobalID":"{D1BD423F-190A-49B0-8A5D-4A91C058D375}"}},{"type":"Feature","id":206,"geometry":{"type":"Point","coordinates":[190160.17169999983,1883661.3214999996]},"properties":{"OBJECTID":206,"Asset_ID":"GrS256","Name":"بقالة","District_ID":"Salalah al Jadida","Gov_ID":"Dhofar Governorate","Wlyt_ID":"Salalah","Road_ID":"104191","Latitude":17.01629136,"Longitude":54.089947100000003,"GlobalID":"{6776558E-3728-4FC2-BA1D-FE7B86619141}"}},{"type":"Feature","id":207,"geometry":{"type":"Point","coordinates":[189951.40249999985,1883535.2967000008]},"properties":{"OBJECTID":207,"Asset_ID":"GrS207","Name":"بقالة","District_ID":"Salalah al Jadida","Gov_ID":"Dhofar Governorate","Wlyt_ID":"Salalah","Road_ID":"104190","Latitude":17.01512559,"Longitude":54.088005760000001,"GlobalID":"{DCF8E26C-3391-434A-BAC3-F5AF1A73E0C6}"}},{"type":"Feature","id":208,"geometry":{"type":"Point","coordinates":[189745.45820000023,1883469.8232000005]},"properties":{"OBJECTID":208,"Asset_ID":"GrS258","Name":"بقالة","District_ID":"Salalah al Jadida","Gov_ID":"Dhofar Governorate","Wlyt_ID":"Salalah","Road_ID":"104204","Latitude":17.014506820000001,"Longitude":54.086082490000003,"GlobalID":"{6D8CC9C7-9B3D-4096-9056-CF96716CF82D}"}},{"type":"Feature","id":209,"geometry":{"type":"Point","coordinates":[189703.0231999997,1883427.6657999996]},"properties":{"OBJECTID":209,"Asset_ID":"GrS259","Name":"بقالة","District_ID":"Salalah al Jadida","Gov_ID":"Dhofar Governorate","Wlyt_ID":"Salalah","Road_ID":"104189","Latitude":17.01412053,"Longitude":54.085690210000003,"GlobalID":"{91A378D6-FBE6-45C1-8110-FB1A28C4C0F3}"}},{"type":"Feature","id":210,"geometry":{"type":"Point","coordinates":[189706.94510000013,1883402.9089000002]},"properties":{"OBJECTID":210,"Asset_ID":"GrS260","Name":"تجارة الخضار و الفواكة","District_ID":"Salalah al Jadida","Gov_ID":"Dhofar Governorate","Wlyt_ID":"Salalah","Road_ID":"104189","Latitude":17.013897549999999,"Longitude":54.085730470000001,"GlobalID":"{4F4E560E-9C7F-43C4-BA3D-C63482CAC93E}"}},{"type":"Feature","id":211,"geometry":{"type":"Point","coordinates":[189716.01439999975,1883374.2301000003]},"properties":{"OBJECTID":211,"Asset_ID":"GrS261","Name":"بقالة","District_ID":"Salalah al Jadida","Gov_ID":"Dhofar Governorate","Wlyt_ID":"Salalah","Road_ID":"104189","Latitude":17.013639869999999,"Longitude":54.085819569999998,"GlobalID":"{8CA8858E-A485-4A95-AD9D-31AFD9D50B0B}"}},{"type":"Feature","id":212,"geometry":{"type":"Point","coordinates":[189585.58110000007,1883951.1301000006]},"properties":{"OBJECTID":212,"Asset_ID":"GrS262","Name":"سوق تجاري","District_ID":"Salalah al Jadida","Gov_ID":"Dhofar Governorate","Wlyt_ID":"Salalah","Road_ID":"104264","Latitude":17.018830439999999,"Longitude":54.084515019999998,"GlobalID":"{AF01CDFE-BFBE-40B9-8E26-3DC7E27324B2}"}},{"type":"Feature","id":213,"geometry":{"type":"Point","coordinates":[189132.27759999968,1884101.4408999998]},"properties":{"OBJECTID":213,"Asset_ID":"GrS213","Name":"بقالة","District_ID":"Salalah al Jadida","Gov_ID":"Dhofar Governorate","Wlyt_ID":"Salalah","Road_ID":"104210","Latitude":17.020126359999999,"Longitude":54.080240449999998,"GlobalID":"{76E239B2-EB7E-4567-B2CD-E5CF578EA690}"}},{"type":"Feature","id":214,"geometry":{"type":"Point","coordinates":[189315.85879999958,1884064.2906999998]},"properties":{"OBJECTID":214,"Asset_ID":"GrS264","Name":"بقالة","District_ID":"Salalah al Jadida","Gov_ID":"Dhofar Governorate","Wlyt_ID":"Salalah","Road_ID":"104270","Latitude":17.01981572,"Longitude":54.081968269999997,"GlobalID":"{D69A3359-04A5-423C-956B-0DDBF9A985BF}"}},{"type":"Feature","id":215,"geometry":{"type":"Point","coordinates":[189104.08600000013,1884040.7624999993]},"properties":{"OBJECTID":215,"Asset_ID":"GrS265","Name":"بقالة","District_ID":"Salalah al Jadida","Gov_ID":"Dhofar Governorate","Wlyt_ID":"Salalah","Road_ID":"104210","Latitude":17.019574779999999,"Longitude":54.079984420000002,"GlobalID":"{174CD96C-7123-4293-945F-475B38D338F3}"}},{"type":"Feature","id":216,"geometry":{"type":"Point","coordinates":[189372.68659999967,1883686.6282000002]},"properties":{"OBJECTID":216,"Asset_ID":"GrS266","Name":"بقالة","District_ID":"Salalah al Jadida","Gov_ID":"Dhofar Governorate","Wlyt_ID":"Salalah","Road_ID":"104225","Latitude":17.016413929999999,"Longitude":54.082554369999997,"GlobalID":"{C122D4E5-CB02-4FC2-97D0-DCEC84680D50}"}},{"type":"Feature","id":217,"geometry":{"type":"Point","coordinates":[189615.8574000001,1884018.8795999996]},"properties":{"OBJECTID":217,"Asset_ID":"GrS267","Name":"بقالة","District_ID":"Salalah al Jadida","Gov_ID":"Dhofar Governorate","Wlyt_ID":"Salalah","Road_ID":"104189","Latitude":17.01944615,"Longitude":54.084789639999997,"GlobalID":"{0C3E8FB4-1CDF-48D6-93E1-920F2265ABD0}"}},{"type":"Feature","id":218,"geometry":{"type":"Point","coordinates":[189315.73660000041,1884029.4159999993]},"properties":{"OBJECTID":218,"Asset_ID":"GrS268","Name":"بقالة","District_ID":"Salalah al Jadida","Gov_ID":"Dhofar Governorate","Wlyt_ID":"Salalah","Road_ID":"104266","Latitude":17.019500860000001,"Longitude":54.081972010000001,"GlobalID":"{1A5C932E-E674-4381-AC48-7566AAEE2884}"}},{"type":"Feature","id":219,"geometry":{"type":"Point","coordinates":[189440.81290000025,1883374.2325999998]},"properties":{"OBJECTID":219,"Asset_ID":"GrS269","Name":"بقالة","District_ID":"Salalah al Jadida","Gov_ID":"Dhofar Governorate","Wlyt_ID":"Salalah","Road_ID":"104211","Latitude":17.01360287,"Longitude":54.083237320000002,"GlobalID":"{DFFFDAE1-55E6-4AF5-8F64-AA93DF64FDA5}"}},{"type":"Feature","id":220,"geometry":{"type":"Point","coordinates":[189099.18420000002,1883317.9769000001]},"properties":{"OBJECTID":220,"Asset_ID":"GrS270","Name":"بقالة","District_ID":"Salalah al Jadida","Gov_ID":"Dhofar Governorate","Wlyt_ID":"Salalah","Road_ID":"104244","Latitude":17.013048999999999,"Longitude":54.080039659999997,"GlobalID":"{35D1578C-D63A-4BCF-8331-EEC156CB3E38}"}},{"type":"Feature","id":221,"geometry":{"type":"Point","coordinates":[189482.58829999994,1883400.0935999993]},"properties":{"OBJECTID":221,"Asset_ID":"GrS271","Name":"بقالة","District_ID":"Salalah al Jadida","Gov_ID":"Dhofar Governorate","Wlyt_ID":"Salalah","Road_ID":"104211","Latitude":17.013841960000001,"Longitude":54.083625689999998,"GlobalID":"{7B3B9B53-3610-4FC6-9724-6989DD5CC775}"}},{"type":"Feature","id":222,"geometry":{"type":"Point","coordinates":[189567.73350000009,1883415.7737000007]},"properties":{"OBJECTID":222,"Asset_ID":"GrS272","Name":"بقالة","District_ID":"Salalah al Jadida","Gov_ID":"Dhofar Governorate","Wlyt_ID":"Salalah","Road_ID":"104219","Latitude":17.013994969999999,"Longitude":54.084422429999996,"GlobalID":"{EB30630C-0F88-4AB2-8973-806A56B4C028}"}},{"type":"Feature","id":223,"geometry":{"type":"Point","coordinates":[189612.37799999956,1883794.4186000004]},"properties":{"OBJECTID":223,"Asset_ID":"GrS273","Name":"بقالة","District_ID":"Salalah al Jadida","Gov_ID":"Dhofar Governorate","Wlyt_ID":"Salalah","Road_ID":"104189","Latitude":17.017419289999999,"Longitude":54.08478839,"GlobalID":"{3735D67D-EC61-48EF-941A-67C0AB0E9910}"}},{"type":"Feature","id":224,"geometry":{"type":"Point","coordinates":[189483.37480000034,1883815.7661000006]},"properties":{"OBJECTID":224,"Asset_ID":"GrS274","Name":"بقالة","District_ID":"Salalah al Jadida","Gov_ID":"Dhofar Governorate","Wlyt_ID":"Salalah","Road_ID":"104187","Latitude":17.017594649999999,"Longitude":54.083574919999997,"GlobalID":"{E7AA09D7-97D6-4274-9A0D-EA7AA416842F}"}},{"type":"Feature","id":225,"geometry":{"type":"Point","coordinates":[189476.71289999969,1883815.3959999997]},"properties":{"OBJECTID":225,"Asset_ID":"GrS275","Name":"بقالة","District_ID":"Salalah al Jadida","Gov_ID":"Dhofar Governorate","Wlyt_ID":"Salalah","Road_ID":"104187","Latitude":17.017590420000001,"Longitude":54.083512460000001,"GlobalID":"{2B3C9A4F-FC99-4525-9F7F-8FF8663ECA8F}"}},{"type":"Feature","id":226,"geometry":{"type":"Point","coordinates":[188311.84680000041,1883156.4180999994]},"properties":{"OBJECTID":226,"Asset_ID":"GrS276","Name":"بقالة","District_ID":"al Wadi","Gov_ID":"Dhofar Governorate","Wlyt_ID":"Salalah","Road_ID":"104306","Latitude":17.011484289999999,"Longitude":54.072674730000003,"GlobalID":"{95A2D8B7-12DE-4CE8-BBEA-83BE45C98CE6}"}},{"type":"Feature","id":227,"geometry":{"type":"Point","coordinates":[188293.91110000014,1883136.5132999998]},"properties":{"OBJECTID":227,"Asset_ID":"GrS227","Name":"بقالة","District_ID":"al Wadi","Gov_ID":"Dhofar Governorate","Wlyt_ID":"Salalah","Road_ID":"104332","Latitude":17.01130217,"Longitude":54.072509240000002,"GlobalID":"{DDD46437-E8C0-4D97-B2CC-C4EA82C6A2B8}"}},{"type":"Feature","id":228,"geometry":{"type":"Point","coordinates":[188006.8004999999,1882838.5771999992]},"properties":{"OBJECTID":228,"Asset_ID":"GrS278","Name":"سوق تجاري","District_ID":"al Wadi","Gov_ID":"Dhofar Governorate","Wlyt_ID":"Salalah","Road_ID":"104326","Latitude":17.00857371,"Longitude":54.069857169999999,"GlobalID":"{F9FCF499-CA6B-40A4-8CB5-F1160B003ACF}"}},{"type":"Feature","id":229,"geometry":{"type":"Point","coordinates":[187946.49770000018,1882916.8290999997]},"properties":{"OBJECTID":229,"Asset_ID":"GrS279","Name":"بقالة","District_ID":"al Wadi","Gov_ID":"Dhofar Governorate","Wlyt_ID":"Salalah","Road_ID":"104306","Latitude":17.009271989999998,"Longitude":54.069280370000001,"GlobalID":"{0A2AFE94-9493-43F7-877B-68B57E87977B}"}},{"type":"Feature","id":230,"geometry":{"type":"Point","coordinates":[187958.91930000018,1882875.0256999992]},"properties":{"OBJECTID":230,"Asset_ID":"GrS230","Name":"بقالة","District_ID":"al Wadi","Gov_ID":"Dhofar Governorate","Wlyt_ID":"Salalah","Road_ID":"104322","Latitude":17.008896279999998,"Longitude":54.069402789999998,"GlobalID":"{3D8303A1-6287-44BB-9B06-166014D2B895}"}},{"type":"Feature","id":231,"geometry":{"type":"Point","coordinates":[188374.04129999969,1883164.5911999997]},"properties":{"OBJECTID":231,"Asset_ID":"GrS281","Name":"بقالة","District_ID":"Salalah al Jadida","Gov_ID":"Dhofar Governorate","Wlyt_ID":"Salalah","Road_ID":"100583","Latitude":17.011566470000002,"Longitude":54.073257150000003,"GlobalID":"{C2ABEEAC-BF17-4ED3-AA7C-CA906D69E428}"}},{"type":"Feature","id":232,"geometry":{"type":"Point","coordinates":[188377.57010000013,1883017.9005999994]},"properties":{"OBJECTID":232,"Asset_ID":"GrS232","Name":"بقالة","District_ID":"Salalah al Jadida","Gov_ID":"Dhofar Governorate","Wlyt_ID":"Salalah","Road_ID":"104319","Latitude":17.01024267,"Longitude":54.073310849999999,"GlobalID":"{90E94434-2A51-43ED-B8DA-535F66DDA3A3}"}},{"type":"Feature","id":233,"geometry":{"type":"Point","coordinates":[190092.1950000003,1883456.7656999994]},"properties":{"OBJECTID":233,"Asset_ID":"GrS283","Name":"بقالة","District_ID":"Salalah al Jadida","Gov_ID":"Dhofar Governorate","Wlyt_ID":"Salalah","Road_ID":"103812","Latitude":17.014435540000001,"Longitude":54.089337810000004,"GlobalID":"{F2DCA363-D7FA-4DA0-B5C8-03A4FEBA5909}"}},{"type":"Feature","id":234,"geometry":{"type":"Point","coordinates":[190181.48940000031,1883766.5108000003]},"properties":{"OBJECTID":234,"Asset_ID":"GrS234","Name":"بقالة","District_ID":"Salalah al Jadida","Gov_ID":"Dhofar Governorate","Wlyt_ID":"Salalah","Road_ID":"104187","Latitude":17.01724385,"Longitude":54.090132449999999,"GlobalID":"{E41044E0-AB7F-4757-A326-A493DE047C3F}"}},{"type":"Feature","id":235,"geometry":{"type":"Point","coordinates":[190004.87299999967,1883790.6779999994]},"properties":{"OBJECTID":235,"Asset_ID":"GrS235","Name":"بقالة","District_ID":"Salalah al Jadida","Gov_ID":"Dhofar Governorate","Wlyt_ID":"Salalah","Road_ID":"104187","Latitude":17.017438299999998,"Longitude":54.088471820000002,"GlobalID":"{C0A1D629-A983-427B-B743-49286EBE3BDB}"}},{"type":"Feature","id":236,"geometry":{"type":"Point","coordinates":[189979.31350000016,1883658.8421999998]},"properties":{"OBJECTID":236,"Asset_ID":"GrS286","Name":"بقالة","District_ID":"Salalah al Jadida","Gov_ID":"Dhofar Governorate","Wlyt_ID":"Salalah","Road_ID":"104205","Latitude":17.01624468,"Longitude":54.0882504,"GlobalID":"{07CF034C-16B2-4B55-BA73-C6C69C3C39D2}"}},{"type":"Feature","id":237,"geometry":{"type":"Point","coordinates":[190057.67310000025,1883562.1417999994]},"properties":{"OBJECTID":237,"Asset_ID":"GrS237","Name":"بقالة","District_ID":"Salalah al Jadida","Gov_ID":"Dhofar Governorate","Wlyt_ID":"Salalah","Road_ID":"104190","Latitude":17.015382219999999,"Longitude":54.088999170000001,"GlobalID":"{99464891-1E82-4B5F-BCF4-7F148E0BDB83}"}},{"type":"Feature","id":238,"geometry":{"type":"Point","coordinates":[189680.06489999965,1884060.8078000005]},"properties":{"OBJECTID":238,"Asset_ID":"GrS288","Name":"بقالة","District_ID":"Salalah al Jadida","Gov_ID":"Dhofar Governorate","Wlyt_ID":"Salalah","Road_ID":"104259","Latitude":17.019833299999998,"Longitude":54.08538626,"GlobalID":"{9121EA77-61B5-4F2F-BDFE-97019A40FA40}"}},{"type":"Feature","id":239,"geometry":{"type":"Point","coordinates":[189521.12530000042,1883382.0047999993]},"properties":{"OBJECTID":239,"Asset_ID":"GrS289","Name":"بقالة","District_ID":"Salalah al Jadida","Gov_ID":"Dhofar Governorate","Wlyt_ID":"Salalah","Road_ID":"104211","Latitude":17.013683839999999,"Longitude":54.083989819999999,"GlobalID":"{E54F11A5-F9E5-4B15-BE5E-D2A27465C86D}"}},{"type":"Feature","id":240,"geometry":{"type":"Point","coordinates":[196874.4319000002,1886206.3233000003]},"properties":{"OBJECTID":240,"Asset_ID":"GrS290","Name":"بقالة","District_ID":"al Sada al Janubiyya","Gov_ID":"Dhofar Governorate","Wlyt_ID":"Salalah","Road_ID":"100231","Latitude":17.040160409999999,"Longitude":54.152603110000001,"GlobalID":"{308A6304-585B-44E2-87AC-BE2AE6AF2D29}"}},{"type":"Feature","id":241,"geometry":{"type":"Point","coordinates":[197407.29090000037,1886171.8451000005]},"properties":{"OBJECTID":241,"Asset_ID":"GrS291","Name":"سوق تجاري","District_ID":"al Sada al Janubiyya","Gov_ID":"Dhofar Governorate","Wlyt_ID":"Salalah","Road_ID":"100242","Latitude":17.039919179999998,"Longitude":54.157608719999999,"GlobalID":"{F4C8F28E-6AC5-489E-9B08-091FF9971147}"}},{"type":"Feature","id":242,"geometry":{"type":"Point","coordinates":[197402.4796000002,1886160.0018000007]},"properties":{"OBJECTID":242,"Asset_ID":"GrS292","Name":"سوق تجاري","District_ID":"al Sada al Janubiyya","Gov_ID":"Dhofar Governorate","Wlyt_ID":"Salalah","Road_ID":"100242","Latitude":17.039811629999999,"Longitude":54.157565179999999,"GlobalID":"{6D1CEF54-77FA-4CFF-9A9D-C4B03B2C815D}"}},{"type":"Feature","id":243,"geometry":{"type":"Point","coordinates":[197432.04349999968,1885990.8793000001]},"properties":{"OBJECTID":243,"Asset_ID":"GrS293","Name":"سوق تجاري","District_ID":"al Sada al Janubiyya","Gov_ID":"Dhofar Governorate","Wlyt_ID":"Salalah","Road_ID":"100196","Latitude":17.038288609999999,"Longitude":54.157865729999997,"GlobalID":"{7A5BCC44-339E-4FBD-BBE3-2A41E72B4088}"}},{"type":"Feature","id":244,"geometry":{"type":"Point","coordinates":[197423.51630000025,1885991.5899]},"properties":{"OBJECTID":244,"Asset_ID":"GrS294","Name":"بيع الفواكة و الخضار","District_ID":"al Sada al Janubiyya","Gov_ID":"Dhofar Governorate","Wlyt_ID":"Salalah","Road_ID":"100196","Latitude":17.03829391,"Longitude":54.157785609999998,"GlobalID":"{062BE4EE-B8EE-4150-8C1E-E0ABFA9FA038}"}},{"type":"Feature","id":245,"geometry":{"type":"Point","coordinates":[197452.44359999988,1887041.5883000009]},"properties":{"OBJECTID":245,"Asset_ID":"GrS295","Name":"بقالة","District_ID":"al Sada al Janubiyya","Gov_ID":"Dhofar Governorate","Wlyt_ID":"Salalah","Road_ID":"100335","Latitude":17.047777440000001,"Longitude":54.157913710000003,"GlobalID":"{DC820195-1B5F-463C-BDD6-E57360F43BCD}"}},{"type":"Feature","id":246,"geometry":{"type":"Point","coordinates":[197561.3060999997,1886545.7432000004]},"properties":{"OBJECTID":246,"Asset_ID":"GrS296","Name":"بقالة","District_ID":"al Sada al Janubiyya","Gov_ID":"Dhofar Governorate","Wlyt_ID":"Salalah","Road_ID":"100338","Latitude":17.04331509,"Longitude":54.159003130000002,"GlobalID":"{50757588-5607-47A0-82E7-3DF180AEAE4B}"}},{"type":"Feature","id":247,"geometry":{"type":"Point","coordinates":[190051.05429999996,1883835.1596000008]},"properties":{"OBJECTID":247,"Asset_ID":"GrS297","Name":"بقالة","District_ID":"Salalah al Jadida","Gov_ID":"Dhofar Governorate","Wlyt_ID":"Salalah","Road_ID":"104199","Latitude":17.017846080000002,"Longitude":54.08889894,"GlobalID":"{B3FADADD-6971-44FE-9E2F-8E4DBF0AABBA}"}},{"type":"Feature","id":248,"geometry":{"type":"Point","coordinates":[188446.44409999996,1882788.8341000006]},"properties":{"OBJECTID":248,"Asset_ID":"GrS298","Name":"بيع الفواكة و الخضار","District_ID":"Salalah al Gharbiyya","Gov_ID":"Dhofar Governorate","Wlyt_ID":"Salalah","Road_ID":"103824","Latitude":17.008184029999999,"Longitude":54.073989220000001,"GlobalID":"{7CA1C8C2-32B7-4F50-8D3B-B38D7B368BB7}"}},{"type":"Feature","id":249,"geometry":{"type":"Point","coordinates":[188393.14919999987,1882782.5423000008]},"properties":{"OBJECTID":249,"Asset_ID":"GrS299","Name":"بقالة","District_ID":"Salalah al Gharbiyya","Gov_ID":"Dhofar Governorate","Wlyt_ID":"Salalah","Road_ID":"103824","Latitude":17.008120030000001,"Longitude":54.073490049999997,"GlobalID":"{79ADE043-CC39-4372-A91F-94DDA5537DF7}"}},{"type":"Feature","id":250,"geometry":{"type":"Point","coordinates":[188367.98220000044,1882782.1721999999]},"properties":{"OBJECTID":250,"Asset_ID":"GrS300","Name":"بيع الفواكة و الخضار","District_ID":"Salalah al Gharbiyya","Gov_ID":"Dhofar Governorate","Wlyt_ID":"Salalah","Road_ID":"103824","Latitude":17.008113290000001,"Longitude":54.073253970000003,"GlobalID":"{25F5C3C2-FE26-45C1-AB4B-F130B307EEC9}"}},{"type":"Feature","id":251,"geometry":{"type":"Point","coordinates":[187375.05719999969,1882548.0723000001]},"properties":{"OBJECTID":251,"Asset_ID":"GrS301","Name":"سوق تجاري","District_ID":"al Wadi","Gov_ID":"Dhofar Governorate","Wlyt_ID":"Salalah","Road_ID":"105389","Latitude":17.005865669999999,"Longitude":54.063970580000003,"GlobalID":"{0D280EA9-56C5-4F86-AC0F-7CAE165D48AC}"}},{"type":"Feature","id":252,"geometry":{"type":"Point","coordinates":[187404.86249999981,1882589.1230999995]},"properties":{"OBJECTID":252,"Asset_ID":"GrS302","Name":"سوق تجاري","District_ID":"al Wadi","Gov_ID":"Dhofar Governorate","Wlyt_ID":"Salalah","Road_ID":"103812","Latitude":17.006240290000001,"Longitude":54.064244459999998,"GlobalID":"{F9A34E3C-AD18-4C50-A0D5-12E8BCE7659B}"}},{"type":"Feature","id":253,"geometry":{"type":"Point","coordinates":[187359.15990000032,1882577.1206]},"properties":{"OBJECTID":253,"Asset_ID":"GrS253","Name":"سوق تجاري","District_ID":"al Wadi","Gov_ID":"Dhofar Governorate","Wlyt_ID":"Salalah","Road_ID":"103812","Latitude":17.006125749999999,"Longitude":54.06381734,"GlobalID":"{CD8F5C3A-20D5-444B-9FB0-4A688BCC2405}"}},{"type":"Feature","id":254,"geometry":{"type":"Point","coordinates":[187307.92260000017,1882528.0714999996]},"properties":{"OBJECTID":254,"Asset_ID":"GrS304","Name":"بقالة","District_ID":"al Wadi","Gov_ID":"Dhofar Governorate","Wlyt_ID":"Salalah","Road_ID":"105382","Latitude":17.005676009999998,"Longitude":54.063343510000003,"GlobalID":"{3CB8C1F4-D0F4-4FAE-8F87-132EA185D9B5}"}},{"type":"Feature","id":255,"geometry":{"type":"Point","coordinates":[187253.67239999957,1882510.4561999999]},"properties":{"OBJECTID":255,"Asset_ID":"GrS305","Name":"سوق تجاري","District_ID":"al Wadi","Gov_ID":"Dhofar Governorate","Wlyt_ID":"Salalah","Road_ID":"103812","Latitude":17.00550964,"Longitude":54.06283698,"GlobalID":"{515307D4-B860-4B0E-BBC6-25FF647FE98F}"}},{"type":"Feature","id":256,"geometry":{"type":"Point","coordinates":[187105.85670000035,1882515.3068000004]},"properties":{"OBJECTID":256,"Asset_ID":"GrS306","Name":"بيع الفواكة و الخضار","District_ID":"al Wadi","Gov_ID":"Dhofar Governorate","Wlyt_ID":"Salalah","Road_ID":"105463","Latitude":17.005533400000001,"Longitude":54.061449410000002,"GlobalID":"{0ACD7540-DACC-4722-8325-87505444E388}"}},{"type":"Feature","id":257,"geometry":{"type":"Point","coordinates":[187107.00549999997,1882510.5837999992]},"properties":{"OBJECTID":257,"Asset_ID":"GrS307","Name":"محلات بقالة","District_ID":"al Wadi","Gov_ID":"Dhofar Governorate","Wlyt_ID":"Salalah","Road_ID":"105463","Latitude":17.00549092,"Longitude":54.061460850000003,"GlobalID":"{CFDE134A-F3FA-495D-8F05-F065742E198A}"}},{"type":"Feature","id":258,"geometry":{"type":"Point","coordinates":[187106.36730000004,1882501.2655999996]},"properties":{"OBJECTID":258,"Asset_ID":"GrS308","Name":"محلات بقالة","District_ID":"al Wadi","Gov_ID":"Dhofar Governorate","Wlyt_ID":"Salalah","Road_ID":"105463","Latitude":17.005406709999999,"Longitude":54.06145618,"GlobalID":"{6C31EB6D-8C15-4CC3-BD81-EA20AC8546ED}"}},{"type":"Feature","id":259,"geometry":{"type":"Point","coordinates":[187087.22020000033,1882494.8831999991]},"properties":{"OBJECTID":259,"Asset_ID":"GrS309","Name":"سوق تجاري","District_ID":"al Wadi","Gov_ID":"Dhofar Governorate","Wlyt_ID":"Salalah","Road_ID":"103812","Latitude":17.005346500000002,"Longitude":54.061277429999997,"GlobalID":"{F5141E4D-3346-41D8-ABFE-5B640CEF7096}"}},{"type":"Feature","id":260,"geometry":{"type":"Point","coordinates":[187064.62660000008,1882454.6742000002]},"properties":{"OBJECTID":260,"Asset_ID":"GrS310","Name":"محلات بقالة","District_ID":"al Wadi","Gov_ID":"Dhofar Governorate","Wlyt_ID":"Salalah","Road_ID":"105378","Latitude":17.004980450000001,"Longitude":54.06107111,"GlobalID":"{EF58180A-F1D8-4144-BDCD-7BC979E67AE4}"}},{"type":"Feature","id":261,"geometry":{"type":"Point","coordinates":[186914.51319999993,1882448.8025000002]},"properties":{"OBJECTID":261,"Asset_ID":"GrS311","Name":"سوق تجاري","District_ID":"al Wadi","Gov_ID":"Dhofar Governorate","Wlyt_ID":"Salalah","Road_ID":"103812","Latitude":17.00490709,"Longitude":54.059663499999999,"GlobalID":"{409A0F7B-E8D3-4329-A125-1990E03820C3}"}},{"type":"Feature","id":262,"geometry":{"type":"Point","coordinates":[186883.81400000025,1882437.7643999998]},"properties":{"OBJECTID":262,"Asset_ID":"GrS312","Name":"بيع الفواكة والخضار","District_ID":"al Wadi","Gov_ID":"Dhofar Governorate","Wlyt_ID":"Salalah","Road_ID":"105338","Latitude":17.004803280000001,"Longitude":54.059377019999999,"GlobalID":"{DB178666-8202-4B89-89A3-F334DCAC7F29}"}},{"type":"Feature","id":263,"geometry":{"type":"Point","coordinates":[186823.18149999995,1882719.5985000003]},"properties":{"OBJECTID":263,"Asset_ID":"GrS313","Name":"سوق تجاري","District_ID":"al Wadi","Gov_ID":"Dhofar Governorate","Wlyt_ID":"Salalah","Road_ID":"105338","Latitude":17.007339330000001,"Longitude":54.058768399999998,"GlobalID":"{22852585-A3B3-4AC4-A404-0F2760499917}"}},{"type":"Feature","id":264,"geometry":{"type":"Point","coordinates":[186824.37820000015,1882746.5241]},"properties":{"OBJECTID":264,"Asset_ID":"GrS314","Name":"محلات بقالة ","District_ID":"al Wadi","Gov_ID":"Dhofar Governorate","Wlyt_ID":"Salalah","Road_ID":"105338","Latitude":17.00758257,"Longitude":54.058775830000002,"GlobalID":"{85ACF7B2-2B38-4AB1-A02E-25DDCA4976CC}"}},{"type":"Feature","id":265,"geometry":{"type":"Point","coordinates":[186122.31730000023,1882373.7537999991]},"properties":{"OBJECTID":265,"Asset_ID":"GrS315","Name":"سوق تجاري","District_ID":"Auqad al Janubiyya","Gov_ID":"Dhofar Governorate","Wlyt_ID":"Salalah","Road_ID":"105424","Latitude":17.004122020000001,"Longitude":54.052241359999996,"GlobalID":"{D79ABAE9-F2F7-4242-888A-79B63ECDEAA7}"}},{"type":"Feature","id":266,"geometry":{"type":"Point","coordinates":[185805.51229999959,1882388.1699000001]},"properties":{"OBJECTID":266,"Asset_ID":"GrS316","Name":"سوق تجاري","District_ID":"Auqad al Janubiyya","Gov_ID":"Dhofar Governorate","Wlyt_ID":"Salalah","Road_ID":"105424","Latitude":17.004209070000002,"Longitude":54.049266940000003,"GlobalID":"{E2EF3BB3-9087-423C-9EDC-AF24D1C2D8D4}"}},{"type":"Feature","id":267,"geometry":{"type":"Point","coordinates":[185760.58050000016,1882388.6805000007]},"properties":{"OBJECTID":267,"Asset_ID":"GrS317","Name":"سوق تجاري","District_ID":"Auqad al Janubiyya","Gov_ID":"Dhofar Governorate","Wlyt_ID":"Salalah","Road_ID":"105426","Latitude":17.004207569999998,"Longitude":54.048845309999997,"GlobalID":"{6883D09D-DD42-42A7-A20E-703C953B9316}"}},{"type":"Feature","id":268,"geometry":{"type":"Point","coordinates":[185665.61629999988,1882393.1999999993]},"properties":{"OBJECTID":268,"Asset_ID":"GrS318","Name":"سوق بن ريدان التجاري","District_ID":"Auqad al Janubiyya","Gov_ID":"Dhofar Governorate","Wlyt_ID":"Salalah","Road_ID":"105553","Latitude":17.004235439999999,"Longitude":54.047953679999999,"GlobalID":"{77001009-177E-498B-9842-C321AFC9440D}"}},{"type":"Feature","id":269,"geometry":{"type":"Point","coordinates":[185079.73450000025,1882413.7682000007]},"properties":{"OBJECTID":269,"Asset_ID":"GrS319","Name":"بيع منتجات التبغ","District_ID":"Auqad al Janubiyya","Gov_ID":"Dhofar Governorate","Wlyt_ID":"Salalah","Road_ID":"105373","Latitude":17.004341279999998,"Longitude":54.042453829999999,"GlobalID":"{75E63394-6833-4646-8DC8-4163E4C5E08B}"}},{"type":"Feature","id":270,"geometry":{"type":"Point","coordinates":[185047.01240000036,1882403.7958000004]},"properties":{"OBJECTID":270,"Asset_ID":"GrS320","Name":"بقالة","District_ID":"Auqad al Janubiyya","Gov_ID":"Dhofar Governorate","Wlyt_ID":"Salalah","Road_ID":"105373","Latitude":17.00424679,"Longitude":54.042148230000002,"GlobalID":"{659290D9-2B95-41D6-952D-4803BD924AE7}"}},{"type":"Feature","id":271,"geometry":{"type":"Point","coordinates":[185013.04370000027,1882392.5767999999]},"properties":{"OBJECTID":271,"Asset_ID":"GrS321","Name":"بقالة","District_ID":"Auqad al Janubiyya","Gov_ID":"Dhofar Governorate","Wlyt_ID":"Salalah","Road_ID":"105373","Latitude":17.004140880000001,"Longitude":54.041831119999998,"GlobalID":"{9E8888DC-EE25-49AF-B218-455AD321E089}"}},{"type":"Feature","id":272,"geometry":{"type":"Point","coordinates":[184996.83849999961,1882387.9022000004]},"properties":{"OBJECTID":272,"Asset_ID":"GrS322","Name":"محلات بقالة ","District_ID":"Auqad al Janubiyya","Gov_ID":"Dhofar Governorate","Wlyt_ID":"Salalah","Road_ID":"105373","Latitude":17.00409647,"Longitude":54.041679739999999,"GlobalID":"{0B7F0C2A-6A1A-4456-8A15-88DCCF6F75C0}"}},{"type":"Feature","id":273,"geometry":{"type":"Point","coordinates":[184985.9310999997,1882384.7858000007]},"properties":{"OBJECTID":273,"Asset_ID":"GrS323","Name":"بيع فواكة وخضروات","District_ID":"Auqad al Janubiyya","Gov_ID":"Dhofar Governorate","Wlyt_ID":"Salalah","Road_ID":"105373","Latitude":17.004066850000001,"Longitude":54.041577850000003,"GlobalID":"{2ABD81F5-8788-437B-BBF8-1CBED089988F}"}},{"type":"Feature","id":274,"geometry":{"type":"Point","coordinates":[184846.64080000017,1882342.0414000005]},"properties":{"OBJECTID":274,"Asset_ID":"GrS324","Name":"محل بقالة","District_ID":"Auqad al Janubiyya","Gov_ID":"Dhofar Governorate","Wlyt_ID":"Salalah","Road_ID":"105373","Latitude":17.00366197,"Longitude":54.04027705,"GlobalID":"{2635A381-6E93-48A6-8209-9F0A0F3A8DD9}"}},{"type":"Feature","id":275,"geometry":{"type":"Point","coordinates":[184777.83090000041,1882304.9438000005]},"properties":{"OBJECTID":275,"Asset_ID":"GrS325","Name":"سوق العوقدين التجاري","District_ID":"Auqad al Janubiyya","Gov_ID":"Dhofar Governorate","Wlyt_ID":"Salalah","Road_ID":"105373","Latitude":17.003317679999999,"Longitude":54.039636719999997,"GlobalID":"{07BB5384-0A0F-43A9-82B9-F686D2568500}"}},{"type":"Feature","id":276,"geometry":{"type":"Point","coordinates":[184730.56140000001,1882258.4722000007]},"properties":{"OBJECTID":276,"Asset_ID":"GrS326","Name":"مواد غذائية وكماليات","District_ID":"Auqad al Janubiyya","Gov_ID":"Dhofar Governorate","Wlyt_ID":"Salalah","Road_ID":"105373","Latitude":17.002891699999999,"Longitude":54.03919982,"GlobalID":"{92AC993F-C303-4E75-9419-5C429EDA144A}"}},{"type":"Feature","id":277,"geometry":{"type":"Point","coordinates":[184722.78289999999,1882249.6963999998]},"properties":{"OBJECTID":277,"Asset_ID":"GrS327","Name":"خضروات وفواكة","District_ID":"Auqad al Janubiyya","Gov_ID":"Dhofar Governorate","Wlyt_ID":"Salalah","Road_ID":"105373","Latitude":17.00281142,"Longitude":54.039128089999998,"GlobalID":"{8AC08467-A6DB-428D-ACC2-8C2C7F5AE10D}"}},{"type":"Feature","id":278,"geometry":{"type":"Point","coordinates":[184682.69369999971,1882208.2109999992]},"properties":{"OBJECTID":278,"Asset_ID":"GrS328","Name":"بقالة","District_ID":"Auqad al Janubiyya","Gov_ID":"Dhofar Governorate","Wlyt_ID":"Salalah","Road_ID":"105373","Latitude":17.002431439999999,"Longitude":54.038757850000003,"GlobalID":"{1B5C07FF-2EBC-4018-B637-6F3F09D861A9}"}},{"type":"Feature","id":279,"geometry":{"type":"Point","coordinates":[184596.38210000005,1882120.8274000008]},"properties":{"OBJECTID":279,"Asset_ID":"GrS329","Name":"مواد غذائية وكماليات ","District_ID":"Auqad al Janubiyya","Gov_ID":"Dhofar Governorate","Wlyt_ID":"Salalah","Road_ID":"105373","Latitude":17.001630810000002,"Longitude":54.037960460000001,"GlobalID":"{7863B478-B5FE-426D-93A2-3F87D6F9ADD1}"}},{"type":"Feature","id":280,"geometry":{"type":"Point","coordinates":[184560.85520000011,1882089.3518000003]},"properties":{"OBJECTID":280,"Asset_ID":"GrS330","Name":"بيع فواكهه وخضروات","District_ID":"Auqad al Janubiyya","Gov_ID":"Dhofar Governorate","Wlyt_ID":"Salalah","Road_ID":"105373","Latitude":17.00134181,"Longitude":54.037631609999998,"GlobalID":"{D747B7E6-28C3-4AF7-BE9A-9D7DCF21D29F}"}},{"type":"Feature","id":281,"geometry":{"type":"Point","coordinates":[184553.37579999957,1882079.0677000005]},"properties":{"OBJECTID":281,"Asset_ID":"GrS331","Name":"محلات بقالة","District_ID":"Auqad al Janubiyya","Gov_ID":"Dhofar Governorate","Wlyt_ID":"Salalah","Road_ID":"105373","Latitude":17.00124795,"Longitude":54.037562899999998,"GlobalID":"{56D974DC-1161-49A4-BBDD-C683DF56A075}"}},{"type":"Feature","id":282,"geometry":{"type":"Point","coordinates":[184512.86270000041,1882036.9964000005]},"properties":{"OBJECTID":282,"Asset_ID":"GrS332","Name":"مواد غذائية","District_ID":"Auqad al Janubiyya","Gov_ID":"Dhofar Governorate","Wlyt_ID":"Salalah","Road_ID":"105373","Latitude":17.000862619999999,"Longitude":54.037188780000001,"GlobalID":"{2C33C41D-1CE1-4D81-94B3-C4B3301EF053}"}},{"type":"Feature","id":283,"geometry":{"type":"Point","coordinates":[184493.22950000037,1882020.4794999994]},"properties":{"OBJECTID":283,"Asset_ID":"GrS333","Name":"محلات بقالة","District_ID":"Auqad al Janubiyya","Gov_ID":"Dhofar Governorate","Wlyt_ID":"Salalah","Road_ID":"105373","Latitude":17.000710829999999,"Longitude":54.037006920000003,"GlobalID":"{0BEDB715-D6C6-488F-A288-E91106CC1B7F}"}},{"type":"Feature","id":284,"geometry":{"type":"Point","coordinates":[184504.98450000025,1882031.1001999993]},"properties":{"OBJECTID":284,"Asset_ID":"GrS334","Name":"محلات بقالة","District_ID":"Auqad al Janubiyya","Gov_ID":"Dhofar Governorate","Wlyt_ID":"Salalah","Road_ID":"105373","Latitude":17.000808320000001,"Longitude":54.037115700000001,"GlobalID":"{7FEB6ED0-1397-4C66-8711-2A0116D26A2C}"}},{"type":"Feature","id":285,"geometry":{"type":"Point","coordinates":[184467.48809999973,1881846.6097999997]},"properties":{"OBJECTID":285,"Asset_ID":"GrS335","Name":"سوق تجاري","District_ID":"Auqad al Janubiyya","Gov_ID":"Dhofar Governorate","Wlyt_ID":"Salalah","Road_ID":"105340","Latitude":16.999137730000001,"Longitude":54.036790099999997,"GlobalID":"{BC11F560-5AB2-492A-A174-794403C5F85D}"}},{"type":"Feature","id":286,"geometry":{"type":"Point","coordinates":[184646.39389999956,1882520.5482999999]},"properties":{"OBJECTID":286,"Asset_ID":"GrS336","Name":"اسواق بن حريز","District_ID":"Auqad al Shamaliyya","Gov_ID":"Dhofar Governorate","Wlyt_ID":"Salalah","Road_ID":"105568","Latitude":17.005246079999999,"Longitude":54.038372940000002,"GlobalID":"{9AB4AE09-7795-4055-B726-52AC046C92E2}"}},{"type":"Feature","id":287,"geometry":{"type":"Point","coordinates":[184642.81630000006,1882333.0537]},"properties":{"OBJECTID":287,"Asset_ID":"GrS337","Name":"اسواق بن خوار","District_ID":"Auqad al Shamaliyya","Gov_ID":"Dhofar Governorate","Wlyt_ID":"Salalah","Road_ID":"105550","Latitude":17.003553,"Longitude":54.038365990000003,"GlobalID":"{22B86783-49BD-413E-BF35-A1DFC0E7E256}"}},{"type":"Feature","id":288,"geometry":{"type":"Point","coordinates":[184655.76800000016,1882322.0964000002]},"properties":{"OBJECTID":288,"Asset_ID":"GrS338","Name":"تجارة الفواكهه والخضروات الطازجة والتمور","District_ID":"Auqad al Shamaliyya","Gov_ID":"Dhofar Governorate","Wlyt_ID":"Salalah","Road_ID":"105550","Latitude":17.003455850000002,"Longitude":54.038489060000003,"GlobalID":"{84D02342-40EE-40E6-ADED-33FFEF9BC33D}"}},{"type":"Feature","id":289,"geometry":{"type":"Point","coordinates":[184537.29090000037,1882232.3965000007]},"properties":{"OBJECTID":289,"Asset_ID":"GrS339","Name":"بيع منتجات التبغ","District_ID":"Auqad al Shamaliyya","Gov_ID":"Dhofar Governorate","Wlyt_ID":"Salalah","Road_ID":"105564","Latitude":17.00262991,"Longitude":54.037390219999999,"GlobalID":"{FDB30F96-C11C-4977-83F0-883B09D70B1D}"}},{"type":"Feature","id":290,"geometry":{"type":"Point","coordinates":[185900.71360000037,1882172.4063000008]},"properties":{"OBJECTID":290,"Asset_ID":"GrS340","Name":"الاسواق المركزية وما شابهها","District_ID":"Auqad al Janubiyya","Gov_ID":"Dhofar Governorate","Wlyt_ID":"Salalah","Road_ID":"105422","Latitude":17.00227422,"Longitude":54.050190659999998,"GlobalID":"{83A76964-6BD6-4EFF-97CA-FD122A62465F}"}},{"type":"Feature","id":291,"geometry":{"type":"Point","coordinates":[185818.56219999958,1882251.4387999997]},"properties":{"OBJECTID":291,"Asset_ID":"GrS341","Name":"مواد غذائية وكماليات","District_ID":"Auqad al Janubiyya","Gov_ID":"Dhofar Governorate","Wlyt_ID":"Salalah","Road_ID":"105432","Latitude":17.00297651,"Longitude":54.049408720000002,"GlobalID":"{D163FC5E-2B3E-42B5-8AC0-BEE81A2B82D0}"}},{"type":"Feature","id":292,"geometry":{"type":"Point","coordinates":[186156.07880000025,1882299.7369999997]},"properties":{"OBJECTID":292,"Asset_ID":"GrS342","Name":"محلات بقالة","District_ID":"Auqad al Janubiyya","Gov_ID":"Dhofar Governorate","Wlyt_ID":"Salalah","Road_ID":"105346","Latitude":17.003458420000001,"Longitude":54.052568579999999,"GlobalID":"{6D415CE0-7940-489E-9B10-C68B9D22C04B}"}},{"type":"Feature","id":293,"geometry":{"type":"Point","coordinates":[186078.5064000003,1882261.1886999998]},"properties":{"OBJECTID":293,"Asset_ID":"GrS343","Name":"محلات بقالة","District_ID":"Auqad al Janubiyya","Gov_ID":"Dhofar Governorate","Wlyt_ID":"Salalah","Road_ID":"105345","Latitude":17.003099880000001,"Longitude":54.051846220000002,"GlobalID":"{9D5853D4-81C2-4F5F-9FF1-F5B5995FEAC9}"}},{"type":"Feature","id":294,"geometry":{"type":"Point","coordinates":[185945.96710000001,1882255.0020000003]},"properties":{"OBJECTID":294,"Asset_ID":"GrS344","Name":"سوق تجاري","District_ID":"Auqad al Janubiyya","Gov_ID":"Dhofar Governorate","Wlyt_ID":"Salalah","Road_ID":"105345","Latitude":17.003026009999999,"Longitude":54.05060357,"GlobalID":"{47E0A1CE-D92E-4481-8641-386DE5F3F01C}"}},{"type":"Feature","id":295,"geometry":{"type":"Point","coordinates":[185944.30140000023,1882278.7971999999]},"properties":{"OBJECTID":295,"Asset_ID":"GrS345","Name":"بيع بالجملة للاسماك و الحيوانات البحرية","District_ID":"Auqad al Janubiyya","Gov_ID":"Dhofar Governorate","Wlyt_ID":"Salalah","Road_ID":"105345","Latitude":17.003240590000001,"Longitude":54.050584579999999,"GlobalID":"{25EB663A-EFC2-4686-8373-23A27613E661}"}},{"type":"Feature","id":296,"geometry":{"type":"Point","coordinates":[185913.36770000029,1882277.3695]},"properties":{"OBJECTID":296,"Asset_ID":"GrS346","Name":"تجارة الفواكهه والخضروات","District_ID":"Auqad al Janubiyya","Gov_ID":"Dhofar Governorate","Wlyt_ID":"Salalah","Road_ID":"105345","Latitude":17.003223500000001,"Longitude":54.050294549999997,"GlobalID":"{03F259E8-CF4B-49FE-BF7F-055A8A281A3F}"}},{"type":"Feature","id":297,"geometry":{"type":"Point","coordinates":[185497.90340000018,1882096.7639000006]},"properties":{"OBJECTID":297,"Asset_ID":"GrS347","Name":"سوق تجاري","District_ID":"Auqad al Janubiyya","Gov_ID":"Dhofar Governorate","Wlyt_ID":"Salalah","Road_ID":"105340","Latitude":17.001536529999999,"Longitude":54.046422100000001,"GlobalID":"{160BB203-CBD4-4718-839F-AF815A842E40}"}},{"type":"Feature","id":298,"geometry":{"type":"Point","coordinates":[185494.57210000046,1882113.8964000009]},"properties":{"OBJECTID":298,"Asset_ID":"GrS348","Name":"سوق تجاري","District_ID":"Auqad al Janubiyya","Gov_ID":"Dhofar Governorate","Wlyt_ID":"Salalah","Road_ID":"105341","Latitude":17.001690740000001,"Longitude":54.04638842,"GlobalID":"{4765147B-39F0-4E94-9C40-D474B63895E7}"}},{"type":"Feature","id":299,"geometry":{"type":"Point","coordinates":[185410.57500000019,1882237.1556000002]},"properties":{"OBJECTID":299,"Asset_ID":"GrS349","Name":"البيع بالجملة لمواد غذائية متنوعه","District_ID":"Auqad al Janubiyya","Gov_ID":"Dhofar Governorate","Wlyt_ID":"Salalah","Road_ID":"105341","Latitude":17.002792020000001,"Longitude":54.045582889999999,"GlobalID":"{F646981D-FEC4-4126-B494-ED7A6E85BFAF}"}},{"type":"Feature","id":300,"geometry":{"type":"Point","coordinates":[185395.5839999998,1882324.2459999993]},"properties":{"OBJECTID":300,"Asset_ID":"GrS350","Name":"محلات بقالة","District_ID":"Auqad al Janubiyya","Gov_ID":"Dhofar Governorate","Wlyt_ID":"Salalah","Road_ID":"105341","Latitude":17.00357618,"Longitude":54.045429910000003,"GlobalID":"{4E52B880-4614-43C1-8CA8-4BEEC04E2FC7}"}},{"type":"Feature","id":301,"geometry":{"type":"Point","coordinates":[185399.62920000032,1882306.3995999992]},"properties":{"OBJECTID":301,"Asset_ID":"GrS351","Name":"سوق تجاري","District_ID":"Auqad al Janubiyya","Gov_ID":"Dhofar Governorate","Wlyt_ID":"Salalah","Road_ID":"105341","Latitude":17.003415619999998,"Longitude":54.045470389999998,"GlobalID":"{DCA94461-7F33-413B-A30F-E291C0E45452}"}},{"type":"Feature","id":302,"geometry":{"type":"Point","coordinates":[184615.61519999988,1881861.6006000005]},"properties":{"OBJECTID":302,"Asset_ID":"GrS352","Name":"مواد غذائيةمواد منزلية والعاب اطفال ","District_ID":"Auqad al Janubiyya","Gov_ID":"Dhofar Governorate","Wlyt_ID":"Salalah","Road_ID":"105340","Latitude":16.999293290000001,"Longitude":54.038177699999999,"GlobalID":"{0F0361E9-3F4C-44BB-8BF0-C3E80C8D58A8}"}},{"type":"Feature","id":303,"geometry":{"type":"Point","coordinates":[183478.19730000012,1881776.3228999991]},"properties":{"OBJECTID":303,"Asset_ID":"GrS353","Name":"محلات بقالة","District_ID":"Auqad al Shamaliyya","Gov_ID":"Dhofar Governorate","Wlyt_ID":"Salalah","Road_ID":"105566","Latitude":16.998367859999998,"Longitude":54.027518620000002,"GlobalID":"{965A38F6-D582-4312-85F0-BCBC45F58201}"}},{"type":"Feature","id":304,"geometry":{"type":"Point","coordinates":[183559.94570000004,1881752.1045999993]},"properties":{"OBJECTID":304,"Asset_ID":"GrS354","Name":"سوق ","District_ID":"Auqad al Shamaliyya","Gov_ID":"Dhofar Governorate","Wlyt_ID":"Salalah","Road_ID":"105566","Latitude":16.998160429999999,"Longitude":54.028289030000003,"GlobalID":"{A116018F-AA8A-47B7-B772-A31A69E8806E}"}},{"type":"Feature","id":305,"geometry":{"type":"Point","coordinates":[183503.86519999988,1881270.3563999999]},"properties":{"OBJECTID":305,"Asset_ID":"GrS355","Name":"mMART","District_ID":"Auqad al Shamaliyya","Gov_ID":"Dhofar Governorate","Wlyt_ID":"Salalah","Road_ID":"105885","Latitude":16.993803849999999,"Longitude":54.027831480000003,"GlobalID":"{333E95BE-C528-4B55-B50F-48428F0A6F6A}"}},{"type":"Feature","id":306,"geometry":{"type":"Point","coordinates":[187347.98060000036,1882574.3335999995]},"properties":{"OBJECTID":306,"Asset_ID":"GrS356","Name":"بقالة","District_ID":"al Wadi","Gov_ID":"Dhofar Governorate","Wlyt_ID":"Salalah","Road_ID":"103812","Latitude":17.006099079999998,"Longitude":54.063712840000001,"GlobalID":"{17F4D5AF-4BC9-41BE-B272-E242B94ABC74}"}},{"type":"Feature","id":307,"geometry":{"type":"Point","coordinates":[185618.59260000009,1882191.1546999998]},"properties":{"OBJECTID":307,"Asset_ID":"GrS357","Name":"مواد غذائية","District_ID":"Auqad al Janubiyya","Gov_ID":"Dhofar Governorate","Wlyt_ID":"Salalah","Road_ID":"105345","Latitude":17.002405079999999,"Longitude":54.047541080000002,"GlobalID":"{6BF7CCBA-ADDC-4250-B412-6CD5C2DAD0C3}"}},{"type":"Feature","id":308,"geometry":{"type":"Point","coordinates":[185616.46059999987,1882190.6977999993]},"properties":{"OBJECTID":308,"Asset_ID":"GrS358","Name":"بيع فواكه وخضروات","District_ID":"Auqad al Janubiyya","Gov_ID":"Dhofar Governorate","Wlyt_ID":"Salalah","Road_ID":"105345","Latitude":17.002400659999999,"Longitude":54.047521140000001,"GlobalID":"{095CB3A5-3133-4A7C-A54F-B00785EB6C88}"}},{"type":"Feature","id":309,"geometry":{"type":"Point","coordinates":[185641.43609999958,1882194.9618999995]},"properties":{"OBJECTID":309,"Asset_ID":"GrS359","Name":"بيع خضروات وفواكه","District_ID":"Auqad al Janubiyya","Gov_ID":"Dhofar Governorate","Wlyt_ID":"Salalah","Road_ID":"105345","Latitude":17.002442559999999,"Longitude":54.047754859999998,"GlobalID":"{3DCC77E0-46F8-4868-AFC0-AA3DF0770177}"}},{"type":"Feature","id":310,"geometry":{"type":"Point","coordinates":[185650.1166000003,1882221.1557]},"properties":{"OBJECTID":310,"Asset_ID":"GrS360","Name":"سوق تجاري","District_ID":"Auqad al Janubiyya","Gov_ID":"Dhofar Governorate","Wlyt_ID":"Salalah","Road_ID":"105345","Latitude":17.0026802,"Longitude":54.0478326,"GlobalID":"{5AB40972-DD85-4CA8-9254-844BB48321D0}"}},{"type":"Feature","id":311,"geometry":{"type":"Point","coordinates":[185576.86539999954,1882208.8202]},"properties":{"OBJECTID":311,"Asset_ID":"GrS361","Name":"سوق تجاري","District_ID":"Auqad al Janubiyya","Gov_ID":"Dhofar Governorate","Wlyt_ID":"Salalah","Road_ID":"105345","Latitude":17.002558870000001,"Longitude":54.047147080000002,"GlobalID":"{759FB024-4BED-4902-8193-B64A5AAD11F5}"}},{"type":"Feature","id":312,"geometry":{"type":"Point","coordinates":[185089.23500000034,1882228.7700999994]},"properties":{"OBJECTID":312,"Asset_ID":"GrS362","Name":"سوق تجاري ","District_ID":"Auqad al Janubiyya","Gov_ID":"Dhofar Governorate","Wlyt_ID":"Salalah","Road_ID":"105411","Latitude":17.002672520000001,"Longitude":54.042569190000002,"GlobalID":"{7855D156-EAC9-4037-8C27-FCB0A7DAD8DD}"}},{"type":"Feature","id":313,"geometry":{"type":"Point","coordinates":[185066.54389999993,1882221.4602000006]},"properties":{"OBJECTID":313,"Asset_ID":"GrS363","Name":"سوق تجاري","District_ID":"Auqad al Janubiyya","Gov_ID":"Dhofar Governorate","Wlyt_ID":"Salalah","Road_ID":"105411","Latitude":17.002603430000001,"Longitude":54.042357330000002,"GlobalID":"{5AEB2F09-DB94-4CB1-BB5A-4504DA45FD50}"}},{"type":"Feature","id":314,"geometry":{"type":"Point","coordinates":[184742.3200000003,1882115.0099999998]},"properties":{"OBJECTID":314,"Asset_ID":"GrS364","Name":"مواد غذائية وكماليات","District_ID":"Auqad al Janubiyya","Gov_ID":"Dhofar Governorate","Wlyt_ID":"Salalah","Road_ID":"105404","Latitude":17.001598220000002,"Longitude":54.039330499999998,"GlobalID":"{08CB4F9F-47AE-4988-A6BA-35932CE55DFE}"}},{"type":"Feature","id":315,"geometry":{"type":"Point","coordinates":[188367.98220000044,1882782.1721999999]},"properties":{"OBJECTID":315,"Asset_ID":"GrS365","Name":"بيع الفواكة و الخضار","District_ID":"Salalah al Gharbiyya","Gov_ID":"Dhofar Governorate","Wlyt_ID":"Salalah","Road_ID":"103824","Latitude":17.008113290000001,"Longitude":54.073253970000003,"GlobalID":"{E4AC1934-CC30-4012-A728-A2BE3EE0999C}"}},{"type":"Feature","id":316,"geometry":{"type":"Point","coordinates":[190472.39059999958,1883313.4856000002]},"properties":{"OBJECTID":316,"Asset_ID":"GrS366","Name":"Sabu Groceries","District_ID":"Salalah al Wousta","Gov_ID":"Dhofar Governorate","Wlyt_ID":"Salalah","Road_ID":"104549","Latitude":17.013193059999999,"Longitude":54.09292525,"GlobalID":"{0FC48EF6-37DF-4636-ACDF-1D6AD2533BED}"}},{"type":"Feature","id":317,"geometry":{"type":"Point","coordinates":[189615.88889999967,1883046.7606000006]},"properties":{"OBJECTID":317,"Asset_ID":"GrS367","Name":"Grocery Store\r\n","District_ID":"Salalah al Gharbiyya","Gov_ID":"Dhofar Governorate","Wlyt_ID":"Salalah","Road_ID":"103824","Latitude":17.010670080000001,"Longitude":54.084925859999998,"GlobalID":"{5364B1DD-CD53-4BD1-BBB8-FCAC19255622}"}},{"type":"Feature","id":318,"geometry":{"type":"Point","coordinates":[189593.76900000032,1883023.2101000007]},"properties":{"OBJECTID":318,"Asset_ID":"GrS368","Name":"بيع الفواكة والخضروات الطازجة والتمور","District_ID":"Salalah al Gharbiyya","Gov_ID":"Dhofar Governorate","Wlyt_ID":"Salalah","Road_ID":"103824","Latitude":17.010454500000002,"Longitude":54.084721600000002,"GlobalID":"{25EEC4E7-1529-4AB4-99E7-8630054FE694}"}},{"type":"Feature","id":319,"geometry":{"type":"Point","coordinates":[198266.46200000029,1884256.0899999999]},"properties":{"OBJECTID":319,"Asset_ID":"GrS369","Name":"Groceries","District_ID":"Dahariz al Shamaliyya","Gov_ID":"Dhofar Governorate","Wlyt_ID":"Salalah","Road_ID":"100002","Latitude":17.02273568,"Longitude":54.165932810000001,"GlobalID":"{27148AAF-985D-493F-926B-096C04A7C4DE}"}},{"type":"Feature","id":320,"geometry":{"type":"Point","coordinates":[198228.21999999974,1884236.0611000005]},"properties":{"OBJECTID":320,"Asset_ID":"GrS370","Name":"سوق تجاري","District_ID":"Dahariz al Shamaliyya","Gov_ID":"Dhofar Governorate","Wlyt_ID":"Salalah","Road_ID":"100002","Latitude":17.02254984,"Longitude":54.165576659999999,"GlobalID":"{A9ECC5D1-ABBB-439D-82F2-543E8F7F4ADB}"}},{"type":"Feature","id":321,"geometry":{"type":"Point","coordinates":[198103.13540000003,1884173.0305000003]},"properties":{"OBJECTID":321,"Asset_ID":"GrS371","Name":"سوق تجاري","District_ID":"Dahariz al Shamaliyya","Gov_ID":"Dhofar Governorate","Wlyt_ID":"Salalah","Road_ID":"100002","Latitude":17.021964400000002,"Longitude":54.16441141,"GlobalID":"{C2D370C5-E320-4001-98A8-28B033062C28}"}},{"type":"Feature","id":322,"geometry":{"type":"Point","coordinates":[197828.06830000039,1884027.5003999993]},"properties":{"OBJECTID":322,"Asset_ID":"GrS372","Name":"سوق تجاري","District_ID":"Dahariz al Shamaliyya","Gov_ID":"Dhofar Governorate","Wlyt_ID":"Salalah","Road_ID":"100002","Latitude":17.020614479999999,"Longitude":54.161849949999997,"GlobalID":"{EBE9E22F-5D77-43EA-A83A-47C0E70A8AB4}"}},{"type":"Feature","id":323,"geometry":{"type":"Point","coordinates":[197746.48010000028,1883989.7161999997]},"properties":{"OBJECTID":323,"Asset_ID":"GrS373","Name":"بقالة","District_ID":"Dahariz al Shamaliyya","Gov_ID":"Dhofar Governorate","Wlyt_ID":"Salalah","Road_ID":"100002","Latitude":17.02026266,"Longitude":54.16108947,"GlobalID":"{97B07D81-13A7-4F05-AFDD-DE7DFD546045}"}},{"type":"Feature","id":324,"geometry":{"type":"Point","coordinates":[197322.24089999963,1884023.0059999991]},"properties":{"OBJECTID":324,"Asset_ID":"GrS374","Name":"سوق تجاري","District_ID":"Dahariz al Shamaliyya","Gov_ID":"Dhofar Governorate","Wlyt_ID":"Salalah","Road_ID":"100067","Latitude":17.020507569999999,"Longitude":54.157103829999997,"GlobalID":"{F79A6391-4D3A-40C0-9CA4-4496BF7E591F}"}},{"type":"Feature","id":325,"geometry":{"type":"Point","coordinates":[197337.67100000009,1883995.2807999998]},"properties":{"OBJECTID":325,"Asset_ID":"GrS375","Name":"مواد غذائية وكماليات","District_ID":"Dahariz al Shamaliyya","Gov_ID":"Dhofar Governorate","Wlyt_ID":"Salalah","Road_ID":"100007","Latitude":17.020259289999998,"Longitude":54.157252409999998,"GlobalID":"{52A329FF-3B07-4351-9552-3E9B27C859F5}"}},{"type":"Feature","id":326,"geometry":{"type":"Point","coordinates":[197868.57180000003,1884234.2666999996]},"properties":{"OBJECTID":326,"Asset_ID":"GrS376","Name":"سوق تجاري","District_ID":"Dahariz al Shamaliyya","Gov_ID":"Dhofar Governorate","Wlyt_ID":"Salalah","Road_ID":"100075","Latitude":17.02248655,"Longitude":54.162201889999999,"GlobalID":"{CFB09A4C-F601-4A21-82EA-C9A5B92A87B1}"}},{"type":"Feature","id":327,"geometry":{"type":"Point","coordinates":[197722.43439999968,1884214.9867000002]},"properties":{"OBJECTID":327,"Asset_ID":"GrS377","Name":"سوق تجاري","District_ID":"Dahariz al Shamaliyya","Gov_ID":"Dhofar Governorate","Wlyt_ID":"Salalah","Road_ID":"100076","Latitude":17.02229333,"Longitude":54.16083313,"GlobalID":"{9553AC03-A594-4312-9249-E95C56236E25}"}},{"type":"Feature","id":328,"geometry":{"type":"Point","coordinates":[197675.38650000002,1884209.5570999999]},"properties":{"OBJECTID":328,"Asset_ID":"GrS378","Name":"سوق تجاري","District_ID":"Dahariz al Shamaliyya","Gov_ID":"Dhofar Governorate","Wlyt_ID":"Salalah","Road_ID":"100010","Latitude":17.022238139999999,"Longitude":54.160392360000003,"GlobalID":"{F04847A7-6170-45B0-A0E9-047043B591CD}"}},{"type":"Feature","id":329,"geometry":{"type":"Point","coordinates":[197547.58079999965,1884191.1984999999]},"properties":{"OBJECTID":329,"Asset_ID":"GrS379","Name":"تجارة الفواكة و الخضروات","District_ID":"Dahariz al Shamaliyya","Gov_ID":"Dhofar Governorate","Wlyt_ID":"Salalah","Road_ID":"100010","Latitude":17.022055640000001,"Longitude":54.159195510000004,"GlobalID":"{52E4527C-C80F-4BB6-9BD0-F0BA926F274E}"}},{"type":"Feature","id":330,"geometry":{"type":"Point","coordinates":[197556.83690000046,1884219.4260000009]},"properties":{"OBJECTID":330,"Asset_ID":"GrS380","Name":"تجارة الفواكة و الخضروات","District_ID":"Dahariz al Shamaliyya","Gov_ID":"Dhofar Governorate","Wlyt_ID":"Salalah","Road_ID":"100010","Latitude":17.022311699999999,"Longitude":54.159278530000002,"GlobalID":"{F7A49E9C-846D-4E4A-A264-2E7A32A45885}"}},{"type":"Feature","id":331,"geometry":{"type":"Point","coordinates":[197600.0466,1884224.8139999993]},"properties":{"OBJECTID":331,"Asset_ID":"GrS381","Name":"سوق تجاري","District_ID":"Dahariz al Shamaliyya","Gov_ID":"Dhofar Governorate","Wlyt_ID":"Salalah","Road_ID":"100010","Latitude":17.022366009999999,"Longitude":54.159683280000003,"GlobalID":"{819CFEEF-76D0-46FB-9DBF-723642785178}"}},{"type":"Feature","id":332,"geometry":{"type":"Point","coordinates":[197268.05209999997,1884396.6535999998]},"properties":{"OBJECTID":332,"Asset_ID":"GrS382","Name":"سوق تجاري","District_ID":"Dahariz al Shamaliyya","Gov_ID":"Dhofar Governorate","Wlyt_ID":"Salalah","Road_ID":"100007","Latitude":17.02387388,"Longitude":54.156544340000004,"GlobalID":"{539C6B02-69B6-4EE7-A723-2807D02A8B9B}"}},{"type":"Feature","id":333,"geometry":{"type":"Point","coordinates":[197267.93169999961,1884410.1587000005]},"properties":{"OBJECTID":333,"Asset_ID":"GrS383","Name":"Groceries","District_ID":"Dahariz al Shamaliyya","Gov_ID":"Dhofar Governorate","Wlyt_ID":"Salalah","Road_ID":"100007","Latitude":17.023995790000001,"Longitude":54.156541359999999,"GlobalID":"{ADB6BAF4-8E68-4FB2-8339-5CFFBBF4623F}"}},{"type":"Feature","id":334,"geometry":{"type":"Point","coordinates":[194750.18039999995,1886250.3158]},"properties":{"OBJECTID":334,"Asset_ID":"GrS384","Name":"Grocery store","District_ID":"Jerziz Farm","Gov_ID":"Dhofar Governorate","Wlyt_ID":"Salalah","Road_ID":"100549","Latitude":17.040277069999998,"Longitude":54.132661110000001,"GlobalID":"{C64B36CF-D15D-463D-8364-94AE480A352A}"}},{"type":"Feature","id":335,"geometry":{"type":"Point","coordinates":[194750.18039999995,1886250.3158]},"properties":{"OBJECTID":335,"Asset_ID":"GrS385","Name":"Grocery store","District_ID":"Jerziz Farm","Gov_ID":"Dhofar Governorate","Wlyt_ID":"Salalah","Road_ID":"100549","Latitude":17.040277069999998,"Longitude":54.132661110000001,"GlobalID":"{2BD868F0-BD03-4BBD-AB9C-B3E4A2F40DFE}"}},{"type":"Feature","id":336,"geometry":{"type":"Point","coordinates":[182969.19840000011,1884619.6095000003]},"properties":{"OBJECTID":336,"Asset_ID":"GrS386","Name":"بقالة","District_ID":"Auqad al Shamaliyya","Gov_ID":"Dhofar Governorate","Wlyt_ID":"Salalah","Road_ID":"105660","Latitude":17.023965159999999,"Longitude":54.022337319999998,"GlobalID":"{7022E87A-C951-4E01-B4DE-C362CEB2F653}"}},{"type":"Feature","id":337,"geometry":{"type":"Point","coordinates":[182427.74330000021,1884154.1028000005]},"properties":{"OBJECTID":337,"Asset_ID":"GrS387","Name":"سوق تجاري","District_ID":"Auqad al Shamaliyya","Gov_ID":"Dhofar Governorate","Wlyt_ID":"Salalah","Road_ID":"105879","Latitude":17.019688429999999,"Longitude":54.017323419999997,"GlobalID":"{F5B713D9-BF4A-4C9F-AA2F-3139FFC83CA2}"}},{"type":"Feature","id":338,"geometry":{"type":"Point","coordinates":[180907.20189999975,1882911.7576000001]},"properties":{"OBJECTID":338,"Asset_ID":"GrS388","Name":"مواد غذائية","District_ID":"Auqad al Shamaliyya","Gov_ID":"Dhofar Governorate","Wlyt_ID":"Salalah","Road_ID":"105868","Latitude":17.008263800000002,"Longitude":54.003235050000001,"GlobalID":"{27CF1DBB-F149-4D08-B283-BBCDDE2C6C82}"}},{"type":"Feature","id":339,"geometry":{"type":"Point","coordinates":[181478.76449999958,1881883.1790999994]},"properties":{"OBJECTID":339,"Asset_ID":"GrS389","Name":"أسواق الرصد التجارية","District_ID":"Auqad al Shamaliyya","Gov_ID":"Dhofar Governorate","Wlyt_ID":"Salalah","Road_ID":"105725","Latitude":16.9990576,"Longitude":54.00874503,"GlobalID":"{6C48CC19-7EB1-4087-8A50-6D7FACEE3D01}"}},{"type":"Feature","id":340,"geometry":{"type":"Point","coordinates":[181483.2611999996,1881860.8090000004]},"properties":{"OBJECTID":340,"Asset_ID":"GrS390","Name":"سوق السلامة","District_ID":"Auqad al Shamaliyya","Gov_ID":"Dhofar Governorate","Wlyt_ID":"Salalah","Road_ID":"105725","Latitude":16.998856279999998,"Longitude":54.008790429999998,"GlobalID":"{2B425A92-3179-4352-B91E-0E069F0B95F0}"}},{"type":"Feature","id":341,"geometry":{"type":"Point","coordinates":[181157.72559999954,1883366.3650000002]},"properties":{"OBJECTID":341,"Asset_ID":"GrS391","Name":"بقالة","District_ID":"Auqad al Shamaliyya","Gov_ID":"Dhofar Governorate","Wlyt_ID":"Salalah","Road_ID":"105842","Latitude":17.012402219999998,"Longitude":54.005520240000003,"GlobalID":"{90A9CA8F-07A0-4051-B363-F0BC2162BC2B}"}},{"type":"Feature","id":342,"geometry":{"type":"Point","coordinates":[181102.54090000037,1883309.4869999997]},"properties":{"OBJECTID":342,"Asset_ID":"GrS392","Name":"بقالة","District_ID":"Auqad al Shamaliyya","Gov_ID":"Dhofar Governorate","Wlyt_ID":"Salalah","Road_ID":"105841","Latitude":17.011881150000001,"Longitude":54.005010640000002,"GlobalID":"{3CA6C7FB-C964-47F9-B34E-EE901D2AF33E}"}},{"type":"Feature","id":343,"geometry":{"type":"Point","coordinates":[181103.9561999999,1883302.6126000006]},"properties":{"OBJECTID":343,"Asset_ID":"GrS393","Name":"بيع الخضروات والفواكه","District_ID":"Auqad al Shamaliyya","Gov_ID":"Dhofar Governorate","Wlyt_ID":"Salalah","Road_ID":"105841","Latitude":17.011819289999998,"Longitude":54.005024910000003,"GlobalID":"{8D8F97A8-E166-49A5-A55F-F4B59605BE6D}"}},{"type":"Feature","id":344,"geometry":{"type":"Point","coordinates":[181246.90319999959,1883015.5054000001]},"properties":{"OBJECTID":344,"Asset_ID":"GrS394","Name":"بقالة","District_ID":"Auqad al Shamaliyya","Gov_ID":"Dhofar Governorate","Wlyt_ID":"Salalah","Road_ID":"105838","Latitude":17.00924728,"Longitude":54.006407299999999,"GlobalID":"{347F7537-2DD5-4794-AE18-D06A1FEEAC69}"}},{"type":"Feature","id":345,"geometry":{"type":"Point","coordinates":[181418.21030000038,1882832.1447000001]},"properties":{"OBJECTID":345,"Asset_ID":"GrS395","Name":"سوق تجاري","District_ID":"Auqad al Shamaliyya","Gov_ID":"Dhofar Governorate","Wlyt_ID":"Salalah","Road_ID":"105837","Latitude":17.00761571,"Longitude":54.00804085,"GlobalID":"{5A050504-BD33-44CC-98B8-FA857E1E7E3F}"}},{"type":"Feature","id":346,"geometry":{"type":"Point","coordinates":[181404.54559999984,1882825.1882000007]},"properties":{"OBJECTID":346,"Asset_ID":"GrS396","Name":"الخضار والفواكه","District_ID":"Auqad al Shamaliyya","Gov_ID":"Dhofar Governorate","Wlyt_ID":"Salalah","Road_ID":"105836","Latitude":17.007551029999998,"Longitude":54.007913639999998,"GlobalID":"{D4D4411B-0B2C-4A17-A979-E9C4DE6A1062}"}},{"type":"Feature","id":347,"geometry":{"type":"Point","coordinates":[181399.16249999963,1882821.1302000005]},"properties":{"OBJECTID":347,"Asset_ID":"GrS397","Name":"تجارة الخضار والفواكه الطازجة والتمور","District_ID":"Auqad al Shamaliyya","Gov_ID":"Dhofar Governorate","Wlyt_ID":"Salalah","Road_ID":"105836","Latitude":17.00751365,"Longitude":54.007863720000003,"GlobalID":"{1843C20F-151D-4286-A3A6-BACCA1E4B89B}"}},{"type":"Feature","id":348,"geometry":{"type":"Point","coordinates":[181360.36309999973,1882817.1911999993]},"properties":{"OBJECTID":348,"Asset_ID":"GrS398","Name":"بقالة","District_ID":"Auqad al Shamaliyya","Gov_ID":"Dhofar Governorate","Wlyt_ID":"Salalah","Road_ID":"105836","Latitude":17.007472740000001,"Longitude":54.00750026,"GlobalID":"{47501F38-E92D-4D91-B47C-D92F5E2641A8}"}},{"type":"Feature","id":349,"geometry":{"type":"Point","coordinates":[181216.40689999983,1882774.7235000003]},"properties":{"OBJECTID":349,"Asset_ID":"GrS399","Name":"الخضار والفواكه","District_ID":"Auqad al Shamaliyya","Gov_ID":"Dhofar Governorate","Wlyt_ID":"Salalah","Road_ID":"105725","Latitude":17.0070695,"Longitude":54.006155739999997,"GlobalID":"{E7CC8DE0-1D96-4E63-AE1B-935A2CD63BAF}"}},{"type":"Feature","id":350,"geometry":{"type":"Point","coordinates":[181270.19280000031,1882829.9345999993]},"properties":{"OBJECTID":350,"Asset_ID":"GrS400","Name":"بقالة","District_ID":"Auqad al Shamaliyya","Gov_ID":"Dhofar Governorate","Wlyt_ID":"Salalah","Road_ID":"105917","Latitude":17.007575330000002,"Longitude":54.006652440000003,"GlobalID":"{09FD88EE-BDB5-43A5-9644-00C7E96805F5}"}},{"type":"Feature","id":351,"geometry":{"type":"Point","coordinates":[181204.5856999997,1882795.6361999996]},"properties":{"OBJECTID":351,"Asset_ID":"GrS401","Name":"بقالة","District_ID":"Auqad al Shamaliyya","Gov_ID":"Dhofar Governorate","Wlyt_ID":"Salalah","Road_ID":"105725","Latitude":17.007256649999999,"Longitude":54.006041830000001,"GlobalID":"{83D0EDBA-D439-427A-8434-A3503FB524DC}"}},{"type":"Feature","id":352,"geometry":{"type":"Point","coordinates":[181727.58420000039,1883159.0112999994]},"properties":{"OBJECTID":352,"Asset_ID":"GrS402","Name":"سوق تجاري","District_ID":"Auqad al Shamaliyya","Gov_ID":"Dhofar Governorate","Wlyt_ID":"Salalah","Road_ID":"105907","Latitude":17.010609070000001,"Longitude":54.010896610000003,"GlobalID":"{89973243-AA59-4DED-846A-DD36E1D2B712}"}},{"type":"Feature","id":353,"geometry":{"type":"Point","coordinates":[181702.84979999997,1883136.0436000004]},"properties":{"OBJECTID":353,"Asset_ID":"GrS403","Name":"بيع بالجملة المواد الغذائية","District_ID":"Auqad al Shamaliyya","Gov_ID":"Dhofar Governorate","Wlyt_ID":"Salalah","Road_ID":"105907","Latitude":17.01039832,"Longitude":54.010667840000004,"GlobalID":"{099991AF-1748-4F0D-A4D7-376A8F20C08F}"}},{"type":"Feature","id":354,"geometry":{"type":"Point","coordinates":[181712.35580000002,1883122.0225000009]},"properties":{"OBJECTID":354,"Asset_ID":"GrS404","Name":"بيع منجات التبغ","District_ID":"Auqad al Shamaliyya","Gov_ID":"Dhofar Governorate","Wlyt_ID":"Salalah","Road_ID":"105907","Latitude":17.010273059999999,"Longitude":54.010759030000003,"GlobalID":"{5AED8FE9-1646-4834-8A11-FDEABA007455}"}},{"type":"Feature","id":355,"geometry":{"type":"Point","coordinates":[181777.2416000003,1883066.1040000003]},"properties":{"OBJECTID":355,"Asset_ID":"GrS405","Name":"سوق التقى الحديث التجاري","District_ID":"Auqad al Shamaliyya","Gov_ID":"Dhofar Governorate","Wlyt_ID":"Salalah","Road_ID":"105907","Latitude":17.00977722,"Longitude":54.011375829999999,"GlobalID":"{10A3AF68-2F4A-4918-8F76-DDB77ABB9807}"}},{"type":"Feature","id":356,"geometry":{"type":"Point","coordinates":[181766.68819999974,1883048.7663000003]},"properties":{"OBJECTID":356,"Asset_ID":"GrS406","Name":"بيع الخضروات والفواكه","District_ID":"Auqad al Shamaliyya","Gov_ID":"Dhofar Governorate","Wlyt_ID":"Salalah","Road_ID":"105819","Latitude":17.009619260000001,"Longitude":54.011279299999998,"GlobalID":"{59D9B03A-1AD3-4D09-924D-2ABB7179EAC0}"}},{"type":"Feature","id":357,"geometry":{"type":"Point","coordinates":[181749.01889999956,1883172.9041000009]},"properties":{"OBJECTID":357,"Asset_ID":"GrS407","Name":"مواد غذائية","District_ID":"Auqad al Shamaliyya","Gov_ID":"Dhofar Governorate","Wlyt_ID":"Salalah","Road_ID":"105844","Latitude":17.01073744,"Longitude":54.011095730000001,"GlobalID":"{18960725-160C-4FB8-AD2F-D7CB58B8703A}"}},{"type":"Feature","id":358,"geometry":{"type":"Point","coordinates":[181558.16679999977,1882441.4155999999]},"properties":{"OBJECTID":358,"Asset_ID":"GrS408","Name":"بقالة","District_ID":"Auqad al Shamaliyya","Gov_ID":"Dhofar Governorate","Wlyt_ID":"Salalah","Road_ID":"105833","Latitude":17.00410785,"Longitude":54.009409959999999,"GlobalID":"{4E2D6DAF-8504-44F7-BFEB-604E1A951C0F}"}},{"type":"Feature","id":359,"geometry":{"type":"Point","coordinates":[181721.37119999994,1882774.7329999991]},"properties":{"OBJECTID":359,"Asset_ID":"GrS409","Name":"الخضار والفواكه","District_ID":"Auqad al Shamaliyya","Gov_ID":"Dhofar Governorate","Wlyt_ID":"Salalah","Road_ID":"105830","Latitude":17.007139259999999,"Longitude":54.01089339,"GlobalID":"{0662CA58-8680-4FAB-AF22-A3B8ED87107F}"}},{"type":"Feature","id":360,"geometry":{"type":"Point","coordinates":[181753.81630000006,1882762.5292000007]},"properties":{"OBJECTID":360,"Asset_ID":"GrS410","Name":"بقالة","District_ID":"Auqad al Shamaliyya","Gov_ID":"Dhofar Governorate","Wlyt_ID":"Salalah","Road_ID":"105830","Latitude":17.007033570000001,"Longitude":54.01119954,"GlobalID":"{CE15ECF0-1B28-46AF-B843-67CC0B5389CA}"}},{"type":"Feature","id":361,"geometry":{"type":"Point","coordinates":[181771.8618999999,1881998.9285000004]},"properties":{"OBJECTID":361,"Asset_ID":"GrS411","Name":"بقالة","District_ID":"Auqad al Shamaliyya","Gov_ID":"Dhofar Governorate","Wlyt_ID":"Salalah","Road_ID":"105761","Latitude":17.0001429,"Longitude":54.011478230000002,"GlobalID":"{1B721103-13EE-421D-A672-E466DEE1C8FD}"}},{"type":"Feature","id":362,"geometry":{"type":"Point","coordinates":[181573.0820000004,1883587.8431000002]},"properties":{"OBJECTID":362,"Asset_ID":"GrS412","Name":"بقالة","District_ID":"Auqad al Shamaliyya","Gov_ID":"Dhofar Governorate","Wlyt_ID":"Salalah","Road_ID":"105851","Latitude":17.01445889,"Longitude":54.009385520000002,"GlobalID":"{A6DEDA07-4566-432F-B752-09E67E3E055B}"}},{"type":"Feature","id":363,"geometry":{"type":"Point","coordinates":[181794.35979999974,1883382.7324999999]},"properties":{"OBJECTID":363,"Asset_ID":"GrS413","Name":"بقالة","District_ID":"Auqad al Shamaliyya","Gov_ID":"Dhofar Governorate","Wlyt_ID":"Salalah","Road_ID":"105848","Latitude":17.012637850000001,"Longitude":54.011491059999997,"GlobalID":"{71908B3B-E0E6-4C9A-B072-BE9B957187F5}"}},{"type":"Feature","id":364,"geometry":{"type":"Point","coordinates":[181821.29980000015,1883380.4208000004]},"properties":{"OBJECTID":364,"Asset_ID":"GrS414","Name":"سوق تجاري","District_ID":"Auqad al Shamaliyya","Gov_ID":"Dhofar Governorate","Wlyt_ID":"Salalah","Road_ID":"105848","Latitude":17.012620689999999,"Longitude":54.011744159999999,"GlobalID":"{91B2DC59-9330-45BE-BAB5-CB31FD26F762}"}},{"type":"Feature","id":365,"geometry":{"type":"Point","coordinates":[182389.1381000001,1882888.0623000003]},"properties":{"OBJECTID":365,"Asset_ID":"GrS415","Name":"مواد غذائية","District_ID":"Auqad al Shamaliyya","Gov_ID":"Dhofar Governorate","Wlyt_ID":"Salalah","Road_ID":"105797","Latitude":17.00825429,"Longitude":54.017142309999997,"GlobalID":"{3E380177-3E23-44C6-8389-B5E3C7C08556}"}},{"type":"Feature","id":366,"geometry":{"type":"Point","coordinates":[182386.24390000012,1882889.3205999993]},"properties":{"OBJECTID":366,"Asset_ID":"GrS416","Name":"مواد غذائية","District_ID":"Auqad al Shamaliyya","Gov_ID":"Dhofar Governorate","Wlyt_ID":"Salalah","Road_ID":"105797","Latitude":17.008265250000001,"Longitude":54.017114980000002,"GlobalID":"{371630B2-5EF8-447A-AF6B-A2852006B32B}"}},{"type":"Feature","id":367,"geometry":{"type":"Point","coordinates":[182362.38740000036,1882853.4337000009]},"properties":{"OBJECTID":367,"Asset_ID":"GrS417","Name":"بيع الخضروات والفواكه","District_ID":"Auqad al Shamaliyya","Gov_ID":"Dhofar Governorate","Wlyt_ID":"Salalah","Road_ID":"105796","Latitude":17.007937999999999,"Longitude":54.016896279999997,"GlobalID":"{479B0AF1-1875-425C-A491-E5C81E4E3332}"}},{"type":"Feature","id":368,"geometry":{"type":"Point","coordinates":[182433.66440000013,1883288.4232999999]},"properties":{"OBJECTID":368,"Asset_ID":"GrS418","Name":"محلات البقالة","District_ID":"Auqad al Shamaliyya","Gov_ID":"Dhofar Governorate","Wlyt_ID":"Salalah","Road_ID":"105818","Latitude":17.011874559999999,"Longitude":54.017502819999997,"GlobalID":"{0004F099-D4AD-4849-948F-E51919C350E8}"}},{"type":"Feature","id":369,"geometry":{"type":"Point","coordinates":[182452.56979999971,1883267.6008000001]},"properties":{"OBJECTID":369,"Asset_ID":"GrS419","Name":"بيع الخضار والفواكه","District_ID":"Auqad al Shamaliyya","Gov_ID":"Dhofar Governorate","Wlyt_ID":"Salalah","Road_ID":"105777","Latitude":17.011689189999998,"Longitude":54.017683179999999,"GlobalID":"{9E72112D-241E-4D1F-87BE-AD9AD81D11D0}"}},{"type":"Feature","id":370,"geometry":{"type":"Point","coordinates":[182456.3200000003,1883263.8506000005]},"properties":{"OBJECTID":370,"Asset_ID":"GrS420","Name":"سوق تجاري","District_ID":"Auqad al Shamaliyya","Gov_ID":"Dhofar Governorate","Wlyt_ID":"Salalah","Road_ID":"105777","Latitude":17.011655860000001,"Longitude":54.017718899999998,"GlobalID":"{104E8D34-2DC2-4ABF-8385-270398A02F27}"}},{"type":"Feature","id":371,"geometry":{"type":"Point","coordinates":[182441.12909999955,1883307.9831000008]},"properties":{"OBJECTID":371,"Asset_ID":"GrS421","Name":"بقالة","District_ID":"Auqad al Shamaliyya","Gov_ID":"Dhofar Governorate","Wlyt_ID":"Salalah","Road_ID":"105818","Latitude":17.01205216,"Longitude":54.017570059999997,"GlobalID":"{942AA94F-CDA0-48BC-97DF-F74F27AE1686}"}},{"type":"Feature","id":372,"geometry":{"type":"Point","coordinates":[182492.33210000023,1883360.6261999998]},"properties":{"OBJECTID":372,"Asset_ID":"GrS422","Name":"يقالة","District_ID":"Auqad al Shamaliyya","Gov_ID":"Dhofar Governorate","Wlyt_ID":"Salalah","Road_ID":"105804","Latitude":17.012534429999999,"Longitude":54.018042940000001,"GlobalID":"{51586D8C-41C0-4FB5-B055-CB94F6DE376C}"}},{"type":"Feature","id":373,"geometry":{"type":"Point","coordinates":[182462.25030000042,1883329.7444000002]},"properties":{"OBJECTID":373,"Asset_ID":"GrS423","Name":"بيع الخضروات والفواكه","District_ID":"Auqad al Shamaliyya","Gov_ID":"Dhofar Governorate","Wlyt_ID":"Salalah","Road_ID":"105818","Latitude":17.012251509999999,"Longitude":54.01776512,"GlobalID":"{75DC2B80-5100-4E65-A1A5-BEB43220A94C}"}},{"type":"Feature","id":374,"geometry":{"type":"Point","coordinates":[182475.32110000029,1883311.8533999994]},"properties":{"OBJECTID":374,"Asset_ID":"GrS424","Name":"سوق تجاري","District_ID":"Auqad al Shamaliyya","Gov_ID":"Dhofar Governorate","Wlyt_ID":"Salalah","Road_ID":"105786","Latitude":17.0120918,"Longitude":54.017890309999999,"GlobalID":"{6C1B043E-D39B-4CE3-987C-B5D41E993EFA}"}},{"type":"Feature","id":375,"geometry":{"type":"Point","coordinates":[182518.07359999977,1883356.6059000008]},"properties":{"OBJECTID":375,"Asset_ID":"GrS425","Name":"سوق تجاري","District_ID":"Auqad al Shamaliyya","Gov_ID":"Dhofar Governorate","Wlyt_ID":"Salalah","Road_ID":"105804","Latitude":17.01250168,"Longitude":54.018285040000002,"GlobalID":"{9581CE73-2C89-48BE-A8AF-22030E2516B5}"}},{"type":"Feature","id":376,"geometry":{"type":"Point","coordinates":[182526.07400000002,1883351.1055999994]},"properties":{"OBJECTID":376,"Asset_ID":"GrS426","Name":"الخضروات والفواكه والتمور","District_ID":"Auqad al Shamaliyya","Gov_ID":"Dhofar Governorate","Wlyt_ID":"Salalah","Road_ID":"105786","Latitude":17.01245312,"Longitude":54.018360889999997,"GlobalID":"{3AE16CCA-5884-42C5-A268-57CB786AA387}"}},{"type":"Feature","id":377,"geometry":{"type":"Point","coordinates":[182595.53809999954,1883103.6513]},"properties":{"OBJECTID":377,"Asset_ID":"GrS427","Name":"لوازم التدخين","District_ID":"Auqad al Shamaliyya","Gov_ID":"Dhofar Governorate","Wlyt_ID":"Salalah","Road_ID":"105777","Latitude":17.010228850000001,"Longitude":54.019048009999999,"GlobalID":"{BA23CAD9-95D7-4F22-A032-954D04EF06C2}"}},{"type":"Feature","id":378,"geometry":{"type":"Point","coordinates":[182591.0577999996,1883109.4115999993]},"properties":{"OBJECTID":378,"Asset_ID":"GrS428","Name":"سوق تجاري","District_ID":"Auqad al Shamaliyya","Gov_ID":"Dhofar Governorate","Wlyt_ID":"Salalah","Road_ID":"105777","Latitude":17.010280229999999,"Longitude":54.019005149999998,"GlobalID":"{2EADA479-9528-4FEA-9EDE-798EE3BC2BE2}"}},{"type":"Feature","id":379,"geometry":{"type":"Point","coordinates":[182799.26169999968,1882812.1994000003]},"properties":{"OBJECTID":379,"Asset_ID":"GrS429","Name":"سوق تجاري","District_ID":"Auqad al Shamaliyya","Gov_ID":"Dhofar Governorate","Wlyt_ID":"Salalah","Road_ID":"105730","Latitude":17.00762585,"Longitude":54.021001050000002,"GlobalID":"{C5194C0E-6826-4FCF-8A9D-3A1B2BE49ED8}"}},{"type":"Feature","id":380,"geometry":{"type":"Point","coordinates":[182854.34310000017,1882910.3300999999]},"properties":{"OBJECTID":380,"Asset_ID":"GrS430","Name":"سوق تجاري","District_ID":"Auqad al Shamaliyya","Gov_ID":"Dhofar Governorate","Wlyt_ID":"Salalah","Road_ID":"105730","Latitude":17.008519270000001,"Longitude":54.02150383,"GlobalID":"{5473DCF3-B512-4569-93F2-0B76A0ACFF93}"}},{"type":"Feature","id":381,"geometry":{"type":"Point","coordinates":[182920.03689999972,1882942.682]},"properties":{"OBJECTID":381,"Asset_ID":"GrS431","Name":"الخضروات والفواكه","District_ID":"Auqad al Shamaliyya","Gov_ID":"Dhofar Governorate","Wlyt_ID":"Salalah","Road_ID":"105730","Latitude":17.00882034,"Longitude":54.022115569999997,"GlobalID":"{95D67A7A-ECAE-4273-BA83-C1F42D2099FD}"}},{"type":"Feature","id":382,"geometry":{"type":"Point","coordinates":[182740.35539999977,1882913.3369999994]},"properties":{"OBJECTID":382,"Asset_ID":"GrS432","Name":"بيع منتجات التبغ","District_ID":"Auqad al Shamaliyya","Gov_ID":"Dhofar Governorate","Wlyt_ID":"Salalah","Road_ID":"105777","Latitude":17.008530749999998,"Longitude":54.020433930000003,"GlobalID":"{56B5F067-AB2E-4796-8F5E-15488EEE4DED}"}},{"type":"Feature","id":383,"geometry":{"type":"Point","coordinates":[182756.63109999988,1882902.6539999992]},"properties":{"OBJECTID":383,"Asset_ID":"GrS433","Name":"سوق تجاري","District_ID":"Auqad al Shamaliyya","Gov_ID":"Dhofar Governorate","Wlyt_ID":"Salalah","Road_ID":"105777","Latitude":17.008436540000002,"Longitude":54.020588160000003,"GlobalID":"{E146B904-F660-4D5B-826D-F47DF9337C47}"}},{"type":"Feature","id":384,"geometry":{"type":"Point","coordinates":[182784.93560000043,1882980.0207000002]},"properties":{"OBJECTID":384,"Asset_ID":"GrS434","Name":"بيع لوازم التدخين","District_ID":"Auqad al Shamaliyya","Gov_ID":"Dhofar Governorate","Wlyt_ID":"Salalah","Road_ID":"105791","Latitude":17.009138839999999,"Longitude":54.02084267,"GlobalID":"{49F0872C-4C3D-4544-ACF1-0511DF718484}"}},{"type":"Feature","id":385,"geometry":{"type":"Point","coordinates":[182755.9029000001,1882995.6272999998]},"properties":{"OBJECTID":385,"Asset_ID":"GrS435","Name":"بيع منتجات التبغ","District_ID":"Auqad al Shamaliyya","Gov_ID":"Dhofar Governorate","Wlyt_ID":"Salalah","Road_ID":"105801","Latitude":17.00927574,"Longitude":54.020568050000001,"GlobalID":"{F4D94821-8BF4-4DC2-B89F-C7F652C7629E}"}},{"type":"Feature","id":386,"geometry":{"type":"Point","coordinates":[182752.56769999955,1882996.3467999995]},"properties":{"OBJECTID":386,"Asset_ID":"GrS436","Name":"بيع منجات التبغ","District_ID":"Auqad al Shamaliyya","Gov_ID":"Dhofar Governorate","Wlyt_ID":"Salalah","Road_ID":"105801","Latitude":17.009281770000001,"Longitude":54.020536649999997,"GlobalID":"{688BEB2D-A6E0-40CB-BE6F-74CDF55C1B14}"}},{"type":"Feature","id":387,"geometry":{"type":"Point","coordinates":[182750.58690000046,1882995.2982000001]},"properties":{"OBJECTID":387,"Asset_ID":"GrS437","Name":"بيع منجات التبغ","District_ID":"Auqad al Shamaliyya","Gov_ID":"Dhofar Governorate","Wlyt_ID":"Salalah","Road_ID":"105801","Latitude":17.009272039999999,"Longitude":54.02051822,"GlobalID":"{088BC8D4-D5A5-4DC4-BD14-F4FFF4E0A53A}"}},{"type":"Feature","id":388,"geometry":{"type":"Point","coordinates":[182893.86649999954,1882983.6798999999]},"properties":{"OBJECTID":388,"Asset_ID":"GrS438","Name":"سوق تجاري","District_ID":"Auqad al Shamaliyya","Gov_ID":"Dhofar Governorate","Wlyt_ID":"Salalah","Road_ID":"105800","Latitude":17.009186840000002,"Longitude":54.021864180000001,"GlobalID":"{45E83664-1009-4337-8AC1-8C113AB4DD74}"}},{"type":"Feature","id":389,"geometry":{"type":"Point","coordinates":[182855.77680000011,1882964.8830999993]},"properties":{"OBJECTID":389,"Asset_ID":"GrS439","Name":"مواد غذائية","District_ID":"Auqad al Shamaliyya","Gov_ID":"Dhofar Governorate","Wlyt_ID":"Salalah","Road_ID":"105800","Latitude":17.00901193,"Longitude":54.02150949,"GlobalID":"{21E6C745-309A-4AFF-A61A-2AD27B01CEC2}"}},{"type":"Feature","id":390,"geometry":{"type":"Point","coordinates":[182834.59439999983,1883006.4835999999]},"properties":{"OBJECTID":390,"Asset_ID":"GrS440","Name":"بقالة","District_ID":"Auqad al Shamaliyya","Gov_ID":"Dhofar Governorate","Wlyt_ID":"Salalah","Road_ID":"105926","Latitude":17.009384560000001,"Longitude":54.021304809999997,"GlobalID":"{DC2305F0-3D07-4D57-8387-74CA33886457}"}},{"type":"Feature","id":391,"geometry":{"type":"Point","coordinates":[182789.61950000003,1883010.5616999995]},"properties":{"OBJECTID":391,"Asset_ID":"GrS441","Name":"بقالة","District_ID":"Auqad al Shamaliyya","Gov_ID":"Dhofar Governorate","Wlyt_ID":"Salalah","Road_ID":"105926","Latitude":17.009415189999999,"Longitude":54.02088226,"GlobalID":"{1DA8FED8-547B-475B-931A-F5F3F85C6CC3}"}},{"type":"Feature","id":392,"geometry":{"type":"Point","coordinates":[183113.7648,1883039.2244000006]},"properties":{"OBJECTID":392,"Asset_ID":"GrS442","Name":"سوق تجاري","District_ID":"Auqad al Shamaliyya","Gov_ID":"Dhofar Governorate","Wlyt_ID":"Salalah","Road_ID":"105730","Latitude":17.009718459999998,"Longitude":54.023919419999999,"GlobalID":"{EE0529DD-74C6-4DA4-9177-A0BFFB826D56}"}},{"type":"Feature","id":393,"geometry":{"type":"Point","coordinates":[183025.8563000001,1882996.1962000001]},"properties":{"OBJECTID":393,"Asset_ID":"GrS443","Name":"خضار وفواكه","District_ID":"Auqad al Shamaliyya","Gov_ID":"Dhofar Governorate","Wlyt_ID":"Salalah","Road_ID":"105730","Latitude":17.009317960000001,"Longitude":54.023100769999999,"GlobalID":"{B4EBE894-CFFF-48A7-86A1-BD6E51935C10}"}},{"type":"Feature","id":394,"geometry":{"type":"Point","coordinates":[183021.02049999963,1882993.0670999996]},"properties":{"OBJECTID":394,"Asset_ID":"GrS444","Name":"مركز تجاري","District_ID":"Auqad al Shamaliyya","Gov_ID":"Dhofar Governorate","Wlyt_ID":"Salalah","Road_ID":"105899","Latitude":17.00928905,"Longitude":54.023055849999999,"GlobalID":"{E15CDB99-7B9B-44F2-A5A6-0D7253A95746}"}},{"type":"Feature","id":395,"geometry":{"type":"Point","coordinates":[182474.21289999969,1883507.3825000003]},"properties":{"OBJECTID":395,"Asset_ID":"GrS445","Name":"مواد غذائية","District_ID":"Auqad al Shamaliyya","Gov_ID":"Dhofar Governorate","Wlyt_ID":"Salalah","Road_ID":"105805","Latitude":17.013856740000001,"Longitude":54.017851950000001,"GlobalID":"{56A03BF2-F218-4C03-9F74-9B76D280D510}"}},{"type":"Feature","id":396,"geometry":{"type":"Point","coordinates":[183935.61919999961,1882136.9308000002]},"properties":{"OBJECTID":396,"Asset_ID":"GrS446","Name":"سوق تجاري","District_ID":"Auqad al Shamaliyya","Gov_ID":"Dhofar Governorate","Wlyt_ID":"Salalah","Road_ID":"105566","Latitude":17.00168583,"Longitude":54.03175882,"GlobalID":"{712184CF-6E71-4B41-B7BF-7A0123B4E275}"}},{"type":"Feature","id":397,"geometry":{"type":"Point","coordinates":[183699.67599999998,1882233.784]},"properties":{"OBJECTID":397,"Asset_ID":"GrS447","Name":"سوق تجاري","District_ID":"Auqad al Shamaliyya","Gov_ID":"Dhofar Governorate","Wlyt_ID":"Salalah","Road_ID":"105578","Latitude":17.00252785,"Longitude":54.029531400000003,"GlobalID":"{F284027E-2A2F-4077-9ED6-9168ABCBF4EE}"}},{"type":"Feature","id":398,"geometry":{"type":"Point","coordinates":[183770.85500000045,1882990.2799999993]},"properties":{"OBJECTID":398,"Asset_ID":"GrS448","Name":"بقالة","District_ID":"Auqad al Shamaliyya","Gov_ID":"Dhofar Governorate","Wlyt_ID":"Salalah","Road_ID":"105596","Latitude":17.009366740000001,"Longitude":54.030091509999998,"GlobalID":"{317F71B7-EAB3-442D-B144-34885CEAA571}"}},{"type":"Feature","id":399,"geometry":{"type":"Point","coordinates":[183753.89599999972,1882984.8585999999]},"properties":{"OBJECTID":399,"Asset_ID":"GrS449","Name":"سوق تجاري","District_ID":"Auqad al Shamaliyya","Gov_ID":"Dhofar Governorate","Wlyt_ID":"Salalah","Road_ID":"105596","Latitude":17.009315480000001,"Longitude":54.029933159999999,"GlobalID":"{E608B232-7074-4C0A-9F9E-783EA5553152}"}},{"type":"Feature","id":400,"geometry":{"type":"Point","coordinates":[183898.57789999992,1883187.3176000006]},"properties":{"OBJECTID":400,"Asset_ID":"GrS450","Name":"سوق تجاري","District_ID":"Auqad al Shamaliyya","Gov_ID":"Dhofar Governorate","Wlyt_ID":"Salalah","Road_ID":"105594","Latitude":17.011162970000001,"Longitude":54.031261819999997,"GlobalID":"{EA32BCC9-D40D-4325-B887-7359BDCEA558}"}},{"type":"Feature","id":401,"geometry":{"type":"Point","coordinates":[183330.66189999972,1883540.1062000003]},"properties":{"OBJECTID":401,"Asset_ID":"GrS451","Name":"بقالة","District_ID":"Auqad al Shamaliyya","Gov_ID":"Dhofar Governorate","Wlyt_ID":"Salalah","Road_ID":"105708","Latitude":17.014269840000001,"Longitude":54.025883010000001,"GlobalID":"{90F02EC9-8D96-433D-B5F0-D40FDAA59B68}"}},{"type":"Feature","id":402,"geometry":{"type":"Point","coordinates":[183561.74509999994,1884115.2609999999]},"properties":{"OBJECTID":402,"Asset_ID":"GrS452","Name":"بقالة","District_ID":"Auqad al Shamaliyya","Gov_ID":"Dhofar Governorate","Wlyt_ID":"Salalah","Road_ID":"105638","Latitude":17.01949364,"Longitude":54.02796919,"GlobalID":"{AFDB3B1B-2FD9-4014-9A75-7B32237CD21C}"}},{"type":"Feature","id":403,"geometry":{"type":"Point","coordinates":[183065.29279999994,1884260.6339999996]},"properties":{"OBJECTID":403,"Asset_ID":"GrS453","Name":"بقالة","District_ID":"Auqad al Shamaliyya","Gov_ID":"Dhofar Governorate","Wlyt_ID":"Salalah","Road_ID":"105717","Latitude":17.020737799999999,"Longitude":54.023290260000003,"GlobalID":"{327EE0A4-C8BC-4268-BE59-1CAC64160D7A}"}},{"type":"Feature","id":404,"geometry":{"type":"Point","coordinates":[197338.02819999959,1891045.0450999998]},"properties":{"OBJECTID":404,"Asset_ID":"GrS454","Name":"البهجة الدائمة هايبرماركت\n","District_ID":"al Sada al Shamaliyya","Gov_ID":"Dhofar Governorate","Wlyt_ID":"Salalah","Road_ID":"100003","Latitude":17.083906809999998,"Longitude":54.156292120000003,"GlobalID":"{CFBBB066-A36B-4664-B4DF-623C7D3DBF65}"}},{"type":"Feature","id":405,"geometry":{"type":"Point","coordinates":[197700.19900000002,1890357.4162000008]},"properties":{"OBJECTID":405,"Asset_ID":"GrS455","Name":"faza al janoob بقالة\n","District_ID":"al Sada al Shamaliyya","Gov_ID":"Dhofar Governorate","Wlyt_ID":"Salalah","Road_ID":"102471","Latitude":17.07774637,"Longitude":54.159785970000001,"GlobalID":"{1FD75E80-A8AC-4916-84E8-0E3BD482EC43}"}},{"type":"Feature","id":406,"geometry":{"type":"Point","coordinates":[197657.89989999961,1890335.2673000004]},"properties":{"OBJECTID":406,"Asset_ID":"GrS456","Name":"بيع الخضار والفواكه\n","District_ID":"al Sada al Shamaliyya","Gov_ID":"Dhofar Governorate","Wlyt_ID":"Salalah","Road_ID":"102471","Latitude":17.07754083,"Longitude":54.159391939999999,"GlobalID":"{C5A788EC-C18E-4F79-92EE-FA84D4997630}"}},{"type":"Feature","id":407,"geometry":{"type":"Point","coordinates":[197707.53969999962,1890357.5643000007]},"properties":{"OBJECTID":407,"Asset_ID":"GrS457","Name":"بقالة","District_ID":"al Sada al Shamaliyya","Gov_ID":"Dhofar Governorate","Wlyt_ID":"Salalah","Road_ID":"102471","Latitude":17.077748669999998,"Longitude":54.159854860000003,"GlobalID":"{4064265B-43DD-4753-946F-78A155A3AA07}"}},{"type":"Feature","id":408,"geometry":{"type":"Point","coordinates":[197663.99700000044,1890352.4651999995]},"properties":{"OBJECTID":408,"Asset_ID":"GrS458","Name":"سوق الرصيد التجاري","District_ID":"al Sada al Shamaliyya","Gov_ID":"Dhofar Governorate","Wlyt_ID":"Salalah","Road_ID":"102472","Latitude":17.07769691,"Longitude":54.159446819999999,"GlobalID":"{F7863A18-A5B6-4AE2-BD05-843FBF07375F}"}},{"type":"Feature","id":409,"geometry":{"type":"Point","coordinates":[197672.97649999987,1890379.3685999997]},"properties":{"OBJECTID":409,"Asset_ID":"GrS459","Name":"محلات البقالة","District_ID":"al Sada al Shamaliyya","Gov_ID":"Dhofar Governorate","Wlyt_ID":"Salalah","Road_ID":"102472","Latitude":17.077940980000001,"Longitude":54.159527429999997,"GlobalID":"{D9F2011B-6AFE-4657-88A9-74E1C277335B}"}},{"type":"Feature","id":410,"geometry":{"type":"Point","coordinates":[197673.80009999964,1890399.3455999997]},"properties":{"OBJECTID":410,"Asset_ID":"GrS460","Name":"بقالة","District_ID":"al Sada al Shamaliyya","Gov_ID":"Dhofar Governorate","Wlyt_ID":"Salalah","Road_ID":"102647","Latitude":17.078121450000001,"Longitude":54.159532429999999,"GlobalID":"{3E64637D-1A65-4114-838C-33A924877159}"}},{"type":"Feature","id":411,"geometry":{"type":"Point","coordinates":[196978.27290000021,1892344.1163999997]},"properties":{"OBJECTID":411,"Asset_ID":"GrS461","Name":"بقالة","District_ID":"al Sada al Shamaliyya","Gov_ID":"Dhofar Governorate","Wlyt_ID":"Salalah","Road_ID":"102654","Latitude":17.095587720000001,"Longitude":54.152736789999999,"GlobalID":"{EEE5AD08-BD08-4B17-9816-27EB295AD33E}"}},{"type":"Feature","id":412,"geometry":{"type":"Point","coordinates":[197163.25219999999,1891609.6618000008]},"properties":{"OBJECTID":412,"Asset_ID":"GrS462","Name":"بقالة","District_ID":"al Sada al Shamaliyya","Gov_ID":"Dhofar Governorate","Wlyt_ID":"Salalah","Road_ID":"102572","Latitude":17.088981279999999,"Longitude":54.154574060000002,"GlobalID":"{D1D82F56-A111-4D68-9DB4-7242457CCA1F}"}},{"type":"Feature","id":413,"geometry":{"type":"Point","coordinates":[200155.93120000046,1892188.7668999992]},"properties":{"OBJECTID":413,"Asset_ID":"GrS470","Name":"سوق تجاري","District_ID":"Sahalnout al Shamaliyya","Gov_ID":"Dhofar Governorate","Wlyt_ID":"Salalah","Road_ID":"102703","Latitude":17.09460241,"Longitude":54.182589489999998,"GlobalID":"{B5006DF5-F0DA-4B54-9022-5A894F752CF1}"}},{"type":"Feature","id":414,"geometry":{"type":"Point","coordinates":[198629.82060000021,1892206.8364000004]},"properties":{"OBJECTID":414,"Asset_ID":"GrS471","Name":"سوق تجاري","District_ID":"Sahalnout al Shamaliyya","Gov_ID":"Dhofar Governorate","Wlyt_ID":"Salalah","Road_ID":"102748","Latitude":17.094565719999999,"Longitude":54.168260019999998,"GlobalID":"{A4099418-3085-469B-9270-1631E91CC4E1}"}},{"type":"Feature","id":415,"geometry":{"type":"Point","coordinates":[198805.49459999986,1891903.2029999997]},"properties":{"OBJECTID":415,"Asset_ID":"GrS472","Name":"سوق تجاري","District_ID":"Sahalnout al Shamaliyya","Gov_ID":"Dhofar Governorate","Wlyt_ID":"Salalah","Road_ID":"102914","Latitude":17.091847449999999,"Longitude":54.169950640000003,"GlobalID":"{DF2FB8C7-B79B-4F22-9968-AC9A7A99D00A}"}},{"type":"Feature","id":416,"geometry":{"type":"Point","coordinates":[198786.79719999991,1892254.6382999998]},"properties":{"OBJECTID":416,"Asset_ID":"GrS473","Name":"سوق تجاري","District_ID":"Sahalnout al Shamaliyya","Gov_ID":"Dhofar Governorate","Wlyt_ID":"Salalah","Road_ID":"102915","Latitude":17.095017890000001,"Longitude":54.169727170000002,"GlobalID":"{447029E7-BE5E-4F6D-B109-21F2A0AFB988}"}},{"type":"Feature","id":417,"geometry":{"type":"Point","coordinates":[200789.85209999979,1892683.9487999994]},"properties":{"OBJECTID":417,"Asset_ID":"GrS480","Name":"سوق تجاري","District_ID":"Sahalnout al Shamaliyya","Gov_ID":"Dhofar Governorate","Wlyt_ID":"Salalah","Road_ID":"102883","Latitude":17.099155880000001,"Longitude":54.188473620000003,"GlobalID":"{20EF13C7-6610-4DEE-B176-AD79883C88C5}"}},{"type":"Feature","id":418,"geometry":{"type":"Point","coordinates":[197739.66660000011,1891173.2686999999]},"properties":{"OBJECTID":418,"Asset_ID":"GrS481","Name":"سوق شروق الشمس التجاري","District_ID":"al Sada al Shamaliyya","Gov_ID":"Dhofar Governorate","Wlyt_ID":"Salalah","Road_ID":"102559","Latitude":17.085117329999999,"Longitude":54.160044859999999,"GlobalID":"{E89072C7-3493-4F8F-A92A-140E815B47AB}"}},{"type":"Feature","id":419,"geometry":{"type":"Point","coordinates":[197790.65479999967,1891203.0333999991]},"properties":{"OBJECTID":419,"Asset_ID":"GrS482","Name":"خضار وفواكه","District_ID":"al Sada al Shamaliyya","Gov_ID":"Dhofar Governorate","Wlyt_ID":"Salalah","Road_ID":"102559","Latitude":17.085392760000001,"Longitude":54.160519430000001,"GlobalID":"{531F3D87-A70D-4A15-925D-19F69E2449B8}"}},{"type":"Feature","id":420,"geometry":{"type":"Point","coordinates":[197793.76070000045,1891204.1981000006]},"properties":{"OBJECTID":420,"Asset_ID":"GrS483","Name":"سوق تجاري","District_ID":"al Sada al Shamaliyya","Gov_ID":"Dhofar Governorate","Wlyt_ID":"Salalah","Road_ID":"102559","Latitude":17.08540369,"Longitude":54.160548429999999,"GlobalID":"{48840898-61EF-4060-811E-761608ABD993}"}},{"type":"Feature","id":421,"geometry":{"type":"Point","coordinates":[197842.93719999958,1891218.4333999995]},"properties":{"OBJECTID":421,"Asset_ID":"GrS484","Name":"سوق تجاري","District_ID":"al Sada al Shamaliyya","Gov_ID":"Dhofar Governorate","Wlyt_ID":"Salalah","Road_ID":"102559","Latitude":17.085538679999999,"Longitude":54.161008119999998,"GlobalID":"{EEE0718B-74A8-4AB6-B562-510A4137DC24}"}},{"type":"Feature","id":422,"geometry":{"type":"Point","coordinates":[197708.61089999974,1891192.5625999998]},"properties":{"OBJECTID":422,"Asset_ID":"GrS485","Name":"سوق تجاري","District_ID":"al Sada al Shamaliyya","Gov_ID":"Dhofar Governorate","Wlyt_ID":"Salalah","Road_ID":"102558","Latitude":17.085287430000001,"Longitude":54.159750690000003,"GlobalID":"{9CDE2ACF-E924-4D1F-BDE6-18B4A2598438}"}},{"type":"Feature","id":423,"geometry":{"type":"Point","coordinates":[197705.45139999967,1891195.7221000008]},"properties":{"OBJECTID":423,"Asset_ID":"GrS486","Name":"بقالة","District_ID":"al Sada al Shamaliyya","Gov_ID":"Dhofar Governorate","Wlyt_ID":"Salalah","Road_ID":"102558","Latitude":17.08531554,"Longitude":54.1597206,"GlobalID":"{CB795677-7EB6-4CF3-B3F4-72FA33DDD418}"}},{"type":"Feature","id":424,"geometry":{"type":"Point","coordinates":[197844.15189999994,1891235.8473000005]},"properties":{"OBJECTID":424,"Asset_ID":"GrS487","Name":"سوق تجاري","District_ID":"al Sada al Shamaliyya","Gov_ID":"Dhofar Governorate","Wlyt_ID":"Salalah","Road_ID":"102559","Latitude":17.085696049999999,"Longitude":54.161017139999998,"GlobalID":"{21423CEB-7F23-40A3-AB7B-F96179539B15}"}},{"type":"Feature","id":425,"geometry":{"type":"Point","coordinates":[197845.41569999978,1891231.7400000002]},"properties":{"OBJECTID":425,"Asset_ID":"GrS488","Name":"بيع الخضار والفواكه","District_ID":"al Sada al Shamaliyya","Gov_ID":"Dhofar Governorate","Wlyt_ID":"Salalah","Road_ID":"102559","Latitude":17.085659140000001,"Longitude":54.161029560000003,"GlobalID":"{9ADA4463-4D7A-4B28-A949-B1C8AFD73DC7}"}},{"type":"Feature","id":426,"geometry":{"type":"Point","coordinates":[197329.94269999955,1891958.6787999999]},"properties":{"OBJECTID":426,"Asset_ID":"GrS489","Name":"سوق تجاري","District_ID":"al Sada al Shamaliyya","Gov_ID":"Dhofar Governorate","Wlyt_ID":"Salalah","Road_ID":"102558","Latitude":17.092154279999999,"Longitude":54.156091029999999,"GlobalID":"{D724F8B5-A543-4B68-9E27-1DD782927C13}"}},{"type":"Feature","id":427,"geometry":{"type":"Point","coordinates":[197332.71960000042,1891946.7381999996]},"properties":{"OBJECTID":427,"Asset_ID":"GrS490","Name":"سوق تجاري","District_ID":"al Sada al Shamaliyya","Gov_ID":"Dhofar Governorate","Wlyt_ID":"Salalah","Road_ID":"102558","Latitude":17.092046839999998,"Longitude":54.156118730000003,"GlobalID":"{7FBFF20E-9494-4B01-897D-0198BBC60D06}"}},{"type":"Feature","id":428,"geometry":{"type":"Point","coordinates":[197270.24000000022,1891942.0175000001]},"properties":{"OBJECTID":428,"Asset_ID":"GrS491","Name":"بقالة","District_ID":"al Sada al Shamaliyya","Gov_ID":"Dhofar Governorate","Wlyt_ID":"Salalah","Road_ID":"102547","Latitude":17.091995990000001,"Longitude":54.15553285,"GlobalID":"{9AE3E106-039D-4F9D-8DF6-68C6991D584C}"}},{"type":"Feature","id":429,"geometry":{"type":"Point","coordinates":[197274.68300000019,1891974.2291999999]},"properties":{"OBJECTID":429,"Asset_ID":"GrS492","Name":"سوق تجاري","District_ID":"al Sada al Shamaliyya","Gov_ID":"Dhofar Governorate","Wlyt_ID":"Salalah","Road_ID":"102547","Latitude":17.092287389999999,"Longitude":54.155570140000002,"GlobalID":"{32BF0F10-AC83-4DC7-B8D7-7DBF5747C357}"}},{"type":"Feature","id":430,"geometry":{"type":"Point","coordinates":[197839.62100000028,1890606.1785000004]},"properties":{"OBJECTID":430,"Asset_ID":"GrS493","Name":"سوق تجاري","District_ID":"al Sada al Shamaliyya","Gov_ID":"Dhofar Governorate","Wlyt_ID":"Salalah","Road_ID":"102494","Latitude":17.080010609999999,"Longitude":54.161060710000001,"GlobalID":"{D7BA80A5-C18A-4B8B-8C55-8F92587CEE08}"}},{"type":"Feature","id":431,"geometry":{"type":"Point","coordinates":[197338.02819999959,1891045.0450999998]},"properties":{"OBJECTID":431,"Asset_ID":"GrS494","Name":"البهجة الدائمة هايبرماركت\n","District_ID":"al Sada al Shamaliyya","Gov_ID":"Dhofar Governorate","Wlyt_ID":"Salalah","Road_ID":"100003","Latitude":17.083906809999998,"Longitude":54.156292120000003,"GlobalID":"{E934CEE3-8A8C-44D3-8431-92EDAF22B21E}"}},{"type":"Feature","id":432,"geometry":{"type":"Point","coordinates":[196978.27290000021,1892344.1163999997]},"properties":{"OBJECTID":432,"Asset_ID":"GrS501","Name":"بقالة","District_ID":"al Sada al Shamaliyya","Gov_ID":"Dhofar Governorate","Wlyt_ID":"Salalah","Road_ID":"102654","Latitude":17.095587720000001,"Longitude":54.152736789999999,"GlobalID":"{06048CD0-C9E6-4597-B48D-EE47257C93F9}"}},{"type":"Feature","id":433,"geometry":{"type":"Point","coordinates":[197163.25219999999,1891609.6618000008]},"properties":{"OBJECTID":433,"Asset_ID":"GrS502","Name":"بقالة","District_ID":"al Sada al Shamaliyya","Gov_ID":"Dhofar Governorate","Wlyt_ID":"Salalah","Road_ID":"102572","Latitude":17.088981279999999,"Longitude":54.154574060000002,"GlobalID":"{251BC89C-F651-4D30-903D-B643EBF44975}"}},{"type":"Feature","id":434,"geometry":{"type":"Point","coordinates":[196671.88069999963,1889814.2410000004]},"properties":{"OBJECTID":434,"Asset_ID":"GrS503","Name":"بقالة","District_ID":"al Sada al Shamaliyya","Gov_ID":"Dhofar Governorate","Wlyt_ID":"Salalah","Road_ID":"102509","Latitude":17.072706960000001,"Longitude":54.150207770000002,"GlobalID":"{C295C8CC-EB03-4AEB-8689-4148EA3AB401}"}},{"type":"Feature","id":435,"geometry":{"type":"Point","coordinates":[197082.62420000043,1890774.1647999994]},"properties":{"OBJECTID":435,"Asset_ID":"GrS504","Name":"بقالة","District_ID":"al Sada al Shamaliyya","Gov_ID":"Dhofar Governorate","Wlyt_ID":"Salalah","Road_ID":"102616","Latitude":17.081427569999999,"Longitude":54.153931720000003,"GlobalID":"{80E30D69-9D50-41D2-8434-8C15175BC754}"}},{"type":"Feature","id":436,"geometry":{"type":"Point","coordinates":[197115.49349999987,1890775.2884999998]},"properties":{"OBJECTID":436,"Asset_ID":"GrS505","Name":"سوق تجاري","District_ID":"al Sada al Shamaliyya","Gov_ID":"Dhofar Governorate","Wlyt_ID":"Salalah","Road_ID":"102616","Latitude":17.081442039999999,"Longitude":54.154240119999997,"GlobalID":"{DE272B6D-5D99-4EC7-9A61-B0B4E57A2B89}"}},{"type":"Feature","id":437,"geometry":{"type":"Point","coordinates":[197183.76040000003,1890700.5602000002]},"properties":{"OBJECTID":437,"Asset_ID":"GrS506","Name":"سوق تجاري","District_ID":"al Sada al Shamaliyya","Gov_ID":"Dhofar Governorate","Wlyt_ID":"Salalah","Road_ID":"102601","Latitude":17.080776369999999,"Longitude":54.15489118,"GlobalID":"{2FB50AC6-2D10-4806-BD5C-AB326D332FE9}"}},{"type":"Feature","id":438,"geometry":{"type":"Point","coordinates":[199470.82720000017,1892374.7207999993]},"properties":{"OBJECTID":438,"Asset_ID":"GrS507","Name":"بيع الخضروات والفواكه","District_ID":"Sahalnout al Shamaliyya","Gov_ID":"Dhofar Governorate","Wlyt_ID":"Salalah","Road_ID":"102719","Latitude":17.096191699999999,"Longitude":54.176132449999997,"GlobalID":"{F4FA8ED4-3DE9-4EEB-9E23-F64E44BFEF44}"}},{"type":"Feature","id":439,"geometry":{"type":"Point","coordinates":[199477.37349999975,1892382.2897999994]},"properties":{"OBJECTID":439,"Asset_ID":"GrS508","Name":"سوق تجاري","District_ID":"Sahalnout al Shamaliyya","Gov_ID":"Dhofar Governorate","Wlyt_ID":"Salalah","Road_ID":"102719","Latitude":17.09626089,"Longitude":54.176192880000002,"GlobalID":"{8AD982A9-2D50-467E-9C44-5DDDB7C228C0}"}},{"type":"Feature","id":440,"geometry":{"type":"Point","coordinates":[199511.74120000005,1892347.3083999995]},"properties":{"OBJECTID":440,"Asset_ID":"GrS509","Name":"سوق تجاري","District_ID":"Sahalnout al Shamaliyya","Gov_ID":"Dhofar Governorate","Wlyt_ID":"Salalah","Road_ID":"102694","Latitude":17.095949560000001,"Longitude":54.176520279999998,"GlobalID":"{C92390B3-F2BF-438F-B1D8-E2706B75F6FA}"}},{"type":"Feature","id":441,"geometry":{"type":"Point","coordinates":[198768.48739999998,1892991.2285999991]},"properties":{"OBJECTID":441,"Asset_ID":"GrS514","Name":"مركز صحلنوت التجاري","District_ID":"Sahalnout al Shamaliyya","Gov_ID":"Dhofar Governorate","Wlyt_ID":"Salalah","Road_ID":"102656","Latitude":17.101665700000002,"Longitude":54.169454760000001,"GlobalID":"{1EF6BB1A-8562-470B-B307-855EEC8CF7E9}"}},{"type":"Feature","id":442,"geometry":{"type":"Point","coordinates":[198768.05829999968,1892985.7645999994]},"properties":{"OBJECTID":442,"Asset_ID":"GrS515","Name":"بيع الخضروات والفواكه","District_ID":"Sahalnout al Shamaliyya","Gov_ID":"Dhofar Governorate","Wlyt_ID":"Salalah","Road_ID":"102656","Latitude":17.101616310000001,"Longitude":54.169451479999999,"GlobalID":"{3CCE6EE6-0A1D-4671-8DC4-0967CBB6BD03}"}},{"type":"Feature","id":443,"geometry":{"type":"Point","coordinates":[198769.25,1892854.6769999992]},"properties":{"OBJECTID":443,"Asset_ID":"GrS516","Name":"سوق تجاري","District_ID":"Sahalnout al Shamaliyya","Gov_ID":"Dhofar Governorate","Wlyt_ID":"Salalah","Road_ID":"102656","Latitude":17.100432959999999,"Longitude":54.169480559999997,"GlobalID":"{18AD8D60-D7EA-4BA3-8BDC-F52C0890F2AF}"}},{"type":"Feature","id":444,"geometry":{"type":"Point","coordinates":[198535.0334999999,1892884.0320999995]},"properties":{"OBJECTID":444,"Asset_ID":"GrS517","Name":"بيع الخضروات والفواكه","District_ID":"Sahalnout al Shamaliyya","Gov_ID":"Dhofar Governorate","Wlyt_ID":"Salalah","Road_ID":"102658","Latitude":17.100667229999999,"Longitude":54.167277689999999,"GlobalID":"{8EC3F476-E3B3-43E2-BE92-03EE731EB08E}"}},{"type":"Feature","id":445,"geometry":{"type":"Point","coordinates":[198536.66270000022,1892878.2131999992]},"properties":{"OBJECTID":445,"Asset_ID":"GrS518","Name":"سوق تجاري","District_ID":"Sahalnout al Shamaliyya","Gov_ID":"Dhofar Governorate","Wlyt_ID":"Salalah","Road_ID":"102658","Latitude":17.100614910000001,"Longitude":54.167293780000001,"GlobalID":"{4B50BC0E-9573-4760-80D4-7687CF43A849}"}},{"type":"Feature","id":446,"geometry":{"type":"Point","coordinates":[198547.13669999968,1892843.7654999997]},"properties":{"OBJECTID":446,"Asset_ID":"GrS519","Name":"سوق تجاري","District_ID":"Sahalnout al Shamaliyya","Gov_ID":"Dhofar Governorate","Wlyt_ID":"Salalah","Road_ID":"102658","Latitude":17.100305280000001,"Longitude":54.16739681,"GlobalID":"{2E38AFE1-7ABB-4A1E-9E2C-560C162B5B82}"}},{"type":"Feature","id":447,"geometry":{"type":"Point","coordinates":[200789.85209999979,1892683.9487999994]},"properties":{"OBJECTID":447,"Asset_ID":"GrS520","Name":"سوق تجاري","District_ID":"Sahalnout al Shamaliyya","Gov_ID":"Dhofar Governorate","Wlyt_ID":"Salalah","Road_ID":"102883","Latitude":17.099155880000001,"Longitude":54.188473620000003,"GlobalID":"{3540EE20-23E5-455F-A2C0-BD6B416CBD32}"}},{"type":"Feature","id":448,"geometry":{"type":"Point","coordinates":[197739.66660000011,1891173.2686999999]},"properties":{"OBJECTID":448,"Asset_ID":"GrS521","Name":"سوق شروق الشمس التجاري","District_ID":"al Sada al Shamaliyya","Gov_ID":"Dhofar Governorate","Wlyt_ID":"Salalah","Road_ID":"102559","Latitude":17.085117329999999,"Longitude":54.160044859999999,"GlobalID":"{6D2A6844-4BC4-4E52-ACF6-2EC6DA143C26}"}},{"type":"Feature","id":449,"geometry":{"type":"Point","coordinates":[197790.65479999967,1891203.0333999991]},"properties":{"OBJECTID":449,"Asset_ID":"GrS522","Name":"خضار وفواكه","District_ID":"al Sada al Shamaliyya","Gov_ID":"Dhofar Governorate","Wlyt_ID":"Salalah","Road_ID":"102559","Latitude":17.085392760000001,"Longitude":54.160519430000001,"GlobalID":"{5A5187AF-856B-401F-8923-8B234E811E9B}"}},{"type":"Feature","id":450,"geometry":{"type":"Point","coordinates":[197793.76070000045,1891204.1981000006]},"properties":{"OBJECTID":450,"Asset_ID":"GrS523","Name":"سوق تجاري","District_ID":"al Sada al Shamaliyya","Gov_ID":"Dhofar Governorate","Wlyt_ID":"Salalah","Road_ID":"102559","Latitude":17.08540369,"Longitude":54.160548429999999,"GlobalID":"{F8FDC036-7B96-48C9-86FE-56D9286FC796}"}},{"type":"Feature","id":451,"geometry":{"type":"Point","coordinates":[197842.93719999958,1891218.4333999995]},"properties":{"OBJECTID":451,"Asset_ID":"GrS524","Name":"سوق تجاري","District_ID":"al Sada al Shamaliyya","Gov_ID":"Dhofar Governorate","Wlyt_ID":"Salalah","Road_ID":"102559","Latitude":17.085538679999999,"Longitude":54.161008119999998,"GlobalID":"{67C209BC-D682-46F3-B50E-DF14F1BD6231}"}},{"type":"Feature","id":452,"geometry":{"type":"Point","coordinates":[197708.61089999974,1891192.5625999998]},"properties":{"OBJECTID":452,"Asset_ID":"GrS525","Name":"سوق تجاري","District_ID":"al Sada al Shamaliyya","Gov_ID":"Dhofar Governorate","Wlyt_ID":"Salalah","Road_ID":"102558","Latitude":17.085287430000001,"Longitude":54.159750690000003,"GlobalID":"{429DC46F-E776-4A51-AFC8-5EEE6216F0CA}"}},{"type":"Feature","id":453,"geometry":{"type":"Point","coordinates":[197705.45139999967,1891195.7221000008]},"properties":{"OBJECTID":453,"Asset_ID":"GrS526","Name":"بقالة","District_ID":"al Sada al Shamaliyya","Gov_ID":"Dhofar Governorate","Wlyt_ID":"Salalah","Road_ID":"102558","Latitude":17.08531554,"Longitude":54.1597206,"GlobalID":"{D5C4D22D-3BE4-4BB6-A88B-F23131EA96E8}"}},{"type":"Feature","id":454,"geometry":{"type":"Point","coordinates":[197844.15189999994,1891235.8473000005]},"properties":{"OBJECTID":454,"Asset_ID":"GrS527","Name":"سوق تجاري","District_ID":"al Sada al Shamaliyya","Gov_ID":"Dhofar Governorate","Wlyt_ID":"Salalah","Road_ID":"102559","Latitude":17.085696049999999,"Longitude":54.161017139999998,"GlobalID":"{FFAF8119-2373-4C42-9B29-2FC266ACB75D}"}},{"type":"Feature","id":455,"geometry":{"type":"Point","coordinates":[197845.41569999978,1891231.7400000002]},"properties":{"OBJECTID":455,"Asset_ID":"GrS528","Name":"بيع الخضار والفواكه","District_ID":"al Sada al Shamaliyya","Gov_ID":"Dhofar Governorate","Wlyt_ID":"Salalah","Road_ID":"102559","Latitude":17.085659140000001,"Longitude":54.161029560000003,"GlobalID":"{C07A3CE1-3445-442E-A33A-3CBAE7F54829}"}},{"type":"Feature","id":456,"geometry":{"type":"Point","coordinates":[197329.94269999955,1891958.6787999999]},"properties":{"OBJECTID":456,"Asset_ID":"GrS529","Name":"سوق تجاري","District_ID":"al Sada al Shamaliyya","Gov_ID":"Dhofar Governorate","Wlyt_ID":"Salalah","Road_ID":"102558","Latitude":17.092154279999999,"Longitude":54.156091029999999,"GlobalID":"{2C58231A-5198-47B6-9036-2EBEC459AFAD}"}},{"type":"Feature","id":457,"geometry":{"type":"Point","coordinates":[197332.71960000042,1891946.7381999996]},"properties":{"OBJECTID":457,"Asset_ID":"GrS530","Name":"سوق تجاري","District_ID":"al Sada al Shamaliyya","Gov_ID":"Dhofar Governorate","Wlyt_ID":"Salalah","Road_ID":"102558","Latitude":17.092046839999998,"Longitude":54.156118730000003,"GlobalID":"{04670B26-27D3-4D77-87DA-2E2194E26853}"}},{"type":"Feature","id":458,"geometry":{"type":"Point","coordinates":[197270.24000000022,1891942.0175000001]},"properties":{"OBJECTID":458,"Asset_ID":"GrS531","Name":"بقالة","District_ID":"al Sada al Shamaliyya","Gov_ID":"Dhofar Governorate","Wlyt_ID":"Salalah","Road_ID":"102547","Latitude":17.091995990000001,"Longitude":54.15553285,"GlobalID":"{D06117AA-2F1D-4F6D-9C67-6D0C2EF3C53E}"}},{"type":"Feature","id":459,"geometry":{"type":"Point","coordinates":[197274.68300000019,1891974.2291999999]},"properties":{"OBJECTID":459,"Asset_ID":"GrS532","Name":"سوق تجاري","District_ID":"al Sada al Shamaliyya","Gov_ID":"Dhofar Governorate","Wlyt_ID":"Salalah","Road_ID":"102547","Latitude":17.092287389999999,"Longitude":54.155570140000002,"GlobalID":"{F2E22032-6FE9-429B-B5B4-2AD62DD708A3}"}},{"type":"Feature","id":460,"geometry":{"type":"Point","coordinates":[197839.62100000028,1890606.1785000004]},"properties":{"OBJECTID":460,"Asset_ID":"GrS533","Name":"سوق تجاري","District_ID":"al Sada al Shamaliyya","Gov_ID":"Dhofar Governorate","Wlyt_ID":"Salalah","Road_ID":"102494","Latitude":17.080010609999999,"Longitude":54.161060710000001,"GlobalID":"{C07FBA21-07BE-46AA-A36F-A62808FE0024}"}},{"type":"Feature","id":461,"geometry":{"type":"Point","coordinates":[187375.05719999969,1882548.0723000001]},"properties":{"OBJECTID":461,"Asset_ID":"GrS534","Name":"سوق تجاري","District_ID":"al Wadi","Gov_ID":"Dhofar Governorate","Wlyt_ID":"Salalah","Road_ID":"105389","Latitude":17.005865669999999,"Longitude":54.063970580000003,"GlobalID":"{5FB58D7E-8A81-4C63-9873-B58CBCF356DD}"}},{"type":"Feature","id":462,"geometry":{"type":"Point","coordinates":[187404.86249999981,1882589.1230999995]},"properties":{"OBJECTID":462,"Asset_ID":"GrS535","Name":"سوق تجاري","District_ID":"al Wadi","Gov_ID":"Dhofar Governorate","Wlyt_ID":"Salalah","Road_ID":"103812","Latitude":17.006240290000001,"Longitude":54.064244459999998,"GlobalID":"{5A5836F4-027A-444D-894E-770F4781407D}"}},{"type":"Feature","id":463,"geometry":{"type":"Point","coordinates":[187359.15990000032,1882577.1206]},"properties":{"OBJECTID":463,"Asset_ID":"GrS463","Name":"سوق تجاري","District_ID":"al Wadi","Gov_ID":"Dhofar Governorate","Wlyt_ID":"Salalah","Road_ID":"103812","Latitude":17.006125749999999,"Longitude":54.06381734,"GlobalID":"{77D7A0FA-78EF-4786-A1D2-0A971490B89A}"}},{"type":"Feature","id":464,"geometry":{"type":"Point","coordinates":[187307.92260000017,1882528.0714999996]},"properties":{"OBJECTID":464,"Asset_ID":"GrS537","Name":"بقالة","District_ID":"al Wadi","Gov_ID":"Dhofar Governorate","Wlyt_ID":"Salalah","Road_ID":"105382","Latitude":17.005676009999998,"Longitude":54.063343510000003,"GlobalID":"{E84C0BE9-5567-4ADC-8030-8BBBC5DD09C2}"}},{"type":"Feature","id":465,"geometry":{"type":"Point","coordinates":[187253.67239999957,1882510.4561999999]},"properties":{"OBJECTID":465,"Asset_ID":"GrS538","Name":"سوق تجاري","District_ID":"al Wadi","Gov_ID":"Dhofar Governorate","Wlyt_ID":"Salalah","Road_ID":"103812","Latitude":17.00550964,"Longitude":54.06283698,"GlobalID":"{24B9F197-08B4-4E0F-B01F-720C86BA3726}"}},{"type":"Feature","id":466,"geometry":{"type":"Point","coordinates":[187105.85670000035,1882515.3068000004]},"properties":{"OBJECTID":466,"Asset_ID":"GrS539","Name":"بيع الفواكة و الخضار","District_ID":"al Wadi","Gov_ID":"Dhofar Governorate","Wlyt_ID":"Salalah","Road_ID":"105463","Latitude":17.005533400000001,"Longitude":54.061449410000002,"GlobalID":"{2F8C3115-518F-4046-B31D-3F650E1A9DC3}"}},{"type":"Feature","id":467,"geometry":{"type":"Point","coordinates":[187107.00549999997,1882510.5837999992]},"properties":{"OBJECTID":467,"Asset_ID":"GrS540","Name":"محلات بقالة","District_ID":"al Wadi","Gov_ID":"Dhofar Governorate","Wlyt_ID":"Salalah","Road_ID":"105463","Latitude":17.00549092,"Longitude":54.061460850000003,"GlobalID":"{866A05FD-B7C6-4332-86D7-91EC91FE873F}"}},{"type":"Feature","id":468,"geometry":{"type":"Point","coordinates":[187106.36730000004,1882501.2655999996]},"properties":{"OBJECTID":468,"Asset_ID":"GrS541","Name":"محلات بقالة","District_ID":"al Wadi","Gov_ID":"Dhofar Governorate","Wlyt_ID":"Salalah","Road_ID":"105463","Latitude":17.005406709999999,"Longitude":54.06145618,"GlobalID":"{653BBF93-FB86-422B-845E-B99BA5DAC541}"}},{"type":"Feature","id":469,"geometry":{"type":"Point","coordinates":[187087.22020000033,1882494.8831999991]},"properties":{"OBJECTID":469,"Asset_ID":"GrS542","Name":"سوق تجاري","District_ID":"al Wadi","Gov_ID":"Dhofar Governorate","Wlyt_ID":"Salalah","Road_ID":"103812","Latitude":17.005346500000002,"Longitude":54.061277429999997,"GlobalID":"{AEBE6997-D734-408A-96B8-317168A103C9}"}},{"type":"Feature","id":470,"geometry":{"type":"Point","coordinates":[187064.62660000008,1882454.6742000002]},"properties":{"OBJECTID":470,"Asset_ID":"GrS543","Name":"محلات بقالة","District_ID":"al Wadi","Gov_ID":"Dhofar Governorate","Wlyt_ID":"Salalah","Road_ID":"105378","Latitude":17.004980450000001,"Longitude":54.06107111,"GlobalID":"{9F1E4448-2E2C-4910-B0D4-98F4FB5AF948}"}},{"type":"Feature","id":471,"geometry":{"type":"Point","coordinates":[186914.51319999993,1882448.8025000002]},"properties":{"OBJECTID":471,"Asset_ID":"GrS544","Name":"سوق تجاري","District_ID":"al Wadi","Gov_ID":"Dhofar Governorate","Wlyt_ID":"Salalah","Road_ID":"105466","Latitude":17.00490709,"Longitude":54.059663499999999,"GlobalID":"{FE5284C3-E92D-40DA-A05F-97C3DE8577C1}"}},{"type":"Feature","id":472,"geometry":{"type":"Point","coordinates":[186883.81400000025,1882437.7643999998]},"properties":{"OBJECTID":472,"Asset_ID":"GrS545","Name":"بيع الفواكة والخضار","District_ID":"al Wadi","Gov_ID":"Dhofar Governorate","Wlyt_ID":"Salalah","Road_ID":"105467","Latitude":17.004803280000001,"Longitude":54.059377019999999,"GlobalID":"{5770645F-0275-439D-9071-193ECE372B46}"}},{"type":"Feature","id":473,"geometry":{"type":"Point","coordinates":[186823.18149999995,1882719.5985000003]},"properties":{"OBJECTID":473,"Asset_ID":"GrS546","Name":"سوق تجاري","District_ID":"al Wadi","Gov_ID":"Dhofar Governorate","Wlyt_ID":"Salalah","Road_ID":"105338","Latitude":17.007339330000001,"Longitude":54.058768399999998,"GlobalID":"{E54FDF05-DE5E-4275-BBEE-9AB50DE1888E}"}},{"type":"Feature","id":474,"geometry":{"type":"Point","coordinates":[186824.37820000015,1882746.5241]},"properties":{"OBJECTID":474,"Asset_ID":"GrS547","Name":"محلات بقالة ","District_ID":"al Wadi","Gov_ID":"Dhofar Governorate","Wlyt_ID":"Salalah","Road_ID":"105338","Latitude":17.00758257,"Longitude":54.058775830000002,"GlobalID":"{97BA4C72-0F70-4086-8C61-98A91DBB7D7F}"}},{"type":"Feature","id":475,"geometry":{"type":"Point","coordinates":[186122.31730000023,1882373.7537999991]},"properties":{"OBJECTID":475,"Asset_ID":"GrS548","Name":"سوق تجاري","District_ID":"Auqad al Janubiyya","Gov_ID":"Dhofar Governorate","Wlyt_ID":"Salalah","Road_ID":"105424","Latitude":17.004122020000001,"Longitude":54.052241359999996,"GlobalID":"{A64A9A62-7F72-4227-9C88-8AD15996BC67}"}},{"type":"Feature","id":476,"geometry":{"type":"Point","coordinates":[185805.51229999959,1882388.1699000001]},"properties":{"OBJECTID":476,"Asset_ID":"GrS549","Name":"سوق تجاري","District_ID":"Auqad al Janubiyya","Gov_ID":"Dhofar Governorate","Wlyt_ID":"Salalah","Road_ID":"105424","Latitude":17.004209070000002,"Longitude":54.049266940000003,"GlobalID":"{100E356E-91F6-4AF5-A8FA-903006B3A977}"}},{"type":"Feature","id":477,"geometry":{"type":"Point","coordinates":[185760.58050000016,1882388.6805000007]},"properties":{"OBJECTID":477,"Asset_ID":"GrS550","Name":"سوق تجاري","District_ID":"Auqad al Janubiyya","Gov_ID":"Dhofar Governorate","Wlyt_ID":"Salalah","Road_ID":"105426","Latitude":17.004207569999998,"Longitude":54.048845309999997,"GlobalID":"{82AB8143-B9FF-4912-9A8D-6E5779255E17}"}},{"type":"Feature","id":478,"geometry":{"type":"Point","coordinates":[185665.61629999988,1882393.1999999993]},"properties":{"OBJECTID":478,"Asset_ID":"GrS551","Name":"سوق بن ريدان التجاري","District_ID":"Auqad al Janubiyya","Gov_ID":"Dhofar Governorate","Wlyt_ID":"Salalah","Road_ID":"105553","Latitude":17.004235439999999,"Longitude":54.047953679999999,"GlobalID":"{9D447045-118B-428B-9D1D-E263E8059BF4}"}},{"type":"Feature","id":479,"geometry":{"type":"Point","coordinates":[185079.73450000025,1882413.7682000007]},"properties":{"OBJECTID":479,"Asset_ID":"GrS552","Name":"بيع منتجات التبغ","District_ID":"Auqad al Janubiyya","Gov_ID":"Dhofar Governorate","Wlyt_ID":"Salalah","Road_ID":"105373","Latitude":17.004341279999998,"Longitude":54.042453829999999,"GlobalID":"{E63ABF0E-E846-42E8-B6BA-E3A0FB85861F}"}},{"type":"Feature","id":480,"geometry":{"type":"Point","coordinates":[185047.01240000036,1882403.7958000004]},"properties":{"OBJECTID":480,"Asset_ID":"GrS553","Name":"بقالة","District_ID":"Auqad al Janubiyya","Gov_ID":"Dhofar Governorate","Wlyt_ID":"Salalah","Road_ID":"105373","Latitude":17.00424679,"Longitude":54.042148230000002,"GlobalID":"{CC26CB90-D69E-41A4-92D9-EA0437FD9B5D}"}},{"type":"Feature","id":481,"geometry":{"type":"Point","coordinates":[185013.04370000027,1882392.5767999999]},"properties":{"OBJECTID":481,"Asset_ID":"GrS554","Name":"بقالة","District_ID":"Auqad al Janubiyya","Gov_ID":"Dhofar Governorate","Wlyt_ID":"Salalah","Road_ID":"105373","Latitude":17.004140880000001,"Longitude":54.041831119999998,"GlobalID":"{44030011-655B-4C8A-9E31-6BEBCD9B0963}"}},{"type":"Feature","id":482,"geometry":{"type":"Point","coordinates":[184996.83849999961,1882387.9022000004]},"properties":{"OBJECTID":482,"Asset_ID":"GrS555","Name":"محلات بقالة ","District_ID":"Auqad al Janubiyya","Gov_ID":"Dhofar Governorate","Wlyt_ID":"Salalah","Road_ID":"105373","Latitude":17.00409647,"Longitude":54.041679739999999,"GlobalID":"{281272BC-BCE5-4A66-8FAC-4D96BD4E60C1}"}},{"type":"Feature","id":483,"geometry":{"type":"Point","coordinates":[184985.9310999997,1882384.7858000007]},"properties":{"OBJECTID":483,"Asset_ID":"GrS556","Name":"بيع فواكة وخضروات","District_ID":"Auqad al Janubiyya","Gov_ID":"Dhofar Governorate","Wlyt_ID":"Salalah","Road_ID":"105373","Latitude":17.004066850000001,"Longitude":54.041577850000003,"GlobalID":"{4958F715-9BE0-4102-AE99-C6C275624B87}"}},{"type":"Feature","id":484,"geometry":{"type":"Point","coordinates":[184846.64080000017,1882342.0414000005]},"properties":{"OBJECTID":484,"Asset_ID":"GrS557","Name":"محل بقالة","District_ID":"Auqad al Janubiyya","Gov_ID":"Dhofar Governorate","Wlyt_ID":"Salalah","Road_ID":"105373","Latitude":17.00366197,"Longitude":54.04027705,"GlobalID":"{E6AFE636-22D2-4EE1-A842-B28F1E0216FF}"}},{"type":"Feature","id":485,"geometry":{"type":"Point","coordinates":[184777.83090000041,1882304.9438000005]},"properties":{"OBJECTID":485,"Asset_ID":"GrS558","Name":"سوق العوقدين التجاري","District_ID":"Auqad al Janubiyya","Gov_ID":"Dhofar Governorate","Wlyt_ID":"Salalah","Road_ID":"105391","Latitude":17.003317679999999,"Longitude":54.039636719999997,"GlobalID":"{D4EF067B-168C-415D-A787-AA294B55C4EF}"}},{"type":"Feature","id":486,"geometry":{"type":"Point","coordinates":[184730.56140000001,1882258.4722000007]},"properties":{"OBJECTID":486,"Asset_ID":"GrS559","Name":"مواد غذائية وكماليات","District_ID":"Auqad al Janubiyya","Gov_ID":"Dhofar Governorate","Wlyt_ID":"Salalah","Road_ID":"105373","Latitude":17.002891699999999,"Longitude":54.03919982,"GlobalID":"{EF9A0B1D-CBEC-4354-A4D9-C78549029345}"}},{"type":"Feature","id":487,"geometry":{"type":"Point","coordinates":[184722.78289999999,1882249.6963999998]},"properties":{"OBJECTID":487,"Asset_ID":"GrS560","Name":"خضروات وفواكة","District_ID":"Auqad al Janubiyya","Gov_ID":"Dhofar Governorate","Wlyt_ID":"Salalah","Road_ID":"105373","Latitude":17.00281142,"Longitude":54.039128089999998,"GlobalID":"{58617E7F-504E-4842-BDF2-B8BF0DA61F84}"}},{"type":"Feature","id":488,"geometry":{"type":"Point","coordinates":[184682.69369999971,1882208.2109999992]},"properties":{"OBJECTID":488,"Asset_ID":"GrS561","Name":"بقالة","District_ID":"Auqad al Janubiyya","Gov_ID":"Dhofar Governorate","Wlyt_ID":"Salalah","Road_ID":"105373","Latitude":17.002431439999999,"Longitude":54.038757850000003,"GlobalID":"{A5B2303F-D70C-4249-B245-052BBF96B657}"}},{"type":"Feature","id":489,"geometry":{"type":"Point","coordinates":[184596.38210000005,1882120.8274000008]},"properties":{"OBJECTID":489,"Asset_ID":"GrS562","Name":"مواد غذائية وكماليات ","District_ID":"Auqad al Janubiyya","Gov_ID":"Dhofar Governorate","Wlyt_ID":"Salalah","Road_ID":"105373","Latitude":17.001630810000002,"Longitude":54.037960460000001,"GlobalID":"{1CB46B76-4BF9-49CB-AACA-1463F76CEAE2}"}},{"type":"Feature","id":490,"geometry":{"type":"Point","coordinates":[184560.85520000011,1882089.3518000003]},"properties":{"OBJECTID":490,"Asset_ID":"GrS563","Name":"بيع فواكهه وخضروات","District_ID":"Auqad al Janubiyya","Gov_ID":"Dhofar Governorate","Wlyt_ID":"Salalah","Road_ID":"105373","Latitude":17.00134181,"Longitude":54.037631609999998,"GlobalID":"{FAFA0E23-AF6B-4721-8CA8-6E7EAE37EF6B}"}},{"type":"Feature","id":491,"geometry":{"type":"Point","coordinates":[184553.37579999957,1882079.0677000005]},"properties":{"OBJECTID":491,"Asset_ID":"GrS564","Name":"محلات بقالة","District_ID":"Auqad al Janubiyya","Gov_ID":"Dhofar Governorate","Wlyt_ID":"Salalah","Road_ID":"105373","Latitude":17.00124795,"Longitude":54.037562899999998,"GlobalID":"{31F545AC-8B81-41F9-9616-40B77FBA0B3A}"}},{"type":"Feature","id":492,"geometry":{"type":"Point","coordinates":[184512.86270000041,1882036.9964000005]},"properties":{"OBJECTID":492,"Asset_ID":"GrS565","Name":"مواد غذائية","District_ID":"Auqad al Janubiyya","Gov_ID":"Dhofar Governorate","Wlyt_ID":"Salalah","Road_ID":"105373","Latitude":17.000862619999999,"Longitude":54.037188780000001,"GlobalID":"{98862252-8F18-4C4A-ACFB-9FD461F267A2}"}},{"type":"Feature","id":493,"geometry":{"type":"Point","coordinates":[184493.22950000037,1882020.4794999994]},"properties":{"OBJECTID":493,"Asset_ID":"GrS566","Name":"محلات بقالة","District_ID":"Auqad al Janubiyya","Gov_ID":"Dhofar Governorate","Wlyt_ID":"Salalah","Road_ID":"105373","Latitude":17.000710829999999,"Longitude":54.037006920000003,"GlobalID":"{BDEEA29A-8C84-45A9-BCE1-6B0B07F97FD6}"}},{"type":"Feature","id":494,"geometry":{"type":"Point","coordinates":[184504.98450000025,1882031.1001999993]},"properties":{"OBJECTID":494,"Asset_ID":"GrS567","Name":"محلات بقالة","District_ID":"Auqad al Janubiyya","Gov_ID":"Dhofar Governorate","Wlyt_ID":"Salalah","Road_ID":"105373","Latitude":17.000808320000001,"Longitude":54.037115700000001,"GlobalID":"{2C325B81-39E3-49F2-ACB9-6DFBB7706DD6}"}},{"type":"Feature","id":495,"geometry":{"type":"Point","coordinates":[184467.48809999973,1881846.6097999997]},"properties":{"OBJECTID":495,"Asset_ID":"GrS568","Name":"سوق تجاري","District_ID":"Auqad al Janubiyya","Gov_ID":"Dhofar Governorate","Wlyt_ID":"Salalah","Road_ID":"105340","Latitude":16.999137730000001,"Longitude":54.036790099999997,"GlobalID":"{88CB8E2C-EBED-4185-9FCA-91805E961577}"}},{"type":"Feature","id":496,"geometry":{"type":"Point","coordinates":[184646.39389999956,1882520.5482999999]},"properties":{"OBJECTID":496,"Asset_ID":"GrS569","Name":"اسواق بن حريز","District_ID":"Auqad al Shamaliyya","Gov_ID":"Dhofar Governorate","Wlyt_ID":"Salalah","Road_ID":"105568","Latitude":17.005246079999999,"Longitude":54.038372940000002,"GlobalID":"{F45D6FA4-EF8E-4769-8E95-283DB78200CE}"}},{"type":"Feature","id":497,"geometry":{"type":"Point","coordinates":[184642.81630000006,1882333.0537]},"properties":{"OBJECTID":497,"Asset_ID":"GrS570","Name":"اسواق بن خوار","District_ID":"Auqad al Shamaliyya","Gov_ID":"Dhofar Governorate","Wlyt_ID":"Salalah","Road_ID":"105564","Latitude":17.003553,"Longitude":54.038365990000003,"GlobalID":"{96F3EE03-E5ED-4BAA-9E5C-74CFFBB839CF}"}},{"type":"Feature","id":498,"geometry":{"type":"Point","coordinates":[184655.76800000016,1882322.0964000002]},"properties":{"OBJECTID":498,"Asset_ID":"GrS571","Name":"تجارة الفواكهه والخضروات الطازجة والتمور","District_ID":"Auqad al Shamaliyya","Gov_ID":"Dhofar Governorate","Wlyt_ID":"Salalah","Road_ID":"105550","Latitude":17.003455850000002,"Longitude":54.038489060000003,"GlobalID":"{3BB35B21-C276-469D-A83E-0B0E3887083A}"}},{"type":"Feature","id":499,"geometry":{"type":"Point","coordinates":[184537.29090000037,1882232.3965000007]},"properties":{"OBJECTID":499,"Asset_ID":"GrS572","Name":"بيع منتجات التبغ","District_ID":"Auqad al Shamaliyya","Gov_ID":"Dhofar Governorate","Wlyt_ID":"Salalah","Road_ID":"105564","Latitude":17.00262991,"Longitude":54.037390219999999,"GlobalID":"{6CE9E17C-0FDB-472E-B7CE-F51078474D43}"}},{"type":"Feature","id":500,"geometry":{"type":"Point","coordinates":[185900.71360000037,1882172.4063000008]},"properties":{"OBJECTID":500,"Asset_ID":"GrS573","Name":"الاسواق المركزية وما شابهها","District_ID":"Auqad al Janubiyya","Gov_ID":"Dhofar Governorate","Wlyt_ID":"Salalah","Road_ID":"105422","Latitude":17.00227422,"Longitude":54.050190659999998,"GlobalID":"{C6FE09F6-FF32-47F9-AB3E-8C273E302E8D}"}},{"type":"Feature","id":501,"geometry":{"type":"Point","coordinates":[185818.56219999958,1882251.4387999997]},"properties":{"OBJECTID":501,"Asset_ID":"GrS574","Name":"مواد غذائية وكماليات","District_ID":"Auqad al Janubiyya","Gov_ID":"Dhofar Governorate","Wlyt_ID":"Salalah","Road_ID":"105345","Latitude":17.00297651,"Longitude":54.049408720000002,"GlobalID":"{2D389B26-FC7A-4EF9-87AF-09BA7C76327F}"}},{"type":"Feature","id":502,"geometry":{"type":"Point","coordinates":[186156.07880000025,1882299.7369999997]},"properties":{"OBJECTID":502,"Asset_ID":"GrS575","Name":"محلات بقالة","District_ID":"Auqad al Janubiyya","Gov_ID":"Dhofar Governorate","Wlyt_ID":"Salalah","Road_ID":"105346","Latitude":17.003458420000001,"Longitude":54.052568579999999,"GlobalID":"{E821062A-FF5B-4D55-8B11-9A21E5C06274}"}},{"type":"Feature","id":503,"geometry":{"type":"Point","coordinates":[186078.5064000003,1882261.1886999998]},"properties":{"OBJECTID":503,"Asset_ID":"GrS576","Name":"محلات بقالة","District_ID":"Auqad al Janubiyya","Gov_ID":"Dhofar Governorate","Wlyt_ID":"Salalah","Road_ID":"105345","Latitude":17.003099880000001,"Longitude":54.051846220000002,"GlobalID":"{E32F129F-5CCB-45F1-A145-D434A01471B6}"}},{"type":"Feature","id":504,"geometry":{"type":"Point","coordinates":[185945.96710000001,1882255.0020000003]},"properties":{"OBJECTID":504,"Asset_ID":"GrS577","Name":"سوق تجاري","District_ID":"Auqad al Janubiyya","Gov_ID":"Dhofar Governorate","Wlyt_ID":"Salalah","Road_ID":"105345","Latitude":17.003026009999999,"Longitude":54.05060357,"GlobalID":"{C96D9519-DC1F-4CA1-A8F3-C5ED91807EF1}"}},{"type":"Feature","id":505,"geometry":{"type":"Point","coordinates":[185944.30140000023,1882278.7971999999]},"properties":{"OBJECTID":505,"Asset_ID":"GrS578","Name":"بيع بالجملة للاسماك و الحيوانات البحرية","District_ID":"Auqad al Janubiyya","Gov_ID":"Dhofar Governorate","Wlyt_ID":"Salalah","Road_ID":"105345","Latitude":17.003240590000001,"Longitude":54.050584579999999,"GlobalID":"{E4575CA4-A899-486A-944B-8D1AFB00F10C}"}},{"type":"Feature","id":506,"geometry":{"type":"Point","coordinates":[185913.36770000029,1882277.3695]},"properties":{"OBJECTID":506,"Asset_ID":"GrS579","Name":"تجارة الفواكهه والخضروات","District_ID":"Auqad al Janubiyya","Gov_ID":"Dhofar Governorate","Wlyt_ID":"Salalah","Road_ID":"105345","Latitude":17.003223500000001,"Longitude":54.050294549999997,"GlobalID":"{687F5BB6-8585-4D31-B5DA-77ED5126C3B5}"}},{"type":"Feature","id":507,"geometry":{"type":"Point","coordinates":[185497.90340000018,1882096.7639000006]},"properties":{"OBJECTID":507,"Asset_ID":"GrS580","Name":"سوق تجاري","District_ID":"Auqad al Janubiyya","Gov_ID":"Dhofar Governorate","Wlyt_ID":"Salalah","Road_ID":"105340","Latitude":17.001536529999999,"Longitude":54.046422100000001,"GlobalID":"{C2E40498-5EA3-4616-BE62-CFB761D70660}"}},{"type":"Feature","id":508,"geometry":{"type":"Point","coordinates":[185494.57210000046,1882113.8964000009]},"properties":{"OBJECTID":508,"Asset_ID":"GrS581","Name":"سوق تجاري","District_ID":"Auqad al Janubiyya","Gov_ID":"Dhofar Governorate","Wlyt_ID":"Salalah","Road_ID":"105341","Latitude":17.001690740000001,"Longitude":54.04638842,"GlobalID":"{37924F77-6781-4781-9773-63535E5842DF}"}},{"type":"Feature","id":509,"geometry":{"type":"Point","coordinates":[185410.57500000019,1882237.1556000002]},"properties":{"OBJECTID":509,"Asset_ID":"GrS582","Name":"البيع بالجملة لمواد غذائية متنوعه","District_ID":"Auqad al Janubiyya","Gov_ID":"Dhofar Governorate","Wlyt_ID":"Salalah","Road_ID":"105341","Latitude":17.002792020000001,"Longitude":54.045582889999999,"GlobalID":"{966F0905-F432-431B-AA7A-92EE01EDD1E1}"}},{"type":"Feature","id":510,"geometry":{"type":"Point","coordinates":[185395.5839999998,1882324.2459999993]},"properties":{"OBJECTID":510,"Asset_ID":"GrS583","Name":"محلات بقالة","District_ID":"Auqad al Janubiyya","Gov_ID":"Dhofar Governorate","Wlyt_ID":"Salalah","Road_ID":"105341","Latitude":17.00357618,"Longitude":54.045429910000003,"GlobalID":"{264E240B-3697-4354-9060-0B342F7FF97B}"}},{"type":"Feature","id":511,"geometry":{"type":"Point","coordinates":[185399.62920000032,1882306.3995999992]},"properties":{"OBJECTID":511,"Asset_ID":"GrS584","Name":"سوق تجاري","District_ID":"Auqad al Janubiyya","Gov_ID":"Dhofar Governorate","Wlyt_ID":"Salalah","Road_ID":"105341","Latitude":17.003415619999998,"Longitude":54.045470389999998,"GlobalID":"{374EEDB5-38F2-41DB-B772-B2EAB9D73464}"}},{"type":"Feature","id":512,"geometry":{"type":"Point","coordinates":[184615.61519999988,1881861.6006000005]},"properties":{"OBJECTID":512,"Asset_ID":"GrS585","Name":"مواد غذائيةمواد منزلية والعاب اطفال ","District_ID":"Auqad al Janubiyya","Gov_ID":"Dhofar Governorate","Wlyt_ID":"Salalah","Road_ID":"105340","Latitude":16.999293290000001,"Longitude":54.038177699999999,"GlobalID":"{AD8956CA-2B90-4BE4-B4C0-F0A78EAD22A4}"}},{"type":"Feature","id":513,"geometry":{"type":"Point","coordinates":[183478.19730000012,1881776.3228999991]},"properties":{"OBJECTID":513,"Asset_ID":"GrS586","Name":"محلات بقالة","District_ID":"Auqad al Shamaliyya","Gov_ID":"Dhofar Governorate","Wlyt_ID":"Salalah","Road_ID":"105566","Latitude":16.998367859999998,"Longitude":54.027518620000002,"GlobalID":"{6D0A0D37-CF58-400A-8AFD-3DDCD6AD5562}"}},{"type":"Feature","id":514,"geometry":{"type":"Point","coordinates":[183559.94570000004,1881752.1045999993]},"properties":{"OBJECTID":514,"Asset_ID":"GrS587","Name":"سوق ","District_ID":"Auqad al Shamaliyya","Gov_ID":"Dhofar Governorate","Wlyt_ID":"Salalah","Road_ID":"105565","Latitude":16.998160429999999,"Longitude":54.028289030000003,"GlobalID":"{99EF5336-B0F3-4C4E-985E-ED20EF453DE4}"}},{"type":"Feature","id":515,"geometry":{"type":"Point","coordinates":[183503.86519999988,1881270.3563999999]},"properties":{"OBJECTID":515,"Asset_ID":"GrS588","Name":"mMART","District_ID":"Auqad al Shamaliyya","Gov_ID":"Dhofar Governorate","Wlyt_ID":"Salalah","Road_ID":"105885","Latitude":16.993803849999999,"Longitude":54.027831480000003,"GlobalID":"{4608922C-2309-477E-9968-83467FDBFDEC}"}},{"type":"Feature","id":516,"geometry":{"type":"Point","coordinates":[187347.98060000036,1882574.3335999995]},"properties":{"OBJECTID":516,"Asset_ID":"GrS589","Name":"بقالة","District_ID":"al Wadi","Gov_ID":"Dhofar Governorate","Wlyt_ID":"Salalah","Road_ID":"103812","Latitude":17.006099079999998,"Longitude":54.063712840000001,"GlobalID":"{2FA21813-7C52-4E4C-907B-A6442A789A1E}"}},{"type":"Feature","id":517,"geometry":{"type":"Point","coordinates":[185618.59260000009,1882191.1546999998]},"properties":{"OBJECTID":517,"Asset_ID":"GrS590","Name":"مواد غذائية","District_ID":"Auqad al Janubiyya","Gov_ID":"Dhofar Governorate","Wlyt_ID":"Salalah","Road_ID":"105345","Latitude":17.002405079999999,"Longitude":54.047541080000002,"GlobalID":"{10169537-9F98-4D5A-B7A4-D675C35A04C4}"}},{"type":"Feature","id":518,"geometry":{"type":"Point","coordinates":[185616.46059999987,1882190.6977999993]},"properties":{"OBJECTID":518,"Asset_ID":"GrS591","Name":"بيع فواكه وخضروات","District_ID":"Auqad al Janubiyya","Gov_ID":"Dhofar Governorate","Wlyt_ID":"Salalah","Road_ID":"105345","Latitude":17.002400659999999,"Longitude":54.047521140000001,"GlobalID":"{6ED3E54F-EEEE-4061-91B0-35E518227BB2}"}},{"type":"Feature","id":519,"geometry":{"type":"Point","coordinates":[185641.43609999958,1882194.9618999995]},"properties":{"OBJECTID":519,"Asset_ID":"GrS592","Name":"بيع خضروات وفواكه","District_ID":"Auqad al Janubiyya","Gov_ID":"Dhofar Governorate","Wlyt_ID":"Salalah","Road_ID":"105422","Latitude":17.002442559999999,"Longitude":54.047754859999998,"GlobalID":"{270AD0B9-2C09-48A1-8E50-CB872FBBA5B7}"}},{"type":"Feature","id":520,"geometry":{"type":"Point","coordinates":[185650.1166000003,1882221.1557]},"properties":{"OBJECTID":520,"Asset_ID":"GrS593","Name":"سوق تجاري","District_ID":"Auqad al Janubiyya","Gov_ID":"Dhofar Governorate","Wlyt_ID":"Salalah","Road_ID":"105345","Latitude":17.0026802,"Longitude":54.0478326,"GlobalID":"{712F9126-FBED-44E3-94B9-8BCD335DFED0}"}},{"type":"Feature","id":521,"geometry":{"type":"Point","coordinates":[185576.86539999954,1882208.8202]},"properties":{"OBJECTID":521,"Asset_ID":"GrS594","Name":"سوق تجاري","District_ID":"Auqad al Janubiyya","Gov_ID":"Dhofar Governorate","Wlyt_ID":"Salalah","Road_ID":"105345","Latitude":17.002558870000001,"Longitude":54.047147080000002,"GlobalID":"{82F0E905-F3E4-491F-935C-FBD2AD112341}"}},{"type":"Feature","id":522,"geometry":{"type":"Point","coordinates":[185089.23500000034,1882228.7700999994]},"properties":{"OBJECTID":522,"Asset_ID":"GrS595","Name":"سوق تجاري ","District_ID":"Auqad al Janubiyya","Gov_ID":"Dhofar Governorate","Wlyt_ID":"Salalah","Road_ID":"105411","Latitude":17.002672520000001,"Longitude":54.042569190000002,"GlobalID":"{4CC3F339-1ECD-4715-B46C-3AFC339943EC}"}},{"type":"Feature","id":523,"geometry":{"type":"Point","coordinates":[185066.54389999993,1882221.4602000006]},"properties":{"OBJECTID":523,"Asset_ID":"GrS596","Name":"سوق تجاري","District_ID":"Auqad al Janubiyya","Gov_ID":"Dhofar Governorate","Wlyt_ID":"Salalah","Road_ID":"105411","Latitude":17.002603430000001,"Longitude":54.042357330000002,"GlobalID":"{2BFF1C5A-F35B-4C4F-8588-74753E9B4EE9}"}},{"type":"Feature","id":524,"geometry":{"type":"Point","coordinates":[184742.3200000003,1882115.0099999998]},"properties":{"OBJECTID":524,"Asset_ID":"GrS597","Name":"مواد غذائية وكماليات","District_ID":"Auqad al Janubiyya","Gov_ID":"Dhofar Governorate","Wlyt_ID":"Salalah","Road_ID":"105404","Latitude":17.001598220000002,"Longitude":54.039330499999998,"GlobalID":"{3F4CFC80-F9C4-42C8-A8E4-D9005607C08F}"}},{"type":"Feature","id":525,"geometry":{"type":"Point","coordinates":[187083.32990000024,1886824.2212000005]},"properties":{"OBJECTID":525,"Asset_ID":"GrS598","Name":"M Mart","District_ID":"New Industrial Area","Gov_ID":"Dhofar Governorate","Wlyt_ID":"Salalah","Road_ID":"105331","Latitude":17.04442937,"Longitude":54.060630250000003,"GlobalID":"{690D97D0-EE37-4047-BD48-5462FA1E6BD9}"}},{"type":"Feature","id":526,"geometry":{"type":"Point","coordinates":[186087.31469999999,1885718.2210000008]},"properties":{"OBJECTID":526,"Asset_ID":"GrS599","Name":"مواد الغذائية","District_ID":"New Industrial Area","Gov_ID":"Dhofar Governorate","Wlyt_ID":"Salalah","Road_ID":"105213","Latitude":17.034309440000001,"Longitude":54.051439879999997,"GlobalID":"{CFE8D4FB-9675-4D86-8F03-9A9278DEAF2B}"}},{"type":"Feature","id":527,"geometry":{"type":"Point","coordinates":[185548.33440000005,1885557.3312999997]},"properties":{"OBJECTID":527,"Asset_ID":"GrS600","Name":"سوق تجاري","District_ID":"New Industrial Area","Gov_ID":"Dhofar Governorate","Wlyt_ID":"Salalah","Road_ID":"105221","Latitude":17.03278353,"Longitude":54.046404989999999,"GlobalID":"{39A676AD-18BF-4E41-BFDB-31CEA22CE900}"}},{"type":"Feature","id":528,"geometry":{"type":"Point","coordinates":[185316.48070000019,1885664.2252999991]},"properties":{"OBJECTID":528,"Asset_ID":"GrS601","Name":"بقالة","District_ID":"New Industrial Area","Gov_ID":"Dhofar Governorate","Wlyt_ID":"Salalah","Road_ID":"105195","Latitude":17.033716869999999,"Longitude":54.044214160000003,"GlobalID":"{A7CA110B-FC39-479E-8504-391E97338D7D}"}},{"type":"Feature","id":529,"geometry":{"type":"Point","coordinates":[185383.9793999996,1885682.4539999999]},"properties":{"OBJECTID":529,"Asset_ID":"GrS602","Name":"محلات بقالة","District_ID":"New Industrial Area","Gov_ID":"Dhofar Governorate","Wlyt_ID":"Salalah","Road_ID":"105263","Latitude":17.033890639999999,"Longitude":54.04484497,"GlobalID":"{79A475B5-8FB7-4AF6-9840-A4929CA5B75E}"}},{"type":"Feature","id":530,"geometry":{"type":"Point","coordinates":[185387.60720000044,1885883.6356000006]},"properties":{"OBJECTID":530,"Asset_ID":"GrS603","Name":"بقالة","District_ID":"New Industrial Area","Gov_ID":"Dhofar Governorate","Wlyt_ID":"Salalah","Road_ID":"105221","Latitude":17.035707290000001,"Longitude":54.044850459999999,"GlobalID":"{39C41E5D-6E7D-45D7-B048-0F20625DBD21}"}},{"type":"Feature","id":531,"geometry":{"type":"Point","coordinates":[185379.48440000042,1885900.6945999991]},"properties":{"OBJECTID":531,"Asset_ID":"GrS604","Name":"مواد غذائية","District_ID":"New Industrial Area","Gov_ID":"Dhofar Governorate","Wlyt_ID":"Salalah","Road_ID":"105221","Latitude":17.03586018,"Longitude":54.04477181,"GlobalID":"{4C83F55A-82D2-4170-AAB9-C112DD9B5E1E}"}},{"type":"Feature","id":532,"geometry":{"type":"Point","coordinates":[185542.86830000021,1886188.4690000005]},"properties":{"OBJECTID":532,"Asset_ID":"GrS605","Name":"بقالة","District_ID":"New Industrial Area","Gov_ID":"Dhofar Governorate","Wlyt_ID":"Salalah","Road_ID":"105226","Latitude":17.03848034,"Longitude":54.046264170000001,"GlobalID":"{0018D86D-D743-4FE1-A4E1-DDE3FFBDEC47}"}},{"type":"Feature","id":533,"geometry":{"type":"Point","coordinates":[184142.36770000029,1885145.0551999994]},"properties":{"OBJECTID":533,"Asset_ID":"GrS606","Name":"سوق تجاري","District_ID":"New Industrial Area","Gov_ID":"Dhofar Governorate","Wlyt_ID":"Salalah","Road_ID":"105234","Latitude":17.028869520000001,"Longitude":54.033270539999997,"GlobalID":"{37C5BE3D-D1E2-40A4-B09C-B81402EFE839}"}},{"type":"Feature","id":534,"geometry":{"type":"Point","coordinates":[184164.55800000019,1885209.7895]},"properties":{"OBJECTID":534,"Asset_ID":"GrS607","Name":"بقالة","District_ID":"New Industrial Area","Gov_ID":"Dhofar Governorate","Wlyt_ID":"Salalah","Road_ID":"105234","Latitude":17.029456939999999,"Longitude":54.033469539999999,"GlobalID":"{DE2594B5-F5C2-40DB-B920-C5E714994936}"}},{"type":"Feature","id":535,"geometry":{"type":"Point","coordinates":[184729.56769999955,1885456.3308000006]},"properties":{"OBJECTID":535,"Asset_ID":"GrS608","Name":"سوق تجاري","District_ID":"New Industrial Area","Gov_ID":"Dhofar Governorate","Wlyt_ID":"Salalah","Road_ID":"105228","Latitude":17.031759910000002,"Longitude":54.038736270000001,"GlobalID":"{12DF41E3-D032-4F0F-8FC6-1C7A4FB6E755}"}},{"type":"Feature","id":536,"geometry":{"type":"Point","coordinates":[185098.74210000038,1885612.7849000003]},"properties":{"OBJECTID":536,"Asset_ID":"GrS609","Name":"بقالة","District_ID":"New Industrial Area","Gov_ID":"Dhofar Governorate","Wlyt_ID":"Salalah","Road_ID":"105254","Latitude":17.03322275,"Longitude":54.042178249999999,"GlobalID":"{990FC2CE-B94B-4B63-B597-D088593402C7}"}},{"type":"Feature","id":537,"geometry":{"type":"Point","coordinates":[185072.56950000022,1885640.4810000006]},"properties":{"OBJECTID":537,"Asset_ID":"GrS610","Name":"بقالة","District_ID":"New Industrial Area","Gov_ID":"Dhofar Governorate","Wlyt_ID":"Salalah","Road_ID":"105254","Latitude":17.033469199999999,"Longitude":54.041928720000001,"GlobalID":"{6A2D3AAB-88A8-42E0-979B-5C160B253A36}"}},{"type":"Feature","id":538,"geometry":{"type":"Point","coordinates":[183837.00530000031,1885097.7452000007]},"properties":{"OBJECTID":538,"Asset_ID":"GrS611","Name":"M Mart","District_ID":"Auqad al Shamaliyya","Gov_ID":"Dhofar Governorate","Wlyt_ID":"Salalah","Road_ID":"105644","Latitude":17.02840058,"Longitude":54.03041193,"GlobalID":"{C0951DA3-8895-4D87-B416-0E3D95BD4E57}"}},{"type":"Feature","id":539,"geometry":{"type":"Point","coordinates":[194281.31219999958,1883928.8535999991]},"properties":{"OBJECTID":539,"Asset_ID":"GrS612","Name":"سوق تجاري","District_ID":"al Huseela","Gov_ID":"Dhofar Governorate","Wlyt_ID":"Salalah","Road_ID":"103824","Latitude":17.019256479999999,"Longitude":54.128580890000002,"GlobalID":"{60A3F0E1-1847-4DDD-BAB0-CAD842298917}"}},{"type":"Feature","id":540,"geometry":{"type":"Point","coordinates":[194187.09570000041,1883922.9539000001]},"properties":{"OBJECTID":540,"Asset_ID":"GrS613","Name":"محلات بقالة","District_ID":"al Huseela","Gov_ID":"Dhofar Governorate","Wlyt_ID":"Salalah","Road_ID":"103824","Latitude":17.019190729999998,"Longitude":54.127697599999998,"GlobalID":"{75BE5DAF-2C1D-4B8A-8B0F-8C84A43A106A}"}},{"type":"Feature","id":541,"geometry":{"type":"Point","coordinates":[194024.78579999972,1883885.8966000006]},"properties":{"OBJECTID":541,"Asset_ID":"GrS614","Name":"سوق تجاري","District_ID":"al Huseela","Gov_ID":"Dhofar Governorate","Wlyt_ID":"Salalah","Road_ID":"103824","Latitude":17.018834640000001,"Longitude":54.126179630000003,"GlobalID":"{962A93EF-6BA4-4832-A8AD-2C6FEBEBE67A}"}},{"type":"Feature","id":542,"geometry":{"type":"Point","coordinates":[193924.02240000013,1883836.3354000002]},"properties":{"OBJECTID":542,"Asset_ID":"GrS615","Name":"تيجان مارت","District_ID":"al Huseela","Gov_ID":"Dhofar Governorate","Wlyt_ID":"Salalah","Road_ID":"103824","Latitude":17.018373830000002,"Longitude":54.125240929999997,"GlobalID":"{5B68E757-95BD-4408-B47D-76859016402E}"}},{"type":"Feature","id":543,"geometry":{"type":"Point","coordinates":[193902.83700000029,1883837.8551000003]},"properties":{"OBJECTID":543,"Asset_ID":"GrS616","Name":"محلات بقالة","District_ID":"al Huseela","Gov_ID":"Dhofar Governorate","Wlyt_ID":"Salalah","Road_ID":"103922","Latitude":17.018384739999998,"Longitude":54.125041920000001,"GlobalID":"{09789306-05B4-4565-996F-A958789CC8B7}"}},{"type":"Feature","id":544,"geometry":{"type":"Point","coordinates":[193733.19249999989,1883809.3957000002]},"properties":{"OBJECTID":544,"Asset_ID":"GrS617","Name":"سوق جبل ريحان التجاري","District_ID":"al Huseela","Gov_ID":"Dhofar Governorate","Wlyt_ID":"Salalah","Road_ID":"103824","Latitude":17.018105290000001,"Longitude":54.123453959999999,"GlobalID":"{30A4B0EB-123F-42FC-8B12-6E3551EE2129}"}},{"type":"Feature","id":545,"geometry":{"type":"Point","coordinates":[193702.74419999961,1883830.2067000009]},"properties":{"OBJECTID":545,"Asset_ID":"GrS618","Name":"مواد غذائية","District_ID":"al Huseela","Gov_ID":"Dhofar Governorate","Wlyt_ID":"Salalah","Road_ID":"103824","Latitude":17.018289129999999,"Longitude":54.123165370000002,"GlobalID":"{82AF7278-4141-4404-9E23-053686275924}"}},{"type":"Feature","id":546,"geometry":{"type":"Point","coordinates":[193521.50140000042,1883744.1749000009]},"properties":{"OBJECTID":546,"Asset_ID":"GrS619","Name":"مواد غذائية","District_ID":"al Huseela","Gov_ID":"Dhofar Governorate","Wlyt_ID":"Salalah","Road_ID":"103824","Latitude":17.017488360000002,"Longitude":54.121476530000002,"GlobalID":"{E8F18C57-C9DE-41F4-95D2-27F095EF334E}"}},{"type":"Feature","id":547,"geometry":{"type":"Point","coordinates":[193525.88150000013,1883745.3368999995]},"properties":{"OBJECTID":547,"Asset_ID":"GrS620","Name":"بيع الفواكه والخضروات الطازجة والتمور","District_ID":"al Huseela","Gov_ID":"Dhofar Governorate","Wlyt_ID":"Salalah","Road_ID":"103824","Latitude":17.017499430000001,"Longitude":54.121517470000001,"GlobalID":"{E6B9471D-7097-4ECB-AC91-7D1ABF58083C}"}},{"type":"Feature","id":548,"geometry":{"type":"Point","coordinates":[193488.78479999956,1883734.6102000009]},"properties":{"OBJECTID":548,"Asset_ID":"GrS621","Name":"بقالة","District_ID":"al Huseela","Gov_ID":"Dhofar Governorate","Wlyt_ID":"Salalah","Road_ID":"103824","Latitude":17.01739766,"Longitude":54.121170849999999,"GlobalID":"{A4BF1CA3-8F3C-4151-A6F8-3DB6B9634315}"}},{"type":"Feature","id":549,"geometry":{"type":"Point","coordinates":[193521.52969999984,1883846.6616999991]},"properties":{"OBJECTID":549,"Asset_ID":"GrS622","Name":"محلات البقالة","District_ID":"al Huseela","Gov_ID":"Dhofar Governorate","Wlyt_ID":"Salalah","Road_ID":"103876","Latitude":17.01841362,"Longitude":54.121462639999997,"GlobalID":"{0F652587-6BD4-4CA3-8F7F-FA845C458425}"}},{"type":"Feature","id":550,"geometry":{"type":"Point","coordinates":[193604.69510000013,1883927.2781000007]},"properties":{"OBJECTID":550,"Asset_ID":"GrS623","Name":"بقالة","District_ID":"al Huseela","Gov_ID":"Dhofar Governorate","Wlyt_ID":"Salalah","Road_ID":"103872","Latitude":17.019152479999999,"Longitude":54.122231910000004,"GlobalID":"{25FE0C19-8C44-4AAE-81FA-CDB012E28A16}"}},{"type":"Feature","id":551,"geometry":{"type":"Point","coordinates":[193722.57749999966,1884057.1721999999]},"properties":{"OBJECTID":551,"Asset_ID":"GrS624","Name":"محلات بقالة","District_ID":"al Huseela","Gov_ID":"Dhofar Governorate","Wlyt_ID":"Salalah","Road_ID":"103895","Latitude":17.020340829999999,"Longitude":54.123320159999999,"GlobalID":"{A95BBF7F-8B10-4AE4-A17E-9F7A45F11B26}"}},{"type":"Feature","id":552,"geometry":{"type":"Point","coordinates":[193764.89790000021,1884046.5571999997]},"properties":{"OBJECTID":552,"Asset_ID":"GrS625","Name":"مواد غذائية وكماليات","District_ID":"al Huseela","Gov_ID":"Dhofar Governorate","Wlyt_ID":"Salalah","Road_ID":"103895","Latitude":17.020250610000002,"Longitude":54.123718750000002,"GlobalID":"{E2FF5581-B733-47E9-B7F0-5C6CC4A9ECA2}"}},{"type":"Feature","id":553,"geometry":{"type":"Point","coordinates":[193893.18300000019,1884060.9713000003]},"properties":{"OBJECTID":553,"Asset_ID":"GrS626","Name":"بقالة","District_ID":"al Huseela","Gov_ID":"Dhofar Governorate","Wlyt_ID":"Salalah","Road_ID":"103895","Latitude":17.020397769999999,"Longitude":54.12492056,"GlobalID":"{72667CE0-D7F0-4013-B16C-ECB706003E3E}"}},{"type":"Feature","id":554,"geometry":{"type":"Point","coordinates":[193903.28399999999,1884035.1377000008]},"properties":{"OBJECTID":554,"Asset_ID":"GrS627","Name":"محلات البقالة","District_ID":"al Huseela","Gov_ID":"Dhofar Governorate","Wlyt_ID":"Salalah","Road_ID":"103891","Latitude":17.020165890000001,"Longitude":54.125018910000001,"GlobalID":"{94B31A01-7975-4CA0-904F-2402B6D3329B}"}},{"type":"Feature","id":555,"geometry":{"type":"Point","coordinates":[193884.42279999983,1884043.7191000003]},"properties":{"OBJECTID":555,"Asset_ID":"GrS628","Name":"مواد غذائية","District_ID":"al Huseela","Gov_ID":"Dhofar Governorate","Wlyt_ID":"Salalah","Road_ID":"103891","Latitude":17.020240860000001,"Longitude":54.124840730000003,"GlobalID":"{6F255A5F-1F41-4DEE-9F38-497DFBDB5232}"}},{"type":"Feature","id":556,"geometry":{"type":"Point","coordinates":[193806.11760000046,1883993.1247000005]},"properties":{"OBJECTID":556,"Asset_ID":"GrS629","Name":"بيع فواكه وخضروات ","District_ID":"al Huseela","Gov_ID":"Dhofar Governorate","Wlyt_ID":"Salalah","Road_ID":"103897","Latitude":17.019773690000001,"Longitude":54.124112920000002,"GlobalID":"{21839860-4DD4-4F5A-BB24-6A1892DA2FA8}"}},{"type":"Feature","id":557,"geometry":{"type":"Point","coordinates":[193806.56460000016,1883990.5322999991]},"properties":{"OBJECTID":557,"Asset_ID":"GrS630","Name":"بقالة","District_ID":"al Huseela","Gov_ID":"Dhofar Governorate","Wlyt_ID":"Salalah","Road_ID":"103897","Latitude":17.019750349999999,"Longitude":54.124117470000002,"GlobalID":"{54F5119E-7710-4702-9AEB-F36428E4A2A5}"}},{"type":"Feature","id":558,"geometry":{"type":"Point","coordinates":[193793.69240000006,1884009.2148000002]},"properties":{"OBJECTID":558,"Asset_ID":"GrS631","Name":"خضار و فواكة","District_ID":"al Huseela","Gov_ID":"Dhofar Governorate","Wlyt_ID":"Salalah","Road_ID":"103896","Latitude":17.01991731,"Longitude":54.123994099999997,"GlobalID":"{CD9ED191-BB25-4B29-88EE-DD0172027653}"}},{"type":"Feature","id":559,"geometry":{"type":"Point","coordinates":[193797.80439999979,1884009.9298999999]},"properties":{"OBJECTID":559,"Asset_ID":"GrS632","Name":"مواد غذائية","District_ID":"al Huseela","Gov_ID":"Dhofar Governorate","Wlyt_ID":"Salalah","Road_ID":"103896","Latitude":17.01992431,"Longitude":54.124032589999999,"GlobalID":"{295AB8FC-0CD0-457B-AC7F-6438B3827C46}"}},{"type":"Feature","id":560,"geometry":{"type":"Point","coordinates":[193858.94680000003,1884016.3659000006]},"properties":{"OBJECTID":560,"Asset_ID":"GrS633","Name":"محلات البقالة","District_ID":"al Huseela","Gov_ID":"Dhofar Governorate","Wlyt_ID":"Salalah","Road_ID":"103896","Latitude":17.019990530000001,"Longitude":54.124605449999997,"GlobalID":"{15A23DDE-0DAC-47BC-9235-D2E9245E0624}"}},{"type":"Feature","id":561,"geometry":{"type":"Point","coordinates":[193843.67239999957,1883929.3731999993]},"properties":{"OBJECTID":561,"Asset_ID":"GrS634","Name":"مواد الغذائية","District_ID":"al Huseela","Gov_ID":"Dhofar Governorate","Wlyt_ID":"Salalah","Road_ID":"103897","Latitude":17.01920312,"Longitude":54.124474120000002,"GlobalID":"{3237935A-5A22-4CE6-AC76-897D2564B3CB}"}},{"type":"Feature","id":562,"geometry":{"type":"Point","coordinates":[194162.96050000004,1884021.4611000009]},"properties":{"OBJECTID":562,"Asset_ID":"GrS635","Name":"مواد غذائية","District_ID":"al Huseela","Gov_ID":"Dhofar Governorate","Wlyt_ID":"Salalah","Road_ID":"103887","Latitude":17.02007686,"Longitude":54.127457550000003,"GlobalID":"{F03127A0-8676-482D-9389-7FB74B60261E}"}},{"type":"Feature","id":563,"geometry":{"type":"Point","coordinates":[194276.23379999958,1884177.2894000001]},"properties":{"OBJECTID":563,"Asset_ID":"GrS636","Name":"سوق النومسية التجارية","District_ID":"al Huseela","Gov_ID":"Dhofar Governorate","Wlyt_ID":"Salalah","Road_ID":"103867","Latitude":17.021498709999999,"Longitude":54.128499009999999,"GlobalID":"{B9389CFD-8024-474C-890C-97DABAB16968}"}},{"type":"Feature","id":564,"geometry":{"type":"Point","coordinates":[194258.07660000026,1884155.5007000007]},"properties":{"OBJECTID":564,"Asset_ID":"GrS637","Name":"بيع الفواكه والخضروات الطازجة والتمور","District_ID":"al Huseela","Gov_ID":"Dhofar Governorate","Wlyt_ID":"Salalah","Road_ID":"103867","Latitude":17.021299599999999,"Longitude":54.128331629999998,"GlobalID":"{BA572FD3-C2D1-416D-8AB3-2C8F970BF64D}"}},{"type":"Feature","id":565,"geometry":{"type":"Point","coordinates":[193976.63929999992,1884142.6510000005]},"properties":{"OBJECTID":565,"Asset_ID":"GrS638","Name":"محلات بقالة","District_ID":"al Huseela","Gov_ID":"Dhofar Governorate","Wlyt_ID":"Salalah","Road_ID":"103891","Latitude":17.021146259999998,"Longitude":54.125692430000001,"GlobalID":"{B3E47CAC-9931-4818-95F2-8E0AFC7DCBEA}"}},{"type":"Feature","id":566,"geometry":{"type":"Point","coordinates":[193905.54669999983,1884140.1369000003]},"properties":{"OBJECTID":566,"Asset_ID":"GrS639","Name":"بقالة","District_ID":"al Huseela","Gov_ID":"Dhofar Governorate","Wlyt_ID":"Salalah","Road_ID":"103893","Latitude":17.021114130000001,"Longitude":54.125025659999999,"GlobalID":"{EF9FF682-CD87-426F-9524-54CF63869B94}"}},{"type":"Feature","id":567,"geometry":{"type":"Point","coordinates":[193855.12540000025,1884163.1826000009]},"properties":{"OBJECTID":567,"Asset_ID":"GrS640","Name":"مواد غذائية","District_ID":"al Huseela","Gov_ID":"Dhofar Governorate","Wlyt_ID":"Salalah","Road_ID":"103867","Latitude":17.021315489999999,"Longitude":54.124549330000001,"GlobalID":"{C1BC2E3C-6907-41FD-9502-C61D3B8A14DF}"}},{"type":"Feature","id":568,"geometry":{"type":"Point","coordinates":[193751.76879999973,1884122.2589999996]},"properties":{"OBJECTID":568,"Asset_ID":"GrS641","Name":"مواد غذائية و كماليات","District_ID":"al Huseela","Gov_ID":"Dhofar Governorate","Wlyt_ID":"Salalah","Road_ID":"103867","Latitude":17.020932309999999,"Longitude":54.1235851,"GlobalID":"{47FFCADA-B8A9-4BF4-A399-3E1CB3A6366F}"}},{"type":"Feature","id":569,"geometry":{"type":"Point","coordinates":[193762.38379999995,1884123.9350000005]},"properties":{"OBJECTID":569,"Asset_ID":"GrS642","Name":"بقالة","District_ID":"al Huseela","Gov_ID":"Dhofar Governorate","Wlyt_ID":"Salalah","Road_ID":"103867","Latitude":17.02094885,"Longitude":54.123684480000001,"GlobalID":"{FC4E5239-3239-4C7F-B55E-C35B8C76F8C9}"}},{"type":"Feature","id":570,"geometry":{"type":"Point","coordinates":[193599.94629999995,1884113.0406999998]},"properties":{"OBJECTID":570,"Asset_ID":"GrS643","Name":"بقالة","District_ID":"al Huseela","Gov_ID":"Dhofar Governorate","Wlyt_ID":"Salalah","Road_ID":"103867","Latitude":17.02082892,"Longitude":54.122161699999999,"GlobalID":"{661CD661-4280-44DA-88F2-F665B45D70CC}"}},{"type":"Feature","id":571,"geometry":{"type":"Point","coordinates":[193545.33490000013,1884083.9890999999]},"properties":{"OBJECTID":571,"Asset_ID":"GrS644","Name":"سوق تجاري","District_ID":"al Huseela","Gov_ID":"Dhofar Governorate","Wlyt_ID":"Salalah","Road_ID":"103865","Latitude":17.020559389999999,"Longitude":54.121653250000001,"GlobalID":"{D61AEBA6-B71F-4CF1-A927-C1F688C11418}"}},{"type":"Feature","id":572,"geometry":{"type":"Point","coordinates":[193522.00980000012,1884168.7695000004]},"properties":{"OBJECTID":572,"Asset_ID":"GrS645","Name":"ارض الكوثر للتجارة","District_ID":"al Huseela","Gov_ID":"Dhofar Governorate","Wlyt_ID":"Salalah","Road_ID":"103824","Latitude":17.021321690000001,"Longitude":54.12142266,"GlobalID":"{4AFCFAFD-7133-4CDE-8348-0516327C3EF7}"}},{"type":"Feature","id":573,"geometry":{"type":"Point","coordinates":[193482.48290000018,1884160.5288999993]},"properties":{"OBJECTID":573,"Asset_ID":"GrS646","Name":"سوق باب السلام","District_ID":"al Huseela","Gov_ID":"Dhofar Governorate","Wlyt_ID":"Salalah","Road_ID":"103824","Latitude":17.021242040000001,"Longitude":54.121052880000001,"GlobalID":"{7143E032-B2D9-4134-8D0A-E2197109EFCD}"}},{"type":"Feature","id":574,"geometry":{"type":"Point","coordinates":[193463.3479000004,1884157.4561000001]},"properties":{"OBJECTID":574,"Asset_ID":"GrS647","Name":"سوق باب السلام","District_ID":"al Huseela","Gov_ID":"Dhofar Governorate","Wlyt_ID":"Salalah","Road_ID":"103824","Latitude":17.02121176,"Longitude":54.120873750000001,"GlobalID":"{8C8593FF-4765-4967-8A06-F44968A65C72}"}},{"type":"Feature","id":575,"geometry":{"type":"Point","coordinates":[193436.39140000008,1884152.4278999995]},"properties":{"OBJECTID":575,"Asset_ID":"GrS648","Name":"سوق تجارية","District_ID":"al Huseela","Gov_ID":"Dhofar Governorate","Wlyt_ID":"Salalah","Road_ID":"103824","Latitude":17.021162780000001,"Longitude":54.120621489999998,"GlobalID":"{7650825B-E1C5-4A51-B2CC-898C3BA90A3E}"}},{"type":"Feature","id":576,"geometry":{"type":"Point","coordinates":[193428.43010000046,1884151.3105999995]},"properties":{"OBJECTID":576,"Asset_ID":"GrS649","Name":"بيع الخضروات والفواكة","District_ID":"al Huseela","Gov_ID":"Dhofar Governorate","Wlyt_ID":"Salalah","Road_ID":"103824","Latitude":17.021151629999999,"Longitude":54.120546939999997,"GlobalID":"{7469D320-5986-4F89-83D4-919111D177A6}"}},{"type":"Feature","id":577,"geometry":{"type":"Point","coordinates":[193406.64140000008,1884146.0031000003]},"properties":{"OBJECTID":577,"Asset_ID":"GrS650","Name":"بيع الفواكه والخضروات الطازجة والتمور","District_ID":"al Huseela","Gov_ID":"Dhofar Governorate","Wlyt_ID":"Salalah","Road_ID":"103824","Latitude":17.021100820000001,"Longitude":54.120343210000001,"GlobalID":"{CAC38467-411B-49D7-89F2-627D01DAF303}"}},{"type":"Feature","id":578,"geometry":{"type":"Point","coordinates":[193362.38800000027,1884137.3099000007]},"properties":{"OBJECTID":578,"Asset_ID":"GrS651","Name":"الفواكة والخضروات الطازجة والتمور","District_ID":"al Huseela","Gov_ID":"Dhofar Governorate","Wlyt_ID":"Salalah","Road_ID":"103866","Latitude":17.021016450000001,"Longitude":54.119929149999997,"GlobalID":"{7BD22D54-6DB8-4AD6-AB94-F0C8339C28DC}"}},{"type":"Feature","id":579,"geometry":{"type":"Point","coordinates":[193322.96729999967,1884131.0526999999]},"properties":{"OBJECTID":579,"Asset_ID":"GrS652","Name":"سوق تجاري","District_ID":"al Huseela","Gov_ID":"Dhofar Governorate","Wlyt_ID":"Salalah","Road_ID":"103812","Latitude":17.020954719999999,"Longitude":54.11956009,"GlobalID":"{5EBDE37E-DDB8-46A4-A43F-E28437276E96}"}},{"type":"Feature","id":580,"geometry":{"type":"Point","coordinates":[193763.11699999962,1884217.0084000006]},"properties":{"OBJECTID":580,"Asset_ID":"GrS653","Name":"بيع بالجملة مواد غذائية","District_ID":"al Huseela","Gov_ID":"Dhofar Governorate","Wlyt_ID":"Salalah","Road_ID":"103824","Latitude":17.021789219999999,"Longitude":54.123678509999998,"GlobalID":"{F30D44AB-4D26-4284-B650-E0CB9C288B6F}"}},{"type":"Feature","id":581,"geometry":{"type":"Point","coordinates":[199054.16559999995,1885058.4200999998]},"properties":{"OBJECTID":581,"Asset_ID":"GrS581","Name":"MAKANAK","District_ID":"Dahariz al Shamaliyya","Gov_ID":"Dhofar Governorate","Wlyt_ID":"Salalah","Road_ID":null,"Latitude":17.030082419999999,"Longitude":54.173215990000003,"GlobalID":"{E818ABBD-1BAB-4AEC-92FD-2F1099BF4722}"}}]
}