{
  "type" : "FeatureCollection",
  "crs" : {
    "type" : "name",
    "properties" : {
      "name" : "EPSG:32640"
    }
  },
  "features" : [{"type":"Feature","id":1,"geometry":{"type":"Point","coordinates":[195731.47339999955,1885538.4550000001]},"properties":{"OBJECTID":1,"Asset_ID":"GLY1","Name":"Gully","District_ID":"al Sada al Janubiyya","Wlyt_ID":"Salalah","Gov_ID":"Dhofar Governorate","Road_ID":"102645","Mun_ID":" ","Latitude":17.033980069999998,"Longitude":54.141968159999998,"GlobalID":"{C2665DD1-70F2-4FAE-8D03-2A734E198B51}","NEAR_FID":18504,"NEAR_DIST":7.0702198108121435}},{"type":"Feature","id":2,"geometry":{"type":"Point","coordinates":[195741.31699999981,1885515.8708999995]},"properties":{"OBJECTID":2,"Asset_ID":"GLY2","Name":"Gully","District_ID":"al Sada al Janubiyya","Wlyt_ID":"Salalah","Gov_ID":"Dhofar Governorate","Road_ID":"102645","Mun_ID":" ","Latitude":17.03377747,"Longitude":54.142063640000003,"GlobalID":"{EE88B79F-5CE8-4BD2-AA8D-DE1470783DD9}","NEAR_FID":18504,"NEAR_DIST":7.4973949095808363}},{"type":"Feature","id":3,"geometry":{"type":"Point","coordinates":[195703.47090000007,1885479.0985000003]},"properties":{"OBJECTID":3,"Asset_ID":"GLY3","Name":"Gully","District_ID":"Jerziz Farm","Wlyt_ID":"Salalah","Gov_ID":"Dhofar Governorate","Road_ID":"102645","Mun_ID":" ","Latitude":17.03344049,"Longitude":54.141713520000003,"GlobalID":"{206BEEF4-997F-48D5-BFF1-CE1AC3BD13DE}","NEAR_FID":4178,"NEAR_DIST":7.5846590420609798}},{"type":"Feature","id":4,"geometry":{"type":"Point","coordinates":[195760.61569999997,1885471.5286999997]},"properties":{"OBJECTID":4,"Asset_ID":"GLY4","Name":"Gully","District_ID":"al Sada al Janubiyya","Wlyt_ID":"Salalah","Gov_ID":"Dhofar Governorate","Road_ID":"100418","Mun_ID":" ","Latitude":17.03337969,"Longitude":54.142250840000003,"GlobalID":"{FA516307-D3DC-4CC1-A78C-8ADA46FBC8DF}","NEAR_FID":9074,"NEAR_DIST":7.9027337878643369}},{"type":"Feature","id":5,"geometry":{"type":"Point","coordinates":[195751.18680000026,1885493.2524999995]},"properties":{"OBJECTID":5,"Asset_ID":"GLY5","Name":"Gully","District_ID":"al Sada al Janubiyya","Wlyt_ID":"Salalah","Gov_ID":"Dhofar Governorate","Road_ID":"102645","Mun_ID":" ","Latitude":17.033574569999999,"Longitude":54.142159370000002,"GlobalID":"{0C4BD4B0-47E5-49B5-8379-ED5F19EB94B8}","NEAR_FID":18504,"NEAR_DIST":7.9356080043228427}},{"type":"Feature","id":6,"geometry":{"type":"Point","coordinates":[195716.21879999992,1885450.1476000007]},"properties":{"OBJECTID":6,"Asset_ID":"GLY6","Name":"Gully","District_ID":"Jerziz Farm","Wlyt_ID":"Salalah","Gov_ID":"Dhofar Governorate","Road_ID":"102645","Mun_ID":" ","Latitude":17.033180789999999,"Longitude":54.141837129999999,"GlobalID":"{81BE8E60-4CE0-47C0-9354-92EF9AFF523F}","NEAR_FID":14968,"NEAR_DIST":5.4057867754771678}},{"type":"Feature","id":7,"geometry":{"type":"Point","coordinates":[195726.87249999959,1885419.1612999998]},"properties":{"OBJECTID":7,"Asset_ID":"GLY7","Name":"Gully","District_ID":"Jerziz Farm","Wlyt_ID":"Salalah","Gov_ID":"Dhofar Governorate","Road_ID":"102645","Mun_ID":" ","Latitude":17.032902450000002,"Longitude":54.141941359999997,"GlobalID":"{D3131B63-5012-4419-AA19-DE7162A6AA23}","NEAR_FID":14968,"NEAR_DIST":5.6786315850040685}},{"type":"Feature","id":8,"geometry":{"type":"Point","coordinates":[195773.52759999968,1885441.9546000008]},"properties":{"OBJECTID":8,"Asset_ID":"GLY8","Name":"Gully","District_ID":"al Sada al Janubiyya","Wlyt_ID":"Salalah","Gov_ID":"Dhofar Governorate","Road_ID":"100418","Mun_ID":" ","Latitude":17.033114390000001,"Longitude":54.142376069999997,"GlobalID":"{8677DA42-9842-40EA-82CE-D32D02BEBCFE}","NEAR_FID":9074,"NEAR_DIST":5.3140707288882778}},{"type":"Feature","id":9,"geometry":{"type":"Point","coordinates":[195782.41000000015,1885420.9505000003]},"properties":{"OBJECTID":9,"Asset_ID":"GLY9","Name":"Gully","District_ID":"al Sada al Janubiyya","Wlyt_ID":"Salalah","Gov_ID":"Dhofar Governorate","Road_ID":"100418","Mun_ID":" ","Latitude":17.032925939999998,"Longitude":54.142462309999999,"GlobalID":"{23081E5F-FA89-4640-A07D-2076C3BF3E33}","NEAR_FID":9074,"NEAR_DIST":3.2218473629642128}},{"type":"Feature","id":10,"geometry":{"type":"Point","coordinates":[195790.97449999955,1885401.4666000009]},"properties":{"OBJECTID":10,"Asset_ID":"GLY10","Name":"Gully","District_ID":"al Sada al Janubiyya","Wlyt_ID":"Salalah","Gov_ID":"Dhofar Governorate","Road_ID":"100418","Mun_ID":" ","Latitude":17.03275116,"Longitude":54.14254536,"GlobalID":"{A1409A64-8FDD-478A-9ED4-D5BED08239F6}","NEAR_FID":9074,"NEAR_DIST":2.1045710624916936}},{"type":"Feature","id":11,"geometry":{"type":"Point","coordinates":[195731.41650000028,1885370.5381000005]},"properties":{"OBJECTID":11,"Asset_ID":"GLY11","Name":"Gully","District_ID":"Jerziz Farm","Wlyt_ID":"Salalah","Gov_ID":"Dhofar Governorate","Road_ID":"102645","Mun_ID":" ","Latitude":17.03246407,"Longitude":54.141990679999999,"GlobalID":"{4B273BAE-2FD8-437C-B7EC-9BE3CB3837EB}","NEAR_FID":14968,"NEAR_DIST":3.2973410438044293}},{"type":"Feature","id":12,"geometry":{"type":"Point","coordinates":[195719.25850000046,1885346.0232999995]},"properties":{"OBJECTID":12,"Asset_ID":"GLY12","Name":"Gully","District_ID":"Jerziz Farm","Wlyt_ID":"Salalah","Gov_ID":"Dhofar Governorate","Road_ID":"102645","Mun_ID":" ","Latitude":17.03224114,"Longitude":54.141879940000003,"GlobalID":"{B0455575-3975-4E4C-82C3-9A9DC1F7C416}","NEAR_FID":14968,"NEAR_DIST":3.1067665251976924}},{"type":"Feature","id":13,"geometry":{"type":"Point","coordinates":[195700.84300000034,1885329.1385999992]},"properties":{"OBJECTID":13,"Asset_ID":"GLY13","Name":"Gully","District_ID":"Jerziz Farm","Wlyt_ID":"Salalah","Gov_ID":"Dhofar Governorate","Road_ID":"102645","Mun_ID":" ","Latitude":17.032086270000001,"Longitude":54.14170944,"GlobalID":"{8711DAB7-ECBC-4221-B552-4D8F78CC0096}","NEAR_FID":14968,"NEAR_DIST":3.678528116816083}},{"type":"Feature","id":14,"geometry":{"type":"Point","coordinates":[195682.18219999969,1885317.6439999994]},"properties":{"OBJECTID":14,"Asset_ID":"GLY14","Name":"Gully","District_ID":"Jerziz Farm","Wlyt_ID":"Salalah","Gov_ID":"Dhofar Governorate","Road_ID":"102645","Mun_ID":" ","Latitude":17.03198003,"Longitude":54.14153589,"GlobalID":"{073BA191-B8D1-41BD-98C9-7480C6DFF714}","NEAR_FID":14968,"NEAR_DIST":3.8635781617449529}},{"type":"Feature","id":15,"geometry":{"type":"Point","coordinates":[195654.71729999967,1885303.1458999999]},"properties":{"OBJECTID":15,"Asset_ID":"GLY15","Name":"Gully","District_ID":"Jerziz Farm","Wlyt_ID":"Salalah","Gov_ID":"Dhofar Governorate","Road_ID":"102645","Mun_ID":" ","Latitude":17.03184551,"Longitude":54.141280139999999,"GlobalID":"{35CB0F9C-F474-4A6E-86E7-C2CFACCFC81C}","NEAR_FID":14968,"NEAR_DIST":6.0758994366986832}},{"type":"Feature","id":16,"geometry":{"type":"Point","coordinates":[195733.47319999989,1885395.1881000008]},"properties":{"OBJECTID":16,"Asset_ID":"GLY16","Name":"Gully","District_ID":"Jerziz Farm","Wlyt_ID":"Salalah","Gov_ID":"Dhofar Governorate","Road_ID":"102645","Mun_ID":" ","Latitude":17.032686890000001,"Longitude":54.142006590000001,"GlobalID":"{E8ADA778-18DA-4D94-9562-1E3436E4F503}","NEAR_FID":14968,"NEAR_DIST":4.3507688636774065}},{"type":"Feature","id":17,"geometry":{"type":"Point","coordinates":[195635.3320000004,1885293.5770999994]},"properties":{"OBJECTID":17,"Asset_ID":"GLY17","Name":"Gully","District_ID":"Jerziz Farm","Wlyt_ID":"Salalah","Gov_ID":"Dhofar Governorate","Road_ID":"102645","Mun_ID":" ","Latitude":17.031756560000002,"Longitude":54.141099529999998,"GlobalID":"{D1C73878-2A70-4FD7-B62E-752580785A03}","NEAR_FID":7834,"NEAR_DIST":7.0626544742862949}},{"type":"Feature","id":18,"geometry":{"type":"Point","coordinates":[195713.97319999989,1885326.3202999998]},"properties":{"OBJECTID":18,"Asset_ID":"GLY18","Name":"Gully","District_ID":"Jerziz Farm","Wlyt_ID":"Salalah","Gov_ID":"Dhofar Governorate","Road_ID":"100418","Mun_ID":" ","Latitude":17.03206256,"Longitude":54.141833050000002,"GlobalID":"{20F274EF-CBBB-47DE-A304-17FE953DC46D}","NEAR_FID":10050,"NEAR_DIST":4.6711411734077339}},{"type":"Feature","id":19,"geometry":{"type":"Point","coordinates":[195731.83980000019,1885334.4186000004]},"properties":{"OBJECTID":19,"Asset_ID":"GLY19","Name":"Gully","District_ID":"Jerziz Farm","Wlyt_ID":"Salalah","Gov_ID":"Dhofar Governorate","Road_ID":"100418","Mun_ID":" ","Latitude":17.032138029999999,"Longitude":54.141999599999998,"GlobalID":"{83D8D68A-089D-40BD-ABBC-FF07793477E0}","NEAR_FID":10050,"NEAR_DIST":4.7564745727885178}},{"type":"Feature","id":20,"geometry":{"type":"Point","coordinates":[195720.65670000017,1885283.5164999999]},"properties":{"OBJECTID":20,"Asset_ID":"GLY20","Name":"Gully","District_ID":"al Robat","Wlyt_ID":"Salalah","Gov_ID":"Dhofar Governorate","Road_ID":"102645","Mun_ID":" ","Latitude":17.031676999999998,"Longitude":54.14190164,"GlobalID":"{8E001FC9-DD06-4B31-8D43-C1A829F755A4}","NEAR_FID":8329,"NEAR_DIST":3.6231973296890772}},{"type":"Feature","id":21,"geometry":{"type":"Point","coordinates":[195747.07579999976,1885299.1832999997]},"properties":{"OBJECTID":21,"Asset_ID":"GLY21","Name":"Gully","District_ID":"al Robat","Wlyt_ID":"Salalah","Gov_ID":"Dhofar Governorate","Road_ID":"102645","Mun_ID":" ","Latitude":17.03182193,"Longitude":54.142147420000001,"GlobalID":"{B0B2BF2C-444C-4A10-B18A-F0F634600FA8}","NEAR_FID":9226,"NEAR_DIST":8.5928173397965377}},{"type":"Feature","id":22,"geometry":{"type":"Point","coordinates":[195784.12810000032,1885303.2339999992]},"properties":{"OBJECTID":22,"Asset_ID":"GLY22","Name":"Gully","District_ID":"al Robat","Wlyt_ID":"Salalah","Gov_ID":"Dhofar Governorate","Road_ID":"100418","Mun_ID":" ","Latitude":17.031863390000002,"Longitude":54.142494579999997,"GlobalID":"{CDF4584D-26A3-4DA8-B48F-3882F1BA7677}","NEAR_FID":10702,"NEAR_DIST":0.050816800690314502}},{"type":"Feature","id":23,"geometry":{"type":"Point","coordinates":[195779.06469999999,1885274.2831999995]},"properties":{"OBJECTID":23,"Asset_ID":"GLY23","Name":"Gully","District_ID":"al Robat","Wlyt_ID":"Salalah","Gov_ID":"Dhofar Governorate","Road_ID":"102645","Mun_ID":" ","Latitude":17.031601349999999,"Longitude":54.142451039999997,"GlobalID":"{65ABD54F-E8FD-45C2-8D16-FF7D88B5D429}","NEAR_FID":11194,"NEAR_DIST":0.2000953481647105}},{"type":"Feature","id":24,"geometry":{"type":"Point","coordinates":[195797.70999999996,1885236.9925999995]},"properties":{"OBJECTID":24,"Asset_ID":"GLY24","Name":"Gully","District_ID":"al Robat","Wlyt_ID":"Salalah","Gov_ID":"Dhofar Governorate","Road_ID":"102645","Mun_ID":" ","Latitude":17.031267140000001,"Longitude":54.142631129999998,"GlobalID":"{C01346A6-A494-4CC3-AD1D-FE61E33C5BBF}","NEAR_FID":11194,"NEAR_DIST":6.9787119022921837}},{"type":"Feature","id":25,"geometry":{"type":"Point","coordinates":[195817.34759999998,1885288.9783999994]},"properties":{"OBJECTID":25,"Asset_ID":"GLY25","Name":"Gully","District_ID":"Dahariz al Shamaliyya","Wlyt_ID":"Salalah","Gov_ID":"Dhofar Governorate","Road_ID":"100001","Mun_ID":" ","Latitude":17.03173907,"Longitude":54.142808289999998,"GlobalID":"{C5F3434D-154E-4C0D-B083-3081E2633A4A}","NEAR_FID":14100,"NEAR_DIST":0.10758450769019333}},{"type":"Feature","id":26,"geometry":{"type":"Point","coordinates":[195822.32799999975,1885268.8871999998]},"properties":{"OBJECTID":26,"Asset_ID":"GLY26","Name":"Gully","District_ID":"Dahariz al Shamaliyya","Wlyt_ID":"Salalah","Gov_ID":"Dhofar Governorate","Road_ID":"100001","Mun_ID":" ","Latitude":17.03155834,"Longitude":54.14285778,"GlobalID":"{D9D0FFF9-EB5F-4EE3-AF02-17B2C80776A1}","NEAR_FID":14100,"NEAR_DIST":4.1006737999533058}},{"type":"Feature","id":27,"geometry":{"type":"Point","coordinates":[195791.99129999988,1885277.3807999995]},"properties":{"OBJECTID":27,"Asset_ID":"GLY27","Name":"Gully","District_ID":"al Robat","Wlyt_ID":"Salalah","Gov_ID":"Dhofar Governorate","Road_ID":"100001","Mun_ID":" ","Latitude":17.031631019999999,"Longitude":54.142571920000002,"GlobalID":"{21CEA08C-3D74-4CA0-99D2-D8D92466B72A}","NEAR_FID":9008,"NEAR_DIST":3.4439703178784034}},{"type":"Feature","id":28,"geometry":{"type":"Point","coordinates":[195793.18269999977,1885253.4338000007]},"properties":{"OBJECTID":28,"Asset_ID":"GLY28","Name":"Gully","District_ID":"al Robat","Wlyt_ID":"Salalah","Gov_ID":"Dhofar Governorate","Road_ID":"102645","Mun_ID":" ","Latitude":17.031414980000001,"Longitude":54.142586389999998,"GlobalID":"{DEDCF18B-6BE5-48AE-B59B-96EDA679100D}","NEAR_FID":11194,"NEAR_DIST":2.4757803334429518}},{"type":"Feature","id":29,"geometry":{"type":"Point","coordinates":[195748.6035000002,1885382.1114000008]},"properties":{"OBJECTID":29,"Asset_ID":"GLY29","Name":"Gully","District_ID":"Jerziz Farm","Wlyt_ID":"Salalah","Gov_ID":"Dhofar Governorate","Road_ID":"102645","Mun_ID":" ","Latitude":17.03257082,"Longitude":54.142150379999997,"GlobalID":"{8E45E65A-2EDA-4560-A2AE-E35169FBBEC9}","NEAR_FID":17179,"NEAR_DIST":7.6923895366896442}},{"type":"Feature","id":30,"geometry":{"type":"Point","coordinates":[195848.84970000014,1885412.5665000007]},"properties":{"OBJECTID":30,"Asset_ID":"GLY30","Name":"Gully","District_ID":"al Sada al Janubiyya","Wlyt_ID":"Salalah","Gov_ID":"Dhofar Governorate","Road_ID":"100418","Mun_ID":" ","Latitude":17.032859009999999,"Longitude":54.143086969999999,"GlobalID":"{2AEC1187-A9C2-4298-9AC8-C1D07CDAFF2E}","NEAR_FID":6545,"NEAR_DIST":9.6731419141427661}},{"type":"Feature","id":31,"geometry":{"type":"Point","coordinates":[195832.78770000022,1885400.7673000004]},"properties":{"OBJECTID":31,"Asset_ID":"GLY31","Name":"Gully","District_ID":"al Sada al Janubiyya","Wlyt_ID":"Salalah","Gov_ID":"Dhofar Governorate","Road_ID":"100418","Mun_ID":" ","Latitude":17.032750369999999,"Longitude":54.142937850000003,"GlobalID":"{7D44CFBA-17A1-47FD-9FE7-03BB03724393}","NEAR_FID":9074,"NEAR_DIST":7.1865757638774772}},{"type":"Feature","id":32,"geometry":{"type":"Point","coordinates":[195800.37909999955,1885391.2950999998]},"properties":{"OBJECTID":32,"Asset_ID":"GLY32","Name":"Gully","District_ID":"al Sada al Janubiyya","Wlyt_ID":"Salalah","Gov_ID":"Dhofar Governorate","Road_ID":"100418","Mun_ID":" ","Latitude":17.032660570000001,"Longitude":54.142635009999999,"GlobalID":"{E2CF6F6F-6EF7-4CE6-83B9-3CBCB422C5A7}","NEAR_FID":9074,"NEAR_DIST":1.8710558270638309}},{"type":"Feature","id":33,"geometry":{"type":"Point","coordinates":[195828.73830000032,1885117.9874000009]},"properties":{"OBJECTID":33,"Asset_ID":"GLY33","Name":"Gully","District_ID":"Dahariz al Shamaliyya","Wlyt_ID":"Salalah","Gov_ID":"Dhofar Governorate","Road_ID":"100001","Mun_ID":" ","Latitude":17.030196830000001,"Longitude":54.142938639999997,"GlobalID":"{47B57A58-CBAC-47E4-B352-F33C8967304D}","NEAR_FID":4319,"NEAR_DIST":7.6202998975522815}},{"type":"Feature","id":34,"geometry":{"type":"Point","coordinates":[195823.25789999962,1885140.1472999994]},"properties":{"OBJECTID":34,"Asset_ID":"GLY34","Name":"Gully","District_ID":"Dahariz al Shamaliyya","Wlyt_ID":"Salalah","Gov_ID":"Dhofar Governorate","Road_ID":"100001","Mun_ID":" ","Latitude":17.03039617,"Longitude":54.142884170000002,"GlobalID":"{E25D3D64-C505-4411-8F6F-B3FB6DA06DAF}","NEAR_FID":4319,"NEAR_DIST":7.4225567839324649}},{"type":"Feature","id":35,"geometry":{"type":"Point","coordinates":[195816.82440000027,1885164.6899999995]},"properties":{"OBJECTID":35,"Asset_ID":"GLY35","Name":"Gully","District_ID":"Dahariz al Shamaliyya","Wlyt_ID":"Salalah","Gov_ID":"Dhofar Governorate","Road_ID":"100001","Mun_ID":" ","Latitude":17.030616899999998,"Longitude":54.14282043,"GlobalID":"{231A97C8-5700-42D7-80C1-7D5521D8EC42}","NEAR_FID":4319,"NEAR_DIST":7.4998217138756536}},{"type":"Feature","id":36,"geometry":{"type":"Point","coordinates":[195810.3909,1885189.2326999996]},"properties":{"OBJECTID":36,"Asset_ID":"GLY36","Name":"Gully","District_ID":"Dahariz al Shamaliyya","Wlyt_ID":"Salalah","Gov_ID":"Dhofar Governorate","Road_ID":"100001","Mun_ID":" ","Latitude":17.030837630000001,"Longitude":54.142756689999999,"GlobalID":"{769FD7F5-E378-4E3B-B8B9-DC9208899838}","NEAR_FID":4319,"NEAR_DIST":7.577086644605739}},{"type":"Feature","id":37,"geometry":{"type":"Point","coordinates":[195804.19560000021,1885212.5840000007]},"properties":{"OBJECTID":37,"Asset_ID":"GLY37","Name":"Gully","District_ID":"al Robat","Wlyt_ID":"Salalah","Gov_ID":"Dhofar Governorate","Road_ID":"100001","Mun_ID":" ","Latitude":17.03104763,"Longitude":54.142695340000003,"GlobalID":"{9140C80C-B374-40D0-B254-8713590D1425}","NEAR_FID":4319,"NEAR_DIST":7.5354219702902236}},{"type":"Feature","id":38,"geometry":{"type":"Point","coordinates":[195842.71439999994,1885191.3848000001]},"properties":{"OBJECTID":38,"Asset_ID":"GLY38","Name":"Gully","District_ID":"Dahariz al Shamaliyya","Wlyt_ID":"Salalah","Gov_ID":"Dhofar Governorate","Road_ID":"100001","Mun_ID":" ","Latitude":17.03086132,"Longitude":54.143059729999997,"GlobalID":"{55178509-A64D-4263-8D41-0F87FE45788C}","NEAR_FID":13150,"NEAR_DIST":7.0844604267457827}},{"type":"Feature","id":39,"geometry":{"type":"Point","coordinates":[195837.2575000003,1885211.9036999997]},"properties":{"OBJECTID":39,"Asset_ID":"GLY39","Name":"Gully","District_ID":"Dahariz al Shamaliyya","Wlyt_ID":"Salalah","Gov_ID":"Dhofar Governorate","Road_ID":"100001","Mun_ID":" ","Latitude":17.031045850000002,"Longitude":54.143005709999997,"GlobalID":"{DF9D7858-9672-430A-95E8-E4B338DD770E}","NEAR_FID":13150,"NEAR_DIST":7.1649615769018942}},{"type":"Feature","id":40,"geometry":{"type":"Point","coordinates":[195832.28239999991,1885231.0902999993]},"properties":{"OBJECTID":40,"Asset_ID":"GLY40","Name":"Gully","District_ID":"Dahariz al Shamaliyya","Wlyt_ID":"Salalah","Gov_ID":"Dhofar Governorate","Road_ID":"100001","Mun_ID":" ","Latitude":17.031218419999998,"Longitude":54.142956390000002,"GlobalID":"{0596CF91-ED2B-4C0B-B03D-6307E20F0897}","NEAR_FID":13150,"NEAR_DIST":7.3814279884829803}},{"type":"Feature","id":41,"geometry":{"type":"Point","coordinates":[195827.30590000004,1885250.0879999995]},"properties":{"OBJECTID":41,"Asset_ID":"GLY41","Name":"Gully","District_ID":"Dahariz al Shamaliyya","Wlyt_ID":"Salalah","Gov_ID":"Dhofar Governorate","Road_ID":"100001","Mun_ID":" ","Latitude":17.031389279999999,"Longitude":54.142907080000001,"GlobalID":"{4CDD9CBE-9748-41CC-8354-38E41FC84C9B}","NEAR_FID":13150,"NEAR_DIST":7.5471351683462604}},{"type":"Feature","id":42,"geometry":{"type":"Point","coordinates":[195840.0588999996,1885139.9455999993]},"properties":{"OBJECTID":42,"Asset_ID":"GLY42","Name":"Gully","District_ID":"Dahariz al Shamaliyya","Wlyt_ID":"Salalah","Gov_ID":"Dhofar Governorate","Road_ID":"100001","Mun_ID":" ","Latitude":17.030396570000001,"Longitude":54.143041869999998,"GlobalID":"{3A016B57-C73F-4119-89B7-F3AB9FA06AE1}","NEAR_FID":13150,"NEAR_DIST":8.0100250847292536}},{"type":"Feature","id":43,"geometry":{"type":"Point","coordinates":[195845.95469999965,1885115.7822999991]},"properties":{"OBJECTID":43,"Asset_ID":"GLY43","Name":"Gully","District_ID":"Dahariz al Shamaliyya","Wlyt_ID":"Salalah","Gov_ID":"Dhofar Governorate","Road_ID":"100001","Mun_ID":" ","Latitude":17.030179199999999,"Longitude":54.143100509999996,"GlobalID":"{53D00F07-AFDB-4DA1-A8BC-0600925F7089}","NEAR_FID":13150,"NEAR_DIST":8.0097916951788601}},{"type":"Feature","id":44,"geometry":{"type":"Point","coordinates":[195833.76999999955,1885164.2329999991]},"properties":{"OBJECTID":44,"Asset_ID":"GLY44","Name":"Gully","District_ID":"Dahariz al Shamaliyya","Wlyt_ID":"Salalah","Gov_ID":"Dhofar Governorate","Road_ID":"100001","Mun_ID":" ","Latitude":17.030615010000002,"Longitude":54.142979519999997,"GlobalID":"{D725A8F0-F236-4B54-819B-9716466705E4}","NEAR_FID":13150,"NEAR_DIST":8.1989803770759391}},{"type":"Feature","id":45,"geometry":{"type":"Point","coordinates":[195850.89429999981,1885093.8596999999]},"properties":{"OBJECTID":45,"Asset_ID":"GLY45","Name":"Gully","District_ID":"Dahariz al Shamaliyya","Wlyt_ID":"Salalah","Gov_ID":"Dhofar Governorate","Road_ID":"100001","Mun_ID":" ","Latitude":17.029981930000002,"Longitude":54.143149870000002,"GlobalID":"{3713377F-CB15-4ACD-84FE-A33DA011BAAB}","NEAR_FID":13150,"NEAR_DIST":7.6927552220113773}},{"type":"Feature","id":46,"geometry":{"type":"Point","coordinates":[195834.15170000028,1885093.6122999992]},"properties":{"OBJECTID":46,"Asset_ID":"GLY46","Name":"Gully","District_ID":"Dahariz al Shamaliyya","Wlyt_ID":"Salalah","Gov_ID":"Dhofar Governorate","Road_ID":"100001","Mun_ID":" ","Latitude":17.029977479999999,"Longitude":54.142992790000001,"GlobalID":"{84E3E74B-F105-4CE1-B0D1-0E7486F45606}","NEAR_FID":4319,"NEAR_DIST":7.8981450392226158}},{"type":"Feature","id":47,"geometry":{"type":"Point","coordinates":[195928.0466,1884686.9757000003]},"properties":{"OBJECTID":47,"Asset_ID":"GLY47","Name":"Gully","District_ID":"Dahariz al Shamaliyya","Wlyt_ID":"Salalah","Gov_ID":"Dhofar Governorate","Road_ID":"100001","Mun_ID":" ","Latitude":17.026318660000001,"Longitude":54.14392969,"GlobalID":"{0A8009A3-2EBC-4967-89B1-E70DFBC5C597}","NEAR_FID":17201,"NEAR_DIST":5.2277664135568758}},{"type":"Feature","id":48,"geometry":{"type":"Point","coordinates":[196014.44979999959,1884684.6407999992]},"properties":{"OBJECTID":48,"Asset_ID":"GLY48","Name":"Gully","District_ID":"Dahariz al Shamaliyya","Wlyt_ID":"Salalah","Gov_ID":"Dhofar Governorate","Road_ID":"100001","Mun_ID":" ","Latitude":17.02630898,"Longitude":54.144740839999997,"GlobalID":"{C64F47D7-F87A-4C73-99B7-1BFAE34E5221}","NEAR_FID":17201,"NEAR_DIST":6.972983809231974}},{"type":"Feature","id":49,"geometry":{"type":"Point","coordinates":[196014.90899999999,1884659.2829]},"properties":{"OBJECTID":49,"Asset_ID":"GLY49","Name":"Gully","District_ID":"al Robat","Wlyt_ID":"Salalah","Gov_ID":"Dhofar Governorate","Road_ID":"100001","Mun_ID":" ","Latitude":17.026080100000001,"Longitude":54.144748620000001,"GlobalID":"{91A4D61A-5E25-42BD-889F-8729D4FBC44C}","NEAR_FID":17360,"NEAR_DIST":5.8508877830750947}},{"type":"Feature","id":50,"geometry":{"type":"Point","coordinates":[195980.20189999975,1884683.1682999991]},"properties":{"OBJECTID":50,"Asset_ID":"GLY50","Name":"Gully","District_ID":"Dahariz al Shamaliyya","Wlyt_ID":"Salalah","Gov_ID":"Dhofar Governorate","Road_ID":"100001","Mun_ID":" ","Latitude":17.02629117,"Longitude":54.144419650000003,"GlobalID":"{40B6F524-3E21-40FA-9173-B41F5D840ACD}","NEAR_FID":17201,"NEAR_DIST":5.0922910742571341}},{"type":"Feature","id":51,"geometry":{"type":"Point","coordinates":[195979.8702999996,1884660.0664000008]},"properties":{"OBJECTID":51,"Asset_ID":"GLY51","Name":"Gully","District_ID":"al Robat","Wlyt_ID":"Salalah","Gov_ID":"Dhofar Governorate","Road_ID":"100001","Mun_ID":" ","Latitude":17.026082550000002,"Longitude":54.1444197,"GlobalID":"{466FA6DF-5D23-4EBE-AC43-21DC9D09C3F2}","NEAR_FID":17360,"NEAR_DIST":5.6662651753165534}},{"type":"Feature","id":52,"geometry":{"type":"Point","coordinates":[196053.48180000018,1884658.5462999996]},"properties":{"OBJECTID":52,"Asset_ID":"GLY52","Name":"Gully","District_ID":"al Robat","Wlyt_ID":"Salalah","Gov_ID":"Dhofar Governorate","Road_ID":"100001","Mun_ID":" ","Latitude":17.026078529999999,"Longitude":54.145110699999996,"GlobalID":"{BF83CAFB-792C-474E-B004-01CADEE1FC36}","NEAR_FID":17360,"NEAR_DIST":5.9401199439291856}},{"type":"Feature","id":53,"geometry":{"type":"Point","coordinates":[196052.88609999977,1884685.9483000003]},"properties":{"OBJECTID":53,"Asset_ID":"GLY53","Name":"Gully","District_ID":"Dahariz al Shamaliyya","Wlyt_ID":"Salalah","Gov_ID":"Dhofar Governorate","Road_ID":"100001","Mun_ID":" ","Latitude":17.026325849999999,"Longitude":54.145101359999998,"GlobalID":"{067267E4-44D0-48E0-AE70-8D988F0D39B2}","NEAR_FID":17201,"NEAR_DIST":8.1793184255939408}},{"type":"Feature","id":54,"geometry":{"type":"Point","coordinates":[196093.45399999991,1884684.8687999994]},"properties":{"OBJECTID":54,"Asset_ID":"GLY54","Name":"Gully","District_ID":"Dahariz al Shamaliyya","Wlyt_ID":"Salalah","Gov_ID":"Dhofar Governorate","Road_ID":"100124","Mun_ID":" ","Latitude":17.026321450000001,"Longitude":54.145482199999996,"GlobalID":"{2C2AA8CB-D504-4247-9CC6-2D60C93F2AB0}","NEAR_FID":10015,"NEAR_DIST":2.3537411369042234}},{"type":"Feature","id":55,"geometry":{"type":"Point","coordinates":[196094.07949999999,1884657.7650000006]},"properties":{"OBJECTID":55,"Asset_ID":"GLY55","Name":"Gully","District_ID":"al Robat","Wlyt_ID":"Salalah","Gov_ID":"Dhofar Governorate","Road_ID":"100001","Mun_ID":" ","Latitude":17.026076830000001,"Longitude":54.145491790000001,"GlobalID":"{666BE562-755A-4ECA-8080-B5389F99E384}","NEAR_FID":17360,"NEAR_DIST":5.907928960578948}},{"type":"Feature","id":56,"geometry":{"type":"Point","coordinates":[196134.97410000023,1884656.9839999992]},"properties":{"OBJECTID":56,"Asset_ID":"GLY56","Name":"Gully","District_ID":"al Robat","Wlyt_ID":"Salalah","Gov_ID":"Dhofar Governorate","Road_ID":"100001","Mun_ID":" ","Latitude":17.026075169999999,"Longitude":54.145875660000002,"GlobalID":"{BDE88E03-00B3-4A4E-85E7-1EEE863FD27E}","NEAR_FID":17360,"NEAR_DIST":5.914984625150435}},{"type":"Feature","id":57,"geometry":{"type":"Point","coordinates":[196134.74560000002,1884684.0972000007]},"properties":{"OBJECTID":57,"Asset_ID":"GLY57","Name":"Gully","District_ID":"Dahariz al Shamaliyya","Wlyt_ID":"Salalah","Gov_ID":"Dhofar Governorate","Road_ID":"100124","Mun_ID":" ","Latitude":17.02631993,"Longitude":54.1458698,"GlobalID":"{4B91DFD3-BAD5-48D7-831B-1BAC9F5C59E2}","NEAR_FID":13867,"NEAR_DIST":2.1878385598000758}},{"type":"Feature","id":58,"geometry":{"type":"Point","coordinates":[196174.04440000001,1884656.3719999995]},"properties":{"OBJECTID":58,"Asset_ID":"GLY58","Name":"Gully","District_ID":"al Robat","Wlyt_ID":"Salalah","Gov_ID":"Dhofar Governorate","Road_ID":"100001","Mun_ID":" ","Latitude":17.026074789999999,"Longitude":54.146242389999998,"GlobalID":"{C3149CAA-74E8-4597-85D5-09E107141BB8}","NEAR_FID":17360,"NEAR_DIST":5.8377150274377207}},{"type":"Feature","id":59,"geometry":{"type":"Point","coordinates":[196175.78019999992,1884682.7163999993]},"properties":{"OBJECTID":59,"Asset_ID":"GLY59","Name":"Gully","District_ID":"Dahariz al Shamaliyya","Wlyt_ID":"Salalah","Gov_ID":"Dhofar Governorate","Road_ID":"100001","Mun_ID":" ","Latitude":17.026312870000002,"Longitude":54.146255070000002,"GlobalID":"{BEA8F2A3-76A9-46E5-8059-9210FFE91DB1}","NEAR_FID":12877,"NEAR_DIST":6.6782615330957054}},{"type":"Feature","id":60,"geometry":{"type":"Point","coordinates":[196213.73390000034,1884680.5697000008]},"properties":{"OBJECTID":60,"Asset_ID":"GLY60","Name":"Gully","District_ID":"Dahariz al Shamaliyya","Wlyt_ID":"Salalah","Gov_ID":"Dhofar Governorate","Road_ID":"100001","Mun_ID":" ","Latitude":17.026298489999999,"Longitude":54.146611530000001,"GlobalID":"{33F661F5-0A31-48B2-A80A-5C281BFF11CC}","NEAR_FID":12877,"NEAR_DIST":5.5755567004221609}},{"type":"Feature","id":61,"geometry":{"type":"Point","coordinates":[196213.85309999995,1884655.6566000003]},"properties":{"OBJECTID":61,"Asset_ID":"GLY61","Name":"Gully","District_ID":"al Robat","Wlyt_ID":"Salalah","Gov_ID":"Dhofar Governorate","Road_ID":"100001","Mun_ID":" ","Latitude":17.026073579999998,"Longitude":54.146616059999999,"GlobalID":"{CAB2F393-84F2-408D-8F15-0D6B487C741A}","NEAR_FID":17360,"NEAR_DIST":5.7958180341472634}},{"type":"Feature","id":62,"geometry":{"type":"Point","coordinates":[196256.0811999999,1884679.8400999997]},"properties":{"OBJECTID":62,"Asset_ID":"GLY62","Name":"Gully","District_ID":"Dahariz al Shamaliyya","Wlyt_ID":"Salalah","Gov_ID":"Dhofar Governorate","Road_ID":"100001","Mun_ID":" ","Latitude":17.02629748,"Longitude":54.14700903,"GlobalID":"{9CFF970A-149E-4FC6-9BAC-E09F2A9CC546}","NEAR_FID":12877,"NEAR_DIST":5.7875125095726254}},{"type":"Feature","id":63,"geometry":{"type":"Point","coordinates":[196256.30769999977,1884654.7851999998]},"properties":{"OBJECTID":63,"Asset_ID":"GLY63","Name":"Gully","District_ID":"al Robat","Wlyt_ID":"Salalah","Gov_ID":"Dhofar Governorate","Road_ID":"100001","Mun_ID":" ","Latitude":17.026071309999999,"Longitude":54.147014589999998,"GlobalID":"{7E739B9C-306A-444A-86C7-1D54CA4FE606}","NEAR_FID":17360,"NEAR_DIST":5.8579073160532218}},{"type":"Feature","id":64,"geometry":{"type":"Point","coordinates":[196294.95110000018,1884679.0867999997]},"properties":{"OBJECTID":64,"Asset_ID":"GLY64","Name":"Gully","District_ID":"Dahariz al Shamaliyya","Wlyt_ID":"Salalah","Gov_ID":"Dhofar Governorate","Road_ID":"100001","Mun_ID":" ","Latitude":17.0262958,"Longitude":54.147373899999998,"GlobalID":"{707DC222-24C9-48FF-9C83-570ACEDD0129}","NEAR_FID":12877,"NEAR_DIST":5.9636283199643687}},{"type":"Feature","id":65,"geometry":{"type":"Point","coordinates":[196294.03000000026,1884654.0245999992]},"properties":{"OBJECTID":65,"Asset_ID":"GLY65","Name":"Gully","District_ID":"al Robat","Wlyt_ID":"Salalah","Gov_ID":"Dhofar Governorate","Road_ID":"100001","Mun_ID":" ","Latitude":17.026069410000002,"Longitude":54.14736869,"GlobalID":"{34EA2383-33EA-4645-92F8-1908B16CA73E}","NEAR_FID":17360,"NEAR_DIST":5.939428373540256}},{"type":"Feature","id":66,"geometry":{"type":"Point","coordinates":[196334.01180000044,1884653.3756000008]},"properties":{"OBJECTID":66,"Asset_ID":"GLY66","Name":"Gully","District_ID":"al Robat","Wlyt_ID":"Salalah","Gov_ID":"Dhofar Governorate","Road_ID":"100001","Mun_ID":" ","Latitude":17.026068819999999,"Longitude":54.147743980000001,"GlobalID":"{F81B9515-C137-4070-B50F-AB5CFB0C0BF8}","NEAR_FID":17360,"NEAR_DIST":5.8938566428911319}},{"type":"Feature","id":67,"geometry":{"type":"Point","coordinates":[196333.9534,1884678.3669000007]},"properties":{"OBJECTID":67,"Asset_ID":"GLY67","Name":"Gully","District_ID":"Dahariz al Shamaliyya","Wlyt_ID":"Salalah","Gov_ID":"Dhofar Governorate","Road_ID":"100001","Mun_ID":" ","Latitude":17.026294440000001,"Longitude":54.14774001,"GlobalID":"{7C1B4A16-3C8A-4538-AC63-A5CBA8CE22D2}","NEAR_FID":12877,"NEAR_DIST":5.8585435856145267}},{"type":"Feature","id":68,"geometry":{"type":"Point","coordinates":[196374.83579999954,1884677.6526999995]},"properties":{"OBJECTID":68,"Asset_ID":"GLY68","Name":"Gully","District_ID":"Dahariz al Shamaliyya","Wlyt_ID":"Salalah","Gov_ID":"Dhofar Governorate","Road_ID":"100001","Mun_ID":" ","Latitude":17.026293370000001,"Longitude":54.148123759999997,"GlobalID":"{2C447A96-F384-409F-9DE7-2C7E593A01CB}","NEAR_FID":12877,"NEAR_DIST":5.6380816389598953}},{"type":"Feature","id":69,"geometry":{"type":"Point","coordinates":[196375.03299999982,1884652.5897000004]},"properties":{"OBJECTID":69,"Asset_ID":"GLY69","Name":"Gully","District_ID":"al Robat","Wlyt_ID":"Salalah","Gov_ID":"Dhofar Governorate","Road_ID":"100001","Mun_ID":" ","Latitude":17.02606712,"Longitude":54.148129040000001,"GlobalID":"{AE75FBB4-2CA8-42F9-99B6-F640D86C4AC3}","NEAR_FID":17360,"NEAR_DIST":5.9725680718120184}},{"type":"Feature","id":70,"geometry":{"type":"Point","coordinates":[196414.06840000022,1884651.8806999996]},"properties":{"OBJECTID":70,"Asset_ID":"GLY70","Name":"Gully","District_ID":"al Robat","Wlyt_ID":"Salalah","Gov_ID":"Dhofar Governorate","Road_ID":"100001","Mun_ID":" ","Latitude":17.026065859999999,"Longitude":54.148495449999999,"GlobalID":"{6D8A491D-2B7E-483F-8EFF-E847C9C9FCAA}","NEAR_FID":17360,"NEAR_DIST":5.9709777001277322}},{"type":"Feature","id":71,"geometry":{"type":"Point","coordinates":[196413.64599999972,1884676.9091999996]},"properties":{"OBJECTID":71,"Asset_ID":"GLY71","Name":"Gully","District_ID":"Dahariz al Shamaliyya","Wlyt_ID":"Salalah","Gov_ID":"Dhofar Governorate","Road_ID":"100001","Mun_ID":" ","Latitude":17.02629177,"Longitude":54.148488059999998,"GlobalID":"{84C8C3A8-2565-4B81-BF94-78464CDB48B9}","NEAR_FID":13646,"NEAR_DIST":5.3849551613061255}},{"type":"Feature","id":72,"geometry":{"type":"Point","coordinates":[196456.58980000019,1884676.0416999999]},"properties":{"OBJECTID":72,"Asset_ID":"GLY72","Name":"Gully","District_ID":"Dahariz al Shamaliyya","Wlyt_ID":"Salalah","Gov_ID":"Dhofar Governorate","Road_ID":"100001","Mun_ID":" ","Latitude":17.026289590000001,"Longitude":54.14889118,"GlobalID":"{BB50AB94-5D52-4813-A174-C2810871CE9B}","NEAR_FID":13646,"NEAR_DIST":5.51130039844446}},{"type":"Feature","id":73,"geometry":{"type":"Point","coordinates":[196455.33910000045,1884649.0837999992]},"properties":{"OBJECTID":73,"Asset_ID":"GLY73","Name":"Gully","District_ID":"al Robat","Wlyt_ID":"Salalah","Gov_ID":"Dhofar Governorate","Road_ID":"100001","Mun_ID":" ","Latitude":17.026046050000001,"Longitude":54.148883130000002,"GlobalID":"{23DA5A83-32D5-4443-8A35-9988A267E7C4}","NEAR_FID":13327,"NEAR_DIST":7.9358863427442623}},{"type":"Feature","id":74,"geometry":{"type":"Point","coordinates":[196494.29820000008,1884675.4221000001]},"properties":{"OBJECTID":74,"Asset_ID":"GLY74","Name":"Gully","District_ID":"Dahariz al Shamaliyya","Wlyt_ID":"Salalah","Gov_ID":"Dhofar Governorate","Road_ID":"100001","Mun_ID":" ","Latitude":17.026288959999999,"Longitude":54.149245129999997,"GlobalID":"{5C0A2D09-D8B8-4BE9-8014-C6C0D361D2A8}","NEAR_FID":13646,"NEAR_DIST":5.7643451020282424}},{"type":"Feature","id":75,"geometry":{"type":"Point","coordinates":[196495.00760000013,1884650.1351999994]},"properties":{"OBJECTID":75,"Asset_ID":"GLY75","Name":"Gully","District_ID":"al Robat","Wlyt_ID":"Salalah","Gov_ID":"Dhofar Governorate","Road_ID":"100001","Mun_ID":" ","Latitude":17.02606076,"Longitude":54.149255250000003,"GlobalID":"{93A09FA3-3064-4320-A448-FBA8FB65129A}","NEAR_FID":13327,"NEAR_DIST":6.1036035953967573}},{"type":"Feature","id":76,"geometry":{"type":"Point","coordinates":[196533.74810000043,1884649.8092]},"properties":{"OBJECTID":76,"Asset_ID":"GLY76","Name":"Gully","District_ID":"al Robat","Wlyt_ID":"Salalah","Gov_ID":"Dhofar Governorate","Road_ID":"100001","Mun_ID":" ","Latitude":17.026062920000001,"Longitude":54.149618850000003,"GlobalID":"{ED7ABB6D-A95D-41D3-B9B7-C3C39FC5B974}","NEAR_FID":13327,"NEAR_DIST":5.7172516384348855}},{"type":"Feature","id":77,"geometry":{"type":"Point","coordinates":[196531.94610000029,1884674.7723999992]},"properties":{"OBJECTID":77,"Asset_ID":"GLY77","Name":"Gully","District_ID":"Dahariz al Shamaliyya","Wlyt_ID":"Salalah","Gov_ID":"Dhofar Governorate","Road_ID":"100001","Mun_ID":" ","Latitude":17.026288050000002,"Longitude":54.149598519999998,"GlobalID":"{84ACBD90-CE1D-4656-A158-8AA04F790F56}","NEAR_FID":13646,"NEAR_DIST":6.1207455917353837}},{"type":"Feature","id":78,"geometry":{"type":"Point","coordinates":[196578.87770000007,1884673.8462000005]},"properties":{"OBJECTID":78,"Asset_ID":"GLY78","Name":"Gully","District_ID":"Dahariz al Shamaliyya","Wlyt_ID":"Salalah","Gov_ID":"Dhofar Governorate","Road_ID":"100001","Mun_ID":" ","Latitude":17.026285869999999,"Longitude":54.150039069999998,"GlobalID":"{1781DB43-7D4A-4F96-8668-3202D78F2FFD}","NEAR_FID":7260,"NEAR_DIST":5.534021587840539}},{"type":"Feature","id":79,"geometry":{"type":"Point","coordinates":[196573.71899999958,1884648.9940000009]},"properties":{"OBJECTID":79,"Asset_ID":"GLY79","Name":"Gully","District_ID":"al Robat","Wlyt_ID":"Salalah","Gov_ID":"Dhofar Governorate","Road_ID":"100001","Mun_ID":" ","Latitude":17.026060820000001,"Longitude":54.149994059999997,"GlobalID":"{84811A7D-A52E-41B9-A3D3-134B92216B03}","NEAR_FID":13327,"NEAR_DIST":5.9256327829934294}},{"type":"Feature","id":80,"geometry":{"type":"Point","coordinates":[196614.73529999983,1884648.2742999997]},"properties":{"OBJECTID":80,"Asset_ID":"GLY80","Name":"Gully","District_ID":"al Robat","Wlyt_ID":"Salalah","Gov_ID":"Dhofar Governorate","Road_ID":"100001","Mun_ID":" ","Latitude":17.026059719999999,"Longitude":54.150379059999999,"GlobalID":"{A91B968B-9DAD-4110-A7B3-AB5B2C67D878}","NEAR_FID":13327,"NEAR_DIST":5.8439776878977696}},{"type":"Feature","id":81,"geometry":{"type":"Point","coordinates":[196625.52259999979,1884673.9885000009]},"properties":{"OBJECTID":81,"Asset_ID":"GLY81","Name":"Gully","District_ID":"Dahariz al Shamaliyya","Wlyt_ID":"Salalah","Gov_ID":"Dhofar Governorate","Road_ID":"100001","Mun_ID":" ","Latitude":17.026293290000002,"Longitude":54.150476779999998,"GlobalID":"{84B869CB-E08A-4788-9CFB-4C361232A8B6}","NEAR_FID":7260,"NEAR_DIST":6.5381866906511945}},{"type":"Feature","id":82,"geometry":{"type":"Point","coordinates":[196653.3842000002,1884646.9729999993]},"properties":{"OBJECTID":82,"Asset_ID":"GLY82","Name":"Gully","District_ID":"al Robat","Wlyt_ID":"Salalah","Gov_ID":"Dhofar Governorate","Road_ID":"100001","Mun_ID":" ","Latitude":17.026053050000002,"Longitude":54.150741930000002,"GlobalID":"{D31005A7-DA6E-4D04-8C4B-87D4F8D58A81}","NEAR_FID":13327,"NEAR_DIST":6.4036533073157074}},{"type":"Feature","id":83,"geometry":{"type":"Point","coordinates":[196654.45299999975,1884674.2002000008]},"properties":{"OBJECTID":83,"Asset_ID":"GLY83","Name":"Gully","District_ID":"Dahariz al Shamaliyya","Wlyt_ID":"Salalah","Gov_ID":"Dhofar Governorate","Road_ID":"100001","Mun_ID":" ","Latitude":17.026299009999999,"Longitude":54.150748239999999,"GlobalID":"{F5822204-F934-40AB-B5CE-1509686FE8FC}","NEAR_FID":7260,"NEAR_DIST":7.2844171344938955}},{"type":"Feature","id":84,"geometry":{"type":"Point","coordinates":[196693.4168999996,1884644.7212000005]},"properties":{"OBJECTID":84,"Asset_ID":"GLY84","Name":"Gully","District_ID":"al Robat","Wlyt_ID":"Salalah","Gov_ID":"Dhofar Governorate","Road_ID":"100001","Mun_ID":" ","Latitude":17.026037989999999,"Longitude":54.151117919999997,"GlobalID":"{4C8F28A4-D621-42CE-856D-7104AD097D36}","NEAR_FID":13327,"NEAR_DIST":7.976319671845034}},{"type":"Feature","id":85,"geometry":{"type":"Point","coordinates":[196693.54739999957,1884673.4930000007]},"properties":{"OBJECTID":85,"Asset_ID":"GLY85","Name":"Gully","District_ID":"Dahariz al Shamaliyya","Wlyt_ID":"Salalah","Gov_ID":"Dhofar Governorate","Road_ID":"100113","Mun_ID":" ","Latitude":17.026297769999999,"Longitude":54.15111521,"GlobalID":"{846600A0-5289-49B6-88D9-AB761A7DD38C}","NEAR_FID":7006,"NEAR_DIST":0.02766449323790602}},{"type":"Feature","id":86,"geometry":{"type":"Point","coordinates":[196737.32180000003,1884673.0799000002]},"properties":{"OBJECTID":86,"Asset_ID":"GLY86","Name":"Gully","District_ID":"Dahariz al Shamaliyya","Wlyt_ID":"Salalah","Gov_ID":"Dhofar Governorate","Road_ID":"100113","Mun_ID":" ","Latitude":17.0262998,"Longitude":54.151526060000002,"GlobalID":"{DD333882-8E8F-4D20-BB0E-3DA70F0E884B}","NEAR_FID":4858,"NEAR_DIST":2.5859471336109157}},{"type":"Feature","id":87,"geometry":{"type":"Point","coordinates":[196773.07600000035,1884672.2780000009]},"properties":{"OBJECTID":87,"Asset_ID":"GLY87","Name":"Gully","District_ID":"Dahariz al Shamaliyya","Wlyt_ID":"Salalah","Gov_ID":"Dhofar Governorate","Road_ID":"100001","Mun_ID":" ","Latitude":17.02629726,"Longitude":54.151861699999998,"GlobalID":"{B635EFA9-5097-40CB-972C-CFF7D9EC0B15}","NEAR_FID":14111,"NEAR_DIST":7.441384132230775}},{"type":"Feature","id":88,"geometry":{"type":"Point","coordinates":[196773.19510000013,1884643.2081000004]},"properties":{"OBJECTID":88,"Asset_ID":"GLY88","Name":"Gully","District_ID":"al Robat","Wlyt_ID":"Salalah","Gov_ID":"Dhofar Governorate","Road_ID":"100001","Mun_ID":" ","Latitude":17.02603482,"Longitude":54.15186679,"GlobalID":"{FE49A4C6-6315-463C-9218-58A19A10D162}","NEAR_FID":14539,"NEAR_DIST":8.0470511665926292}},{"type":"Feature","id":89,"geometry":{"type":"Point","coordinates":[196799.17019999959,1884642.2422000002]},"properties":{"OBJECTID":89,"Asset_ID":"GLY89","Name":"Gully","District_ID":"al Robat","Wlyt_ID":"Salalah","Gov_ID":"Dhofar Governorate","Road_ID":"100001","Mun_ID":" ","Latitude":17.026029520000002,"Longitude":54.15211068,"GlobalID":"{E397F685-D48D-4DB0-821A-72BE3ED6BD71}","NEAR_FID":14539,"NEAR_DIST":8.3863539469732338}},{"type":"Feature","id":90,"geometry":{"type":"Point","coordinates":[196798.43790000025,1884670.2076999992]},"properties":{"OBJECTID":90,"Asset_ID":"GLY90","Name":"Gully","District_ID":"Dahariz al Shamaliyya","Wlyt_ID":"Salalah","Gov_ID":"Dhofar Governorate","Road_ID":"100001","Mun_ID":" ","Latitude":17.026281900000001,"Longitude":54.152099990000004,"GlobalID":"{28E07D97-EDAF-41D8-99DB-FDD661CE2B3C}","NEAR_FID":14111,"NEAR_DIST":5.8578295152748643}},{"type":"Feature","id":91,"geometry":{"type":"Point","coordinates":[196834.47130000032,1884642.0069999993]},"properties":{"OBJECTID":91,"Asset_ID":"GLY91","Name":"Gully","District_ID":"al Robat","Wlyt_ID":"Salalah","Gov_ID":"Dhofar Governorate","Road_ID":"100001","Mun_ID":" ","Latitude":17.02603204,"Longitude":54.15244199,"GlobalID":"{38DA409C-47BE-4B7B-A611-37FC9266A5CB}","NEAR_FID":8588,"NEAR_DIST":8.0491467632390368}},{"type":"Feature","id":92,"geometry":{"type":"Point","coordinates":[196834.20170000009,1884669.1181000005]},"properties":{"OBJECTID":92,"Asset_ID":"GLY92","Name":"Gully","District_ID":"Dahariz al Shamaliyya","Wlyt_ID":"Salalah","Gov_ID":"Dhofar Governorate","Road_ID":"100001","Mun_ID":" ","Latitude":17.026276769999999,"Longitude":54.152435750000002,"GlobalID":"{FDCE898B-503B-4DC1-9E42-34966BBF8EB3}","NEAR_FID":14111,"NEAR_DIST":5.478036148872043}},{"type":"Feature","id":93,"geometry":{"type":"Point","coordinates":[196863.52649999969,1884668.6197999995]},"properties":{"OBJECTID":93,"Asset_ID":"GLY93","Name":"Gully","District_ID":"Dahariz al Shamaliyya","Wlyt_ID":"Salalah","Gov_ID":"Dhofar Governorate","Road_ID":"100001","Mun_ID":" ","Latitude":17.026276129999999,"Longitude":54.152711009999997,"GlobalID":"{8A148ABA-B9A4-47F5-A510-2FB88F04D4E4}","NEAR_FID":14111,"NEAR_DIST":5.56538085142813}},{"type":"Feature","id":94,"geometry":{"type":"Point","coordinates":[196862.79279999994,1884643.5486999992]},"properties":{"OBJECTID":94,"Asset_ID":"GLY94","Name":"Gully","District_ID":"al Robat","Wlyt_ID":"Salalah","Gov_ID":"Dhofar Governorate","Road_ID":"100001","Mun_ID":" ","Latitude":17.02604968,"Longitude":54.152707560000003,"GlobalID":"{631E0AE9-DD9D-4C5A-99C8-F6C983F08435}","NEAR_FID":8588,"NEAR_DIST":5.9943829118175609}},{"type":"Feature","id":95,"geometry":{"type":"Point","coordinates":[196893.3881000001,1884642.8594000004]},"properties":{"OBJECTID":95,"Asset_ID":"GLY95","Name":"Gully","District_ID":"al Robat","Wlyt_ID":"Salalah","Gov_ID":"Dhofar Governorate","Road_ID":"100001","Mun_ID":" ","Latitude":17.026047479999999,"Longitude":54.152994769999999,"GlobalID":"{82F47368-CCE4-468A-90EE-B7D66E370661}","NEAR_FID":8588,"NEAR_DIST":5.932948350339637}},{"type":"Feature","id":96,"geometry":{"type":"Point","coordinates":[196894.20629999973,1884667.8669000007]},"properties":{"OBJECTID":96,"Asset_ID":"GLY96","Name":"Gully","District_ID":"al Robat","Wlyt_ID":"Salalah","Gov_ID":"Dhofar Governorate","Road_ID":"100001","Mun_ID":" ","Latitude":17.026273360000001,"Longitude":54.152999029999997,"GlobalID":"{5A735BB1-1CF5-4891-8C81-CAB3B85CE72A}","NEAR_FID":14111,"NEAR_DIST":5.4252323899518711}},{"type":"Feature","id":97,"geometry":{"type":"Point","coordinates":[196934.26290000044,1884641.6426999997]},"properties":{"OBJECTID":97,"Asset_ID":"GLY97","Name":"Gully","District_ID":"Dahariz al Shamaliyya","Wlyt_ID":"Salalah","Gov_ID":"Dhofar Governorate","Road_ID":"100001","Mun_ID":" ","Latitude":17.02604187,"Longitude":54.153378510000003,"GlobalID":"{941F0076-50F6-4BD8-9779-5178B6FF519A}","NEAR_FID":8810,"NEAR_DIST":5.8327603497123439}},{"type":"Feature","id":98,"geometry":{"type":"Point","coordinates":[196937.51730000041,1884666.3339000009]},"properties":{"OBJECTID":98,"Asset_ID":"GLY98","Name":"Gully","District_ID":"Dahariz al Shamaliyya","Wlyt_ID":"Salalah","Gov_ID":"Dhofar Governorate","Road_ID":"100001","Mun_ID":" ","Latitude":17.026265219999999,"Longitude":54.153405679999999,"GlobalID":"{97B19B5D-F93E-4787-ABF8-7A37B04DF936}","NEAR_FID":14111,"NEAR_DIST":5.2600236471872934}},{"type":"Feature","id":99,"geometry":{"type":"Point","coordinates":[196974.59539999999,1884665.3826000001]},"properties":{"OBJECTID":99,"Asset_ID":"GLY99","Name":"Gully","District_ID":"Dahariz al Shamaliyya","Wlyt_ID":"Salalah","Gov_ID":"Dhofar Governorate","Road_ID":"100001","Mun_ID":" ","Latitude":17.0262615,"Longitude":54.153753760000001,"GlobalID":"{60C7E60A-B44E-4152-A415-3EEB975F9433}","NEAR_FID":14111,"NEAR_DIST":5.575303014950177}},{"type":"Feature","id":100,"geometry":{"type":"Point","coordinates":[197013.43319999985,1884664.1081000008]},"properties":{"OBJECTID":100,"Asset_ID":"GLY100","Name":"Gully","District_ID":"Dahariz al Shamaliyya","Wlyt_ID":"Salalah","Gov_ID":"Dhofar Governorate","Road_ID":"100001","Mun_ID":" ","Latitude":17.0262551,"Longitude":54.154118410000002,"GlobalID":"{6FD4095A-9279-44AF-8864-E3D9429B0036}","NEAR_FID":14111,"NEAR_DIST":5.405114222259054}},{"type":"Feature","id":101,"geometry":{"type":"Point","coordinates":[197012.89699999988,1884639.1484999992]},"properties":{"OBJECTID":101,"Asset_ID":"GLY101","Name":"Gully","District_ID":"Dahariz al Shamaliyya","Wlyt_ID":"Salalah","Gov_ID":"Dhofar Governorate","Road_ID":"100001","Mun_ID":" ","Latitude":17.026029690000001,"Longitude":54.154116780000003,"GlobalID":"{2605DA2A-8E91-4FEA-95DC-53E5DBDD1105}","NEAR_FID":11476,"NEAR_DIST":5.8905113402219591}},{"type":"Feature","id":102,"geometry":{"type":"Point","coordinates":[197053.45430000033,1884664.0925999992]},"properties":{"OBJECTID":102,"Asset_ID":"GLY102","Name":"Gully","District_ID":"Dahariz al Shamaliyya","Wlyt_ID":"Salalah","Gov_ID":"Dhofar Governorate","Road_ID":"100001","Mun_ID":" ","Latitude":17.026260220000001,"Longitude":54.154493979999998,"GlobalID":"{123CF337-E464-4D5D-BA32-812ADF2E011F}","NEAR_FID":14111,"NEAR_DIST":6.418375061488768}},{"type":"Feature","id":103,"geometry":{"type":"Point","coordinates":[197053.21600000001,1884638.0011]},"properties":{"OBJECTID":103,"Asset_ID":"GLY103","Name":"Gully","District_ID":"Dahariz al Shamaliyya","Wlyt_ID":"Salalah","Gov_ID":"Dhofar Governorate","Road_ID":"100001","Mun_ID":" ","Latitude":17.026024629999998,"Longitude":54.154495310000001,"GlobalID":"{D7AE88E7-7C6F-4A51-BF5C-560D1E8BA606}","NEAR_FID":11476,"NEAR_DIST":5.7949222565583192}},{"type":"Feature","id":104,"geometry":{"type":"Point","coordinates":[197094.32760000043,1884664.4941000007]},"properties":{"OBJECTID":104,"Asset_ID":"GLY104","Name":"Gully","District_ID":"Dahariz al Shamaliyya","Wlyt_ID":"Salalah","Gov_ID":"Dhofar Governorate","Road_ID":"100001","Mun_ID":" ","Latitude":17.026269209999999,"Longitude":54.154877489999997,"GlobalID":"{8066A7C1-71E4-44B3-91AD-21F1604A2620}","NEAR_FID":14111,"NEAR_DIST":7.8597450173807148}},{"type":"Feature","id":105,"geometry":{"type":"Point","coordinates":[197094.38719999976,1884636.6751000006]},"properties":{"OBJECTID":105,"Asset_ID":"GLY105","Name":"Gully","District_ID":"Dahariz al Shamaliyya","Wlyt_ID":"Salalah","Gov_ID":"Dhofar Governorate","Road_ID":"100001","Mun_ID":" ","Latitude":17.026018059999998,"Longitude":54.154881850000002,"GlobalID":"{A0A7FC1C-A247-4937-A906-92977101D75D}","NEAR_FID":11476,"NEAR_DIST":5.8949863371501658}},{"type":"Feature","id":106,"geometry":{"type":"Point","coordinates":[197130.32249999978,1884634.5336000007]},"properties":{"OBJECTID":106,"Asset_ID":"GLY106","Name":"Gully","District_ID":"Dahariz al Shamaliyya","Wlyt_ID":"Salalah","Gov_ID":"Dhofar Governorate","Road_ID":"100001","Mun_ID":" ","Latitude":17.026003450000001,"Longitude":54.155219369999998,"GlobalID":"{290CC9F0-15C7-45EF-AA47-5AF55B5ED18A}","NEAR_FID":11476,"NEAR_DIST":7.3770565903694925}},{"type":"Feature","id":107,"geometry":{"type":"Point","coordinates":[197129.29779999983,1884664.8414999992]},"properties":{"OBJECTID":107,"Asset_ID":"GLY107","Name":"Gully","District_ID":"Dahariz al Shamaliyya","Wlyt_ID":"Salalah","Gov_ID":"Dhofar Governorate","Road_ID":"100017","Mun_ID":" ","Latitude":17.026276939999999,"Longitude":54.155205619999997,"GlobalID":"{358E90D0-77A2-4B2D-BDAA-42E6CB113B46}","NEAR_FID":13692,"NEAR_DIST":7.5190160310777028}},{"type":"Feature","id":108,"geometry":{"type":"Point","coordinates":[197166.05950000044,1884633.9719999991]},"properties":{"OBJECTID":108,"Asset_ID":"GLY108","Name":"Gully","District_ID":"Dahariz al Shamaliyya","Wlyt_ID":"Salalah","Gov_ID":"Dhofar Governorate","Road_ID":"100001","Mun_ID":" ","Latitude":17.026003070000002,"Longitude":54.155554819999999,"GlobalID":"{512D0D5A-410F-4651-87E6-BF863FC2B791}","NEAR_FID":11476,"NEAR_DIST":7.8632647730193277}},{"type":"Feature","id":109,"geometry":{"type":"Point","coordinates":[197175.6157999998,1884672.3321000002]},"properties":{"OBJECTID":109,"Asset_ID":"GLY109","Name":"Gully","District_ID":"Dahariz al Shamaliyya","Wlyt_ID":"Salalah","Gov_ID":"Dhofar Governorate","Road_ID":"100017","Mun_ID":" ","Latitude":17.026350659999999,"Longitude":54.155639260000001,"GlobalID":"{D1DF2DF9-AA2F-4CAD-9F6D-82ED751E054B}","NEAR_FID":13692,"NEAR_DIST":0.76963377214386619}},{"type":"Feature","id":110,"geometry":{"type":"Point","coordinates":[197197.16530000046,1884672.1870000008]},"properties":{"OBJECTID":110,"Asset_ID":"GLY110","Name":"Gully","District_ID":"Dahariz al Shamaliyya","Wlyt_ID":"Salalah","Gov_ID":"Dhofar Governorate","Road_ID":"100017","Mun_ID":" ","Latitude":17.02635218,"Longitude":54.155841510000002,"GlobalID":"{8F043D1A-06DF-402F-94D3-BA4224D045FE}","NEAR_FID":12240,"NEAR_DIST":0.78082652340791436}},{"type":"Feature","id":111,"geometry":{"type":"Point","coordinates":[197198.59499999974,1884633.5637999997]},"properties":{"OBJECTID":111,"Asset_ID":"GLY111","Name":"Gully","District_ID":"Dahariz al Shamaliyya","Wlyt_ID":"Salalah","Gov_ID":"Dhofar Governorate","Road_ID":"100001","Mun_ID":" ","Latitude":17.026003660000001,"Longitude":54.155860199999999,"GlobalID":"{F8DF42B3-2132-4E71-BC0F-F0B6F5FFD84F}","NEAR_FID":11476,"NEAR_DIST":8.5182807003416379}},{"type":"Feature","id":112,"geometry":{"type":"Point","coordinates":[197231.45729999989,1884632.9123999998]},"properties":{"OBJECTID":112,"Asset_ID":"GLY112","Name":"Gully","District_ID":"Dahariz al Shamaliyya","Wlyt_ID":"Salalah","Gov_ID":"Dhofar Governorate","Road_ID":"100001","Mun_ID":" ","Latitude":17.026002099999999,"Longitude":54.15616868,"GlobalID":"{04082BD3-7289-470F-9BF7-85C963F0EEA1}","NEAR_FID":6594,"NEAR_DIST":9.6380354478630128}},{"type":"Feature","id":113,"geometry":{"type":"Point","coordinates":[197264.93499999959,1884666.0478000008]},"properties":{"OBJECTID":113,"Asset_ID":"GLY113","Name":"Gully","District_ID":"Dahariz al Shamaliyya","Wlyt_ID":"Salalah","Gov_ID":"Dhofar Governorate","Road_ID":"100001","Mun_ID":" ","Latitude":17.026305650000001,"Longitude":54.156478319999998,"GlobalID":"{09D094AB-D265-4590-821D-DEBAB53C6236}","NEAR_FID":6461,"NEAR_DIST":7.5048946610380387}},{"type":"Feature","id":114,"geometry":{"type":"Point","coordinates":[197266.22699999996,1884637.0350000001]},"properties":{"OBJECTID":114,"Asset_ID":"GLY114","Name":"Gully","District_ID":"Dahariz al Shamaliyya","Wlyt_ID":"Salalah","Gov_ID":"Dhofar Governorate","Road_ID":"100001","Mun_ID":" ","Latitude":17.02604388,"Longitude":54.1564944,"GlobalID":"{E701FE21-4109-42AC-8F71-87CEE73DB2EE}","NEAR_FID":6594,"NEAR_DIST":6.0540737202415666}},{"type":"Feature","id":115,"geometry":{"type":"Point","coordinates":[197422.27120000031,1884615.9765000008]},"properties":{"OBJECTID":115,"Asset_ID":"GLY115","Name":"Gully","District_ID":"Dahariz al Shamaliyya","Wlyt_ID":"Salalah","Gov_ID":"Dhofar Governorate","Road_ID":"100006","Mun_ID":" ","Latitude":17.02587424,"Longitude":54.157961649999997,"GlobalID":"{26BB1A65-1C09-444D-BF21-AF475113F4ED}","NEAR_FID":7665,"NEAR_DIST":0.95387558775784609}},{"type":"Feature","id":116,"geometry":{"type":"Point","coordinates":[197406.04619999975,1884616.6862000003]},"properties":{"OBJECTID":116,"Asset_ID":"GLY116","Name":"Gully","District_ID":"Dahariz al Shamaliyya","Wlyt_ID":"Salalah","Gov_ID":"Dhofar Governorate","Road_ID":"100006","Mun_ID":" ","Latitude":17.025878519999999,"Longitude":54.157809290000003,"GlobalID":"{A0D276C1-114E-4186-B0ED-AE71D694E1F0}","NEAR_FID":8179,"NEAR_DIST":0.87146670092595113}},{"type":"Feature","id":117,"geometry":{"type":"Point","coordinates":[197427.73110000044,1884631.3548000008]},"properties":{"OBJECTID":117,"Asset_ID":"GLY117","Name":"Gully","District_ID":"Dahariz al Shamaliyya","Wlyt_ID":"Salalah","Gov_ID":"Dhofar Governorate","Road_ID":"100006","Mun_ID":" ","Latitude":17.026013800000001,"Longitude":54.158010789999999,"GlobalID":"{53022AD4-67E3-4E6F-B69A-006FA1D0414F}","NEAR_FID":16027,"NEAR_DIST":1.943679508569137}},{"type":"Feature","id":118,"geometry":{"type":"Point","coordinates":[197400.79889999982,1884632.0058999993]},"properties":{"OBJECTID":118,"Asset_ID":"GLY118","Name":"Gully","District_ID":"Dahariz al Shamaliyya","Wlyt_ID":"Salalah","Gov_ID":"Dhofar Governorate","Road_ID":"100006","Mun_ID":" ","Latitude":17.026016139999999,"Longitude":54.157757959999998,"GlobalID":"{4542B8DA-A103-4179-A0CC-FCD3C4A635E3}","NEAR_FID":8997,"NEAR_DIST":2.9264704393212995}},{"type":"Feature","id":119,"geometry":{"type":"Point","coordinates":[197370.91220000014,1884636.5529999994]},"properties":{"OBJECTID":119,"Asset_ID":"GLY119","Name":"Gully","District_ID":"Dahariz al Shamaliyya","Wlyt_ID":"Salalah","Gov_ID":"Dhofar Governorate","Road_ID":"100001","Mun_ID":" ","Latitude":17.026053269999998,"Longitude":54.157476870000004,"GlobalID":"{19CC0020-5DA7-4E43-9E2F-A7BA2C884FDC}","NEAR_FID":6594,"NEAR_DIST":7.407362419944854}},{"type":"Feature","id":120,"geometry":{"type":"Point","coordinates":[197336.09399999958,1884636.0618999992]},"properties":{"OBJECTID":120,"Asset_ID":"GLY120","Name":"Gully","District_ID":"Dahariz al Shamaliyya","Wlyt_ID":"Salalah","Gov_ID":"Dhofar Governorate","Road_ID":"100001","Mun_ID":" ","Latitude":17.02604427,"Longitude":54.157150190000003,"GlobalID":"{8C118230-B260-49DE-9705-E2D8BBECA2D9}","NEAR_FID":6594,"NEAR_DIST":7.5746825678710596}},{"type":"Feature","id":121,"geometry":{"type":"Point","coordinates":[197301.19849999994,1884637.3944000006]},"properties":{"OBJECTID":121,"Asset_ID":"GLY121","Name":"Gully","District_ID":"Dahariz al Shamaliyya","Wlyt_ID":"Salalah","Gov_ID":"Dhofar Governorate","Road_ID":"100001","Mun_ID":" ","Latitude":17.026051720000002,"Longitude":54.15682254,"GlobalID":"{1B281813-E4A9-48DC-AE8D-222EAB593D1F}","NEAR_FID":6594,"NEAR_DIST":6.0605375590287522}},{"type":"Feature","id":122,"geometry":{"type":"Point","coordinates":[197426.70529999956,1884685.2357000001]},"properties":{"OBJECTID":122,"Asset_ID":"GLY122","Name":"Gully","District_ID":"Dahariz al Shamaliyya","Wlyt_ID":"Salalah","Gov_ID":"Dhofar Governorate","Road_ID":"100006","Mun_ID":" ","Latitude":17.026500120000001,"Longitude":54.157993810000001,"GlobalID":"{486EF76B-C5DE-4EF7-ADBF-08D77D14C08B}","NEAR_FID":5408,"NEAR_DIST":1.7073613820221647}},{"type":"Feature","id":123,"geometry":{"type":"Point","coordinates":[197335.02139999997,1884670.1079999991]},"properties":{"OBJECTID":123,"Asset_ID":"GLY123","Name":"Gully","District_ID":"Dahariz al Shamaliyya","Wlyt_ID":"Salalah","Gov_ID":"Dhofar Governorate","Road_ID":"100001","Mun_ID":" ","Latitude":17.026351510000001,"Longitude":54.157135480000001,"GlobalID":"{16C6A4F1-DD1A-466E-A14A-281679D933CE}","NEAR_FID":10567,"NEAR_DIST":8.8109076965607436}},{"type":"Feature","id":124,"geometry":{"type":"Point","coordinates":[197319.56350000016,1884669.1824999992]},"properties":{"OBJECTID":124,"Asset_ID":"GLY124","Name":"Gully","District_ID":"Dahariz al Shamaliyya","Wlyt_ID":"Salalah","Gov_ID":"Dhofar Governorate","Road_ID":"100001","Mun_ID":" ","Latitude":17.026341120000001,"Longitude":54.156990550000003,"GlobalID":"{B270C49D-EE31-47DC-978B-1E26382CA8D4}","NEAR_FID":10567,"NEAR_DIST":8.4843116489315555}},{"type":"Feature","id":125,"geometry":{"type":"Point","coordinates":[197313.92899999954,1884668.8063999992]},"properties":{"OBJECTID":125,"Asset_ID":"GLY125","Name":"Gully","District_ID":"Dahariz al Shamaliyya","Wlyt_ID":"Salalah","Gov_ID":"Dhofar Governorate","Road_ID":"100001","Mun_ID":" ","Latitude":17.026336990000001,"Longitude":54.156937720000002,"GlobalID":"{450E72A9-AB13-4F45-A40F-88B37F80C656}","NEAR_FID":10567,"NEAR_DIST":8.326544864905852}},{"type":"Feature","id":126,"geometry":{"type":"Point","coordinates":[197303.68530000001,1884668.1754000001]},"properties":{"OBJECTID":126,"Asset_ID":"GLY126","Name":"Gully","District_ID":"Dahariz al Shamaliyya","Wlyt_ID":"Salalah","Gov_ID":"Dhofar Governorate","Road_ID":"100001","Mun_ID":" ","Latitude":17.026329950000001,"Longitude":54.156841679999999,"GlobalID":"{89C35965-FA3E-4ED4-83F8-2252BE16F8C6}","NEAR_FID":10567,"NEAR_DIST":8.0224328281380206}},{"type":"Feature","id":127,"geometry":{"type":"Point","coordinates":[197684.66660000011,1884609.4941000007]},"properties":{"OBJECTID":127,"Asset_ID":"GLY127","Name":"Gully","District_ID":"Dahariz al Shamaliyya","Wlyt_ID":"Salalah","Gov_ID":"Dhofar Governorate","Road_ID":"100009","Mun_ID":" ","Latitude":17.025850139999999,"Longitude":54.160424949999999,"GlobalID":"{9D80732E-6F4C-4721-A40A-224BE3ED6E91}","NEAR_FID":4422,"NEAR_DIST":4.4243190024724921}},{"type":"Feature","id":128,"geometry":{"type":"Point","coordinates":[197702.61560000014,1884607.4067000002]},"properties":{"OBJECTID":128,"Asset_ID":"GLY128","Name":"Gully","District_ID":"Dahariz al Shamaliyya","Wlyt_ID":"Salalah","Gov_ID":"Dhofar Governorate","Road_ID":"100009","Mun_ID":" ","Latitude":17.025833649999999,"Longitude":54.160593669999997,"GlobalID":"{0C482FF4-29D7-4148-867B-91495A5CA14C}","NEAR_FID":12131,"NEAR_DIST":3.735425658171867}},{"type":"Feature","id":129,"geometry":{"type":"Point","coordinates":[197456.56240000017,1884635.5658999998]},"properties":{"OBJECTID":129,"Asset_ID":"GLY129","Name":"Gully","District_ID":"Dahariz al Shamaliyya","Wlyt_ID":"Salalah","Gov_ID":"Dhofar Governorate","Road_ID":"100001","Mun_ID":" ","Latitude":17.026055599999999,"Longitude":54.158280779999998,"GlobalID":"{78B24216-0B61-4620-9719-B08C08B3E540}","NEAR_FID":15988,"NEAR_DIST":5.8626397325550927}},{"type":"Feature","id":130,"geometry":{"type":"Point","coordinates":[197491.88370000012,1884633.0194000006]},"properties":{"OBJECTID":130,"Asset_ID":"GLY130","Name":"Gully","District_ID":"Dahariz al Shamaliyya","Wlyt_ID":"Salalah","Gov_ID":"Dhofar Governorate","Road_ID":"100001","Mun_ID":" ","Latitude":17.026037250000002,"Longitude":54.158612589999997,"GlobalID":"{22FBE67A-5BB9-45A6-A0E0-AC45C32AFC3E}","NEAR_FID":15988,"NEAR_DIST":5.8736437150523644}},{"type":"Feature","id":131,"geometry":{"type":"Point","coordinates":[197494.41000000015,1884665.1064999998]},"properties":{"OBJECTID":131,"Asset_ID":"GLY131","Name":"Gully","District_ID":"Dahariz al Shamaliyya","Wlyt_ID":"Salalah","Gov_ID":"Dhofar Governorate","Road_ID":"100001","Mun_ID":" ","Latitude":17.026327269999999,"Longitude":54.158631929999999,"GlobalID":"{DD0624C3-35DC-4FDB-8E03-492E50FED7E6}","NEAR_FID":13339,"NEAR_DIST":7.6829302316181378}},{"type":"Feature","id":132,"geometry":{"type":"Point","coordinates":[197516.92970000021,1884631.2171]},"properties":{"OBJECTID":132,"Asset_ID":"GLY132","Name":"Gully","District_ID":"Dahariz al Shamaliyya","Wlyt_ID":"Salalah","Gov_ID":"Dhofar Governorate","Road_ID":"100001","Mun_ID":" ","Latitude":17.02602426,"Longitude":54.158847880000003,"GlobalID":"{C0E08492-BE49-4279-9E6B-AD065B653013}","NEAR_FID":15988,"NEAR_DIST":5.7588391484337249}},{"type":"Feature","id":133,"geometry":{"type":"Point","coordinates":[197519.20150000043,1884663.0799000002]},"properties":{"OBJECTID":133,"Asset_ID":"GLY133","Name":"Gully","District_ID":"Dahariz al Shamaliyya","Wlyt_ID":"Salalah","Gov_ID":"Dhofar Governorate","Road_ID":"100001","Mun_ID":" ","Latitude":17.026312229999998,"Longitude":54.158864850000001,"GlobalID":"{0ECB6C9C-E166-4BD2-B84F-DC5394BFC194}","NEAR_FID":13339,"NEAR_DIST":7.3265355238400316}},{"type":"Feature","id":134,"geometry":{"type":"Point","coordinates":[197556.79540000018,1884660.1543000005]},"properties":{"OBJECTID":134,"Asset_ID":"GLY134","Name":"Gully","District_ID":"Dahariz al Shamaliyya","Wlyt_ID":"Salalah","Gov_ID":"Dhofar Governorate","Road_ID":"100001","Mun_ID":" ","Latitude":17.026290750000001,"Longitude":54.15921805,"GlobalID":"{43D09FD2-1630-4581-9550-115E982B638B}","NEAR_FID":13339,"NEAR_DIST":7.3236859748798357}},{"type":"Feature","id":135,"geometry":{"type":"Point","coordinates":[197554.11319999956,1884628.5890999995]},"properties":{"OBJECTID":135,"Asset_ID":"GLY135","Name":"Gully","District_ID":"Dahariz al Shamaliyya","Wlyt_ID":"Salalah","Gov_ID":"Dhofar Governorate","Road_ID":"100001","Mun_ID":" ","Latitude":17.02600541,"Longitude":54.15919718,"GlobalID":"{87E5299A-18DC-4ED0-B02F-B36BC1F8B480}","NEAR_FID":15988,"NEAR_DIST":5.6556159355736897}},{"type":"Feature","id":136,"geometry":{"type":"Point","coordinates":[197590.26979999989,1884657.5808000006]},"properties":{"OBJECTID":136,"Asset_ID":"GLY136","Name":"Gully","District_ID":"Dahariz al Shamaliyya","Wlyt_ID":"Salalah","Gov_ID":"Dhofar Governorate","Road_ID":"100001","Mun_ID":" ","Latitude":17.026271900000001,"Longitude":54.159532540000001,"GlobalID":"{E960E378-F1DC-478F-9CF8-D2D585AA1226}","NEAR_FID":13339,"NEAR_DIST":8.2100834224925414}},{"type":"Feature","id":137,"geometry":{"type":"Point","coordinates":[197586.63609999977,1884626.1875999998]},"properties":{"OBJECTID":137,"Asset_ID":"GLY137","Name":"Gully","District_ID":"Dahariz al Shamaliyya","Wlyt_ID":"Salalah","Gov_ID":"Dhofar Governorate","Road_ID":"100001","Mun_ID":" ","Latitude":17.025988000000002,"Longitude":54.159502719999999,"GlobalID":"{1CFABA84-D4C4-4662-B2E5-4758CB03F376}","NEAR_FID":15988,"NEAR_DIST":5.7637275538570822}},{"type":"Feature","id":138,"geometry":{"type":"Point","coordinates":[197630.19620000012,1884654.7195999995]},"properties":{"OBJECTID":138,"Asset_ID":"GLY138","Name":"Gully","District_ID":"Dahariz al Shamaliyya","Wlyt_ID":"Salalah","Gov_ID":"Dhofar Governorate","Road_ID":"100023","Mun_ID":" ","Latitude":17.026251309999999,"Longitude":54.159907609999998,"GlobalID":"{FF7F1FBA-E926-47EE-90E5-F40915D77DF5}","NEAR_FID":5611,"NEAR_DIST":7.5975834744438311}},{"type":"Feature","id":139,"geometry":{"type":"Point","coordinates":[197628.26489999983,1884621.1708000004]},"properties":{"OBJECTID":139,"Asset_ID":"GLY139","Name":"Gully","District_ID":"Dahariz al Shamaliyya","Wlyt_ID":"Salalah","Gov_ID":"Dhofar Governorate","Road_ID":"100001","Mun_ID":" ","Latitude":17.025948159999999,"Longitude":54.159894059999999,"GlobalID":"{F8F78D3F-07F2-46EA-AA28-1535D5224FB2}","NEAR_FID":15988,"NEAR_DIST":7.8303155642824125}},{"type":"Feature","id":140,"geometry":{"type":"Point","coordinates":[197670.39900000021,1884618.0857999995]},"properties":{"OBJECTID":140,"Asset_ID":"GLY140","Name":"Gully","District_ID":"Dahariz al Shamaliyya","Wlyt_ID":"Salalah","Gov_ID":"Dhofar Governorate","Road_ID":"100001","Mun_ID":" ","Latitude":17.025925839999999,"Longitude":54.160289880000001,"GlobalID":"{F8D990BF-44B9-47C1-8CF3-5FEDA34D4A7A}","NEAR_FID":15988,"NEAR_DIST":8.0972775679260582}},{"type":"Feature","id":141,"geometry":{"type":"Point","coordinates":[197705.88839999959,1884645.6625999995]},"properties":{"OBJECTID":141,"Asset_ID":"GLY141","Name":"Gully","District_ID":"Dahariz al Shamaliyya","Wlyt_ID":"Salalah","Gov_ID":"Dhofar Governorate","Road_ID":"100023","Mun_ID":" ","Latitude":17.026179460000002,"Longitude":54.160619169999997,"GlobalID":"{51ECF2FA-7B30-46B7-86C8-42153C984745}","NEAR_FID":16314,"NEAR_DIST":6.7013807668456655}},{"type":"Feature","id":142,"geometry":{"type":"Point","coordinates":[197716.05920000002,1884613.3446999993]},"properties":{"OBJECTID":142,"Asset_ID":"GLY142","Name":"Gully","District_ID":"Dahariz al Shamaliyya","Wlyt_ID":"Salalah","Gov_ID":"Dhofar Governorate","Road_ID":"100009","Mun_ID":" ","Latitude":17.025889020000001,"Longitude":54.160719020000002,"GlobalID":"{CEDEA98F-1FBA-4F45-80BB-C087961E5212}","NEAR_FID":12131,"NEAR_DIST":5.7031202393752425}},{"type":"Feature","id":143,"geometry":{"type":"Point","coordinates":[197740.8348000003,1884643.4765000008]},"properties":{"OBJECTID":143,"Asset_ID":"GLY143","Name":"Gully","District_ID":"Dahariz al Shamaliyya","Wlyt_ID":"Salalah","Gov_ID":"Dhofar Governorate","Road_ID":"100001","Mun_ID":" ","Latitude":17.026164309999999,"Longitude":54.160947419999999,"GlobalID":"{FFCADB1A-DBF6-4C44-B308-80A4C1C5002C}","NEAR_FID":4705,"NEAR_DIST":6.9498024255197679}},{"type":"Feature","id":144,"geometry":{"type":"Point","coordinates":[197758.55489999987,1884642.3714000005]},"properties":{"OBJECTID":144,"Asset_ID":"GLY144","Name":"Gully","District_ID":"Dahariz al Shamaliyya","Wlyt_ID":"Salalah","Gov_ID":"Dhofar Governorate","Road_ID":"100001","Mun_ID":" ","Latitude":17.026156650000001,"Longitude":54.16111386,"GlobalID":"{0C463DF3-E016-4BB1-95D5-F87ADB900C0A}","NEAR_FID":4705,"NEAR_DIST":6.4232313994408994}},{"type":"Feature","id":145,"geometry":{"type":"Point","coordinates":[197797.00860000029,1884611.4376999997]},"properties":{"OBJECTID":145,"Asset_ID":"GLY145","Name":"Gully","District_ID":"Dahariz al Shamaliyya","Wlyt_ID":"Salalah","Gov_ID":"Dhofar Governorate","Road_ID":"100001","Mun_ID":" ","Latitude":17.025882410000001,"Longitude":54.161478940000002,"GlobalID":"{E982817D-FB3B-4A2D-BDAA-DAD92F8DA6F8}","NEAR_FID":14738,"NEAR_DIST":9.0581542058542563}},{"type":"Feature","id":146,"geometry":{"type":"Point","coordinates":[197797.8554999996,1884641.5241999999]},"properties":{"OBJECTID":146,"Asset_ID":"GLY146","Name":"Gully","District_ID":"Dahariz al Shamaliyya","Wlyt_ID":"Salalah","Gov_ID":"Dhofar Governorate","Road_ID":"100001","Mun_ID":" ","Latitude":17.026154160000001,"Longitude":54.161482790000001,"GlobalID":"{64EA88BB-2286-4572-81E6-E3F199C0EEE6}","NEAR_FID":4705,"NEAR_DIST":6.8365128873592669}},{"type":"Feature","id":147,"geometry":{"type":"Point","coordinates":[197839.09140000027,1884640.2803000007]},"properties":{"OBJECTID":147,"Asset_ID":"GLY147","Name":"Gully","District_ID":"Dahariz al Shamaliyya","Wlyt_ID":"Salalah","Gov_ID":"Dhofar Governorate","Road_ID":"100001","Mun_ID":" ","Latitude":17.026148330000002,"Longitude":54.161869930000002,"GlobalID":"{6B6766CB-F6CC-420E-9FB6-8D0B2DF8BE78}","NEAR_FID":4705,"NEAR_DIST":6.8697185368761655}},{"type":"Feature","id":148,"geometry":{"type":"Point","coordinates":[197839.37050000019,1884611.5326000005]},"properties":{"OBJECTID":148,"Asset_ID":"GLY148","Name":"Gully","District_ID":"Dahariz al Shamaliyya","Wlyt_ID":"Salalah","Gov_ID":"Dhofar Governorate","Road_ID":"100001","Mun_ID":" ","Latitude":17.025888819999999,"Longitude":54.161876470000003,"GlobalID":"{DAA2C99F-1605-4FBB-9933-AEFA94B7EB12}","NEAR_FID":14738,"NEAR_DIST":7.6173822143877112}},{"type":"Feature","id":149,"geometry":{"type":"Point","coordinates":[197884.27190000005,1884638.8603000008]},"properties":{"OBJECTID":149,"Asset_ID":"GLY149","Name":"Gully","District_ID":"Dahariz al Shamaliyya","Wlyt_ID":"Salalah","Gov_ID":"Dhofar Governorate","Road_ID":"100114","Mun_ID":" ","Latitude":17.026141429999999,"Longitude":54.162294119999999,"GlobalID":"{91F629C2-F9D6-4D8C-BAC5-60D2A609C7AE}","NEAR_FID":9762,"NEAR_DIST":3.2304119175820958}},{"type":"Feature","id":150,"geometry":{"type":"Point","coordinates":[197918.87569999974,1884637.5513000004]},"properties":{"OBJECTID":150,"Asset_ID":"GLY150","Name":"Gully","District_ID":"Dahariz al Shamaliyya","Wlyt_ID":"Salalah","Gov_ID":"Dhofar Governorate","Road_ID":"100114","Mun_ID":" ","Latitude":17.026134150000001,"Longitude":54.162619030000002,"GlobalID":"{9E148B1B-420E-4FE8-8F2C-D750F6D5410A}","NEAR_FID":7180,"NEAR_DIST":2.8789911597429017}},{"type":"Feature","id":151,"geometry":{"type":"Point","coordinates":[197917.73929999955,1884608.7238999996]},"properties":{"OBJECTID":151,"Asset_ID":"GLY151","Name":"Gully","District_ID":"Dahariz al Shamaliyya","Wlyt_ID":"Salalah","Gov_ID":"Dhofar Governorate","Road_ID":"100001","Mun_ID":" ","Latitude":17.025873730000001,"Longitude":54.162612289999998,"GlobalID":"{9F562EB6-7EAD-4D5C-9157-DB675F6140FA}","NEAR_FID":14738,"NEAR_DIST":7.9270772295874448}},{"type":"Feature","id":152,"geometry":{"type":"Point","coordinates":[197959.25430000015,1884636.1316]},"properties":{"OBJECTID":152,"Asset_ID":"GLY152","Name":"Gully","District_ID":"Dahariz al Shamaliyya","Wlyt_ID":"Salalah","Gov_ID":"Dhofar Governorate","Road_ID":"100001","Mun_ID":" ","Latitude":17.026126619999999,"Longitude":54.16299815,"GlobalID":"{8F39633E-BC54-45DE-ACE7-9ADCC255A911}","NEAR_FID":10117,"NEAR_DIST":6.694666198778183}},{"type":"Feature","id":153,"geometry":{"type":"Point","coordinates":[197965.61689999979,1884600.5785000008]},"properties":{"OBJECTID":153,"Asset_ID":"GLY153","Name":"Gully","District_ID":"Dahariz al Shamaliyya","Wlyt_ID":"Salalah","Gov_ID":"Dhofar Governorate","Road_ID":"100100","Mun_ID":" ","Latitude":17.025806469999999,"Longitude":54.163062699999998,"GlobalID":"{6C73B56D-4CB9-4A2D-AF4A-B2EAA753F88B}","NEAR_FID":9800,"NEAR_DIST":3.3615938709418827}},{"type":"Feature","id":154,"geometry":{"type":"Point","coordinates":[198035.80289999954,1884606.1954999994]},"properties":{"OBJECTID":154,"Asset_ID":"GLY154","Name":"Gully","District_ID":"Dahariz al Shamaliyya","Wlyt_ID":"Salalah","Gov_ID":"Dhofar Governorate","Road_ID":"100001","Mun_ID":" ","Latitude":17.025866369999999,"Longitude":54.163720589999997,"GlobalID":"{BFAD88EF-3278-4C00-B8F3-8B3C5C277D2C}","NEAR_FID":6862,"NEAR_DIST":6.3255055299203748}},{"type":"Feature","id":155,"geometry":{"type":"Point","coordinates":[198037.04360000044,1884632.023]},"properties":{"OBJECTID":155,"Asset_ID":"GLY155","Name":"Gully","District_ID":"Dahariz al Shamaliyya","Wlyt_ID":"Salalah","Gov_ID":"Dhofar Governorate","Road_ID":"100001","Mun_ID":" ","Latitude":17.026099720000001,"Longitude":54.163728720000002,"GlobalID":"{D6DF1C5E-06BF-4248-B253-79B6CC36D170}","NEAR_FID":10117,"NEAR_DIST":5.7622505695126947}},{"type":"Feature","id":156,"geometry":{"type":"Point","coordinates":[198074.7620000001,1884630.8740999997]},"properties":{"OBJECTID":156,"Asset_ID":"GLY156","Name":"Gully","District_ID":"Dahariz al Shamaliyya","Wlyt_ID":"Salalah","Gov_ID":"Dhofar Governorate","Road_ID":"100001","Mun_ID":" ","Latitude":17.026094279999999,"Longitude":54.164082839999999,"GlobalID":"{6699EA21-00E1-4451-9F4E-21D8313B1120}","NEAR_FID":10117,"NEAR_DIST":5.5286470932029683}},{"type":"Feature","id":157,"geometry":{"type":"Point","coordinates":[198072.72979999986,1884605.9124999996]},"properties":{"OBJECTID":157,"Asset_ID":"GLY157","Name":"Gully","District_ID":"Dahariz al Shamaliyya","Wlyt_ID":"Salalah","Gov_ID":"Dhofar Governorate","Road_ID":"100001","Mun_ID":" ","Latitude":17.02586865,"Longitude":54.164067170000003,"GlobalID":"{3CC501DD-576C-4763-A907-5BE59C5754A8}","NEAR_FID":6862,"NEAR_DIST":5.7756807914595862}},{"type":"Feature","id":158,"geometry":{"type":"Point","coordinates":[198114.15240000002,1884629.5872000009]},"properties":{"OBJECTID":158,"Asset_ID":"GLY158","Name":"Gully","District_ID":"Dahariz al Shamaliyya","Wlyt_ID":"Salalah","Gov_ID":"Dhofar Governorate","Road_ID":"100001","Mun_ID":" ","Latitude":17.026087820000001,"Longitude":54.164452670000003,"GlobalID":"{1464FFBA-ADE5-44F2-878C-99F3D80A0F96}","NEAR_FID":10117,"NEAR_DIST":5.5360453312943623}},{"type":"Feature","id":159,"geometry":{"type":"Point","coordinates":[198112.75910000037,1884604.6692999993]},"properties":{"OBJECTID":159,"Asset_ID":"GLY159","Name":"Gully","District_ID":"Dahariz al Shamaliyya","Wlyt_ID":"Salalah","Gov_ID":"Dhofar Governorate","Road_ID":"100001","Mun_ID":" ","Latitude":17.025862669999999,"Longitude":54.164442989999998,"GlobalID":"{2E5E6962-B153-47FC-B18D-9BF64C9F67DC}","NEAR_FID":6862,"NEAR_DIST":5.7113470277124279}},{"type":"Feature","id":160,"geometry":{"type":"Point","coordinates":[198152.72070000041,1884603.4291999992]},"properties":{"OBJECTID":160,"Asset_ID":"GLY160","Name":"Gully","District_ID":"Dahariz al Shamaliyya","Wlyt_ID":"Salalah","Gov_ID":"Dhofar Governorate","Road_ID":"100001","Mun_ID":" ","Latitude":17.025856709999999,"Longitude":54.164818169999997,"GlobalID":"{64AD9019-496B-4DFF-A608-ED8A178331C1}","NEAR_FID":6862,"NEAR_DIST":5.6177286927404859}},{"type":"Feature","id":161,"geometry":{"type":"Point","coordinates":[198154.13669999968,1884628.3736000005]},"properties":{"OBJECTID":161,"Asset_ID":"GLY161","Name":"Gully","District_ID":"Dahariz al Shamaliyya","Wlyt_ID":"Salalah","Gov_ID":"Dhofar Governorate","Road_ID":"100001","Mun_ID":" ","Latitude":17.0260821,"Longitude":54.164828069999999,"GlobalID":"{82251613-E1D4-44E9-83E8-61BC1EEB8A55}","NEAR_FID":10117,"NEAR_DIST":5.8262038179223321}},{"type":"Feature","id":162,"geometry":{"type":"Point","coordinates":[198195.37959999964,1884626.9795999993]},"properties":{"OBJECTID":162,"Asset_ID":"GLY162","Name":"Gully","District_ID":"Dahariz al Shamaliyya","Wlyt_ID":"Salalah","Gov_ID":"Dhofar Governorate","Road_ID":"100001","Mun_ID":" ","Latitude":17.026074909999998,"Longitude":54.1652153,"GlobalID":"{F9F31268-8E53-442F-A137-84E0E821048A}","NEAR_FID":10117,"NEAR_DIST":5.6680924057917679}},{"type":"Feature","id":163,"geometry":{"type":"Point","coordinates":[198192.54739999957,1884602.0351999998]},"properties":{"OBJECTID":163,"Asset_ID":"GLY163","Name":"Gully","District_ID":"Dahariz al Shamaliyya","Wlyt_ID":"Salalah","Gov_ID":"Dhofar Governorate","Road_ID":"100001","Mun_ID":" ","Latitude":17.025849340000001,"Longitude":54.16519211,"GlobalID":"{8FEA5D07-5401-4CA7-AFD3-D81A848166A4}","NEAR_FID":6862,"NEAR_DIST":5.9017521812473204}},{"type":"Feature","id":164,"geometry":{"type":"Point","coordinates":[198234.57010000013,1884625.8083999995]},"properties":{"OBJECTID":164,"Asset_ID":"GLY164","Name":"Gully","District_ID":"Dahariz al Shamaliyya","Wlyt_ID":"Salalah","Gov_ID":"Dhofar Governorate","Road_ID":"100001","Mun_ID":" ","Latitude":17.026069469999999,"Longitude":54.165583230000003,"GlobalID":"{D1546B75-EA2C-4485-90AE-7C3363E786AB}","NEAR_FID":10117,"NEAR_DIST":5.4184310145327697}},{"type":"Feature","id":165,"geometry":{"type":"Point","coordinates":[198232.87640000042,1884600.8234000001]},"properties":{"OBJECTID":165,"Asset_ID":"GLY165","Name":"Gully","District_ID":"Dahariz al Shamaliyya","Wlyt_ID":"Salalah","Gov_ID":"Dhofar Governorate","Road_ID":"100001","Mun_ID":" ","Latitude":17.02584367,"Longitude":54.16557074,"GlobalID":"{076F2A08-8784-4F89-8984-32D2E65A14E9}","NEAR_FID":6862,"NEAR_DIST":5.7597172536660031}},{"type":"Feature","id":166,"geometry":{"type":"Point","coordinates":[198274.01630000025,1884626.4849999994]},"properties":{"OBJECTID":166,"Asset_ID":"GLY166","Name":"Gully","District_ID":"Dahariz al Shamaliyya","Wlyt_ID":"Salalah","Gov_ID":"Dhofar Governorate","Road_ID":"100001","Mun_ID":" ","Latitude":17.026080740000001,"Longitude":54.16595332,"GlobalID":"{EFF419DB-1B3A-4055-97EB-17C8C637A232}","NEAR_FID":10117,"NEAR_DIST":6.9632940367372047}},{"type":"Feature","id":167,"geometry":{"type":"Point","coordinates":[198272.69749999978,1884599.6471999995]},"properties":{"OBJECTID":167,"Asset_ID":"GLY167","Name":"Gully","District_ID":"Dahariz al Shamaliyya","Wlyt_ID":"Salalah","Gov_ID":"Dhofar Governorate","Road_ID":"100001","Mun_ID":" ","Latitude":17.025838270000001,"Longitude":54.165944600000003,"GlobalID":"{9EF94F32-63D5-42C6-9785-9EEAA88B2E03}","NEAR_FID":6862,"NEAR_DIST":5.6217144733171001}},{"type":"Feature","id":168,"geometry":{"type":"Point","coordinates":[198313.20559999999,1884625.1346000005]},"properties":{"OBJECTID":168,"Asset_ID":"GLY168","Name":"Gully","District_ID":"Dahariz al Shamaliyya","Wlyt_ID":"Salalah","Gov_ID":"Dhofar Governorate","Road_ID":"100004","Mun_ID":" ","Latitude":17.02607368,"Longitude":54.166321279999998,"GlobalID":"{6C243AC4-DE43-4850-85D6-E04C1083A8B1}","NEAR_FID":15322,"NEAR_DIST":6.1324369828276071}},{"type":"Feature","id":169,"geometry":{"type":"Point","coordinates":[198328.4924999997,1884626.0288999993]},"properties":{"OBJECTID":169,"Asset_ID":"GLY169","Name":"Gully","District_ID":"Dahariz al Shamaliyya","Wlyt_ID":"Salalah","Gov_ID":"Dhofar Governorate","Road_ID":"100004","Mun_ID":" ","Latitude":17.026083750000002,"Longitude":54.166464609999998,"GlobalID":"{5A331F7C-046D-46FE-9820-F384ED4CE0E4}","NEAR_FID":15322,"NEAR_DIST":1.41028665788296}},{"type":"Feature","id":170,"geometry":{"type":"Point","coordinates":[198352.59449999966,1884597.5348000005]},"properties":{"OBJECTID":170,"Asset_ID":"GLY170","Name":"Gully","District_ID":"Dahariz al Shamaliyya","Wlyt_ID":"Salalah","Gov_ID":"Dhofar Governorate","Road_ID":"100001","Mun_ID":" ","Latitude":17.025829649999999,"Longitude":54.166694669999998,"GlobalID":"{F7CC967D-C818-4688-A278-FAA4936D47FF}","NEAR_FID":4159,"NEAR_DIST":6.259575006243927}},{"type":"Feature","id":171,"geometry":{"type":"Point","coordinates":[198353.45000000019,1884623.8125]},"properties":{"OBJECTID":171,"Asset_ID":"GLY171","Name":"Gully","District_ID":"Dahariz al Shamaliyya","Wlyt_ID":"Salalah","Gov_ID":"Dhofar Governorate","Road_ID":"100004","Mun_ID":" ","Latitude":17.026067009999998,"Longitude":54.166699129999998,"GlobalID":"{D73E52FA-EC69-47E4-B67F-E013B7DA19DD}","NEAR_FID":6438,"NEAR_DIST":1.4130722739537114}},{"type":"Feature","id":172,"geometry":{"type":"Point","coordinates":[198393.67360000033,1884623.3139999993]},"properties":{"OBJECTID":172,"Asset_ID":"GLY172","Name":"Gully","District_ID":"Dahariz al Shamaliyya","Wlyt_ID":"Salalah","Gov_ID":"Dhofar Governorate","Road_ID":"100001","Mun_ID":" ","Latitude":17.026067770000001,"Longitude":54.16707667,"GlobalID":"{31B534C8-F9EF-4320-BE03-73C57D5304C3}","NEAR_FID":6979,"NEAR_DIST":6.780614060558487}},{"type":"Feature","id":173,"geometry":{"type":"Point","coordinates":[198392.33550000004,1884596.6072000004]},"properties":{"OBJECTID":173,"Asset_ID":"GLY173","Name":"Gully","District_ID":"Dahariz al Shamaliyya","Wlyt_ID":"Salalah","Gov_ID":"Dhofar Governorate","Road_ID":"100001","Mun_ID":" ","Latitude":17.025826469999998,"Longitude":54.16706774,"GlobalID":"{074E9FAF-C1BB-47F9-9970-813A828D26B1}","NEAR_FID":4159,"NEAR_DIST":6.2373144215375902}},{"type":"Feature","id":174,"geometry":{"type":"Point","coordinates":[198434.03189999983,1884622.4178999998]},"properties":{"OBJECTID":174,"Asset_ID":"GLY174","Name":"Gully","District_ID":"Dahariz al Shamaliyya","Wlyt_ID":"Salalah","Gov_ID":"Dhofar Governorate","Road_ID":"100001","Mun_ID":" ","Latitude":17.026064959999999,"Longitude":54.167455529999998,"GlobalID":"{20FAC36C-BA9C-4F21-BF4A-96E168534B9C}","NEAR_FID":6979,"NEAR_DIST":6.9777723062386734}},{"type":"Feature","id":175,"geometry":{"type":"Point","coordinates":[198432.62310000043,1884595.7402999997]},"properties":{"OBJECTID":175,"Asset_ID":"GLY175","Name":"Gully","District_ID":"Dahariz al Shamaliyya","Wlyt_ID":"Salalah","Gov_ID":"Dhofar Governorate","Road_ID":"100001","Mun_ID":" ","Latitude":17.025823920000001,"Longitude":54.16744594,"GlobalID":"{3FCC75A0-DDF8-4EB2-A58E-17DE2930D040}","NEAR_FID":4159,"NEAR_DIST":6.2012232164957712}},{"type":"Feature","id":176,"geometry":{"type":"Point","coordinates":[198473.86799999978,1884621.5153999999]},"properties":{"OBJECTID":176,"Asset_ID":"GLY176","Name":"Gully","District_ID":"Dahariz al Shamaliyya","Wlyt_ID":"Salalah","Gov_ID":"Dhofar Governorate","Road_ID":"100001","Mun_ID":" ","Latitude":17.026062020000001,"Longitude":54.167829490000003,"GlobalID":"{78DB936D-EB64-4AFC-8646-DBA992EB9846}","NEAR_FID":6979,"NEAR_DIST":6.6595240921486374}},{"type":"Feature","id":177,"geometry":{"type":"Point","coordinates":[198472.79550000001,1884594.8425999992]},"properties":{"OBJECTID":177,"Asset_ID":"GLY177","Name":"Gully","District_ID":"Dahariz al Shamaliyya","Wlyt_ID":"Salalah","Gov_ID":"Dhofar Governorate","Road_ID":"100001","Mun_ID":" ","Latitude":17.025821069999999,"Longitude":54.167823050000003,"GlobalID":"{7FA1B9C4-EE39-40D7-99F8-AB55DF466C7E}","NEAR_FID":4159,"NEAR_DIST":6.1934791430764138}},{"type":"Feature","id":178,"geometry":{"type":"Point","coordinates":[198512.56080000009,1884620.5204000007]},"properties":{"OBJECTID":178,"Asset_ID":"GLY178","Name":"Gully","District_ID":"Dahariz al Shamaliyya","Wlyt_ID":"Salalah","Gov_ID":"Dhofar Governorate","Road_ID":"100001","Mun_ID":" ","Latitude":17.0260581,"Longitude":54.168192740000002,"GlobalID":"{551BF281-0633-43E7-94BB-8F66F7392FD0}","NEAR_FID":6979,"NEAR_DIST":6.6423803195934701}},{"type":"Feature","id":179,"geometry":{"type":"Point","coordinates":[198512.41920000035,1884593.7841999996]},"properties":{"OBJECTID":179,"Asset_ID":"GLY179","Name":"Gully","District_ID":"Dahariz al Shamaliyya","Wlyt_ID":"Salalah","Gov_ID":"Dhofar Governorate","Road_ID":"100001","Mun_ID":" ","Latitude":17.025816689999999,"Longitude":54.168195040000001,"GlobalID":"{48CEFE81-EB24-4A02-B007-94BB72F6B962}","NEAR_FID":4159,"NEAR_DIST":6.3492148036516287}},{"type":"Feature","id":180,"geometry":{"type":"Point","coordinates":[198547.9095999999,1884614.5797000006]},"properties":{"OBJECTID":180,"Asset_ID":"GLY180","Name":"Gully","District_ID":"Dahariz al Shamaliyya","Wlyt_ID":"Salalah","Gov_ID":"Dhofar Governorate","Road_ID":"100001","Mun_ID":" ","Latitude":17.026009080000001,"Longitude":54.168525270000004,"GlobalID":"{912FBFC3-BE6F-49D6-B218-52E1210892B5}","NEAR_FID":6979,"NEAR_DIST":1.4860123238360654}},{"type":"Feature","id":181,"geometry":{"type":"Point","coordinates":[198547.67009999976,1884592.9594000001]},"properties":{"OBJECTID":181,"Asset_ID":"GLY181","Name":"Gully","District_ID":"Dahariz al Shamaliyya","Wlyt_ID":"Salalah","Gov_ID":"Dhofar Governorate","Road_ID":"100001","Mun_ID":" ","Latitude":17.025813849999999,"Longitude":54.168525969999997,"GlobalID":"{87C93CD3-652C-4833-A16B-5DBA2728FC8A}","NEAR_FID":4159,"NEAR_DIST":6.3678904301210055}},{"type":"Feature","id":182,"geometry":{"type":"Point","coordinates":[198573.48010000028,1884614.8515000008]},"properties":{"OBJECTID":182,"Asset_ID":"GLY182","Name":"Gully","District_ID":"Dahariz al Shamaliyya","Wlyt_ID":"Salalah","Gov_ID":"Dhofar Governorate","Road_ID":"100116","Mun_ID":" ","Latitude":17.026014880000002,"Longitude":54.168765200000003,"GlobalID":"{B7AD8BD3-12C5-4356-A31C-FE11129738B4}","NEAR_FID":6410,"NEAR_DIST":0.96296394295078358}},{"type":"Feature","id":183,"geometry":{"type":"Point","coordinates":[198605.36319999956,1884618.1322000008]},"properties":{"OBJECTID":183,"Asset_ID":"GLY183","Name":"Gully","District_ID":"Dahariz al Shamaliyya","Wlyt_ID":"Salalah","Gov_ID":"Dhofar Governorate","Road_ID":"100001","Mun_ID":" ","Latitude":17.026048670000002,"Longitude":54.169063960000003,"GlobalID":"{B2B21285-13D2-4DE1-94E7-D732DD963C80}","NEAR_FID":12853,"NEAR_DIST":6.7180515852605405}},{"type":"Feature","id":184,"geometry":{"type":"Point","coordinates":[198604.97609999962,1884591.7107999995]},"properties":{"OBJECTID":184,"Asset_ID":"GLY184","Name":"Gully","District_ID":"Dahariz al Shamaliyya","Wlyt_ID":"Salalah","Gov_ID":"Dhofar Governorate","Road_ID":"100001","Mun_ID":" ","Latitude":17.025810069999999,"Longitude":54.169063919999999,"GlobalID":"{D6D66F66-04D6-479B-9DB0-7942D5B59E95}","NEAR_FID":17936,"NEAR_DIST":6.2634668897846071}},{"type":"Feature","id":185,"geometry":{"type":"Point","coordinates":[198577.1026999997,1884592.1492999997]},"properties":{"OBJECTID":185,"Asset_ID":"GLY185","Name":"Gully","District_ID":"Dahariz al Shamaliyya","Wlyt_ID":"Salalah","Gov_ID":"Dhofar Governorate","Road_ID":"100001","Mun_ID":" ","Latitude":17.02581039,"Longitude":54.168802280000001,"GlobalID":"{7D0CCF84-8444-49CE-BC35-4854A6E27F6D}","NEAR_FID":4159,"NEAR_DIST":6.4550656566579629}},{"type":"Feature","id":186,"geometry":{"type":"Point","coordinates":[198640.98290000018,1884615.3096999992]},"properties":{"OBJECTID":186,"Asset_ID":"GLY186","Name":"Gully","District_ID":"Dahariz al Shamaliyya","Wlyt_ID":"Salalah","Gov_ID":"Dhofar Governorate","Road_ID":"100001","Mun_ID":" ","Latitude":17.026027840000001,"Longitude":54.169398620000003,"GlobalID":"{FC8EAF17-FE4E-4AAB-81EF-C53C1C7B1BED}","NEAR_FID":12853,"NEAR_DIST":4.8386815470687186}},{"type":"Feature","id":187,"geometry":{"type":"Point","coordinates":[198640.59530000016,1884590.7339999992]},"properties":{"OBJECTID":187,"Asset_ID":"GLY187","Name":"Gully","District_ID":"Dahariz al Shamaliyya","Wlyt_ID":"Salalah","Gov_ID":"Dhofar Governorate","Road_ID":"100001","Mun_ID":" ","Latitude":17.025805909999999,"Longitude":54.169398319999999,"GlobalID":"{39B21530-0733-4998-A9EF-A6B3310E1550}","NEAR_FID":17936,"NEAR_DIST":6.5275276494317884}},{"type":"Feature","id":188,"geometry":{"type":"Point","coordinates":[198680.65000000037,1884589.8673999999]},"properties":{"OBJECTID":188,"Asset_ID":"GLY188","Name":"Gully","District_ID":"Dahariz al Shamaliyya","Wlyt_ID":"Salalah","Gov_ID":"Dhofar Governorate","Road_ID":"100001","Mun_ID":" ","Latitude":17.025803320000001,"Longitude":54.169774330000003,"GlobalID":"{ADEA9217-9CD3-47EF-8D0A-4843AC166006}","NEAR_FID":17936,"NEAR_DIST":6.438760257000828}},{"type":"Feature","id":189,"geometry":{"type":"Point","coordinates":[198680.94419999979,1884614.3956000004]},"properties":{"OBJECTID":189,"Asset_ID":"GLY189","Name":"Gully","District_ID":"Dahariz al Shamaliyya","Wlyt_ID":"Salalah","Gov_ID":"Dhofar Governorate","Road_ID":"100001","Mun_ID":" ","Latitude":17.026024809999999,"Longitude":54.169773759999998,"GlobalID":"{C598E8CD-28A1-4084-99A8-2E7E5E97D67E}","NEAR_FID":12853,"NEAR_DIST":5.0126646197937372}},{"type":"Feature","id":190,"geometry":{"type":"Point","coordinates":[198684.34090000018,1884620.9245999996]},"properties":{"OBJECTID":190,"Asset_ID":"GLY190","Name":"Gully","District_ID":"Dahariz al Shamaliyya","Wlyt_ID":"Salalah","Gov_ID":"Dhofar Governorate","Road_ID":"100116","Mun_ID":" ","Latitude":17.0260842,"Longitude":54.169804739999996,"GlobalID":"{102C2E5E-7628-4424-AA7C-7D33A37E602E}","NEAR_FID":13215,"NEAR_DIST":1.957218791003515}},{"type":"Feature","id":191,"geometry":{"type":"Point","coordinates":[198716.25019999966,1884613.5333999991]},"properties":{"OBJECTID":191,"Asset_ID":"GLY191","Name":"Gully","District_ID":"Dahariz al Shamaliyya","Wlyt_ID":"Salalah","Gov_ID":"Dhofar Governorate","Road_ID":"100001","Mun_ID":" ","Latitude":17.02602164,"Longitude":54.170105200000002,"GlobalID":"{4E2234E4-6979-4A49-9A91-624B9BC1FAFD}","NEAR_FID":12853,"NEAR_DIST":5.0636487842989428}},{"type":"Feature","id":192,"geometry":{"type":"Point","coordinates":[198720.6501000002,1884617.6784000006]},"properties":{"OBJECTID":192,"Asset_ID":"GLY192","Name":"Gully","District_ID":"Dahariz al Shamaliyya","Wlyt_ID":"Salalah","Gov_ID":"Dhofar Governorate","Road_ID":"100116","Mun_ID":" ","Latitude":17.02605964,"Longitude":54.170145929999997,"GlobalID":"{1A4E3012-653E-4125-AA81-BBE0A458E2D4}","NEAR_FID":13215,"NEAR_DIST":4.380532266840909}},{"type":"Feature","id":193,"geometry":{"type":"Point","coordinates":[198715.80649999995,1884589.0135999992]},"properties":{"OBJECTID":193,"Asset_ID":"GLY193","Name":"Gully","District_ID":"Dahariz al Shamaliyya","Wlyt_ID":"Salalah","Gov_ID":"Dhofar Governorate","Road_ID":"100001","Mun_ID":" ","Latitude":17.02580021,"Longitude":54.170104369999997,"GlobalID":"{B8B927A2-0452-4EE0-9221-764944314A2D}","NEAR_FID":17936,"NEAR_DIST":6.3423960944799056}},{"type":"Feature","id":194,"geometry":{"type":"Point","coordinates":[198755.73979999963,1884588.1287999991]},"properties":{"OBJECTID":194,"Asset_ID":"GLY194","Name":"Gully","District_ID":"Dahariz al Shamaliyya","Wlyt_ID":"Salalah","Gov_ID":"Dhofar Governorate","Road_ID":"100001","Mun_ID":" ","Latitude":17.025797440000002,"Longitude":54.170479239999999,"GlobalID":"{479B01E8-23A1-4CE4-AAAA-4564C490281D}","NEAR_FID":17936,"NEAR_DIST":6.4310328723395598}},{"type":"Feature","id":195,"geometry":{"type":"Point","coordinates":[198755.98159999959,1884612.6339999996]},"properties":{"OBJECTID":195,"Asset_ID":"GLY195","Name":"Gully","District_ID":"Dahariz al Shamaliyya","Wlyt_ID":"Salalah","Gov_ID":"Dhofar Governorate","Road_ID":"100001","Mun_ID":" ","Latitude":17.026018709999999,"Longitude":54.170478180000003,"GlobalID":"{75ABA905-6F3A-497D-9F7B-6D98C72E956E}","NEAR_FID":12853,"NEAR_DIST":5.1918715336614492}},{"type":"Feature","id":196,"geometry":{"type":"Point","coordinates":[198770.03050000034,1884623.9666000009]},"properties":{"OBJECTID":196,"Asset_ID":"GLY196","Name":"Gully","District_ID":"Dahariz al Shamaliyya","Wlyt_ID":"Salalah","Gov_ID":"Dhofar Governorate","Road_ID":"100116","Mun_ID":" ","Latitude":17.026122860000001,"Longitude":54.170608479999999,"GlobalID":"{603B2C74-F971-4A7B-863F-2274B44C2A25}","NEAR_FID":13215,"NEAR_DIST":3.133338433275541}},{"type":"Feature","id":197,"geometry":{"type":"Point","coordinates":[198795.98560000025,1884585.5223999992]},"properties":{"OBJECTID":197,"Asset_ID":"GLY197","Name":"Gully","District_ID":"Dahariz al Shamaliyya","Wlyt_ID":"Salalah","Gov_ID":"Dhofar Governorate","Road_ID":"100001","Mun_ID":" ","Latitude":17.025779159999999,"Longitude":54.17085728,"GlobalID":"{BC669E8E-52D0-412F-977C-B54A43B59F1F}","NEAR_FID":14196,"NEAR_DIST":8.0334073755122652}},{"type":"Feature","id":198,"geometry":{"type":"Point","coordinates":[198796.14159999974,1884611.7219999991]},"properties":{"OBJECTID":198,"Asset_ID":"GLY198","Name":"Gully","District_ID":"Dahariz al Shamaliyya","Wlyt_ID":"Salalah","Gov_ID":"Dhofar Governorate","Road_ID":"100001","Mun_ID":" ","Latitude":17.026015730000001,"Longitude":54.170855179999997,"GlobalID":"{18924127-AAC0-4DAE-A2C5-7FD6B767220E}","NEAR_FID":12853,"NEAR_DIST":5.3185806674207532}},{"type":"Feature","id":199,"geometry":{"type":"Point","coordinates":[198835.7106999997,1884611.2285999991]},"properties":{"OBJECTID":199,"Asset_ID":"GLY199","Name":"Gully","District_ID":"Dahariz al Shamaliyya","Wlyt_ID":"Salalah","Gov_ID":"Dhofar Governorate","Road_ID":"100001","Mun_ID":" ","Latitude":17.026016439999999,"Longitude":54.171226580000003,"GlobalID":"{053DD5F6-F33A-4BEF-9C5A-5015457C4FB5}","NEAR_FID":12853,"NEAR_DIST":5.3127105688907506}},{"type":"Feature","id":200,"geometry":{"type":"Point","coordinates":[198832.89989999961,1884582.3907999992]},"properties":{"OBJECTID":200,"Asset_ID":"GLY200","Name":"Gully","District_ID":"Dahariz al Shamaliyya","Wlyt_ID":"Salalah","Gov_ID":"Dhofar Governorate","Road_ID":"100001","Mun_ID":" ","Latitude":17.025755709999999,"Longitude":54.171204119999999,"GlobalID":"{00EBD5CF-47C1-4834-97DF-4C09BFB849C4}","NEAR_FID":14960,"NEAR_DIST":8.2343155680787472}},{"type":"Feature","id":201,"geometry":{"type":"Point","coordinates":[198863.22499999963,1884610.9881999996]},"properties":{"OBJECTID":201,"Asset_ID":"GLY201","Name":"Gully","District_ID":"Dahariz al Shamaliyya","Wlyt_ID":"Salalah","Gov_ID":"Dhofar Governorate","Road_ID":"100117","Mun_ID":" ","Latitude":17.02601786,"Longitude":54.171484820000003,"GlobalID":"{C4184A63-D783-4F4F-9E71-DFF07A8A1D32}","NEAR_FID":18797,"NEAR_DIST":4.4647421183184886}},{"type":"Feature","id":202,"geometry":{"type":"Point","coordinates":[198974.79250000045,1884644.5427000001]},"properties":{"OBJECTID":202,"Asset_ID":"GLY202","Name":"Gully","District_ID":"Dahariz al Shamaliyya","Wlyt_ID":"Salalah","Gov_ID":"Dhofar Governorate","Road_ID":"100003","Mun_ID":" ","Latitude":17.026335379999999,"Longitude":54.172527270000003,"GlobalID":"{9738F49C-279E-402D-8A03-FF1CD0A4B889}","NEAR_FID":7788,"NEAR_DIST":2.3841882941049142}},{"type":"Feature","id":203,"geometry":{"type":"Point","coordinates":[199007.36180000007,1884651.5141000003]},"properties":{"OBJECTID":203,"Asset_ID":"GLY203","Name":"Gully","District_ID":"Dahariz al Shamaliyya","Wlyt_ID":"Salalah","Gov_ID":"Dhofar Governorate","Road_ID":"100003","Mun_ID":" ","Latitude":17.026402569999998,"Longitude":54.172831969999997,"GlobalID":"{D3955127-8EE1-441D-983E-7D2FA2550261}","NEAR_FID":9147,"NEAR_DIST":4.6186254442306902}},{"type":"Feature","id":204,"geometry":{"type":"Point","coordinates":[199002.13320000004,1884695.9563999996]},"properties":{"OBJECTID":204,"Asset_ID":"GLY204","Name":"Gully","District_ID":"Dahariz al Shamaliyya","Wlyt_ID":"Salalah","Gov_ID":"Dhofar Governorate","Road_ID":"100003","Mun_ID":"RG1","Latitude":17.026803130000001,"Longitude":54.17277687,"GlobalID":"{62D4A3FC-F87D-4BBB-8792-F6FF91465216}","NEAR_FID":9147,"NEAR_DIST":5.5833390249665911}},{"type":"Feature","id":205,"geometry":{"type":"Point","coordinates":[198977.18099999987,1884692.7094999999]},"properties":{"OBJECTID":205,"Asset_ID":"GLY205","Name":"Gully","District_ID":"Dahariz al Shamaliyya","Wlyt_ID":"Salalah","Gov_ID":"Dhofar Governorate","Road_ID":"100003","Mun_ID":" LG1","Latitude":17.026770559999999,"Longitude":54.172543150000003,"GlobalID":"{3A411330-F3D5-482B-9E77-375C1E97BA98}","NEAR_FID":16186,"NEAR_DIST":5.6840130293962208}},{"type":"Feature","id":206,"geometry":{"type":"Point","coordinates":[198975.66390000004,1884717.8508000001]},"properties":{"OBJECTID":206,"Asset_ID":"GLY206","Name":"Gully","District_ID":"Dahariz al Shamaliyya","Wlyt_ID":"Salalah","Gov_ID":"Dhofar Governorate","Road_ID":"100003","Mun_ID":"LG2","Latitude":17.026997349999998,"Longitude":54.172525499999999,"GlobalID":"{6610FDD9-67B0-4BFD-B155-3EABE88B67B7}","NEAR_FID":16186,"NEAR_DIST":5.7616035657870457}},{"type":"Feature","id":207,"geometry":{"type":"Point","coordinates":[199000.60830000043,1884720.5739999991]},"properties":{"OBJECTID":207,"Asset_ID":"GLY207","Name":"Gully","District_ID":"Dahariz al Shamaliyya","Wlyt_ID":"Salalah","Gov_ID":"Dhofar Governorate","Road_ID":"100003","Mun_ID":" RG2","Latitude":17.02702519,"Longitude":54.172759220000003,"GlobalID":"{34EE5FE6-209F-405C-A1ED-A25F55BB7AE6}","NEAR_FID":9147,"NEAR_DIST":5.5136551995338507}},{"type":"Feature","id":208,"geometry":{"type":"Point","coordinates":[198998.97439999972,1884745.1916000005]},"properties":{"OBJECTID":208,"Asset_ID":"GLY208","Name":"Gully","District_ID":"Dahariz al Shamaliyya","Wlyt_ID":"Salalah","Gov_ID":"Dhofar Governorate","Road_ID":"100003","Mun_ID":"RG3","Latitude":17.027247240000001,"Longitude":54.17274055,"GlobalID":"{4E27F2AA-4ED0-40A9-9D59-0D3DF70D7ED6}","NEAR_FID":9147,"NEAR_DIST":5.3351612846197076}},{"type":"Feature","id":209,"geometry":{"type":"Point","coordinates":[198973.26750000007,1884743.4486999996]},"properties":{"OBJECTID":209,"Asset_ID":"GLY209","Name":"Gully","District_ID":"Dahariz al Shamaliyya","Wlyt_ID":"Salalah","Gov_ID":"Dhofar Governorate","Road_ID":"100003","Mun_ID":"LG3","Latitude":17.027228149999999,"Longitude":54.172499539999997,"GlobalID":"{3C892621-817E-4B8F-9516-0F0345D0C17E}","NEAR_FID":16186,"NEAR_DIST":6.4753009609271155}},{"type":"Feature","id":210,"geometry":{"type":"Point","coordinates":[198997.55829999968,1884769.8092]},"properties":{"OBJECTID":210,"Asset_ID":"GLY210","Name":"Gully","District_ID":"Dahariz al Shamaliyya","Wlyt_ID":"Salalah","Gov_ID":"Dhofar Governorate","Road_ID":"100003","Mun_ID":"RG4","Latitude":17.027469310000001,"Longitude":54.172723920000003,"GlobalID":"{716A9067-8D1D-464C-9A42-13DD01D05051}","NEAR_FID":9147,"NEAR_DIST":5.3740878956697733}},{"type":"Feature","id":211,"geometry":{"type":"Point","coordinates":[198968.38630000036,1884774.7453000005]},"properties":{"OBJECTID":211,"Asset_ID":"GLY211","Name":"Gully","District_ID":"Dahariz al Shamaliyya","Wlyt_ID":"Salalah","Gov_ID":"Dhofar Governorate","Road_ID":"100003","Mun_ID":"LG4","Latitude":17.027510070000002,"Longitude":54.172449479999997,"GlobalID":"{4B02F739-D2F1-447B-A29F-83386F2526BD}","NEAR_FID":16186,"NEAR_DIST":9.2949940852026742}},{"type":"Feature","id":212,"geometry":{"type":"Point","coordinates":[198967.2023,1884793.1563000008]},"properties":{"OBJECTID":212,"Asset_ID":"GLY212","Name":"Gully","District_ID":"Dahariz al Shamaliyya","Wlyt_ID":"Salalah","Gov_ID":"Dhofar Governorate","Road_ID":"100003","Mun_ID":" LG5","Latitude":17.027676140000001,"Longitude":54.172435870000001,"GlobalID":"{EBCABEC4-ADB3-44DD-83C7-7DC81C3AFC51}","NEAR_FID":16186,"NEAR_DIST":9.2698892206513612}},{"type":"Feature","id":213,"geometry":{"type":"Point","coordinates":[198995.9243999999,1884795.1892000008]},"properties":{"OBJECTID":213,"Asset_ID":"GLY213","Name":"Gully","District_ID":"Dahariz al Shamaliyya","Wlyt_ID":"Salalah","Gov_ID":"Dhofar Governorate","Road_ID":"100003","Mun_ID":"RG5","Latitude":17.027698239999999,"Longitude":54.172705139999998,"GlobalID":"{CD91E2BF-F4A5-47B0-9573-E28EC141DAC1}","NEAR_FID":9147,"NEAR_DIST":5.2459858770544772}},{"type":"Feature","id":214,"geometry":{"type":"Point","coordinates":[198950.93740000017,1884742.4683999997]},"properties":{"OBJECTID":214,"Asset_ID":"GLY214","Name":"Gully","District_ID":"Dahariz al Shamaliyya","Wlyt_ID":"Salalah","Gov_ID":"Dhofar Governorate","Road_ID":"100124","Mun_ID":" ","Latitude":17.027216379999999,"Longitude":54.172290109999999,"GlobalID":"{6F71AA72-5FDA-4614-A027-A63FEAB66F99}","NEAR_FID":11736,"NEAR_DIST":2.5399928807167451}},{"type":"Feature","id":215,"geometry":{"type":"Point","coordinates":[198949.6847000001,1884780.8107999992]},"properties":{"OBJECTID":215,"Asset_ID":"GLY215","Name":"Gully","District_ID":"Dahariz al Shamaliyya","Wlyt_ID":"Salalah","Gov_ID":"Dhofar Governorate","Road_ID":"100124","Mun_ID":" ","Latitude":17.02756239,"Longitude":54.172273150000002,"GlobalID":"{638C16FB-1AA3-45DC-ADB0-02E716CD8ABB}","NEAR_FID":11736,"NEAR_DIST":2.8105181519340556}},{"type":"Feature","id":216,"geometry":{"type":"Point","coordinates":[198948.75889999978,1884818.8537000008]},"properties":{"OBJECTID":216,"Asset_ID":"GLY216","Name":"Gully","District_ID":"Dahariz al Shamaliyya","Wlyt_ID":"Salalah","Gov_ID":"Dhofar Governorate","Road_ID":"100124","Mun_ID":" ","Latitude":17.027905740000001,"Longitude":54.1722593,"GlobalID":"{E70E7E16-BE7D-4B08-8D7E-094AF72B7F93}","NEAR_FID":11736,"NEAR_DIST":2.990528192604462}},{"type":"Feature","id":217,"geometry":{"type":"Point","coordinates":[198965.36569999997,1884822.2204999998]},"properties":{"OBJECTID":217,"Asset_ID":"GLY217","Name":"Gully","District_ID":"Dahariz al Shamaliyya","Wlyt_ID":"Salalah","Gov_ID":"Dhofar Governorate","Road_ID":"100003","Mun_ID":"LG6","Latitude":17.027938299999999,"Longitude":54.172414689999997,"GlobalID":"{739A9377-D466-4ADE-B112-1AF043817C78}","NEAR_FID":10541,"NEAR_DIST":5.9317930960797041}},{"type":"Feature","id":218,"geometry":{"type":"Point","coordinates":[198994.39940000046,1884820.5965]},"properties":{"OBJECTID":218,"Asset_ID":"GLY218","Name":"Gully","District_ID":"Dahariz al Shamaliyya","Wlyt_ID":"Salalah","Gov_ID":"Dhofar Governorate","Road_ID":"100003","Mun_ID":"RG6","Latitude":17.027927429999998,"Longitude":54.172687379999999,"GlobalID":"{8DE71ADE-2A29-4E8E-B9E2-24E9AA3B6237}","NEAR_FID":9147,"NEAR_DIST":5.2426596833680144}},{"type":"Feature","id":219,"geometry":{"type":"Point","coordinates":[198992.75870000012,1884845.3287000004]},"properties":{"OBJECTID":219,"Asset_ID":"GLY219","Name":"Gully","District_ID":"Dahariz al Shamaliyya","Wlyt_ID":"Salalah","Gov_ID":"Dhofar Governorate","Road_ID":"100003","Mun_ID":"RG7","Latitude":17.02815051,"Longitude":54.172668629999997,"GlobalID":"{6C057AC9-1FE8-4A3A-AD70-3E3646E87358}","NEAR_FID":9147,"NEAR_DIST":5.0834803616409543}},{"type":"Feature","id":220,"geometry":{"type":"Point","coordinates":[198963.40299999993,1884853.5461999997]},"properties":{"OBJECTID":220,"Asset_ID":"GLY220","Name":"Gully","District_ID":"Dahariz al Shamaliyya","Wlyt_ID":"Salalah","Gov_ID":"Dhofar Governorate","Road_ID":"100003","Mun_ID":"LG7","Latitude":17.028220869999998,"Longitude":54.172392019999997,"GlobalID":"{C5FE6DD1-03B8-4B4D-B7F7-A24973364078}","NEAR_FID":5812,"NEAR_DIST":6.1584963512063036}},{"type":"Feature","id":221,"geometry":{"type":"Point","coordinates":[198991.27159999963,1884870.4030000009]},"properties":{"OBJECTID":221,"Asset_ID":"GLY221","Name":"Gully","District_ID":"Dahariz al Shamaliyya","Wlyt_ID":"Salalah","Gov_ID":"Dhofar Governorate","Road_ID":"100003","Mun_ID":"RG8","Latitude":17.028376699999999,"Longitude":54.172651270000003,"GlobalID":"{ECAF47D5-2827-40C6-8783-7DF1A07F07BB}","NEAR_FID":9147,"NEAR_DIST":5.0980783562869219}},{"type":"Feature","id":222,"geometry":{"type":"Point","coordinates":[198962.15689999983,1884873.2083999999]},"properties":{"OBJECTID":222,"Asset_ID":"GLY222","Name":"Gully","District_ID":"Dahariz al Shamaliyya","Wlyt_ID":"Salalah","Gov_ID":"Dhofar Governorate","Road_ID":"100003","Mun_ID":"LG8","Latitude":17.028398230000001,"Longitude":54.172377660000002,"GlobalID":"{7AE5531C-976E-43AB-89D2-451D4D24A138}","NEAR_FID":9331,"NEAR_DIST":8.3291797081895584}},{"type":"Feature","id":223,"geometry":{"type":"Point","coordinates":[198947.34279999975,1884892.0527999997]},"properties":{"OBJECTID":223,"Asset_ID":"GLY223","Name":"Gully","District_ID":"Dahariz al Shamaliyya","Wlyt_ID":"Salalah","Gov_ID":"Dhofar Governorate","Road_ID":"100124","Mun_ID":" ","Latitude":17.028566430000001,"Longitude":54.172236069999997,"GlobalID":"{D17EC0D6-D3F1-4413-977A-6A05E3DDDCBC}","NEAR_FID":13610,"NEAR_DIST":2.6613386399083945}},{"type":"Feature","id":224,"geometry":{"type":"Point","coordinates":[198960.93859999999,1884892.8977000006]},"properties":{"OBJECTID":224,"Asset_ID":"GLY224","Name":"Gully","District_ID":"Dahariz al Shamaliyya","Wlyt_ID":"Salalah","Gov_ID":"Dhofar Governorate","Road_ID":"100003","Mun_ID":"LG9","Latitude":17.028575830000001,"Longitude":54.17236355,"GlobalID":"{5F1CA140-16FD-4769-A841-0443BFA1F0E5}","NEAR_FID":9331,"NEAR_DIST":8.0662179046930245}},{"type":"Feature","id":225,"geometry":{"type":"Point","coordinates":[198989.68859999999,1884895.2809999995]},"properties":{"OBJECTID":225,"Asset_ID":"GLY225","Name":"Gully","District_ID":"Dahariz al Shamaliyya","Wlyt_ID":"Salalah","Gov_ID":"Dhofar Governorate","Road_ID":"100003","Mun_ID":"RG9","Latitude":17.028601099999999,"Longitude":54.17263303,"GlobalID":"{24500289-6FC9-4283-BC52-EB4BAC0511DF}","NEAR_FID":9147,"NEAR_DIST":4.9802372998647435}},{"type":"Feature","id":226,"geometry":{"type":"Point","coordinates":[198988.48670000024,1884920.1055999994]},"properties":{"OBJECTID":226,"Asset_ID":"GLY226","Name":"Gully","District_ID":"Dahariz al Shamaliyya","Wlyt_ID":"Salalah","Gov_ID":"Dhofar Governorate","Road_ID":"100003","Mun_ID":"RG10","Latitude":17.02882507,"Longitude":54.172618389999997,"GlobalID":"{304CAA9E-4A42-4493-AC9E-036542E88FE4}","NEAR_FID":9147,"NEAR_DIST":5.2961940176503743}},{"type":"Feature","id":227,"geometry":{"type":"Point","coordinates":[198961.39439999964,1884918.0865000002]},"properties":{"OBJECTID":227,"Asset_ID":"GLY227","Name":"Gully","District_ID":"Dahariz al Shamaliyya","Wlyt_ID":"Salalah","Gov_ID":"Dhofar Governorate","Road_ID":"100003","Mun_ID":"LG10","Latitude":17.028803310000001,"Longitude":54.17236441,"GlobalID":"{4B5D7890-429D-42C8-8FC6-A576C7FBAB6B}","NEAR_FID":9331,"NEAR_DIST":6.0812938069012752}},{"type":"Feature","id":228,"geometry":{"type":"Point","coordinates":[198947.69799999986,1884916.8172999993]},"properties":{"OBJECTID":228,"Asset_ID":"GLY228","Name":"Gully","District_ID":"Dahariz al Shamaliyya","Wlyt_ID":"Salalah","Gov_ID":"Dhofar Governorate","Road_ID":"100124","Mun_ID":" ","Latitude":17.028790059999999,"Longitude":54.172236050000002,"GlobalID":"{54F08D27-E5E6-46E2-A3D4-E4731C9DCCB3}","NEAR_FID":13610,"NEAR_DIST":2.5260279103767695}},{"type":"Feature","id":229,"geometry":{"type":"Point","coordinates":[198948.10529999994,1884942.2683000006]},"properties":{"OBJECTID":229,"Asset_ID":"GLY229","Name":"Gully","District_ID":"Dahariz al Shamaliyya","Wlyt_ID":"Salalah","Gov_ID":"Dhofar Governorate","Road_ID":"100124","Mun_ID":" ","Latitude":17.029019900000002,"Longitude":54.172236409999996,"GlobalID":"{D74AC46F-2F6F-4467-A41D-13752A1C44F4}","NEAR_FID":13610,"NEAR_DIST":2.0559317572856011}},{"type":"Feature","id":230,"geometry":{"type":"Point","coordinates":[198961.44600000046,1884943.0989999995]},"properties":{"OBJECTID":230,"Asset_ID":"GLY230","Name":"Gully","District_ID":"Dahariz al Shamaliyya","Wlyt_ID":"Salalah","Gov_ID":"Dhofar Governorate","Road_ID":"100003","Mun_ID":"LG11","Latitude":17.029029139999999,"Longitude":54.172361500000001,"GlobalID":"{55B158BD-FD76-4746-BC73-8D2244A34EBF}","NEAR_FID":9331,"NEAR_DIST":4.5105318515273529}},{"type":"Feature","id":231,"geometry":{"type":"Point","coordinates":[198986.46549999993,1884945.7905000001]},"properties":{"OBJECTID":231,"Asset_ID":"GLY231","Name":"Gully","District_ID":"Dahariz al Shamaliyya","Wlyt_ID":"Salalah","Gov_ID":"Dhofar Governorate","Road_ID":"100003","Mun_ID":"RG11","Latitude":17.029056709999999,"Longitude":54.17259593,"GlobalID":"{B9270C87-FC08-4C83-BB9F-75C1316FA90E}","NEAR_FID":8459,"NEAR_DIST":4.5645889178297763}},{"type":"Feature","id":232,"geometry":{"type":"Point","coordinates":[198985.0262000002,1884970.4960999992]},"properties":{"OBJECTID":232,"Asset_ID":"GLY232","Name":"Gully","District_ID":"Dahariz al Shamaliyya","Wlyt_ID":"Salalah","Gov_ID":"Dhofar Governorate","Road_ID":"100003","Mun_ID":"RG12","Latitude":17.02927957,"Longitude":54.172579069999998,"GlobalID":"{872ACD93-D0BF-4CC4-87C0-473CA5406A6D}","NEAR_FID":8459,"NEAR_DIST":4.1898337369945304}},{"type":"Feature","id":233,"geometry":{"type":"Point","coordinates":[198959.8694000002,1884968.193]},"properties":{"OBJECTID":233,"Asset_ID":"GLY233","Name":"Gully","District_ID":"Dahariz al Shamaliyya","Wlyt_ID":"Salalah","Gov_ID":"Dhofar Governorate","Road_ID":"100003","Mun_ID":"LG12","Latitude":17.029255490000001,"Longitude":54.172343300000001,"GlobalID":"{76F2A42A-EE97-46A8-AB4D-7C01B88986AC}","NEAR_FID":9331,"NEAR_DIST":4.5600133285853532}},{"type":"Feature","id":234,"geometry":{"type":"Point","coordinates":[198946.96310000028,1884967.1904000007]},"properties":{"OBJECTID":234,"Asset_ID":"GLY234","Name":"Gully","District_ID":"Dahariz al Shamaliyya","Wlyt_ID":"Salalah","Gov_ID":"Dhofar Governorate","Road_ID":"100124","Mun_ID":" ","Latitude":17.02924475,"Longitude":54.172222310000002,"GlobalID":"{F0475114-25A7-4822-A3E5-149399D238D9}","NEAR_FID":13610,"NEAR_DIST":1.3868510893071562}},{"type":"Feature","id":235,"geometry":{"type":"Point","coordinates":[199006.87609999999,1885006.3464000002]},"properties":{"OBJECTID":235,"Asset_ID":"GLY235","Name":"Gully","District_ID":"Dahariz al Shamaliyya","Wlyt_ID":"Salalah","Gov_ID":"Dhofar Governorate","Road_ID":"100139","Mun_ID":" ","Latitude":17.029606099999999,"Longitude":54.172779259999999,"GlobalID":"{297D2BD3-2CC9-4B9B-8C64-4D91884A0281}","NEAR_FID":5208,"NEAR_DIST":4.2444738282466012}},{"type":"Feature","id":236,"geometry":{"type":"Point","coordinates":[198983.48190000001,1884995.1701999996]},"properties":{"OBJECTID":236,"Asset_ID":"GLY236","Name":"Gully","District_ID":"Dahariz al Shamaliyya","Wlyt_ID":"Salalah","Gov_ID":"Dhofar Governorate","Road_ID":"100003","Mun_ID":"RG13","Latitude":17.029502140000002,"Longitude":54.172561229999999,"GlobalID":"{43496C7F-11B1-4C50-B96C-17D8CC7582EA}","NEAR_FID":8459,"NEAR_DIST":4.1549253745284069}},{"type":"Feature","id":237,"geometry":{"type":"Point","coordinates":[198958.25939999986,1884993.0441999994]},"properties":{"OBJECTID":237,"Asset_ID":"GLY237","Name":"Gully","District_ID":"Dahariz al Shamaliyya","Wlyt_ID":"Salalah","Gov_ID":"Dhofar Governorate","Road_ID":"100003","Mun_ID":"LG13","Latitude":17.029479649999999,"Longitude":54.172324809999999,"GlobalID":"{DE72C37A-E746-47A7-88E6-6DFB7EC8E6EF}","NEAR_FID":9331,"NEAR_DIST":4.6575807892606331}},{"type":"Feature","id":238,"geometry":{"type":"Point","coordinates":[198945.47860000003,1884992.3454]},"properties":{"OBJECTID":238,"Asset_ID":"GLY238","Name":"Gully","District_ID":"Dahariz al Shamaliyya","Wlyt_ID":"Salalah","Gov_ID":"Dhofar Governorate","Road_ID":"100124","Mun_ID":" ","Latitude":17.02947167,"Longitude":54.172204960000002,"GlobalID":"{4BA0FF58-6344-478C-9749-74089C4BB29A}","NEAR_FID":13610,"NEAR_DIST":1.1469630424934905}},{"type":"Feature","id":239,"geometry":{"type":"Point","coordinates":[198944.10790000018,1885015.4826999996]},"properties":{"OBJECTID":239,"Asset_ID":"GLY239","Name":"Gully","District_ID":"Dahariz al Shamaliyya","Wlyt_ID":"Salalah","Gov_ID":"Dhofar Governorate","Road_ID":"100124","Mun_ID":" ","Latitude":17.029680389999999,"Longitude":54.17218896,"GlobalID":"{9232166F-AB78-4EB4-92B5-D070B1CC604E}","NEAR_FID":13610,"NEAR_DIST":1.1679391280131648}},{"type":"Feature","id":240,"geometry":{"type":"Point","coordinates":[198957.03729999997,1885011.4372000005]},"properties":{"OBJECTID":240,"Asset_ID":"GLY240","Name":"Gully","District_ID":"Dahariz al Shamaliyya","Wlyt_ID":"Salalah","Gov_ID":"Dhofar Governorate","Road_ID":"100003","Mun_ID":" LG14","Latitude":17.029645550000001,"Longitude":54.172310850000002,"GlobalID":"{A8C19916-C35C-4475-8FFA-AC47DAFE0B49}","NEAR_FID":9331,"NEAR_DIST":4.7602350033916219}},{"type":"Feature","id":241,"geometry":{"type":"Point","coordinates":[198982.08499999996,1885016.9115999993]},"properties":{"OBJECTID":241,"Asset_ID":"GLY241","Name":"Gully","District_ID":"Dahariz al Shamaliyya","Wlyt_ID":"Salalah","Gov_ID":"Dhofar Governorate","Road_ID":"100003","Mun_ID":"RG14","Latitude":17.029698249999999,"Longitude":54.172545169999999,"GlobalID":"{A641218A-E877-4B44-9073-408443468CD8}","NEAR_FID":8459,"NEAR_DIST":4.0986675139031252}},{"type":"Feature","id":242,"geometry":{"type":"Point","coordinates":[199005.32990000024,1885030.3816999998]},"properties":{"OBJECTID":242,"Asset_ID":"GLY242","Name":"Gully","District_ID":"Dahariz al Shamaliyya","Wlyt_ID":"Salalah","Gov_ID":"Dhofar Governorate","Road_ID":"100139","Mun_ID":" ","Latitude":17.029822899999999,"Longitude":54.172761479999998,"GlobalID":"{E6DC869F-2C22-45B0-B9F6-5C62EBAF722A}","NEAR_FID":9462,"NEAR_DIST":4.1120758701591891}},{"type":"Feature","id":243,"geometry":{"type":"Point","coordinates":[198980.30360000022,1885044.9652999993]},"properties":{"OBJECTID":243,"Asset_ID":"GLY243","Name":"Gully","District_ID":"Dahariz al Shamaliyya","Wlyt_ID":"Salalah","Gov_ID":"Dhofar Governorate","Road_ID":"100003","Mun_ID":"RG15","Latitude":17.0299513,"Longitude":54.172524639999999,"GlobalID":"{E3F18852-E0BD-49A2-9E6B-70A3F8A59ECD}","NEAR_FID":4797,"NEAR_DIST":4.0160451606578054}},{"type":"Feature","id":244,"geometry":{"type":"Point","coordinates":[198955.0828999998,1885042.8521999996]},"properties":{"OBJECTID":244,"Asset_ID":"GLY244","Name":"Gully","District_ID":"Dahariz al Shamaliyya","Wlyt_ID":"Salalah","Gov_ID":"Dhofar Governorate","Road_ID":"100003","Mun_ID":"LG15","Latitude":17.02992892,"Longitude":54.17228824,"GlobalID":"{2FC50EF2-2950-4B67-9293-13ABDB2DCDFD}","NEAR_FID":9331,"NEAR_DIST":4.8184573926542553}},{"type":"Feature","id":245,"geometry":{"type":"Point","coordinates":[198978.73869999964,1885069.8468999993]},"properties":{"OBJECTID":245,"Asset_ID":"GLY245","Name":"Gully","District_ID":"Dahariz al Shamaliyya","Wlyt_ID":"Salalah","Gov_ID":"Dhofar Governorate","Road_ID":"100003","Mun_ID":"RG16","Latitude":17.03017573,"Longitude":54.172506579999997,"GlobalID":"{C8584271-5008-401A-B63D-62D3D5C5D3A2}","NEAR_FID":4797,"NEAR_DIST":3.9610560282422553}},{"type":"Feature","id":246,"geometry":{"type":"Point","coordinates":[198953.5745000001,1885067.9789000005]},"properties":{"OBJECTID":246,"Asset_ID":"GLY246","Name":"Gully","District_ID":"Dahariz al Shamaliyya","Wlyt_ID":"Salalah","Gov_ID":"Dhofar Governorate","Road_ID":"100003","Mun_ID":"LG16","Latitude":17.030155579999999,"Longitude":54.172270670000003,"GlobalID":"{03D771F4-0E6A-42B1-AE88-8A8130B5F62D}","NEAR_FID":9331,"NEAR_DIST":4.7823030954347079}},{"type":"Feature","id":247,"geometry":{"type":"Point","coordinates":[198946.75140000042,1885071.3550000004]},"properties":{"OBJECTID":247,"Asset_ID":"GLY247","Name":"Gully","District_ID":"Dahariz al Shamaliyya","Wlyt_ID":"Salalah","Gov_ID":"Dhofar Governorate","Road_ID":"100124","Mun_ID":" ","Latitude":17.030185169999999,"Longitude":54.172206180000003,"GlobalID":"{55EC0048-318A-4A80-A501-6F2ADC893D9D}","NEAR_FID":13610,"NEAR_DIST":7.2598070867393698}},{"type":"Feature","id":248,"geometry":{"type":"Point","coordinates":[199002.54119999986,1885071.2780000009]},"properties":{"OBJECTID":248,"Asset_ID":"GLY248","Name":"Gully","District_ID":"Dahariz al Shamaliyya","Wlyt_ID":"Salalah","Gov_ID":"Dhofar Governorate","Road_ID":"100139","Mun_ID":" ","Latitude":17.030191760000001,"Longitude":54.172729760000003,"GlobalID":"{B5CA2FDF-2C5B-4CA3-91B1-8BC71B4E7E8D}","NEAR_FID":3995,"NEAR_DIST":3.781764102409003}},{"type":"Feature","id":249,"geometry":{"type":"Point","coordinates":[199004.23039999977,1885046.7368000001]},"properties":{"OBJECTID":249,"Asset_ID":"GLY249","Name":"Gully","District_ID":"Dahariz al Shamaliyya","Wlyt_ID":"Salalah","Gov_ID":"Dhofar Governorate","Road_ID":"100003","Mun_ID":" ","Latitude":17.029970410000001,"Longitude":54.172748949999999,"GlobalID":"{96D11206-27DC-41F4-88A1-3626B575752B}","NEAR_FID":11898,"NEAR_DIST":3.6098555100721836}},{"type":"Feature","id":250,"geometry":{"type":"Point","coordinates":[199000.74940000009,1885096.5506999996]},"properties":{"OBJECTID":250,"Asset_ID":"GLY250","Name":"Gully","District_ID":"Dahariz al Shamaliyya","Wlyt_ID":"Salalah","Gov_ID":"Dhofar Governorate","Road_ID":"100139","Mun_ID":" ","Latitude":17.030419699999999,"Longitude":54.172709519999998,"GlobalID":"{5FD8F15D-EE38-46F5-BB4C-A096519D8281}","NEAR_FID":3995,"NEAR_DIST":3.711908845249805}},{"type":"Feature","id":251,"geometry":{"type":"Point","coordinates":[198977.19049999956,1885094.9463]},"properties":{"OBJECTID":251,"Asset_ID":"GLY251","Name":"Gully","District_ID":"Dahariz al Shamaliyya","Wlyt_ID":"Salalah","Gov_ID":"Dhofar Governorate","Road_ID":"100003","Mun_ID":"RG17","Latitude":17.03040214,"Longitude":54.172488639999997,"GlobalID":"{E5806086-A126-4A7C-991C-BA7EDB83ED4F}","NEAR_FID":4797,"NEAR_DIST":3.9017795535345998}},{"type":"Feature","id":252,"geometry":{"type":"Point","coordinates":[198945.38210000005,1885092.2068000007]},"properties":{"OBJECTID":252,"Asset_ID":"GLY252","Name":"Gully","District_ID":"Dahariz al Shamaliyya","Wlyt_ID":"Salalah","Gov_ID":"Dhofar Governorate","Road_ID":"100124","Mun_ID":" ","Latitude":17.03037325,"Longitude":54.172190499999999,"GlobalID":"{98C07223-938C-4F7E-B939-26FD90471854}","NEAR_FID":13610,"NEAR_DIST":7.2010804329208371}},{"type":"Feature","id":253,"geometry":{"type":"Point","coordinates":[198951.91779999994,1885092.6425000001]},"properties":{"OBJECTID":253,"Asset_ID":"GLY253","Name":"Gully","District_ID":"Dahariz al Shamaliyya","Wlyt_ID":"Salalah","Gov_ID":"Dhofar Governorate","Road_ID":"100003","Mun_ID":"LG17","Latitude":17.030378039999999,"Longitude":54.172251780000003,"GlobalID":"{1C1407F5-B4D7-463B-ABB4-3B3DB834BCA9}","NEAR_FID":9331,"NEAR_DIST":4.9378791391282206}},{"type":"Feature","id":254,"geometry":{"type":"Point","coordinates":[198975.60230000038,1885119.9587999992]},"properties":{"OBJECTID":254,"Asset_ID":"GLY254","Name":"Gully","District_ID":"Dahariz al Shamaliyya","Wlyt_ID":"Salalah","Gov_ID":"Dhofar Governorate","Road_ID":"100003","Mun_ID":" RG18","Latitude":17.030627760000002,"Longitude":54.172470339999997,"GlobalID":"{CBB1890A-D846-4726-856A-5567F9D2A911}","NEAR_FID":4797,"NEAR_DIST":3.8177308403587165}},{"type":"Feature","id":255,"geometry":{"type":"Point","coordinates":[198999.07969999965,1885122.1881000008]},"properties":{"OBJECTID":255,"Asset_ID":"GLY255","Name":"Gully","District_ID":"Dahariz al Shamaliyya","Wlyt_ID":"Salalah","Gov_ID":"Dhofar Governorate","Road_ID":"100139","Mun_ID":" ","Latitude":17.030650949999998,"Longitude":54.172690369999998,"GlobalID":"{041B978F-8BC6-4B0E-912D-2C734579B270}","NEAR_FID":3995,"NEAR_DIST":3.7726501590797534}},{"type":"Feature","id":256,"geometry":{"type":"Point","coordinates":[198944.02859999985,1885116.9627]},"properties":{"OBJECTID":256,"Asset_ID":"GLY256","Name":"Gully","District_ID":"Dahariz al Shamaliyya","Wlyt_ID":"Salalah","Gov_ID":"Dhofar Governorate","Road_ID":"100124","Mun_ID":" ","Latitude":17.030596580000001,"Longitude":54.172174439999999,"GlobalID":"{84A3894F-A040-4535-BB22-18F9081CD026}","NEAR_FID":13610,"NEAR_DIST":7.3003769989529825}},{"type":"Feature","id":257,"geometry":{"type":"Point","coordinates":[198997.47449999955,1885145.2191000003]},"properties":{"OBJECTID":257,"Asset_ID":"GLY257","Name":"Gully","District_ID":"Dahariz al Shamaliyya","Wlyt_ID":"Salalah","Gov_ID":"Dhofar Governorate","Road_ID":"100139","Mun_ID":" ","Latitude":17.030858680000001,"Longitude":54.172672179999999,"GlobalID":"{DE587614-E5ED-4E88-BC51-562296E8D6F4}","NEAR_FID":3995,"NEAR_DIST":3.6731374533003565}},{"type":"Feature","id":258,"geometry":{"type":"Point","coordinates":[198974.07610000018,1885143.6601999998]},"properties":{"OBJECTID":258,"Asset_ID":"GLY258","Name":"Gully","District_ID":"Dahariz al Shamaliyya","Wlyt_ID":"Salalah","Gov_ID":"Dhofar Governorate","Road_ID":"100003","Mun_ID":"RG19","Latitude":17.030841550000002,"Longitude":54.172452800000002,"GlobalID":"{51249AD5-9816-447A-AE12-F40001136887}","NEAR_FID":4797,"NEAR_DIST":3.7061088252934873}},{"type":"Feature","id":259,"geometry":{"type":"Point","coordinates":[198948.75889999978,1885142.3133000005]},"properties":{"OBJECTID":259,"Asset_ID":"GLY259","Name":"Gully","District_ID":"Dahariz al Shamaliyya","Wlyt_ID":"Salalah","Gov_ID":"Dhofar Governorate","Road_ID":"100003","Mun_ID":"LG19","Latitude":17.030826080000001,"Longitude":54.172215389999998,"GlobalID":"{F0E76661-0DA0-4C1F-8D1E-A2D6D3D472EB}","NEAR_FID":9331,"NEAR_DIST":5.0739462546921352}},{"type":"Feature","id":260,"geometry":{"type":"Point","coordinates":[198942.54719999991,1885142.2090000007]},"properties":{"OBJECTID":260,"Asset_ID":"GLY260","Name":"Gully","District_ID":"Dahariz al Shamaliyya","Wlyt_ID":"Salalah","Gov_ID":"Dhofar Governorate","Road_ID":"100124","Mun_ID":" ","Latitude":17.030824330000002,"Longitude":54.172157110000001,"GlobalID":"{76D2BFB8-EE0A-4DD4-B368-E80FBBA76898}","NEAR_FID":13610,"NEAR_DIST":7.1620670324554867}},{"type":"Feature","id":261,"geometry":{"type":"Point","coordinates":[198995.79030000046,1885170.3925999999]},"properties":{"OBJECTID":261,"Asset_ID":"GLY261","Name":"Gully","District_ID":"Dahariz al Shamaliyya","Wlyt_ID":"Salalah","Gov_ID":"Dhofar Governorate","Road_ID":"100139","Mun_ID":" ","Latitude":17.031085730000001,"Longitude":54.17265295,"GlobalID":"{6C3E3A00-79C3-49F2-B330-F14C619FF977}","NEAR_FID":3995,"NEAR_DIST":3.6662557177398893}},{"type":"Feature","id":262,"geometry":{"type":"Point","coordinates":[198972.54739999957,1885168.5447000004]},"properties":{"OBJECTID":262,"Asset_ID":"GLY262","Name":"Gully","District_ID":"Dahariz al Shamaliyya","Wlyt_ID":"Salalah","Gov_ID":"Dhofar Governorate","Road_ID":"100003","Mun_ID":"RG20","Latitude":17.03106601,"Longitude":54.17243508,"GlobalID":"{C6D92D9B-8A93-49EC-84DB-5B4C604918FC}","NEAR_FID":4797,"NEAR_DIST":3.7586788516455858}},{"type":"Feature","id":263,"geometry":{"type":"Point","coordinates":[198941.2659,1885166.3834000006]},"properties":{"OBJECTID":263,"Asset_ID":"GLY263","Name":"Gully","District_ID":"Dahariz al Shamaliyya","Wlyt_ID":"Salalah","Gov_ID":"Dhofar Governorate","Road_ID":"100124","Mun_ID":" ","Latitude":17.031042419999999,"Longitude":54.172141799999999,"GlobalID":"{4AE1ABAD-1D21-46C8-A55B-22FC5010C8FA}","NEAR_FID":13610,"NEAR_DIST":7.1666388555599916}},{"type":"Feature","id":264,"geometry":{"type":"Point","coordinates":[198939.59819999989,1885192.2789999992]},"properties":{"OBJECTID":264,"Asset_ID":"GLY264","Name":"Gully","District_ID":"Dahariz al Shamaliyya","Wlyt_ID":"Salalah","Gov_ID":"Dhofar Governorate","Road_ID":"100124","Mun_ID":" ","Latitude":17.031275990000001,"Longitude":54.172122629999997,"GlobalID":"{71B196B2-898C-4190-8E9E-6175ECD58C66}","NEAR_FID":13610,"NEAR_DIST":6.8767805235576827}},{"type":"Feature","id":265,"geometry":{"type":"Point","coordinates":[198945.84549999982,1885192.6886999998]},"properties":{"OBJECTID":265,"Asset_ID":"GLY265","Name":"Gully","District_ID":"Dahariz al Shamaliyya","Wlyt_ID":"Salalah","Gov_ID":"Dhofar Governorate","Road_ID":"100003","Mun_ID":"LG21","Latitude":17.031280509999998,"Longitude":54.172181209999998,"GlobalID":"{71BE8F4B-1E87-41C5-A53C-55BBFAE5AD3B}","NEAR_FID":9331,"NEAR_DIST":4.9221693077708766}},{"type":"Feature","id":266,"geometry":{"type":"Point","coordinates":[198970.84999999963,1885193.6727000009]},"properties":{"OBJECTID":266,"Asset_ID":"GLY266","Name":"Gully","District_ID":"Dahariz al Shamaliyya","Wlyt_ID":"Salalah","Gov_ID":"Dhofar Governorate","Road_ID":"100003","Mun_ID":"RG21","Latitude":17.031292659999998,"Longitude":54.172415729999997,"GlobalID":"{CA6C60CD-F49A-4BF1-B6C7-C0359513ED1E}","NEAR_FID":4797,"NEAR_DIST":3.6885772309059099}},{"type":"Feature","id":267,"geometry":{"type":"Point","coordinates":[198993.95679999981,1885195.5802999996]},"properties":{"OBJECTID":267,"Asset_ID":"GLY267","Name":"Gully","District_ID":"Dahariz al Shamaliyya","Wlyt_ID":"Salalah","Gov_ID":"Dhofar Governorate","Road_ID":"100139","Mun_ID":" ","Latitude":17.0313129,"Longitude":54.172632329999999,"GlobalID":"{20570429-433B-4ACE-BF12-92D81CEE5DCE}","NEAR_FID":3995,"NEAR_DIST":3.6217045596090278}},{"type":"Feature","id":268,"geometry":{"type":"Point","coordinates":[198992.6157999998,1885214.1246000007]},"properties":{"OBJECTID":268,"Asset_ID":"GLY268","Name":"Gully","District_ID":"Dahariz al Shamaliyya","Wlyt_ID":"Salalah","Gov_ID":"Dhofar Governorate","Road_ID":"100139","Mun_ID":" ","Latitude":17.03148015,"Longitude":54.172617219999999,"GlobalID":"{E66A4FB8-D7BA-4E31-B561-C1D9F65C6AF9}","NEAR_FID":3995,"NEAR_DIST":3.688732372181958}},{"type":"Feature","id":269,"geometry":{"type":"Point","coordinates":[198969.7703999998,1885210.6312000006]},"properties":{"OBJECTID":269,"Asset_ID":"GLY269","Name":"Gully","District_ID":"Dahariz al Shamaliyya","Wlyt_ID":"Salalah","Gov_ID":"Dhofar Governorate","Road_ID":"100003","Mun_ID":"RG22","Latitude":17.03144563,"Longitude":54.172403299999999,"GlobalID":"{A9FFDD5B-5C46-46A8-A1E4-4F696452E39A}","NEAR_FID":4797,"NEAR_DIST":3.6264986607714853}},{"type":"Feature","id":270,"geometry":{"type":"Point","coordinates":[198944.32050000038,1885217.5241]},"properties":{"OBJECTID":270,"Asset_ID":"GLY270","Name":"Gully","District_ID":"Dahariz al Shamaliyya","Wlyt_ID":"Salalah","Gov_ID":"Dhofar Governorate","Road_ID":"100003","Mun_ID":" LG22","Latitude":17.03150454,"Longitude":54.172163519999998,"GlobalID":"{F897EF92-46E2-464D-864A-FA2C348861BC}","NEAR_FID":9331,"NEAR_DIST":4.9358533999578267}},{"type":"Feature","id":271,"geometry":{"type":"Point","coordinates":[198938.0625,1885217.1195]},"properties":{"OBJECTID":271,"Asset_ID":"GLY271","Name":"Gully","District_ID":"Dahariz al Shamaliyya","Wlyt_ID":"Salalah","Gov_ID":"Dhofar Governorate","Road_ID":"100124","Mun_ID":" ","Latitude":17.03150007,"Longitude":54.172104849999997,"GlobalID":"{B304045E-B2E2-415B-8537-6EB23E661898}","NEAR_FID":13610,"NEAR_DIST":6.8744452741170523}},{"type":"Feature","id":272,"geometry":{"type":"Point","coordinates":[198942.61730000004,1885242.4514000006]},"properties":{"OBJECTID":272,"Asset_ID":"GLY272","Name":"Gully","District_ID":"Dahariz al Shamaliyya","Wlyt_ID":"Salalah","Gov_ID":"Dhofar Governorate","Road_ID":"100003","Mun_ID":" LG23","Latitude":17.031729370000001,"Longitude":54.172144150000001,"GlobalID":"{5D36D24D-5D75-4E5C-832A-6442039845C5}","NEAR_FID":9331,"NEAR_DIST":5.2042904477086633}},{"type":"Feature","id":273,"geometry":{"type":"Point","coordinates":[198967.80620000046,1885243.5863000005]},"properties":{"OBJECTID":273,"Asset_ID":"GLY273","Name":"Gully","District_ID":"Dahariz al Shamaliyya","Wlyt_ID":"Salalah","Gov_ID":"Dhofar Governorate","Road_ID":"100003","Mun_ID":"RG23","Latitude":17.031742900000001,"Longitude":54.172380390000001,"GlobalID":"{667C7956-4310-48A5-90FF-875C86894362}","NEAR_FID":11262,"NEAR_DIST":3.4795765844424267}},{"type":"Feature","id":274,"geometry":{"type":"Point","coordinates":[198990.47460000031,1885245.7116]},"properties":{"OBJECTID":274,"Asset_ID":"GLY274","Name":"Gully","District_ID":"Dahariz al Shamaliyya","Wlyt_ID":"Salalah","Gov_ID":"Dhofar Governorate","Road_ID":"100139","Mun_ID":" ","Latitude":17.031765050000001,"Longitude":54.17259284,"GlobalID":"{4B889525-C462-4AD6-9703-F1F8AA573185}","NEAR_FID":9520,"NEAR_DIST":3.6602930991287175}},{"type":"Feature","id":275,"geometry":{"type":"Point","coordinates":[198989.09489999991,1885268.0784000009]},"properties":{"OBJECTID":275,"Asset_ID":"GLY275","Name":"Gully","District_ID":"Dahariz al Shamaliyya","Wlyt_ID":"Salalah","Gov_ID":"Dhofar Governorate","Road_ID":"100139","Mun_ID":" ","Latitude":17.03196681,"Longitude":54.172576859999999,"GlobalID":"{FF4D5490-F886-4C82-947F-EC344A61ED22}","NEAR_FID":9520,"NEAR_DIST":3.6105731309812907}},{"type":"Feature","id":276,"geometry":{"type":"Point","coordinates":[198966.24940000009,1885268.5230999999]},"properties":{"OBJECTID":276,"Asset_ID":"GLY276","Name":"Gully","District_ID":"Dahariz al Shamaliyya","Wlyt_ID":"Salalah","Gov_ID":"Dhofar Governorate","Road_ID":"100003","Mun_ID":"RG24","Latitude":17.03196784,"Longitude":54.172362399999997,"GlobalID":"{387C5CB7-A064-447E-B037-212A79FFA345}","NEAR_FID":11262,"NEAR_DIST":3.3985693601942724}},{"type":"Feature","id":277,"geometry":{"type":"Point","coordinates":[198983.38889999967,1885274.6461999994]},"properties":{"OBJECTID":277,"Asset_ID":"GLY277","Name":"Gully","District_ID":"Dahariz al Shamaliyya","Wlyt_ID":"Salalah","Gov_ID":"Dhofar Governorate","Road_ID":"100003","Mun_ID":" ","Latitude":17.032025359999999,"Longitude":54.17252242,"GlobalID":"{AB6101D1-9284-49EE-BC76-D028F5A23B21}","NEAR_FID":15982,"NEAR_DIST":2.1247972353593303}},{"type":"Feature","id":278,"geometry":{"type":"Point","coordinates":[198929.75989999995,1885256.7840999998]},"properties":{"OBJECTID":278,"Asset_ID":"GLY278","Name":"Gully","District_ID":"Dahariz al Shamaliyya","Wlyt_ID":"Salalah","Gov_ID":"Dhofar Governorate","Road_ID":"100124","Mun_ID":" ","Latitude":17.031857089999999,"Longitude":54.172021549999997,"GlobalID":"{7D220955-2FA7-41B7-8093-4E4097C14B43}","NEAR_FID":13610,"NEAR_DIST":1.4389195674769586}},{"type":"Feature","id":279,"geometry":{"type":"Point","coordinates":[198941.08100000024,1885267.2222000007]},"properties":{"OBJECTID":279,"Asset_ID":"GLY279","Name":"Gully","District_ID":"Dahariz al Shamaliyya","Wlyt_ID":"Salalah","Gov_ID":"Dhofar Governorate","Road_ID":"100003","Mun_ID":"LG24","Latitude":17.03195281,"Longitude":54.172126370000001,"GlobalID":"{60012419-61ED-4177-BE26-AEC97F42B2F0}","NEAR_FID":13259,"NEAR_DIST":4.9550210376494705}},{"type":"Feature","id":280,"geometry":{"type":"Point","coordinates":[198927.57019999996,1885291.7750000004]},"properties":{"OBJECTID":280,"Asset_ID":"GLY280","Name":"Gully","District_ID":"Dahariz al Shamaliyya","Wlyt_ID":"Salalah","Gov_ID":"Dhofar Governorate","Road_ID":"100124","Mun_ID":" ","Latitude":17.032172719999998,"Longitude":54.171996239999999,"GlobalID":"{7CE8C956-A2B4-40EE-A2F1-5E5EEA1EB00E}","NEAR_FID":18696,"NEAR_DIST":1.53896719661702}},{"type":"Feature","id":281,"geometry":{"type":"Point","coordinates":[198939.49069999997,1885292.3184999991]},"properties":{"OBJECTID":281,"Asset_ID":"GLY281","Name":"Gully","District_ID":"Dahariz al Shamaliyya","Wlyt_ID":"Salalah","Gov_ID":"Dhofar Governorate","Road_ID":"100003","Mun_ID":"LG25","Latitude":17.03217918,"Longitude":54.172108039999998,"GlobalID":"{BE537955-4703-4717-91EC-79C7154A22CD}","NEAR_FID":16278,"NEAR_DIST":5.2137212851046106}},{"type":"Feature","id":282,"geometry":{"type":"Point","coordinates":[198964.60250000004,1885293.4948999994]},"properties":{"OBJECTID":282,"Asset_ID":"GLY282","Name":"Gully","District_ID":"Dahariz al Shamaliyya","Wlyt_ID":"Salalah","Gov_ID":"Dhofar Governorate","Road_ID":"100003","Mun_ID":"RG25","Latitude":17.032193079999999,"Longitude":54.172343550000001,"GlobalID":"{5D2BFE4F-79A8-42B8-8356-11B79B3CF850}","NEAR_FID":15982,"NEAR_DIST":1.9641188808447243}},{"type":"Feature","id":283,"geometry":{"type":"Point","coordinates":[198987.29530000035,1885294.8869000003]},"properties":{"OBJECTID":283,"Asset_ID":"GLY283","Name":"Gully","District_ID":"Dahariz al Shamaliyya","Wlyt_ID":"Salalah","Gov_ID":"Dhofar Governorate","Road_ID":"100139","Mun_ID":" ","Latitude":17.032208619999999,"Longitude":54.172556329999999,"GlobalID":"{83EE0670-27C2-4897-B15A-1A961B289077}","NEAR_FID":17589,"NEAR_DIST":3.5719198235762879}},{"type":"Feature","id":284,"geometry":{"type":"Point","coordinates":[198926.04519999959,1885316.6105000004]},"properties":{"OBJECTID":284,"Asset_ID":"GLY284","Name":"Gully","District_ID":"Dahariz al Shamaliyya","Wlyt_ID":"Salalah","Gov_ID":"Dhofar Governorate","Road_ID":"100124","Mun_ID":" ","Latitude":17.032396739999999,"Longitude":54.171978559999999,"GlobalID":"{4FF3D75B-696A-4076-A8D7-3822CA4924B7}","NEAR_FID":18718,"NEAR_DIST":1.2838635137117758}},{"type":"Feature","id":285,"geometry":{"type":"Point","coordinates":[198937.95930000022,1885317.3209000006]},"properties":{"OBJECTID":285,"Asset_ID":"GLY285","Name":"Gully","District_ID":"Dahariz al Shamaliyya","Wlyt_ID":"Salalah","Gov_ID":"Dhofar Governorate","Road_ID":"100003","Mun_ID":"LG26","Latitude":17.032404719999999,"Longitude":54.172090269999998,"GlobalID":"{57354FAC-39DE-45AB-A1D2-E108CEDBB511}","NEAR_FID":14748,"NEAR_DIST":4.4123502250478852}},{"type":"Feature","id":286,"geometry":{"type":"Point","coordinates":[198962.97730000038,1885318.3066000007]},"properties":{"OBJECTID":286,"Asset_ID":"GLY286","Name":"Gully","District_ID":"Dahariz al Shamaliyya","Wlyt_ID":"Salalah","Gov_ID":"Dhofar Governorate","Road_ID":"100003","Mun_ID":"RG26","Latitude":17.03241688,"Longitude":54.172324930000002,"GlobalID":"{FDD86CCB-4595-4BB3-ADA8-E72773FFC98E}","NEAR_FID":4209,"NEAR_DIST":3.2336365454985239}},{"type":"Feature","id":287,"geometry":{"type":"Point","coordinates":[198985.72020000033,1885316.0304000005]},"properties":{"OBJECTID":287,"Asset_ID":"GLY287","Name":"Gully","District_ID":"Dahariz al Shamaliyya","Wlyt_ID":"Salalah","Gov_ID":"Dhofar Governorate","Road_ID":"100139","Mun_ID":" ","Latitude":17.032399300000002,"Longitude":54.172538680000002,"GlobalID":"{14CB26B6-C2D0-4F2F-81F5-76AAAEDF443F}","NEAR_FID":17589,"NEAR_DIST":3.583238003388999}},{"type":"Feature","id":288,"geometry":{"type":"Point","coordinates":[198962.49990000017,1885343.4144000001]},"properties":{"OBJECTID":288,"Asset_ID":"GLY288","Name":"Gully","District_ID":"Dahariz al Shamaliyya","Wlyt_ID":"Salalah","Gov_ID":"Dhofar Governorate","Road_ID":"100003","Mun_ID":" ","Latitude":17.032643499999999,"Longitude":54.172317040000003,"GlobalID":"{8FD6B3D8-9118-4753-B3EF-E57468C27046}","NEAR_FID":4209,"NEAR_DIST":4.2270994127033452}},{"type":"Feature","id":289,"geometry":{"type":"Point","coordinates":[198984.50320000015,1885348.534]},"properties":{"OBJECTID":289,"Asset_ID":"GLY289","Name":"Gully","District_ID":"Dahariz al Shamaliyya","Wlyt_ID":"Salalah","Gov_ID":"Dhofar Governorate","Road_ID":"100139","Mun_ID":" ","Latitude":17.032692600000001,"Longitude":54.172522839999999,"GlobalID":"{CC3135F0-9CB6-48F8-8C45-87DF4619EFD6}","NEAR_FID":17589,"NEAR_DIST":2.5571116337721538}},{"type":"Feature","id":290,"geometry":{"type":"Point","coordinates":[198930.03959999979,1885367.5963000003]},"properties":{"OBJECTID":290,"Asset_ID":"GLY290","Name":"Gully","District_ID":"Dahariz al Shamaliyya","Wlyt_ID":"Salalah","Gov_ID":"Dhofar Governorate","Road_ID":"100124","Mun_ID":" ","Latitude":17.032857589999999,"Longitude":54.172009119999998,"GlobalID":"{0F7C10D0-0438-4F89-A08F-695E1EB93343}","NEAR_FID":18718,"NEAR_DIST":8.0895901223990503}},{"type":"Feature","id":291,"geometry":{"type":"Point","coordinates":[198935.70969999954,1885368.0468000006]},"properties":{"OBJECTID":291,"Asset_ID":"GLY291","Name":"Gully","District_ID":"Dahariz al Shamaliyya","Wlyt_ID":"Salalah","Gov_ID":"Dhofar Governorate","Road_ID":"100003","Mun_ID":" ","Latitude":17.032862399999999,"Longitude":54.172062269999998,"GlobalID":"{FA1227C1-7AE1-4E26-8081-E850C2AF8E24}","NEAR_FID":14460,"NEAR_DIST":4.3879983192403165}},{"type":"Feature","id":292,"geometry":{"type":"Point","coordinates":[198960.85099999979,1885368.4441999998]},"properties":{"OBJECTID":292,"Asset_ID":"GLY292","Name":"Gully","District_ID":"Dahariz al Shamaliyya","Wlyt_ID":"Salalah","Gov_ID":"Dhofar Governorate","Road_ID":"100003","Mun_ID":" ","Latitude":17.032869269999999,"Longitude":54.172298169999998,"GlobalID":"{DDB1F6D5-50E8-4439-849F-0C4655FF5AE0}","NEAR_FID":4209,"NEAR_DIST":4.0465051212594565}},{"type":"Feature","id":293,"geometry":{"type":"Point","coordinates":[198983.3049999997,1885369.0122999996]},"properties":{"OBJECTID":293,"Asset_ID":"GLY293","Name":"Gully","District_ID":"Dahariz al Shamaliyya","Wlyt_ID":"Salalah","Gov_ID":"Dhofar Governorate","Road_ID":"100139","Mun_ID":" ","Latitude":17.032877330000002,"Longitude":54.172508819999997,"GlobalID":"{5745E52A-8F7C-47B3-95CA-6BA1B3454D5D}","NEAR_FID":17589,"NEAR_DIST":2.3410448145122347}},{"type":"Feature","id":294,"geometry":{"type":"Point","coordinates":[198981.56219999958,1885394.1744999997]},"properties":{"OBJECTID":294,"Asset_ID":"GLY294","Name":"Gully","District_ID":"Dahariz al Shamaliyya","Wlyt_ID":"Salalah","Gov_ID":"Dhofar Governorate","Road_ID":"100139","Mun_ID":" ","Latitude":17.03310428,"Longitude":54.172489040000002,"GlobalID":"{97BDBDD5-CF8B-4354-8629-8BC9403A6391}","NEAR_FID":17589,"NEAR_DIST":2.3454564139526726}},{"type":"Feature","id":295,"geometry":{"type":"Point","coordinates":[198959.34100000001,1885393.3030999992]},"properties":{"OBJECTID":295,"Asset_ID":"GLY295","Name":"Gully","District_ID":"Dahariz al Shamaliyya","Wlyt_ID":"Salalah","Gov_ID":"Dhofar Governorate","Road_ID":"100003","Mun_ID":" ","Latitude":17.03309351,"Longitude":54.172280620000002,"GlobalID":"{C0C51324-D1E9-4479-AD91-1D548D1B8DDC}","NEAR_FID":4209,"NEAR_DIST":3.9966012939614153}},{"type":"Feature","id":296,"geometry":{"type":"Point","coordinates":[198934.06989999954,1885392.8673999999]},"properties":{"OBJECTID":296,"Asset_ID":"GLY296","Name":"Gully","District_ID":"Dahariz al Shamaliyya","Wlyt_ID":"Salalah","Gov_ID":"Dhofar Governorate","Road_ID":"100003","Mun_ID":" ","Latitude":17.033086269999998,"Longitude":54.172043510000002,"GlobalID":"{6945E9EE-44FC-4207-9184-BF55A215BFA6}","NEAR_FID":14460,"NEAR_DIST":4.5171698073414435}},{"type":"Feature","id":297,"geometry":{"type":"Point","coordinates":[198928.62349999975,1885392.4317000005]},"properties":{"OBJECTID":297,"Asset_ID":"GLY297","Name":"Gully","District_ID":"Dahariz al Shamaliyya","Wlyt_ID":"Salalah","Gov_ID":"Dhofar Governorate","Road_ID":"100124","Mun_ID":" ","Latitude":17.033081630000002,"Longitude":54.171992459999998,"GlobalID":"{210B97C6-0B08-4FF0-BC68-C2A07B6D98D1}","NEAR_FID":18718,"NEAR_DIST":8.0611891778577878}},{"type":"Feature","id":298,"geometry":{"type":"Point","coordinates":[198979.9282999998,1885419.5546000004]},"properties":{"OBJECTID":298,"Asset_ID":"GLY298","Name":"Gully","District_ID":"Dahariz al Shamaliyya","Wlyt_ID":"Salalah","Gov_ID":"Dhofar Governorate","Road_ID":"100139","Mun_ID":" ","Latitude":17.033333209999999,"Longitude":54.172470259999997,"GlobalID":"{D0F18A69-2F97-4A55-A1DE-C4D8C123D65D}","NEAR_FID":17589,"NEAR_DIST":2.2262087432543614}},{"type":"Feature","id":299,"geometry":{"type":"Point","coordinates":[198957.70710000023,1885418.0296]},"properties":{"OBJECTID":299,"Asset_ID":"GLY299","Name":"Gully","District_ID":"Dahariz al Shamaliyya","Wlyt_ID":"Salalah","Gov_ID":"Dhofar Governorate","Road_ID":"100003","Mun_ID":" ","Latitude":17.033316540000001,"Longitude":54.172261929999998,"GlobalID":"{BFE2338D-C8C3-4C68-9768-9CC0353E5B9D}","NEAR_FID":4209,"NEAR_DIST":4.0494211685350496}},{"type":"Feature","id":300,"geometry":{"type":"Point","coordinates":[198932.76269999985,1885415.0886000004]},"properties":{"OBJECTID":300,"Asset_ID":"GLY300","Name":"Gully","District_ID":"Dahariz al Shamaliyya","Wlyt_ID":"Salalah","Gov_ID":"Dhofar Governorate","Road_ID":"100003","Mun_ID":" ","Latitude":17.03328673,"Longitude":54.172028230000002,"GlobalID":"{3ED697D2-6300-4C97-A50B-505C118D7585}","NEAR_FID":14460,"NEAR_DIST":4.4722427017895079}},{"type":"Feature","id":301,"geometry":{"type":"Point","coordinates":[198926.98959999997,1885417.1581999995]},"properties":{"OBJECTID":301,"Asset_ID":"GLY301","Name":"Gully","District_ID":"Dahariz al Shamaliyya","Wlyt_ID":"Salalah","Gov_ID":"Dhofar Governorate","Road_ID":"100124","Mun_ID":" ","Latitude":17.033304659999999,"Longitude":54.171973770000001,"GlobalID":"{8B3CCB06-6FB5-4019-9455-2FC60054ED0E}","NEAR_FID":18718,"NEAR_DIST":7.8141367729518567}},{"type":"Feature","id":302,"geometry":{"type":"Point","coordinates":[198925.57349999994,1885442.2115000002]},"properties":{"OBJECTID":302,"Asset_ID":"GLY302","Name":"Gully","District_ID":"Dahariz al Shamaliyya","Wlyt_ID":"Salalah","Gov_ID":"Dhofar Governorate","Road_ID":"100124","Mun_ID":" ","Latitude":17.033530670000001,"Longitude":54.171957079999999,"GlobalID":"{C5716DFB-2D1B-45A2-B9BA-AC9A03224DB3}","NEAR_FID":18718,"NEAR_DIST":7.8538454406476328}},{"type":"Feature","id":303,"geometry":{"type":"Point","coordinates":[198924.04860000033,1885466.9379999992]},"properties":{"OBJECTID":303,"Asset_ID":"GLY303","Name":"Gully","District_ID":"Dahariz al Shamaliyya","Wlyt_ID":"Salalah","Gov_ID":"Dhofar Governorate","Road_ID":"100124","Mun_ID":" ","Latitude":17.033753709999999,"Longitude":54.17193941,"GlobalID":"{B3E1EB8F-AFAF-4758-9807-85B687D7109E}","NEAR_FID":18718,"NEAR_DIST":7.7659786137878974}},{"type":"Feature","id":304,"geometry":{"type":"Point","coordinates":[198927.86099999957,1885467.2647999991]},"properties":{"OBJECTID":304,"Asset_ID":"GLY304","Name":"Gully","District_ID":"Dahariz al Shamaliyya","Wlyt_ID":"Salalah","Gov_ID":"Dhofar Governorate","Road_ID":"100003","Mun_ID":" ","Latitude":17.03375716,"Longitude":54.171975140000001,"GlobalID":"{EEBFA94D-09AB-4FBC-BFCC-22AE5B1FF0B2}","NEAR_FID":14460,"NEAR_DIST":6.1957150239890844}},{"type":"Feature","id":305,"geometry":{"type":"Point","coordinates":[198931.23780000024,1885442.9739999995]},"properties":{"OBJECTID":305,"Asset_ID":"GLY305","Name":"Gully","District_ID":"Dahariz al Shamaliyya","Wlyt_ID":"Salalah","Gov_ID":"Dhofar Governorate","Road_ID":"100003","Mun_ID":" ","Latitude":17.033538289999999,"Longitude":54.172010129999997,"GlobalID":"{B43C1915-A9FA-41EC-A57C-7AA22E2741B0}","NEAR_FID":14460,"NEAR_DIST":4.300570683687531}},{"type":"Feature","id":306,"geometry":{"type":"Point","coordinates":[198956.07320000045,1885444.1721999999]},"properties":{"OBJECTID":306,"Asset_ID":"GLY306","Name":"Gully","District_ID":"Dahariz al Shamaliyya","Wlyt_ID":"Salalah","Gov_ID":"Dhofar Governorate","Road_ID":"100003","Mun_ID":" ","Latitude":17.033552350000001,"Longitude":54.172243049999999,"GlobalID":"{EA025679-2CAE-488C-A681-7D0A83076A16}","NEAR_FID":4209,"NEAR_DIST":4.1986234115059453}},{"type":"Feature","id":307,"geometry":{"type":"Point","coordinates":[198954.65710000042,1885469.0076000001]},"properties":{"OBJECTID":307,"Asset_ID":"GLY307","Name":"Gully","District_ID":"Dahariz al Shamaliyya","Wlyt_ID":"Salalah","Gov_ID":"Dhofar Governorate","Road_ID":"100003","Mun_ID":" ","Latitude":17.03377639,"Longitude":54.172226379999998,"GlobalID":"{AE2E6600-427F-4C74-9FB7-7088BB033187}","NEAR_FID":4209,"NEAR_DIST":4.4761501644881054}},{"type":"Feature","id":308,"geometry":{"type":"Point","coordinates":[198976.44259999972,1885469.6612]},"properties":{"OBJECTID":308,"Asset_ID":"GLY308","Name":"Gully","District_ID":"Dahariz al Shamaliyya","Wlyt_ID":"Salalah","Gov_ID":"Dhofar Governorate","Road_ID":"100139","Mun_ID":" ","Latitude":17.033785139999999,"Longitude":54.172430749999997,"GlobalID":"{D86C2DAC-AD74-420D-8D5E-993E3E75F95C}","NEAR_FID":17589,"NEAR_DIST":2.2501430446893274}},{"type":"Feature","id":309,"geometry":{"type":"Point","coordinates":[198977.64080000017,1885451.4703000002]},"properties":{"OBJECTID":309,"Asset_ID":"GLY309","Name":"Gully","District_ID":"Dahariz al Shamaliyya","Wlyt_ID":"Salalah","Gov_ID":"Dhofar Governorate","Road_ID":"100139","Mun_ID":" ","Latitude":17.033621060000002,"Longitude":54.172444460000001,"GlobalID":"{9F945ABC-5B74-4409-A243-81F146B9F07B}","NEAR_FID":17589,"NEAR_DIST":2.3085563273129575}},{"type":"Feature","id":310,"geometry":{"type":"Point","coordinates":[198974.80869999994,1885491.8823000006]},"properties":{"OBJECTID":310,"Asset_ID":"GLY310","Name":"Gully","District_ID":"Dahariz al Shamaliyya","Wlyt_ID":"Salalah","Gov_ID":"Dhofar Governorate","Road_ID":"100139","Mun_ID":" ","Latitude":17.033985550000001,"Longitude":54.172412399999999,"GlobalID":"{CFF6D2A0-F04D-4247-B126-C44B53292F01}","NEAR_FID":17589,"NEAR_DIST":2.3486218416773816}},{"type":"Feature","id":311,"geometry":{"type":"Point","coordinates":[198953.24110000022,1885490.6841000002]},"properties":{"OBJECTID":311,"Asset_ID":"GLY311","Name":"Gully","District_ID":"Dahariz al Shamaliyya","Wlyt_ID":"Salalah","Gov_ID":"Dhofar Governorate","Road_ID":"100003","Mun_ID":" ","Latitude":17.033971910000002,"Longitude":54.172210149999998,"GlobalID":"{21C82159-7039-4E9F-9B3A-932FA62A085A}","NEAR_FID":4209,"NEAR_DIST":4.5387761461542961}},{"type":"Feature","id":312,"geometry":{"type":"Point","coordinates":[198926.33600000013,1885492.2091000006]},"properties":{"OBJECTID":312,"Asset_ID":"GLY312","Name":"Gully","District_ID":"Dahariz al Shamaliyya","Wlyt_ID":"Salalah","Gov_ID":"Dhofar Governorate","Road_ID":"100003","Mun_ID":" ","Latitude":17.033982170000002,"Longitude":54.17195744,"GlobalID":"{A97CFC7B-FCA9-4944-9160-3CBF506B483A}","NEAR_FID":14460,"NEAR_DIST":6.3955935413724196}},{"type":"Feature","id":313,"geometry":{"type":"Point","coordinates":[198922.41469999962,1885491.9912999999]},"properties":{"OBJECTID":313,"Asset_ID":"GLY313","Name":"Gully","District_ID":"Dahariz al Shamaliyya","Wlyt_ID":"Salalah","Gov_ID":"Dhofar Governorate","Road_ID":"100124","Mun_ID":" ","Latitude":17.033979689999999,"Longitude":54.171920669999999,"GlobalID":"{EA1FCAF0-FCB2-417D-B13A-41A8AB416C6D}","NEAR_FID":10602,"NEAR_DIST":7.7449677571123354}},{"type":"Feature","id":314,"geometry":{"type":"Point","coordinates":[198920.88970000017,1885517.2623999994]},"properties":{"OBJECTID":314,"Asset_ID":"GLY314","Name":"Gully","District_ID":"Dahariz al Shamaliyya","Wlyt_ID":"Salalah","Gov_ID":"Dhofar Governorate","Road_ID":"100124","Mun_ID":" ","Latitude":17.034207649999999,"Longitude":54.171902930000002,"GlobalID":"{26794E30-4D59-4A1D-ADB6-CCD7A5C88528}","NEAR_FID":10602,"NEAR_DIST":7.8657125750128287}},{"type":"Feature","id":315,"geometry":{"type":"Point","coordinates":[198924.5932,1885517.3713000007]},"properties":{"OBJECTID":315,"Asset_ID":"GLY315","Name":"Gully","District_ID":"Dahariz al Shamaliyya","Wlyt_ID":"Salalah","Gov_ID":"Dhofar Governorate","Road_ID":"100003","Mun_ID":" ","Latitude":17.034209109999999,"Longitude":54.171937669999998,"GlobalID":"{4BDC0194-5848-4879-9F17-9455309C4AAE}","NEAR_FID":14460,"NEAR_DIST":6.3755364005598958}},{"type":"Feature","id":316,"geometry":{"type":"Point","coordinates":[198953.34999999963,1885520.0944999997]},"properties":{"OBJECTID":316,"Asset_ID":"GLY316","Name":"Gully","District_ID":"Dahariz al Shamaliyya","Wlyt_ID":"Salalah","Gov_ID":"Dhofar Governorate","Road_ID":"100003","Mun_ID":" ","Latitude":17.03423746,"Longitude":54.172207180000001,"GlobalID":"{127890E6-1343-4AFD-A89F-8F986CB5F4A8}","NEAR_FID":4209,"NEAR_DIST":6.6491494905152173}},{"type":"Feature","id":317,"geometry":{"type":"Point","coordinates":[198972.95689999964,1885519.8765999991]},"properties":{"OBJECTID":317,"Asset_ID":"GLY317","Name":"Gully","District_ID":"Dahariz al Shamaliyya","Wlyt_ID":"Salalah","Gov_ID":"Dhofar Governorate","Road_ID":"100139","Mun_ID":" ","Latitude":17.034238049999999,"Longitude":54.172391220000002,"GlobalID":"{86B1BE60-C502-4FD9-AFE5-77B07B5C0843}","NEAR_FID":17589,"NEAR_DIST":2.3784397652749489}},{"type":"Feature","id":318,"geometry":{"type":"Point","coordinates":[198951.60720000044,1885545.4746000003]},"properties":{"OBJECTID":318,"Asset_ID":"GLY318","Name":"Gully","District_ID":"Dahariz al Shamaliyya","Wlyt_ID":"Salalah","Gov_ID":"Dhofar Governorate","Road_ID":"100003","Mun_ID":" ","Latitude":17.034466370000001,"Longitude":54.172187379999997,"GlobalID":"{49E7CF06-5E2E-4984-9902-082B8E4E40C5}","NEAR_FID":4209,"NEAR_DIST":6.8439732645361717}},{"type":"Feature","id":319,"geometry":{"type":"Point","coordinates":[198922.95930000022,1885542.5335000008]},"properties":{"OBJECTID":319,"Asset_ID":"GLY319","Name":"Gully","District_ID":"Dahariz al Shamaliyya","Wlyt_ID":"Salalah","Gov_ID":"Dhofar Governorate","Road_ID":"100003","Mun_ID":" ","Latitude":17.034436079999999,"Longitude":54.171918920000003,"GlobalID":"{BD1E5C9D-DC21-40B8-8B2C-08C0787FA027}","NEAR_FID":14460,"NEAR_DIST":6.252731892646139}},{"type":"Feature","id":320,"geometry":{"type":"Point","coordinates":[198913.2648,1885542.0977999996]},"properties":{"OBJECTID":320,"Asset_ID":"GLY320","Name":"Gully","District_ID":"Dahariz al Shamaliyya","Wlyt_ID":"Salalah","Gov_ID":"Dhofar Governorate","Road_ID":"100124","Mun_ID":" ","Latitude":17.034430879999999,"Longitude":54.171827999999998,"GlobalID":"{FC912E12-59E1-4A8D-8819-A28F3A30A5E7}","NEAR_FID":10602,"NEAR_DIST":2.0863725030777345}},{"type":"Feature","id":321,"geometry":{"type":"Point","coordinates":[198907.27379999962,1885541.8800000008]},"properties":{"OBJECTID":321,"Asset_ID":"GLY321","Name":"Gully","District_ID":"Dahariz al Shamaliyya","Wlyt_ID":"Salalah","Gov_ID":"Dhofar Governorate","Road_ID":"100124","Mun_ID":" ","Latitude":17.034428129999998,"Longitude":54.171771800000002,"GlobalID":"{4CB673BF-5412-4190-9B54-7D3F72BA4E12}","NEAR_FID":10602,"NEAR_DIST":3.8481509694168294}},{"type":"Feature","id":322,"geometry":{"type":"Point","coordinates":[198950.08220000006,1885570.9636000004]},"properties":{"OBJECTID":322,"Asset_ID":"GLY322","Name":"Gully","District_ID":"Dahariz al Shamaliyya","Wlyt_ID":"Salalah","Gov_ID":"Dhofar Governorate","Road_ID":"100003","Mun_ID":" ","Latitude":17.0346963,"Longitude":54.172169599999997,"GlobalID":"{49A54A48-7A84-4813-83C4-5A394519CF54}","NEAR_FID":4209,"NEAR_DIST":7.2678599075422747}},{"type":"Feature","id":323,"geometry":{"type":"Point","coordinates":[198921.54320000019,1885567.1511000004]},"properties":{"OBJECTID":323,"Asset_ID":"GLY323","Name":"Gully","District_ID":"Dahariz al Shamaliyya","Wlyt_ID":"Salalah","Gov_ID":"Dhofar Governorate","Road_ID":"100003","Mun_ID":" ","Latitude":17.034658149999998,"Longitude":54.171902279999998,"GlobalID":"{CC64FBDC-91C8-403C-B93B-F466F33F640B}","NEAR_FID":14460,"NEAR_DIST":6.1011912002965945}},{"type":"Feature","id":324,"geometry":{"type":"Point","coordinates":[198919.80040000007,1885592.3133000005]},"properties":{"OBJECTID":324,"Asset_ID":"GLY324","Name":"Gully","District_ID":"Dahariz al Shamaliyya","Wlyt_ID":"Salalah","Gov_ID":"Dhofar Governorate","Road_ID":"100003","Mun_ID":" ","Latitude":17.0348851,"Longitude":54.171882510000003,"GlobalID":"{6A6D36E1-89FC-4D1F-95AF-76DAD6AE36BD}","NEAR_FID":14460,"NEAR_DIST":6.1591132101480879}},{"type":"Feature","id":325,"geometry":{"type":"Point","coordinates":[198949.53760000039,1885594.9276000001]},"properties":{"OBJECTID":325,"Asset_ID":"GLY325","Name":"Gully","District_ID":"Dahariz al Shamaliyya","Wlyt_ID":"Salalah","Gov_ID":"Dhofar Governorate","Road_ID":"100003","Mun_ID":" ","Latitude":17.034912590000001,"Longitude":54.172161240000001,"GlobalID":"{5E755332-BAE5-4914-B6D5-86833821DD4E}","NEAR_FID":7103,"NEAR_DIST":5.2048674500388659}},{"type":"Feature","id":326,"geometry":{"type":"Point","coordinates":[198915.44330000039,1885616.8220000006]},"properties":{"OBJECTID":326,"Asset_ID":"GLY326","Name":"Gully","District_ID":"Dahariz al Shamaliyya","Wlyt_ID":"Salalah","Gov_ID":"Dhofar Governorate","Road_ID":"100418","Mun_ID":" ","Latitude":17.0351058,"Longitude":54.171838289999997,"GlobalID":"{F9335AB5-8622-47FD-B94E-0FC8F2E8F69D}","NEAR_FID":17644,"NEAR_DIST":4.706365316912799}},{"type":"Feature","id":327,"geometry":{"type":"Point","coordinates":[198965.65880000032,1885640.6769999992]},"properties":{"OBJECTID":327,"Asset_ID":"GLY327","Name":"Gully","District_ID":"Dahariz al Shamaliyya","Wlyt_ID":"Salalah","Gov_ID":"Dhofar Governorate","Road_ID":"100003","Mun_ID":" ","Latitude":17.03532774,"Longitude":54.172306319999997,"GlobalID":"{75130A5A-47E0-4976-B8A2-FF63AFCF0FF9}","NEAR_FID":7103,"NEAR_DIST":5.6596114180820276}},{"type":"Feature","id":328,"geometry":{"type":"Point","coordinates":[198903.46129999962,1885642.0931000002]},"properties":{"OBJECTID":328,"Asset_ID":"GLY328","Name":"Gully","District_ID":"Dahariz al Shamaliyya","Wlyt_ID":"Salalah","Gov_ID":"Dhofar Governorate","Road_ID":"100418","Mun_ID":" ","Latitude":17.035332400000001,"Longitude":54.171722410000001,"GlobalID":"{7AE75860-5AF5-455A-A0F9-11D22FFC4907}","NEAR_FID":17644,"NEAR_DIST":4.5347714879379897}},{"type":"Feature","id":329,"geometry":{"type":"Point","coordinates":[198887.37249999959,1885664.0591000002]},"properties":{"OBJECTID":329,"Asset_ID":"GLY329","Name":"Gully","District_ID":"Dahariz al Shamaliyya","Wlyt_ID":"Salalah","Gov_ID":"Dhofar Governorate","Road_ID":"100418","Mun_ID":" ","Latitude":17.03552861,"Longitude":54.171568430000001,"GlobalID":"{D82EAEB9-A36A-4B67-B6EB-837EEFFEE05E}","NEAR_FID":17644,"NEAR_DIST":2.2256237990857297}},{"type":"Feature","id":330,"geometry":{"type":"Point","coordinates":[198954.90739999991,1885686.3892000001]},"properties":{"OBJECTID":330,"Asset_ID":"GLY330","Name":"Gully","District_ID":"Dahariz al Shamaliyya","Wlyt_ID":"Salalah","Gov_ID":"Dhofar Governorate","Road_ID":"103682","Mun_ID":" ","Latitude":17.035739039999999,"Longitude":54.172199210000002,"GlobalID":"{6E440CDB-25FA-4128-BD6A-617BE3FEA8AD}","NEAR_FID":19251,"NEAR_DIST":6.7039550249870432}},{"type":"Feature","id":331,"geometry":{"type":"Point","coordinates":[198917.89269999973,1885671.5613000002]},"properties":{"OBJECTID":331,"Asset_ID":"GLY331","Name":"Gully","District_ID":"Dahariz al Shamaliyya","Wlyt_ID":"Salalah","Gov_ID":"Dhofar Governorate","Road_ID":"100003","Mun_ID":" ","Latitude":17.035600330000001,"Longitude":54.171853839999997,"GlobalID":"{79E7406A-AAE9-4C05-BFD0-F947C687F2D2}","NEAR_FID":6342,"NEAR_DIST":4.1482522044584966}},{"type":"Feature","id":332,"geometry":{"type":"Point","coordinates":[198939.16739999969,1885672.6643000003]},"properties":{"OBJECTID":332,"Asset_ID":"GLY332","Name":"Gully","District_ID":"Dahariz al Shamaliyya","Wlyt_ID":"Salalah","Gov_ID":"Dhofar Governorate","Road_ID":"100003","Mun_ID":" ","Latitude":17.03561307,"Longitude":54.17205336,"GlobalID":"{5F81018E-1747-4FF2-8174-BF3D77F2CD3B}","NEAR_FID":12822,"NEAR_DIST":4.8078302824524446}},{"type":"Feature","id":333,"geometry":{"type":"Point","coordinates":[198955.61539999954,1885717.5424000006]},"properties":{"OBJECTID":333,"Asset_ID":"GLY333","Name":"Gully","District_ID":"al Sada al Janubiyya","Wlyt_ID":"Salalah","Gov_ID":"Dhofar Governorate","Road_ID":"103682","Mun_ID":" ","Latitude":17.036020400000002,"Longitude":54.172201620000003,"GlobalID":"{E2E07BC8-9AD4-42D1-A819-256FE7F1F059}","NEAR_FID":16632,"NEAR_DIST":6.9058500251650594}},{"type":"Feature","id":334,"geometry":{"type":"Point","coordinates":[198934.82239999995,1885736.2978000008]},"properties":{"OBJECTID":334,"Asset_ID":"GLY334","Name":"Gully","District_ID":"al Sada al Janubiyya","Wlyt_ID":"Salalah","Gov_ID":"Dhofar Governorate","Road_ID":"100003","Mun_ID":" ","Latitude":17.03618702,"Longitude":54.172003940000003,"GlobalID":"{422D1BBF-F233-4CA1-956D-30D10350D038}","NEAR_FID":15657,"NEAR_DIST":2.3956069266967988}},{"type":"Feature","id":335,"geometry":{"type":"Point","coordinates":[198950.16909999959,1885932.6738000009]},"properties":{"OBJECTID":335,"Asset_ID":"GLY335","Name":"Gully","District_ID":"al Sada al Janubiyya","Wlyt_ID":"Salalah","Gov_ID":"Dhofar Governorate","Road_ID":"100260","Mun_ID":" ","Latitude":17.037961989999999,"Longitude":54.17212129,"GlobalID":"{03A362F0-0A78-4873-BDF2-4585DB40E988}","NEAR_FID":13338,"NEAR_DIST":4.5714157463719749}},{"type":"Feature","id":336,"geometry":{"type":"Point","coordinates":[198897.99089999963,1885688.9005999994]},"properties":{"OBJECTID":336,"Asset_ID":"GLY336","Name":"Gully","District_ID":"Dahariz al Shamaliyya","Wlyt_ID":"Salalah","Gov_ID":"Dhofar Governorate","Road_ID":"100418","Mun_ID":" ","Latitude":17.035754279999999,"Longitude":54.171664710000002,"GlobalID":"{0188B836-E7EB-46A5-AAD4-260BF89CBEBA}","NEAR_FID":16730,"NEAR_DIST":6.6545649208870028}},{"type":"Feature","id":337,"geometry":{"type":"Point","coordinates":[198872.61280000024,1885690.0927000009]},"properties":{"OBJECTID":337,"Asset_ID":"GLY337","Name":"Gully","District_ID":"Dahariz al Shamaliyya","Wlyt_ID":"Salalah","Gov_ID":"Dhofar Governorate","Road_ID":"100418","Mun_ID":" ","Latitude":17.035761730000001,"Longitude":54.17142638,"GlobalID":"{43831DB5-2801-4C29-8121-53C9EA4B8349}","NEAR_FID":16730,"NEAR_DIST":6.5605124737330467}},{"type":"Feature","id":338,"geometry":{"type":"Point","coordinates":[198870.32529999968,1885676.3679000009]},"properties":{"OBJECTID":338,"Asset_ID":"GLY338","Name":"Gully","District_ID":"Dahariz al Shamaliyya","Wlyt_ID":"Salalah","Gov_ID":"Dhofar Governorate","Road_ID":"100418","Mun_ID":" ","Latitude":17.035637510000001,"Longitude":54.171406769999997,"GlobalID":"{03E35023-CF4A-4CC4-9658-B72E2BE7B539}","NEAR_FID":17644,"NEAR_DIST":2.0675210830794408}},{"type":"Feature","id":339,"geometry":{"type":"Point","coordinates":[198851.69880000036,1885684.9730999991]},"properties":{"OBJECTID":339,"Asset_ID":"GLY339","Name":"Gully","District_ID":"Dahariz al Shamaliyya","Wlyt_ID":"Salalah","Gov_ID":"Dhofar Governorate","Road_ID":"100418","Mun_ID":" ","Latitude":17.03571277,"Longitude":54.171230799999996,"GlobalID":"{3931590A-220F-4D1C-BD75-0D4CEB072C63}","NEAR_FID":17644,"NEAR_DIST":1.8014857807406843}},{"type":"Feature","id":340,"geometry":{"type":"Point","coordinates":[198911.60879999958,1885719.9387999997]},"properties":{"OBJECTID":340,"Asset_ID":"GLY340","Name":"Gully","District_ID":"al Sada al Janubiyya","Wlyt_ID":"Salalah","Gov_ID":"Dhofar Governorate","Road_ID":"100418","Mun_ID":" ","Latitude":17.036036289999998,"Longitude":54.171788300000003,"GlobalID":"{145AE1F8-FB64-4F2F-9442-B46D1FB025DB}","NEAR_FID":4940,"NEAR_DIST":7.2243816327722765}},{"type":"Feature","id":341,"geometry":{"type":"Point","coordinates":[198896.14109999966,1885720.4834000003]},"properties":{"OBJECTID":341,"Asset_ID":"GLY341","Name":"Gully","District_ID":"al Sada al Janubiyya","Wlyt_ID":"Salalah","Gov_ID":"Dhofar Governorate","Road_ID":"100418","Mun_ID":" ","Latitude":17.03603918,"Longitude":54.171643060000001,"GlobalID":"{80A82361-2CDD-46A0-85DB-E0931528F754}","NEAR_FID":4940,"NEAR_DIST":7.2627314794102587}},{"type":"Feature","id":342,"geometry":{"type":"Point","coordinates":[198854.20409999974,1885729.3065000009]},"properties":{"OBJECTID":342,"Asset_ID":"GLY342","Name":"Gully","District_ID":"al Sada al Janubiyya","Wlyt_ID":"Salalah","Gov_ID":"Dhofar Governorate","Road_ID":"100003","Mun_ID":" ","Latitude":17.036113360000002,"Longitude":54.17124828,"GlobalID":"{E53808EB-9E7F-40AA-9AA3-398B85F520AB}","NEAR_FID":4906,"NEAR_DIST":3.2706619393792091}},{"type":"Feature","id":343,"geometry":{"type":"Point","coordinates":[198868.47360000014,1885735.9510999992]},"properties":{"OBJECTID":343,"Asset_ID":"GLY343","Name":"Gully","District_ID":"al Sada al Janubiyya","Wlyt_ID":"Salalah","Gov_ID":"Dhofar Governorate","Road_ID":"100003","Mun_ID":" ","Latitude":17.036175220000001,"Longitude":54.1713813,"GlobalID":"{9A938A95-390C-41AF-ACF3-2C83DE0F3586}","NEAR_FID":4906,"NEAR_DIST":3.5063462610009721}},{"type":"Feature","id":344,"geometry":{"type":"Point","coordinates":[198828.06159999967,1885725.6030000001]},"properties":{"OBJECTID":344,"Asset_ID":"GLY344","Name":"Gully","District_ID":"al Sada al Janubiyya","Wlyt_ID":"Salalah","Gov_ID":"Dhofar Governorate","Road_ID":"100003","Mun_ID":" ","Latitude":17.036076510000001,"Longitude":54.17100344,"GlobalID":"{23539BFE-DA97-4481-B1E2-AA6CF0A76B44}","NEAR_FID":4906,"NEAR_DIST":3.2857585913186167}},{"type":"Feature","id":345,"geometry":{"type":"Point","coordinates":[198890.34829999972,1885755.0526999999]},"properties":{"OBJECTID":345,"Asset_ID":"GLY345","Name":"Gully","District_ID":"al Sada al Janubiyya","Wlyt_ID":"Salalah","Gov_ID":"Dhofar Governorate","Road_ID":"100003","Mun_ID":" ","Latitude":17.03635053,"Longitude":54.171584000000003,"GlobalID":"{3C48BE95-2923-48E4-AF3F-4D8E9D7F6137}","NEAR_FID":4906,"NEAR_DIST":3.2863478520049889}},{"type":"Feature","id":346,"geometry":{"type":"Point","coordinates":[198903.18059999961,1885780.7610999998]},"properties":{"OBJECTID":346,"Asset_ID":"GLY346","Name":"Gully","District_ID":"al Sada al Janubiyya","Wlyt_ID":"Salalah","Gov_ID":"Dhofar Governorate","Road_ID":"100003","Mun_ID":" ","Latitude":17.036584319999999,"Longitude":54.171700940000001,"GlobalID":"{805ED165-7D68-472F-BF15-3A44DCBD187C}","NEAR_FID":4906,"NEAR_DIST":2.9139972500046776}},{"type":"Feature","id":347,"geometry":{"type":"Point","coordinates":[198904.37880000006,1885820.7374000009]},"properties":{"OBJECTID":347,"Asset_ID":"GLY347","Name":"Gully","District_ID":"al Sada al Janubiyya","Wlyt_ID":"Salalah","Gov_ID":"Dhofar Governorate","Road_ID":"100003","Mun_ID":" ","Latitude":17.0369454,"Longitude":54.171706749999998,"GlobalID":"{04EF6006-0128-40EB-9772-90BDD67B9DB6}","NEAR_FID":4906,"NEAR_DIST":6.3475089874499195}},{"type":"Feature","id":348,"geometry":{"type":"Point","coordinates":[198803.45760000031,1885726.8421]},"properties":{"OBJECTID":348,"Asset_ID":"GLY348","Name":"Gully","District_ID":"al Sada al Janubiyya","Wlyt_ID":"Salalah","Gov_ID":"Dhofar Governorate","Road_ID":"100003","Mun_ID":" ","Latitude":17.03608448,"Longitude":54.170772370000002,"GlobalID":"{C457B902-97CD-4F2C-B044-740BB9B7F8BB}","NEAR_FID":4906,"NEAR_DIST":5.6109516900473952}},{"type":"Feature","id":349,"geometry":{"type":"Point","coordinates":[198826.98589999974,1885690.0245999992]},"properties":{"OBJECTID":349,"Asset_ID":"GLY349","Name":"Gully","District_ID":"Dahariz al Shamaliyya","Wlyt_ID":"Salalah","Gov_ID":"Dhofar Governorate","Road_ID":"100418","Mun_ID":" ","Latitude":17.03575515,"Longitude":54.170998179999998,"GlobalID":"{1C21F99C-545D-4B4A-92E1-3E357133B0D8}","NEAR_FID":17644,"NEAR_DIST":1.8633604020564396}},{"type":"Feature","id":350,"geometry":{"type":"Point","coordinates":[198801.8236999996,1885691.2227999996]},"properties":{"OBJECTID":350,"Asset_ID":"GLY350","Name":"Gully","District_ID":"Dahariz al Shamaliyya","Wlyt_ID":"Salalah","Gov_ID":"Dhofar Governorate","Road_ID":"100418","Mun_ID":" ","Latitude":17.035762680000001,"Longitude":54.17076187,"GlobalID":"{DB7B0878-9901-4D31-A1B4-6E0F76A06B4C}","NEAR_FID":17644,"NEAR_DIST":4.2585720668184948}},{"type":"Feature","id":351,"geometry":{"type":"Point","coordinates":[198780.47389999963,1885692.4210000001]},"properties":{"OBJECTID":351,"Asset_ID":"GLY351","Name":"Gully","District_ID":"Dahariz al Shamaliyya","Wlyt_ID":"Salalah","Gov_ID":"Dhofar Governorate","Road_ID":"100418","Mun_ID":" ","Latitude":17.0357707,"Longitude":54.170561339999999,"GlobalID":"{9666C71A-31E0-4E32-A791-29BAE6870E39}","NEAR_FID":17644,"NEAR_DIST":6.1111833217535683}},{"type":"Feature","id":352,"geometry":{"type":"Point","coordinates":[198778.18649999984,1885727.9312999994]},"properties":{"OBJECTID":352,"Asset_ID":"GLY352","Name":"Gully","District_ID":"al Sada al Janubiyya","Wlyt_ID":"Salalah","Gov_ID":"Dhofar Governorate","Road_ID":"100003","Mun_ID":" ","Latitude":17.03609101,"Longitude":54.170535049999998,"GlobalID":"{87AB4093-66AD-46AC-A9F7-C190C34F7A48}","NEAR_FID":4906,"NEAR_DIST":7.8158718155248197}},{"type":"Feature","id":353,"geometry":{"type":"Point","coordinates":[198779.05790000036,1885745.4685999993]},"properties":{"OBJECTID":353,"Asset_ID":"GLY353","Name":"Gully","District_ID":"al Sada al Janubiyya","Wlyt_ID":"Salalah","Gov_ID":"Dhofar Governorate","Road_ID":"100353","Mun_ID":" ","Latitude":17.036249460000001,"Longitude":54.170540840000001,"GlobalID":"{97CCA301-2026-4AB7-BF22-C5C5A1E44E7E}","NEAR_FID":4836,"NEAR_DIST":5.8685672430830635}},{"type":"Feature","id":354,"geometry":{"type":"Point","coordinates":[198901.67760000005,1885567.5186999999]},"properties":{"OBJECTID":354,"Asset_ID":"GLY354","Name":"Gully","District_ID":"Dahariz al Shamaliyya","Wlyt_ID":"Salalah","Gov_ID":"Dhofar Governorate","Road_ID":"100124","Mun_ID":" ","Latitude":17.034658870000001,"Longitude":54.171715800000001,"GlobalID":"{B24F0828-2207-4517-905D-7A39D8A98A39}","NEAR_FID":10602,"NEAR_DIST":1.389708340646556}},{"type":"Feature","id":355,"geometry":{"type":"Point","coordinates":[198883.83000000007,1885585.5443999991]},"properties":{"OBJECTID":355,"Asset_ID":"GLY355","Name":"Gully","District_ID":"Dahariz al Shamaliyya","Wlyt_ID":"Salalah","Gov_ID":"Dhofar Governorate","Road_ID":"100124","Mun_ID":" ","Latitude":17.034819280000001,"Longitude":54.171545850000001,"GlobalID":"{891F8AAD-E684-4178-85FC-987B6714D483}","NEAR_FID":10602,"NEAR_DIST":0.55682322959256547}},{"type":"Feature","id":356,"geometry":{"type":"Point","coordinates":[198866.32870000042,1885602.8167000003]},"properties":{"OBJECTID":356,"Asset_ID":"GLY356","Name":"Gully","District_ID":"Dahariz al Shamaliyya","Wlyt_ID":"Salalah","Gov_ID":"Dhofar Governorate","Road_ID":"100124","Mun_ID":" ","Latitude":17.034972939999999,"Longitude":54.171379260000002,"GlobalID":"{CC3C0908-3896-493C-9CCE-F93B2FFAE2C8}","NEAR_FID":10602,"NEAR_DIST":0.7706876443070193}},{"type":"Feature","id":357,"geometry":{"type":"Point","coordinates":[198833.5214999998,1885638.3931000009]},"properties":{"OBJECTID":357,"Asset_ID":"GLY357","Name":"Gully","District_ID":"Dahariz al Shamaliyya","Wlyt_ID":"Salalah","Gov_ID":"Dhofar Governorate","Road_ID":"100124","Mun_ID":" ","Latitude":17.035289850000002,"Longitude":54.171066529999997,"GlobalID":"{9DD7D465-F2FB-462A-8C52-5A0864762546}","NEAR_FID":10602,"NEAR_DIST":3.293392530080296}},{"type":"Feature","id":358,"geometry":{"type":"Point","coordinates":[198812.49859999958,1885658.4356999993]},"properties":{"OBJECTID":358,"Asset_ID":"GLY358","Name":"Gully","District_ID":"Dahariz al Shamaliyya","Wlyt_ID":"Salalah","Gov_ID":"Dhofar Governorate","Road_ID":"100124","Mun_ID":" ","Latitude":17.035468059999999,"Longitude":54.170866510000003,"GlobalID":"{35D4EEC2-7F65-4621-8EF4-3020BBEF915C}","NEAR_FID":10602,"NEAR_DIST":2.7832902772326542}},{"type":"Feature","id":359,"geometry":{"type":"Point","coordinates":[198793.0549999997,1885666.8231000006]},"properties":{"OBJECTID":359,"Asset_ID":"GLY359","Name":"Gully","District_ID":"Dahariz al Shamaliyya","Wlyt_ID":"Salalah","Gov_ID":"Dhofar Governorate","Road_ID":"100124","Mun_ID":" ","Latitude":17.035541240000001,"Longitude":54.170682890000002,"GlobalID":"{14002A0F-1854-4FB9-8661-01BB276FDDDB}","NEAR_FID":10602,"NEAR_DIST":2.7357218929846914}},{"type":"Feature","id":360,"geometry":{"type":"Point","coordinates":[198774.8097000001,1885677.8792000003]},"properties":{"OBJECTID":360,"Asset_ID":"GLY360","Name":"Gully","District_ID":"Dahariz al Shamaliyya","Wlyt_ID":"Salalah","Gov_ID":"Dhofar Governorate","Road_ID":"100124","Mun_ID":" ","Latitude":17.035638670000001,"Longitude":54.170510159999999,"GlobalID":"{F9409FA6-1EFC-4F11-AFE7-041E61BABDCB}","NEAR_FID":10602,"NEAR_DIST":3.9796229053534447}},{"type":"Feature","id":361,"geometry":{"type":"Point","coordinates":[198750.19209999964,1885679.0774000008]},"properties":{"OBJECTID":361,"Asset_ID":"GLY361","Name":"Gully","District_ID":"Dahariz al Shamaliyya","Wlyt_ID":"Salalah","Gov_ID":"Dhofar Governorate","Road_ID":"100124","Mun_ID":" ","Latitude":17.035646270000001,"Longitude":54.170278959999997,"GlobalID":"{F8D36DD8-AC4A-4938-AABD-0212D8B0CE96}","NEAR_FID":10602,"NEAR_DIST":3.8230972268962993}},{"type":"Feature","id":362,"geometry":{"type":"Point","coordinates":[198751.82600000035,1885695.5254999995]},"properties":{"OBJECTID":362,"Asset_ID":"GLY362","Name":"Gully","District_ID":"Dahariz al Shamaliyya","Wlyt_ID":"Salalah","Gov_ID":"Dhofar Governorate","Road_ID":"100418","Mun_ID":" ","Latitude":17.035794989999999,"Longitude":54.170292060000001,"GlobalID":"{DA88B6B1-B8F7-493F-B647-599CB0C22D5C}","NEAR_FID":4965,"NEAR_DIST":6.3540602697429227}},{"type":"Feature","id":363,"geometry":{"type":"Point","coordinates":[198724.48529999983,1885680.2755999994]},"properties":{"OBJECTID":363,"Asset_ID":"GLY363","Name":"Gully","District_ID":"Dahariz al Shamaliyya","Wlyt_ID":"Salalah","Gov_ID":"Dhofar Governorate","Road_ID":"100124","Mun_ID":" ","Latitude":17.03565373,"Longitude":54.170037540000003,"GlobalID":"{F813B69D-4BA0-47A2-A6F7-B58AA36B4F74}","NEAR_FID":10602,"NEAR_DIST":3.6712951630060595}},{"type":"Feature","id":364,"geometry":{"type":"Point","coordinates":[198700.9570000004,1885681.3649000004]},"properties":{"OBJECTID":364,"Asset_ID":"GLY364","Name":"Gully","District_ID":"Dahariz al Shamaliyya","Wlyt_ID":"Salalah","Gov_ID":"Dhofar Governorate","Road_ID":"100124","Mun_ID":" ","Latitude":17.035660490000001,"Longitude":54.169816580000003,"GlobalID":"{AE1FC2AF-8A27-42C1-BD95-42944750AA71}","NEAR_FID":10602,"NEAR_DIST":3.6781074641828622}},{"type":"Feature","id":365,"geometry":{"type":"Point","coordinates":[198701.93730000034,1885699.3378999997]},"properties":{"OBJECTID":365,"Asset_ID":"GLY365","Name":"Gully","District_ID":"Dahariz al Shamaliyya","Wlyt_ID":"Salalah","Gov_ID":"Dhofar Governorate","Road_ID":"100418","Mun_ID":" ","Latitude":17.035822880000001,"Longitude":54.169823340000001,"GlobalID":"{C06A5DB0-2C6C-4942-A4BB-119203204C7F}","NEAR_FID":4965,"NEAR_DIST":4.7683229924278168}},{"type":"Feature","id":366,"geometry":{"type":"Point","coordinates":[198726.85099999979,1885698.1107999999]},"properties":{"OBJECTID":366,"Asset_ID":"GLY366","Name":"Gully","District_ID":"Dahariz al Shamaliyya","Wlyt_ID":"Salalah","Gov_ID":"Dhofar Governorate","Road_ID":"100418","Mun_ID":" ","Latitude":17.035815060000001,"Longitude":54.170057319999998,"GlobalID":"{B6E886C7-68D8-4302-A854-00C5CD0D00E1}","NEAR_FID":4965,"NEAR_DIST":4.8841317378953919}},{"type":"Feature","id":367,"geometry":{"type":"Point","coordinates":[198653.46470000036,1885732.2339999992]},"properties":{"OBJECTID":367,"Asset_ID":"GLY367","Name":"Gully","District_ID":"al Sada al Janubiyya","Wlyt_ID":"Salalah","Gov_ID":"Dhofar Governorate","Road_ID":"100418","Mun_ID":" ","Latitude":17.03611355,"Longitude":54.169363959999998,"GlobalID":"{4881FB56-AFE0-44B2-9112-17B6FDD80246}","NEAR_FID":4361,"NEAR_DIST":8.9339904944213071}},{"type":"Feature","id":368,"geometry":{"type":"Point","coordinates":[198678.58059999999,1885730.6671999991]},"properties":{"OBJECTID":368,"Asset_ID":"GLY368","Name":"Gully","District_ID":"al Sada al Janubiyya","Wlyt_ID":"Salalah","Gov_ID":"Dhofar Governorate","Road_ID":"100418","Mun_ID":" ","Latitude":17.036102679999999,"Longitude":54.16959988,"GlobalID":"{F40FD5EB-CC9C-467E-9EFF-AD8DCAE1B6DF}","NEAR_FID":4361,"NEAR_DIST":8.4377119597405237}},{"type":"Feature","id":369,"geometry":{"type":"Point","coordinates":[198703.57120000012,1885731.3625000007]},"properties":{"OBJECTID":369,"Asset_ID":"GLY369","Name":"Gully","District_ID":"al Sada al Janubiyya","Wlyt_ID":"Salalah","Gov_ID":"Dhofar Governorate","Road_ID":"100418","Mun_ID":" ","Latitude":17.036112230000001,"Longitude":54.16983432,"GlobalID":"{0D7092C4-C0A6-4957-BCAD-18C96DB04139}","NEAR_FID":4361,"NEAR_DIST":10.175347906508149}},{"type":"Feature","id":370,"geometry":{"type":"Point","coordinates":[198728.40670000017,1885730.4911000002]},"properties":{"OBJECTID":370,"Asset_ID":"GLY370","Name":"Gully","District_ID":"al Sada al Janubiyya","Wlyt_ID":"Salalah","Gov_ID":"Dhofar Governorate","Road_ID":"100418","Mun_ID":" ","Latitude":17.036107609999998,"Longitude":54.170067520000003,"GlobalID":"{FD6384F2-1F66-4BE8-A52B-DC6C7C074E63}","NEAR_FID":4361,"NEAR_DIST":10.397213741523053}},{"type":"Feature","id":371,"geometry":{"type":"Point","coordinates":[198753.67779999971,1885729.1840000004]},"properties":{"OBJECTID":371,"Asset_ID":"GLY371","Name":"Gully","District_ID":"al Sada al Janubiyya","Wlyt_ID":"Salalah","Gov_ID":"Dhofar Governorate","Road_ID":"100003","Mun_ID":" ","Latitude":17.036099109999999,"Longitude":54.170304870000002,"GlobalID":"{2BDB4EDC-C8EC-42D8-869F-64E185B27D2B}","NEAR_FID":4906,"NEAR_DIST":10.150440116968751}},{"type":"Feature","id":372,"geometry":{"type":"Point","coordinates":[198675.11400000006,1885748.1100999992]},"properties":{"OBJECTID":372,"Asset_ID":"GLY372","Name":"Gully","District_ID":"al Sada al Janubiyya","Wlyt_ID":"Salalah","Gov_ID":"Dhofar Governorate","Road_ID":"100353","Mun_ID":" ","Latitude":17.03625971,"Longitude":54.169564979999997,"GlobalID":"{18781A35-F944-4E38-B896-65806D5BC347}","NEAR_FID":4836,"NEAR_DIST":5.7139944252207018}},{"type":"Feature","id":373,"geometry":{"type":"Point","coordinates":[198604.52909999993,1885753.4475999996]},"properties":{"OBJECTID":373,"Asset_ID":"GLY373","Name":"Gully","District_ID":"al Sada al Janubiyya","Wlyt_ID":"Salalah","Gov_ID":"Dhofar Governorate","Road_ID":"100353","Mun_ID":" ","Latitude":17.036298670000001,"Longitude":54.168901810000001,"GlobalID":"{C2B19F4C-691A-4385-8DF9-54F02587580C}","NEAR_FID":4836,"NEAR_DIST":3.3405360701131182}},{"type":"Feature","id":374,"geometry":{"type":"Point","coordinates":[198629.90909999982,1885752.1403999999]},"properties":{"OBJECTID":374,"Asset_ID":"GLY374","Name":"Gully","District_ID":"al Sada al Janubiyya","Wlyt_ID":"Salalah","Gov_ID":"Dhofar Governorate","Road_ID":"100353","Mun_ID":" ","Latitude":17.036290189999999,"Longitude":54.169140179999999,"GlobalID":"{B2309887-6938-426D-82E5-5DD1CB87A5F7}","NEAR_FID":4836,"NEAR_DIST":3.5825026510157545}},{"type":"Feature","id":375,"geometry":{"type":"Point","coordinates":[198654.41779999994,1885751.0512000006]},"properties":{"OBJECTID":375,"Asset_ID":"GLY375","Name":"Gully","District_ID":"al Sada al Janubiyya","Wlyt_ID":"Salalah","Gov_ID":"Dhofar Governorate","Road_ID":"100353","Mun_ID":" ","Latitude":17.036283560000001,"Longitude":54.16937034,"GlobalID":"{436A5C74-465F-41E0-A225-559E779BE095}","NEAR_FID":4836,"NEAR_DIST":3.6431911126478167}},{"type":"Feature","id":376,"geometry":{"type":"Point","coordinates":[198678.28509999998,1885750.0062000006]},"properties":{"OBJECTID":376,"Asset_ID":"GLY376","Name":"Gully","District_ID":"al Sada al Janubiyya","Wlyt_ID":"Salalah","Gov_ID":"Dhofar Governorate","Road_ID":"100353","Mun_ID":" ","Latitude":17.036277250000001,"Longitude":54.169594480000001,"GlobalID":"{596E2BE3-9F7A-435E-BC22-CE8F3CFB78E0}","NEAR_FID":4836,"NEAR_DIST":3.6866098299313901}},{"type":"Feature","id":377,"geometry":{"type":"Point","coordinates":[198704.41540000029,1885749.0905000009]},"properties":{"OBJECTID":377,"Asset_ID":"GLY377","Name":"Gully","District_ID":"al Sada al Janubiyya","Wlyt_ID":"Salalah","Gov_ID":"Dhofar Governorate","Road_ID":"100353","Mun_ID":" ","Latitude":17.036272400000001,"Longitude":54.169839830000001,"GlobalID":"{C4BE4893-2715-49C3-8258-3ED6C2EEA1FC}","NEAR_FID":4836,"NEAR_DIST":3.5059635098806061}},{"type":"Feature","id":378,"geometry":{"type":"Point","coordinates":[198729.46870000008,1885747.7832999993]},"properties":{"OBJECTID":378,"Asset_ID":"GLY378","Name":"Gully","District_ID":"al Sada al Janubiyya","Wlyt_ID":"Salalah","Gov_ID":"Dhofar Governorate","Road_ID":"100353","Mun_ID":" ","Latitude":17.036263869999999,"Longitude":54.170075140000002,"GlobalID":"{A9D35133-5310-47CC-9009-019449AC97B2}","NEAR_FID":4836,"NEAR_DIST":4.0273452403337453}},{"type":"Feature","id":379,"geometry":{"type":"Point","coordinates":[198675.00509999972,1885682.6447999999]},"properties":{"OBJECTID":379,"Asset_ID":"GLY379","Name":"Gully","District_ID":"Dahariz al Shamaliyya","Wlyt_ID":"Salalah","Gov_ID":"Dhofar Governorate","Road_ID":"100124","Mun_ID":" ","Latitude":17.035668650000002,"Longitude":54.169572850000002,"GlobalID":"{D8E73F78-E76C-4674-89D4-20C0C13B7F4D}","NEAR_FID":10602,"NEAR_DIST":3.7639321785817081}},{"type":"Feature","id":380,"geometry":{"type":"Point","coordinates":[198651.15000000037,1885683.7884999998]},"properties":{"OBJECTID":380,"Asset_ID":"GLY380","Name":"Gully","District_ID":"Dahariz al Shamaliyya","Wlyt_ID":"Salalah","Gov_ID":"Dhofar Governorate","Road_ID":"100124","Mun_ID":" ","Latitude":17.035675860000001,"Longitude":54.169348820000003,"GlobalID":"{3905D35C-EAC2-4D7B-9CAE-DCCFA2343FB7}","NEAR_FID":10602,"NEAR_DIST":3.8060426928902205}},{"type":"Feature","id":381,"geometry":{"type":"Point","coordinates":[198627.78509999998,1885684.8778000008]},"properties":{"OBJECTID":381,"Asset_ID":"GLY381","Name":"Gully","District_ID":"Dahariz al Shamaliyya","Wlyt_ID":"Salalah","Gov_ID":"Dhofar Governorate","Road_ID":"100124","Mun_ID":" ","Latitude":17.035682640000001,"Longitude":54.169129390000002,"GlobalID":"{5864175B-5ED6-4B88-B63B-8D6793CC8A56}","NEAR_FID":10602,"NEAR_DIST":3.7790839860051961}},{"type":"Feature","id":382,"geometry":{"type":"Point","coordinates":[198626.84260000009,1885700.9824999999]},"properties":{"OBJECTID":382,"Asset_ID":"GLY382","Name":"Gully","District_ID":"Dahariz al Shamaliyya","Wlyt_ID":"Salalah","Gov_ID":"Dhofar Governorate","Road_ID":"100418","Mun_ID":" ","Latitude":17.035827909999998,"Longitude":54.169118359999999,"GlobalID":"{017BB86C-0793-447B-AC1C-3378B30DF840}","NEAR_FID":4965,"NEAR_DIST":6.5300349037242391}},{"type":"Feature","id":383,"geometry":{"type":"Point","coordinates":[198601.64250000007,1885686.0759999994]},"properties":{"OBJECTID":383,"Asset_ID":"GLY383","Name":"Gully","District_ID":"Dahariz al Shamaliyya","Wlyt_ID":"Salalah","Gov_ID":"Dhofar Governorate","Road_ID":"100124","Mun_ID":" ","Latitude":17.035690030000001,"Longitude":54.168883880000003,"GlobalID":"{60C6D5FA-5CBB-40AA-981E-3A3DED74D466}","NEAR_FID":10602,"NEAR_DIST":3.7283440566814563}},{"type":"Feature","id":384,"geometry":{"type":"Point","coordinates":[198606.10850000009,1885675.8367999997]},"properties":{"OBJECTID":384,"Asset_ID":"GLY384","Name":"Gully","District_ID":"Dahariz al Shamaliyya","Wlyt_ID":"Salalah","Gov_ID":"Dhofar Governorate","Road_ID":"100124","Mun_ID":" ","Latitude":17.03559817,"Longitude":54.168927189999998,"GlobalID":"{FFF1A451-861B-4F96-A8EE-3142DE99DDFE}","NEAR_FID":10602,"NEAR_DIST":6.2860639753588439}},{"type":"Feature","id":385,"geometry":{"type":"Point","coordinates":[198628.27520000003,1885733.2960000001]},"properties":{"OBJECTID":385,"Asset_ID":"GLY385","Name":"Gully","District_ID":"al Sada al Janubiyya","Wlyt_ID":"Salalah","Gov_ID":"Dhofar Governorate","Road_ID":"100418","Mun_ID":" ","Latitude":17.036119840000001,"Longitude":54.169127410000002,"GlobalID":"{32562B6D-00A1-4920-95A5-74BB4C8EEC3C}","NEAR_FID":4361,"NEAR_DIST":8.7690382678412071}},{"type":"Feature","id":386,"geometry":{"type":"Point","coordinates":[198603.43979999982,1885734.4942000005]},"properties":{"OBJECTID":386,"Asset_ID":"GLY386","Name":"Gully","District_ID":"al Sada al Janubiyya","Wlyt_ID":"Salalah","Gov_ID":"Dhofar Governorate","Road_ID":"100418","Mun_ID":" ","Latitude":17.036127409999999,"Longitude":54.168894170000002,"GlobalID":"{8512619F-FEAB-4DF9-9D59-631EA955C4E6}","NEAR_FID":4361,"NEAR_DIST":8.757441908745573}},{"type":"Feature","id":387,"geometry":{"type":"Point","coordinates":[198578.6043999996,1885735.5834999997]},"properties":{"OBJECTID":387,"Asset_ID":"GLY387","Name":"Gully","District_ID":"al Sada al Janubiyya","Wlyt_ID":"Salalah","Gov_ID":"Dhofar Governorate","Road_ID":"100418","Mun_ID":" ","Latitude":17.03613399,"Longitude":54.168660940000002,"GlobalID":"{F73A4384-2AB8-485F-AD23-F134F1E0F131}","NEAR_FID":4361,"NEAR_DIST":8.7080194235639805}},{"type":"Feature","id":388,"geometry":{"type":"Point","coordinates":[198553.49729999993,1885736.7437999994]},"properties":{"OBJECTID":388,"Asset_ID":"GLY388","Name":"Gully","District_ID":"al Sada al Janubiyya","Wlyt_ID":"Salalah","Gov_ID":"Dhofar Governorate","Road_ID":"100418","Mun_ID":" ","Latitude":17.036141189999999,"Longitude":54.168425149999997,"GlobalID":"{EF76A2CF-FE10-4577-B071-6E2B1818A45F}","NEAR_FID":4361,"NEAR_DIST":8.7174756831891944}},{"type":"Feature","id":389,"geometry":{"type":"Point","coordinates":[198551.91720000003,1885704.4302999992]},"properties":{"OBJECTID":389,"Asset_ID":"GLY389","Name":"Gully","District_ID":"Dahariz al Shamaliyya","Wlyt_ID":"Salalah","Gov_ID":"Dhofar Governorate","Road_ID":"100418","Mun_ID":" ","Latitude":17.035849240000001,"Longitude":54.168414720000001,"GlobalID":"{79A20627-C04E-4684-821E-94C858769FDB}","NEAR_FID":4965,"NEAR_DIST":6.7743515082339769}},{"type":"Feature","id":390,"geometry":{"type":"Point","coordinates":[198576.93250000011,1885703.2888999991]},"properties":{"OBJECTID":390,"Asset_ID":"GLY390","Name":"Gully","District_ID":"Dahariz al Shamaliyya","Wlyt_ID":"Salalah","Gov_ID":"Dhofar Governorate","Road_ID":"100418","Mun_ID":" ","Latitude":17.035842209999998,"Longitude":54.168649639999998,"GlobalID":"{A1176F1C-B642-4C62-B551-E71859A8D71E}","NEAR_FID":4965,"NEAR_DIST":6.6830784471605265}},{"type":"Feature","id":391,"geometry":{"type":"Point","coordinates":[198601.83669999987,1885702.1026000008]},"properties":{"OBJECTID":391,"Asset_ID":"GLY391","Name":"Gully","District_ID":"Dahariz al Shamaliyya","Wlyt_ID":"Salalah","Gov_ID":"Dhofar Governorate","Road_ID":"100418","Mun_ID":" ","Latitude":17.035834749999999,"Longitude":54.168883530000002,"GlobalID":"{E4C3AA3E-59C6-409E-B9C9-49F2B93CF774}","NEAR_FID":4965,"NEAR_DIST":6.6421194646276573}},{"type":"Feature","id":392,"geometry":{"type":"Point","coordinates":[198551.37260000035,1885688.5269000009]},"properties":{"OBJECTID":392,"Asset_ID":"GLY392","Name":"Gully","District_ID":"Dahariz al Shamaliyya","Wlyt_ID":"Salalah","Gov_ID":"Dhofar Governorate","Road_ID":"100124","Mun_ID":" ","Latitude":17.035705589999999,"Longitude":54.168411769999999,"GlobalID":"{C3F6C1CF-5E5F-48C6-81D0-5CCB80FF74CD}","NEAR_FID":10602,"NEAR_DIST":3.9201229479513096}},{"type":"Feature","id":393,"geometry":{"type":"Point","coordinates":[198576.86149999965,1885687.3287000004]},"properties":{"OBJECTID":393,"Asset_ID":"GLY393","Name":"Gully","District_ID":"Dahariz al Shamaliyya","Wlyt_ID":"Salalah","Gov_ID":"Dhofar Governorate","Road_ID":"100124","Mun_ID":" ","Latitude":17.035698100000001,"Longitude":54.168651150000002,"GlobalID":"{42B8188C-6DFA-4093-A57B-6AF53088F508}","NEAR_FID":10602,"NEAR_DIST":3.8435058506141577}},{"type":"Feature","id":394,"geometry":{"type":"Point","coordinates":[198589.60599999968,1885677.3073999994]},"properties":{"OBJECTID":394,"Asset_ID":"GLY394","Name":"Gully","District_ID":"Dahariz al Shamaliyya","Wlyt_ID":"Salalah","Gov_ID":"Dhofar Governorate","Road_ID":"100124","Mun_ID":" ","Latitude":17.03560929,"Longitude":54.168772109999999,"GlobalID":"{A2032B78-EA79-4A2F-B740-8D5F052B7E83}","NEAR_FID":10602,"NEAR_DIST":5.6046702870412766}},{"type":"Feature","id":395,"geometry":{"type":"Point","coordinates":[198549.08509999979,1885678.3966000006]},"properties":{"OBJECTID":395,"Asset_ID":"GLY395","Name":"Gully","District_ID":"Dahariz al Shamaliyya","Wlyt_ID":"Salalah","Gov_ID":"Dhofar Governorate","Road_ID":"100124","Mun_ID":" ","Latitude":17.035613829999999,"Longitude":54.168391679999999,"GlobalID":"{1A516DAF-4C49-4661-9CD9-7E75EE740602}","NEAR_FID":10602,"NEAR_DIST":6.3009376459306665}},{"type":"Feature","id":396,"geometry":{"type":"Point","coordinates":[198479.4804999996,1885759.2206999995]},"properties":{"OBJECTID":396,"Asset_ID":"GLY396","Name":"Gully","District_ID":"al Sada al Janubiyya","Wlyt_ID":"Salalah","Gov_ID":"Dhofar Governorate","Road_ID":"100353","Mun_ID":" ","Latitude":17.03633443,"Longitude":54.167727450000001,"GlobalID":"{8AC124A3-098D-443A-A73D-431AF43410E0}","NEAR_FID":4836,"NEAR_DIST":3.0974756944422497}},{"type":"Feature","id":397,"geometry":{"type":"Point","coordinates":[198504.75169999991,1885757.9135999996]},"properties":{"OBJECTID":397,"Asset_ID":"GLY397","Name":"Gully","District_ID":"al Sada al Janubiyya","Wlyt_ID":"Salalah","Gov_ID":"Dhofar Governorate","Road_ID":"100353","Mun_ID":" ","Latitude":17.036325940000001,"Longitude":54.1679648,"GlobalID":"{1DEA3164-5CF5-496A-90F3-1B2C79C5B841}","NEAR_FID":4836,"NEAR_DIST":3.2437293953282151}},{"type":"Feature","id":398,"geometry":{"type":"Point","coordinates":[198530.02280000038,1885756.6063999999]},"properties":{"OBJECTID":398,"Asset_ID":"GLY398","Name":"Gully","District_ID":"al Sada al Janubiyya","Wlyt_ID":"Salalah","Gov_ID":"Dhofar Governorate","Road_ID":"100353","Mun_ID":" ","Latitude":17.036317440000001,"Longitude":54.168202149999999,"GlobalID":"{080DBE4F-957C-4B74-88D1-5BA484B51089}","NEAR_FID":4836,"NEAR_DIST":3.3900875786325773}},{"type":"Feature","id":399,"geometry":{"type":"Point","coordinates":[198554.12669999991,1885755.6560999993]},"properties":{"OBJECTID":399,"Asset_ID":"GLY399","Name":"Gully","District_ID":"al Sada al Janubiyya","Wlyt_ID":"Salalah","Gov_ID":"Dhofar Governorate","Road_ID":"100353","Mun_ID":" ","Latitude":17.03631202,"Longitude":54.168428489999997,"GlobalID":"{F806859D-2FC7-4011-BC59-7D11051EBFED}","NEAR_FID":4836,"NEAR_DIST":3.2471532386295006}},{"type":"Feature","id":400,"geometry":{"type":"Point","coordinates":[198579.43539999984,1885754.4838999994]},"properties":{"OBJECTID":400,"Asset_ID":"GLY400","Name":"Gully","District_ID":"al Sada al Janubiyya","Wlyt_ID":"Salalah","Gov_ID":"Dhofar Governorate","Road_ID":"100353","Mun_ID":" ","Latitude":17.036304739999999,"Longitude":54.168666170000002,"GlobalID":"{F07FE6AB-46F6-46AD-ABD1-B44CE9920F25}","NEAR_FID":4836,"NEAR_DIST":3.3572278529760369}},{"type":"Feature","id":401,"geometry":{"type":"Point","coordinates":[198525.66569999978,1885689.7250999995]},"properties":{"OBJECTID":401,"Asset_ID":"GLY401","Name":"Gully","District_ID":"Dahariz al Shamaliyya","Wlyt_ID":"Salalah","Gov_ID":"Dhofar Governorate","Road_ID":"100124","Mun_ID":" ","Latitude":17.035713040000001,"Longitude":54.168170349999997,"GlobalID":"{31DE061B-D09F-4276-8810-B5605F179482}","NEAR_FID":10602,"NEAR_DIST":3.9871573389304529}},{"type":"Feature","id":402,"geometry":{"type":"Point","coordinates":[198502.01240000036,1885706.6884000003]},"properties":{"OBJECTID":402,"Asset_ID":"GLY402","Name":"Gully","District_ID":"Dahariz al Shamaliyya","Wlyt_ID":"Salalah","Gov_ID":"Dhofar Governorate","Road_ID":"100418","Mun_ID":" ","Latitude":17.0358631,"Longitude":54.167946059999998,"GlobalID":"{D7994537-2F7A-48BF-B5F9-91F870BCC027}","NEAR_FID":19114,"NEAR_DIST":4.3823235304567367}},{"type":"Feature","id":403,"geometry":{"type":"Point","coordinates":[198526.55530000012,1885705.5618999992]},"properties":{"OBJECTID":403,"Asset_ID":"GLY403","Name":"Gully","District_ID":"Dahariz al Shamaliyya","Wlyt_ID":"Salalah","Gov_ID":"Dhofar Governorate","Road_ID":"100418","Mun_ID":" ","Latitude":17.03585614,"Longitude":54.168176549999998,"GlobalID":"{F3AC5969-F38C-4C91-8294-3D5ED61E59BB}","NEAR_FID":4965,"NEAR_DIST":6.8924728483590538}},{"type":"Feature","id":404,"geometry":{"type":"Point","coordinates":[198488.35809999984,1885691.3589999992]},"properties":{"OBJECTID":404,"Asset_ID":"GLY404","Name":"Gully","District_ID":"Dahariz al Shamaliyya","Wlyt_ID":"Salalah","Gov_ID":"Dhofar Governorate","Road_ID":"100124","Mun_ID":" ","Latitude":17.03572291,"Longitude":54.167819999999999,"GlobalID":"{EBF90CF5-A043-436E-9F62-7753DFB13858}","NEAR_FID":10602,"NEAR_DIST":3.8219218710752174}},{"type":"Feature","id":405,"geometry":{"type":"Point","coordinates":[198501.21150000021,1885690.8687999994]},"properties":{"OBJECTID":405,"Asset_ID":"GLY405","Name":"Gully","District_ID":"Dahariz al Shamaliyya","Wlyt_ID":"Salalah","Gov_ID":"Dhofar Governorate","Road_ID":"100124","Mun_ID":" ","Latitude":17.035720170000001,"Longitude":54.167940690000002,"GlobalID":"{E8BFA79B-3E41-4CE8-AE49-33C82FD3AD97}","NEAR_FID":10602,"NEAR_DIST":3.9915692438374739}},{"type":"Feature","id":406,"geometry":{"type":"Point","coordinates":[198477.26850000024,1885707.7999000009]},"properties":{"OBJECTID":406,"Asset_ID":"GLY406","Name":"Gully","District_ID":"Dahariz al Shamaliyya","Wlyt_ID":"Salalah","Gov_ID":"Dhofar Governorate","Road_ID":"100418","Mun_ID":" ","Latitude":17.035869890000001,"Longitude":54.167713689999999,"GlobalID":"{75ECEC4F-37AE-4347-A2DC-D7B70D17BC1E}","NEAR_FID":6121,"NEAR_DIST":7.1600406525835458}},{"type":"Feature","id":407,"geometry":{"type":"Point","coordinates":[198528.44340000022,1885737.7075999994]},"properties":{"OBJECTID":407,"Asset_ID":"GLY407","Name":"Gully","District_ID":"al Sada al Janubiyya","Wlyt_ID":"Salalah","Gov_ID":"Dhofar Governorate","Road_ID":"100418","Mun_ID":" ","Latitude":17.036146609999999,"Longitude":54.168189890000001,"GlobalID":"{9FD16605-7149-4745-B1F3-62A9924095EF}","NEAR_FID":4361,"NEAR_DIST":8.5330740145897277}},{"type":"Feature","id":408,"geometry":{"type":"Point","coordinates":[198503.49899999984,1885739.0146999992]},"properties":{"OBJECTID":408,"Asset_ID":"GLY408","Name":"Gully","District_ID":"al Sada al Janubiyya","Wlyt_ID":"Salalah","Gov_ID":"Dhofar Governorate","Road_ID":"100418","Mun_ID":" ","Latitude":17.036155149999999,"Longitude":54.16795561,"GlobalID":"{E8380A14-BAE0-4BE5-A6EE-1A7D67198CA5}","NEAR_FID":4361,"NEAR_DIST":8.7307609585667816}},{"type":"Feature","id":409,"geometry":{"type":"Point","coordinates":[198478.77249999996,1885740.2128999997]},"properties":{"OBJECTID":409,"Asset_ID":"GLY409","Name":"Gully","District_ID":"al Sada al Janubiyya","Wlyt_ID":"Salalah","Gov_ID":"Dhofar Governorate","Road_ID":"100418","Mun_ID":" ","Latitude":17.036162730000001,"Longitude":54.167723389999999,"GlobalID":"{8BC32EDA-D1A8-4106-810D-97BBDDFFD87B}","NEAR_FID":4361,"NEAR_DIST":8.8325759696879}},{"type":"Feature","id":410,"geometry":{"type":"Point","coordinates":[198453.72989999969,1885741.2448999994]},"properties":{"OBJECTID":410,"Asset_ID":"GLY410","Name":"Gully","District_ID":"al Sada al Janubiyya","Wlyt_ID":"Salalah","Gov_ID":"Dhofar Governorate","Road_ID":"100418","Mun_ID":" ","Latitude":17.03616877,"Longitude":54.167488229999996,"GlobalID":"{32D599B0-2EFE-4521-96D3-89B216E2B386}","NEAR_FID":4361,"NEAR_DIST":8.7093661267582334}},{"type":"Feature","id":411,"geometry":{"type":"Point","coordinates":[198454.37280000001,1885760.2555]},"properties":{"OBJECTID":411,"Asset_ID":"GLY411","Name":"Gully","District_ID":"al Sada al Janubiyya","Wlyt_ID":"Salalah","Gov_ID":"Dhofar Governorate","Road_ID":"100353","Mun_ID":" ","Latitude":17.036340490000001,"Longitude":54.167491679999998,"GlobalID":"{A6BC605B-A813-4A77-A3BC-61E7756AF4A3}","NEAR_FID":4836,"NEAR_DIST":3.2157336807887682}},{"type":"Feature","id":412,"geometry":{"type":"Point","coordinates":[198429.86409999989,1885761.2358999997]},"properties":{"OBJECTID":412,"Asset_ID":"GLY412","Name":"Gully","District_ID":"al Sada al Janubiyya","Wlyt_ID":"Salalah","Gov_ID":"Dhofar Governorate","Road_ID":"100353","Mun_ID":" ","Latitude":17.036346129999998,"Longitude":54.167261529999998,"GlobalID":"{6A842552-07FE-4C5F-8FDC-D8F2B436C170}","NEAR_FID":4836,"NEAR_DIST":3.3608516163189028}},{"type":"Feature","id":413,"geometry":{"type":"Point","coordinates":[198428.66590000037,1885742.5003999993]},"properties":{"OBJECTID":413,"Asset_ID":"GLY413","Name":"Gully","District_ID":"al Sada al Janubiyya","Wlyt_ID":"Salalah","Gov_ID":"Dhofar Governorate","Road_ID":"100418","Mun_ID":" ","Latitude":17.036176820000001,"Longitude":54.167252840000003,"GlobalID":"{64C7DE59-C4AF-468E-9531-188D5716BA0B}","NEAR_FID":4361,"NEAR_DIST":8.7731514364780203}},{"type":"Feature","id":414,"geometry":{"type":"Point","coordinates":[198405.02869999968,1885762.4341000002]},"properties":{"OBJECTID":414,"Asset_ID":"GLY414","Name":"Gully","District_ID":"al Sada al Janubiyya","Wlyt_ID":"Salalah","Gov_ID":"Dhofar Governorate","Road_ID":"100353","Mun_ID":" ","Latitude":17.036353699999999,"Longitude":54.167028289999998,"GlobalID":"{0D4C797A-9985-4369-8DE8-7C55AAED8F80}","NEAR_FID":4836,"NEAR_DIST":3.1974455849688503}},{"type":"Feature","id":415,"geometry":{"type":"Point","coordinates":[198403.72159999982,1885743.5896000005]},"properties":{"OBJECTID":415,"Asset_ID":"GLY415","Name":"Gully","District_ID":"al Sada al Janubiyya","Wlyt_ID":"Salalah","Gov_ID":"Dhofar Governorate","Road_ID":"100418","Mun_ID":" ","Latitude":17.036183390000001,"Longitude":54.167018589999998,"GlobalID":"{162F754C-DC88-4103-B73B-FE5C957845A8}","NEAR_FID":4361,"NEAR_DIST":8.6765089784176528}},{"type":"Feature","id":416,"geometry":{"type":"Point","coordinates":[198379.86649999954,1885763.6323000006]},"properties":{"OBJECTID":416,"Asset_ID":"GLY416","Name":"Gully","District_ID":"al Sada al Janubiyya","Wlyt_ID":"Salalah","Gov_ID":"Dhofar Governorate","Road_ID":"100353","Mun_ID":" ","Latitude":17.03636122,"Longitude":54.166791979999999,"GlobalID":"{A890C798-4323-44F7-85DC-7A7921829EEB}","NEAR_FID":4836,"NEAR_DIST":3.0139967603054343}},{"type":"Feature","id":417,"geometry":{"type":"Point","coordinates":[198378.66830000002,1885744.8968000002]},"properties":{"OBJECTID":417,"Asset_ID":"GLY417","Name":"Gully","District_ID":"al Sada al Janubiyya","Wlyt_ID":"Salalah","Gov_ID":"Dhofar Governorate","Road_ID":"100418","Mun_ID":" ","Latitude":17.036191909999999,"Longitude":54.166783289999998,"GlobalID":"{E5A1D54E-C926-402A-9C37-6052AC383A4A}","NEAR_FID":4361,"NEAR_DIST":8.7924441011317356}},{"type":"Feature","id":418,"geometry":{"type":"Point","coordinates":[198357.75420000032,1885764.5036999993]},"properties":{"OBJECTID":418,"Asset_ID":"GLY418","Name":"Gully","District_ID":"al Sada al Janubiyya","Wlyt_ID":"Salalah","Gov_ID":"Dhofar Governorate","Road_ID":"100353","Mun_ID":" ","Latitude":17.0363662,"Longitude":54.16658434,"GlobalID":"{653495B9-F8D9-4308-A6E5-2609D4722454}","NEAR_FID":4836,"NEAR_DIST":3.0342029362638061}},{"type":"Feature","id":419,"geometry":{"type":"Point","coordinates":[198356.88279999979,1885745.7682000007]},"properties":{"OBJECTID":419,"Asset_ID":"GLY419","Name":"Gully","District_ID":"al Sada al Janubiyya","Wlyt_ID":"Salalah","Gov_ID":"Dhofar Governorate","Road_ID":"100418","Mun_ID":" ","Latitude":17.036196929999999,"Longitude":54.166578710000003,"GlobalID":"{3853131B-E95F-4836-BA4B-D0E0CE4D703D}","NEAR_FID":4361,"NEAR_DIST":8.3707957877651324}},{"type":"Feature","id":420,"geometry":{"type":"Point","coordinates":[198451.0504999999,1885693.1563000008]},"properties":{"OBJECTID":420,"Asset_ID":"GLY420","Name":"Gully","District_ID":"Dahariz al Shamaliyya","Wlyt_ID":"Salalah","Gov_ID":"Dhofar Governorate","Road_ID":"100124","Mun_ID":" ","Latitude":17.035734250000001,"Longitude":54.167469629999999,"GlobalID":"{AB7ECEC5-323B-4900-AE23-01F8C1250F8D}","NEAR_FID":9072,"NEAR_DIST":3.7035679864225814}},{"type":"Feature","id":421,"geometry":{"type":"Point","coordinates":[198452.1398,1885709.0596999992]},"properties":{"OBJECTID":421,"Asset_ID":"GLY421","Name":"Gully","District_ID":"Dahariz al Shamaliyya","Wlyt_ID":"Salalah","Gov_ID":"Dhofar Governorate","Road_ID":"100418","Mun_ID":" ","Latitude":17.035877979999999,"Longitude":54.167477689999998,"GlobalID":"{152F8C1F-0933-4B02-BAE2-C50A772B0924}","NEAR_FID":6121,"NEAR_DIST":7.1967587600576213}},{"type":"Feature","id":422,"geometry":{"type":"Point","coordinates":[198426.92310000025,1885710.3123000003]},"properties":{"OBJECTID":422,"Asset_ID":"GLY422","Name":"Gully","District_ID":"Dahariz al Shamaliyya","Wlyt_ID":"Salalah","Gov_ID":"Dhofar Governorate","Road_ID":"100418","Mun_ID":" ","Latitude":17.035885990000001,"Longitude":54.16724086,"GlobalID":"{11749B4D-C0E8-49A4-AD7F-A4BD432CEBE3}","NEAR_FID":6121,"NEAR_DIST":7.245201808662217}},{"type":"Feature","id":423,"geometry":{"type":"Point","coordinates":[198425.83380000014,1885694.4634000007]},"properties":{"OBJECTID":423,"Asset_ID":"GLY423","Name":"Gully","District_ID":"Dahariz al Shamaliyya","Wlyt_ID":"Salalah","Gov_ID":"Dhofar Governorate","Road_ID":"100124","Mun_ID":" ","Latitude":17.035742760000002,"Longitude":54.16723279,"GlobalID":"{8432ED30-55E7-4BAC-8CC0-153282D37D8C}","NEAR_FID":9072,"NEAR_DIST":3.7309731642022741}},{"type":"Feature","id":424,"geometry":{"type":"Point","coordinates":[198402.36000000034,1885711.4015999995]},"properties":{"OBJECTID":424,"Asset_ID":"GLY424","Name":"Gully","District_ID":"Dahariz al Shamaliyya","Wlyt_ID":"Salalah","Gov_ID":"Dhofar Governorate","Road_ID":"100418","Mun_ID":" ","Latitude":17.035892610000001,"Longitude":54.167010189999999,"GlobalID":"{6438AD84-5F81-49AC-B18A-B9516700C635}","NEAR_FID":6121,"NEAR_DIST":7.4196336561026772}},{"type":"Feature","id":425,"geometry":{"type":"Point","coordinates":[198401.21619999968,1885695.6615999993]},"properties":{"OBJECTID":425,"Asset_ID":"GLY425","Name":"Gully","District_ID":"Dahariz al Shamaliyya","Wlyt_ID":"Salalah","Gov_ID":"Dhofar Governorate","Road_ID":"100124","Mun_ID":" ","Latitude":17.035750350000001,"Longitude":54.167001589999998,"GlobalID":"{12005C61-69D7-412F-89A3-1A2024FF7039}","NEAR_FID":9072,"NEAR_DIST":3.7312176888316553}},{"type":"Feature","id":426,"geometry":{"type":"Point","coordinates":[198376.97989999969,1885712.4909000006]},"properties":{"OBJECTID":426,"Asset_ID":"GLY426","Name":"Gully","District_ID":"Dahariz al Shamaliyya","Wlyt_ID":"Salalah","Gov_ID":"Dhofar Governorate","Road_ID":"100418","Mun_ID":" ","Latitude":17.03589912,"Longitude":54.166771850000003,"GlobalID":"{EC4C48CF-B7AB-48AD-9927-B2846AED6C9B}","NEAR_FID":6121,"NEAR_DIST":7.4479597866813325}},{"type":"Feature","id":427,"geometry":{"type":"Point","coordinates":[198377.52460000012,1885696.5875000004]},"properties":{"OBJECTID":427,"Asset_ID":"GLY427","Name":"Gully","District_ID":"Dahariz al Shamaliyya","Wlyt_ID":"Salalah","Gov_ID":"Dhofar Governorate","Road_ID":"100124","Mun_ID":" ","Latitude":17.035755609999999,"Longitude":54.166779130000002,"GlobalID":"{7FE7DC31-AF40-4011-93BF-8C0151DDDC93}","NEAR_FID":9072,"NEAR_DIST":3.5044923154517313}},{"type":"Feature","id":428,"geometry":{"type":"Point","coordinates":[198351.81769999955,1885697.7312000003]},"properties":{"OBJECTID":428,"Asset_ID":"GLY428","Name":"Gully","District_ID":"Dahariz al Shamaliyya","Wlyt_ID":"Salalah","Gov_ID":"Dhofar Governorate","Road_ID":"100124","Mun_ID":" ","Latitude":17.035762569999999,"Longitude":54.16653771,"GlobalID":"{400AB660-C719-4DE1-834A-5D32D7B6DCF1}","NEAR_FID":8930,"NEAR_DIST":3.5364950292662045}},{"type":"Feature","id":429,"geometry":{"type":"Point","coordinates":[198352.30790000036,1885713.5801999997]},"properties":{"OBJECTID":429,"Asset_ID":"GLY429","Name":"Gully","District_ID":"Dahariz al Shamaliyya","Wlyt_ID":"Salalah","Gov_ID":"Dhofar Governorate","Road_ID":"100418","Mun_ID":" ","Latitude":17.03590573,"Longitude":54.166540159999997,"GlobalID":"{1D3252BE-9733-498C-867D-573DE47B1C5E}","NEAR_FID":6121,"NEAR_DIST":7.4451337859667399}},{"type":"Feature","id":430,"geometry":{"type":"Point","coordinates":[198327.52689999994,1885714.8328000009]},"properties":{"OBJECTID":430,"Asset_ID":"GLY430","Name":"Gully","District_ID":"Dahariz al Shamaliyya","Wlyt_ID":"Salalah","Gov_ID":"Dhofar Governorate","Road_ID":"100418","Mun_ID":" ","Latitude":17.035913789999999,"Longitude":54.166307420000003,"GlobalID":"{2F9C3CB6-4CD5-42AF-97EA-FBB208C6F708}","NEAR_FID":6121,"NEAR_DIST":7.2839612340749884}},{"type":"Feature","id":431,"geometry":{"type":"Point","coordinates":[198325.78409999982,1885698.9294000007]},"properties":{"OBJECTID":431,"Asset_ID":"GLY431","Name":"Gully","District_ID":"Dahariz al Shamaliyya","Wlyt_ID":"Salalah","Gov_ID":"Dhofar Governorate","Road_ID":"100124","Mun_ID":" ","Latitude":17.035769980000001,"Longitude":54.166293230000001,"GlobalID":"{AF2C0EBE-7F8E-4D94-91EF-94742F2DC80B}","NEAR_FID":8930,"NEAR_DIST":3.6634685365009396}},{"type":"Feature","id":432,"geometry":{"type":"Point","coordinates":[198302.47360000014,1885715.9766000006]},"properties":{"OBJECTID":432,"Asset_ID":"GLY432","Name":"Gully","District_ID":"Dahariz al Shamaliyya","Wlyt_ID":"Salalah","Gov_ID":"Dhofar Governorate","Road_ID":"100418","Mun_ID":" ","Latitude":17.035920839999999,"Longitude":54.166072139999997,"GlobalID":"{761A095A-67D4-47CC-98CE-207A707C7959}","NEAR_FID":6121,"NEAR_DIST":7.2434629020999264}},{"type":"Feature","id":433,"geometry":{"type":"Point","coordinates":[198301.82010000013,1885700.1820999999]},"properties":{"OBJECTID":433,"Asset_ID":"GLY433","Name":"Gully","District_ID":"Dahariz al Shamaliyya","Wlyt_ID":"Salalah","Gov_ID":"Dhofar Governorate","Road_ID":"100124","Mun_ID":" ","Latitude":17.035778149999999,"Longitude":54.166068160000002,"GlobalID":"{E37553B8-B962-4A12-8C2D-D9C7D5A05387}","NEAR_FID":8930,"NEAR_DIST":3.8710605505470199}},{"type":"Feature","id":434,"geometry":{"type":"Point","coordinates":[198278.0195000004,1885717.0658]},"properties":{"OBJECTID":434,"Asset_ID":"GLY434","Name":"Gully","District_ID":"Dahariz al Shamaliyya","Wlyt_ID":"Salalah","Gov_ID":"Dhofar Governorate","Road_ID":"100418","Mun_ID":" ","Latitude":17.035927470000001,"Longitude":54.165842490000003,"GlobalID":"{7CA4C0C8-D62D-477F-A92A-A2EC3333E628}","NEAR_FID":6121,"NEAR_DIST":7.2311505175781541}},{"type":"Feature","id":435,"geometry":{"type":"Point","coordinates":[198277.91050000023,1885701.0535000004]},"properties":{"OBJECTID":435,"Asset_ID":"GLY435","Name":"Gully","District_ID":"Dahariz al Shamaliyya","Wlyt_ID":"Salalah","Gov_ID":"Dhofar Governorate","Road_ID":"100418","Mun_ID":" ","Latitude":17.03578289,"Longitude":54.165843649999999,"GlobalID":"{395C57BE-03C0-4430-A51A-4D38EBE9C673}","NEAR_FID":10387,"NEAR_DIST":0.082787549141064495}},{"type":"Feature","id":436,"geometry":{"type":"Point","coordinates":[198229.92800000031,1885770.1678999998]},"properties":{"OBJECTID":436,"Asset_ID":"GLY436","Name":"Gully","District_ID":"al Sada al Janubiyya","Wlyt_ID":"Salalah","Gov_ID":"Dhofar Governorate","Road_ID":"100353","Mun_ID":" ","Latitude":17.0364006,"Longitude":54.165383929999997,"GlobalID":"{426918DC-2B71-4A8E-A312-0BF6F2706915}","NEAR_FID":7243,"NEAR_DIST":2.9079315039199254}},{"type":"Feature","id":437,"geometry":{"type":"Point","coordinates":[198255.41700000037,1885769.2964999992]},"properties":{"OBJECTID":437,"Asset_ID":"GLY437","Name":"Gully","District_ID":"al Sada al Janubiyya","Wlyt_ID":"Salalah","Gov_ID":"Dhofar Governorate","Road_ID":"100353","Mun_ID":" ","Latitude":17.036396069999999,"Longitude":54.165623259999997,"GlobalID":"{673D2996-6EDC-4681-8696-94F1417EED0F}","NEAR_FID":7243,"NEAR_DIST":2.6495339482160079}},{"type":"Feature","id":438,"geometry":{"type":"Point","coordinates":[198280.25250000041,1885767.9893999994]},"properties":{"OBJECTID":438,"Asset_ID":"GLY438","Name":"Gully","District_ID":"al Sada al Janubiyya","Wlyt_ID":"Salalah","Gov_ID":"Dhofar Governorate","Road_ID":"100353","Mun_ID":" ","Latitude":17.036387520000002,"Longitude":54.165856519999998,"GlobalID":"{842BEA5D-66C2-40B2-9ADC-998F38E7807B}","NEAR_FID":7243,"NEAR_DIST":2.8553532227756238}},{"type":"Feature","id":439,"geometry":{"type":"Point","coordinates":[198305.22609999962,1885766.8995999992]},"properties":{"OBJECTID":439,"Asset_ID":"GLY439","Name":"Gully","District_ID":"al Sada al Janubiyya","Wlyt_ID":"Salalah","Gov_ID":"Dhofar Governorate","Road_ID":"100353","Mun_ID":" ","Latitude":17.036380950000002,"Longitude":54.166091039999998,"GlobalID":"{B40D8A88-06E0-4FB3-8019-DE878D5C37A1}","NEAR_FID":7243,"NEAR_DIST":2.8379691068771784}},{"type":"Feature","id":440,"geometry":{"type":"Point","coordinates":[198329.70550000016,1885765.8107999992]},"properties":{"OBJECTID":440,"Asset_ID":"GLY440","Name":"Gully","District_ID":"al Sada al Janubiyya","Wlyt_ID":"Salalah","Gov_ID":"Dhofar Governorate","Road_ID":"100353","Mun_ID":" ","Latitude":17.03637432,"Longitude":54.166320929999998,"GlobalID":"{EC2D3C5E-ACE6-4C7B-A1BE-AE5029D476F0}","NEAR_FID":7243,"NEAR_DIST":2.8581996398260938}},{"type":"Feature","id":441,"geometry":{"type":"Point","coordinates":[198328.87609999999,1885746.9970999993]},"properties":{"OBJECTID":441,"Asset_ID":"GLY441","Name":"Gully","District_ID":"al Sada al Janubiyya","Wlyt_ID":"Salalah","Gov_ID":"Dhofar Governorate","Road_ID":"100418","Mun_ID":" ","Latitude":17.036204359999999,"Longitude":54.166315699999998,"GlobalID":"{A5EA82A7-E3E0-47B1-8596-615D6176B636}","NEAR_FID":4361,"NEAR_DIST":7.9094171887863105}},{"type":"Feature","id":442,"geometry":{"type":"Point","coordinates":[198303.78079999983,1885746.4217000008]},"properties":{"OBJECTID":442,"Asset_ID":"GLY442","Name":"Gully","District_ID":"al Sada al Janubiyya","Wlyt_ID":"Salalah","Gov_ID":"Dhofar Governorate","Road_ID":"100418","Mun_ID":" ","Latitude":17.036195880000001,"Longitude":54.166080260000001,"GlobalID":"{BC9EC7F3-C7DD-4448-8EC9-F9C4C86F70EB}","NEAR_FID":4361,"NEAR_DIST":6.5363937150980389}},{"type":"Feature","id":443,"geometry":{"type":"Point","coordinates":[198278.86539999954,1885747.4349000007]},"properties":{"OBJECTID":443,"Asset_ID":"GLY443","Name":"Gully","District_ID":"al Sada al Janubiyya","Wlyt_ID":"Salalah","Gov_ID":"Dhofar Governorate","Road_ID":"100418","Mun_ID":" ","Latitude":17.036201760000001,"Longitude":54.165846299999998,"GlobalID":"{A8C0B5A0-5303-4844-9B37-703964FE4849}","NEAR_FID":4361,"NEAR_DIST":6.4835519024567114}},{"type":"Feature","id":444,"geometry":{"type":"Point","coordinates":[198253.81960000005,1885748.6793000009]},"properties":{"OBJECTID":444,"Asset_ID":"GLY444","Name":"Gully","District_ID":"al Sada al Janubiyya","Wlyt_ID":"Salalah","Gov_ID":"Dhofar Governorate","Road_ID":"100418","Mun_ID":" ","Latitude":17.036209719999999,"Longitude":54.165611069999997,"GlobalID":"{9122EFBF-700B-4EE7-BE0D-33138A0D8540}","NEAR_FID":4361,"NEAR_DIST":6.4966371079007468}},{"type":"Feature","id":445,"geometry":{"type":"Point","coordinates":[198228.94330000039,1885751.2788999993]},"properties":{"OBJECTID":445,"Asset_ID":"GLY445","Name":"Gully","District_ID":"al Sada al Janubiyya","Wlyt_ID":"Salalah","Gov_ID":"Dhofar Governorate","Road_ID":"100418","Mun_ID":" ","Latitude":17.036229930000001,"Longitude":54.16537726,"GlobalID":"{63350043-28D7-4EA0-A465-599EA6D3553D}","NEAR_FID":4361,"NEAR_DIST":7.8836633089797967}},{"type":"Feature","id":446,"geometry":{"type":"Point","coordinates":[198252.36710000038,1885718.1006000005]},"properties":{"OBJECTID":446,"Asset_ID":"GLY446","Name":"Gully","District_ID":"Dahariz al Shamaliyya","Wlyt_ID":"Salalah","Gov_ID":"Dhofar Governorate","Road_ID":"100418","Mun_ID":" ","Latitude":17.035933450000002,"Longitude":54.165601610000003,"GlobalID":"{FB8BCFED-250B-4F3D-8888-0AF94F241FFA}","NEAR_FID":10387,"NEAR_DIST":5.3358770912484337}},{"type":"Feature","id":447,"geometry":{"type":"Point","coordinates":[198260.2098000003,1885702.1973000001]},"properties":{"OBJECTID":447,"Asset_ID":"GLY447","Name":"Gully","District_ID":"Dahariz al Shamaliyya","Wlyt_ID":"Salalah","Gov_ID":"Dhofar Governorate","Road_ID":"100124","Mun_ID":" ","Latitude":17.035790899999999,"Longitude":54.165677369999997,"GlobalID":"{2CF4DA78-43D3-48B2-8548-D0C452299C5F}","NEAR_FID":8930,"NEAR_DIST":3.9200136952183113}},{"type":"Feature","id":448,"geometry":{"type":"Point","coordinates":[198232.32440000027,1885703.5044]},"properties":{"OBJECTID":448,"Asset_ID":"GLY448","Name":"Gully","District_ID":"Dahariz al Shamaliyya","Wlyt_ID":"Salalah","Gov_ID":"Dhofar Governorate","Road_ID":"100124","Mun_ID":" ","Latitude":17.035799050000001,"Longitude":54.165415490000001,"GlobalID":"{C1E33113-4FA5-4FB9-8822-5D39BB42428B}","NEAR_FID":4239,"NEAR_DIST":3.9094823528201084}},{"type":"Feature","id":449,"geometry":{"type":"Point","coordinates":[198205.09260000009,1885771.6929000001]},"properties":{"OBJECTID":449,"Asset_ID":"GLY449","Name":"Gully","District_ID":"al Sada al Janubiyya","Wlyt_ID":"Salalah","Gov_ID":"Dhofar Governorate","Road_ID":"100353","Mun_ID":" ","Latitude":17.03641111,"Longitude":54.16515064,"GlobalID":"{F934E573-BDE8-479E-92A1-89B58C6A68DA}","NEAR_FID":7243,"NEAR_DIST":2.4915643420714662}},{"type":"Feature","id":450,"geometry":{"type":"Point","coordinates":[198180.25719999988,1885772.7821999993]},"properties":{"OBJECTID":450,"Asset_ID":"GLY450","Name":"Gully","District_ID":"al Sada al Janubiyya","Wlyt_ID":"Salalah","Gov_ID":"Dhofar Governorate","Road_ID":"100353","Mun_ID":" ","Latitude":17.03641769,"Longitude":54.164917410000001,"GlobalID":"{E65E063F-6AF0-4FA1-9BD4-FF4332BCCBCB}","NEAR_FID":7243,"NEAR_DIST":2.5169390828785447}},{"type":"Feature","id":451,"geometry":{"type":"Point","coordinates":[198179.12110000011,1885754.8673999999]},"properties":{"OBJECTID":451,"Asset_ID":"GLY451","Name":"Gully","District_ID":"al Sada al Janubiyya","Wlyt_ID":"Salalah","Gov_ID":"Dhofar Governorate","Road_ID":"100418","Mun_ID":" ","Latitude":17.036255799999999,"Longitude":54.164909190000003,"GlobalID":"{3994CB7D-1B9B-4D76-834C-2B711DCB9228}","NEAR_FID":12729,"NEAR_DIST":5.559869032738419}},{"type":"Feature","id":452,"geometry":{"type":"Point","coordinates":[198204.05350000039,1885753.7759000007]},"properties":{"OBJECTID":452,"Asset_ID":"GLY452","Name":"Gully","District_ID":"al Sada al Janubiyya","Wlyt_ID":"Salalah","Gov_ID":"Dhofar Governorate","Road_ID":"100418","Mun_ID":" ","Latitude":17.036249210000001,"Longitude":54.165143329999999,"GlobalID":"{9DEA69D1-07E9-47F7-8DDE-2CF36D080181}","NEAR_FID":4361,"NEAR_DIST":9.3202814432158743}},{"type":"Feature","id":453,"geometry":{"type":"Point","coordinates":[198147.47009999957,1885773.5990999993]},"properties":{"OBJECTID":453,"Asset_ID":"GLY453","Name":"Gully","District_ID":"al Sada al Janubiyya","Wlyt_ID":"Salalah","Gov_ID":"Dhofar Governorate","Road_ID":"100353","Mun_ID":" ","Latitude":17.036420769999999,"Longitude":54.164609599999999,"GlobalID":"{BDCC453C-EB21-4827-9AF2-FC9E760530A7}","NEAR_FID":15201,"NEAR_DIST":3.1709682946241742}},{"type":"Feature","id":454,"geometry":{"type":"Point","coordinates":[198130.25949999969,1885774.9061999992]},"properties":{"OBJECTID":454,"Asset_ID":"GLY454","Name":"Gully","District_ID":"al Sada al Janubiyya","Wlyt_ID":"Salalah","Gov_ID":"Dhofar Governorate","Road_ID":"100353","Mun_ID":" ","Latitude":17.036430320000001,"Longitude":54.164447899999999,"GlobalID":"{9B6E3E89-048A-4C31-AD5F-A9FF914816F3}","NEAR_FID":15201,"NEAR_DIST":2.6368555021585167}},{"type":"Feature","id":455,"geometry":{"type":"Point","coordinates":[198112.39549999963,1885775.1240999997]},"properties":{"OBJECTID":455,"Asset_ID":"GLY455","Name":"Gully","District_ID":"al Sada al Janubiyya","Wlyt_ID":"Salalah","Gov_ID":"Dhofar Governorate","Road_ID":"100353","Mun_ID":" ","Latitude":17.036429949999999,"Longitude":54.164280220000002,"GlobalID":"{B30442B6-1D2F-4C0A-A1F7-0202A0F06EB1}","NEAR_FID":15201,"NEAR_DIST":3.2201438489166616}},{"type":"Feature","id":456,"geometry":{"type":"Point","coordinates":[198111.76910000015,1885757.0693999995]},"properties":{"OBJECTID":456,"Asset_ID":"GLY456","Name":"Gully","District_ID":"al Sada al Janubiyya","Wlyt_ID":"Salalah","Gov_ID":"Dhofar Governorate","Road_ID":"100418","Mun_ID":" ","Latitude":17.036266860000001,"Longitude":54.164276800000003,"GlobalID":"{F7916F4F-165B-48F1-A6DB-3E8DF84C3C1E}","NEAR_FID":8167,"NEAR_DIST":8.820924291973963}},{"type":"Feature","id":457,"geometry":{"type":"Point","coordinates":[198129.08860000037,1885756.3069000002]},"properties":{"OBJECTID":457,"Asset_ID":"GLY457","Name":"Gully","District_ID":"al Sada al Janubiyya","Wlyt_ID":"Salalah","Gov_ID":"Dhofar Governorate","Road_ID":"100418","Mun_ID":" ","Latitude":17.036262239999999,"Longitude":54.164439440000002,"GlobalID":"{C9137141-3414-4C73-A3C3-6322DF620320}","NEAR_FID":8167,"NEAR_DIST":8.7659341757201954}},{"type":"Feature","id":458,"geometry":{"type":"Point","coordinates":[198146.29910000041,1885755.3266000003]},"properties":{"OBJECTID":458,"Asset_ID":"GLY458","Name":"Gully","District_ID":"al Sada al Janubiyya","Wlyt_ID":"Salalah","Gov_ID":"Dhofar Governorate","Road_ID":"100418","Mun_ID":" ","Latitude":17.036255650000001,"Longitude":54.164601099999999,"GlobalID":"{2798EDBB-67BF-48A7-A278-D55029D3C5E7}","NEAR_FID":8167,"NEAR_DIST":8.4888768323145509}},{"type":"Feature","id":459,"geometry":{"type":"Point","coordinates":[198219.38929999992,1885719.8161999993]},"properties":{"OBJECTID":459,"Asset_ID":"GLY459","Name":"Gully","District_ID":"Dahariz al Shamaliyya","Wlyt_ID":"Salalah","Gov_ID":"Dhofar Governorate","Road_ID":"100418","Mun_ID":" ","Latitude":17.035944619999999,"Longitude":54.165291879999998,"GlobalID":"{98CEA793-1186-4289-92B1-C92B87BF1EC3}","NEAR_FID":6121,"NEAR_DIST":7.0940510731709647}},{"type":"Feature","id":460,"geometry":{"type":"Point","coordinates":[198203.26809999999,1885704.5664000008]},"properties":{"OBJECTID":460,"Asset_ID":"GLY460","Name":"Gully","District_ID":"Dahariz al Shamaliyya","Wlyt_ID":"Salalah","Gov_ID":"Dhofar Governorate","Road_ID":"100124","Mun_ID":" ","Latitude":17.03580483,"Longitude":54.165142660000001,"GlobalID":"{8C67924A-85B4-48DB-B679-E583E5E5FD99}","NEAR_FID":4239,"NEAR_DIST":3.5547278111345695}},{"type":"Feature","id":461,"geometry":{"type":"Point","coordinates":[198196.7324000001,1885720.6876999997]},"properties":{"OBJECTID":461,"Asset_ID":"GLY461","Name":"Gully","District_ID":"Dahariz al Shamaliyya","Wlyt_ID":"Salalah","Gov_ID":"Dhofar Governorate","Road_ID":"100418","Mun_ID":" ","Latitude":17.035949519999999,"Longitude":54.165079130000002,"GlobalID":"{976800EE-F7DD-4095-9140-88981F9ED742}","NEAR_FID":7718,"NEAR_DIST":7.2382086114397133}},{"type":"Feature","id":462,"geometry":{"type":"Point","coordinates":[198176.16550000012,1885721.7566999998]},"properties":{"OBJECTID":462,"Asset_ID":"GLY462","Name":"Gully","District_ID":"Dahariz al Shamaliyya","Wlyt_ID":"Salalah","Gov_ID":"Dhofar Governorate","Road_ID":"100418","Mun_ID":" ","Latitude":17.035956479999999,"Longitude":54.164885959999999,"GlobalID":"{D437FA59-3483-4620-8A92-6DA3DA17DD49}","NEAR_FID":7718,"NEAR_DIST":7.0914601014408367}},{"type":"Feature","id":463,"geometry":{"type":"Point","coordinates":[198175.38269999996,1885705.8735000007]},"properties":{"OBJECTID":463,"Asset_ID":"GLY463","Name":"Gully","District_ID":"Dahariz al Shamaliyya","Wlyt_ID":"Salalah","Gov_ID":"Dhofar Governorate","Road_ID":"100124","Mun_ID":" ","Latitude":17.035812979999999,"Longitude":54.164880779999997,"GlobalID":"{52046B3E-27E7-48C6-BE57-8FCE4F58FCCD}","NEAR_FID":4239,"NEAR_DIST":3.4407984309076003}},{"type":"Feature","id":464,"geometry":{"type":"Point","coordinates":[198151.30979999993,1885706.9627999999]},"properties":{"OBJECTID":464,"Asset_ID":"GLY464","Name":"Gully","District_ID":"Dahariz al Shamaliyya","Wlyt_ID":"Salalah","Gov_ID":"Dhofar Governorate","Road_ID":"100124","Mun_ID":" ","Latitude":17.035819660000001,"Longitude":54.164654710000001,"GlobalID":"{55FF51C7-9694-433E-983D-4C455963C94B}","NEAR_FID":4239,"NEAR_DIST":3.3034032720248763}},{"type":"Feature","id":465,"geometry":{"type":"Point","coordinates":[198152.61689999979,1885722.8662]},"properties":{"OBJECTID":465,"Asset_ID":"GLY465","Name":"Gully","District_ID":"Dahariz al Shamaliyya","Wlyt_ID":"Salalah","Gov_ID":"Dhofar Governorate","Road_ID":"100418","Mun_ID":" ","Latitude":17.035963410000001,"Longitude":54.164664809999998,"GlobalID":"{606F93E0-E404-48FC-9203-57F038BBDAEF}","NEAR_FID":7718,"NEAR_DIST":7.0378007294330009}},{"type":"Feature","id":466,"geometry":{"type":"Point","coordinates":[198127.78149999958,1885724.0644000005]},"properties":{"OBJECTID":466,"Asset_ID":"GLY466","Name":"Gully","District_ID":"Dahariz al Shamaliyya","Wlyt_ID":"Salalah","Gov_ID":"Dhofar Governorate","Road_ID":"100418","Mun_ID":" ","Latitude":17.035970979999998,"Longitude":54.164431569999998,"GlobalID":"{93993C7F-F343-4326-B636-859FBDC9A6DF}","NEAR_FID":7718,"NEAR_DIST":6.9531653457826099}},{"type":"Feature","id":467,"geometry":{"type":"Point","coordinates":[198126.36539999954,1885708.0521000009]},"properties":{"OBJECTID":467,"Asset_ID":"GLY467","Name":"Gully","District_ID":"Dahariz al Shamaliyya","Wlyt_ID":"Salalah","Gov_ID":"Dhofar Governorate","Road_ID":"100124","Mun_ID":" ","Latitude":17.035826220000001,"Longitude":54.164420460000002,"GlobalID":"{A985B8A7-FA63-49AD-B88A-950BA4EBCACE}","NEAR_FID":4239,"NEAR_DIST":3.251130007544166}},{"type":"Feature","id":468,"geometry":{"type":"Point","coordinates":[198102.61919999961,1885725.0448000003]},"properties":{"OBJECTID":468,"Asset_ID":"GLY468","Name":"Gully","District_ID":"Dahariz al Shamaliyya","Wlyt_ID":"Salalah","Gov_ID":"Dhofar Governorate","Road_ID":"100418","Mun_ID":" ","Latitude":17.035976529999999,"Longitude":54.164195290000002,"GlobalID":"{6A579EA8-791C-4EF5-A340-01ACF1646B74}","NEAR_FID":7718,"NEAR_DIST":7.1778958963715258}},{"type":"Feature","id":469,"geometry":{"type":"Point","coordinates":[198101.85680000018,1885709.2502999995]},"properties":{"OBJECTID":469,"Asset_ID":"GLY469","Name":"Gully","District_ID":"Dahariz al Shamaliyya","Wlyt_ID":"Salalah","Gov_ID":"Dhofar Governorate","Road_ID":"100124","Mun_ID":" ","Latitude":17.035833830000001,"Longitude":54.164190290000001,"GlobalID":"{8AAE545B-407A-4E52-BF65-BAAA7043D357}","NEAR_FID":4239,"NEAR_DIST":3.4661939333173257}},{"type":"Feature","id":470,"geometry":{"type":"Point","coordinates":[198078.87310000043,1885710.3396000005]},"properties":{"OBJECTID":470,"Asset_ID":"GLY470","Name":"Gully","District_ID":"Dahariz al Shamaliyya","Wlyt_ID":"Salalah","Gov_ID":"Dhofar Governorate","Road_ID":"100124","Mun_ID":" ","Latitude":17.035840650000001,"Longitude":54.163974439999997,"GlobalID":"{29EFCDC7-918E-4827-883C-72088A58B086}","NEAR_FID":4239,"NEAR_DIST":3.6335551744120438}},{"type":"Feature","id":471,"geometry":{"type":"Point","coordinates":[198077.67489999998,1885726.3519000001]},"properties":{"OBJECTID":471,"Asset_ID":"GLY471","Name":"Gully","District_ID":"Dahariz al Shamaliyya","Wlyt_ID":"Salalah","Gov_ID":"Dhofar Governorate","Road_ID":"100418","Mun_ID":" ","Latitude":17.035985060000002,"Longitude":54.163961010000001,"GlobalID":"{CE992D62-382F-44A4-911B-2310710D671E}","NEAR_FID":7718,"NEAR_DIST":7.0842367629816252}},{"type":"Feature","id":472,"geometry":{"type":"Point","coordinates":[198079.96239999961,1885777.1119999997]},"properties":{"OBJECTID":472,"Asset_ID":"GLY472","Name":"Gully","District_ID":"al Sada al Janubiyya","Wlyt_ID":"Salalah","Gov_ID":"Dhofar Governorate","Road_ID":"100353","Mun_ID":" ","Latitude":17.036443640000002,"Longitude":54.163975569999998,"GlobalID":"{6EAB85F7-07BF-4F83-B584-D1717C97E8E9}","NEAR_FID":17311,"NEAR_DIST":2.6885106640560306}},{"type":"Feature","id":473,"geometry":{"type":"Point","coordinates":[198079.19990000036,1885759.6835999992]},"properties":{"OBJECTID":473,"Asset_ID":"GLY473","Name":"Gully","District_ID":"al Sada al Janubiyya","Wlyt_ID":"Salalah","Gov_ID":"Dhofar Governorate","Road_ID":"100418","Mun_ID":" ","Latitude":17.036286189999998,"Longitude":54.16397078,"GlobalID":"{935E0A1A-2BFC-43D7-87C5-D0479376BF02}","NEAR_FID":5855,"NEAR_DIST":7.7389658174893574}},{"type":"Feature","id":474,"geometry":{"type":"Point","coordinates":[198054.36440000031,1885760.7729000002]},"properties":{"OBJECTID":474,"Asset_ID":"GLY474","Name":"Gully","District_ID":"al Sada al Janubiyya","Wlyt_ID":"Salalah","Gov_ID":"Dhofar Governorate","Road_ID":"100418","Mun_ID":" ","Latitude":17.036292769999999,"Longitude":54.163737560000001,"GlobalID":"{41F5D766-EFB4-4C0E-9A7E-D40E80A56213}","NEAR_FID":14835,"NEAR_DIST":9.8497751625010306}},{"type":"Feature","id":475,"geometry":{"type":"Point","coordinates":[198055.01800000016,1885778.3102000002]},"properties":{"OBJECTID":475,"Asset_ID":"GLY475","Name":"Gully","District_ID":"al Sada al Janubiyya","Wlyt_ID":"Salalah","Gov_ID":"Dhofar Governorate","Road_ID":"100353","Mun_ID":" ","Latitude":17.036451190000001,"Longitude":54.163741299999998,"GlobalID":"{4506D1D3-D83D-403A-8A41-7BC04AA312C9}","NEAR_FID":17311,"NEAR_DIST":2.6299534731042704}},{"type":"Feature","id":476,"geometry":{"type":"Point","coordinates":[198052.62160000019,1885727.4411999993]},"properties":{"OBJECTID":476,"Asset_ID":"GLY476","Name":"Gully","District_ID":"Dahariz al Shamaliyya","Wlyt_ID":"Salalah","Gov_ID":"Dhofar Governorate","Road_ID":"100418","Mun_ID":" ","Latitude":17.03599161,"Longitude":54.163725739999997,"GlobalID":"{DD86609A-A250-46B9-B68F-6F9EBC9103D8}","NEAR_FID":7718,"NEAR_DIST":7.2134160999847117}},{"type":"Feature","id":477,"geometry":{"type":"Point","coordinates":[198029.85580000002,1885712.4091999996]},"properties":{"OBJECTID":477,"Asset_ID":"GLY477","Name":"Gully","District_ID":"Dahariz al Shamaliyya","Wlyt_ID":"Salalah","Gov_ID":"Dhofar Governorate","Road_ID":"100124","Mun_ID":" ","Latitude":17.03585292,"Longitude":54.163514130000003,"GlobalID":"{60E4D37E-88DA-4F5B-9FFC-BAF030CF65AE}","NEAR_FID":4239,"NEAR_DIST":3.6244765694980137}},{"type":"Feature","id":478,"geometry":{"type":"Point","coordinates":[198027.56830000039,1885728.5304000005]},"properties":{"OBJECTID":478,"Asset_ID":"GLY478","Name":"Gully","District_ID":"Dahariz al Shamaliyya","Wlyt_ID":"Salalah","Gov_ID":"Dhofar Governorate","Road_ID":"100418","Mun_ID":" ","Latitude":17.035998169999999,"Longitude":54.163490469999999,"GlobalID":"{6490AD6E-2A71-4A58-B01D-853076578B37}","NEAR_FID":7718,"NEAR_DIST":7.3426953163483253}},{"type":"Feature","id":479,"geometry":{"type":"Point","coordinates":[198029.31120000035,1885760.4461000003]},"properties":{"OBJECTID":479,"Asset_ID":"GLY479","Name":"Gully","District_ID":"al Sada al Janubiyya","Wlyt_ID":"Salalah","Gov_ID":"Dhofar Governorate","Road_ID":"100418","Mun_ID":" ","Latitude":17.036286539999999,"Longitude":54.163502479999998,"GlobalID":"{227D0C2A-14C9-40B9-9555-B174B6BD8C8E}","NEAR_FID":14835,"NEAR_DIST":8.2987464523453927}},{"type":"Feature","id":480,"geometry":{"type":"Point","coordinates":[198004.36679999996,1885760.1194000002]},"properties":{"OBJECTID":480,"Asset_ID":"GLY480","Name":"Gully","District_ID":"al Sada al Janubiyya","Wlyt_ID":"Salalah","Gov_ID":"Dhofar Governorate","Road_ID":"100418","Mun_ID":" ","Latitude":17.036280319999999,"Longitude":54.163268420000001,"GlobalID":"{4A68F534-4120-4EA8-8548-6AE5407E4297}","NEAR_FID":14835,"NEAR_DIST":6.7802298999791546}},{"type":"Feature","id":481,"geometry":{"type":"Point","coordinates":[198006.54530000035,1885713.7162999995]},"properties":{"OBJECTID":481,"Asset_ID":"GLY481","Name":"Gully","District_ID":"Dahariz al Shamaliyya","Wlyt_ID":"Salalah","Gov_ID":"Dhofar Governorate","Road_ID":"100124","Mun_ID":" ","Latitude":17.035861659999998,"Longitude":54.163295189999999,"GlobalID":"{E18F2BBD-E71F-40C1-A1F7-5426F9264CD4}","NEAR_FID":4239,"NEAR_DIST":3.9066584152864232}},{"type":"Feature","id":482,"geometry":{"type":"Point","coordinates":[198002.84179999959,1885729.7285999991]},"properties":{"OBJECTID":482,"Asset_ID":"GLY482","Name":"Gully","District_ID":"Dahariz al Shamaliyya","Wlyt_ID":"Salalah","Gov_ID":"Dhofar Governorate","Road_ID":"100418","Mun_ID":" ","Latitude":17.03600574,"Longitude":54.163258249999998,"GlobalID":"{E7523B9E-7E32-434D-8B87-D4A33A907F6F}","NEAR_FID":7239,"NEAR_DIST":7.3472162090725064}},{"type":"Feature","id":483,"geometry":{"type":"Point","coordinates":[198051.91359999962,1885711.4287999999]},"properties":{"OBJECTID":483,"Asset_ID":"GLY483","Name":"Gully","District_ID":"Dahariz al Shamaliyya","Wlyt_ID":"Salalah","Gov_ID":"Dhofar Governorate","Road_ID":"100124","Mun_ID":" ","Latitude":17.035846960000001,"Longitude":54.163721279999997,"GlobalID":"{A0D25F1D-F335-497E-BAA4-246F2B57FF7F}","NEAR_FID":4239,"NEAR_DIST":3.6136684976830615}},{"type":"Feature","id":484,"geometry":{"type":"Point","coordinates":[198029.47449999955,1885779.3994999994]},"properties":{"OBJECTID":484,"Asset_ID":"GLY484","Name":"Gully","District_ID":"al Sada al Janubiyya","Wlyt_ID":"Salalah","Gov_ID":"Dhofar Governorate","Road_ID":"100353","Mun_ID":" ","Latitude":17.036457680000002,"Longitude":54.163501429999997,"GlobalID":"{8BD61018-460A-4C21-9FF5-48CA2AA00A17}","NEAR_FID":17311,"NEAR_DIST":2.7194977335065764}},{"type":"Feature","id":485,"geometry":{"type":"Point","coordinates":[198004.85699999984,1885780.2708999999]},"properties":{"OBJECTID":485,"Asset_ID":"GLY485","Name":"Gully","District_ID":"al Sada al Janubiyya","Wlyt_ID":"Salalah","Gov_ID":"Dhofar Governorate","Road_ID":"100353","Mun_ID":" ","Latitude":17.036462319999998,"Longitude":54.163270279999999,"GlobalID":"{BBCB4F94-9291-4166-AE0C-67596306A792}","NEAR_FID":17311,"NEAR_DIST":2.9840169439531463}},{"type":"Feature","id":486,"geometry":{"type":"Point","coordinates":[197980.56620000023,1885781.4691000003]},"properties":{"OBJECTID":486,"Asset_ID":"GLY486","Name":"Gully","District_ID":"al Sada al Janubiyya","Wlyt_ID":"Salalah","Gov_ID":"Dhofar Governorate","Road_ID":"100353","Mun_ID":" ","Latitude":17.036469960000002,"Longitude":54.163042150000003,"GlobalID":"{3278BF43-F3BC-479B-9E1B-D852AA106979}","NEAR_FID":17311,"NEAR_DIST":2.9070211356708491}},{"type":"Feature","id":487,"geometry":{"type":"Point","coordinates":[197954.75040000025,1885782.7762000002]},"properties":{"OBJECTID":487,"Asset_ID":"GLY487","Name":"Gully","District_ID":"al Sada al Janubiyya","Wlyt_ID":"Salalah","Gov_ID":"Dhofar Governorate","Road_ID":"100353","Mun_ID":" ","Latitude":17.036478370000001,"Longitude":54.16279969,"GlobalID":"{7E0D294B-10C7-4E35-8ED3-7568FFB9EEC3}","NEAR_FID":17311,"NEAR_DIST":2.7915514268361106}},{"type":"Feature","id":488,"geometry":{"type":"Point","coordinates":[197979.15369999968,1885761.2159000002]},"properties":{"OBJECTID":488,"Asset_ID":"GLY488","Name":"Gully","District_ID":"al Sada al Janubiyya","Wlyt_ID":"Salalah","Gov_ID":"Dhofar Governorate","Road_ID":"100418","Mun_ID":" ","Latitude":17.036286919999998,"Longitude":54.163031650000001,"GlobalID":"{E9ADE843-B5AD-4131-8F57-AA468C3752E6}","NEAR_FID":14835,"NEAR_DIST":6.6974912920831002}},{"type":"Feature","id":489,"geometry":{"type":"Point","coordinates":[197954.20579999965,1885762.5157999992]},"properties":{"OBJECTID":489,"Asset_ID":"GLY489","Name":"Gully","District_ID":"al Sada al Janubiyya","Wlyt_ID":"Salalah","Gov_ID":"Dhofar Governorate","Road_ID":"100418","Mun_ID":" ","Latitude":17.036295379999999,"Longitude":54.162797339999997,"GlobalID":"{A9463B76-DD1F-41D6-97F0-629F57F35087}","NEAR_FID":14835,"NEAR_DIST":6.8303215819490228}},{"type":"Feature","id":490,"geometry":{"type":"Point","coordinates":[197930.13279999979,1885783.8654999994]},"properties":{"OBJECTID":490,"Asset_ID":"GLY490","Name":"Gully","District_ID":"al Sada al Janubiyya","Wlyt_ID":"Salalah","Gov_ID":"Dhofar Governorate","Road_ID":"100353","Mun_ID":" ","Latitude":17.036484980000001,"Longitude":54.16256851,"GlobalID":"{63635AF2-F87A-4318-BBC7-054762FDB78A}","NEAR_FID":17311,"NEAR_DIST":2.805881661679908}},{"type":"Feature","id":491,"geometry":{"type":"Point","coordinates":[197929.24039999954,1885763.4820000008]},"properties":{"OBJECTID":491,"Asset_ID":"GLY491","Name":"Gully","District_ID":"al Sada al Janubiyya","Wlyt_ID":"Salalah","Gov_ID":"Dhofar Governorate","Road_ID":"100418","Mun_ID":" ","Latitude":17.036300829999998,"Longitude":54.162562909999998,"GlobalID":"{0419EFB5-B0F7-4F46-95C3-1EB989B02F74}","NEAR_FID":14835,"NEAR_DIST":6.6289986604761149}},{"type":"Feature","id":492,"geometry":{"type":"Point","coordinates":[197983.50719999988,1885714.5877]},"properties":{"OBJECTID":492,"Asset_ID":"GLY492","Name":"Gully","District_ID":"Dahariz al Shamaliyya","Wlyt_ID":"Salalah","Gov_ID":"Dhofar Governorate","Road_ID":"100124","Mun_ID":" ","Latitude":17.035866510000002,"Longitude":54.163078859999999,"GlobalID":"{DCE78BC1-0720-4FA2-970C-85B2536D6997}","NEAR_FID":4239,"NEAR_DIST":3.7655227476063047}},{"type":"Feature","id":493,"geometry":{"type":"Point","coordinates":[197955.73080000002,1885715.8948999997]},"properties":{"OBJECTID":493,"Asset_ID":"GLY493","Name":"Gully","District_ID":"Dahariz al Shamaliyya","Wlyt_ID":"Salalah","Gov_ID":"Dhofar Governorate","Road_ID":"100124","Mun_ID":" ","Latitude":17.035874669999998,"Longitude":54.162818000000001,"GlobalID":"{0E20D6A8-D009-4D64-88E7-CEC07E7E1FA4}","NEAR_FID":13979,"NEAR_DIST":3.5607421176277252}},{"type":"Feature","id":494,"geometry":{"type":"Point","coordinates":[197976.75370000023,1885730.9267999995]},"properties":{"OBJECTID":494,"Asset_ID":"GLY494","Name":"Gully","District_ID":"Dahariz al Shamaliyya","Wlyt_ID":"Salalah","Gov_ID":"Dhofar Governorate","Road_ID":"100418","Mun_ID":" ","Latitude":17.036013140000001,"Longitude":54.163013249999999,"GlobalID":"{596DBD62-075D-48CB-A722-E4BD457D680C}","NEAR_FID":7239,"NEAR_DIST":7.4178736234264733}},{"type":"Feature","id":495,"geometry":{"type":"Point","coordinates":[197958.01819999982,1885731.6893000007]},"properties":{"OBJECTID":495,"Asset_ID":"GLY495","Name":"Gully","District_ID":"Dahariz al Shamaliyya","Wlyt_ID":"Salalah","Gov_ID":"Dhofar Governorate","Road_ID":"100418","Mun_ID":" ","Latitude":17.036017569999998,"Longitude":54.162837320000001,"GlobalID":"{D5AA38A0-10A7-4A05-A32A-8F10E5D9F893}","NEAR_FID":7239,"NEAR_DIST":7.5665039463434454}},{"type":"Feature","id":496,"geometry":{"type":"Point","coordinates":[197930.13279999979,1885733.3232000005]},"properties":{"OBJECTID":496,"Asset_ID":"GLY496","Name":"Gully","District_ID":"Dahariz al Shamaliyya","Wlyt_ID":"Salalah","Gov_ID":"Dhofar Governorate","Road_ID":"100418","Mun_ID":" ","Latitude":17.036028659999999,"Longitude":54.162575390000001,"GlobalID":"{60859410-8E5D-490B-9E99-EA5D47DE30E7}","NEAR_FID":7486,"NEAR_DIST":7.0372270474972884}},{"type":"Feature","id":497,"geometry":{"type":"Point","coordinates":[197929.69710000046,1885716.9840999991]},"properties":{"OBJECTID":497,"Asset_ID":"GLY497","Name":"Gully","District_ID":"Dahariz al Shamaliyya","Wlyt_ID":"Salalah","Gov_ID":"Dhofar Governorate","Road_ID":"100124","Mun_ID":" ","Latitude":17.03588109,"Longitude":54.162573530000003,"GlobalID":"{24F3D2C8-DBED-4967-AC1C-939CE30CD008}","NEAR_FID":13979,"NEAR_DIST":3.2209832308427297}},{"type":"Feature","id":498,"geometry":{"type":"Point","coordinates":[197877.30310000014,1885719.5984000005]},"properties":{"OBJECTID":498,"Asset_ID":"GLY498","Name":"Gully","District_ID":"Dahariz al Shamaliyya","Wlyt_ID":"Salalah","Gov_ID":"Dhofar Governorate","Road_ID":"100124","Mun_ID":" ","Latitude":17.03589783,"Longitude":54.162081460000003,"GlobalID":"{9822463F-EF02-4CFD-A111-2980D4AB3A5F}","NEAR_FID":13979,"NEAR_DIST":3.1936065188893927}},{"type":"Feature","id":499,"geometry":{"type":"Point","coordinates":[197852.03199999966,1885720.6876999997]},"properties":{"OBJECTID":499,"Asset_ID":"GLY499","Name":"Gully","District_ID":"Dahariz al Shamaliyya","Wlyt_ID":"Salalah","Gov_ID":"Dhofar Governorate","Road_ID":"100124","Mun_ID":" ","Latitude":17.035904349999999,"Longitude":54.16184415,"GlobalID":"{D57D18B2-DBF6-4A1F-9432-06D331592B21}","NEAR_FID":13979,"NEAR_DIST":3.1005391974498124}},{"type":"Feature","id":500,"geometry":{"type":"Point","coordinates":[197827.41440000013,1885721.7769000009]},"properties":{"OBJECTID":500,"Asset_ID":"GLY500","Name":"Gully","District_ID":"Dahariz al Shamaliyya","Wlyt_ID":"Salalah","Gov_ID":"Dhofar Governorate","Road_ID":"100124","Mun_ID":" ","Latitude":17.035910950000002,"Longitude":54.16161297,"GlobalID":"{AA3839A9-4AF1-4753-A0D9-078DB01A80F9}","NEAR_FID":13979,"NEAR_DIST":3.0977287440324792}},{"type":"Feature","id":501,"geometry":{"type":"Point","coordinates":[197777.52570000011,1885724.3912000004]},"properties":{"OBJECTID":501,"Asset_ID":"GLY501","Name":"Gully","District_ID":"Dahariz al Shamaliyya","Wlyt_ID":"Salalah","Gov_ID":"Dhofar Governorate","Road_ID":"100124","Mun_ID":" ","Latitude":17.035928009999999,"Longitude":54.161144409999999,"GlobalID":"{33E8AD3B-E45F-434F-9CFB-9B19A17C4C92}","NEAR_FID":13979,"NEAR_DIST":3.4535133315008513}},{"type":"Feature","id":502,"geometry":{"type":"Point","coordinates":[197802.14319999982,1885723.3018999994]},"properties":{"OBJECTID":502,"Asset_ID":"GLY502","Name":"Gully","District_ID":"Dahariz al Shamaliyya","Wlyt_ID":"Salalah","Gov_ID":"Dhofar Governorate","Road_ID":"100124","Mun_ID":" ","Latitude":17.03592141,"Longitude":54.161375589999999,"GlobalID":"{6A4700D8-5892-42D8-BC77-425D077AA21F}","NEAR_FID":13979,"NEAR_DIST":3.5013255643207399}},{"type":"Feature","id":503,"geometry":{"type":"Point","coordinates":[197783.38119999971,1885739.8647000007]},"properties":{"OBJECTID":503,"Asset_ID":"GLY503","Name":"Gully","District_ID":"Dahariz al Shamaliyya","Wlyt_ID":"Salalah","Gov_ID":"Dhofar Governorate","Road_ID":"100418","Mun_ID":" ","Latitude":17.036068480000001,"Longitude":54.161197260000002,"GlobalID":"{15FC88CB-98D8-49B4-A4AC-594ED2ECEFB6}","NEAR_FID":7239,"NEAR_DIST":8.5147890066835714}},{"type":"Feature","id":504,"geometry":{"type":"Point","coordinates":[197803.01470000017,1885738.9549000002]},"properties":{"OBJECTID":504,"Asset_ID":"GLY504","Name":"Gully","District_ID":"Dahariz al Shamaliyya","Wlyt_ID":"Salalah","Gov_ID":"Dhofar Governorate","Road_ID":"100418","Mun_ID":" ","Latitude":17.03606284,"Longitude":54.161381640000002,"GlobalID":"{4D4AEEB3-DE7D-42A0-B5DA-8B8EA70A3476}","NEAR_FID":7239,"NEAR_DIST":8.3896631836725231}},{"type":"Feature","id":505,"geometry":{"type":"Point","coordinates":[197827.99839999992,1885737.7630000003]},"properties":{"OBJECTID":505,"Asset_ID":"GLY505","Name":"Gully","District_ID":"Dahariz al Shamaliyya","Wlyt_ID":"Salalah","Gov_ID":"Dhofar Governorate","Road_ID":"100418","Mun_ID":" ","Latitude":17.036055359999999,"Longitude":54.161616270000003,"GlobalID":"{F456F2ED-DA60-4515-BAF9-A203132D8B16}","NEAR_FID":7239,"NEAR_DIST":8.2645689196880543}},{"type":"Feature","id":506,"geometry":{"type":"Point","coordinates":[197852.90919999965,1885736.6073000003]},"properties":{"OBJECTID":506,"Asset_ID":"GLY506","Name":"Gully","District_ID":"Dahariz al Shamaliyya","Wlyt_ID":"Salalah","Gov_ID":"Dhofar Governorate","Road_ID":"100418","Mun_ID":" ","Latitude":17.036048189999999,"Longitude":54.161850209999997,"GlobalID":"{0F536C97-F98F-41CE-9DA3-1409413B8D1B}","NEAR_FID":7239,"NEAR_DIST":8.1071628977996362}},{"type":"Feature","id":507,"geometry":{"type":"Point","coordinates":[197877.95669999998,1885735.5018000007]},"properties":{"OBJECTID":507,"Asset_ID":"GLY507","Name":"Gully","District_ID":"Dahariz al Shamaliyya","Wlyt_ID":"Salalah","Gov_ID":"Dhofar Governorate","Road_ID":"100418","Mun_ID":" ","Latitude":17.036041489999999,"Longitude":54.162085429999998,"GlobalID":"{38710FB0-E431-4A87-8798-8BD5F24CF760}","NEAR_FID":7239,"NEAR_DIST":7.892429517849866}},{"type":"Feature","id":508,"geometry":{"type":"Point","coordinates":[197902.87810000032,1885734.3259999994]},"properties":{"OBJECTID":508,"Asset_ID":"GLY508","Name":"Gully","District_ID":"Dahariz al Shamaliyya","Wlyt_ID":"Salalah","Gov_ID":"Dhofar Governorate","Road_ID":"100418","Mun_ID":" ","Latitude":17.036034149999999,"Longitude":54.162319480000001,"GlobalID":"{6CF6FDA1-3D37-43F7-BAE0-A4603379D790}","NEAR_FID":7239,"NEAR_DIST":7.7545375526685154}},{"type":"Feature","id":509,"geometry":{"type":"Point","coordinates":[197779.92210000008,1885774.0620000008]},"properties":{"OBJECTID":509,"Asset_ID":"GLY509","Name":"Gully","District_ID":"al Sada al Janubiyya","Wlyt_ID":"Salalah","Gov_ID":"Dhofar Governorate","Road_ID":"100251","Mun_ID":" ","Latitude":17.03637677,"Longitude":54.161160129999999,"GlobalID":"{3D25511E-104E-4CC0-99A3-11655A2D45BE}","NEAR_FID":15938,"NEAR_DIST":4.9316213840476477}},{"type":"Feature","id":510,"geometry":{"type":"Point","coordinates":[197804.53959999979,1885772.7548999991]},"properties":{"OBJECTID":510,"Asset_ID":"GLY510","Name":"Gully","District_ID":"al Sada al Janubiyya","Wlyt_ID":"Salalah","Gov_ID":"Dhofar Governorate","Road_ID":"100251","Mun_ID":" ","Latitude":17.036368199999998,"Longitude":54.161391340000002,"GlobalID":"{06A79C4A-F982-41CE-B267-72E182666B99}","NEAR_FID":15938,"NEAR_DIST":9.0149028331026262}},{"type":"Feature","id":511,"geometry":{"type":"Point","coordinates":[197829.81080000009,1885771.6655999999]},"properties":{"OBJECTID":511,"Asset_ID":"GLY511","Name":"Gully","District_ID":"al Sada al Janubiyya","Wlyt_ID":"Salalah","Gov_ID":"Dhofar Governorate","Road_ID":"100418","Mun_ID":" ","Latitude":17.036361679999999,"Longitude":54.161628659999998,"GlobalID":"{37EB7FB5-4D41-404A-B149-CDE790237D3E}","NEAR_FID":14835,"NEAR_DIST":10.390033853890143}},{"type":"Feature","id":512,"geometry":{"type":"Point","coordinates":[197854.42839999963,1885769.9228000008]},"properties":{"OBJECTID":512,"Asset_ID":"GLY512","Name":"Gully","District_ID":"al Sada al Janubiyya","Wlyt_ID":"Salalah","Gov_ID":"Dhofar Governorate","Road_ID":"100418","Mun_ID":" ","Latitude":17.036349170000001,"Longitude":54.161859929999999,"GlobalID":"{0F8073C3-BA33-4C5A-B9F2-2F844F7E8BC2}","NEAR_FID":14835,"NEAR_DIST":9.7409579547541796}},{"type":"Feature","id":513,"geometry":{"type":"Point","coordinates":[197879.30510000046,1885765.9103999995]},"properties":{"OBJECTID":513,"Asset_ID":"GLY513","Name":"Gully","District_ID":"al Sada al Janubiyya","Wlyt_ID":"Salalah","Gov_ID":"Dhofar Governorate","Road_ID":"100418","Mun_ID":" ","Latitude":17.036316209999999,"Longitude":54.162093939999998,"GlobalID":"{FC592535-3094-4284-9521-EB60D774665D}","NEAR_FID":14835,"NEAR_DIST":6.8360094884995277}},{"type":"Feature","id":514,"geometry":{"type":"Point","coordinates":[197904.35720000044,1885764.6618000008]},"properties":{"OBJECTID":514,"Asset_ID":"GLY514","Name":"Gully","District_ID":"al Sada al Janubiyya","Wlyt_ID":"Salalah","Gov_ID":"Dhofar Governorate","Road_ID":"100418","Mun_ID":" ","Latitude":17.036308219999999,"Longitude":54.162329219999997,"GlobalID":"{036FE4B9-4753-4683-ABDB-F5DFA08586BD}","NEAR_FID":14835,"NEAR_DIST":6.699921053349958}},{"type":"Feature","id":515,"geometry":{"type":"Point","coordinates":[197905.40629999992,1885785.3904999997]},"properties":{"OBJECTID":515,"Asset_ID":"GLY515","Name":"Gully","District_ID":"al Sada al Janubiyya","Wlyt_ID":"Salalah","Gov_ID":"Dhofar Governorate","Road_ID":"100353","Mun_ID":" ","Latitude":17.036495510000002,"Longitude":54.162336240000002,"GlobalID":"{62322916-9F5E-484F-8DBA-1CF36781D939}","NEAR_FID":17311,"NEAR_DIST":2.3827086981895977}},{"type":"Feature","id":516,"geometry":{"type":"Point","coordinates":[197881.00659999996,1885786.2619000003]},"properties":{"OBJECTID":516,"Asset_ID":"GLY516","Name":"Gully","District_ID":"al Sada al Janubiyya","Wlyt_ID":"Salalah","Gov_ID":"Dhofar Governorate","Road_ID":"100353","Mun_ID":" ","Latitude":17.03650017,"Longitude":54.162107140000003,"GlobalID":"{E6D8495E-6E7D-4775-956A-F9CFDBEB219F}","NEAR_FID":17311,"NEAR_DIST":2.5979458532536333}},{"type":"Feature","id":517,"geometry":{"type":"Point","coordinates":[197855.95330000017,1885787.3511999995]},"properties":{"OBJECTID":517,"Asset_ID":"GLY517","Name":"Gully","District_ID":"al Sada al Janubiyya","Wlyt_ID":"Salalah","Gov_ID":"Dhofar Governorate","Road_ID":"100353","Mun_ID":" ","Latitude":17.036506719999998,"Longitude":54.161871859999998,"GlobalID":"{6B92AE20-D01A-494F-A5C7-537019AEE2DA}","NEAR_FID":17311,"NEAR_DIST":2.6245837195243746}},{"type":"Feature","id":518,"geometry":{"type":"Point","coordinates":[197830.02859999985,1885788.6582999993]},"properties":{"OBJECTID":518,"Asset_ID":"GLY518","Name":"Gully","District_ID":"al Sada al Janubiyya","Wlyt_ID":"Salalah","Gov_ID":"Dhofar Governorate","Road_ID":"100353","Mun_ID":" ","Latitude":17.036515120000001,"Longitude":54.161628380000003,"GlobalID":"{437EFF4D-9D3C-46D0-BB8C-AC0A89136A66}","NEAR_FID":17311,"NEAR_DIST":2.4837687826712278}},{"type":"Feature","id":519,"geometry":{"type":"Point","coordinates":[197805.41110000014,1885789.5296999998]},"properties":{"OBJECTID":519,"Asset_ID":"GLY519","Name":"Gully","District_ID":"al Sada al Janubiyya","Wlyt_ID":"Salalah","Gov_ID":"Dhofar Governorate","Road_ID":"100353","Mun_ID":" ","Latitude":17.036519760000001,"Longitude":54.161397229999999,"GlobalID":"{A8363A03-3785-4F43-9425-3459B04FA6CB}","NEAR_FID":17311,"NEAR_DIST":2.8912967663204485}},{"type":"Feature","id":520,"geometry":{"type":"Point","coordinates":[197781.01130000036,1885790.6190000009]},"properties":{"OBJECTID":520,"Asset_ID":"GLY520","Name":"Gully","District_ID":"al Sada al Janubiyya","Wlyt_ID":"Salalah","Gov_ID":"Dhofar Governorate","Road_ID":"100353","Mun_ID":" ","Latitude":17.0365264,"Longitude":54.161168089999997,"GlobalID":"{E8DABF71-3E57-4AC6-B89B-DFBA20EB468E}","NEAR_FID":17311,"NEAR_DIST":3.0699189044987074}},{"type":"Feature","id":521,"geometry":{"type":"Point","coordinates":[197717.17989999987,1885781.2512999997]},"properties":{"OBJECTID":521,"Asset_ID":"GLY521","Name":"Gully","District_ID":"al Sada al Janubiyya","Wlyt_ID":"Salalah","Gov_ID":"Dhofar Governorate","Road_ID":"100251","Mun_ID":" ","Latitude":17.036433450000001,"Longitude":54.160570319999998,"GlobalID":"{30B7C910-3DA4-4046-8CA7-B98200CF72AB}","NEAR_FID":15654,"NEAR_DIST":4.2720941215960986}},{"type":"Feature","id":522,"geometry":{"type":"Point","coordinates":[197699.09800000023,1885783.6477000006]},"properties":{"OBJECTID":522,"Asset_ID":"GLY522","Name":"Gully","District_ID":"al Sada al Janubiyya","Wlyt_ID":"Salalah","Gov_ID":"Dhofar Governorate","Road_ID":"100251","Mun_ID":" ","Latitude":17.036452709999999,"Longitude":54.160400299999999,"GlobalID":"{4D6F7065-BB34-4799-BB16-6C6EE9EE7AFC}","NEAR_FID":7233,"NEAR_DIST":4.8293324727182441}},{"type":"Feature","id":523,"geometry":{"type":"Point","coordinates":[197689.94809999969,1885776.0227000006]},"properties":{"OBJECTID":523,"Asset_ID":"GLY523","Name":"Gully","District_ID":"al Sada al Janubiyya","Wlyt_ID":"Salalah","Gov_ID":"Dhofar Governorate","Road_ID":"100418","Mun_ID":" ","Latitude":17.036382669999998,"Longitude":54.16031547,"GlobalID":"{A4F7F8E4-6EC2-43C7-9B78-E017895DAF38}","NEAR_FID":11834,"NEAR_DIST":7.6426424614036366}},{"type":"Feature","id":524,"geometry":{"type":"Point","coordinates":[197610.64900000021,1885781.6870000008]},"properties":{"OBJECTID":524,"Asset_ID":"GLY524","Name":"Gully","District_ID":"al Sada al Janubiyya","Wlyt_ID":"Salalah","Gov_ID":"Dhofar Governorate","Road_ID":"100418","Mun_ID":" ","Latitude":17.0364234,"Longitude":54.159570479999999,"GlobalID":"{D0564A34-2340-45C0-8FB9-85E0FE979092}","NEAR_FID":8189,"NEAR_DIST":8.6678566926964393}},{"type":"Feature","id":525,"geometry":{"type":"Point","coordinates":[197635.92019999959,1885780.5976999998]},"properties":{"OBJECTID":525,"Asset_ID":"GLY525","Name":"Gully","District_ID":"al Sada al Janubiyya","Wlyt_ID":"Salalah","Gov_ID":"Dhofar Governorate","Road_ID":"100251","Mun_ID":" ","Latitude":17.036416890000002,"Longitude":54.159807800000003,"GlobalID":"{49ABFCF7-7693-4EA4-95EE-8DCEF5CF2689}","NEAR_FID":10713,"NEAR_DIST":6.5380524253905774}},{"type":"Feature","id":526,"geometry":{"type":"Point","coordinates":[197661.19130000006,1885781.9047999997]},"properties":{"OBJECTID":526,"Asset_ID":"GLY526","Name":"Gully","District_ID":"al Sada al Janubiyya","Wlyt_ID":"Salalah","Gov_ID":"Dhofar Governorate","Road_ID":"100251","Mun_ID":" ","Latitude":17.036432000000001,"Longitude":54.16004478,"GlobalID":"{CF1A7960-CE9C-447C-BE9B-1E8ADD33FC94}","NEAR_FID":10713,"NEAR_DIST":3.3651561407409178}},{"type":"Feature","id":527,"geometry":{"type":"Point","coordinates":[197675.78760000039,1885788.4405000005]},"properties":{"OBJECTID":527,"Asset_ID":"GLY527","Name":"Gully","District_ID":"al Sada al Janubiyya","Wlyt_ID":"Salalah","Gov_ID":"Dhofar Governorate","Road_ID":"100251","Mun_ID":" ","Latitude":17.036492920000001,"Longitude":54.160180879999999,"GlobalID":"{050E0D69-9D15-4B88-9AE9-3B1122154E91}","NEAR_FID":10713,"NEAR_DIST":3.0494555225871731}},{"type":"Feature","id":528,"geometry":{"type":"Point","coordinates":[197658.65110000037,1885729.5265999995]},"properties":{"OBJECTID":528,"Asset_ID":"GLY528","Name":"Gully","District_ID":"Dahariz al Shamaliyya","Wlyt_ID":"Salalah","Gov_ID":"Dhofar Governorate","Road_ID":"100124","Mun_ID":" ","Latitude":17.035958780000001,"Longitude":54.160028089999997,"GlobalID":"{3EC5C758-E137-4266-8829-8073E0D962C7}","NEAR_FID":11717,"NEAR_DIST":3.0892125083242763}},{"type":"Feature","id":529,"geometry":{"type":"Point","coordinates":[197608.68829999957,1885731.7982999999]},"properties":{"OBJECTID":529,"Asset_ID":"GLY529","Name":"Gully","District_ID":"Dahariz al Shamaliyya","Wlyt_ID":"Salalah","Gov_ID":"Dhofar Governorate","Road_ID":"100124","Mun_ID":" ","Latitude":17.035972730000001,"Longitude":54.15955889,"GlobalID":"{DC4DEFC4-4B4F-422E-B1C9-9E7880EDCD8D}","NEAR_FID":11717,"NEAR_DIST":3.4019237259029684}},{"type":"Feature","id":530,"geometry":{"type":"Point","coordinates":[197682.78610000014,1885728.5099999998]},"properties":{"OBJECTID":530,"Asset_ID":"GLY530","Name":"Gully","District_ID":"Dahariz al Shamaliyya","Wlyt_ID":"Salalah","Gov_ID":"Dhofar Governorate","Road_ID":"100124","Mun_ID":" ","Latitude":17.035952770000002,"Longitude":54.160254729999998,"GlobalID":"{4026460D-83E5-4C51-873E-FBF2EF075F9C}","NEAR_FID":11717,"NEAR_DIST":2.9903680314586629}},{"type":"Feature","id":531,"geometry":{"type":"Point","coordinates":[197633.55099999998,1885730.7974999994]},"properties":{"OBJECTID":531,"Asset_ID":"GLY531","Name":"Gully","District_ID":"Dahariz al Shamaliyya","Wlyt_ID":"Salalah","Gov_ID":"Dhofar Governorate","Road_ID":"100124","Mun_ID":" ","Latitude":17.03596696,"Longitude":54.159792359999997,"GlobalID":"{31904749-615E-4809-9E66-1F92D795F454}","NEAR_FID":11717,"NEAR_DIST":3.4055038989999558}},{"type":"Feature","id":532,"geometry":{"type":"Point","coordinates":[197727.99100000039,1885726.4404000007]},"properties":{"OBJECTID":532,"Asset_ID":"GLY532","Name":"Gully","District_ID":"Dahariz al Shamaliyya","Wlyt_ID":"Salalah","Gov_ID":"Dhofar Governorate","Road_ID":"100124","Mun_ID":" ","Latitude":17.035940010000001,"Longitude":54.160679260000002,"GlobalID":"{EFD4AF4F-410B-4398-9D29-7A50CA0F1268}","NEAR_FID":13979,"NEAR_DIST":2.9423982299154154}},{"type":"Feature","id":533,"geometry":{"type":"Point","coordinates":[197752.60850000009,1885725.4600000009]},"properties":{"OBJECTID":533,"Asset_ID":"GLY533","Name":"Gully","District_ID":"Dahariz al Shamaliyya","Wlyt_ID":"Salalah","Gov_ID":"Dhofar Governorate","Road_ID":"100124","Mun_ID":" ","Latitude":17.035934390000001,"Longitude":54.16091042,"GlobalID":"{9AA1C04C-B084-431F-AC0B-FF03E9F54523}","NEAR_FID":13979,"NEAR_DIST":3.234359752111033}},{"type":"Feature","id":534,"geometry":{"type":"Point","coordinates":[197753.04430000018,1885739.6206]},"properties":{"OBJECTID":534,"Asset_ID":"GLY534","Name":"Gully","District_ID":"Dahariz al Shamaliyya","Wlyt_ID":"Salalah","Gov_ID":"Dhofar Governorate","Road_ID":"100418","Mun_ID":" ","Latitude":17.036062300000001,"Longitude":54.160912580000002,"GlobalID":"{F2F7E45C-4DDD-4CEA-8C8B-4C37E10AB648}","NEAR_FID":7239,"NEAR_DIST":10.276504895190815}},{"type":"Feature","id":535,"geometry":{"type":"Point","coordinates":[197728.6445000004,1885740.7098999992]},"properties":{"OBJECTID":535,"Asset_ID":"GLY535","Name":"Gully","District_ID":"Dahariz al Shamaliyya","Wlyt_ID":"Salalah","Gov_ID":"Dhofar Governorate","Road_ID":"100418","Mun_ID":" ","Latitude":17.036068929999999,"Longitude":54.16068344,"GlobalID":"{44F5EBCF-253C-47D4-BBA4-5EB8E2606D54}","NEAR_FID":7239,"NEAR_DIST":10.407013046973459}},{"type":"Feature","id":536,"geometry":{"type":"Point","coordinates":[197754.46030000038,1885777.6361999996]},"properties":{"OBJECTID":536,"Asset_ID":"GLY536","Name":"Gully","District_ID":"al Sada al Janubiyya","Wlyt_ID":"Salalah","Gov_ID":"Dhofar Governorate","Road_ID":"100251","Mun_ID":" ","Latitude":17.0364057,"Longitude":54.160920689999998,"GlobalID":"{FB4A5E5C-7739-4FDA-9252-CA05506FE7DE}","NEAR_FID":15938,"NEAR_DIST":2.4836867183142135}},{"type":"Feature","id":537,"geometry":{"type":"Point","coordinates":[197743.45859999955,1885783.7361999992]},"properties":{"OBJECTID":537,"Asset_ID":"GLY537","Name":"Gully","District_ID":"al Sada al Janubiyya","Wlyt_ID":"Salalah","Gov_ID":"Dhofar Governorate","Road_ID":"100251","Mun_ID":" ","Latitude":17.03645933,"Longitude":54.160816599999997,"GlobalID":"{351B1564-ECC7-41FC-8ACB-D5D0FD679FEF}","NEAR_FID":15938,"NEAR_DIST":1.7076384881300626}},{"type":"Feature","id":538,"geometry":{"type":"Point","coordinates":[197732.67480000015,1885774.0416000001]},"properties":{"OBJECTID":538,"Asset_ID":"GLY538","Name":"Gully","District_ID":"al Sada al Janubiyya","Wlyt_ID":"Salalah","Gov_ID":"Dhofar Governorate","Road_ID":"100418","Mun_ID":" ","Latitude":17.036370389999998,"Longitude":54.160716720000003,"GlobalID":"{7A86B3E9-F692-464C-B147-DDB331B15F25}","NEAR_FID":8849,"NEAR_DIST":8.0257147654346852}},{"type":"Feature","id":539,"geometry":{"type":"Point","coordinates":[197609.31469999999,1885749.9686999992]},"properties":{"OBJECTID":539,"Asset_ID":"GLY539","Name":"Gully","District_ID":"Dahariz al Shamaliyya","Wlyt_ID":"Salalah","Gov_ID":"Dhofar Governorate","Road_ID":"100418","Mun_ID":" ","Latitude":17.036136859999999,"Longitude":54.159562289999997,"GlobalID":"{C6F69E43-FC68-46B5-AA2C-20B44C521005}","NEAR_FID":10882,"NEAR_DIST":6.3004014782789355}},{"type":"Feature","id":540,"geometry":{"type":"Point","coordinates":[197584.69710000046,1885751.0580000002]},"properties":{"OBJECTID":540,"Asset_ID":"GLY540","Name":"Gully","District_ID":"Dahariz al Shamaliyya","Wlyt_ID":"Salalah","Gov_ID":"Dhofar Governorate","Road_ID":"100418","Mun_ID":" ","Latitude":17.036143469999999,"Longitude":54.159331100000003,"GlobalID":"{9E8C4E6F-D327-49FF-9CF6-CF810EF3273A}","NEAR_FID":10882,"NEAR_DIST":6.2455234899796039}},{"type":"Feature","id":541,"geometry":{"type":"Point","coordinates":[197559.31699999981,1885750.1864999998]},"properties":{"OBJECTID":541,"Asset_ID":"GLY541","Name":"Gully","District_ID":"Dahariz al Shamaliyya","Wlyt_ID":"Salalah","Gov_ID":"Dhofar Governorate","Road_ID":"100418","Mun_ID":" ","Latitude":17.03613227,"Longitude":54.159093030000001,"GlobalID":"{FE5D3A07-38D3-4310-AFB0-5C6DCE857C4B}","NEAR_FID":10882,"NEAR_DIST":8.2335433179276283}},{"type":"Feature","id":542,"geometry":{"type":"Point","coordinates":[197534.59049999993,1885751.4936999995]},"properties":{"OBJECTID":542,"Asset_ID":"GLY542","Name":"Gully","District_ID":"Dahariz al Shamaliyya","Wlyt_ID":"Salalah","Gov_ID":"Dhofar Governorate","Road_ID":"100418","Mun_ID":" ","Latitude":17.036140830000001,"Longitude":54.158860799999999,"GlobalID":"{9B3D8966-9E2A-4996-907D-A4E328108818}","NEAR_FID":10882,"NEAR_DIST":8.0162006791311704}},{"type":"Feature","id":543,"geometry":{"type":"Point","coordinates":[197541.56190000009,1885734.8278000001]},"properties":{"OBJECTID":543,"Asset_ID":"GLY543","Name":"Gully","District_ID":"Dahariz al Shamaliyya","Wlyt_ID":"Salalah","Gov_ID":"Dhofar Governorate","Road_ID":"100124","Mun_ID":" ","Latitude":17.03599127,"Longitude":54.158928500000002,"GlobalID":"{FC056E20-7B20-4DA5-88BF-3D3D0503B3D0}","NEAR_FID":11717,"NEAR_DIST":3.5889975515525379}},{"type":"Feature","id":544,"geometry":{"type":"Point","coordinates":[197558.55449999962,1885733.9563999996]},"properties":{"OBJECTID":544,"Asset_ID":"GLY544","Name":"Gully","District_ID":"Dahariz al Shamaliyya","Wlyt_ID":"Salalah","Gov_ID":"Dhofar Governorate","Road_ID":"100124","Mun_ID":" ","Latitude":17.03598564,"Longitude":54.159088089999997,"GlobalID":"{DB196B05-9426-4CCB-A982-76A302E419C4}","NEAR_FID":11717,"NEAR_DIST":3.4372323119968837}},{"type":"Feature","id":545,"geometry":{"type":"Point","coordinates":[197583.82569999993,1885732.8671000004]},"properties":{"OBJECTID":545,"Asset_ID":"GLY545","Name":"Gully","District_ID":"Dahariz al Shamaliyya","Wlyt_ID":"Salalah","Gov_ID":"Dhofar Governorate","Road_ID":"100124","Mun_ID":" ","Latitude":17.03597912,"Longitude":54.159325410000001,"GlobalID":"{8C1E9A60-C96B-475D-BF36-C0368CFDF789}","NEAR_FID":11717,"NEAR_DIST":3.4179798995303527}},{"type":"Feature","id":546,"geometry":{"type":"Point","coordinates":[197585.67740000039,1885782.8647000007]},"properties":{"OBJECTID":546,"Asset_ID":"GLY546","Name":"Gully","District_ID":"al Sada al Janubiyya","Wlyt_ID":"Salalah","Gov_ID":"Dhofar Governorate","Road_ID":"100418","Mun_ID":" ","Latitude":17.036430759999998,"Longitude":54.15933596,"GlobalID":"{A25021FA-8421-4469-834C-2F2E7C358EE0}","NEAR_FID":8189,"NEAR_DIST":8.3755587147106567}},{"type":"Feature","id":547,"geometry":{"type":"Point","coordinates":[197560.84200000018,1885783.9539999999]},"properties":{"OBJECTID":547,"Asset_ID":"GLY547","Name":"Gully","District_ID":"al Sada al Janubiyya","Wlyt_ID":"Salalah","Gov_ID":"Dhofar Governorate","Road_ID":"100418","Mun_ID":" ","Latitude":17.036437329999998,"Longitude":54.159102740000002,"GlobalID":"{26C8C1C2-FC01-45FE-AF1C-26DEC442D1DB}","NEAR_FID":8189,"NEAR_DIST":8.0030201587945466}},{"type":"Feature","id":548,"geometry":{"type":"Point","coordinates":[197536.00659999996,1885783.7361999992]},"properties":{"OBJECTID":548,"Asset_ID":"GLY548","Name":"Gully","District_ID":"al Sada al Janubiyya","Wlyt_ID":"Salalah","Gov_ID":"Dhofar Governorate","Road_ID":"100418","Mun_ID":" ","Latitude":17.03643211,"Longitude":54.158869690000003,"GlobalID":"{6F0F1450-557A-4342-89FC-0ACF450F906B}","NEAR_FID":8189,"NEAR_DIST":6.8361450715722984}},{"type":"Feature","id":549,"geometry":{"type":"Point","coordinates":[197586.11309999973,1885799.3127999995]},"properties":{"OBJECTID":549,"Asset_ID":"GLY549","Name":"Gully","District_ID":"al Sada al Janubiyya","Wlyt_ID":"Salalah","Gov_ID":"Dhofar Governorate","Road_ID":"100352","Mun_ID":" ","Latitude":17.036579320000001,"Longitude":54.159337809999997,"GlobalID":"{AC5DEC76-2C09-42D8-9285-3D1368915924}","NEAR_FID":9360,"NEAR_DIST":2.5157518256953741}},{"type":"Feature","id":550,"geometry":{"type":"Point","coordinates":[197611.8200000003,1885798.1146000009]},"properties":{"OBJECTID":550,"Asset_ID":"GLY550","Name":"Gully","District_ID":"al Sada al Janubiyya","Wlyt_ID":"Salalah","Gov_ID":"Dhofar Governorate","Road_ID":"100352","Mun_ID":" ","Latitude":17.03657187,"Longitude":54.159579229999999,"GlobalID":"{529F0BC8-E50A-469E-A0C2-76B31A595619}","NEAR_FID":9360,"NEAR_DIST":2.5251855260766942}},{"type":"Feature","id":551,"geometry":{"type":"Point","coordinates":[197636.21970000025,1885797.1341999993]},"properties":{"OBJECTID":551,"Asset_ID":"GLY551","Name":"Gully","District_ID":"al Sada al Janubiyya","Wlyt_ID":"Salalah","Gov_ID":"Dhofar Governorate","Road_ID":"100352","Mun_ID":" ","Latitude":17.036566220000001,"Longitude":54.159808349999999,"GlobalID":"{8DFAE9E5-0015-4885-9CFB-DA693D1ABD14}","NEAR_FID":9360,"NEAR_DIST":2.3774356440298283}},{"type":"Feature","id":552,"geometry":{"type":"Point","coordinates":[197561.49560000002,1885800.5109999999]},"properties":{"OBJECTID":552,"Asset_ID":"GLY552","Name":"Gully","District_ID":"al Sada al Janubiyya","Wlyt_ID":"Salalah","Gov_ID":"Dhofar Governorate","Road_ID":"100352","Mun_ID":" ","Latitude":17.0365869,"Longitude":54.159106610000002,"GlobalID":"{CBC7BB0F-DA6A-4EC8-AB05-5A6F0B213A8F}","NEAR_FID":9360,"NEAR_DIST":2.4559951130660989}},{"type":"Feature","id":553,"geometry":{"type":"Point","coordinates":[197536.00659999996,1885801.7092000004]},"properties":{"OBJECTID":553,"Asset_ID":"GLY553","Name":"Gully","District_ID":"al Sada al Janubiyya","Wlyt_ID":"Salalah","Gov_ID":"Dhofar Governorate","Road_ID":"100352","Mun_ID":" ","Latitude":17.03659437,"Longitude":54.158867239999999,"GlobalID":"{49732737-931B-4040-B55F-69D05FC547B5}","NEAR_FID":9360,"NEAR_DIST":2.4364958847251343}},{"type":"Feature","id":554,"geometry":{"type":"Point","coordinates":[197510.29970000032,1885802.9074000008]},"properties":{"OBJECTID":554,"Asset_ID":"GLY554","Name":"Gully","District_ID":"al Sada al Janubiyya","Wlyt_ID":"Salalah","Gov_ID":"Dhofar Governorate","Road_ID":"100352","Mun_ID":" ","Latitude":17.036601820000001,"Longitude":54.158625819999997,"GlobalID":"{5A8002EE-59A5-41F4-A20C-0586A4045DCD}","NEAR_FID":9360,"NEAR_DIST":2.4270621827130507}},{"type":"Feature","id":555,"geometry":{"type":"Point","coordinates":[197510.73539999966,1885783.4093999993]},"properties":{"OBJECTID":555,"Asset_ID":"GLY555","Name":"Gully","District_ID":"al Sada al Janubiyya","Wlyt_ID":"Salalah","Gov_ID":"Dhofar Governorate","Road_ID":"100418","Mun_ID":" ","Latitude":17.03642584,"Longitude":54.158632570000002,"GlobalID":"{C89F47BC-8A46-4E0C-8141-85CCB5128556}","NEAR_FID":8189,"NEAR_DIST":5.6057103734027418}},{"type":"Feature","id":556,"geometry":{"type":"Point","coordinates":[197508.77469999995,1885736.3528000005]},"properties":{"OBJECTID":556,"Asset_ID":"GLY556","Name":"Gully","District_ID":"Dahariz al Shamaliyya","Wlyt_ID":"Salalah","Gov_ID":"Dhofar Governorate","Road_ID":"100124","Mun_ID":" ","Latitude":17.036000739999999,"Longitude":54.158620589999998,"GlobalID":"{AB038C1B-CA5F-4358-89CE-822B70BAE283}","NEAR_FID":7859,"NEAR_DIST":3.5008656905013402}},{"type":"Feature","id":557,"geometry":{"type":"Point","coordinates":[197483.93929999974,1885737.3331000004]},"properties":{"OBJECTID":557,"Asset_ID":"GLY557","Name":"Gully","District_ID":"Dahariz al Shamaliyya","Wlyt_ID":"Salalah","Gov_ID":"Dhofar Governorate","Road_ID":"100124","Mun_ID":" ","Latitude":17.036006329999999,"Longitude":54.158387380000001,"GlobalID":"{571E9B1C-EB36-4684-A1DE-D09DBD827D82}","NEAR_FID":7859,"NEAR_DIST":3.2312122273247597}},{"type":"Feature","id":558,"geometry":{"type":"Point","coordinates":[197484.59289999958,1885753.4543999992]},"properties":{"OBJECTID":558,"Asset_ID":"GLY558","Name":"Gully","District_ID":"Dahariz al Shamaliyya","Wlyt_ID":"Salalah","Gov_ID":"Dhofar Governorate","Road_ID":"100418","Mun_ID":" ","Latitude":17.036151960000002,"Longitude":54.158391309999999,"GlobalID":"{C27FD7F2-2AA5-4AB8-AF0C-98820EE04513}","NEAR_FID":7674,"NEAR_DIST":8.2585556123373447}},{"type":"Feature","id":559,"geometry":{"type":"Point","coordinates":[197509.64620000031,1885752.3651000001]},"properties":{"OBJECTID":559,"Asset_ID":"GLY559","Name":"Gully","District_ID":"Dahariz al Shamaliyya","Wlyt_ID":"Salalah","Gov_ID":"Dhofar Governorate","Road_ID":"100418","Mun_ID":" ","Latitude":17.03614542,"Longitude":54.158626580000004,"GlobalID":"{2FC7885B-7F72-4328-A673-16134415CE20}","NEAR_FID":12431,"NEAR_DIST":3.9324613317182018}},{"type":"Feature","id":560,"geometry":{"type":"Point","coordinates":[197458.12349999975,1885738.6402000003]},"properties":{"OBJECTID":560,"Asset_ID":"GLY560","Name":"Gully","District_ID":"Dahariz al Shamaliyya","Wlyt_ID":"Salalah","Gov_ID":"Dhofar Governorate","Road_ID":"100124","Mun_ID":" ","Latitude":17.036014739999999,"Longitude":54.158144919999998,"GlobalID":"{C86212F9-FC10-4582-AB2B-E4315FD43B89}","NEAR_FID":7859,"NEAR_DIST":3.121071853108591}},{"type":"Feature","id":561,"geometry":{"type":"Point","coordinates":[197459.43070000038,1885754.7614999991]},"properties":{"OBJECTID":561,"Asset_ID":"GLY561","Name":"Gully","District_ID":"Dahariz al Shamaliyya","Wlyt_ID":"Salalah","Gov_ID":"Dhofar Governorate","Road_ID":"100418","Mun_ID":" ","Latitude":17.036160460000001,"Longitude":54.15815499,"GlobalID":"{2A72FC64-3EF2-4098-AAFE-90361A71EBFB}","NEAR_FID":7674,"NEAR_DIST":8.0604917073370448}},{"type":"Feature","id":562,"geometry":{"type":"Point","coordinates":[197485.79110000003,1885783.9539999999]},"properties":{"OBJECTID":562,"Asset_ID":"GLY562","Name":"Gully","District_ID":"al Sada al Janubiyya","Wlyt_ID":"Salalah","Gov_ID":"Dhofar Governorate","Road_ID":"100418","Mun_ID":" ","Latitude":17.03642748,"Longitude":54.158398390000002,"GlobalID":"{A23F4A32-4D9C-4C05-9BA5-F5A5FDD91D17}","NEAR_FID":8189,"NEAR_DIST":5.264372756164847}},{"type":"Feature","id":563,"geometry":{"type":"Point","coordinates":[197460.73780000024,1885785.0432999991]},"properties":{"OBJECTID":563,"Asset_ID":"GLY563","Name":"Gully","District_ID":"al Sada al Janubiyya","Wlyt_ID":"Salalah","Gov_ID":"Dhofar Governorate","Road_ID":"100418","Mun_ID":" ","Latitude":17.036434029999999,"Longitude":54.158163119999998,"GlobalID":"{FC1D27FE-8F42-4A96-ACDC-61673F490692}","NEAR_FID":8189,"NEAR_DIST":5.208837409144305}},{"type":"Feature","id":564,"geometry":{"type":"Point","coordinates":[197435.90240000002,1885787.4397]},"properties":{"OBJECTID":564,"Asset_ID":"GLY564","Name":"Gully","District_ID":"al Sada al Janubiyya","Wlyt_ID":"Salalah","Gov_ID":"Dhofar Governorate","Road_ID":"100418","Mun_ID":" ","Latitude":17.036452400000002,"Longitude":54.157929719999998,"GlobalID":"{95B55418-2EAF-46BA-A84C-AE3D1A1B7564}","NEAR_FID":8189,"NEAR_DIST":6.1752721675202746}},{"type":"Feature","id":565,"geometry":{"type":"Point","coordinates":[197438.08090000041,1885806.1752000004]},"properties":{"OBJECTID":565,"Asset_ID":"GLY565","Name":"Gully","District_ID":"al Sada al Janubiyya","Wlyt_ID":"Salalah","Gov_ID":"Dhofar Governorate","Road_ID":"100352","Mun_ID":" ","Latitude":17.036621839999999,"Longitude":54.157947610000001,"GlobalID":"{AD10E831-10DE-4966-BE44-BE14B424B2EE}","NEAR_FID":9360,"NEAR_DIST":3.1510290071042459}},{"type":"Feature","id":566,"geometry":{"type":"Point","coordinates":[197462.26279999968,1885804.8681000005]},"properties":{"OBJECTID":566,"Asset_ID":"GLY566","Name":"Gully","District_ID":"al Sada al Janubiyya","Wlyt_ID":"Salalah","Gov_ID":"Dhofar Governorate","Road_ID":"100352","Mun_ID":" ","Latitude":17.036613209999999,"Longitude":54.158174729999999,"GlobalID":"{97526515-0375-493A-964A-21D7853F1991}","NEAR_FID":9360,"NEAR_DIST":3.1092641510729631}},{"type":"Feature","id":567,"geometry":{"type":"Point","coordinates":[197486.66249999963,1885803.9966000002]},"properties":{"OBJECTID":567,"Asset_ID":"GLY567","Name":"Gully","District_ID":"al Sada al Janubiyya","Wlyt_ID":"Salalah","Gov_ID":"Dhofar Governorate","Road_ID":"100352","Mun_ID":" ","Latitude":17.03660855,"Longitude":54.158403839999998,"GlobalID":"{59BD8E02-3186-4A71-A9D1-90D2899B9139}","NEAR_FID":9360,"NEAR_DIST":2.6204448504392701}},{"type":"Feature","id":568,"geometry":{"type":"Point","coordinates":[197437.64520000014,1885739.5117000006]},"properties":{"OBJECTID":568,"Asset_ID":"GLY568","Name":"Gully","District_ID":"Dahariz al Shamaliyya","Wlyt_ID":"Salalah","Gov_ID":"Dhofar Governorate","Road_ID":"100124","Mun_ID":" ","Latitude":17.036019920000001,"Longitude":54.157952620000003,"GlobalID":"{FC3BF1DF-8E76-4648-959C-4AAA88BA1533}","NEAR_FID":7859,"NEAR_DIST":2.8685991698039985}},{"type":"Feature","id":569,"geometry":{"type":"Point","coordinates":[197439.06340000033,1885755.6389000006]},"properties":{"OBJECTID":569,"Asset_ID":"GLY569","Name":"Gully","District_ID":"Dahariz al Shamaliyya","Wlyt_ID":"Salalah","Gov_ID":"Dhofar Governorate","Road_ID":"100418","Mun_ID":" ","Latitude":17.036165709999999,"Longitude":54.157963729999999,"GlobalID":"{CB374413-4C0D-4B41-ABF9-504993F54392}","NEAR_FID":7674,"NEAR_DIST":8.1006959781627685}},{"type":"Feature","id":570,"geometry":{"type":"Point","coordinates":[197408.49349999987,1885740.7098999992]},"properties":{"OBJECTID":570,"Asset_ID":"GLY570","Name":"Gully","District_ID":"Dahariz al Shamaliyya","Wlyt_ID":"Salalah","Gov_ID":"Dhofar Governorate","Road_ID":"100124","Mun_ID":" ","Latitude":17.03602691,"Longitude":54.157678869999998,"GlobalID":"{28786346-C2B1-46EB-80F7-01F27776F808}","NEAR_FID":5871,"NEAR_DIST":2.8065428201139002}},{"type":"Feature","id":571,"geometry":{"type":"Point","coordinates":[197383.38580000028,1885741.8535999991]},"properties":{"OBJECTID":571,"Asset_ID":"GLY571","Name":"Gully","District_ID":"Dahariz al Shamaliyya","Wlyt_ID":"Salalah","Gov_ID":"Dhofar Governorate","Road_ID":"100124","Mun_ID":" ","Latitude":17.036033939999999,"Longitude":54.15744308,"GlobalID":"{7892BD77-A6E2-4BDE-A715-20987F9E4DAF}","NEAR_FID":5871,"NEAR_DIST":2.9934938784549532}},{"type":"Feature","id":572,"geometry":{"type":"Point","coordinates":[197358.44139999989,1885743.1063000001]},"properties":{"OBJECTID":572,"Asset_ID":"GLY572","Name":"Gully","District_ID":"Dahariz al Shamaliyya","Wlyt_ID":"Salalah","Gov_ID":"Dhofar Governorate","Road_ID":"100124","Mun_ID":" ","Latitude":17.036041969999999,"Longitude":54.15720881,"GlobalID":"{42128AD0-DFFE-4B53-89FA-9D56CB91B720}","NEAR_FID":5871,"NEAR_DIST":3.2955831931678929}},{"type":"Feature","id":573,"geometry":{"type":"Point","coordinates":[197335.94790000003,1885744.1411000006]},"properties":{"OBJECTID":573,"Asset_ID":"GLY573","Name":"Gully","District_ID":"Dahariz al Shamaliyya","Wlyt_ID":"Salalah","Gov_ID":"Dhofar Governorate","Road_ID":"100124","Mun_ID":" ","Latitude":17.036048359999999,"Longitude":54.156997570000001,"GlobalID":"{27CE795F-84E8-47C4-BB73-26C938AD2E91}","NEAR_FID":5871,"NEAR_DIST":3.3522634894090224}},{"type":"Feature","id":574,"geometry":{"type":"Point","coordinates":[197309.31520000007,1885745.3392999992]},"properties":{"OBJECTID":574,"Asset_ID":"GLY574","Name":"Gully","District_ID":"Dahariz al Shamaliyya","Wlyt_ID":"Salalah","Gov_ID":"Dhofar Governorate","Road_ID":"100124","Mun_ID":" ","Latitude":17.03605568,"Longitude":54.156747459999998,"GlobalID":"{BD28477C-84FD-4464-9AD7-F362BF0C2447}","NEAR_FID":5871,"NEAR_DIST":3.3216122383316815}},{"type":"Feature","id":575,"geometry":{"type":"Point","coordinates":[197284.15299999993,1885746.4286000002]},"properties":{"OBJECTID":575,"Asset_ID":"GLY575","Name":"Gully","District_ID":"Dahariz al Shamaliyya","Wlyt_ID":"Salalah","Gov_ID":"Dhofar Governorate","Road_ID":"100124","Mun_ID":" ","Latitude":17.036062210000001,"Longitude":54.156511170000002,"GlobalID":"{219266BF-9AFE-4B25-AF72-B36CEA16D32F}","NEAR_FID":5871,"NEAR_DIST":3.2499563078572367}},{"type":"Feature","id":576,"geometry":{"type":"Point","coordinates":[197284.80659999978,1885761.6239]},"properties":{"OBJECTID":576,"Asset_ID":"GLY576","Name":"Gully","District_ID":"Dahariz al Shamaliyya","Wlyt_ID":"Salalah","Gov_ID":"Dhofar Governorate","Road_ID":"100418","Mun_ID":" ","Latitude":17.036199480000001,"Longitude":54.156515229999997,"GlobalID":"{932C1E0E-8A72-4DC8-949B-2F925E40D586}","NEAR_FID":12986,"NEAR_DIST":5.8576673677075863}},{"type":"Feature","id":577,"geometry":{"type":"Point","coordinates":[197309.69649999961,1885760.5346000008]},"properties":{"OBJECTID":577,"Asset_ID":"GLY577","Name":"Gully","District_ID":"Dahariz al Shamaliyya","Wlyt_ID":"Salalah","Gov_ID":"Dhofar Governorate","Road_ID":"100418","Mun_ID":" ","Latitude":17.036192920000001,"Longitude":54.156748970000002,"GlobalID":"{677307AB-5644-45A3-B3D9-F0C78A8FD020}","NEAR_FID":12986,"NEAR_DIST":9.463536881697058}},{"type":"Feature","id":578,"geometry":{"type":"Point","coordinates":[197336.00239999965,1885760.9703000002]},"properties":{"OBJECTID":578,"Asset_ID":"GLY578","Name":"Gully","District_ID":"Dahariz al Shamaliyya","Wlyt_ID":"Salalah","Gov_ID":"Dhofar Governorate","Road_ID":"100418","Mun_ID":" ","Latitude":17.036200310000002,"Longitude":54.156995790000003,"GlobalID":"{1294976E-021B-410D-81F1-80365C82F8AA}","NEAR_FID":7674,"NEAR_DIST":7.7604822148982979}},{"type":"Feature","id":579,"geometry":{"type":"Point","coordinates":[197359.5307,1885761.1882000007]},"properties":{"OBJECTID":579,"Asset_ID":"GLY579","Name":"Gully","District_ID":"Dahariz al Shamaliyya","Wlyt_ID":"Salalah","Gov_ID":"Dhofar Governorate","Road_ID":"100418","Mun_ID":" ","Latitude":17.03620536,"Longitude":54.157216570000003,"GlobalID":"{191A94DE-BF1D-426D-8922-60BE10C9E592}","NEAR_FID":7674,"NEAR_DIST":6.4047995313569697}},{"type":"Feature","id":580,"geometry":{"type":"Point","coordinates":[197384.96520000044,1885760.0445000008]},"properties":{"OBJECTID":580,"Asset_ID":"GLY580","Name":"Gully","District_ID":"Dahariz al Shamaliyya","Wlyt_ID":"Salalah","Gov_ID":"Dhofar Governorate","Road_ID":"100418","Mun_ID":" ","Latitude":17.036198379999998,"Longitude":54.157455419999998,"GlobalID":"{673C3590-2EBA-4F33-B33D-5E79F67D4983}","NEAR_FID":7674,"NEAR_DIST":6.3169223746717282}},{"type":"Feature","id":581,"geometry":{"type":"Point","coordinates":[197409.36500000022,1885759.0640999991]},"properties":{"OBJECTID":581,"Asset_ID":"GLY581","Name":"Gully","District_ID":"Dahariz al Shamaliyya","Wlyt_ID":"Salalah","Gov_ID":"Dhofar Governorate","Road_ID":"100418","Mun_ID":" ","Latitude":17.03619273,"Longitude":54.157684539999998,"GlobalID":"{1FED3A38-6876-473B-8E95-C1FDDCDC1678}","NEAR_FID":7674,"NEAR_DIST":6.1159836448009273}},{"type":"Feature","id":582,"geometry":{"type":"Point","coordinates":[197410.88989999983,1885790.1084000003]},"properties":{"OBJECTID":582,"Asset_ID":"GLY582","Name":"Gully","District_ID":"al Sada al Janubiyya","Wlyt_ID":"Salalah","Gov_ID":"Dhofar Governorate","Road_ID":"100418","Mun_ID":" ","Latitude":17.03647321,"Longitude":54.157694620000001,"GlobalID":"{BB20EFD7-67CF-4407-8828-DD5935638DC8}","NEAR_FID":8189,"NEAR_DIST":7.8964600082224505}},{"type":"Feature","id":583,"geometry":{"type":"Point","coordinates":[197412.85059999954,1885807.2100000009]},"properties":{"OBJECTID":583,"Asset_ID":"GLY583","Name":"Gully","District_ID":"al Sada al Janubiyya","Wlyt_ID":"Salalah","Gov_ID":"Dhofar Governorate","Road_ID":"100352","Mun_ID":" ","Latitude":17.03662787,"Longitude":54.157710680000001,"GlobalID":"{544D9DDC-2A83-400F-842A-65CD33796B70}","NEAR_FID":9360,"NEAR_DIST":3.5230629131021813}},{"type":"Feature","id":584,"geometry":{"type":"Point","coordinates":[197386.05449999962,1885791.5244999994]},"properties":{"OBJECTID":584,"Asset_ID":"GLY584","Name":"Gully","District_ID":"al Sada al Janubiyya","Wlyt_ID":"Salalah","Gov_ID":"Dhofar Governorate","Road_ID":"100418","Mun_ID":" ","Latitude":17.036482729999999,"Longitude":54.157461349999998,"GlobalID":"{680EDC81-C7A0-4D60-BA0B-8720CD013F5D}","NEAR_FID":8189,"NEAR_DIST":8.270847058115093}},{"type":"Feature","id":585,"geometry":{"type":"Point","coordinates":[197387.47059999965,1885808.5171000008]},"properties":{"OBJECTID":585,"Asset_ID":"GLY585","Name":"Gully","District_ID":"al Sada al Janubiyya","Wlyt_ID":"Salalah","Gov_ID":"Dhofar Governorate","Road_ID":"100352","Mun_ID":" ","Latitude":17.03663633,"Longitude":54.157472319999997,"GlobalID":"{C9967D9E-99AD-490C-8638-50C04633D813}","NEAR_FID":9360,"NEAR_DIST":3.5916931844385092}},{"type":"Feature","id":586,"geometry":{"type":"Point","coordinates":[197382.45990000013,1885806.0118000004]},"properties":{"OBJECTID":586,"Asset_ID":"GLY586","Name":"Gully","District_ID":"al Sada al Janubiyya","Wlyt_ID":"Salalah","Gov_ID":"Dhofar Governorate","Road_ID":"100352","Mun_ID":" ","Latitude":17.036613060000001,"Longitude":54.157425629999999,"GlobalID":"{3755C78B-EA19-46EB-AAF8-FAE7D82678A2}","NEAR_FID":9360,"NEAR_DIST":6.2898115109270103}},{"type":"Feature","id":587,"geometry":{"type":"Point","coordinates":[197368.19039999973,1885809.3884999994]},"properties":{"OBJECTID":587,"Asset_ID":"GLY587","Name":"Gully","District_ID":"al Sada al Janubiyya","Wlyt_ID":"Salalah","Gov_ID":"Dhofar Governorate","Road_ID":"100352","Mun_ID":" ","Latitude":17.036641670000002,"Longitude":54.15729125,"GlobalID":"{C0B976DB-F263-4BC1-86EE-7A1D22663CAD}","NEAR_FID":9360,"NEAR_DIST":3.4701597719236212}},{"type":"Feature","id":588,"geometry":{"type":"Point","coordinates":[197367.10120000038,1885792.5047999993]},"properties":{"OBJECTID":588,"Asset_ID":"GLY588","Name":"Gully","District_ID":"al Sada al Janubiyya","Wlyt_ID":"Salalah","Gov_ID":"Dhofar Governorate","Road_ID":"100418","Mun_ID":" ","Latitude":17.03648909,"Longitude":54.157283339999999,"GlobalID":"{7DAF4B5F-5FD0-42F9-9769-F9FC9F7E1A8F}","NEAR_FID":18795,"NEAR_DIST":1.9283672096312319}},{"type":"Feature","id":589,"geometry":{"type":"Point","coordinates":[197337.79970000032,1885810.6956999991]},"properties":{"OBJECTID":589,"Asset_ID":"GLY589","Name":"Gully","District_ID":"al Sada al Janubiyya","Wlyt_ID":"Salalah","Gov_ID":"Dhofar Governorate","Road_ID":"100352","Mun_ID":" ","Latitude":17.036649480000001,"Longitude":54.157005859999998,"GlobalID":"{3CE9C341-2DEF-4554-89BD-3AE60DD68129}","NEAR_FID":4799,"NEAR_DIST":3.3449117711779475}},{"type":"Feature","id":590,"geometry":{"type":"Point","coordinates":[197336.0569000002,1885790.9798000008]},"properties":{"OBJECTID":590,"Asset_ID":"GLY590","Name":"Gully","District_ID":"al Sada al Janubiyya","Wlyt_ID":"Salalah","Gov_ID":"Dhofar Governorate","Road_ID":"100418","Mun_ID":" ","Latitude":17.036471250000002,"Longitude":54.156992199999998,"GlobalID":"{4A901345-3AAD-4DD8-B9AD-9FEBB7880DF2}","NEAR_FID":9025,"NEAR_DIST":5.6084803892573163}},{"type":"Feature","id":591,"geometry":{"type":"Point","coordinates":[197311.33040000033,1885792.0691]},"properties":{"OBJECTID":591,"Asset_ID":"GLY591","Name":"Gully","District_ID":"al Sada al Janubiyya","Wlyt_ID":"Salalah","Gov_ID":"Dhofar Governorate","Road_ID":"100418","Mun_ID":" ","Latitude":17.036477829999999,"Longitude":54.156759999999998,"GlobalID":"{9B87FCC5-6AFA-4C42-BE6E-CBC2AE03416A}","NEAR_FID":9025,"NEAR_DIST":5.5221855909048072}},{"type":"Feature","id":592,"geometry":{"type":"Point","coordinates":[197312.52859999985,1885811.2402999997]},"properties":{"OBJECTID":592,"Asset_ID":"GLY592","Name":"Gully","District_ID":"al Sada al Janubiyya","Wlyt_ID":"Salalah","Gov_ID":"Dhofar Governorate","Road_ID":"100352","Mun_ID":" ","Latitude":17.036651079999999,"Longitude":54.156768620000001,"GlobalID":"{C9A381CF-A80B-4661-91A6-E43C27206718}","NEAR_FID":4799,"NEAR_DIST":3.7827496122921405}},{"type":"Feature","id":593,"geometry":{"type":"Point","coordinates":[197287.36639999971,1885812.9831000008]},"properties":{"OBJECTID":593,"Asset_ID":"GLY593","Name":"Gully","District_ID":"al Sada al Janubiyya","Wlyt_ID":"Salalah","Gov_ID":"Dhofar Governorate","Road_ID":"100352","Mun_ID":" ","Latitude":17.0366635,"Longitude":54.156532239999997,"GlobalID":"{7B345B11-9B70-4751-9C1C-17E42D784CEE}","NEAR_FID":18679,"NEAR_DIST":3.171918277504473}},{"type":"Feature","id":594,"geometry":{"type":"Point","coordinates":[197286.16820000019,1885796.0994000006]},"properties":{"OBJECTID":594,"Asset_ID":"GLY594","Name":"Gully","District_ID":"al Sada al Janubiyya","Wlyt_ID":"Salalah","Gov_ID":"Dhofar Governorate","Road_ID":"100418","Mun_ID":" ","Latitude":17.036510920000001,"Longitude":54.156523300000003,"GlobalID":"{4A6A7694-1F70-4458-BCE1-BB8888069BA8}","NEAR_FID":4805,"NEAR_DIST":8.3444735374589953}},{"type":"Feature","id":595,"geometry":{"type":"Point","coordinates":[197261.2237999998,1885797.2975999992]},"properties":{"OBJECTID":595,"Asset_ID":"GLY595","Name":"Gully","District_ID":"al Sada al Janubiyya","Wlyt_ID":"Salalah","Gov_ID":"Dhofar Governorate","Road_ID":"100418","Mun_ID":" ","Latitude":17.03651846,"Longitude":54.156289039999997,"GlobalID":"{EBDB1764-B30D-49D9-936D-9DEDD27F9C5B}","NEAR_FID":4805,"NEAR_DIST":8.3562474333333299}},{"type":"Feature","id":596,"geometry":{"type":"Point","coordinates":[197236.17050000001,1885797.4065000005]},"properties":{"OBJECTID":596,"Asset_ID":"GLY596","Name":"Gully","District_ID":"al Sada al Janubiyya","Wlyt_ID":"Salalah","Gov_ID":"Dhofar Governorate","Road_ID":"100418","Mun_ID":" ","Latitude":17.036516150000001,"Longitude":54.156053900000003,"GlobalID":"{1B29D1C4-8147-4D85-811D-D1D067548550}","NEAR_FID":4805,"NEAR_DIST":7.3894178634635752}},{"type":"Feature","id":597,"geometry":{"type":"Point","coordinates":[197236.38839999959,1885815.2706000004]},"properties":{"OBJECTID":597,"Asset_ID":"GLY597","Name":"Gully","District_ID":"al Sada al Janubiyya","Wlyt_ID":"Salalah","Gov_ID":"Dhofar Governorate","Road_ID":"100352","Mun_ID":" ","Latitude":17.03667746,"Longitude":54.15605351,"GlobalID":"{6DA1A558-E38C-4E8E-B4A1-3082F1BD77BF}","NEAR_FID":18679,"NEAR_DIST":3.3317543337869915}},{"type":"Feature","id":598,"geometry":{"type":"Point","coordinates":[197261.2237999998,1885814.0723999999]},"properties":{"OBJECTID":598,"Asset_ID":"GLY598","Name":"Gully","District_ID":"al Sada al Janubiyya","Wlyt_ID":"Salalah","Gov_ID":"Dhofar Governorate","Road_ID":"100352","Mun_ID":" ","Latitude":17.0366699,"Longitude":54.15628675,"GlobalID":"{C1477D75-9AD9-4413-A104-811C8EC739CA}","NEAR_FID":18679,"NEAR_DIST":3.3375677411438236}},{"type":"Feature","id":599,"geometry":{"type":"Point","coordinates":[197259.58990000002,1885762.8765999991]},"properties":{"OBJECTID":599,"Asset_ID":"GLY599","Name":"Gully","District_ID":"Dahariz al Shamaliyya","Wlyt_ID":"Salalah","Gov_ID":"Dhofar Governorate","Road_ID":"100418","Mun_ID":" ","Latitude":17.036207480000002,"Longitude":54.156278409999999,"GlobalID":"{C782FF8D-A2C1-4EFC-AB3F-70D197B7FDF1}","NEAR_FID":12986,"NEAR_DIST":1.9428814730508805}},{"type":"Feature","id":600,"geometry":{"type":"Point","coordinates":[197234.97229999956,1885767.0157999992]},"properties":{"OBJECTID":600,"Asset_ID":"GLY600","Name":"Gully","District_ID":"Dahariz al Shamaliyya","Wlyt_ID":"Salalah","Gov_ID":"Dhofar Governorate","Road_ID":"100418","Mun_ID":" ","Latitude":17.036241610000001,"Longitude":54.156046809999999,"GlobalID":"{FE2A87BB-C9CB-44A4-83BE-DEBF30821A3B}","NEAR_FID":9785,"NEAR_DIST":6.6088346196285572}},{"type":"Feature","id":601,"geometry":{"type":"Point","coordinates":[197211.33509999979,1885816.4688000008]},"properties":{"OBJECTID":601,"Asset_ID":"GLY601","Name":"Gully","District_ID":"al Sada al Janubiyya","Wlyt_ID":"Salalah","Gov_ID":"Dhofar Governorate","Road_ID":"100352","Mun_ID":" ","Latitude":17.03668498,"Longitude":54.15581822,"GlobalID":"{395C369B-1ADD-46EB-9A64-28CDD095212D}","NEAR_FID":18679,"NEAR_DIST":3.3363905519278445}},{"type":"Feature","id":602,"geometry":{"type":"Point","coordinates":[197187.69790000003,1885817.4492000006]},"properties":{"OBJECTID":602,"Asset_ID":"GLY602","Name":"Gully","District_ID":"al Sada al Janubiyya","Wlyt_ID":"Salalah","Gov_ID":"Dhofar Governorate","Road_ID":"100352","Mun_ID":" ","Latitude":17.03669073,"Longitude":54.155596250000002,"GlobalID":"{C2C6F692-79C1-4F29-9B9F-261D05D66614}","NEAR_FID":18679,"NEAR_DIST":3.4869077909800552}},{"type":"Feature","id":603,"geometry":{"type":"Point","coordinates":[197211.33509999979,1885797.1886999998]},"properties":{"OBJECTID":603,"Asset_ID":"GLY603","Name":"Gully","District_ID":"al Sada al Janubiyya","Wlyt_ID":"Salalah","Gov_ID":"Dhofar Governorate","Road_ID":"100418","Mun_ID":" ","Latitude":17.036510920000001,"Longitude":54.155820849999998,"GlobalID":"{E754D413-B376-4204-B171-D79FBCAC94BE}","NEAR_FID":4805,"NEAR_DIST":6.1055447717624878}},{"type":"Feature","id":604,"geometry":{"type":"Point","coordinates":[197186.06400000025,1885797.6243999992]},"properties":{"OBJECTID":604,"Asset_ID":"GLY604","Name":"Gully","District_ID":"al Sada al Janubiyya","Wlyt_ID":"Salalah","Gov_ID":"Dhofar Governorate","Road_ID":"100418","Mun_ID":" ","Latitude":17.036511529999999,"Longitude":54.155583630000002,"GlobalID":"{B4179251-F8CD-4B2B-869E-CF0958C2AC93}","NEAR_FID":4805,"NEAR_DIST":5.4558629211766823}},{"type":"Feature","id":605,"geometry":{"type":"Point","coordinates":[197206.76009999961,1885752.7463000007]},"properties":{"OBJECTID":605,"Asset_ID":"GLY605","Name":"Gully","District_ID":"Dahariz al Shamaliyya","Wlyt_ID":"Salalah","Gov_ID":"Dhofar Governorate","Road_ID":"100418","Mun_ID":" ","Latitude":17.036109079999999,"Longitude":54.155783990000003,"GlobalID":"{F55E42E7-82D1-466C-B6BE-8CDCDD562894}","NEAR_FID":10701,"NEAR_DIST":2.5044752953449625}},{"type":"Feature","id":606,"geometry":{"type":"Point","coordinates":[197233.01159999985,1885749.0427999999]},"properties":{"OBJECTID":606,"Asset_ID":"GLY606","Name":"Gully","District_ID":"Dahariz al Shamaliyya","Wlyt_ID":"Salalah","Gov_ID":"Dhofar Governorate","Road_ID":"100124","Mun_ID":" ","Latitude":17.036079090000001,"Longitude":54.156030860000001,"GlobalID":"{6FBEBFCD-5147-4183-AD69-116FA4550A5A}","NEAR_FID":7291,"NEAR_DIST":3.5041179393214574}},{"type":"Feature","id":607,"geometry":{"type":"Point","coordinates":[197183.99430000037,1885751.1124000009]},"properties":{"OBJECTID":607,"Asset_ID":"GLY607","Name":"Gully","District_ID":"Dahariz al Shamaliyya","Wlyt_ID":"Salalah","Gov_ID":"Dhofar Governorate","Road_ID":"100124","Mun_ID":" ","Latitude":17.036091330000001,"Longitude":54.155570560000001,"GlobalID":"{1131F57E-1C6C-4CA4-94F5-C7F71DF1B840}","NEAR_FID":16209,"NEAR_DIST":3.1487914978395422}},{"type":"Feature","id":608,"geometry":{"type":"Point","coordinates":[197158.50530000031,1885752.2017000001]},"properties":{"OBJECTID":608,"Asset_ID":"GLY608","Name":"Gully","District_ID":"Dahariz al Shamaliyya","Wlyt_ID":"Salalah","Gov_ID":"Dhofar Governorate","Road_ID":"100124","Mun_ID":" ","Latitude":17.036097819999998,"Longitude":54.155331199999999,"GlobalID":"{D88EA776-CA93-4462-9675-27391F730251}","NEAR_FID":16209,"NEAR_DIST":2.9395776701643781}},{"type":"Feature","id":609,"geometry":{"type":"Point","coordinates":[197210.02799999993,1885768.2139999997]},"properties":{"OBJECTID":609,"Asset_ID":"GLY609","Name":"Gully","District_ID":"Dahariz al Shamaliyya","Wlyt_ID":"Salalah","Gov_ID":"Dhofar Governorate","Road_ID":"100418","Mun_ID":" ","Latitude":17.03624915,"Longitude":54.15581255,"GlobalID":"{36683E6C-5F2C-4F2E-A899-550A1A2CE24D}","NEAR_FID":9785,"NEAR_DIST":6.4695008693880167}},{"type":"Feature","id":610,"geometry":{"type":"Point","coordinates":[197185.08359999955,1885769.3033000007]},"properties":{"OBJECTID":610,"Asset_ID":"GLY610","Name":"Gully","District_ID":"Dahariz al Shamaliyya","Wlyt_ID":"Salalah","Gov_ID":"Dhofar Governorate","Road_ID":"100418","Mun_ID":" ","Latitude":17.036255709999999,"Longitude":54.155578300000002,"GlobalID":"{3A247C4A-D118-4D16-ADEB-5280793421EC}","NEAR_FID":9785,"NEAR_DIST":6.3432290059440168}},{"type":"Feature","id":611,"geometry":{"type":"Point","coordinates":[197159.92140000034,1885770.5014999993]},"properties":{"OBJECTID":611,"Asset_ID":"GLY611","Name":"Gully","District_ID":"Dahariz al Shamaliyya","Wlyt_ID":"Salalah","Gov_ID":"Dhofar Governorate","Road_ID":"100418","Mun_ID":" ","Latitude":17.036263219999999,"Longitude":54.155341989999997,"GlobalID":"{1BD62954-97EC-41BF-906B-D36455EC14B2}","NEAR_FID":9785,"NEAR_DIST":6.1165397192225521}},{"type":"Feature","id":612,"geometry":{"type":"Point","coordinates":[197161.33750000037,1885798.7137000002]},"properties":{"OBJECTID":612,"Asset_ID":"GLY612","Name":"Gully","District_ID":"al Sada al Janubiyya","Wlyt_ID":"Salalah","Gov_ID":"Dhofar Governorate","Road_ID":"100418","Mun_ID":" ","Latitude":17.036518109999999,"Longitude":54.155351430000003,"GlobalID":"{2B95D766-195D-4702-8340-7C24BDF3229C}","NEAR_FID":4805,"NEAR_DIST":5.4825600613699317}},{"type":"Feature","id":613,"geometry":{"type":"Point","coordinates":[197109.1612999998,1885803.1797000002]},"properties":{"OBJECTID":613,"Asset_ID":"GLY613","Name":"Gully","District_ID":"al Sada al Janubiyya","Wlyt_ID":"Salalah","Gov_ID":"Dhofar Governorate","Road_ID":"100418","Mun_ID":" ","Latitude":17.036551580000001,"Longitude":54.154861150000002,"GlobalID":"{3A03C6CC-D09B-43DD-AB3C-9AD25C1E560B}","NEAR_FID":4805,"NEAR_DIST":7.6139575779233617}},{"type":"Feature","id":614,"geometry":{"type":"Point","coordinates":[197110.25050000008,1885821.1526999995]},"properties":{"OBJECTID":614,"Asset_ID":"GLY614","Name":"Gully","District_ID":"al Sada al Janubiyya","Wlyt_ID":"Salalah","Gov_ID":"Dhofar Governorate","Road_ID":"100352","Mun_ID":" ","Latitude":17.036713989999999,"Longitude":54.154868919999998,"GlobalID":"{1B83922F-FDCE-47D6-BE2E-2E162A05D468}","NEAR_FID":18679,"NEAR_DIST":3.0821690463971647}},{"type":"Feature","id":615,"geometry":{"type":"Point","coordinates":[197138.24490000028,1885819.7366000004]},"properties":{"OBJECTID":615,"Asset_ID":"GLY615","Name":"Gully","District_ID":"al Sada al Janubiyya","Wlyt_ID":"Salalah","Gov_ID":"Dhofar Governorate","Road_ID":"100352","Mun_ID":" ","Latitude":17.036704879999998,"Longitude":54.155131830000002,"GlobalID":"{981A5113-E3B7-4294-B3BE-7E994E8B96B7}","NEAR_FID":18679,"NEAR_DIST":3.3058174919054255}},{"type":"Feature","id":616,"geometry":{"type":"Point","coordinates":[197136.17520000041,1885799.8028999995]},"properties":{"OBJECTID":616,"Asset_ID":"GLY616","Name":"Gully","District_ID":"al Sada al Janubiyya","Wlyt_ID":"Salalah","Gov_ID":"Dhofar Governorate","Road_ID":"100418","Mun_ID":" ","Latitude":17.03652464,"Longitude":54.155115129999999,"GlobalID":"{1978E275-C834-4677-A543-22A7F5AA4CE3}","NEAR_FID":4805,"NEAR_DIST":5.4617218821852083}},{"type":"Feature","id":617,"geometry":{"type":"Point","coordinates":[197162.0998999998,1885818.5384]},"properties":{"OBJECTID":617,"Asset_ID":"GLY617","Name":"Gully","District_ID":"al Sada al Janubiyya","Wlyt_ID":"Salalah","Gov_ID":"Dhofar Governorate","Road_ID":"100352","Mun_ID":" ","Latitude":17.036697199999999,"Longitude":54.155355870000001,"GlobalID":"{9D167981-9E07-4D90-94D0-64FE83DDBB5D}","NEAR_FID":18679,"NEAR_DIST":3.487895835368668}},{"type":"Feature","id":618,"geometry":{"type":"Point","coordinates":[197135.30379999988,1885771.4817999993]},"properties":{"OBJECTID":618,"Asset_ID":"GLY618","Name":"Gully","District_ID":"Dahariz al Shamaliyya","Wlyt_ID":"Salalah","Gov_ID":"Dhofar Governorate","Road_ID":"100418","Mun_ID":" ","Latitude":17.036268830000001,"Longitude":54.155110819999997,"GlobalID":"{EECBD448-CF13-437F-82B0-32B9805F5250}","NEAR_FID":9785,"NEAR_DIST":6.0865805895567933}},{"type":"Feature","id":619,"geometry":{"type":"Point","coordinates":[197133.6699000001,1885753.182]},"properties":{"OBJECTID":619,"Asset_ID":"GLY619","Name":"Gully","District_ID":"Dahariz al Shamaliyya","Wlyt_ID":"Salalah","Gov_ID":"Dhofar Governorate","Road_ID":"100124","Mun_ID":" ","Latitude":17.036103399999998,"Longitude":54.155097990000002,"GlobalID":"{0A56405F-6E5D-4582-903E-E365E8F938D7}","NEAR_FID":16209,"NEAR_DIST":2.7126396046994663}},{"type":"Feature","id":620,"geometry":{"type":"Point","coordinates":[197108.83449999988,1885754.3802000005]},"properties":{"OBJECTID":620,"Asset_ID":"GLY620","Name":"Gully","District_ID":"Dahariz al Shamaliyya","Wlyt_ID":"Salalah","Gov_ID":"Dhofar Governorate","Road_ID":"100124","Mun_ID":" ","Latitude":17.036110959999998,"Longitude":54.154864750000002,"GlobalID":"{969AFAC1-457B-4380-BB38-4D863EA44A9E}","NEAR_FID":16209,"NEAR_DIST":2.7260619323608015}},{"type":"Feature","id":621,"geometry":{"type":"Point","coordinates":[197083.89010000043,1885755.7962999996]},"properties":{"OBJECTID":621,"Asset_ID":"GLY621","Name":"Gully","District_ID":"Dahariz al Shamaliyya","Wlyt_ID":"Salalah","Gov_ID":"Dhofar Governorate","Road_ID":"100124","Mun_ID":" ","Latitude":17.036120459999999,"Longitude":54.15463046,"GlobalID":"{9C36C56F-6AE8-4D05-92DC-9E6ECF8F47FF}","NEAR_FID":16209,"NEAR_DIST":2.951942847459315}},{"type":"Feature","id":622,"geometry":{"type":"Point","coordinates":[197085.30620000046,1885772.0264999997]},"properties":{"OBJECTID":622,"Asset_ID":"GLY622","Name":"Gully","District_ID":"Dahariz al Shamaliyya","Wlyt_ID":"Salalah","Gov_ID":"Dhofar Governorate","Road_ID":"100418","Mun_ID":" ","Latitude":17.036267179999999,"Longitude":54.154641529999999,"GlobalID":"{79624BF6-D4EB-44B9-A769-B5AB8A8F7B3D}","NEAR_FID":9785,"NEAR_DIST":7.4709177015723158}},{"type":"Feature","id":623,"geometry":{"type":"Point","coordinates":[197086.28650000039,1885804.3779000007]},"properties":{"OBJECTID":623,"Asset_ID":"GLY623","Name":"Gully","District_ID":"al Sada al Janubiyya","Wlyt_ID":"Salalah","Gov_ID":"Dhofar Governorate","Road_ID":"100418","Mun_ID":" ","Latitude":17.036559390000001,"Longitude":54.154646309999997,"GlobalID":"{48A890AB-52D1-4C88-BDF1-6A38F78ADBFB}","NEAR_FID":4805,"NEAR_DIST":7.7769204418100824}},{"type":"Feature","id":624,"geometry":{"type":"Point","coordinates":[197109.81479999982,1885770.7193]},"properties":{"OBJECTID":624,"Asset_ID":"GLY624","Name":"Gully","District_ID":"Dahariz al Shamaliyya","Wlyt_ID":"Salalah","Gov_ID":"Dhofar Governorate","Road_ID":"100418","Mun_ID":" ","Latitude":17.0362586,"Longitude":54.154871720000003,"GlobalID":"{ADB7714A-0FA6-43D6-9F5C-0ECA1F5C1F55}","NEAR_FID":9785,"NEAR_DIST":7.8317381477241019}},{"type":"Feature","id":625,"geometry":{"type":"Point","coordinates":[197087.04899999965,1885822.0241]},"properties":{"OBJECTID":625,"Asset_ID":"GLY625","Name":"Gully","District_ID":"al Sada al Janubiyya","Wlyt_ID":"Salalah","Gov_ID":"Dhofar Governorate","Road_ID":"100352","Mun_ID":" ","Latitude":17.036718799999999,"Longitude":54.154651049999998,"GlobalID":"{0471B380-6B50-42FD-934E-6810401D83A1}","NEAR_FID":18679,"NEAR_DIST":3.2692395251349287}},{"type":"Feature","id":626,"geometry":{"type":"Point","coordinates":[197037.23000000045,1885824.159]},"properties":{"OBJECTID":626,"Asset_ID":"GLY626","Name":"Gully","District_ID":"al Sada al Janubiyya","Wlyt_ID":"Salalah","Gov_ID":"Dhofar Governorate","Road_ID":"100352","Mun_ID":" ","Latitude":17.036731530000001,"Longitude":54.15418322,"GlobalID":"{36421372-9E16-486C-AEBC-555C71FD0FFF}","NEAR_FID":18679,"NEAR_DIST":3.6859925650247405}},{"type":"Feature","id":627,"geometry":{"type":"Point","coordinates":[197062.21360000037,1885823.2223000005]},"properties":{"OBJECTID":627,"Asset_ID":"GLY627","Name":"Gully","District_ID":"al Sada al Janubiyya","Wlyt_ID":"Salalah","Gov_ID":"Dhofar Governorate","Road_ID":"100352","Mun_ID":" ","Latitude":17.036726359999999,"Longitude":54.154417809999998,"GlobalID":"{ABA925DE-0B92-4852-8558-2C9C405CB6EC}","NEAR_FID":18679,"NEAR_DIST":3.343246151366035}},{"type":"Feature","id":628,"geometry":{"type":"Point","coordinates":[197061.45110000018,1885805.3582000006]},"properties":{"OBJECTID":628,"Asset_ID":"GLY628","Name":"Gully","District_ID":"al Sada al Janubiyya","Wlyt_ID":"Salalah","Gov_ID":"Dhofar Governorate","Road_ID":"100418","Mun_ID":" ","Latitude":17.036564970000001,"Longitude":54.154413099999999,"GlobalID":"{8D167711-676E-4C47-9C3C-955BBE311973}","NEAR_FID":4805,"NEAR_DIST":7.6335807996929699}},{"type":"Feature","id":629,"geometry":{"type":"Point","coordinates":[197036.39780000038,1885806.5563999992]},"properties":{"OBJECTID":629,"Asset_ID":"GLY629","Name":"Gully","District_ID":"al Sada al Janubiyya","Wlyt_ID":"Salalah","Gov_ID":"Dhofar Governorate","Road_ID":"100418","Mun_ID":" ","Latitude":17.036572499999998,"Longitude":54.15417781,"GlobalID":"{2110E24F-8E71-48EC-8097-D683FE28640C}","NEAR_FID":4805,"NEAR_DIST":7.5993448688957352}},{"type":"Feature","id":630,"geometry":{"type":"Point","coordinates":[197035.30860000011,1885774.3138999995]},"properties":{"OBJECTID":630,"Asset_ID":"GLY630","Name":"Gully","District_ID":"Dahariz al Shamaliyya","Wlyt_ID":"Salalah","Gov_ID":"Dhofar Governorate","Road_ID":"100418","Mun_ID":" ","Latitude":17.036281259999999,"Longitude":54.154172000000003,"GlobalID":"{D54EC571-4081-4318-B40A-555B6178A2BD}","NEAR_FID":9785,"NEAR_DIST":7.9833121597550303}},{"type":"Feature","id":631,"geometry":{"type":"Point","coordinates":[197059.8172000004,1885773.1157000009]},"properties":{"OBJECTID":631,"Asset_ID":"GLY631","Name":"Gully","District_ID":"Dahariz al Shamaliyya","Wlyt_ID":"Salalah","Gov_ID":"Dhofar Governorate","Road_ID":"100418","Mun_ID":" ","Latitude":17.036273659999999,"Longitude":54.154402169999997,"GlobalID":"{177B1DE8-2ADA-4F39-B1B3-E53106119DBE}","NEAR_FID":9785,"NEAR_DIST":7.7709332784347964}},{"type":"Feature","id":632,"geometry":{"type":"Point","coordinates":[197009.63439999986,1885807.7820999995]},"properties":{"OBJECTID":632,"Asset_ID":"GLY632","Name":"Gully","District_ID":"al Sada al Janubiyya","Wlyt_ID":"Salalah","Gov_ID":"Dhofar Governorate","Road_ID":"100418","Mun_ID":" ","Latitude":17.03658004,"Longitude":54.153926470000002,"GlobalID":"{FCE6E14A-5C3B-499A-A4B4-632500210D66}","NEAR_FID":4805,"NEAR_DIST":7.3196509232705136}},{"type":"Feature","id":633,"geometry":{"type":"Point","coordinates":[197010.90880000032,1885825.4009000007]},"properties":{"OBJECTID":633,"Asset_ID":"GLY633","Name":"Gully","District_ID":"al Sada al Janubiyya","Wlyt_ID":"Salalah","Gov_ID":"Dhofar Governorate","Road_ID":"100352","Mun_ID":" ","Latitude":17.036739279999999,"Longitude":54.153936029999997,"GlobalID":"{9D7F39D4-7D12-41B5-9509-8DA04466A470}","NEAR_FID":13090,"NEAR_DIST":3.7496108668274166}},{"type":"Feature","id":634,"geometry":{"type":"Point","coordinates":[196987.70729999989,1885826.4901000001]},"properties":{"OBJECTID":634,"Asset_ID":"GLY634","Name":"Gully","District_ID":"al Sada al Janubiyya","Wlyt_ID":"Salalah","Gov_ID":"Dhofar Governorate","Road_ID":"100352","Mun_ID":" ","Latitude":17.036746059999999,"Longitude":54.153718130000001,"GlobalID":"{4DAE8D80-AC14-4A54-94CC-3F9D969E1480}","NEAR_FID":13090,"NEAR_DIST":3.7028946660910327}},{"type":"Feature","id":635,"geometry":{"type":"Point","coordinates":[196986.41920000035,1885808.8388999999]},"properties":{"OBJECTID":635,"Asset_ID":"GLY635","Name":"Gully","District_ID":"al Sada al Janubiyya","Wlyt_ID":"Salalah","Gov_ID":"Dhofar Governorate","Road_ID":"100418","Mun_ID":" ","Latitude":17.036586530000001,"Longitude":54.153708459999997,"GlobalID":"{AB6AB6DF-D850-4C3D-ABB7-7C2A2DBC1F38}","NEAR_FID":4805,"NEAR_DIST":6.7436941211765014}},{"type":"Feature","id":636,"geometry":{"type":"Point","coordinates":[196985.31089999992,1885776.3836000003]},"properties":{"OBJECTID":636,"Asset_ID":"GLY636","Name":"Gully","District_ID":"Dahariz al Shamaliyya","Wlyt_ID":"Salalah","Gov_ID":"Dhofar Governorate","Road_ID":"100418","Mun_ID":" ","Latitude":17.036293369999999,"Longitude":54.153702490000001,"GlobalID":"{741C1869-F981-4F6C-9ABD-7DB498C77EF0}","NEAR_FID":9785,"NEAR_DIST":8.7905827886070433}},{"type":"Feature","id":637,"geometry":{"type":"Point","coordinates":[197009.92850000039,1885775.2942999993]},"properties":{"OBJECTID":637,"Asset_ID":"GLY637","Name":"Gully","District_ID":"Dahariz al Shamaliyya","Wlyt_ID":"Salalah","Gov_ID":"Dhofar Governorate","Road_ID":"100418","Mun_ID":" ","Latitude":17.03628677,"Longitude":54.153933680000002,"GlobalID":"{87DCE86A-88BF-4D78-BD63-D653952A97F5}","NEAR_FID":9785,"NEAR_DIST":8.463219292875598}},{"type":"Feature","id":638,"geometry":{"type":"Point","coordinates":[197058.45559999999,1885756.9945]},"properties":{"OBJECTID":638,"Asset_ID":"GLY638","Name":"Gully","District_ID":"Dahariz al Shamaliyya","Wlyt_ID":"Salalah","Gov_ID":"Dhofar Governorate","Road_ID":"100124","Mun_ID":" ","Latitude":17.03612794,"Longitude":54.154391599999997,"GlobalID":"{96A4FC76-F801-4BB5-8F8E-E82AA6B0131B}","NEAR_FID":16209,"NEAR_DIST":2.9368178237029126}},{"type":"Feature","id":639,"geometry":{"type":"Point","coordinates":[197034.27369999979,1885757.9748]},"properties":{"OBJECTID":639,"Asset_ID":"GLY639","Name":"Gully","District_ID":"Dahariz al Shamaliyya","Wlyt_ID":"Salalah","Gov_ID":"Dhofar Governorate","Road_ID":"100124","Mun_ID":" ","Latitude":17.03613361,"Longitude":54.154164520000002,"GlobalID":"{CFE816E7-6DF4-4C30-89E4-68CB19CFAF35}","NEAR_FID":16209,"NEAR_DIST":2.7637272016671681}},{"type":"Feature","id":640,"geometry":{"type":"Point","coordinates":[196983.94930000044,1885760.2622999996]},"properties":{"OBJECTID":640,"Asset_ID":"GLY640","Name":"Gully","District_ID":"Dahariz al Shamaliyya","Wlyt_ID":"Salalah","Gov_ID":"Dhofar Governorate","Road_ID":"100124","Mun_ID":" ","Latitude":17.036147639999999,"Longitude":54.15369192,"GlobalID":"{AD8DFBB8-A694-4706-83D4-068EFD7D29FC}","NEAR_FID":17083,"NEAR_DIST":2.6506757455362115}},{"type":"Feature","id":641,"geometry":{"type":"Point","coordinates":[197008.45799999963,1885759.1730000004]},"properties":{"OBJECTID":641,"Asset_ID":"GLY641","Name":"Gully","District_ID":"Dahariz al Shamaliyya","Wlyt_ID":"Salalah","Gov_ID":"Dhofar Governorate","Road_ID":"100124","Mun_ID":" ","Latitude":17.03614103,"Longitude":54.153922080000001,"GlobalID":"{018BF16F-7D7E-4697-820A-293E0432F63C}","NEAR_FID":16209,"NEAR_DIST":2.7304378476469839}},{"type":"Feature","id":642,"geometry":{"type":"Point","coordinates":[196967.82809999958,1885777.2550000008]},"properties":{"OBJECTID":642,"Asset_ID":"GLY642","Name":"Gully","District_ID":"Dahariz al Shamaliyya","Wlyt_ID":"Salalah","Gov_ID":"Dhofar Governorate","Road_ID":"100418","Mun_ID":" ","Latitude":17.036298939999998,"Longitude":54.153538300000001,"GlobalID":"{AD5109D6-C6BC-446A-8A50-B69F90EBFB50}","NEAR_FID":9785,"NEAR_DIST":8.9254232240367433}},{"type":"Feature","id":643,"geometry":{"type":"Point","coordinates":[196960.09420000017,1885779.6513999999]},"properties":{"OBJECTID":643,"Asset_ID":"GLY643","Name":"Gully","District_ID":"Dahariz al Shamaliyya","Wlyt_ID":"Salalah","Gov_ID":"Dhofar Governorate","Road_ID":"100418","Mun_ID":" ","Latitude":17.036319550000002,"Longitude":54.153465390000001,"GlobalID":"{2CD6890E-6FD6-4BF7-ADDF-291646A97998}","NEAR_FID":9785,"NEAR_DIST":6.9774797466789318}},{"type":"Feature","id":644,"geometry":{"type":"Point","coordinates":[196935.14989999961,1885780.7407000009]},"properties":{"OBJECTID":644,"Asset_ID":"GLY644","Name":"Gully","District_ID":"Dahariz al Shamaliyya","Wlyt_ID":"Salalah","Gov_ID":"Dhofar Governorate","Road_ID":"100418","Mun_ID":" ","Latitude":17.036326110000001,"Longitude":54.153231150000003,"GlobalID":"{ED445E8C-5422-4CB4-8E95-D5A09E82E0F1}","NEAR_FID":9785,"NEAR_DIST":6.8833820058507769}},{"type":"Feature","id":645,"geometry":{"type":"Point","coordinates":[196934.16949999984,1885762.6587000005]},"properties":{"OBJECTID":645,"Asset_ID":"GLY645","Name":"Gully","District_ID":"Dahariz al Shamaliyya","Wlyt_ID":"Salalah","Gov_ID":"Dhofar Governorate","Road_ID":"100124","Mun_ID":" ","Latitude":17.036162730000001,"Longitude":54.153224420000001,"GlobalID":"{C232E602-6100-49E6-8C56-66A37E3CB15F}","NEAR_FID":17083,"NEAR_DIST":2.8909906580302254}},{"type":"Feature","id":646,"geometry":{"type":"Point","coordinates":[196958.2424999997,1885761.5693999995]},"properties":{"OBJECTID":646,"Asset_ID":"GLY646","Name":"Gully","District_ID":"Dahariz al Shamaliyya","Wlyt_ID":"Salalah","Gov_ID":"Dhofar Governorate","Road_ID":"100124","Mun_ID":" ","Latitude":17.03615606,"Longitude":54.153450489999997,"GlobalID":"{498FDA4C-3CFE-4733-91EB-A8953162DBCD}","NEAR_FID":17083,"NEAR_DIST":2.8178941418334915}},{"type":"Feature","id":647,"geometry":{"type":"Point","coordinates":[196910.20550000016,1885781.8299000002]},"properties":{"OBJECTID":647,"Asset_ID":"GLY647","Name":"Gully","District_ID":"Dahariz al Shamaliyya","Wlyt_ID":"Salalah","Gov_ID":"Dhofar Governorate","Road_ID":"100418","Mun_ID":" ","Latitude":17.036332659999999,"Longitude":54.152996899999998,"GlobalID":"{4AD0F0C5-EC20-4CC8-B11C-C9DB70E1D266}","NEAR_FID":9785,"NEAR_DIST":6.7304083919063737}},{"type":"Feature","id":648,"geometry":{"type":"Point","coordinates":[196911.51269999985,1885812.3296000008]},"properties":{"OBJECTID":648,"Asset_ID":"GLY648","Name":"Gully","District_ID":"al Sada al Janubiyya","Wlyt_ID":"Salalah","Gov_ID":"Dhofar Governorate","Road_ID":"100418","Mun_ID":" ","Latitude":17.036608189999999,"Longitude":54.153005,"GlobalID":"{147A2A2C-5DC4-4B52-A362-F4C1CFD50F1B}","NEAR_FID":4805,"NEAR_DIST":6.7636936202685121}},{"type":"Feature","id":649,"geometry":{"type":"Point","coordinates":[196912.2751000002,1885829.9758000001]},"properties":{"OBJECTID":649,"Asset_ID":"GLY649","Name":"Gully","District_ID":"al Sada al Janubiyya","Wlyt_ID":"Salalah","Gov_ID":"Dhofar Governorate","Road_ID":"100352","Mun_ID":" ","Latitude":17.036767609999998,"Longitude":54.153009740000002,"GlobalID":"{F5BF95C2-1C4D-449C-8FB4-67EB83FD1BAE}","NEAR_FID":13090,"NEAR_DIST":3.6064388548866257}},{"type":"Feature","id":650,"geometry":{"type":"Point","coordinates":[196937.54629999958,1885828.7775999997]},"properties":{"OBJECTID":650,"Asset_ID":"GLY650","Name":"Gully","District_ID":"al Sada al Janubiyya","Wlyt_ID":"Salalah","Gov_ID":"Dhofar Governorate","Road_ID":"100352","Mun_ID":" ","Latitude":17.03676012,"Longitude":54.153247069999999,"GlobalID":"{44163418-B0F3-40D4-BFD6-29D8BB3FAEE9}","NEAR_FID":13090,"NEAR_DIST":3.6691479016089428}},{"type":"Feature","id":651,"geometry":{"type":"Point","coordinates":[196962.38169999979,1885827.6883000005]},"properties":{"OBJECTID":651,"Asset_ID":"GLY651","Name":"Gully","District_ID":"al Sada al Janubiyya","Wlyt_ID":"Salalah","Gov_ID":"Dhofar Governorate","Road_ID":"100352","Mun_ID":" ","Latitude":17.03675355,"Longitude":54.153480289999997,"GlobalID":"{CFC8B2D3-A3BF-4BD9-905D-D49A618EE575}","NEAR_FID":13090,"NEAR_DIST":3.6426273322619935}},{"type":"Feature","id":652,"geometry":{"type":"Point","coordinates":[196936.56589999981,1885811.2402999997]},"properties":{"OBJECTID":652,"Asset_ID":"GLY652","Name":"Gully","District_ID":"al Sada al Janubiyya","Wlyt_ID":"Salalah","Gov_ID":"Dhofar Governorate","Road_ID":"100418","Mun_ID":" ","Latitude":17.036601650000001,"Longitude":54.153240269999998,"GlobalID":"{DB0BD812-373F-42EF-A3A5-59E66B986D3C}","NEAR_FID":4805,"NEAR_DIST":6.9166294309872818}},{"type":"Feature","id":653,"geometry":{"type":"Point","coordinates":[196961.5103000002,1885810.1510000005]},"properties":{"OBJECTID":653,"Asset_ID":"GLY653","Name":"Gully","District_ID":"al Sada al Janubiyya","Wlyt_ID":"Salalah","Gov_ID":"Dhofar Governorate","Road_ID":"100418","Mun_ID":" ","Latitude":17.0365951,"Longitude":54.153474510000002,"GlobalID":"{02A2C591-06BA-4A4E-AE96-1F87CCBD8730}","NEAR_FID":4805,"NEAR_DIST":6.8615542137689189}},{"type":"Feature","id":654,"geometry":{"type":"Point","coordinates":[196859.1185999997,1885766.0354999993]},"properties":{"OBJECTID":654,"Asset_ID":"GLY654","Name":"Gully","District_ID":"Dahariz al Shamaliyya","Wlyt_ID":"Salalah","Gov_ID":"Dhofar Governorate","Road_ID":"100124","Mun_ID":" ","Latitude":17.036183340000001,"Longitude":54.15251962,"GlobalID":"{728F7A28-C2E7-4F6B-AF9C-0CD9963227E5}","NEAR_FID":18804,"NEAR_DIST":3.0511982844797627}},{"type":"Feature","id":655,"geometry":{"type":"Point","coordinates":[196860.2078999998,1885784.1173999999]},"properties":{"OBJECTID":655,"Asset_ID":"GLY655","Name":"Gully","District_ID":"Dahariz al Shamaliyya","Wlyt_ID":"Salalah","Gov_ID":"Dhofar Governorate","Road_ID":"100418","Mun_ID":" ","Latitude":17.036346739999999,"Longitude":54.152527370000001,"GlobalID":"{8CD6B54D-3C50-4076-9A49-E19DEFC2A4CF}","NEAR_FID":9785,"NEAR_DIST":6.3195181054306193}},{"type":"Feature","id":656,"geometry":{"type":"Point","coordinates":[196885.2611999996,1885782.9191999994]},"properties":{"OBJECTID":656,"Asset_ID":"GLY656","Name":"Gully","District_ID":"Dahariz al Shamaliyya","Wlyt_ID":"Salalah","Gov_ID":"Dhofar Governorate","Road_ID":"100418","Mun_ID":" ","Latitude":17.036339210000001,"Longitude":54.15276265,"GlobalID":"{8618CCDE-D239-45F2-95FB-EC0C86876A38}","NEAR_FID":9785,"NEAR_DIST":6.5773310981856943}},{"type":"Feature","id":657,"geometry":{"type":"Point","coordinates":[196884.60759999976,1885766.5800999999]},"properties":{"OBJECTID":657,"Asset_ID":"GLY657","Name":"Gully","District_ID":"Dahariz al Shamaliyya","Wlyt_ID":"Salalah","Gov_ID":"Dhofar Governorate","Road_ID":"100418","Mun_ID":" ","Latitude":17.036191609999999,"Longitude":54.152758749999997,"GlobalID":"{AFB2823D-C912-4872-BCF1-982C07276F75}","NEAR_FID":10721,"NEAR_DIST":2.1183014905663962}},{"type":"Feature","id":658,"geometry":{"type":"Point","coordinates":[196909.22520000022,1885763.9658000004]},"properties":{"OBJECTID":658,"Asset_ID":"GLY658","Name":"Gully","District_ID":"Dahariz al Shamaliyya","Wlyt_ID":"Salalah","Gov_ID":"Dhofar Governorate","Road_ID":"100124","Mun_ID":" ","Latitude":17.036171249999999,"Longitude":54.15299014,"GlobalID":"{A717178D-DE3C-497B-9BCD-C8B2C877CAE3}","NEAR_FID":17083,"NEAR_DIST":3.1449479301876626}},{"type":"Feature","id":659,"geometry":{"type":"Point","coordinates":[196836.67960000038,1885815.7062999997]},"properties":{"OBJECTID":659,"Asset_ID":"GLY659","Name":"Gully","District_ID":"al Sada al Janubiyya","Wlyt_ID":"Salalah","Gov_ID":"Dhofar Governorate","Road_ID":"100418","Mun_ID":" ","Latitude":17.036628830000001,"Longitude":54.152302239999997,"GlobalID":"{707C247F-7823-4BAE-AC61-54BE52723475}","NEAR_FID":4805,"NEAR_DIST":6.8718124514934065}},{"type":"Feature","id":660,"geometry":{"type":"Point","coordinates":[196861.51499999966,1885814.6171000004]},"properties":{"OBJECTID":660,"Asset_ID":"GLY660","Name":"Gully","District_ID":"al Sada al Janubiyya","Wlyt_ID":"Salalah","Gov_ID":"Dhofar Governorate","Road_ID":"100418","Mun_ID":" ","Latitude":17.036622269999999,"Longitude":54.152535460000003,"GlobalID":"{B4393319-B8B7-41D8-A8DA-9A04648CC36D}","NEAR_FID":4805,"NEAR_DIST":6.8546581379168225}},{"type":"Feature","id":661,"geometry":{"type":"Point","coordinates":[196886.45940000005,1885813.4188000001]},"properties":{"OBJECTID":661,"Asset_ID":"GLY661","Name":"Gully","District_ID":"al Sada al Janubiyya","Wlyt_ID":"Salalah","Gov_ID":"Dhofar Governorate","Road_ID":"100418","Mun_ID":" ","Latitude":17.03661473,"Longitude":54.152769730000003,"GlobalID":"{8EEAFD63-F852-4B2F-B8A2-B1F184BA47D0}","NEAR_FID":4805,"NEAR_DIST":6.7332059717809924}},{"type":"Feature","id":662,"geometry":{"type":"Point","coordinates":[196887.17819999997,1885830.9138999991]},"properties":{"OBJECTID":662,"Asset_ID":"GLY662","Name":"Gully","District_ID":"al Sada al Janubiyya","Wlyt_ID":"Salalah","Gov_ID":"Dhofar Governorate","Road_ID":"100352","Mun_ID":" ","Latitude":17.03677278,"Longitude":54.15277408,"GlobalID":"{A8D39CCD-D375-42A6-B322-B3929966FD8C}","NEAR_FID":13090,"NEAR_DIST":3.789696009085294}},{"type":"Feature","id":663,"geometry":{"type":"Point","coordinates":[196837.50430000015,1885833.1799999997]},"properties":{"OBJECTID":663,"Asset_ID":"GLY663","Name":"Gully","District_ID":"al Sada al Janubiyya","Wlyt_ID":"Salalah","Gov_ID":"Dhofar Governorate","Road_ID":"100352","Mun_ID":" ","Latitude":17.0367867,"Longitude":54.152307589999999,"GlobalID":"{AF65B8CE-BEE6-4059-B40F-35048BAAC858}","NEAR_FID":13090,"NEAR_DIST":3.7117908517286446}},{"type":"Feature","id":664,"geometry":{"type":"Point","coordinates":[196861.62390000001,1885832.0757999998]},"properties":{"OBJECTID":664,"Asset_ID":"GLY664","Name":"Gully","District_ID":"al Sada al Janubiyya","Wlyt_ID":"Salalah","Gov_ID":"Dhofar Governorate","Road_ID":"100352","Mun_ID":" ","Latitude":17.036779899999999,"Longitude":54.152534099999997,"GlobalID":"{246AF7A9-B640-494E-9CDC-5469D52591E0}","NEAR_FID":13090,"NEAR_DIST":3.7534898034236779}},{"type":"Feature","id":665,"geometry":{"type":"Point","coordinates":[196812.37260000035,1885834.2988000009]},"properties":{"OBJECTID":665,"Asset_ID":"GLY665","Name":"Gully","District_ID":"al Sada al Janubiyya","Wlyt_ID":"Salalah","Gov_ID":"Dhofar Governorate","Road_ID":"100352","Mun_ID":" ","Latitude":17.036793490000001,"Longitude":54.152071579999998,"GlobalID":"{0566EA93-0B0E-4E1B-8863-7C8D2C0F4DDE}","NEAR_FID":13090,"NEAR_DIST":3.7035707241877827}},{"type":"Feature","id":666,"geometry":{"type":"Point","coordinates":[196835.41770000011,1885781.0579000004]},"properties":{"OBJECTID":666,"Asset_ID":"GLY666","Name":"Gully","District_ID":"Dahariz al Shamaliyya","Wlyt_ID":"Salalah","Gov_ID":"Dhofar Governorate","Road_ID":"100418","Mun_ID":" ","Latitude":17.036315850000001,"Longitude":54.152295129999999,"GlobalID":"{79C1C57F-198B-4C92-B97C-F6F15C6C82A9}","NEAR_FID":10721,"NEAR_DIST":2.8578482324425147}},{"type":"Feature","id":667,"geometry":{"type":"Point","coordinates":[196832.1046000002,1885767.0702999998]},"properties":{"OBJECTID":667,"Asset_ID":"GLY667","Name":"Gully","District_ID":"Dahariz al Shamaliyya","Wlyt_ID":"Salalah","Gov_ID":"Dhofar Governorate","Road_ID":"100124","Mun_ID":" ","Latitude":17.03618913,"Longitude":54.15226595,"GlobalID":"{78EC8C73-5318-410E-98BC-AB17031EE7AF}","NEAR_FID":18804,"NEAR_DIST":2.8095397579131589}},{"type":"Feature","id":668,"geometry":{"type":"Point","coordinates":[196809.39329999965,1885768.1596000008]},"properties":{"OBJECTID":668,"Asset_ID":"GLY668","Name":"Gully","District_ID":"Dahariz al Shamaliyya","Wlyt_ID":"Salalah","Gov_ID":"Dhofar Governorate","Road_ID":"100124","Mun_ID":" ","Latitude":17.036195979999999,"Longitude":54.152052660000003,"GlobalID":"{60E4FC32-82A2-4839-AEE9-9B8CD39048FE}","NEAR_FID":18804,"NEAR_DIST":2.8254467627799276}},{"type":"Feature","id":669,"geometry":{"type":"Point","coordinates":[196810.15579999983,1885783.1370999999]},"properties":{"OBJECTID":669,"Asset_ID":"GLY669","Name":"Gully","District_ID":"Dahariz al Shamaliyya","Wlyt_ID":"Salalah","Gov_ID":"Dhofar Governorate","Road_ID":"100418","Mun_ID":" ","Latitude":17.036331300000001,"Longitude":54.152057769999999,"GlobalID":"{7A4931E7-21DE-414B-ADF5-40C0C0BDD9BF}","NEAR_FID":10721,"NEAR_DIST":8.29995430453328}},{"type":"Feature","id":670,"geometry":{"type":"Point","coordinates":[196785.48379999958,1885784.3896999992]},"properties":{"OBJECTID":670,"Asset_ID":"GLY670","Name":"Gully","District_ID":"Dahariz al Shamaliyya","Wlyt_ID":"Salalah","Gov_ID":"Dhofar Governorate","Road_ID":"100418","Mun_ID":" ","Latitude":17.036339359999999,"Longitude":54.151826059999998,"GlobalID":"{C5A11456-EE8F-4C86-A744-422B4F2AC337}","NEAR_FID":15532,"NEAR_DIST":9.6191552330475734}},{"type":"Feature","id":671,"geometry":{"type":"Point","coordinates":[196784.23110000044,1885769.3033000007]},"properties":{"OBJECTID":671,"Asset_ID":"GLY671","Name":"Gully","District_ID":"Dahariz al Shamaliyya","Wlyt_ID":"Salalah","Gov_ID":"Dhofar Governorate","Road_ID":"100124","Mun_ID":" ","Latitude":17.03620299,"Longitude":54.151816369999999,"GlobalID":"{CDDC7262-63C5-483B-A3E4-EECD154F88F7}","NEAR_FID":18804,"NEAR_DIST":2.7799884987628909}},{"type":"Feature","id":672,"geometry":{"type":"Point","coordinates":[196811.68080000021,1885816.8500999995]},"properties":{"OBJECTID":672,"Asset_ID":"GLY672","Name":"Gully","District_ID":"al Sada al Janubiyya","Wlyt_ID":"Salalah","Gov_ID":"Dhofar Governorate","Road_ID":"100418","Mun_ID":" ","Latitude":17.036635870000001,"Longitude":54.152067469999999,"GlobalID":"{89493AEF-2D92-4A18-9F05-B8E1FDB2D7B7}","NEAR_FID":4805,"NEAR_DIST":6.7606817927194109}},{"type":"Feature","id":673,"geometry":{"type":"Point","coordinates":[196786.68200000003,1885817.9393000007]},"properties":{"OBJECTID":673,"Asset_ID":"GLY673","Name":"Gully","District_ID":"al Sada al Janubiyya","Wlyt_ID":"Salalah","Gov_ID":"Dhofar Governorate","Road_ID":"100418","Mun_ID":" ","Latitude":17.03664242,"Longitude":54.151832710000001,"GlobalID":"{00D46445-3AE6-4671-A35C-E4FC3A650456}","NEAR_FID":4805,"NEAR_DIST":6.5896580141157255}},{"type":"Feature","id":674,"geometry":{"type":"Point","coordinates":[196787.12719999999,1885835.4274000004]},"properties":{"OBJECTID":674,"Asset_ID":"GLY674","Name":"Gully","District_ID":"al Sada al Janubiyya","Wlyt_ID":"Salalah","Gov_ID":"Dhofar Governorate","Road_ID":"100352","Mun_ID":" ","Latitude":17.036800360000001,"Longitude":54.1518345,"GlobalID":"{B14AF0B9-98D8-43DF-8051-6F8A91E8D911}","NEAR_FID":13090,"NEAR_DIST":3.7612560660459118}},{"type":"Feature","id":675,"geometry":{"type":"Point","coordinates":[196762.71789999958,1885836.5658999998]},"properties":{"OBJECTID":675,"Asset_ID":"GLY675","Name":"Gully","District_ID":"al Sada al Janubiyya","Wlyt_ID":"Salalah","Gov_ID":"Dhofar Governorate","Road_ID":"100352","Mun_ID":" ","Latitude":17.03680743,"Longitude":54.151605269999997,"GlobalID":"{E53CB0AB-53FF-4C38-A8F0-9E732020FCDD}","NEAR_FID":13090,"NEAR_DIST":3.7698050526676439}},{"type":"Feature","id":676,"geometry":{"type":"Point","coordinates":[196761.68310000002,1885819.0831000004]},"properties":{"OBJECTID":676,"Asset_ID":"GLY676","Name":"Gully","District_ID":"al Sada al Janubiyya","Wlyt_ID":"Salalah","Gov_ID":"Dhofar Governorate","Road_ID":"100418","Mun_ID":" ","Latitude":17.036649449999999,"Longitude":54.151597950000003,"GlobalID":"{DA63F4A4-A58E-4621-9E3F-0FE53090CD1B}","NEAR_FID":4805,"NEAR_DIST":6.4731599285790358}},{"type":"Feature","id":677,"geometry":{"type":"Point","coordinates":[196737.77359999996,1885837.7641000003]},"properties":{"OBJECTID":677,"Asset_ID":"GLY677","Name":"Gully","District_ID":"al Sada al Janubiyya","Wlyt_ID":"Salalah","Gov_ID":"Dhofar Governorate","Road_ID":"100352","Mun_ID":" ","Latitude":17.036814960000001,"Longitude":54.151370999999997,"GlobalID":"{32D556E6-E51E-4D23-96EB-C92FC9D8B664}","NEAR_FID":13090,"NEAR_DIST":3.7438332169613022}},{"type":"Feature","id":678,"geometry":{"type":"Point","coordinates":[196736.68429999985,1885820.2268000003]},"properties":{"OBJECTID":678,"Asset_ID":"GLY678","Name":"Gully","District_ID":"al Sada al Janubiyya","Wlyt_ID":"Salalah","Gov_ID":"Dhofar Governorate","Road_ID":"100418","Mun_ID":" ","Latitude":17.036656489999999,"Longitude":54.151363179999997,"GlobalID":"{CBDAB247-44B7-4BF9-9728-5DDF4B434AC6}","NEAR_FID":4805,"NEAR_DIST":6.3565670062878681}},{"type":"Feature","id":679,"geometry":{"type":"Point","coordinates":[196713.53729999997,1885838.9078000002]},"properties":{"OBJECTID":679,"Asset_ID":"GLY679","Name":"Gully","District_ID":"al Sada al Janubiyya","Wlyt_ID":"Salalah","Gov_ID":"Dhofar Governorate","Road_ID":"100352","Mun_ID":" ","Latitude":17.036822099999998,"Longitude":54.151143390000001,"GlobalID":"{10FE645A-4FF6-4EA8-B8CF-039E7C292EAF}","NEAR_FID":13090,"NEAR_DIST":3.7390671634976256}},{"type":"Feature","id":680,"geometry":{"type":"Point","coordinates":[196688.75629999954,1885840.0515999999]},"properties":{"OBJECTID":680,"Asset_ID":"GLY680","Name":"Gully","District_ID":"al Sada al Janubiyya","Wlyt_ID":"Salalah","Gov_ID":"Dhofar Governorate","Road_ID":"100352","Mun_ID":" ","Latitude":17.03682916,"Longitude":54.150910670000002,"GlobalID":"{3725FD39-F641-4A58-9297-0E0F6D7FC1CB}","NEAR_FID":13090,"NEAR_DIST":3.6467525874574358}},{"type":"Feature","id":681,"geometry":{"type":"Point","coordinates":[196662.66820000019,1885841.1952999998]},"properties":{"OBJECTID":681,"Asset_ID":"GLY681","Name":"Gully","District_ID":"al Sada al Janubiyya","Wlyt_ID":"Salalah","Gov_ID":"Dhofar Governorate","Road_ID":"100352","Mun_ID":" ","Latitude":17.036836050000002,"Longitude":54.150665680000003,"GlobalID":"{CCDAA822-4544-419D-B69B-513AF31F4080}","NEAR_FID":13090,"NEAR_DIST":3.4876205022749081}},{"type":"Feature","id":682,"geometry":{"type":"Point","coordinates":[196637.50600000005,1885842.3935000002]},"properties":{"OBJECTID":682,"Asset_ID":"GLY682","Name":"Gully","District_ID":"al Sada al Janubiyya","Wlyt_ID":"Salalah","Gov_ID":"Dhofar Governorate","Road_ID":"100352","Mun_ID":" ","Latitude":17.036843560000001,"Longitude":54.150429379999999,"GlobalID":"{BB4FDB84-1F28-4EF7-9E36-639C6FC5AED7}","NEAR_FID":13090,"NEAR_DIST":3.2391124756807281}},{"type":"Feature","id":683,"geometry":{"type":"Point","coordinates":[196612.07149999961,1885843.5917000007]},"properties":{"OBJECTID":683,"Asset_ID":"GLY683","Name":"Gully","District_ID":"al Sada al Janubiyya","Wlyt_ID":"Salalah","Gov_ID":"Dhofar Governorate","Road_ID":"100352","Mun_ID":" ","Latitude":17.036851030000001,"Longitude":54.150190510000002,"GlobalID":"{66009556-015F-439D-AE7D-B7B72A2E27B6}","NEAR_FID":13090,"NEAR_DIST":3.0008725920971906}},{"type":"Feature","id":684,"geometry":{"type":"Point","coordinates":[196586.90930000041,1885844.7355000004]},"properties":{"OBJECTID":684,"Asset_ID":"GLY684","Name":"Gully","District_ID":"al Sada al Janubiyya","Wlyt_ID":"Salalah","Gov_ID":"Dhofar Governorate","Road_ID":"100352","Mun_ID":" ","Latitude":17.036858039999998,"Longitude":54.149954209999997,"GlobalID":"{F5A6C8BA-8DE7-4D3E-81EE-22A0C0455CD6}","NEAR_FID":13090,"NEAR_DIST":2.842138810799812}},{"type":"Feature","id":685,"geometry":{"type":"Point","coordinates":[196559.67740000039,1885846.0969999991]},"properties":{"OBJECTID":685,"Asset_ID":"GLY685","Name":"Gully","District_ID":"al Sada al Janubiyya","Wlyt_ID":"Salalah","Gov_ID":"Dhofar Governorate","Road_ID":"100352","Mun_ID":" ","Latitude":17.036866750000002,"Longitude":54.149698460000003,"GlobalID":"{11C863D0-D64D-48DE-95F1-6FF4EE5C6265}","NEAR_FID":13090,"NEAR_DIST":2.5818693330224658}},{"type":"Feature","id":686,"geometry":{"type":"Point","coordinates":[196536.20359999966,1885847.0229000002]},"properties":{"OBJECTID":686,"Asset_ID":"GLY686","Name":"Gully","District_ID":"al Sada al Janubiyya","Wlyt_ID":"Salalah","Gov_ID":"Dhofar Governorate","Road_ID":"100352","Mun_ID":" ","Latitude":17.03687201,"Longitude":54.149478039999998,"GlobalID":"{E13305AB-E627-4CA0-8461-6768A6F4381A}","NEAR_FID":13090,"NEAR_DIST":2.6050238721529384}},{"type":"Feature","id":687,"geometry":{"type":"Point","coordinates":[196560.60329999961,1885789.3458999991]},"properties":{"OBJECTID":687,"Asset_ID":"GLY687","Name":"Gully","District_ID":"Dahariz al Shamaliyya","Wlyt_ID":"Salalah","Gov_ID":"Dhofar Governorate","Road_ID":"100418","Mun_ID":" ","Latitude":17.036354500000002,"Longitude":54.149714920000001,"GlobalID":"{0CFF4078-A123-42AF-B271-B0E20BB1A54A}","NEAR_FID":15532,"NEAR_DIST":9.9482432858865781}},{"type":"Feature","id":688,"geometry":{"type":"Point","coordinates":[196585.38430000003,1885792.7771000005]},"properties":{"OBJECTID":688,"Asset_ID":"GLY688","Name":"Gully","District_ID":"Dahariz al Shamaliyya","Wlyt_ID":"Salalah","Gov_ID":"Dhofar Governorate","Road_ID":"100418","Mun_ID":" ","Latitude":17.03638874,"Longitude":54.149947009999998,"GlobalID":"{6F64A69E-2B90-474D-A738-BD4BA658E35A}","NEAR_FID":15532,"NEAR_DIST":8.4628533482841473}},{"type":"Feature","id":689,"geometry":{"type":"Point","coordinates":[196635.4907999998,1885794.5744000003]},"properties":{"OBJECTID":689,"Asset_ID":"GLY689","Name":"Gully","District_ID":"Dahariz al Shamaliyya","Wlyt_ID":"Salalah","Gov_ID":"Dhofar Governorate","Road_ID":"100418","Mun_ID":" ","Latitude":17.036411569999999,"Longitude":54.150417009999998,"GlobalID":"{4703C6C2-0FA8-4F39-BFA4-CA3DEA548D27}","NEAR_FID":15532,"NEAR_DIST":6.3511989606977179}},{"type":"Feature","id":690,"geometry":{"type":"Point","coordinates":[196636.68900000025,1885811.1314000003]},"properties":{"OBJECTID":690,"Asset_ID":"GLY690","Name":"Gully","District_ID":"al Sada al Janubiyya","Wlyt_ID":"Salalah","Gov_ID":"Dhofar Governorate","Road_ID":"100418","Mun_ID":" ","Latitude":17.036561209999999,"Longitude":54.150425990000002,"GlobalID":"{09862CD7-B3B9-423A-829C-207D65DE86F7}","NEAR_FID":4805,"NEAR_DIST":7.7801133989298759}},{"type":"Feature","id":691,"geometry":{"type":"Point","coordinates":[196611.74469999969,1885794.9557000007]},"properties":{"OBJECTID":691,"Asset_ID":"GLY691","Name":"Gully","District_ID":"Dahariz al Shamaliyya","Wlyt_ID":"Salalah","Gov_ID":"Dhofar Governorate","Road_ID":"100418","Mun_ID":" ","Latitude":17.036411879999999,"Longitude":54.1501941,"GlobalID":"{01F1F71A-D88B-4495-949D-50C1F13A1290}","NEAR_FID":15532,"NEAR_DIST":6.6343744279680275}},{"type":"Feature","id":692,"geometry":{"type":"Point","coordinates":[196611.58129999973,1885812.1117000002]},"properties":{"OBJECTID":692,"Asset_ID":"GLY692","Name":"Gully","District_ID":"al Sada al Janubiyya","Wlyt_ID":"Salalah","Gov_ID":"Dhofar Governorate","Road_ID":"100418","Mun_ID":" ","Latitude":17.036566749999999,"Longitude":54.150190219999999,"GlobalID":"{669B9121-1A0B-41ED-8DB5-073786FCD580}","NEAR_FID":4805,"NEAR_DIST":7.3986193615909901}},{"type":"Feature","id":693,"geometry":{"type":"Point","coordinates":[196660.87090000045,1885810.0965999998]},"properties":{"OBJECTID":693,"Asset_ID":"GLY693","Name":"Gully","District_ID":"al Sada al Janubiyya","Wlyt_ID":"Salalah","Gov_ID":"Dhofar Governorate","Road_ID":"100418","Mun_ID":" ","Latitude":17.03655505,"Longitude":54.150653069999997,"GlobalID":"{FD2B42AC-094E-41E0-8CF4-023EDCA05F77}","NEAR_FID":4805,"NEAR_DIST":7.5784478373483566}},{"type":"Feature","id":694,"geometry":{"type":"Point","coordinates":[196660.54409999959,1885793.5395999998]},"properties":{"OBJECTID":694,"Asset_ID":"GLY694","Name":"Gully","District_ID":"Dahariz al Shamaliyya","Wlyt_ID":"Salalah","Gov_ID":"Dhofar Governorate","Road_ID":"100418","Mun_ID":" ","Latitude":17.036405519999999,"Longitude":54.150652270000002,"GlobalID":"{8D9E557D-A160-4A05-9DBC-5733FBB3C34F}","NEAR_FID":15532,"NEAR_DIST":6.4098534599152908}},{"type":"Feature","id":695,"geometry":{"type":"Point","coordinates":[196586.90930000041,1885811.8394000009]},"properties":{"OBJECTID":695,"Asset_ID":"GLY695","Name":"Gully","District_ID":"al Sada al Janubiyya","Wlyt_ID":"Salalah","Gov_ID":"Dhofar Governorate","Road_ID":"100418","Mun_ID":" ","Latitude":17.036561039999999,"Longitude":54.149958720000001,"GlobalID":"{819E8F54-DE49-4A45-85E0-0457EF585FDC}","NEAR_FID":4805,"NEAR_DIST":7.4213614344395831}},{"type":"Feature","id":696,"geometry":{"type":"Point","coordinates":[196586.52859999985,1885828.6150000002]},"properties":{"OBJECTID":696,"Asset_ID":"GLY696","Name":"Gully","District_ID":"al Sada al Janubiyya","Wlyt_ID":"Salalah","Gov_ID":"Dhofar Governorate","Road_ID":"100418","Mun_ID":" ","Latitude":17.03671245,"Longitude":54.149952849999998,"GlobalID":"{453FEB4B-B30E-4910-ADF8-686BE8F8F541}","NEAR_FID":4805,"NEAR_DIST":9.3572940448797866}},{"type":"Feature","id":697,"geometry":{"type":"Point","coordinates":[196613.70540000033,1885768.7041999996]},"properties":{"OBJECTID":697,"Asset_ID":"GLY697","Name":"Gully","District_ID":"Dahariz al Shamaliyya","Wlyt_ID":"Salalah","Gov_ID":"Dhofar Governorate","Road_ID":"100124","Mun_ID":" ","Latitude":17.036175140000001,"Longitude":54.150216100000002,"GlobalID":"{4E21A78A-9896-4863-945B-F84D26B60C46}","NEAR_FID":18804,"NEAR_DIST":3.6479037039611235}},{"type":"Feature","id":698,"geometry":{"type":"Point","coordinates":[196588.89919999987,1885767.1993000004]},"properties":{"OBJECTID":698,"Asset_ID":"GLY698","Name":"Gully","District_ID":"Dahariz al Shamaliyya","Wlyt_ID":"Salalah","Gov_ID":"Dhofar Governorate","Road_ID":"100124","Mun_ID":" ","Latitude":17.036158279999999,"Longitude":54.149983499999998,"GlobalID":"{824FAA58-BD3C-44A2-A237-26B26FBB2AD0}","NEAR_FID":18804,"NEAR_DIST":3.6749415760329889}},{"type":"Feature","id":699,"geometry":{"type":"Point","coordinates":[196567.30229999963,1885765.1096000001]},"properties":{"OBJECTID":699,"Asset_ID":"GLY699","Name":"Gully","District_ID":"Dahariz al Shamaliyya","Wlyt_ID":"Salalah","Gov_ID":"Dhofar Governorate","Road_ID":"100124","Mun_ID":" ","Latitude":17.03613657,"Longitude":54.149781109999999,"GlobalID":"{F89C6CF3-CC07-420B-B0E9-17945322B201}","NEAR_FID":18804,"NEAR_DIST":3.5549307067367053}},{"type":"Feature","id":700,"geometry":{"type":"Point","coordinates":[196638.54079999961,1885769.2488000002]},"properties":{"OBJECTID":700,"Asset_ID":"GLY700","Name":"Gully","District_ID":"Dahariz al Shamaliyya","Wlyt_ID":"Salalah","Gov_ID":"Dhofar Governorate","Road_ID":"100124","Mun_ID":" ","Latitude":17.036183319999999,"Longitude":54.150449100000003,"GlobalID":"{5C932ACD-8CDD-48F7-B131-86D1667C0723}","NEAR_FID":18804,"NEAR_DIST":3.8115594201753926}},{"type":"Feature","id":701,"geometry":{"type":"Point","coordinates":[196657.38520000037,1885768.8131000008]},"properties":{"OBJECTID":701,"Asset_ID":"GLY701","Name":"Gully","District_ID":"Dahariz al Shamaliyya","Wlyt_ID":"Salalah","Gov_ID":"Dhofar Governorate","Road_ID":"100124","Mun_ID":" ","Latitude":17.03618187,"Longitude":54.150626010000003,"GlobalID":"{69E033DF-2578-4B96-8C6E-84BC9299387C}","NEAR_FID":18804,"NEAR_DIST":3.4426710082054757}},{"type":"Feature","id":702,"geometry":{"type":"Point","coordinates":[196684.4171000002,1885773.7246000003]},"properties":{"OBJECTID":702,"Asset_ID":"GLY702","Name":"Gully","District_ID":"Dahariz al Shamaliyya","Wlyt_ID":"Salalah","Gov_ID":"Dhofar Governorate","Road_ID":"100124","Mun_ID":" ","Latitude":17.036229769999998,"Longitude":54.150879019999998,"GlobalID":"{47D31CFF-515D-4B64-9858-F72192D01F73}","NEAR_FID":18804,"NEAR_DIST":2.641879339560274}},{"type":"Feature","id":703,"geometry":{"type":"Point","coordinates":[196685.48849999998,1885792.2324999999]},"properties":{"OBJECTID":703,"Asset_ID":"GLY703","Name":"Gully","District_ID":"Dahariz al Shamaliyya","Wlyt_ID":"Salalah","Gov_ID":"Dhofar Governorate","Road_ID":"100418","Mun_ID":" ","Latitude":17.036397010000002,"Longitude":54.150886550000003,"GlobalID":"{0432B54F-F416-44D3-BB0D-CE5A033DE64F}","NEAR_FID":15532,"NEAR_DIST":6.7448411574824707}},{"type":"Feature","id":704,"geometry":{"type":"Point","coordinates":[196686.14199999999,1885808.7894000001]},"properties":{"OBJECTID":704,"Asset_ID":"GLY704","Name":"Gully","District_ID":"al Sada al Janubiyya","Wlyt_ID":"Salalah","Gov_ID":"Dhofar Governorate","Road_ID":"100418","Mun_ID":" ","Latitude":17.036546569999999,"Longitude":54.150890410000002,"GlobalID":"{AEE67328-AF95-445F-AF41-A6486E10B8BB}","NEAR_FID":4805,"NEAR_DIST":7.6114355220307717}},{"type":"Feature","id":705,"geometry":{"type":"Point","coordinates":[196758.71289999969,1885770.3027999997]},"properties":{"OBJECTID":705,"Asset_ID":"GLY705","Name":"Gully","District_ID":"Dahariz al Shamaliyya","Wlyt_ID":"Salalah","Gov_ID":"Dhofar Governorate","Road_ID":"100124","Mun_ID":" ","Latitude":17.03620866,"Longitude":54.151576740000003,"GlobalID":"{61055DE7-B0ED-4F06-B36A-EC1FCF547358}","NEAR_FID":18804,"NEAR_DIST":2.5736845972748168}},{"type":"Feature","id":706,"geometry":{"type":"Point","coordinates":[196733.09119999968,1885771.4685999993]},"properties":{"OBJECTID":706,"Asset_ID":"GLY706","Name":"Gully","District_ID":"Dahariz al Shamaliyya","Wlyt_ID":"Salalah","Gov_ID":"Dhofar Governorate","Road_ID":"100124","Mun_ID":" ","Latitude":17.036215810000002,"Longitude":54.151336129999997,"GlobalID":"{9F1079E4-BABA-441C-AA86-4936CF41458D}","NEAR_FID":18804,"NEAR_DIST":2.5286091425004389}},{"type":"Feature","id":707,"geometry":{"type":"Point","coordinates":[196709.49270000029,1885772.5298999995]},"properties":{"OBJECTID":707,"Asset_ID":"GLY707","Name":"Gully","District_ID":"Dahariz al Shamaliyya","Wlyt_ID":"Salalah","Gov_ID":"Dhofar Governorate","Road_ID":"100124","Mun_ID":" ","Latitude":17.036222290000001,"Longitude":54.15111452,"GlobalID":"{4CB308A2-9711-481B-9CAB-A7FD1AC33121}","NEAR_FID":18804,"NEAR_DIST":2.5407964111417209}},{"type":"Feature","id":708,"geometry":{"type":"Point","coordinates":[196707.16500000004,1885791.2521000002]},"properties":{"OBJECTID":708,"Asset_ID":"GLY708","Name":"Gully","District_ID":"Dahariz al Shamaliyya","Wlyt_ID":"Salalah","Gov_ID":"Dhofar Governorate","Road_ID":"100418","Mun_ID":" ","Latitude":17.036391009999999,"Longitude":54.151090109999998,"GlobalID":"{20B74CDF-0D6C-4609-8AF8-FAC13B9A2E34}","NEAR_FID":15532,"NEAR_DIST":6.8659691348020351}},{"type":"Feature","id":709,"geometry":{"type":"Point","coordinates":[196734.50580000039,1885789.8361000009]},"properties":{"OBJECTID":709,"Asset_ID":"GLY709","Name":"Gully","District_ID":"Dahariz al Shamaliyya","Wlyt_ID":"Salalah","Gov_ID":"Dhofar Governorate","Road_ID":"100418","Mun_ID":" ","Latitude":17.036381819999999,"Longitude":54.151346889999999,"GlobalID":"{B5BC99CF-A129-4A14-A682-E16397E64A26}","NEAR_FID":15532,"NEAR_DIST":6.848801097901184}},{"type":"Feature","id":710,"geometry":{"type":"Point","coordinates":[196760.32149999961,1885786.8949999996]},"properties":{"OBJECTID":710,"Asset_ID":"GLY710","Name":"Gully","District_ID":"Dahariz al Shamaliyya","Wlyt_ID":"Salalah","Gov_ID":"Dhofar Governorate","Road_ID":"100418","Mun_ID":" ","Latitude":17.036358669999998,"Longitude":54.151589569999999,"GlobalID":"{30667546-E045-4099-AF68-4F4DACAECAE7}","NEAR_FID":15532,"NEAR_DIST":8.4344774314293698}},{"type":"Feature","id":711,"geometry":{"type":"Point","coordinates":[196661.96019999962,1885826.8714000005]},"properties":{"OBJECTID":711,"Asset_ID":"GLY711","Name":"Gully","District_ID":"al Sada al Janubiyya","Wlyt_ID":"Salalah","Gov_ID":"Dhofar Governorate","Road_ID":"100418","Mun_ID":" ","Latitude":17.036706639999998,"Longitude":54.150660999999999,"GlobalID":"{8BE5E0E8-5909-42BC-AF90-CDE422835AAF}","NEAR_FID":4805,"NEAR_DIST":9.229923323002728}},{"type":"Feature","id":712,"geometry":{"type":"Point","coordinates":[196637.01580000017,1885827.9605999999]},"properties":{"OBJECTID":712,"Asset_ID":"GLY712","Name":"Gully","District_ID":"al Sada al Janubiyya","Wlyt_ID":"Salalah","Gov_ID":"Dhofar Governorate","Road_ID":"100418","Mun_ID":" ","Latitude":17.03671319,"Longitude":54.150426750000001,"GlobalID":"{D796D4F7-ECFF-4FB3-B131-D452DC31A08F}","NEAR_FID":4805,"NEAR_DIST":9.0432206648010567}},{"type":"Feature","id":713,"geometry":{"type":"Point","coordinates":[196611.47310000006,1885828.7951999996]},"properties":{"OBJECTID":713,"Asset_ID":"GLY713","Name":"Gully","District_ID":"al Sada al Janubiyya","Wlyt_ID":"Salalah","Gov_ID":"Dhofar Governorate","Road_ID":"100418","Mun_ID":" ","Latitude":17.036717360000001,"Longitude":54.150186920000003,"GlobalID":"{B621DFD7-BEEF-4DCE-8C08-516E4E74EB17}","NEAR_FID":4805,"NEAR_DIST":9.2827124272503614}},{"type":"Feature","id":714,"geometry":{"type":"Point","coordinates":[196536.0401999997,1885784.7164999992]},"properties":{"OBJECTID":714,"Asset_ID":"GLY714","Name":"Gully","District_ID":"Dahariz al Shamaliyya","Wlyt_ID":"Salalah","Gov_ID":"Dhofar Governorate","Road_ID":"100418","Mun_ID":" ","Latitude":17.036309469999999,"Longitude":54.149485030000001,"GlobalID":"{C7513B1B-45FA-4591-88D7-926847ADEAB1}","NEAR_FID":15532,"NEAR_DIST":11.062796046290456}},{"type":"Feature","id":715,"geometry":{"type":"Point","coordinates":[196511.74940000009,1885778.9433999993]},"properties":{"OBJECTID":715,"Asset_ID":"GLY715","Name":"Gully","District_ID":"Dahariz al Shamaliyya","Wlyt_ID":"Salalah","Gov_ID":"Dhofar Governorate","Road_ID":"100418","Mun_ID":" ","Latitude":17.036254150000001,"Longitude":54.149257859999999,"GlobalID":"{C30D5054-188F-4604-B393-5B99A4C90D74}","NEAR_FID":15532,"NEAR_DIST":12.183241316183809}},{"type":"Feature","id":716,"geometry":{"type":"Point","coordinates":[196487.64049999975,1885771.8658000007]},"properties":{"OBJECTID":716,"Asset_ID":"GLY716","Name":"Gully","District_ID":"Dahariz al Shamaliyya","Wlyt_ID":"Salalah","Gov_ID":"Dhofar Governorate","Road_ID":"100418","Mun_ID":" ","Latitude":17.036187080000001,"Longitude":54.149032570000003,"GlobalID":"{BF1C39F0-9D1E-41D6-87B1-6175E51F8F77}","NEAR_FID":6050,"NEAR_DIST":7.9848351978647178}},{"type":"Feature","id":717,"geometry":{"type":"Point","coordinates":[196515.34399999958,1885756.0686000008]},"properties":{"OBJECTID":717,"Asset_ID":"GLY717","Name":"Gully","District_ID":"Dahariz al Shamaliyya","Wlyt_ID":"Salalah","Gov_ID":"Dhofar Governorate","Road_ID":"100124","Mun_ID":" ","Latitude":17.036048109999999,"Longitude":54.149294730000001,"GlobalID":"{899A3937-C1C5-4ADB-92FA-87DE2D995F73}","NEAR_FID":18804,"NEAR_DIST":3.3616824342603624}},{"type":"Feature","id":718,"geometry":{"type":"Point","coordinates":[196496.39070000034,1885751.3847000003]},"properties":{"OBJECTID":718,"Asset_ID":"GLY718","Name":"Gully","District_ID":"Dahariz al Shamaliyya","Wlyt_ID":"Salalah","Gov_ID":"Dhofar Governorate","Road_ID":"100124","Mun_ID":" ","Latitude":17.036003319999999,"Longitude":54.149117490000002,"GlobalID":"{36F001CE-4246-40C6-A866-13D6B038D93C}","NEAR_FID":18804,"NEAR_DIST":3.6563502987920784}},{"type":"Feature","id":719,"geometry":{"type":"Point","coordinates":[196542.57579999976,1885761.4060999993]},"properties":{"OBJECTID":719,"Asset_ID":"GLY719","Name":"Gully","District_ID":"Dahariz al Shamaliyya","Wlyt_ID":"Salalah","Gov_ID":"Dhofar Governorate","Road_ID":"100124","Mun_ID":" ","Latitude":17.036099879999998,"Longitude":54.149549559999997,"GlobalID":"{DD0F6591-0D8A-4367-B1A8-E6313965A0C3}","NEAR_FID":18804,"NEAR_DIST":3.584252998622361}},{"type":"Feature","id":720,"geometry":{"type":"Point","coordinates":[196464.1481999997,1885763.5845999997]},"properties":{"OBJECTID":720,"Asset_ID":"GLY720","Name":"Gully","District_ID":"Dahariz al Shamaliyya","Wlyt_ID":"Salalah","Gov_ID":"Dhofar Governorate","Road_ID":"100418","Mun_ID":" ","Latitude":17.03610922,"Longitude":54.148813230000002,"GlobalID":"{8EDA988D-AE9A-4E63-A0DB-A56F17F388BF}","NEAR_FID":6050,"NEAR_DIST":4.787045175255547}},{"type":"Feature","id":721,"geometry":{"type":"Point","coordinates":[196440.9467000002,1885753.7810999993]},"properties":{"OBJECTID":721,"Asset_ID":"GLY721","Name":"Gully","District_ID":"Dahariz al Shamaliyya","Wlyt_ID":"Salalah","Gov_ID":"Dhofar Governorate","Road_ID":"100418","Mun_ID":" ","Latitude":17.036017650000002,"Longitude":54.148596840000003,"GlobalID":"{B3D85EE7-D546-4194-BEE4-D12906818C34}","NEAR_FID":6050,"NEAR_DIST":3.0791760519924729}},{"type":"Feature","id":722,"geometry":{"type":"Point","coordinates":[196449.00729999971,1885736.5705999993]},"properties":{"OBJECTID":722,"Asset_ID":"GLY722","Name":"Gully","District_ID":"Dahariz al Shamaliyya","Wlyt_ID":"Salalah","Gov_ID":"Dhofar Governorate","Road_ID":"100124","Mun_ID":" ","Latitude":17.035863330000002,"Longitude":54.148674839999998,"GlobalID":"{108D5400-4B11-4317-9C8E-C55E603BDEAA}","NEAR_FID":18804,"NEAR_DIST":3.3668037350379709}},{"type":"Feature","id":723,"geometry":{"type":"Point","coordinates":[196472.6445000004,1885744.6312000006]},"properties":{"OBJECTID":723,"Asset_ID":"GLY723","Name":"Gully","District_ID":"Dahariz al Shamaliyya","Wlyt_ID":"Salalah","Gov_ID":"Dhofar Governorate","Road_ID":"100124","Mun_ID":" ","Latitude":17.035939219999999,"Longitude":54.148895570000001,"GlobalID":"{54F8D44F-E2C7-43DC-98CC-3F0A67C95349}","NEAR_FID":18804,"NEAR_DIST":3.3289152554450236}},{"type":"Feature","id":724,"geometry":{"type":"Point","coordinates":[196384.74019999988,1885733.4116999991]},"properties":{"OBJECTID":724,"Asset_ID":"GLY724","Name":"Gully","District_ID":"Dahariz al Shamaliyya","Wlyt_ID":"Salalah","Gov_ID":"Dhofar Governorate","Road_ID":"100418","Mun_ID":" ","Latitude":17.035826350000001,"Longitude":54.148072139999996,"GlobalID":"{36785B1A-C0B6-420F-886E-B92F32E69227}","NEAR_FID":9827,"NEAR_DIST":8.9149469463402049}},{"type":"Feature","id":725,"geometry":{"type":"Point","coordinates":[196407.43360000011,1885744.2168000005]},"properties":{"OBJECTID":725,"Asset_ID":"GLY725","Name":"Gully","District_ID":"Dahariz al Shamaliyya","Wlyt_ID":"Salalah","Gov_ID":"Dhofar Governorate","Road_ID":"100418","Mun_ID":" ","Latitude":17.035926889999999,"Longitude":54.148283630000002,"GlobalID":"{F9E499E1-C640-4026-968D-0B6C9CAEA198}","NEAR_FID":6050,"NEAR_DIST":6.9988552407787807}},{"type":"Feature","id":726,"geometry":{"type":"Point","coordinates":[196424.28079999983,1885726.9849999994]},"properties":{"OBJECTID":726,"Asset_ID":"GLY726","Name":"Gully","District_ID":"Dahariz al Shamaliyya","Wlyt_ID":"Salalah","Gov_ID":"Dhofar Governorate","Road_ID":"100124","Mun_ID":" ","Latitude":17.035773540000001,"Longitude":54.148444099999999,"GlobalID":"{89ECEE57-8E90-4B55-8D73-1E9BD4719F18}","NEAR_FID":18804,"NEAR_DIST":3.0566794608319423}},{"type":"Feature","id":727,"geometry":{"type":"Point","coordinates":[196400.09889999963,1885716.4190999996]},"properties":{"OBJECTID":727,"Asset_ID":"GLY727","Name":"Gully","District_ID":"Dahariz al Shamaliyya","Wlyt_ID":"Salalah","Gov_ID":"Dhofar Governorate","Road_ID":"100124","Mun_ID":" ","Latitude":17.035674960000001,"Longitude":54.148218610000001,"GlobalID":"{62BE64CD-B852-4D54-A502-36FDE45F58AE}","NEAR_FID":18580,"NEAR_DIST":2.8467067809310436}},{"type":"Feature","id":728,"geometry":{"type":"Point","coordinates":[196378.85809999984,1885706.0710000005]},"properties":{"OBJECTID":728,"Asset_ID":"GLY728","Name":"Gully","District_ID":"Dahariz al Shamaliyya","Wlyt_ID":"Salalah","Gov_ID":"Dhofar Governorate","Road_ID":"100124","Mun_ID":" ","Latitude":17.035578730000001,"Longitude":54.148020680000002,"GlobalID":"{1BEF0212-78C3-45C3-9DB3-6EED358C83B2}","NEAR_FID":18580,"NEAR_DIST":2.7305947863692506}},{"type":"Feature","id":729,"geometry":{"type":"Point","coordinates":[196370.41619999986,1885755.1426999997]},"properties":{"OBJECTID":729,"Asset_ID":"GLY729","Name":"Gully","District_ID":"al Sada al Janubiyya","Wlyt_ID":"Salalah","Gov_ID":"Dhofar Governorate","Road_ID":"100418","Mun_ID":" ","Latitude":17.036020650000001,"Longitude":54.147934739999997,"GlobalID":"{C9E2B51D-45C8-429B-B328-41298B2AC128}","NEAR_FID":12163,"NEAR_DIST":6.1022885794064115}},{"type":"Feature","id":730,"geometry":{"type":"Point","coordinates":[196415.73000000045,1885775.8388999999]},"properties":{"OBJECTID":730,"Asset_ID":"GLY730","Name":"Gully","District_ID":"al Sada al Janubiyya","Wlyt_ID":"Salalah","Gov_ID":"Dhofar Governorate","Road_ID":"100418","Mun_ID":" ","Latitude":17.03621347,"Longitude":54.148357160000003,"GlobalID":"{82626659-CDBD-4771-9A88-912CDBE4C445}","NEAR_FID":15881,"NEAR_DIST":6.4269926321358843}},{"type":"Feature","id":731,"geometry":{"type":"Point","coordinates":[196392.96420000028,1885766.0354999993]},"properties":{"OBJECTID":731,"Asset_ID":"GLY731","Name":"Gully","District_ID":"al Sada al Janubiyya","Wlyt_ID":"Salalah","Gov_ID":"Dhofar Governorate","Road_ID":"100418","Mun_ID":" ","Latitude":17.03612197,"Longitude":54.148144850000001,"GlobalID":"{8A637463-D7A4-4747-8EAE-E4BA73621A72}","NEAR_FID":12163,"NEAR_DIST":6.3924627224462744}},{"type":"Feature","id":732,"geometry":{"type":"Point","coordinates":[196326.89979999978,1885729.3814000003]},"properties":{"OBJECTID":732,"Asset_ID":"GLY732","Name":"Gully","District_ID":"al Sada al Janubiyya","Wlyt_ID":"Salalah","Gov_ID":"Dhofar Governorate","Road_ID":"100418","Mun_ID":" ","Latitude":17.035782340000001,"Longitude":54.14752987,"GlobalID":"{C7EAF114-01EE-4784-8BDB-2F90151BDA8A}","NEAR_FID":7082,"NEAR_DIST":2.6875912560751831}},{"type":"Feature","id":733,"geometry":{"type":"Point","coordinates":[196348.35840000026,1885742.7249999996]},"properties":{"OBJECTID":733,"Asset_ID":"GLY733","Name":"Gully","District_ID":"al Sada al Janubiyya","Wlyt_ID":"Salalah","Gov_ID":"Dhofar Governorate","Road_ID":"100418","Mun_ID":" ","Latitude":17.035905639999999,"Longitude":54.147729429999998,"GlobalID":"{451AE27B-E228-40C0-81FD-2E99A00DAA00}","NEAR_FID":7082,"NEAR_DIST":5.511701913536057}},{"type":"Feature","id":734,"geometry":{"type":"Point","coordinates":[196367.63860000018,1885723.9894999992]},"properties":{"OBJECTID":734,"Asset_ID":"GLY734","Name":"Gully","District_ID":"Dahariz al Shamaliyya","Wlyt_ID":"Salalah","Gov_ID":"Dhofar Governorate","Road_ID":"100418","Mun_ID":" ","Latitude":17.035739029999998,"Longitude":54.147912939999998,"GlobalID":"{1B57DC5E-8D9C-4113-8929-E455B74B659B}","NEAR_FID":9827,"NEAR_DIST":7.8961806971097284}},{"type":"Feature","id":735,"geometry":{"type":"Point","coordinates":[196346.39769999962,1885711.0272000004]},"properties":{"OBJECTID":735,"Asset_ID":"GLY735","Name":"Gully","District_ID":"Dahariz al Shamaliyya","Wlyt_ID":"Salalah","Gov_ID":"Dhofar Governorate","Road_ID":"100418","Mun_ID":" ","Latitude":17.035619199999999,"Longitude":54.14771537,"GlobalID":"{EC249EF1-3D15-4ED8-8901-598280668AA2}","NEAR_FID":9827,"NEAR_DIST":7.3941095796435086}},{"type":"Feature","id":736,"geometry":{"type":"Point","coordinates":[196325.59260000009,1885697.0844999999]},"properties":{"OBJECTID":736,"Asset_ID":"GLY736","Name":"Gully","District_ID":"Dahariz al Shamaliyya","Wlyt_ID":"Salalah","Gov_ID":"Dhofar Governorate","Road_ID":"100418","Mun_ID":" ","Latitude":17.035490580000001,"Longitude":54.147522029999998,"GlobalID":"{ABA8656E-2367-4919-8921-AF5175069E7E}","NEAR_FID":9827,"NEAR_DIST":6.1615185357866409}},{"type":"Feature","id":737,"geometry":{"type":"Point","coordinates":[196335.7229000004,1885681.8346999995]},"properties":{"OBJECTID":737,"Asset_ID":"GLY737","Name":"Gully","District_ID":"Dahariz al Shamaliyya","Wlyt_ID":"Salalah","Gov_ID":"Dhofar Governorate","Road_ID":"100124","Mun_ID":" ","Latitude":17.03535424,"Longitude":54.14761919,"GlobalID":"{C104629C-9966-4797-B976-7F3672B58BA8}","NEAR_FID":5233,"NEAR_DIST":3.0629153152830484}},{"type":"Feature","id":738,"geometry":{"type":"Point","coordinates":[196357.61730000004,1885694.5790999997]},"properties":{"OBJECTID":738,"Asset_ID":"GLY738","Name":"Gully","District_ID":"Dahariz al Shamaliyya","Wlyt_ID":"Salalah","Gov_ID":"Dhofar Governorate","Road_ID":"100124","Mun_ID":" ","Latitude":17.035472179999999,"Longitude":54.147822920000003,"GlobalID":"{EE7DDC78-BDDB-4101-97E2-4B4855934376}","NEAR_FID":5233,"NEAR_DIST":3.0516916067326743}},{"type":"Feature","id":739,"geometry":{"type":"Point","coordinates":[196315.3535000002,1885668.6544000003]},"properties":{"OBJECTID":739,"Asset_ID":"GLY739","Name":"Gully","District_ID":"Dahariz al Shamaliyya","Wlyt_ID":"Salalah","Gov_ID":"Dhofar Governorate","Road_ID":"100124","Mun_ID":" ","Latitude":17.035232560000001,"Longitude":54.147429840000001,"GlobalID":"{E7A10FC5-A20F-4710-B570-3DD46B27F526}","NEAR_FID":5233,"NEAR_DIST":3.0865281931278088}},{"type":"Feature","id":740,"geometry":{"type":"Point","coordinates":[196297.38040000014,1885655.5832000002]},"properties":{"OBJECTID":740,"Asset_ID":"GLY740","Name":"Gully","District_ID":"Dahariz al Shamaliyya","Wlyt_ID":"Salalah","Gov_ID":"Dhofar Governorate","Road_ID":"100124","Mun_ID":" ","Latitude":17.035112179999999,"Longitude":54.147262949999998,"GlobalID":"{98D42859-1F2A-4C3D-AB4C-4D34AE54BB8E}","NEAR_FID":5233,"NEAR_DIST":3.4232580844942171}},{"type":"Feature","id":741,"geometry":{"type":"Point","coordinates":[196285.83420000039,1885667.2383999992]},"properties":{"OBJECTID":741,"Asset_ID":"GLY741","Name":"Gully","District_ID":"Dahariz al Shamaliyya","Wlyt_ID":"Salalah","Gov_ID":"Dhofar Governorate","Road_ID":"100418","Mun_ID":" ","Latitude":17.035215879999999,"Longitude":54.147153000000003,"GlobalID":"{62C5E9F7-D6D7-4E5B-BBAC-94ABAF912A36}","NEAR_FID":9827,"NEAR_DIST":6.3748267109580681}},{"type":"Feature","id":742,"geometry":{"type":"Point","coordinates":[196304.78749999963,1885680.8542999998]},"properties":{"OBJECTID":742,"Asset_ID":"GLY742","Name":"Gully","District_ID":"Dahariz al Shamaliyya","Wlyt_ID":"Salalah","Gov_ID":"Dhofar Governorate","Road_ID":"100418","Mun_ID":" ","Latitude":17.03534131,"Longitude":54.147328999999999,"GlobalID":"{D83E4D3B-6CB0-47AC-942F-9F25942B7CBC}","NEAR_FID":9827,"NEAR_DIST":6.7641998854025669}},{"type":"Feature","id":743,"geometry":{"type":"Point","coordinates":[196265.79150000028,1885652.5331999995]},"properties":{"OBJECTID":743,"Asset_ID":"GLY743","Name":"Gully","District_ID":"Dahariz al Shamaliyya","Wlyt_ID":"Salalah","Gov_ID":"Dhofar Governorate","Road_ID":"100418","Mun_ID":" ","Latitude":17.035080480000001,"Longitude":54.146966919999997,"GlobalID":"{7CFB5193-1212-414B-B718-368F584D1BFD}","NEAR_FID":9827,"NEAR_DIST":6.2107325168480765}},{"type":"Feature","id":744,"geometry":{"type":"Point","coordinates":[196271.01999999955,1885644.3637000006]},"properties":{"OBJECTID":744,"Asset_ID":"GLY744","Name":"Gully","District_ID":"Dahariz al Shamaliyya","Wlyt_ID":"Salalah","Gov_ID":"Dhofar Governorate","Road_ID":"100124","Mun_ID":" ","Latitude":17.035007409999999,"Longitude":54.14701711,"GlobalID":"{AB86970C-63A4-47FD-B20D-3F7DB1400163}","NEAR_FID":13723,"NEAR_DIST":2.9215105296733093}},{"type":"Feature","id":745,"geometry":{"type":"Point","coordinates":[196251.19529999979,1885629.9852000009]},"properties":{"OBJECTID":745,"Asset_ID":"GLY745","Name":"Gully","District_ID":"Dahariz al Shamaliyya","Wlyt_ID":"Salalah","Gov_ID":"Dhofar Governorate","Road_ID":"100124","Mun_ID":" ","Latitude":17.034874989999999,"Longitude":54.146833030000003,"GlobalID":"{61AA9793-F02C-451E-9F59-9A276AC93BF7}","NEAR_FID":13723,"NEAR_DIST":2.6951524311211497}},{"type":"Feature","id":746,"geometry":{"type":"Point","coordinates":[196245.31319999974,1885637.7191000003]},"properties":{"OBJECTID":746,"Asset_ID":"GLY746","Name":"Gully","District_ID":"Dahariz al Shamaliyya","Wlyt_ID":"Salalah","Gov_ID":"Dhofar Governorate","Road_ID":"100418","Mun_ID":" ","Latitude":17.034944039999999,"Longitude":54.146776770000002,"GlobalID":"{66223BCB-AB55-4DF0-8918-1716BE59762C}","NEAR_FID":9827,"NEAR_DIST":5.9318278532747497}},{"type":"Feature","id":747,"geometry":{"type":"Point","coordinates":[196225.48840000015,1885623.0139000006]},"properties":{"OBJECTID":747,"Asset_ID":"GLY747","Name":"Gully","District_ID":"Dahariz al Shamaliyya","Wlyt_ID":"Salalah","Gov_ID":"Dhofar Governorate","Road_ID":"100418","Mun_ID":" ","Latitude":17.034808659999999,"Longitude":54.146592730000002,"GlobalID":"{A590000C-F139-4025-8015-CF3938C99F98}","NEAR_FID":9827,"NEAR_DIST":5.9542483828763508}},{"type":"Feature","id":748,"geometry":{"type":"Point","coordinates":[196230.28120000008,1885615.1710999999]},"properties":{"OBJECTID":748,"Asset_ID":"GLY748","Name":"Gully","District_ID":"Dahariz al Shamaliyya","Wlyt_ID":"Salalah","Gov_ID":"Dhofar Governorate","Road_ID":"100124","Mun_ID":" ","Latitude":17.034738480000001,"Longitude":54.146638780000004,"GlobalID":"{40E319A9-AB5C-4D99-8FD7-732364CA8581}","NEAR_FID":13723,"NEAR_DIST":2.7452536839695942}},{"type":"Feature","id":749,"geometry":{"type":"Point","coordinates":[196205.01009999961,1885608.0909000002]},"properties":{"OBJECTID":749,"Asset_ID":"GLY749","Name":"Gully","District_ID":"Dahariz al Shamaliyya","Wlyt_ID":"Salalah","Gov_ID":"Dhofar Governorate","Road_ID":"100418","Mun_ID":" ","Latitude":17.034671230000001,"Longitude":54.146402590000001,"GlobalID":"{7FD8E39F-F3B1-485E-A4B8-F22013D03019}","NEAR_FID":9827,"NEAR_DIST":5.7628654093073148}},{"type":"Feature","id":750,"geometry":{"type":"Point","coordinates":[196209.91179999989,1885600.4659000002]},"properties":{"OBJECTID":750,"Asset_ID":"GLY750","Name":"Gully","District_ID":"Dahariz al Shamaliyya","Wlyt_ID":"Salalah","Gov_ID":"Dhofar Governorate","Road_ID":"100124","Mun_ID":" ","Latitude":17.03460304,"Longitude":54.14644964,"GlobalID":"{9D9A9CFE-9781-471E-97BE-F03790C868F8}","NEAR_FID":13723,"NEAR_DIST":2.5683833068491908}},{"type":"Feature","id":751,"geometry":{"type":"Point","coordinates":[196189.97809999995,1885585.9785999991]},"properties":{"OBJECTID":751,"Asset_ID":"GLY751","Name":"Gully","District_ID":"Dahariz al Shamaliyya","Wlyt_ID":"Salalah","Gov_ID":"Dhofar Governorate","Road_ID":"100124","Mun_ID":" ","Latitude":17.034469609999999,"Longitude":54.146264549999998,"GlobalID":"{1BBC8DC5-93F3-4F4E-A47C-3AD665C3A535}","NEAR_FID":13723,"NEAR_DIST":2.4468841841844426}},{"type":"Feature","id":752,"geometry":{"type":"Point","coordinates":[196184.96750000026,1885593.3857000005]},"properties":{"OBJECTID":752,"Asset_ID":"GLY752","Name":"Gully","District_ID":"Dahariz al Shamaliyya","Wlyt_ID":"Salalah","Gov_ID":"Dhofar Governorate","Road_ID":"100418","Mun_ID":" ","Latitude":17.034535829999999,"Longitude":54.146216510000002,"GlobalID":"{13296D59-C673-4373-9D11-DD14D6D1EA1E}","NEAR_FID":9827,"NEAR_DIST":5.6556675658989581}},{"type":"Feature","id":753,"geometry":{"type":"Point","coordinates":[196164.7070000004,1885578.5715999994]},"properties":{"OBJECTID":753,"Asset_ID":"GLY753","Name":"Gully","District_ID":"Dahariz al Shamaliyya","Wlyt_ID":"Salalah","Gov_ID":"Dhofar Governorate","Road_ID":"100418","Mun_ID":" ","Latitude":17.034399409999999,"Longitude":54.14602841,"GlobalID":"{3A7EF764-19DF-4736-8EBE-9C36BD38F7F1}","NEAR_FID":9827,"NEAR_DIST":5.5690928510625595}},{"type":"Feature","id":754,"geometry":{"type":"Point","coordinates":[196169.82660000026,1885571.4912999999]},"properties":{"OBJECTID":754,"Asset_ID":"GLY754","Name":"Gully","District_ID":"Dahariz al Shamaliyya","Wlyt_ID":"Salalah","Gov_ID":"Dhofar Governorate","Road_ID":"100124","Mun_ID":" ","Latitude":17.034336159999999,"Longitude":54.146077419999997,"GlobalID":"{2A2EAC8E-F667-4735-A79C-3F235169AAF4}","NEAR_FID":13723,"NEAR_DIST":2.5048252358000713}},{"type":"Feature","id":755,"geometry":{"type":"Point","coordinates":[196144.55539999995,1885563.7574000005]},"properties":{"OBJECTID":755,"Asset_ID":"GLY755","Name":"Gully","District_ID":"Dahariz al Shamaliyya","Wlyt_ID":"Salalah","Gov_ID":"Dhofar Governorate","Road_ID":"100418","Mun_ID":" ","Latitude":17.03426301,"Longitude":54.145841320000002,"GlobalID":"{2AD80F92-187B-44E8-860B-71E6C8C0CD2B}","NEAR_FID":9827,"NEAR_DIST":5.6663073545087892}},{"type":"Feature","id":756,"geometry":{"type":"Point","coordinates":[196149.34819999989,1885556.8949999996]},"properties":{"OBJECTID":756,"Asset_ID":"GLY756","Name":"Gully","District_ID":"Dahariz al Shamaliyya","Wlyt_ID":"Salalah","Gov_ID":"Dhofar Governorate","Road_ID":"100124","Mun_ID":" ","Latitude":17.034201679999999,"Longitude":54.14588724,"GlobalID":"{CDD8EC50-7806-40E1-81A5-EC1DB24ECE52}","NEAR_FID":13723,"NEAR_DIST":2.6658518619869818}},{"type":"Feature","id":757,"geometry":{"type":"Point","coordinates":[196294.87509999983,1885739.2392999995]},"properties":{"OBJECTID":757,"Asset_ID":"GLY757","Name":"Gully","District_ID":"al Sada al Janubiyya","Wlyt_ID":"Salalah","Gov_ID":"Dhofar Governorate","Road_ID":"100350","Mun_ID":" ","Latitude":17.035867119999999,"Longitude":54.147227979999997,"GlobalID":"{C056780D-D726-4A27-9150-D1B654B7D8DA}","NEAR_FID":18020,"NEAR_DIST":9.4574040420357974}},{"type":"Feature","id":758,"geometry":{"type":"Point","coordinates":[196315.3535000002,1885754.0535000004]},"properties":{"OBJECTID":758,"Asset_ID":"GLY758","Name":"Gully","District_ID":"al Sada al Janubiyya","Wlyt_ID":"Salalah","Gov_ID":"Dhofar Governorate","Road_ID":"100350","Mun_ID":" ","Latitude":17.036003560000001,"Longitude":54.147418139999999,"GlobalID":"{18B69D42-9CBB-4981-BE7A-429F21BE1533}","NEAR_FID":18020,"NEAR_DIST":9.2822879922282784}},{"type":"Feature","id":759,"geometry":{"type":"Point","coordinates":[196290.08229999989,1885703.9469000008]},"properties":{"OBJECTID":759,"Asset_ID":"GLY759","Name":"Gully","District_ID":"al Sada al Janubiyya","Wlyt_ID":"Salalah","Gov_ID":"Dhofar Governorate","Road_ID":"100418","Mun_ID":" ","Latitude":17.035547860000001,"Longitude":54.147187840000001,"GlobalID":"{B06FAFFB-BA53-4AAF-878F-6D0537D15A1C}","NEAR_FID":7082,"NEAR_DIST":1.5933820639510332}},{"type":"Feature","id":760,"geometry":{"type":"Point","coordinates":[196269.44060000032,1885689.3506000005]},"properties":{"OBJECTID":760,"Asset_ID":"GLY760","Name":"Gully","District_ID":"al Sada al Janubiyya","Wlyt_ID":"Salalah","Gov_ID":"Dhofar Governorate","Road_ID":"100418","Mun_ID":" ","Latitude":17.03541336,"Longitude":54.146996119999997,"GlobalID":"{4F55C81B-D642-4F0C-909E-3A6F8C9D1856}","NEAR_FID":7082,"NEAR_DIST":2.0189783439171736}},{"type":"Feature","id":761,"geometry":{"type":"Point","coordinates":[196306.0401999997,1885715.2208999991]},"properties":{"OBJECTID":761,"Asset_ID":"GLY761","Name":"Gully","District_ID":"al Sada al Janubiyya","Wlyt_ID":"Salalah","Gov_ID":"Dhofar Governorate","Road_ID":"100418","Mun_ID":" ","Latitude":17.03565175,"Longitude":54.14733605,"GlobalID":"{18DCB032-967C-4326-BB67-873E07549E55}","NEAR_FID":7082,"NEAR_DIST":1.1138631315005358}},{"type":"Feature","id":762,"geometry":{"type":"Point","coordinates":[196250.86849999987,1885714.6217999998]},"properties":{"OBJECTID":762,"Asset_ID":"GLY762","Name":"Gully","District_ID":"al Sada al Janubiyya","Wlyt_ID":"Salalah","Gov_ID":"Dhofar Governorate","Road_ID":"100350","Mun_ID":" ","Latitude":17.035639060000001,"Longitude":54.146818359999997,"GlobalID":"{14D0AD8B-65B1-46D2-B377-F834478E12D8}","NEAR_FID":18020,"NEAR_DIST":3.9570469809093294}},{"type":"Feature","id":763,"geometry":{"type":"Point","coordinates":[196224.94379999954,1885688.3703000005]},"properties":{"OBJECTID":763,"Asset_ID":"GLY763","Name":"Gully","District_ID":"al Sada al Janubiyya","Wlyt_ID":"Salalah","Gov_ID":"Dhofar Governorate","Road_ID":"100350","Mun_ID":" ","Latitude":17.03539864,"Longitude":54.146578660000003,"GlobalID":"{050A95A3-CCA5-47BE-A4BB-E7AE289B168A}","NEAR_FID":17166,"NEAR_DIST":9.7509603723019396}},{"type":"Feature","id":764,"geometry":{"type":"Point","coordinates":[196225.2706000004,1885695.7773000002]},"properties":{"OBJECTID":764,"Asset_ID":"GLY764","Name":"Gully","District_ID":"al Sada al Janubiyya","Wlyt_ID":"Salalah","Gov_ID":"Dhofar Governorate","Road_ID":"100350","Mun_ID":" ","Latitude":17.035465559999999,"Longitude":54.146580720000003,"GlobalID":"{05A1B23E-4517-458E-AF62-EE338D50BE0E}","NEAR_FID":17166,"NEAR_DIST":3.9827877066124167}},{"type":"Feature","id":765,"geometry":{"type":"Point","coordinates":[196236.59900000039,1885691.3113000002]},"properties":{"OBJECTID":765,"Asset_ID":"GLY765","Name":"Gully","District_ID":"al Sada al Janubiyya","Wlyt_ID":"Salalah","Gov_ID":"Dhofar Governorate","Road_ID":"100418","Mun_ID":" ","Latitude":17.035426730000001,"Longitude":54.146687640000003,"GlobalID":"{56ED2A73-7981-4697-A284-310F4D4A57D8}","NEAR_FID":10912,"NEAR_DIST":6.9395494256148309}},{"type":"Feature","id":766,"geometry":{"type":"Point","coordinates":[196460.42360000033,1885847.3666999992]},"properties":{"OBJECTID":766,"Asset_ID":"GLY766","Name":"Gully","District_ID":"al Sada al Janubiyya","Wlyt_ID":"Salalah","Gov_ID":"Dhofar Governorate","Road_ID":"100410","Mun_ID":" ","Latitude":17.036865129999999,"Longitude":54.148766809999998,"GlobalID":"{E2BF4333-FA07-401B-A3D4-7584CA8F6043}","NEAR_FID":13681,"NEAR_DIST":3.5362017395168732}},{"type":"Feature","id":767,"geometry":{"type":"Point","coordinates":[196439.09489999991,1885847.4313999992]},"properties":{"OBJECTID":767,"Asset_ID":"GLY767","Name":"Gully","District_ID":"al Sada al Janubiyya","Wlyt_ID":"Salalah","Gov_ID":"Dhofar Governorate","Road_ID":"100410","Mun_ID":" ","Latitude":17.03686291,"Longitude":54.148566629999998,"GlobalID":"{01E9985B-22F5-4D4B-A815-990958F5F606}","NEAR_FID":6101,"NEAR_DIST":4.3831528631352521}},{"type":"Feature","id":768,"geometry":{"type":"Point","coordinates":[196427.22730000038,1885855.4769000001]},"properties":{"OBJECTID":768,"Asset_ID":"GLY768","Name":"Gully","District_ID":"al Sada al Janubiyya","Wlyt_ID":"Salalah","Gov_ID":"Dhofar Governorate","Road_ID":"100350","Mun_ID":" ","Latitude":17.036933980000001,"Longitude":54.148454149999999,"GlobalID":"{FC827F6B-C662-4685-8113-B4C1043E37BD}","NEAR_FID":18020,"NEAR_DIST":5.9516170038155947}},{"type":"Feature","id":769,"geometry":{"type":"Point","coordinates":[196436.15390000027,1885872.8114999998]},"properties":{"OBJECTID":769,"Asset_ID":"GLY769","Name":"Gully","District_ID":"al Sada al Janubiyya","Wlyt_ID":"Salalah","Gov_ID":"Dhofar Governorate","Road_ID":"100410","Mun_ID":" ","Latitude":17.037091660000002,"Longitude":54.148535559999999,"GlobalID":"{50498138-234D-4C52-8B7B-CBC532374293}","NEAR_FID":10600,"NEAR_DIST":8.8712945983007359}},{"type":"Feature","id":770,"geometry":{"type":"Point","coordinates":[196440.29310000036,1885872.5935999993]},"properties":{"OBJECTID":770,"Asset_ID":"GLY770","Name":"Gully","District_ID":"al Sada al Janubiyya","Wlyt_ID":"Salalah","Gov_ID":"Dhofar Governorate","Road_ID":"100410","Mun_ID":" ","Latitude":17.037090240000001,"Longitude":54.148574429999996,"GlobalID":"{7051E611-4E84-4D12-9ECD-CBF76166CC6A}","NEAR_FID":10600,"NEAR_DIST":4.7263688195730218}},{"type":"Feature","id":771,"geometry":{"type":"Point","coordinates":[196216.66530000046,1885676.6334000006]},"properties":{"OBJECTID":771,"Asset_ID":"GLY771","Name":"Gully","District_ID":"al Sada al Janubiyya","Wlyt_ID":"Salalah","Gov_ID":"Dhofar Governorate","Road_ID":"100418","Mun_ID":" ","Latitude":17.03529159,"Longitude":54.146502580000003,"GlobalID":"{DB4DD095-631B-4EA5-9C2A-FAEB736E2EB9}","NEAR_FID":10912,"NEAR_DIST":6.2471125288265563}},{"type":"Feature","id":772,"geometry":{"type":"Point","coordinates":[196213.94209999964,1885680.6636999995]},"properties":{"OBJECTID":772,"Asset_ID":"GLY772","Name":"Gully","District_ID":"al Sada al Janubiyya","Wlyt_ID":"Salalah","Gov_ID":"Dhofar Governorate","Road_ID":"100350","Mun_ID":" ","Latitude":17.03532761,"Longitude":54.146476470000003,"GlobalID":"{C9BA0F02-FFBF-4D8F-98F4-F905754CC31E}","NEAR_FID":17166,"NEAR_DIST":9.4260693978261951}},{"type":"Feature","id":773,"geometry":{"type":"Point","coordinates":[196192.48340000026,1885658.8782000002]},"properties":{"OBJECTID":773,"Asset_ID":"GLY773","Name":"Gully","District_ID":"al Sada al Janubiyya","Wlyt_ID":"Salalah","Gov_ID":"Dhofar Governorate","Road_ID":"100418","Mun_ID":" ","Latitude":17.035128100000001,"Longitude":54.146278070000001,"GlobalID":"{C2F75A79-23D8-453C-A086-B47FDD31288B}","NEAR_FID":10912,"NEAR_DIST":5.7243022148456468}},{"type":"Feature","id":774,"geometry":{"type":"Point","coordinates":[196193.79059999995,1885665.8496000003]},"properties":{"OBJECTID":774,"Asset_ID":"GLY774","Name":"Gully","District_ID":"al Sada al Janubiyya","Wlyt_ID":"Salalah","Gov_ID":"Dhofar Governorate","Road_ID":"100350","Mun_ID":" ","Latitude":17.035191210000001,"Longitude":54.14628939,"GlobalID":"{5A8FFAEC-4A30-47AB-AF73-E2E5CB591330}","NEAR_FID":17166,"NEAR_DIST":9.3929275051798307}},{"type":"Feature","id":775,"geometry":{"type":"Point","coordinates":[196176.47109999973,1885647.2229999993]},"properties":{"OBJECTID":775,"Asset_ID":"GLY775","Name":"Gully","District_ID":"al Sada al Janubiyya","Wlyt_ID":"Salalah","Gov_ID":"Dhofar Governorate","Road_ID":"100418","Mun_ID":" ","Latitude":17.035020759999998,"Longitude":54.1461294,"GlobalID":"{BA192F10-535A-41F8-92C7-A7CEEDC0ED82}","NEAR_FID":10912,"NEAR_DIST":5.461042983349115}},{"type":"Feature","id":776,"geometry":{"type":"Point","coordinates":[196173.85690000001,1885651.1444000006]},"properties":{"OBJECTID":776,"Asset_ID":"GLY776","Name":"Gully","District_ID":"al Sada al Janubiyya","Wlyt_ID":"Salalah","Gov_ID":"Dhofar Governorate","Road_ID":"100350","Mun_ID":" ","Latitude":17.03505582,"Longitude":54.14610433,"GlobalID":"{F0CD911E-F69F-49BC-8024-49EEB527C6CD}","NEAR_FID":17166,"NEAR_DIST":9.4262819634633068}},{"type":"Feature","id":777,"geometry":{"type":"Point","coordinates":[196133.30869999994,1885621.8429000005]},"properties":{"OBJECTID":777,"Asset_ID":"GLY777","Name":"Gully","District_ID":"al Sada al Janubiyya","Wlyt_ID":"Salalah","Gov_ID":"Dhofar Governorate","Road_ID":"100350","Mun_ID":" ","Latitude":17.034785930000002,"Longitude":54.145727809999997,"GlobalID":"{FCA9E3BC-3C19-4ED5-86D5-2F891D5B7977}","NEAR_FID":17166,"NEAR_DIST":9.2149489283076367}},{"type":"Feature","id":778,"geometry":{"type":"Point","coordinates":[196136.08629999962,1885617.6491999999]},"properties":{"OBJECTID":778,"Asset_ID":"GLY778","Name":"Gully","District_ID":"al Sada al Janubiyya","Wlyt_ID":"Salalah","Gov_ID":"Dhofar Governorate","Road_ID":"100418","Mun_ID":" ","Latitude":17.034748440000001,"Longitude":54.145754449999998,"GlobalID":"{D26601AA-9092-448B-9A7F-3B4CB6223DBC}","NEAR_FID":10912,"NEAR_DIST":5.589420118456264}},{"type":"Feature","id":779,"geometry":{"type":"Point","coordinates":[196156.18340000045,1885632.4089000002]},"properties":{"OBJECTID":779,"Asset_ID":"GLY779","Name":"Gully","District_ID":"al Sada al Janubiyya","Wlyt_ID":"Salalah","Gov_ID":"Dhofar Governorate","Road_ID":"100418","Mun_ID":" ","Latitude":17.034884340000001,"Longitude":54.145941039999997,"GlobalID":"{D0CEB8FD-3024-47B1-AFBE-523A0BC63AC1}","NEAR_FID":10912,"NEAR_DIST":5.515214989277391}},{"type":"Feature","id":780,"geometry":{"type":"Point","coordinates":[196153.56919999979,1885636.6026000008]},"properties":{"OBJECTID":780,"Asset_ID":"GLY780","Name":"Gully","District_ID":"al Sada al Janubiyya","Wlyt_ID":"Salalah","Gov_ID":"Dhofar Governorate","Road_ID":"100350","Mun_ID":" ","Latitude":17.034921860000001,"Longitude":54.145915930000001,"GlobalID":"{98A5792A-0859-49F0-9ADB-192724B86B95}","NEAR_FID":17166,"NEAR_DIST":9.1353956881702096}},{"type":"Feature","id":781,"geometry":{"type":"Point","coordinates":[196102.37330000009,1885599.2404999994]},"properties":{"OBJECTID":781,"Asset_ID":"GLY781","Name":"Gully","District_ID":"al Sada al Janubiyya","Wlyt_ID":"Salalah","Gov_ID":"Dhofar Governorate","Road_ID":"100350","Mun_ID":" ","Latitude":17.03457779,"Longitude":54.14544059,"GlobalID":"{4F17FB76-1F9E-4AA8-A7D8-526B75493F90}","NEAR_FID":17166,"NEAR_DIST":9.4258973561454606}},{"type":"Feature","id":782,"geometry":{"type":"Point","coordinates":[196089.30200000014,1885597.2254000008]},"properties":{"OBJECTID":782,"Asset_ID":"GLY782","Name":"Gully","District_ID":"al Sada al Janubiyya","Wlyt_ID":"Salalah","Gov_ID":"Dhofar Governorate","Road_ID":"100350","Mun_ID":" ","Latitude":17.034557880000001,"Longitude":54.145318199999998,"GlobalID":"{947C8B23-45F3-46BB-99E3-98A5669BD7E9}","NEAR_FID":17166,"NEAR_DIST":3.3979129208758909}},{"type":"Feature","id":783,"geometry":{"type":"Point","coordinates":[196095.78320000041,1885588.1298999991]},"properties":{"OBJECTID":783,"Asset_ID":"GLY783","Name":"Gully","District_ID":"al Sada al Janubiyya","Wlyt_ID":"Salalah","Gov_ID":"Dhofar Governorate","Road_ID":"100418","Mun_ID":" ","Latitude":17.03447662,"Longitude":54.145380269999997,"GlobalID":"{C89EB73B-6251-40EC-BAED-8478F55EFEBB}","NEAR_FID":10912,"NEAR_DIST":5.614148344250367}},{"type":"Feature","id":784,"geometry":{"type":"Point","coordinates":[196115.77139999997,1885602.7807]},"properties":{"OBJECTID":784,"Asset_ID":"GLY784","Name":"Gully","District_ID":"al Sada al Janubiyya","Wlyt_ID":"Salalah","Gov_ID":"Dhofar Governorate","Road_ID":"100418","Mun_ID":" ","Latitude":17.034611519999999,"Longitude":54.145565840000003,"GlobalID":"{799CDC00-FC5A-4FE8-BE1A-1C53831705B3}","NEAR_FID":10912,"NEAR_DIST":5.7055706663703969}},{"type":"Feature","id":785,"geometry":{"type":"Point","coordinates":[196028.73849999998,1885553.2186999992]},"properties":{"OBJECTID":785,"Asset_ID":"GLY785","Name":"Gully","District_ID":"al Sada al Janubiyya","Wlyt_ID":"Salalah","Gov_ID":"Dhofar Governorate","Road_ID":"100350","Mun_ID":" ","Latitude":17.034152590000001,"Longitude":54.144755859999997,"GlobalID":"{9567596E-FAB4-44F0-A1B8-052D2F51E71B}","NEAR_FID":11071,"NEAR_DIST":3.5149767914500982}},{"type":"Feature","id":786,"geometry":{"type":"Point","coordinates":[196035.27410000004,1885543.9598999992]},"properties":{"OBJECTID":786,"Asset_ID":"GLY786","Name":"Gully","District_ID":"al Sada al Janubiyya","Wlyt_ID":"Salalah","Gov_ID":"Dhofar Governorate","Road_ID":"100418","Mun_ID":" ","Latitude":17.034069859999999,"Longitude":54.144818469999997,"GlobalID":"{C1079290-AC30-4260-844D-9665C9F882FB}","NEAR_FID":10912,"NEAR_DIST":5.4549092269413926}},{"type":"Feature","id":787,"geometry":{"type":"Point","coordinates":[196069.25939999986,1885582.6291000005]},"properties":{"OBJECTID":787,"Asset_ID":"GLY787","Name":"Gully","District_ID":"al Sada al Janubiyya","Wlyt_ID":"Salalah","Gov_ID":"Dhofar Governorate","Road_ID":"100350","Mun_ID":" ","Latitude":17.034423459999999,"Longitude":54.145132109999999,"GlobalID":"{73C32093-9999-48A8-B0CE-A000B46CC4DE}","NEAR_FID":17166,"NEAR_DIST":3.463319533524833}},{"type":"Feature","id":788,"geometry":{"type":"Point","coordinates":[196075.46829999983,1885573.5880999994]},"properties":{"OBJECTID":788,"Asset_ID":"GLY788","Name":"Gully","District_ID":"al Sada al Janubiyya","Wlyt_ID":"Salalah","Gov_ID":"Dhofar Governorate","Road_ID":"100418","Mun_ID":" ","Latitude":17.034342649999999,"Longitude":54.145191609999998,"GlobalID":"{9A0DD90F-EEBF-4A50-B274-2C5A3AB2C76B}","NEAR_FID":10912,"NEAR_DIST":5.7948881467470903}},{"type":"Feature","id":789,"geometry":{"type":"Point","coordinates":[196055.31670000032,1885558.7740000002]},"properties":{"OBJECTID":789,"Asset_ID":"GLY789","Name":"Gully","District_ID":"al Sada al Janubiyya","Wlyt_ID":"Salalah","Gov_ID":"Dhofar Governorate","Road_ID":"100418","Mun_ID":" ","Latitude":17.03420625,"Longitude":54.145004530000001,"GlobalID":"{2F16D7F8-7F81-48B4-853A-761E74CA9584}","NEAR_FID":10912,"NEAR_DIST":5.6593523332532127}},{"type":"Feature","id":790,"geometry":{"type":"Point","coordinates":[196048.78110000025,1885567.9239000008]},"properties":{"OBJECTID":790,"Asset_ID":"GLY790","Name":"Gully","District_ID":"al Sada al Janubiyya","Wlyt_ID":"Salalah","Gov_ID":"Dhofar Governorate","Road_ID":"100350","Mun_ID":" ","Latitude":17.034287989999999,"Longitude":54.144941940000002,"GlobalID":"{D2584149-F111-44D8-A631-7FEDADA5BE0F}","NEAR_FID":11071,"NEAR_DIST":3.361365274916484}},{"type":"Feature","id":791,"geometry":{"type":"Point","coordinates":[196014.90469999984,1885529.2546999995]},"properties":{"OBJECTID":791,"Asset_ID":"GLY791","Name":"Gully","District_ID":"al Sada al Janubiyya","Wlyt_ID":"Salalah","Gov_ID":"Dhofar Governorate","Road_ID":"100418","Mun_ID":" ","Latitude":17.033934410000001,"Longitude":54.14462932,"GlobalID":"{8046219A-6CA6-4EE2-8563-84EB719A6E9E}","NEAR_FID":10912,"NEAR_DIST":5.5295750879194081}},{"type":"Feature","id":792,"geometry":{"type":"Point","coordinates":[196008.58690000046,1885538.2957000006]},"properties":{"OBJECTID":792,"Asset_ID":"GLY792","Name":"Gully","District_ID":"al Sada al Janubiyya","Wlyt_ID":"Salalah","Gov_ID":"Dhofar Governorate","Road_ID":"100350","Mun_ID":" ","Latitude":17.034015199999999,"Longitude":54.144568790000001,"GlobalID":"{FD184978-87C1-4C4B-A9EA-690B73BBADBA}","NEAR_FID":11071,"NEAR_DIST":2.8487458560766084}},{"type":"Feature","id":793,"geometry":{"type":"Point","coordinates":[196063.92200000025,1885504.7460999992]},"properties":{"OBJECTID":793,"Asset_ID":"GLY793","Name":"Gully","District_ID":"Dahariz al Shamaliyya","Wlyt_ID":"Salalah","Gov_ID":"Dhofar Governorate","Road_ID":"100418","Mun_ID":" ","Latitude":17.033719609999999,"Longitude":54.145092689999998,"GlobalID":"{47DBF068-D54F-41CD-8A16-BBCB4772E45C}","NEAR_FID":9827,"NEAR_DIST":5.8409264198222628}},{"type":"Feature","id":794,"geometry":{"type":"Point","coordinates":[196068.17009999976,1885498.1015000008]},"properties":{"OBJECTID":794,"Asset_ID":"GLY794","Name":"Gully","District_ID":"Dahariz al Shamaliyya","Wlyt_ID":"Salalah","Gov_ID":"Dhofar Governorate","Road_ID":"100124","Mun_ID":" ","Latitude":17.033660179999998,"Longitude":54.145133469999998,"GlobalID":"{F13FF707-6BF3-4895-ABE1-D05AE63E0B78}","NEAR_FID":13723,"NEAR_DIST":2.8745429532152484}},{"type":"Feature","id":795,"geometry":{"type":"Point","coordinates":[196088.53959999979,1885512.9155999999]},"properties":{"OBJECTID":795,"Asset_ID":"GLY795","Name":"Gully","District_ID":"Dahariz al Shamaliyya","Wlyt_ID":"Salalah","Gov_ID":"Dhofar Governorate","Road_ID":"100124","Mun_ID":" ","Latitude":17.03379661,"Longitude":54.1453226,"GlobalID":"{E5F5F3D7-524B-4F43-9776-BF208BD11A04}","NEAR_FID":13723,"NEAR_DIST":2.8496751846345569}},{"type":"Feature","id":796,"geometry":{"type":"Point","coordinates":[196083.9645999996,1885519.3422999997]},"properties":{"OBJECTID":796,"Asset_ID":"GLY796","Name":"Gully","District_ID":"Dahariz al Shamaliyya","Wlyt_ID":"Salalah","Gov_ID":"Dhofar Governorate","Road_ID":"100418","Mun_ID":" ","Latitude":17.033854030000001,"Longitude":54.145278789999999,"GlobalID":"{72050680-D951-4F44-9565-5FB6B401FCFF}","NEAR_FID":9827,"NEAR_DIST":5.8556032143764449}},{"type":"Feature","id":797,"geometry":{"type":"Point","coordinates":[196104.3339999998,1885534.2653999999]},"properties":{"OBJECTID":797,"Asset_ID":"GLY797","Name":"Gully","District_ID":"Dahariz al Shamaliyya","Wlyt_ID":"Salalah","Gov_ID":"Dhofar Governorate","Road_ID":"100418","Mun_ID":" ","Latitude":17.033991440000001,"Longitude":54.1454679,"GlobalID":"{581F7187-492D-453D-9F8D-E36149BAEB14}","NEAR_FID":9827,"NEAR_DIST":5.798718472072613}},{"type":"Feature","id":798,"geometry":{"type":"Point","coordinates":[196108.79999999981,1885527.4028999992]},"properties":{"OBJECTID":798,"Asset_ID":"GLY798","Name":"Gully","District_ID":"Dahariz al Shamaliyya","Wlyt_ID":"Salalah","Gov_ID":"Dhofar Governorate","Road_ID":"100124","Mun_ID":" ","Latitude":17.03393007,"Longitude":54.14551075,"GlobalID":"{8976B0E9-C086-4A3F-A9A2-307C18CEC5DA}","NEAR_FID":13723,"NEAR_DIST":2.6249582513917513}},{"type":"Feature","id":799,"geometry":{"type":"Point","coordinates":[196129.06049999967,1885542.1081000008]},"properties":{"OBJECTID":799,"Asset_ID":"GLY799","Name":"Gully","District_ID":"Dahariz al Shamaliyya","Wlyt_ID":"Salalah","Gov_ID":"Dhofar Governorate","Road_ID":"100124","Mun_ID":" ","Latitude":17.034065510000001,"Longitude":54.145698869999997,"GlobalID":"{525A0DAD-1D8A-41C8-8A76-AAF6E30E6204}","NEAR_FID":13723,"NEAR_DIST":2.5762797285457286}},{"type":"Feature","id":800,"geometry":{"type":"Point","coordinates":[196124.37660000008,1885548.9705999997]},"properties":{"OBJECTID":800,"Asset_ID":"GLY800","Name":"Gully","District_ID":"Dahariz al Shamaliyya","Wlyt_ID":"Salalah","Gov_ID":"Dhofar Governorate","Road_ID":"100418","Mun_ID":" ","Latitude":17.03412685,"Longitude":54.145653979999999,"GlobalID":"{8A240F1D-89EB-428F-B6EF-C1B42ED1E8D9}","NEAR_FID":9827,"NEAR_DIST":5.725356968738172}},{"type":"Feature","id":801,"geometry":{"type":"Point","coordinates":[196017.02400000021,1885467.9322999995]},"properties":{"OBJECTID":801,"Asset_ID":"GLY801","Name":"Gully","District_ID":"Dahariz al Shamaliyya","Wlyt_ID":"Salalah","Gov_ID":"Dhofar Governorate","Road_ID":"100418","Mun_ID":" ","Latitude":17.03338106,"Longitude":54.144657619999997,"GlobalID":"{DFDA86E9-15FE-44C7-8E55-0C5B80CB2126}","NEAR_FID":9827,"NEAR_DIST":7.1581123279324421}},{"type":"Feature","id":802,"geometry":{"type":"Point","coordinates":[196026.3674999997,1885465.5243999995]},"properties":{"OBJECTID":802,"Asset_ID":"GLY802","Name":"Gully","District_ID":"Dahariz al Shamaliyya","Wlyt_ID":"Salalah","Gov_ID":"Dhofar Governorate","Road_ID":"100124","Mun_ID":" ","Latitude":17.033360550000001,"Longitude":54.144745639999996,"GlobalID":"{0788D5B0-5543-413C-BDBB-8EE6102C2160}","NEAR_FID":13723,"NEAR_DIST":1.167531870780715}},{"type":"Feature","id":803,"geometry":{"type":"Point","coordinates":[196047.90969999973,1885483.7230999991]},"properties":{"OBJECTID":803,"Asset_ID":"GLY803","Name":"Gully","District_ID":"Dahariz al Shamaliyya","Wlyt_ID":"Salalah","Gov_ID":"Dhofar Governorate","Road_ID":"100124","Mun_ID":" ","Latitude":17.03352769,"Longitude":54.144945309999997,"GlobalID":"{48ACA693-2C39-45AF-A84A-F8D1C77B804B}","NEAR_FID":13723,"NEAR_DIST":3.1872681287049391}},{"type":"Feature","id":804,"geometry":{"type":"Point","coordinates":[196043.7703999998,1885489.932]},"properties":{"OBJECTID":804,"Asset_ID":"GLY804","Name":"Gully","District_ID":"Dahariz al Shamaliyya","Wlyt_ID":"Salalah","Gov_ID":"Dhofar Governorate","Road_ID":"100418","Mun_ID":" ","Latitude":17.033583199999999,"Longitude":54.144905610000002,"GlobalID":"{5E699CB1-4D73-4F47-83C3-B036F8F59AF2}","NEAR_FID":9827,"NEAR_DIST":5.636092750853658}},{"type":"Feature","id":805,"geometry":{"type":"Point","coordinates":[196004.25310000032,1885449.6629000008]},"properties":{"OBJECTID":805,"Asset_ID":"GLY805","Name":"Gully","District_ID":"Dahariz al Shamaliyya","Wlyt_ID":"Salalah","Gov_ID":"Dhofar Governorate","Road_ID":"100124","Mun_ID":" ","Latitude":17.033214430000001,"Longitude":54.144540280000001,"GlobalID":"{7F4038E2-35B8-435D-9C95-1EC4C8BF8D02}","NEAR_FID":13723,"NEAR_DIST":1.3736263852402213}},{"type":"Feature","id":806,"geometry":{"type":"Point","coordinates":[195996.87689999957,1885453.1337000001]},"properties":{"OBJECTID":806,"Asset_ID":"GLY806","Name":"Gully","District_ID":"Dahariz al Shamaliyya","Wlyt_ID":"Salalah","Gov_ID":"Dhofar Governorate","Road_ID":"100418","Mun_ID":" ","Latitude":17.033244790000001,"Longitude":54.144470579999997,"GlobalID":"{F46977B4-ED11-4D38-A729-3A3CB53D10C2}","NEAR_FID":9827,"NEAR_DIST":6.8871356413197171}},{"type":"Feature","id":807,"geometry":{"type":"Point","coordinates":[195983.04200000037,1885442.9105999991]},"properties":{"OBJECTID":807,"Asset_ID":"GLY807","Name":"Gully","District_ID":"Dahariz al Shamaliyya","Wlyt_ID":"Salalah","Gov_ID":"Dhofar Governorate","Road_ID":"100418","Mun_ID":" ","Latitude":17.033150670000001,"Longitude":54.144342139999999,"GlobalID":"{A4220081-1076-459D-819F-6ADADFFAC127}","NEAR_FID":9827,"NEAR_DIST":6.7498136880237931}},{"type":"Feature","id":808,"geometry":{"type":"Point","coordinates":[195868.56049999967,1885426.9773999993]},"properties":{"OBJECTID":808,"Asset_ID":"GLY808","Name":"Gully","District_ID":"al Sada al Janubiyya","Wlyt_ID":"Salalah","Gov_ID":"Dhofar Governorate","Road_ID":"100418","Mun_ID":" ","Latitude":17.032991719999998,"Longitude":54.143269969999999,"GlobalID":"{AC0F312F-F503-48FC-859A-09AD9CCC317B}","NEAR_FID":6545,"NEAR_DIST":8.8752183050056885}},{"type":"Feature","id":809,"geometry":{"type":"Point","coordinates":[195903.47919999994,1885380.3082999997]},"properties":{"OBJECTID":809,"Asset_ID":"GLY809","Name":"Gully","District_ID":"Dahariz al Shamaliyya","Wlyt_ID":"Salalah","Gov_ID":"Dhofar Governorate","Road_ID":"100418","Mun_ID":" ","Latitude":17.032574990000001,"Longitude":54.143604070000002,"GlobalID":"{E84B63AE-5677-4B0A-AD76-8A5AD02F62C5}","NEAR_FID":9827,"NEAR_DIST":9.1659099805378279}},{"type":"Feature","id":810,"geometry":{"type":"Point","coordinates":[195950.28600000031,1885414.6258000005]},"properties":{"OBJECTID":810,"Asset_ID":"GLY810","Name":"Gully","District_ID":"Dahariz al Shamaliyya","Wlyt_ID":"Salalah","Gov_ID":"Dhofar Governorate","Road_ID":"100418","Mun_ID":" ","Latitude":17.032890989999999,"Longitude":54.144038620000003,"GlobalID":"{2D58A535-6DA9-43BA-AD0E-4294D730E6F5}","NEAR_FID":9827,"NEAR_DIST":9.6867496371987141}},{"type":"Feature","id":811,"geometry":{"type":"Point","coordinates":[195883.07890000008,1885365.4162000008]},"properties":{"OBJECTID":811,"Asset_ID":"GLY811","Name":"Gully","District_ID":"Dahariz al Shamaliyya","Wlyt_ID":"Salalah","Gov_ID":"Dhofar Governorate","Road_ID":"100418","Mun_ID":" ","Latitude":17.032437850000001,"Longitude":54.143414659999998,"GlobalID":"{A23FC4E1-74A2-4F0C-BD8B-5F2A18D6B78D}","NEAR_FID":6484,"NEAR_DIST":8.9181608983762501}},{"type":"Feature","id":812,"geometry":{"type":"Point","coordinates":[195863.29059999995,1885350.6267000008]},"properties":{"OBJECTID":812,"Asset_ID":"GLY812","Name":"Gully","District_ID":"Dahariz al Shamaliyya","Wlyt_ID":"Salalah","Gov_ID":"Dhofar Governorate","Road_ID":"100418","Mun_ID":" ","Latitude":17.032301709999999,"Longitude":54.143230989999999,"GlobalID":"{6F98E9E6-CA65-494D-ABFA-11664496C81B}","NEAR_FID":6484,"NEAR_DIST":5.6450927145337513}},{"type":"Feature","id":813,"geometry":{"type":"Point","coordinates":[195843.54250000045,1885334.9782999996]},"properties":{"OBJECTID":813,"Asset_ID":"GLY813","Name":"Gully","District_ID":"Dahariz al Shamaliyya","Wlyt_ID":"Salalah","Gov_ID":"Dhofar Governorate","Road_ID":"100001","Mun_ID":" ","Latitude":17.032157829999999,"Longitude":54.143047809999999,"GlobalID":"{EE1C7D08-0C20-470D-994F-E8BDE0217869}","NEAR_FID":14100,"NEAR_DIST":3.2357922470102598}},{"type":"Feature","id":814,"geometry":{"type":"Point","coordinates":[195826.75729999971,1885320.8562000003]},"properties":{"OBJECTID":814,"Asset_ID":"GLY814","Name":"Gully","District_ID":"Dahariz al Shamaliyya","Wlyt_ID":"Salalah","Gov_ID":"Dhofar Governorate","Road_ID":"100001","Mun_ID":" ","Latitude":17.03202812,"Longitude":54.14289222,"GlobalID":"{DD15BE3F-F11B-4569-ABCE-7FF9992A436A}","NEAR_FID":14100,"NEAR_DIST":0.10894246216256309}},{"type":"Feature","id":815,"geometry":{"type":"Point","coordinates":[195923.58829999994,1885395.0635000002]},"properties":{"OBJECTID":815,"Asset_ID":"GLY815","Name":"Gully","District_ID":"Dahariz al Shamaliyya","Wlyt_ID":"Salalah","Gov_ID":"Dhofar Governorate","Road_ID":"100418","Mun_ID":" ","Latitude":17.032710850000001,"Longitude":54.143790760000002,"GlobalID":"{30A0C7ED-0DB0-4CCA-85AA-3A7ABD8F6B2D}","NEAR_FID":9827,"NEAR_DIST":9.3624564631044951}},{"type":"Feature","id":816,"geometry":{"type":"Point","coordinates":[195889.38549999986,1885442.1048000008]},"properties":{"OBJECTID":816,"Asset_ID":"GLY816","Name":"Gully","District_ID":"al Sada al Janubiyya","Wlyt_ID":"Salalah","Gov_ID":"Dhofar Governorate","Road_ID":"100418","Mun_ID":" ","Latitude":17.033131040000001,"Longitude":54.143463330000003,"GlobalID":"{1C750E9F-E4EB-41B9-A86C-EFFA21DEB490}","NEAR_FID":6545,"NEAR_DIST":8.6187776251864623}},{"type":"Feature","id":817,"geometry":{"type":"Point","coordinates":[195909.62540000025,1885456.8461000007]},"properties":{"OBJECTID":817,"Asset_ID":"GLY817","Name":"Gully","District_ID":"al Sada al Janubiyya","Wlyt_ID":"Salalah","Gov_ID":"Dhofar Governorate","Road_ID":"100418","Mun_ID":" ","Latitude":17.0332668,"Longitude":54.143651249999998,"GlobalID":"{CEBA0548-980F-4DDD-BCC4-6AF652AA8DC5}","NEAR_FID":6545,"NEAR_DIST":8.6976576427313539}},{"type":"Feature","id":818,"geometry":{"type":"Point","coordinates":[195929.83160000015,1885471.5417999998]},"properties":{"OBJECTID":818,"Asset_ID":"GLY818","Name":"Gully","District_ID":"al Sada al Janubiyya","Wlyt_ID":"Salalah","Gov_ID":"Dhofar Governorate","Road_ID":"100418","Mun_ID":" ","Latitude":17.03340214,"Longitude":54.143838860000002,"GlobalID":"{EB38155A-2088-4F4F-87C3-443BCA171357}","NEAR_FID":6545,"NEAR_DIST":8.7593477101804051}},{"type":"Feature","id":819,"geometry":{"type":"Point","coordinates":[195948.51350000035,1885487.6717000008]},"properties":{"OBJECTID":819,"Asset_ID":"GLY819","Name":"Gully","District_ID":"al Sada al Janubiyya","Wlyt_ID":"Salalah","Gov_ID":"Dhofar Governorate","Road_ID":"100350","Mun_ID":" ","Latitude":17.033550229999999,"Longitude":54.144011970000001,"GlobalID":"{DE6684DF-50E2-4AD2-AEA7-FC4C0BFDDA7B}","NEAR_FID":11071,"NEAR_DIST":6.8972372853835786}},{"type":"Feature","id":820,"geometry":{"type":"Point","coordinates":[195966.43200000003,1885500.5796000008]},"properties":{"OBJECTID":820,"Asset_ID":"GLY820","Name":"Gully","District_ID":"al Sada al Janubiyya","Wlyt_ID":"Salalah","Gov_ID":"Dhofar Governorate","Road_ID":"100350","Mun_ID":" ","Latitude":17.03366913,"Longitude":54.144178359999998,"GlobalID":"{890A2A57-F11A-473E-88FE-C63EFF7A829D}","NEAR_FID":11071,"NEAR_DIST":2.8552331900652606}},{"type":"Feature","id":821,"geometry":{"type":"Point","coordinates":[187190.7603000002,1882494.5449999999]},"properties":{"OBJECTID":821,"Asset_ID":"GLY821","Name":"Gully","District_ID":"al Wadi","Wlyt_ID":"Salalah","Gov_ID":"Dhofar Governorate","Road_ID":"103812","Mun_ID":" ","Latitude":17.005357480000001,"Longitude":54.062248949999997,"GlobalID":"{237B3998-0ED1-4549-9479-0300D96B4FC3}","NEAR_FID":5520,"NEAR_DIST":13.504810286873262}},{"type":"Feature","id":822,"geometry":{"type":"Point","coordinates":[189215.76999999955,1883150.0695999991]},"properties":{"OBJECTID":822,"Asset_ID":"GLY822","Name":"Gully","District_ID":"Salalah al Gharbiyya","Wlyt_ID":"Salalah","Gov_ID":"Dhofar Governorate","Road_ID":"103812","Mun_ID":" ","Latitude":17.011548879999999,"Longitude":54.081157099999999,"GlobalID":"{E2F63326-5F8D-41B8-B0A2-145F22A2E95B}","NEAR_FID":11069,"NEAR_DIST":11.287098577260434}},{"type":"Feature","id":823,"geometry":{"type":"Point","coordinates":[189215.10859999992,1883152.4057999998]},"properties":{"OBJECTID":823,"Asset_ID":"GLY823","Name":"Gully","District_ID":"Salalah al Gharbiyya","Wlyt_ID":"Salalah","Gov_ID":"Dhofar Governorate","Road_ID":"103812","Mun_ID":" ","Latitude":17.01156988,"Longitude":54.081150569999998,"GlobalID":"{3F38087C-C5EE-4771-8D1E-68B2DB623936}","NEAR_FID":11069,"NEAR_DIST":8.8610120336735747}},{"type":"Feature","id":825,"geometry":{"type":"Point","coordinates":[190451.38630000036,1883611.7513999995]},"properties":{"OBJECTID":825,"Asset_ID":"GLY825","Name":"Gully","District_ID":"Salalah al Jadida","Wlyt_ID":"Salalah","Gov_ID":"Dhofar Governorate","Road_ID":"103812","Mun_ID":" ","Latitude":17.015882940000001,"Longitude":54.092686569999998,"GlobalID":"{5E2A4775-CB46-4380-9F70-903B2DFCFAFF}","NEAR_FID":8813,"NEAR_DIST":3.8756628245511182}},{"type":"Feature","id":826,"geometry":{"type":"Point","coordinates":[190483.15519999992,1883631.8761999998]},"properties":{"OBJECTID":826,"Asset_ID":"GLY826","Name":"Gully","District_ID":"Markaz al Madena","Wlyt_ID":"Salalah","Gov_ID":"Dhofar Governorate","Road_ID":"103812","Mun_ID":" ","Latitude":17.01606889,"Longitude":54.092981860000002,"GlobalID":"{05E528C9-B9EA-4FE9-9C02-9651FE10DF8A}","NEAR_FID":8967,"NEAR_DIST":6.8791710325835602}},{"type":"Feature","id":827,"geometry":{"type":"Point","coordinates":[190438.61390000023,1883680.5777000003]},"properties":{"OBJECTID":827,"Asset_ID":"GLY827","Name":"Gully","District_ID":"Salalah al Jadida","Wlyt_ID":"Salalah","Gov_ID":"Dhofar Governorate","Road_ID":"104387","Mun_ID":" ","Latitude":17.016502580000001,"Longitude":54.092557130000003,"GlobalID":"{DE71B520-F73E-4497-98FB-A9355AA558AC}","NEAR_FID":10474,"NEAR_DIST":9.4880063215985011}},{"type":"Feature","id":828,"geometry":{"type":"Point","coordinates":[190433.44199999981,1883705.8765999991]},"properties":{"OBJECTID":828,"Asset_ID":"GLY828","Name":"Gully","District_ID":"Salalah al Jadida","Wlyt_ID":"Salalah","Gov_ID":"Dhofar Governorate","Road_ID":"104387","Mun_ID":" ","Latitude":17.016730280000001,"Longitude":54.092505070000001,"GlobalID":"{BE0EEB9A-00CF-4D61-8021-EE1B6BDBBB25}","NEAR_FID":10474,"NEAR_DIST":9.6867666507232091}},{"type":"Feature","id":829,"geometry":{"type":"Point","coordinates":[190465.98550000042,1883719.8828999996]},"properties":{"OBJECTID":829,"Asset_ID":"GLY829","Name":"Gully","District_ID":"Markaz al Madena","Wlyt_ID":"Salalah","Gov_ID":"Dhofar Governorate","Road_ID":"104387","Mun_ID":" ","Latitude":17.016861089999999,"Longitude":54.092808480000002,"GlobalID":"{4786205C-5856-4694-B566-F4B81B345416}","NEAR_FID":17295,"NEAR_DIST":6.502407636793766}},{"type":"Feature","id":830,"geometry":{"type":"Point","coordinates":[190427.38100000005,1883735.5523000006]},"properties":{"OBJECTID":830,"Asset_ID":"GLY830","Name":"Gully","District_ID":"Salalah al Jadida","Wlyt_ID":"Salalah","Gov_ID":"Dhofar Governorate","Road_ID":"104187","Mun_ID":" ","Latitude":17.016997369999999,"Longitude":54.092444059999998,"GlobalID":"{22965EAB-1675-499A-BA21-6D8C07AEBAF2}","NEAR_FID":14085,"NEAR_DIST":9.1668849013388503}},{"type":"Feature","id":831,"geometry":{"type":"Point","coordinates":[190418.62469999958,1883756.9215999991]},"properties":{"OBJECTID":831,"Asset_ID":"GLY831","Name":"Gully","District_ID":"Salalah al Jadida","Wlyt_ID":"Salalah","Gov_ID":"Dhofar Governorate","Road_ID":"104187","Mun_ID":" ","Latitude":17.017189120000001,"Longitude":54.092358910000002,"GlobalID":"{2EEBA5D4-1BDC-46C7-B9FA-291EBFFE40B3}","NEAR_FID":14085,"NEAR_DIST":6.8586344460972333}},{"type":"Feature","id":832,"geometry":{"type":"Point","coordinates":[190457.34630000032,1883762.6915000007]},"properties":{"OBJECTID":832,"Asset_ID":"GLY832","Name":"Gully","District_ID":"Markaz al Madena","Wlyt_ID":"Salalah","Gov_ID":"Dhofar Governorate","Road_ID":"104387","Mun_ID":" ","Latitude":17.017246400000001,"Longitude":54.092721449999999,"GlobalID":"{26489EE9-F779-4F8C-8F03-D2CB817A7E94}","NEAR_FID":17295,"NEAR_DIST":6.6993767086720375}},{"type":"Feature","id":833,"geometry":{"type":"Point","coordinates":[190420.39250000007,1883785.1545000002]},"properties":{"OBJECTID":833,"Asset_ID":"GLY833","Name":"Gully","District_ID":"Salalah al Jadida","Wlyt_ID":"Salalah","Gov_ID":"Dhofar Governorate","Road_ID":"104387","Mun_ID":" ","Latitude":17.01744424,"Longitude":54.092371559999997,"GlobalID":"{CBC112B6-848F-4AE1-9B11-02BE336D782D}","NEAR_FID":18033,"NEAR_DIST":6.5537349255362223}},{"type":"Feature","id":834,"geometry":{"type":"Point","coordinates":[190451.96009999979,1883789.4000000004]},"properties":{"OBJECTID":834,"Asset_ID":"GLY834","Name":"Gully","District_ID":"Markaz al Madena","Wlyt_ID":"Salalah","Gov_ID":"Dhofar Governorate","Road_ID":"104387","Mun_ID":" ","Latitude":17.0174868,"Longitude":54.092667179999999,"GlobalID":"{009314F2-834D-4BAF-9A93-45385B0A9355}","NEAR_FID":17295,"NEAR_DIST":6.9135401445268219}},{"type":"Feature","id":835,"geometry":{"type":"Point","coordinates":[190445.73159999959,1883820.2858000007]},"properties":{"OBJECTID":835,"Asset_ID":"GLY835","Name":"Gully","District_ID":"Markaz al Madena","Wlyt_ID":"Salalah","Gov_ID":"Dhofar Governorate","Road_ID":"104001","Mun_ID":" ","Latitude":17.017764799999998,"Longitude":54.092604430000002,"GlobalID":"{0FBDE33E-42BE-48EB-985F-7513B5ADC604}","NEAR_FID":18057,"NEAR_DIST":0.15158211986777667}},{"type":"Feature","id":836,"geometry":{"type":"Point","coordinates":[190411.6484000003,1883813.2004000004]},"properties":{"OBJECTID":836,"Asset_ID":"GLY836","Name":"Gully","District_ID":"Salalah al Jadida","Wlyt_ID":"Salalah","Gov_ID":"Dhofar Governorate","Road_ID":"104187","Mun_ID":" ","Latitude":17.017696260000001,"Longitude":54.092285599999997,"GlobalID":"{956CE0D2-984F-4492-AE24-0E32B8604347}","NEAR_FID":8750,"NEAR_DIST":5.5489458721476117}},{"type":"Feature","id":837,"geometry":{"type":"Point","coordinates":[190407.30470000021,1883834.0832000002]},"properties":{"OBJECTID":837,"Asset_ID":"GLY837","Name":"Gully","District_ID":"Salalah al Jadida","Wlyt_ID":"Salalah","Gov_ID":"Dhofar Governorate","Road_ID":"104387","Mun_ID":" ","Latitude":17.017884200000001,"Longitude":54.09224193,"GlobalID":"{1CA8AAA8-DE5C-47B8-93B5-227E6FEC08AD}","NEAR_FID":18378,"NEAR_DIST":9.0572769028698694}},{"type":"Feature","id":838,"geometry":{"type":"Point","coordinates":[190441.39580000006,1883843.5002999995]},"properties":{"OBJECTID":838,"Asset_ID":"GLY838","Name":"Gully","District_ID":"Markaz al Madena","Wlyt_ID":"Salalah","Gov_ID":"Dhofar Governorate","Road_ID":"104001","Mun_ID":" ","Latitude":17.017973789999999,"Longitude":54.092560509999998,"GlobalID":"{9141AD4E-D1B1-42F7-A808-A454CD5F90EE}","NEAR_FID":14514,"NEAR_DIST":5.7876606820681165}},{"type":"Feature","id":839,"geometry":{"type":"Point","coordinates":[190397.53799999971,1883882.7540000007]},"properties":{"OBJECTID":839,"Asset_ID":"GLY839","Name":"Gully","District_ID":"Salalah al Jadida","Wlyt_ID":"Salalah","Gov_ID":"Dhofar Governorate","Road_ID":"104387","Mun_ID":" ","Latitude":17.01832228,"Longitude":54.092143499999999,"GlobalID":"{08A2EFF3-EA0E-4B66-A484-E231D6B905D5}","NEAR_FID":18378,"NEAR_DIST":9.1775334403762869}},{"type":"Feature","id":840,"geometry":{"type":"Point","coordinates":[190393.77029999997,1883907.9828999992]},"properties":{"OBJECTID":840,"Asset_ID":"GLY840","Name":"Gully","District_ID":"Salalah al Jadida","Wlyt_ID":"Salalah","Gov_ID":"Dhofar Governorate","Road_ID":"104387","Mun_ID":" ","Latitude":17.018549539999999,"Longitude":54.092104620000001,"GlobalID":"{0B20224D-D04D-4522-8186-DFF79D71E61A}","NEAR_FID":18378,"NEAR_DIST":8.5970479091914616}},{"type":"Feature","id":841,"geometry":{"type":"Point","coordinates":[190425.87000000011,1883917.5653000008]},"properties":{"OBJECTID":841,"Asset_ID":"GLY841","Name":"Gully","District_ID":"Markaz al Madena","Wlyt_ID":"Salalah","Gov_ID":"Dhofar Governorate","Road_ID":"104387","Mun_ID":" ","Latitude":17.018640349999998,"Longitude":54.09240449,"GlobalID":"{AA2C0EF4-AE0E-40F9-80B4-478D5EAB217A}","NEAR_FID":12092,"NEAR_DIST":7.4324970047172894}},{"type":"Feature","id":842,"geometry":{"type":"Point","coordinates":[190430.87999999989,1883893.2653999999]},"properties":{"OBJECTID":842,"Asset_ID":"GLY842","Name":"Gully","District_ID":"Markaz al Madena","Wlyt_ID":"Salalah","Gov_ID":"Dhofar Governorate","Road_ID":"104001","Mun_ID":" ","Latitude":17.018421650000001,"Longitude":54.092454889999999,"GlobalID":"{120F8EBD-1D8E-4759-8ADA-EBC4FA279675}","NEAR_FID":10366,"NEAR_DIST":1.4793767875179851}},{"type":"Feature","id":843,"geometry":{"type":"Point","coordinates":[190391.02309999987,1883932.5578000005]},"properties":{"OBJECTID":843,"Asset_ID":"GLY843","Name":"Gully","District_ID":"Salalah al Jadida","Wlyt_ID":"Salalah","Gov_ID":"Dhofar Governorate","Road_ID":"104387","Mun_ID":" ","Latitude":17.01877103,"Longitude":54.09207542,"GlobalID":"{B5CECBE4-8405-4040-ABC4-B34DBBB5D6A9}","NEAR_FID":18378,"NEAR_DIST":6.4803631344702275}},{"type":"Feature","id":844,"geometry":{"type":"Point","coordinates":[190414.51499999966,1883963.3344999999]},"properties":{"OBJECTID":844,"Asset_ID":"GLY844","Name":"Gully","District_ID":"Markaz al Madena","Wlyt_ID":"Salalah","Gov_ID":"Dhofar Governorate","Road_ID":"104387","Mun_ID":" ","Latitude":17.019052030000001,"Longitude":54.09229156,"GlobalID":"{78287688-C47B-411C-84AC-C9CFD93A92C2}","NEAR_FID":12092,"NEAR_DIST":5.6346056691907078}},{"type":"Feature","id":845,"geometry":{"type":"Point","coordinates":[190386.04609999992,1883956.8190000001]},"properties":{"OBJECTID":845,"Asset_ID":"GLY845","Name":"Gully","District_ID":"Salalah al Jadida","Wlyt_ID":"Salalah","Gov_ID":"Dhofar Governorate","Road_ID":"104387","Mun_ID":" ","Latitude":17.018989380000001,"Longitude":54.092025329999998,"GlobalID":"{70C1FEFA-ABD5-4821-9B03-CBD098EB9186}","NEAR_FID":18378,"NEAR_DIST":6.8014446837330844}},{"type":"Feature","id":846,"geometry":{"type":"Point","coordinates":[190407.74799999967,1883989.2446999997]},"properties":{"OBJECTID":846,"Asset_ID":"GLY846","Name":"Gully","District_ID":"Markaz al Madena","Wlyt_ID":"Salalah","Gov_ID":"Dhofar Governorate","Road_ID":"104387","Mun_ID":" ","Latitude":17.019285029999999,"Longitude":54.092224450000003,"GlobalID":"{CBD752B9-D66B-47E4-8413-B62E01C31B55}","NEAR_FID":12092,"NEAR_DIST":4.1968981526501192}},{"type":"Feature","id":847,"geometry":{"type":"Point","coordinates":[190380.62719999999,1883983.8248999994]},"properties":{"OBJECTID":847,"Asset_ID":"GLY847","Name":"Gully","District_ID":"Salalah al Jadida","Wlyt_ID":"Salalah","Gov_ID":"Dhofar Governorate","Road_ID":"104387","Mun_ID":" ","Latitude":17.019232460000001,"Longitude":54.091970709999998,"GlobalID":"{AAC2E4BE-BCF0-4D89-91DC-4603B0058885}","NEAR_FID":18378,"NEAR_DIST":7.0399025208634969}},{"type":"Feature","id":848,"geometry":{"type":"Point","coordinates":[190403.22510000039,1884011.4470000006]},"properties":{"OBJECTID":848,"Asset_ID":"GLY848","Name":"Gully","District_ID":"Markaz al Madena","Wlyt_ID":"Salalah","Gov_ID":"Dhofar Governorate","Road_ID":"104387","Mun_ID":" ","Latitude":17.019484859999999,"Longitude":54.092178910000001,"GlobalID":"{323A979C-6E0C-491F-A237-B16056305CBA}","NEAR_FID":12092,"NEAR_DIST":4.0662258324047285}},{"type":"Feature","id":849,"geometry":{"type":"Point","coordinates":[190375.8870000001,1884007.2006999999]},"properties":{"OBJECTID":849,"Asset_ID":"GLY849","Name":"Gully","District_ID":"Salalah al Jadida","Wlyt_ID":"Salalah","Gov_ID":"Dhofar Governorate","Road_ID":"104387","Mun_ID":" ","Latitude":17.019442860000002,"Longitude":54.091922969999999,"GlobalID":"{B8A56E6B-16A5-486C-9BC0-58E1C5DEB7C6}","NEAR_FID":18378,"NEAR_DIST":7.069220445637411}},{"type":"Feature","id":850,"geometry":{"type":"Point","coordinates":[190398.31429999974,1884035.7557999995]},"properties":{"OBJECTID":850,"Asset_ID":"GLY850","Name":"Gully","District_ID":"Markaz al Madena","Wlyt_ID":"Salalah","Gov_ID":"Dhofar Governorate","Road_ID":"104387","Mun_ID":" ","Latitude":17.019703660000001,"Longitude":54.092129440000001,"GlobalID":"{ACC4314E-FAA5-4897-A9CF-4325C3F205B7}","NEAR_FID":12092,"NEAR_DIST":3.9734409892352307}},{"type":"Feature","id":851,"geometry":{"type":"Point","coordinates":[190371.05730000045,1884031.1090999991]},"properties":{"OBJECTID":851,"Asset_ID":"GLY851","Name":"Gully","District_ID":"Salalah al Jadida","Wlyt_ID":"Salalah","Gov_ID":"Dhofar Governorate","Road_ID":"104387","Mun_ID":" ","Latitude":17.01965805,"Longitude":54.091874320000002,"GlobalID":"{F4083F9A-F8D9-4D6A-8ABD-38D57D279090}","NEAR_FID":18378,"NEAR_DIST":6.8484350541989345}},{"type":"Feature","id":852,"geometry":{"type":"Point","coordinates":[190393.77139999997,1884058.3201000001]},"properties":{"OBJECTID":852,"Asset_ID":"GLY852","Name":"Gully","District_ID":"Markaz al Madena","Wlyt_ID":"Salalah","Gov_ID":"Dhofar Governorate","Road_ID":"104387","Mun_ID":" ","Latitude":17.019906750000001,"Longitude":54.09208366,"GlobalID":"{7802B31D-F5D5-4C21-8E3E-8E7AFF27A5AD}","NEAR_FID":12092,"NEAR_DIST":3.9184595364990922}},{"type":"Feature","id":853,"geometry":{"type":"Point","coordinates":[190366.03320000041,1884055.682]},"properties":{"OBJECTID":853,"Asset_ID":"GLY853","Name":"Gully","District_ID":"Salalah al Jadida","Wlyt_ID":"Salalah","Gov_ID":"Dhofar Governorate","Road_ID":"104387","Mun_ID":" ","Latitude":17.01987922,"Longitude":54.091823750000003,"GlobalID":"{61223AEE-21E1-4F4B-BEEA-C5443E666DED}","NEAR_FID":18378,"NEAR_DIST":6.6803770871405446}},{"type":"Feature","id":854,"geometry":{"type":"Point","coordinates":[190361.1512000002,1884079.8477999996]},"properties":{"OBJECTID":854,"Asset_ID":"GLY854","Name":"Gully","District_ID":"Salalah al Jadida","Wlyt_ID":"Salalah","Gov_ID":"Dhofar Governorate","Road_ID":"104387","Mun_ID":" ","Latitude":17.020096720000002,"Longitude":54.091774559999998,"GlobalID":"{0AF02082-E2F5-427D-B92A-D197E1054AA1}","NEAR_FID":18378,"NEAR_DIST":6.7329142682212488}},{"type":"Feature","id":855,"geometry":{"type":"Point","coordinates":[190356.4179999996,1884102.8989000004]},"properties":{"OBJECTID":855,"Asset_ID":"GLY855","Name":"Gully","District_ID":"Salalah al Jadida","Wlyt_ID":"Salalah","Gov_ID":"Dhofar Governorate","Road_ID":"104387","Mun_ID":" ","Latitude":17.020304190000001,"Longitude":54.09172693,"GlobalID":"{8D0BE679-3A82-46B3-B9A7-B06DE09F7347}","NEAR_FID":18378,"NEAR_DIST":6.9554197616332321}},{"type":"Feature","id":856,"geometry":{"type":"Point","coordinates":[190386.44809999969,1884111.7456]},"properties":{"OBJECTID":856,"Asset_ID":"GLY856","Name":"Gully","District_ID":"Markaz al Madena","Wlyt_ID":"Salalah","Gov_ID":"Dhofar Governorate","Road_ID":"104387","Mun_ID":" ","Latitude":17.020388090000001,"Longitude":54.09200749,"GlobalID":"{AFFD55AD-9F39-4564-A830-C1F694D50C25}","NEAR_FID":12092,"NEAR_DIST":6.261831056478214}},{"type":"Feature","id":857,"geometry":{"type":"Point","coordinates":[190351.33459999971,1884128.5256999992]},"properties":{"OBJECTID":857,"Asset_ID":"GLY857","Name":"Gully","District_ID":"Salalah al Jadida","Wlyt_ID":"Salalah","Gov_ID":"Dhofar Governorate","Road_ID":"104387","Mun_ID":" ","Latitude":17.020534860000001,"Longitude":54.09167566,"GlobalID":"{E4B2D353-0729-4F18-9021-AF4151A88B35}","NEAR_FID":18378,"NEAR_DIST":7.0274258569712362}},{"type":"Feature","id":858,"geometry":{"type":"Point","coordinates":[190381.26889999956,1884137.5781999994]},"properties":{"OBJECTID":858,"Asset_ID":"GLY858","Name":"Gully","District_ID":"Markaz al Madena","Wlyt_ID":"Salalah","Gov_ID":"Dhofar Governorate","Road_ID":"104387","Mun_ID":" ","Latitude":17.020620600000001,"Longitude":54.091955280000001,"GlobalID":"{E1B8C294-7B2F-4C78-BB1A-8AA2FFBDF674}","NEAR_FID":12092,"NEAR_DIST":6.6898412098276392}},{"type":"Feature","id":859,"geometry":{"type":"Point","coordinates":[190346.05350000039,1884153.7294999994]},"properties":{"OBJECTID":859,"Asset_ID":"GLY859","Name":"Gully","District_ID":"Salalah al Jadida","Wlyt_ID":"Salalah","Gov_ID":"Dhofar Governorate","Road_ID":"104387","Mun_ID":" ","Latitude":17.02076169,"Longitude":54.091622579999999,"GlobalID":"{4C52E988-89AA-4102-8227-A73BD4F447EE}","NEAR_FID":18378,"NEAR_DIST":7.3298388638314105}},{"type":"Feature","id":860,"geometry":{"type":"Point","coordinates":[190370.84200000018,1884174.6442000009]},"properties":{"OBJECTID":860,"Asset_ID":"GLY860","Name":"Gully","District_ID":"Markaz al Madena","Wlyt_ID":"Salalah","Gov_ID":"Dhofar Governorate","Road_ID":"104387","Mun_ID":" ","Latitude":17.02095383,"Longitude":54.091852269999997,"GlobalID":"{55595AB8-AC47-46D5-AF0B-2F32A9E1AD0F}","NEAR_FID":8482,"NEAR_DIST":4.553861377613476}},{"type":"Feature","id":861,"geometry":{"type":"Point","coordinates":[190341.16119999997,1884177.7224000003]},"properties":{"OBJECTID":861,"Asset_ID":"GLY861","Name":"Gully","District_ID":"Salalah al Jadida","Wlyt_ID":"Salalah","Gov_ID":"Dhofar Governorate","Road_ID":"104387","Mun_ID":" ","Latitude":17.020977640000002,"Longitude":54.091573330000003,"GlobalID":"{3ACEA78C-BC52-4D20-B599-DECB7AE75727}","NEAR_FID":18378,"NEAR_DIST":7.4620331400593471}},{"type":"Feature","id":862,"geometry":{"type":"Point","coordinates":[190334.14099999983,1884203.6140000001]},"properties":{"OBJECTID":862,"Asset_ID":"GLY862","Name":"Gully","District_ID":"Salalah al Jadida","Wlyt_ID":"Salalah","Gov_ID":"Dhofar Governorate","Road_ID":"104387","Mun_ID":" ","Latitude":17.021210440000001,"Longitude":54.091503840000001,"GlobalID":"{35FA927E-FDB7-48A5-8813-C7881BFFD9FA}","NEAR_FID":18378,"NEAR_DIST":9.2403818832585518}},{"type":"Feature","id":863,"geometry":{"type":"Point","coordinates":[190327.98739999998,1884225.4513000008]},"properties":{"OBJECTID":863,"Asset_ID":"GLY863","Name":"Gully","District_ID":"Salalah al Jadida","Wlyt_ID":"Salalah","Gov_ID":"Dhofar Governorate","Road_ID":"104387","Mun_ID":" ","Latitude":17.021406750000001,"Longitude":54.091443050000002,"GlobalID":"{F85E6D17-E2F9-46FC-9A3B-779C1475774E}","NEAR_FID":18378,"NEAR_DIST":10.220781196398073}},{"type":"Feature","id":864,"geometry":{"type":"Point","coordinates":[190361.15979999956,1884237.7762000002]},"properties":{"OBJECTID":864,"Asset_ID":"GLY864","Name":"Gully","District_ID":"Markaz al Madena","Wlyt_ID":"Salalah","Gov_ID":"Dhofar Governorate","Road_ID":"104387","Mun_ID":" ","Latitude":17.021522480000002,"Longitude":54.09175261,"GlobalID":"{8338544D-6206-4299-8BAA-F572703363A1}","NEAR_FID":7052,"NEAR_DIST":7.5041065016433448}},{"type":"Feature","id":865,"geometry":{"type":"Point","coordinates":[190322.81799999997,1884250.8252000008]},"properties":{"OBJECTID":865,"Asset_ID":"GLY865","Name":"Gully","District_ID":"Salalah al Jadida","Wlyt_ID":"Salalah","Gov_ID":"Dhofar Governorate","Road_ID":"104387","Mun_ID":" ","Latitude":17.02163513,"Longitude":54.091391000000002,"GlobalID":"{2B2DF6F8-55BB-4D4A-A4BB-6C9A3CCCFFDE}","NEAR_FID":18378,"NEAR_DIST":9.8405217905775029}},{"type":"Feature","id":866,"geometry":{"type":"Point","coordinates":[190353.8702999996,1884263.4306000005]},"properties":{"OBJECTID":866,"Asset_ID":"GLY866","Name":"Gully","District_ID":"Markaz al Madena","Wlyt_ID":"Salalah","Gov_ID":"Dhofar Governorate","Road_ID":"104387","Mun_ID":" ","Latitude":17.021753100000002,"Longitude":54.091680619999998,"GlobalID":"{F96D2E01-8C43-460D-BBD9-383CEF511D29}","NEAR_FID":7052,"NEAR_DIST":5.5417136977632975}},{"type":"Feature","id":867,"geometry":{"type":"Point","coordinates":[190317.90149999969,1884274.9079999998]},"properties":{"OBJECTID":867,"Asset_ID":"GLY867","Name":"Gully","District_ID":"Salalah al Jadida","Wlyt_ID":"Salalah","Gov_ID":"Dhofar Governorate","Road_ID":"104378","Mun_ID":" ","Latitude":17.021851890000001,"Longitude":54.091341509999999,"GlobalID":"{802716B9-58DD-4545-B0E0-9B7921C74049}","NEAR_FID":4192,"NEAR_DIST":10.113562902020774}},{"type":"Feature","id":868,"geometry":{"type":"Point","coordinates":[190346.72070000041,1884290.6448999997]},"properties":{"OBJECTID":868,"Asset_ID":"GLY868","Name":"Gully","District_ID":"Markaz al Madena","Wlyt_ID":"Salalah","Gov_ID":"Dhofar Governorate","Road_ID":"104387","Mun_ID":" ","Latitude":17.02199783,"Longitude":54.091609740000003,"GlobalID":"{1165E95C-FB51-46E1-94BC-1C7B52238934}","NEAR_FID":7052,"NEAR_DIST":3.8358266465659145}},{"type":"Feature","id":869,"geometry":{"type":"Point","coordinates":[190313.3515999997,1884297.5120000001]},"properties":{"OBJECTID":869,"Asset_ID":"GLY869","Name":"Gully","District_ID":"Salalah al Jadida","Wlyt_ID":"Salalah","Gov_ID":"Dhofar Governorate","Road_ID":"104378","Mun_ID":" ","Latitude":17.022055340000001,"Longitude":54.09129566,"GlobalID":"{C8EAC77A-B44B-4F71-BC18-CAA3A4494AFF}","NEAR_FID":4192,"NEAR_DIST":5.626093657610352}},{"type":"Feature","id":870,"geometry":{"type":"Point","coordinates":[190309.49600000028,1884331.9821000006]},"properties":{"OBJECTID":870,"Asset_ID":"GLY870","Name":"Gully","District_ID":"Salalah al Jadida","Wlyt_ID":"Salalah","Gov_ID":"Dhofar Governorate","Road_ID":"104378","Mun_ID":" ","Latitude":17.022366009999999,"Longitude":54.091254669999998,"GlobalID":"{42AFF00A-043A-454E-BF19-DA870102A81C}","NEAR_FID":8524,"NEAR_DIST":7.3050610065144488}},{"type":"Feature","id":871,"geometry":{"type":"Point","coordinates":[190337.2050999999,1884337.8502999991]},"properties":{"OBJECTID":871,"Asset_ID":"GLY871","Name":"Gully","District_ID":"Markaz al Madena","Wlyt_ID":"Salalah","Gov_ID":"Dhofar Governorate","Road_ID":"104387","Mun_ID":" ","Latitude":17.022422710000001,"Longitude":54.091513859999999,"GlobalID":"{4365C9DE-6414-4997-9CA2-8E1700D95A32}","NEAR_FID":7052,"NEAR_DIST":3.8455025743119813}},{"type":"Feature","id":872,"geometry":{"type":"Point","coordinates":[190332.12629999965,1884362.4027999993]},"properties":{"OBJECTID":872,"Asset_ID":"GLY872","Name":"Gully","District_ID":"Markaz al Madena","Wlyt_ID":"Salalah","Gov_ID":"Dhofar Governorate","Road_ID":"104387","Mun_ID":" ","Latitude":17.022643680000002,"Longitude":54.09146277,"GlobalID":"{AE5966ED-F59C-4906-B6AC-4F722B54FA5F}","NEAR_FID":7052,"NEAR_DIST":3.7652175760210054}},{"type":"Feature","id":873,"geometry":{"type":"Point","coordinates":[190298.71549999993,1884373.0230999999]},"properties":{"OBJECTID":873,"Asset_ID":"GLY873","Name":"Gully","District_ID":"Salalah al Jadida","Wlyt_ID":"Salalah","Gov_ID":"Dhofar Governorate","Road_ID":"104378","Mun_ID":" ","Latitude":17.02273507,"Longitude":54.09114778,"GlobalID":"{1F062CC5-883B-4F87-8D54-EFEDDA3B569B}","NEAR_FID":9094,"NEAR_DIST":6.496444323370377}},{"type":"Feature","id":874,"geometry":{"type":"Point","coordinates":[190327.03039999958,1884388.0272000004]},"properties":{"OBJECTID":874,"Asset_ID":"GLY874","Name":"Gully","District_ID":"Markaz al Madena","Wlyt_ID":"Salalah","Gov_ID":"Dhofar Governorate","Road_ID":"104387","Mun_ID":" ","Latitude":17.02287433,"Longitude":54.091411379999997,"GlobalID":"{07F54B94-9B2A-4ABF-8B60-D3C7979936C7}","NEAR_FID":7052,"NEAR_DIST":3.7424585794554361}},{"type":"Feature","id":875,"geometry":{"type":"Point","coordinates":[190296.06359999999,1884397.5656000003]},"properties":{"OBJECTID":875,"Asset_ID":"GLY875","Name":"Gully","District_ID":"Salalah al Jadida","Wlyt_ID":"Salalah","Gov_ID":"Dhofar Governorate","Road_ID":"104387","Mun_ID":" ","Latitude":17.022956279999999,"Longitude":54.091119470000002,"GlobalID":"{312F4FFB-4655-4EEF-8F3A-3B210BA603FB}","NEAR_FID":12694,"NEAR_DIST":8.0359814852726892}},{"type":"Feature","id":876,"geometry":{"type":"Point","coordinates":[190321.4495000001,1884424.9067000002]},"properties":{"OBJECTID":876,"Asset_ID":"GLY876","Name":"Gully","District_ID":"Markaz al Madena","Wlyt_ID":"Salalah","Gov_ID":"Dhofar Governorate","Road_ID":"104387","Mun_ID":" ","Latitude":17.023206519999999,"Longitude":54.091353859999998,"GlobalID":"{CEA33A9D-8376-431C-9352-267BFAB99C13}","NEAR_FID":7052,"NEAR_DIST":5.326698051249716}},{"type":"Feature","id":877,"geometry":{"type":"Point","coordinates":[190290.5513000004,1884424.4184000008]},"properties":{"OBJECTID":877,"Asset_ID":"GLY877","Name":"Gully","District_ID":"Salalah al Jadida","Wlyt_ID":"Salalah","Gov_ID":"Dhofar Governorate","Road_ID":"104387","Mun_ID":" ","Latitude":17.023197969999998,"Longitude":54.091063990000002,"GlobalID":"{B5D0E774-5528-4B13-9207-5CAC1353CF9A}","NEAR_FID":12694,"NEAR_DIST":7.6710674188935402}},{"type":"Feature","id":878,"geometry":{"type":"Point","coordinates":[190319.84779999964,1884443.1611000001]},"properties":{"OBJECTID":878,"Asset_ID":"GLY878","Name":"Gully","District_ID":"Markaz al Madena","Wlyt_ID":"Salalah","Gov_ID":"Dhofar Governorate","Road_ID":"104387","Mun_ID":" ","Latitude":17.023371109999999,"Longitude":54.091336290000001,"GlobalID":"{8551D768-15FE-4BC5-8503-80E89E131AD5}","NEAR_FID":7052,"NEAR_DIST":7.3777500377198564}},{"type":"Feature","id":879,"geometry":{"type":"Point","coordinates":[190279.39120000042,1884463.1085999999]},"properties":{"OBJECTID":879,"Asset_ID":"GLY879","Name":"Gully","District_ID":"Salalah al Jadida","Wlyt_ID":"Salalah","Gov_ID":"Dhofar Governorate","Road_ID":"104387","Mun_ID":" ","Latitude":17.02354575,"Longitude":54.09095387,"GlobalID":"{16D963E3-3DE5-4502-830A-ABBC7ECB9B77}","NEAR_FID":16694,"NEAR_DIST":9.5383098361738554}},{"type":"Feature","id":880,"geometry":{"type":"Point","coordinates":[190313.43070000038,1884481.5028000008]},"properties":{"OBJECTID":880,"Asset_ID":"GLY880","Name":"Gully","District_ID":"Markaz al Madena","Wlyt_ID":"Salalah","Gov_ID":"Dhofar Governorate","Road_ID":"104387","Mun_ID":" ","Latitude":17.023716390000001,"Longitude":54.091270719999997,"GlobalID":"{3D00256C-00AF-4761-A65A-B8C2C50EC3E7}","NEAR_FID":4308,"NEAR_DIST":1.9350215981818806}},{"type":"Feature","id":881,"geometry":{"type":"Point","coordinates":[190283.58899999969,1884339.5096000005]},"properties":{"OBJECTID":881,"Asset_ID":"GLY881","Name":"Gully","District_ID":"Salalah al Jadida","Wlyt_ID":"Salalah","Gov_ID":"Dhofar Governorate","Road_ID":"104378","Mun_ID":" ","Latitude":17.022430490000001,"Longitude":54.091010509999997,"GlobalID":"{EA08E86A-8634-4137-A6AA-FCB834E0E3A2}","NEAR_FID":11750,"NEAR_DIST":0.46699660088416645}},{"type":"Feature","id":882,"geometry":{"type":"Point","coordinates":[190287.95660000015,1884318.6067999993]},"properties":{"OBJECTID":882,"Asset_ID":"GLY882","Name":"Gully","District_ID":"Salalah al Jadida","Wlyt_ID":"Salalah","Gov_ID":"Dhofar Governorate","Road_ID":"104378","Mun_ID":" ","Latitude":17.022242370000001,"Longitude":54.091054419999999,"GlobalID":"{0733F2F8-B8E1-429B-B927-8C7DFE0D285C}","NEAR_FID":11008,"NEAR_DIST":7.40143300176676}},{"type":"Feature","id":883,"geometry":{"type":"Point","coordinates":[190277.7966,1884317.3986000009]},"properties":{"OBJECTID":883,"Asset_ID":"GLY883","Name":"Gully","District_ID":"Salalah al Jadida","Wlyt_ID":"Salalah","Gov_ID":"Dhofar Governorate","Road_ID":"104378","Mun_ID":" ","Latitude":17.022230100000002,"Longitude":54.090959249999997,"GlobalID":"{283C23CE-7E43-49A3-ABB1-31F29E0F2538}","NEAR_FID":11008,"NEAR_DIST":7.3379839843982859}},{"type":"Feature","id":884,"geometry":{"type":"Point","coordinates":[190260.60300000012,1884333.6359000001]},"properties":{"OBJECTID":884,"Asset_ID":"GLY884","Name":"Gully","District_ID":"Salalah al Jadida","Wlyt_ID":"Salalah","Gov_ID":"Dhofar Governorate","Road_ID":"104378","Mun_ID":" ","Latitude":17.022374379999999,"Longitude":54.090795640000003,"GlobalID":"{C593F44F-7A43-44D6-A9F3-3DF54E3148CB}","NEAR_FID":11750,"NEAR_DIST":0.23067198124264776}},{"type":"Feature","id":885,"geometry":{"type":"Point","coordinates":[190255.23709999956,1884312.9199000001]},"properties":{"OBJECTID":885,"Asset_ID":"GLY885","Name":"Gully","District_ID":"Salalah al Jadida","Wlyt_ID":"Salalah","Gov_ID":"Dhofar Governorate","Road_ID":"104378","Mun_ID":" ","Latitude":17.022186640000001,"Longitude":54.090748179999999,"GlobalID":"{F728AED7-51FD-4F2E-9C2A-5BD4F07F80AF}","NEAR_FID":11008,"NEAR_DIST":7.4348688108794878}},{"type":"Feature","id":886,"geometry":{"type":"Point","coordinates":[190233.16669999994,1884328.0637999997]},"properties":{"OBJECTID":886,"Asset_ID":"GLY886","Name":"Gully","District_ID":"Salalah al Jadida","Wlyt_ID":"Salalah","Gov_ID":"Dhofar Governorate","Road_ID":"104378","Mun_ID":" ","Latitude":17.022320390000001,"Longitude":54.090538969999997,"GlobalID":"{EB554D5B-3824-470C-BC67-B8BAD078918B}","NEAR_FID":11750,"NEAR_DIST":0.29444703194363403}},{"type":"Feature","id":887,"geometry":{"type":"Point","coordinates":[190230.22420000006,1884307.9123]},"properties":{"OBJECTID":887,"Asset_ID":"GLY887","Name":"Gully","District_ID":"Salalah al Jadida","Wlyt_ID":"Salalah","Gov_ID":"Dhofar Governorate","Road_ID":"104378","Mun_ID":" ","Latitude":17.02213807,"Longitude":54.090514169999999,"GlobalID":"{618E2BBF-CAC7-4078-8DD9-C3F4346AF798}","NEAR_FID":11008,"NEAR_DIST":7.5832696598197042}},{"type":"Feature","id":888,"geometry":{"type":"Point","coordinates":[190237.32940000016,1884309.3786999993]},"properties":{"OBJECTID":888,"Asset_ID":"GLY888","Name":"Gully","District_ID":"Salalah al Jadida","Wlyt_ID":"Salalah","Gov_ID":"Dhofar Governorate","Road_ID":"104378","Mun_ID":" ","Latitude":17.022152259999999,"Longitude":54.090580639999999,"GlobalID":"{04373958-A65F-40B4-902D-EE7C1492AD90}","NEAR_FID":11008,"NEAR_DIST":7.4978975175515519}},{"type":"Feature","id":889,"geometry":{"type":"Point","coordinates":[190202.78120000008,1884302.7752]},"properties":{"OBJECTID":889,"Asset_ID":"GLY889","Name":"Gully","District_ID":"Salalah al Jadida","Wlyt_ID":"Salalah","Gov_ID":"Dhofar Governorate","Road_ID":"104378","Mun_ID":" ","Latitude":17.022088,"Longitude":54.090257370000003,"GlobalID":"{E673F4B1-3788-459B-A9B6-42FE28EA3BAD}","NEAR_FID":11008,"NEAR_DIST":7.3956425045098522}},{"type":"Feature","id":890,"geometry":{"type":"Point","coordinates":[190172.18719999958,1884317.8674999997]},"properties":{"OBJECTID":890,"Asset_ID":"GLY890","Name":"Gully","District_ID":"Salalah al Jadida","Wlyt_ID":"Salalah","Gov_ID":"Dhofar Governorate","Road_ID":"104378","Mun_ID":" ","Latitude":17.022220149999999,"Longitude":54.08996818,"GlobalID":"{D108EB9E-2F04-484E-B563-04C99CE27B39}","NEAR_FID":11750,"NEAR_DIST":0.59793561036173926}},{"type":"Feature","id":891,"geometry":{"type":"Point","coordinates":[190178.31819999963,1884296.3275000006]},"properties":{"OBJECTID":891,"Asset_ID":"GLY891","Name":"Gully","District_ID":"Salalah al Jadida","Wlyt_ID":"Salalah","Gov_ID":"Dhofar Governorate","Road_ID":"104200","Mun_ID":" ","Latitude":17.02202651,"Longitude":54.090028719999999,"GlobalID":"{8B1A67F2-3C2D-43DD-B721-33BFDC942F49}","NEAR_FID":15556,"NEAR_DIST":5.3366811630714501}},{"type":"Feature","id":892,"geometry":{"type":"Point","coordinates":[190150.04310000036,1884315.4536000006]},"properties":{"OBJECTID":892,"Asset_ID":"GLY892","Name":"Gully","District_ID":"Salalah al Jadida","Wlyt_ID":"Salalah","Gov_ID":"Dhofar Governorate","Road_ID":"104378","Mun_ID":" ","Latitude":17.022195379999999,"Longitude":54.089760730000002,"GlobalID":"{471B4056-D5CF-45B2-AC3C-EF4756B2D6E4}","NEAR_FID":5085,"NEAR_DIST":0.24296108198751992}},{"type":"Feature","id":893,"geometry":{"type":"Point","coordinates":[190148.1333999997,1884294.6030000001]},"properties":{"OBJECTID":893,"Asset_ID":"GLY893","Name":"Gully","District_ID":"Salalah al Jadida","Wlyt_ID":"Salalah","Gov_ID":"Dhofar Governorate","Road_ID":"104200","Mun_ID":" ","Latitude":17.02200689,"Longitude":54.089745720000003,"GlobalID":"{05975498-0C1B-49A1-8309-9C3B63E13CFF}","NEAR_FID":18981,"NEAR_DIST":8.0121754762669948}},{"type":"Feature","id":894,"geometry":{"type":"Point","coordinates":[190123.02740000002,1884293.8829999994]},"properties":{"OBJECTID":894,"Asset_ID":"GLY894","Name":"Gully","District_ID":"Salalah al Jadida","Wlyt_ID":"Salalah","Gov_ID":"Dhofar Governorate","Road_ID":"104378","Mun_ID":" ","Latitude":17.02199701,"Longitude":54.089510240000003,"GlobalID":"{0E6B6303-9100-4B08-8C40-5A0A7C461703}","NEAR_FID":4942,"NEAR_DIST":7.706464337299689}},{"type":"Feature","id":895,"geometry":{"type":"Point","coordinates":[190115.23029999994,1884313.0373]},"properties":{"OBJECTID":895,"Asset_ID":"GLY895","Name":"Gully","District_ID":"Salalah al Jadida","Wlyt_ID":"Salalah","Gov_ID":"Dhofar Governorate","Road_ID":"104378","Mun_ID":" ","Latitude":17.02216889,"Longitude":54.089434400000002,"GlobalID":"{B9FF165D-F37B-407C-80A2-39F12EB027B1}","NEAR_FID":5085,"NEAR_DIST":0.42792826452853666}},{"type":"Feature","id":896,"geometry":{"type":"Point","coordinates":[190096.94510000013,1884293.0460000001]},"properties":{"OBJECTID":896,"Asset_ID":"GLY896","Name":"Gully","District_ID":"Salalah al Jadida","Wlyt_ID":"Salalah","Gov_ID":"Dhofar Governorate","Road_ID":"104378","Mun_ID":" ","Latitude":17.021985950000001,"Longitude":54.089265609999998,"GlobalID":"{AD516AAD-C8CF-437F-B3A3-EBD253A60476}","NEAR_FID":4942,"NEAR_DIST":7.5300556371412837}},{"type":"Feature","id":897,"geometry":{"type":"Point","coordinates":[190080.18859999999,1884312.1754999999]},"properties":{"OBJECTID":897,"Asset_ID":"GLY897","Name":"Gully","District_ID":"Salalah al Jadida","Wlyt_ID":"Salalah","Gov_ID":"Dhofar Governorate","Road_ID":"104378","Mun_ID":" ","Latitude":17.0221564,"Longitude":54.089105699999998,"GlobalID":"{60EE9031-7769-46B2-B75B-BFF890C06333}","NEAR_FID":5085,"NEAR_DIST":1.128237531397301}},{"type":"Feature","id":898,"geometry":{"type":"Point","coordinates":[190071.16779999994,1884292.3424999993]},"properties":{"OBJECTID":898,"Asset_ID":"GLY898","Name":"Gully","District_ID":"Salalah al Jadida","Wlyt_ID":"Salalah","Gov_ID":"Dhofar Governorate","Road_ID":"104378","Mun_ID":" ","Latitude":17.02197614,"Longitude":54.089023820000001,"GlobalID":"{7D2F42FC-47BF-4738-9242-D45E27A3FC27}","NEAR_FID":18634,"NEAR_DIST":7.232122495472705}},{"type":"Feature","id":899,"geometry":{"type":"Point","coordinates":[190045.2126000002,1884311.3816999998]},"properties":{"OBJECTID":899,"Asset_ID":"GLY899","Name":"Gully","District_ID":"Salalah al Jadida","Wlyt_ID":"Salalah","Gov_ID":"Dhofar Governorate","Road_ID":"104378","Mun_ID":" ","Latitude":17.022144529999998,"Longitude":54.088777610000001,"GlobalID":"{67EF7380-EA7D-4A66-9681-9BE193C38476}","NEAR_FID":5085,"NEAR_DIST":2.2173799694869323}},{"type":"Feature","id":900,"geometry":{"type":"Point","coordinates":[190049.89209999982,1884291.9044000003]},"properties":{"OBJECTID":900,"Asset_ID":"GLY900","Name":"Gully","District_ID":"Salalah al Jadida","Wlyt_ID":"Salalah","Gov_ID":"Dhofar Governorate","Road_ID":"104378","Mun_ID":" ","Latitude":17.02196932,"Longitude":54.088824240000001,"GlobalID":"{1B01AA91-D061-4FED-92D4-865E477EB055}","NEAR_FID":18634,"NEAR_DIST":7.0894719517268365}},{"type":"Feature","id":901,"geometry":{"type":"Point","coordinates":[190045.10400000028,1884291.5918000005]},"properties":{"OBJECTID":901,"Asset_ID":"GLY901","Name":"Gully","District_ID":"Salalah al Jadida","Wlyt_ID":"Salalah","Gov_ID":"Dhofar Governorate","Road_ID":"104378","Mun_ID":" ","Latitude":17.021965860000002,"Longitude":54.088779359999997,"GlobalID":"{A2BBF1E7-C101-409E-B031-953C8AA8C1BD}","NEAR_FID":18634,"NEAR_DIST":7.2956369404957453}},{"type":"Feature","id":902,"geometry":{"type":"Point","coordinates":[190001.21690000035,1884310.3468999993]},"properties":{"OBJECTID":902,"Asset_ID":"GLY902","Name":"Gully","District_ID":"Salalah al Jadida","Wlyt_ID":"Salalah","Gov_ID":"Dhofar Governorate","Road_ID":"104378","Mun_ID":" ","Latitude":17.022129280000001,"Longitude":54.088364919999997,"GlobalID":"{01BD789C-B648-42A6-B8DF-50BD23495947}","NEAR_FID":17095,"NEAR_DIST":0.77646859190442097}},{"type":"Feature","id":903,"geometry":{"type":"Point","coordinates":[190000.83169999998,1884290.0585999992]},"properties":{"OBJECTID":903,"Asset_ID":"GLY903","Name":"Gully","District_ID":"Salalah al Jadida","Wlyt_ID":"Salalah","Gov_ID":"Dhofar Governorate","Road_ID":"104378","Mun_ID":" ","Latitude":17.021946060000001,"Longitude":54.088364140000003,"GlobalID":"{E756A444-B4D0-4A6A-BBF6-9F3D3025EA50}","NEAR_FID":13245,"NEAR_DIST":7.9429754554135972}},{"type":"Feature","id":904,"geometry":{"type":"Point","coordinates":[189966.16760000028,1884309.6466000006]},"properties":{"OBJECTID":904,"Asset_ID":"GLY904","Name":"Gully","District_ID":"Salalah al Jadida","Wlyt_ID":"Salalah","Gov_ID":"Dhofar Governorate","Road_ID":"104378","Mun_ID":" ","Latitude":17.022118240000001,"Longitude":54.088036129999999,"GlobalID":"{96C4EE4B-207E-459B-81C1-D87E6C46D7C1}","NEAR_FID":17095,"NEAR_DIST":0.13888511663424216}},{"type":"Feature","id":905,"geometry":{"type":"Point","coordinates":[189969.04839999974,1884289.7147000004]},"properties":{"OBJECTID":905,"Asset_ID":"GLY905","Name":"Gully","District_ID":"Salalah al Jadida","Wlyt_ID":"Salalah","Gov_ID":"Dhofar Governorate","Road_ID":"104378","Mun_ID":" ","Latitude":17.021938689999999,"Longitude":54.088065950000001,"GlobalID":"{559FB077-E556-4824-B2E3-C100AECEAD05}","NEAR_FID":13245,"NEAR_DIST":7.4732173508963964}},{"type":"Feature","id":906,"geometry":{"type":"Point","coordinates":[189931.32799999975,1884308.8597999997]},"properties":{"OBJECTID":906,"Asset_ID":"GLY906","Name":"Gully","District_ID":"Salalah al Jadida","Wlyt_ID":"Salalah","Gov_ID":"Dhofar Governorate","Road_ID":"104378","Mun_ID":" ","Latitude":17.022106449999999,"Longitude":54.087709320000002,"GlobalID":"{1926899C-3AB5-4F05-9C32-280F77B14B94}","NEAR_FID":17095,"NEAR_DIST":0.1064479341103698}},{"type":"Feature","id":907,"geometry":{"type":"Point","coordinates":[189936.21430000011,1884289.1278000008]},"properties":{"OBJECTID":907,"Asset_ID":"GLY907","Name":"Gully","District_ID":"Salalah al Jadida","Wlyt_ID":"Salalah","Gov_ID":"Dhofar Governorate","Road_ID":"104378","Mun_ID":" ","Latitude":17.021928979999998,"Longitude":54.087757930000002,"GlobalID":"{4AD982BB-BB7A-48FA-85A7-B2866F0108F8}","NEAR_FID":13245,"NEAR_DIST":7.2195537749730061}},{"type":"Feature","id":908,"geometry":{"type":"Point","coordinates":[189907.9188000001,1884307.8421]},"properties":{"OBJECTID":908,"Asset_ID":"GLY908","Name":"Gully","District_ID":"Salalah al Jadida","Wlyt_ID":"Salalah","Gov_ID":"Dhofar Governorate","Road_ID":"104378","Mun_ID":" ","Latitude":17.022094119999998,"Longitude":54.0874898,"GlobalID":"{69C7CA0C-0C1C-4195-BB10-CE02764761A9}","NEAR_FID":17095,"NEAR_DIST":0.30109811506501277}},{"type":"Feature","id":909,"geometry":{"type":"Point","coordinates":[189903.65220000036,1884307.8970999997]},"properties":{"OBJECTID":909,"Asset_ID":"GLY909","Name":"Gully","District_ID":"Salalah al Jadida","Wlyt_ID":"Salalah","Gov_ID":"Dhofar Governorate","Road_ID":"104378","Mun_ID":" ","Latitude":17.022094039999999,"Longitude":54.087449759999998,"GlobalID":"{8F172A78-F81A-43D3-BFAF-7E325FD8710A}","NEAR_FID":17095,"NEAR_DIST":0.13497159391202018}},{"type":"Feature","id":910,"geometry":{"type":"Point","coordinates":[189903.2061999999,1884288.0250000004]},"properties":{"OBJECTID":910,"Asset_ID":"GLY910","Name":"Gully","District_ID":"Salalah al Jadida","Wlyt_ID":"Salalah","Gov_ID":"Dhofar Governorate","Road_ID":"104378","Mun_ID":" ","Latitude":17.021914580000001,"Longitude":54.087448350000003,"GlobalID":"{0E19B22D-E88E-4327-9020-317081A6E6A2}","NEAR_FID":13245,"NEAR_DIST":7.4772088735925211}},{"type":"Feature","id":911,"geometry":{"type":"Point","coordinates":[189872.14109999966,1884287.0465999991]},"properties":{"OBJECTID":911,"Asset_ID":"GLY911","Name":"Gully","District_ID":"Salalah al Jadida","Wlyt_ID":"Salalah","Gov_ID":"Dhofar Governorate","Road_ID":"104378","Mun_ID":" ","Latitude":17.021901570000001,"Longitude":54.087156980000003,"GlobalID":"{2643FAA4-4DA8-48EB-9D00-9E31F39FDCC5}","NEAR_FID":18894,"NEAR_DIST":7.2718383755627896}},{"type":"Feature","id":912,"geometry":{"type":"Point","coordinates":[189869.13630000036,1884308.2928999998]},"properties":{"OBJECTID":912,"Asset_ID":"GLY912","Name":"Gully","District_ID":"Salalah al Jadida","Wlyt_ID":"Salalah","Gov_ID":"Dhofar Governorate","Road_ID":"104378","Mun_ID":" ","Latitude":17.022092969999999,"Longitude":54.087125819999997,"GlobalID":"{FAC869F4-74F9-4EC5-A46B-69ED241A06F0}","NEAR_FID":8086,"NEAR_DIST":1.3484174295036637}},{"type":"Feature","id":913,"geometry":{"type":"Point","coordinates":[189833.22539999988,1884306.3781000003]},"properties":{"OBJECTID":913,"Asset_ID":"GLY913","Name":"Gully","District_ID":"Salalah al Jadida","Wlyt_ID":"Salalah","Gov_ID":"Dhofar Governorate","Road_ID":"104378","Mun_ID":" ","Latitude":17.022070859999999,"Longitude":54.086789109999998,"GlobalID":"{B79FE89A-359C-43A7-81E7-D3921CE46D0B}","NEAR_FID":8086,"NEAR_DIST":1.3847604916222402}},{"type":"Feature","id":914,"geometry":{"type":"Point","coordinates":[189839.18450000044,1884285.1909999996]},"properties":{"OBJECTID":914,"Asset_ID":"GLY914","Name":"Gully","District_ID":"Salalah al Jadida","Wlyt_ID":"Salalah","Gov_ID":"Dhofar Governorate","Road_ID":"104378","Mun_ID":" ","Latitude":17.02188039,"Longitude":54.086847990000003,"GlobalID":"{112F3A84-DF68-4642-9C01-9208216BB9BC}","NEAR_FID":18894,"NEAR_DIST":7.355811088046611}},{"type":"Feature","id":915,"geometry":{"type":"Point","coordinates":[189809.49859999958,1884283.3136999998]},"properties":{"OBJECTID":915,"Asset_ID":"GLY915","Name":"Gully","District_ID":"Salalah al Jadida","Wlyt_ID":"Salalah","Gov_ID":"Dhofar Governorate","Road_ID":"104378","Mun_ID":" ","Latitude":17.021859450000001,"Longitude":54.086569699999998,"GlobalID":"{C664C368-D57C-482E-9823-5505C8751B64}","NEAR_FID":7821,"NEAR_DIST":7.1284377140978261}},{"type":"Feature","id":916,"geometry":{"type":"Point","coordinates":[189797.57749999966,1884301.4824999999]},"properties":{"OBJECTID":916,"Asset_ID":"GLY916","Name":"Gully","District_ID":"Salalah al Jadida","Wlyt_ID":"Salalah","Gov_ID":"Dhofar Governorate","Road_ID":"104378","Mun_ID":" ","Latitude":17.02202187,"Longitude":54.086455290000004,"GlobalID":"{AC2D1BDC-990A-44EC-AC92-F3CD216AD170}","NEAR_FID":8086,"NEAR_DIST":0.025567315628211899}},{"type":"Feature","id":917,"geometry":{"type":"Point","coordinates":[189778.80719999969,1884279.9230000004]},"properties":{"OBJECTID":917,"Asset_ID":"GLY917","Name":"Gully","District_ID":"Salalah al Jadida","Wlyt_ID":"Salalah","Gov_ID":"Dhofar Governorate","Road_ID":"104378","Mun_ID":" ","Latitude":17.021824710000001,"Longitude":54.086282169999997,"GlobalID":"{5E485CBA-9FCD-46C2-8DF3-E0D4B5600377}","NEAR_FID":7821,"NEAR_DIST":7.6914156234514053}},{"type":"Feature","id":918,"geometry":{"type":"Point","coordinates":[189761.78369999956,1884297.9035]},"properties":{"OBJECTID":918,"Asset_ID":"GLY918","Name":"Gully","District_ID":"Salalah al Jadida","Wlyt_ID":"Salalah","Gov_ID":"Dhofar Governorate","Road_ID":"104378","Mun_ID":" ","Latitude":17.021984740000001,"Longitude":54.086119920000002,"GlobalID":"{BC676F71-EE9B-4D2A-87A0-65772A4A734B}","NEAR_FID":8086,"NEAR_DIST":0.20383938260914564}},{"type":"Feature","id":919,"geometry":{"type":"Point","coordinates":[189747.76850000024,1884276.8333000001]},"properties":{"OBJECTID":919,"Asset_ID":"GLY919","Name":"Gully","District_ID":"Salalah al Jadida","Wlyt_ID":"Salalah","Gov_ID":"Dhofar Governorate","Road_ID":"104192","Mun_ID":" ","Latitude":17.021792640000001,"Longitude":54.08599135,"GlobalID":"{18EA9C11-3E43-446B-9150-B3CAAC12B826}","NEAR_FID":8890,"NEAR_DIST":0.62897771220287435}},{"type":"Feature","id":920,"geometry":{"type":"Point","coordinates":[189716.96779999975,1884273.7006999999]},"properties":{"OBJECTID":920,"Asset_ID":"GLY920","Name":"Gully","District_ID":"Salalah al Jadida","Wlyt_ID":"Salalah","Gov_ID":"Dhofar Governorate","Road_ID":"104378","Mun_ID":" ","Latitude":17.021760220000001,"Longitude":54.085702769999997,"GlobalID":"{6CF5F316-41B8-4A62-B20F-D68848BB52FC}","NEAR_FID":4233,"NEAR_DIST":7.6903161722471181}},{"type":"Feature","id":921,"geometry":{"type":"Point","coordinates":[189686.08820000011,1884270.5384999998]},"properties":{"OBJECTID":921,"Asset_ID":"GLY921","Name":"Gully","District_ID":"Salalah al Jadida","Wlyt_ID":"Salalah","Gov_ID":"Dhofar Governorate","Road_ID":"104417","Mun_ID":" ","Latitude":17.021727510000002,"Longitude":54.085413449999997,"GlobalID":"{A9DF0F53-1A83-49BF-8D19-5775F87012C4}","NEAR_FID":19027,"NEAR_DIST":6.747680115508742}},{"type":"Feature","id":922,"geometry":{"type":"Point","coordinates":[189668.8657999998,1884288.7705000006]},"properties":{"OBJECTID":922,"Asset_ID":"GLY922","Name":"Gully","District_ID":"Salalah al Jadida","Wlyt_ID":"Salalah","Gov_ID":"Dhofar Governorate","Road_ID":"104378","Mun_ID":" ","Latitude":17.021889789999999,"Longitude":54.085249300000001,"GlobalID":"{20382BEA-FB10-41E4-A99D-75C367217288}","NEAR_FID":13078,"NEAR_DIST":0.12882386591915321}},{"type":"Feature","id":923,"geometry":{"type":"Point","coordinates":[189664.86899999995,1884268.5233999994]},"properties":{"OBJECTID":923,"Asset_ID":"GLY923","Name":"Gully","District_ID":"Salalah al Jadida","Wlyt_ID":"Salalah","Gov_ID":"Dhofar Governorate","Road_ID":"104378","Mun_ID":" ","Latitude":17.021706470000002,"Longitude":54.085214620000002,"GlobalID":"{27EE1D32-CD73-4D78-9FA2-1D8CD26A1A04}","NEAR_FID":12655,"NEAR_DIST":7.3583326583753372}},{"type":"Feature","id":924,"geometry":{"type":"Point","coordinates":[189647.26840000041,1884286.6843999997]},"properties":{"OBJECTID":924,"Asset_ID":"GLY924","Name":"Gully","District_ID":"Salalah al Jadida","Wlyt_ID":"Salalah","Gov_ID":"Dhofar Governorate","Road_ID":"104378","Mun_ID":" ","Latitude":17.021868049999998,"Longitude":54.085046929999997,"GlobalID":"{B120A27B-57C0-4AE3-970E-E6A81EE1CA68}","NEAR_FID":13078,"NEAR_DIST":0.11285481083487198}},{"type":"Feature","id":925,"geometry":{"type":"Point","coordinates":[189634.04710000008,1884265.3942000009]},"properties":{"OBJECTID":925,"Asset_ID":"GLY925","Name":"Gully","District_ID":"Salalah al Jadida","Wlyt_ID":"Salalah","Gov_ID":"Dhofar Governorate","Road_ID":"104257","Mun_ID":" ","Latitude":17.02167407,"Longitude":54.084925839999997,"GlobalID":"{790F4568-C644-4EA5-A088-99406E08A97B}","NEAR_FID":19214,"NEAR_DIST":1.616370018725704}},{"type":"Feature","id":926,"geometry":{"type":"Point","coordinates":[189611.39780000038,1884284.6193000004]},"properties":{"OBJECTID":926,"Asset_ID":"GLY926","Name":"Gully","District_ID":"Salalah al Jadida","Wlyt_ID":"Salalah","Gov_ID":"Dhofar Governorate","Road_ID":"104378","Mun_ID":" ","Latitude":17.02184458,"Longitude":54.084710620000003,"GlobalID":"{0C16343D-26F5-4ED2-A6F9-3B0E78125305}","NEAR_FID":13078,"NEAR_DIST":0.37189999967813492}},{"type":"Feature","id":927,"geometry":{"type":"Point","coordinates":[189611.38069999963,1884263.0865000002]},"properties":{"OBJECTID":927,"Asset_ID":"GLY927","Name":"Gully","District_ID":"Salalah al Jadida","Wlyt_ID":"Salalah","Gov_ID":"Dhofar Governorate","Road_ID":"104378","Mun_ID":" ","Latitude":17.021650189999999,"Longitude":54.084713479999998,"GlobalID":"{12F6AE75-F661-41C3-BA4E-7B17DBDD9EC1}","NEAR_FID":15380,"NEAR_DIST":8.206709073999626}},{"type":"Feature","id":928,"geometry":{"type":"Point","coordinates":[189539.36849999987,1884255.9792999998]},"properties":{"OBJECTID":928,"Asset_ID":"GLY928","Name":"Gully","District_ID":"Salalah al Jadida","Wlyt_ID":"Salalah","Gov_ID":"Dhofar Governorate","Road_ID":"104188","Mun_ID":" ","Latitude":17.021576329999998,"Longitude":54.084038739999997,"GlobalID":"{E1FA0A90-6621-4783-8CE0-785874999827}","NEAR_FID":12201,"NEAR_DIST":7.9645939769168415}},{"type":"Feature","id":929,"geometry":{"type":"Point","coordinates":[189543.54260000028,1884275.8625000007]},"properties":{"OBJECTID":929,"Asset_ID":"GLY929","Name":"Gully","District_ID":"Salalah al Jadida","Wlyt_ID":"Salalah","Gov_ID":"Dhofar Governorate","Road_ID":"104188","Mun_ID":" ","Latitude":17.02175639,"Longitude":54.084075130000002,"GlobalID":"{FDC1F355-0094-4379-8B4E-EABA6E995D09}","NEAR_FID":18099,"NEAR_DIST":0.89392269078216924}},{"type":"Feature","id":930,"geometry":{"type":"Point","coordinates":[189523.98390000034,1884268.5380000006]},"properties":{"OBJECTID":930,"Asset_ID":"GLY930","Name":"Gully","District_ID":"Salalah al Jadida","Wlyt_ID":"Salalah","Gov_ID":"Dhofar Governorate","Road_ID":"104188","Mun_ID":" ","Latitude":17.02168764,"Longitude":54.08389262,"GlobalID":"{58BC455D-C9A8-4442-8925-80FEFAF61032}","NEAR_FID":18099,"NEAR_DIST":0.49132830413341594}},{"type":"Feature","id":931,"geometry":{"type":"Point","coordinates":[189505.56969999988,1884251.9700000007]},"properties":{"OBJECTID":931,"Asset_ID":"GLY931","Name":"Gully","District_ID":"Salalah al Jadida","Wlyt_ID":"Salalah","Gov_ID":"Dhofar Governorate","Road_ID":"104188","Mun_ID":" ","Latitude":17.021535589999999,"Longitude":54.08372215,"GlobalID":"{959EB369-E339-4FF1-850F-6790E767BBC3}","NEAR_FID":11632,"NEAR_DIST":6.0134450163575393}},{"type":"Feature","id":932,"geometry":{"type":"Point","coordinates":[189489.13879999984,1884259.1925000008]},"properties":{"OBJECTID":932,"Asset_ID":"GLY932","Name":"Gully","District_ID":"Salalah al Jadida","Wlyt_ID":"Salalah","Gov_ID":"Dhofar Governorate","Road_ID":"104188","Mun_ID":" ","Latitude":17.021598579999999,"Longitude":54.083566959999999,"GlobalID":"{1DA7B6A3-2F11-45BC-ABBB-2CFA70F537A5}","NEAR_FID":18099,"NEAR_DIST":0.30410016359651659}},{"type":"Feature","id":933,"geometry":{"type":"Point","coordinates":[186811.59410000034,1882425.8982999995]},"properties":{"OBJECTID":933,"Asset_ID":"GLY933","Name":"Gully","District_ID":"al Wadi","Wlyt_ID":"Salalah","Gov_ID":"Dhofar Governorate","Road_ID":"100002","Mun_ID":" ","Latitude":17.004686360000001,"Longitude":54.05870109,"GlobalID":"{CCF10CE2-2A20-49BD-8914-93CCDCE2C459}","NEAR_FID":6270,"NEAR_DIST":8.2009086519928402}},{"type":"Feature","id":934,"geometry":{"type":"Point","coordinates":[186786.12689999957,1882477.5429999996]},"properties":{"OBJECTID":934,"Asset_ID":"GLY934","Name":"Gully","District_ID":"Mustashfa al Sultan Qboos","Wlyt_ID":"Salalah","Gov_ID":"Dhofar Governorate","Road_ID":"100002","Mun_ID":" ","Latitude":17.00514913,"Longitude":54.058454869999998,"GlobalID":"{3E3D7CAD-22F8-4877-8819-57F2E24AEA26}","NEAR_FID":7660,"NEAR_DIST":4.9408053765514541}},{"type":"Feature","id":935,"geometry":{"type":"Point","coordinates":[186790.20490000024,1882477.0766000003]},"properties":{"OBJECTID":935,"Asset_ID":"GLY935","Name":"Gully","District_ID":"Mustashfa al Sultan Qboos","Wlyt_ID":"Salalah","Gov_ID":"Dhofar Governorate","Road_ID":"100002","Mun_ID":" ","Latitude":17.005145469999999,"Longitude":54.05849319,"GlobalID":"{70137262-AC27-4ED5-A0E0-38FB77849BCB}","NEAR_FID":7660,"NEAR_DIST":1.0023153846335633}},{"type":"Feature","id":936,"geometry":{"type":"Point","coordinates":[186814.78450000007,1882478.0098000001]},"properties":{"OBJECTID":936,"Asset_ID":"GLY936","Name":"Gully","District_ID":"al Wadi","Wlyt_ID":"Salalah","Gov_ID":"Dhofar Governorate","Road_ID":"105338","Mun_ID":" ","Latitude":17.005157229999998,"Longitude":54.05872368,"GlobalID":"{7E757ED8-CCE4-4C45-BC5C-1DB95E937612}","NEAR_FID":4934,"NEAR_DIST":3.6293036593781758}},{"type":"Feature","id":937,"geometry":{"type":"Point","coordinates":[186815.63750000019,1882518.2094000001]},"properties":{"OBJECTID":937,"Asset_ID":"GLY937","Name":"Gully","District_ID":"al Wadi","Wlyt_ID":"Salalah","Gov_ID":"Dhofar Governorate","Road_ID":"105338","Mun_ID":" ","Latitude":17.00552025,"Longitude":54.058726010000001,"GlobalID":"{86F85765-C7E8-4986-B4CB-CE3684BA0BA3}","NEAR_FID":17011,"NEAR_DIST":8.7651657862166381}},{"type":"Feature","id":938,"geometry":{"type":"Point","coordinates":[186785.37739999965,1882517.0111999996]},"properties":{"OBJECTID":938,"Asset_ID":"GLY938","Name":"Gully","District_ID":"Mustashfa al Sultan Qboos","Wlyt_ID":"Salalah","Gov_ID":"Dhofar Governorate","Road_ID":"105338","Mun_ID":" ","Latitude":17.005505329999998,"Longitude":54.05844227,"GlobalID":"{4CBEB672-EF87-4781-A8BA-24FBC7B35D5D}","NEAR_FID":15737,"NEAR_DIST":8.0617171376509109}},{"type":"Feature","id":939,"geometry":{"type":"Point","coordinates":[186815.85830000043,1882558.0255999994]},"properties":{"OBJECTID":939,"Asset_ID":"GLY939","Name":"Gully","District_ID":"al Wadi","Wlyt_ID":"Salalah","Gov_ID":"Dhofar Governorate","Road_ID":"105338","Mun_ID":" ","Latitude":17.00587973,"Longitude":54.058722469999999,"GlobalID":"{B8039D7F-2B11-49E5-B2AA-B0483A3E2A72}","NEAR_FID":5438,"NEAR_DIST":9.0854616874006719}},{"type":"Feature","id":940,"geometry":{"type":"Point","coordinates":[186787.09049999993,1882557.2180000003]},"properties":{"OBJECTID":940,"Asset_ID":"GLY940","Name":"Gully","District_ID":"Mustashfa al Sultan Qboos","Wlyt_ID":"Salalah","Gov_ID":"Dhofar Governorate","Road_ID":"105338","Mun_ID":" ","Latitude":17.005868530000001,"Longitude":54.058452670000001,"GlobalID":"{266CFBD7-51C0-4A64-A7A7-878D3B529D72}","NEAR_FID":15737,"NEAR_DIST":5.8708525053172682}},{"type":"Feature","id":941,"geometry":{"type":"Point","coordinates":[186815.3646999998,1882597.6118999999]},"properties":{"OBJECTID":941,"Asset_ID":"GLY941","Name":"Gully","District_ID":"al Wadi","Wlyt_ID":"Salalah","Gov_ID":"Dhofar Governorate","Road_ID":"105472","Mun_ID":" ","Latitude":17.006237030000001,"Longitude":54.05871226,"GlobalID":"{89FCEA9D-EBFE-4EDE-89D6-E99827DB8305}","NEAR_FID":13422,"NEAR_DIST":3.039145533288786}},{"type":"Feature","id":942,"geometry":{"type":"Point","coordinates":[186786.56350000016,1882597.3002000004]},"properties":{"OBJECTID":942,"Asset_ID":"GLY942","Name":"Gully","District_ID":"Mustashfa al Sultan Qboos","Wlyt_ID":"Salalah","Gov_ID":"Dhofar Governorate","Road_ID":"105338","Mun_ID":" ","Latitude":17.006230309999999,"Longitude":54.058442079999999,"GlobalID":"{A041333F-7C12-4BF4-A0D1-3B8E68F3B981}","NEAR_FID":15737,"NEAR_DIST":6.2445000000298023}},{"type":"Feature","id":943,"geometry":{"type":"Point","coordinates":[186783.45720000006,1882597.3997000009]},"properties":{"OBJECTID":943,"Asset_ID":"GLY943","Name":"Gully","District_ID":"Mustashfa al Sultan Qboos","Wlyt_ID":"Salalah","Gov_ID":"Dhofar Governorate","Road_ID":"105338","Mun_ID":" ","Latitude":17.006230779999999,"Longitude":54.058412920000002,"GlobalID":"{05FD5B0D-B8A9-498B-87D1-FA7D6BC9380C}","NEAR_FID":15737,"NEAR_DIST":9.3508000001311302}},{"type":"Feature","id":944,"geometry":{"type":"Point","coordinates":[186815.43580000009,1882637.5352999996]},"properties":{"OBJECTID":944,"Asset_ID":"GLY944","Name":"Gully","District_ID":"al Wadi","Wlyt_ID":"Salalah","Gov_ID":"Dhofar Governorate","Road_ID":"105510","Mun_ID":" ","Latitude":17.006597450000001,"Longitude":54.058707300000002,"GlobalID":"{43310A4C-6403-4263-BA3F-EB817F4B8CE9}","NEAR_FID":9340,"NEAR_DIST":6.6599756216825146}},{"type":"Feature","id":945,"geometry":{"type":"Point","coordinates":[186786.45839999989,1882637.4963000007]},"properties":{"OBJECTID":945,"Asset_ID":"GLY945","Name":"Gully","District_ID":"Mustashfa al Sultan Qboos","Wlyt_ID":"Salalah","Gov_ID":"Dhofar Governorate","Road_ID":"105338","Mun_ID":" ","Latitude":17.006593160000001,"Longitude":54.058435420000002,"GlobalID":"{BE1CF16E-B5B4-49D1-A412-D8A2EE4A8B90}","NEAR_FID":15737,"NEAR_DIST":6.3496000003069639}},{"type":"Feature","id":946,"geometry":{"type":"Point","coordinates":[186783.43890000042,1882637.4572999999]},"properties":{"OBJECTID":946,"Asset_ID":"GLY946","Name":"Gully","District_ID":"Mustashfa al Sultan Qboos","Wlyt_ID":"Salalah","Gov_ID":"Dhofar Governorate","Road_ID":"105338","Mun_ID":" ","Latitude":17.006592399999999,"Longitude":54.058407099999997,"GlobalID":"{E2BADEC8-0C37-405E-ABFC-A18A6E7CDE68}","NEAR_FID":15737,"NEAR_DIST":9.3690999997779727}},{"type":"Feature","id":947,"geometry":{"type":"Point","coordinates":[186783.49920000043,1882677.3082999997]},"properties":{"OBJECTID":947,"Asset_ID":"GLY947","Name":"Gully","District_ID":"Mustashfa al Sultan Qboos","Wlyt_ID":"Salalah","Gov_ID":"Dhofar Governorate","Road_ID":"105338","Mun_ID":" ","Latitude":17.006952170000002,"Longitude":54.058402039999997,"GlobalID":"{F6AF2BD8-D6DF-4773-9088-835CE9FDACB9}","NEAR_FID":15737,"NEAR_DIST":9.4967269074793901}},{"type":"Feature","id":948,"geometry":{"type":"Point","coordinates":[186815.38669999968,1882675.0648999996]},"properties":{"OBJECTID":948,"Asset_ID":"GLY948","Name":"Gully","District_ID":"al Wadi","Wlyt_ID":"Salalah","Gov_ID":"Dhofar Governorate","Road_ID":"105338","Mun_ID":" ","Latitude":17.006936240000002,"Longitude":54.058701550000002,"GlobalID":"{486AC7D6-CF1A-40AF-A731-F5E74A630A01}","NEAR_FID":15956,"NEAR_DIST":11.229181824993447}},{"type":"Feature","id":949,"geometry":{"type":"Point","coordinates":[186815.49849999975,1882717.5524000004]},"properties":{"OBJECTID":949,"Asset_ID":"GLY949","Name":"Gully","District_ID":"al Wadi","Wlyt_ID":"Salalah","Gov_ID":"Dhofar Governorate","Road_ID":"105338","Mun_ID":" ","Latitude":17.007319819999999,"Longitude":54.058696599999998,"GlobalID":"{85D6DDFC-5902-4122-A95B-EB5CA2FDB8ED}","NEAR_FID":15956,"NEAR_DIST":11.181602166011716}},{"type":"Feature","id":950,"geometry":{"type":"Point","coordinates":[186783.61259999964,1882717.4296000004]},"properties":{"OBJECTID":950,"Asset_ID":"GLY950","Name":"Gully","District_ID":"Mustashfa al Sultan Qboos","Wlyt_ID":"Salalah","Gov_ID":"Dhofar Governorate","Road_ID":"105512","Mun_ID":" ","Latitude":17.00731438,"Longitude":54.058397450000001,"GlobalID":"{E24DDF2E-8885-48A8-88DA-C40521F3780B}","NEAR_FID":6552,"NEAR_DIST":5.3710439803377268}},{"type":"Feature","id":951,"geometry":{"type":"Point","coordinates":[186815.61899999995,1882757.4690000005]},"properties":{"OBJECTID":951,"Asset_ID":"GLY951","Name":"Gully","District_ID":"al Wadi","Wlyt_ID":"Salalah","Gov_ID":"Dhofar Governorate","Road_ID":"105338","Mun_ID":" ","Latitude":17.007680180000001,"Longitude":54.058692110000003,"GlobalID":"{75291134-0882-4AAE-9D22-1B82C5D38599}","NEAR_FID":15956,"NEAR_DIST":11.099975191563113}},{"type":"Feature","id":952,"geometry":{"type":"Point","coordinates":[186785.66380000021,1882757.3783]},"properties":{"OBJECTID":952,"Asset_ID":"GLY952","Name":"Gully","District_ID":"Mustashfa al Sultan Qboos","Wlyt_ID":"Salalah","Gov_ID":"Dhofar Governorate","Road_ID":"105338","Mun_ID":" ","Latitude":17.007675299999999,"Longitude":54.058411059999997,"GlobalID":"{D1BA605A-C83C-4B5D-B86E-BE258D63650E}","NEAR_FID":7773,"NEAR_DIST":7.1705567265336692}},{"type":"Feature","id":953,"geometry":{"type":"Point","coordinates":[186783.59819999989,1882757.4173000008]},"properties":{"OBJECTID":953,"Asset_ID":"GLY953","Name":"Gully","District_ID":"Mustashfa al Sultan Qboos","Wlyt_ID":"Salalah","Gov_ID":"Dhofar Governorate","Road_ID":"105338","Mun_ID":" ","Latitude":17.007675370000001,"Longitude":54.058391669999999,"GlobalID":"{C56DE175-408F-43AC-A5AA-8B10BBE73D65}","NEAR_FID":7773,"NEAR_DIST":9.235112501614374}},{"type":"Feature","id":954,"geometry":{"type":"Point","coordinates":[186810.87590000033,1882797.4694999997]},"properties":{"OBJECTID":954,"Asset_ID":"GLY954","Name":"Gully","District_ID":"al Wadi","Wlyt_ID":"Salalah","Gov_ID":"Dhofar Governorate","Road_ID":"105338","Mun_ID":" ","Latitude":17.008040650000002,"Longitude":54.058641960000003,"GlobalID":"{6741366B-41F9-432A-903B-FDB1ABE40EC4}","NEAR_FID":15956,"NEAR_DIST":5.9987440904937834}},{"type":"Feature","id":955,"geometry":{"type":"Point","coordinates":[186786.49019999988,1882797.4071999993]},"properties":{"OBJECTID":955,"Asset_ID":"GLY955","Name":"Gully","District_ID":"Mustashfa al Sultan Qboos","Wlyt_ID":"Salalah","Gov_ID":"Dhofar Governorate","Road_ID":"105338","Mun_ID":" ","Latitude":17.008036780000001,"Longitude":54.058413170000001,"GlobalID":"{7F06664D-3C0B-47B5-BA9E-F4F8EFD896C8}","NEAR_FID":7773,"NEAR_DIST":5.8587998132123982}},{"type":"Feature","id":956,"geometry":{"type":"Point","coordinates":[186815.1325000003,1882837.1309999991]},"properties":{"OBJECTID":956,"Asset_ID":"GLY956","Name":"Gully","District_ID":"al Wadi","Wlyt_ID":"Salalah","Gov_ID":"Dhofar Governorate","Road_ID":"105338","Mun_ID":" ","Latitude":17.008399270000002,"Longitude":54.058676310000003,"GlobalID":"{F184C53D-FE1E-41BE-8D03-0F47F3C33E96}","NEAR_FID":15956,"NEAR_DIST":9.8998765214962816}},{"type":"Feature","id":957,"geometry":{"type":"Point","coordinates":[186786.58920000028,1882837.4990999997]},"properties":{"OBJECTID":957,"Asset_ID":"GLY957","Name":"Gully","District_ID":"Mustashfa al Sultan Qboos","Wlyt_ID":"Salalah","Gov_ID":"Dhofar Governorate","Road_ID":"105338","Mun_ID":" ","Latitude":17.008398719999999,"Longitude":54.058408440000001,"GlobalID":"{FE22049E-3A64-40A4-BC25-4A9576EA6279}","NEAR_FID":7773,"NEAR_DIST":6.0639998033824583}},{"type":"Feature","id":958,"geometry":{"type":"Point","coordinates":[186814.91750000045,1882877.3783999998]},"properties":{"OBJECTID":958,"Asset_ID":"GLY958","Name":"Gully","District_ID":"al Wadi","Wlyt_ID":"Salalah","Gov_ID":"Dhofar Governorate","Road_ID":"105338","Mun_ID":" ","Latitude":17.008762579999999,"Longitude":54.058668609999998,"GlobalID":"{409F2B85-0C7F-4F04-87D2-2545CCC7A16F}","NEAR_FID":15956,"NEAR_DIST":9.3243180856174828}},{"type":"Feature","id":959,"geometry":{"type":"Point","coordinates":[186786.4924999997,1882877.3914999999]},"properties":{"OBJECTID":959,"Asset_ID":"GLY959","Name":"Gully","District_ID":"Mustashfa al Sultan Qboos","Wlyt_ID":"Salalah","Gov_ID":"Dhofar Governorate","Road_ID":"105338","Mun_ID":" ","Latitude":17.008758839999999,"Longitude":54.058401910000001,"GlobalID":"{947AC478-8B30-4AB6-9541-2BDDB93549EF}","NEAR_FID":7773,"NEAR_DIST":6.4505909630634957}},{"type":"Feature","id":960,"geometry":{"type":"Point","coordinates":[186813.09630000032,1882907.4154000003]},"properties":{"OBJECTID":960,"Asset_ID":"GLY960","Name":"Gully","District_ID":"al Wadi","Wlyt_ID":"Salalah","Gov_ID":"Dhofar Governorate","Road_ID":"105338","Mun_ID":" ","Latitude":17.00903349,"Longitude":54.058647290000003,"GlobalID":"{FDAA541C-4E4B-4540-BABD-871CEAADE5DA}","NEAR_FID":15956,"NEAR_DIST":7.2341066621995216}},{"type":"Feature","id":961,"geometry":{"type":"Point","coordinates":[186786.59059999976,1882914.6663000006]},"properties":{"OBJECTID":961,"Asset_ID":"GLY961","Name":"Gully","District_ID":"Mustashfa al Sultan Qboos","Wlyt_ID":"Salalah","Gov_ID":"Dhofar Governorate","Road_ID":"105338","Mun_ID":" ","Latitude":17.009095349999999,"Longitude":54.058397569999997,"GlobalID":"{29030817-187E-4518-9F96-DB4EBAE2B239}","NEAR_FID":7773,"NEAR_DIST":6.4026620363613844}},{"type":"Feature","id":962,"geometry":{"type":"Point","coordinates":[186812.45500000007,1882957.4166000001]},"properties":{"OBJECTID":962,"Asset_ID":"GLY962","Name":"Gully","District_ID":"al Wadi","Wlyt_ID":"Salalah","Gov_ID":"Dhofar Governorate","Road_ID":"105372","Mun_ID":" ","Latitude":17.009484789999998,"Longitude":54.058634220000002,"GlobalID":"{CED1E95D-3B4A-4208-86EB-DDF9DE0CE7C0}","NEAR_FID":5851,"NEAR_DIST":2.5105505316815249}},{"type":"Feature","id":963,"geometry":{"type":"Point","coordinates":[186783.57189999986,1882957.4691000003]},"properties":{"OBJECTID":963,"Asset_ID":"GLY963","Name":"Gully","District_ID":"Mustashfa al Sultan Qboos","Wlyt_ID":"Salalah","Gov_ID":"Dhofar Governorate","Road_ID":"105338","Mun_ID":" ","Latitude":17.009481350000001,"Longitude":54.058363210000003,"GlobalID":"{C68A4D36-3611-47A2-A6A7-573CD2ECA6F5}","NEAR_FID":7773,"NEAR_DIST":9.4789708414166931}},{"type":"Feature","id":964,"geometry":{"type":"Point","coordinates":[186783.09489999991,1882989.4515000004]},"properties":{"OBJECTID":964,"Asset_ID":"GLY964","Name":"Gully","District_ID":"Mustashfa al Sultan Qboos","Wlyt_ID":"Salalah","Gov_ID":"Dhofar Governorate","Road_ID":"105356","Mun_ID":" ","Latitude":17.00977001,"Longitude":54.058354229999999,"GlobalID":"{8B5AFC0B-2C58-4C26-A08F-0BCDCC9F5930}","NEAR_FID":13109,"NEAR_DIST":2.4600033748317118}},{"type":"Feature","id":965,"geometry":{"type":"Point","coordinates":[186812.54839999974,1882997.4206000008]},"properties":{"OBJECTID":965,"Asset_ID":"GLY965","Name":"Gully","District_ID":"al Wadi","Wlyt_ID":"Salalah","Gov_ID":"Dhofar Governorate","Road_ID":"105338","Mun_ID":" ","Latitude":17.009845940000002,"Longitude":54.058629459999999,"GlobalID":"{323FC967-3214-4D4D-AC2F-2FD8E78E1FE2}","NEAR_FID":17932,"NEAR_DIST":6.592448598016416}},{"type":"Feature","id":966,"geometry":{"type":"Point","coordinates":[186812.54509999976,1883037.4096000008]},"properties":{"OBJECTID":966,"Asset_ID":"GLY966","Name":"Gully","District_ID":"al Wadi","Wlyt_ID":"Salalah","Gov_ID":"Dhofar Governorate","Road_ID":"105338","Mun_ID":" ","Latitude":17.010206950000001,"Longitude":54.058623789999999,"GlobalID":"{F9650B54-98A5-4295-909D-316A58F5AC3D}","NEAR_FID":17932,"NEAR_DIST":5.326600903047213}},{"type":"Feature","id":967,"geometry":{"type":"Point","coordinates":[186783.57980000041,1883037.4932000004]},"properties":{"OBJECTID":967,"Asset_ID":"GLY967","Name":"Gully","District_ID":"Mustashfa al Sultan Qboos","Wlyt_ID":"Salalah","Gov_ID":"Dhofar Governorate","Road_ID":"105338","Mun_ID":" ","Latitude":17.01020377,"Longitude":54.058351999999999,"GlobalID":"{E6D62402-BCB6-4829-97AA-7ED5948F4E73}","NEAR_FID":18235,"NEAR_DIST":9.013055142512961}},{"type":"Feature","id":968,"geometry":{"type":"Point","coordinates":[186813.0148,1883077.4003999997]},"properties":{"OBJECTID":968,"Asset_ID":"GLY968","Name":"Gully","District_ID":"al Wadi","Wlyt_ID":"Salalah","Gov_ID":"Dhofar Governorate","Road_ID":"105338","Mun_ID":" ","Latitude":17.010568030000002,"Longitude":54.058622550000003,"GlobalID":"{F16EDEE3-D57F-4884-A432-B7089DFD89CE}","NEAR_FID":17932,"NEAR_DIST":4.3150504851814135}},{"type":"Feature","id":969,"geometry":{"type":"Point","coordinates":[186786.99469999969,1883077.6499000005]},"properties":{"OBJECTID":969,"Asset_ID":"GLY969","Name":"Gully","District_ID":"Mustashfa al Sultan Qboos","Wlyt_ID":"Salalah","Gov_ID":"Dhofar Governorate","Road_ID":"105338","Mun_ID":" ","Latitude":17.010566749999999,"Longitude":54.058378380000001,"GlobalID":"{6878A74F-6DBF-47A2-9F79-2AD3F3913010}","NEAR_FID":18235,"NEAR_DIST":6.2470423355344051}},{"type":"Feature","id":970,"geometry":{"type":"Point","coordinates":[186814.71669999976,1883117.5019000005]},"properties":{"OBJECTID":970,"Asset_ID":"GLY970","Name":"Gully","District_ID":"al Wadi","Wlyt_ID":"Salalah","Gov_ID":"Dhofar Governorate","Road_ID":"105338","Mun_ID":" ","Latitude":17.01093028,"Longitude":54.058632860000003,"GlobalID":"{78705566-D8D5-4D5F-990D-2E7D07C95D15}","NEAR_FID":17932,"NEAR_DIST":4.4804103271113194}},{"type":"Feature","id":971,"geometry":{"type":"Point","coordinates":[186788.11849999987,1883117.9104999993]},"properties":{"OBJECTID":971,"Asset_ID":"GLY971","Name":"Gully","District_ID":"Mustashfa al Sultan Qboos","Wlyt_ID":"Salalah","Gov_ID":"Dhofar Governorate","Road_ID":"105338","Mun_ID":" ","Latitude":17.01093036,"Longitude":54.058383239999998,"GlobalID":"{32AFCAA2-8B23-4DC0-86AF-DA24BC975890}","NEAR_FID":18235,"NEAR_DIST":5.9634150230970837}},{"type":"Feature","id":972,"geometry":{"type":"Point","coordinates":[186817.57349999994,1883138.9467999991]},"properties":{"OBJECTID":972,"Asset_ID":"GLY972","Name":"Gully","District_ID":"al Wadi","Wlyt_ID":"Salalah","Gov_ID":"Dhofar Governorate","Road_ID":"105338","Mun_ID":" ","Latitude":17.011124259999999,"Longitude":54.058656640000002,"GlobalID":"{223C2934-2A53-4130-B933-7A5D43B6B7DC}","NEAR_FID":17932,"NEAR_DIST":6.909326791497894}},{"type":"Feature","id":973,"geometry":{"type":"Point","coordinates":[186788.80680000037,1883139.3007999994]},"properties":{"OBJECTID":973,"Asset_ID":"GLY973","Name":"Gully","District_ID":"Mustashfa al Sultan Qboos","Wlyt_ID":"Salalah","Gov_ID":"Dhofar Governorate","Road_ID":"105338","Mun_ID":" ","Latitude":17.011123560000001,"Longitude":54.058386679999998,"GlobalID":"{3AECC065-F032-40D3-9A19-2257F004A7EC}","NEAR_FID":18235,"NEAR_DIST":5.7932468486194866}},{"type":"Feature","id":974,"geometry":{"type":"Point","coordinates":[186818.16660000011,1883157.3745000008]},"properties":{"OBJECTID":974,"Asset_ID":"GLY974","Name":"Gully","District_ID":"al Wadi","Wlyt_ID":"Salalah","Gov_ID":"Dhofar Governorate","Road_ID":"105338","Mun_ID":" ","Latitude":17.0112907,"Longitude":54.058659609999999,"GlobalID":"{8C569F8E-E948-438C-8E94-4DC17B6D1BDF}","NEAR_FID":17932,"NEAR_DIST":7.2623932598334324}},{"type":"Feature","id":975,"geometry":{"type":"Point","coordinates":[186789.36129999999,1883157.7872000001]},"properties":{"OBJECTID":975,"Asset_ID":"GLY975","Name":"Gully","District_ID":"Mustashfa al Sultan Qboos","Wlyt_ID":"Salalah","Gov_ID":"Dhofar Governorate","Road_ID":"105338","Mun_ID":" ","Latitude":17.011290519999999,"Longitude":54.05838928,"GlobalID":"{07DAD8FF-B586-4ED0-A29A-16DE3EEA99B2}","NEAR_FID":18235,"NEAR_DIST":5.7295581234210067}},{"type":"Feature","id":976,"geometry":{"type":"Point","coordinates":[186790.80140000023,1883197.5164999999]},"properties":{"OBJECTID":976,"Asset_ID":"GLY976","Name":"Gully","District_ID":"Mustashfa al Sultan Qboos","Wlyt_ID":"Salalah","Gov_ID":"Dhofar Governorate","Road_ID":"105338","Mun_ID":" ","Latitude":17.011649370000001,"Longitude":54.058397190000001,"GlobalID":"{E4D963B6-52E8-413B-9B29-261F1FEE2D90}","NEAR_FID":18235,"NEAR_DIST":5.4215896862474953}},{"type":"Feature","id":977,"geometry":{"type":"Point","coordinates":[186820.05750000011,1883237.3756000008]},"properties":{"OBJECTID":977,"Asset_ID":"GLY977","Name":"Gully","District_ID":"al Wadi","Wlyt_ID":"Salalah","Gov_ID":"Dhofar Governorate","Road_ID":"105338","Mun_ID":" ","Latitude":17.012013169999999,"Longitude":54.058666070000001,"GlobalID":"{A919C117-B0C9-42C6-A549-97373992580B}","NEAR_FID":12907,"NEAR_DIST":7.1527624272030215}},{"type":"Feature","id":978,"geometry":{"type":"Point","coordinates":[186818.95569999982,1883277.3471000008]},"properties":{"OBJECTID":978,"Asset_ID":"GLY978","Name":"Gully","District_ID":"al Wadi","Wlyt_ID":"Salalah","Gov_ID":"Dhofar Governorate","Road_ID":"105338","Mun_ID":" ","Latitude":17.012373870000001,"Longitude":54.05865009,"GlobalID":"{C0E3312B-408A-4205-8BD7-063DA0A7F980}","NEAR_FID":11112,"NEAR_DIST":4.8227472308016006}},{"type":"Feature","id":979,"geometry":{"type":"Point","coordinates":[186793.05109999981,1883277.8934000004]},"properties":{"OBJECTID":979,"Asset_ID":"GLY979","Name":"Gully","District_ID":"Mustashfa al Sultan Qboos","Wlyt_ID":"Salalah","Gov_ID":"Dhofar Governorate","Road_ID":"105338","Mun_ID":" ","Latitude":17.012375280000001,"Longitude":54.058406959999999,"GlobalID":"{3137EF9E-33F2-4BDE-8D8A-D941B40B69B3}","NEAR_FID":18235,"NEAR_DIST":5.8689897819115178}},{"type":"Feature","id":980,"geometry":{"type":"Point","coordinates":[186794.34939999972,1883305.9631999992]},"properties":{"OBJECTID":980,"Asset_ID":"GLY980","Name":"Gully","District_ID":"Mustashfa al Sultan Qboos","Wlyt_ID":"Salalah","Gov_ID":"Dhofar Governorate","Road_ID":"105338","Mun_ID":" ","Latitude":17.01262886,"Longitude":54.058415179999997,"GlobalID":"{926CE39F-4D72-4255-81EE-92CC0B82D0A7}","NEAR_FID":7830,"NEAR_DIST":5.5069166560235345}},{"type":"Feature","id":981,"geometry":{"type":"Point","coordinates":[186825.69809999969,1883322.7742999997]},"properties":{"OBJECTID":981,"Asset_ID":"GLY981","Name":"Gully","District_ID":"al Wadi","Wlyt_ID":"Salalah","Gov_ID":"Dhofar Governorate","Road_ID":"105358","Mun_ID":" ","Latitude":17.012784880000002,"Longitude":54.058706950000001,"GlobalID":"{5D231B42-4BF3-47FB-AF6A-B7035C776070}","NEAR_FID":12378,"NEAR_DIST":5.348942687113956}},{"type":"Feature","id":982,"geometry":{"type":"Point","coordinates":[186795.55480000004,1883336.0009000003]},"properties":{"OBJECTID":982,"Asset_ID":"GLY982","Name":"Gully","District_ID":"Mustashfa al Sultan Qboos","Wlyt_ID":"Salalah","Gov_ID":"Dhofar Governorate","Road_ID":"105338","Mun_ID":" ","Latitude":17.01290019,"Longitude":54.05842225,"GlobalID":"{DFC58235-9713-41B7-847A-3151AD6F1BCE}","NEAR_FID":7830,"NEAR_DIST":4.9473508793155094}},{"type":"Feature","id":983,"geometry":{"type":"Point","coordinates":[186826.8515999997,1883351.7950999998]},"properties":{"OBJECTID":983,"Asset_ID":"GLY983","Name":"Gully","District_ID":"al Wadi","Wlyt_ID":"Salalah","Gov_ID":"Dhofar Governorate","Road_ID":"105338","Mun_ID":" ","Latitude":17.013047019999998,"Longitude":54.058713679999997,"GlobalID":"{B6BF52D6-07FB-406F-8410-4CC7DF0D268D}","NEAR_FID":9041,"NEAR_DIST":10.107091222716132}},{"type":"Feature","id":984,"geometry":{"type":"Point","coordinates":[186795.79239999969,1883365.1807000004]},"properties":{"OBJECTID":984,"Asset_ID":"GLY984","Name":"Gully","District_ID":"Mustashfa al Sultan Qboos","Wlyt_ID":"Salalah","Gov_ID":"Dhofar Governorate","Road_ID":"105338","Mun_ID":" ","Latitude":17.013163649999999,"Longitude":54.05842036,"GlobalID":"{2D5C10F1-F92A-4BEB-A3B3-D875CBC840DD}","NEAR_FID":7830,"NEAR_DIST":5.336923996618097}},{"type":"Feature","id":985,"geometry":{"type":"Point","coordinates":[186830.11010000017,1883384.5511000007]},"properties":{"OBJECTID":985,"Asset_ID":"GLY985","Name":"Gully","District_ID":"al Wadi","Wlyt_ID":"Salalah","Gov_ID":"Dhofar Governorate","Road_ID":"105365","Mun_ID":" ","Latitude":17.013343169999999,"Longitude":54.058739629999998,"GlobalID":"{A3177DFC-641E-4149-8F2D-7F81B1F9A74D}","NEAR_FID":9696,"NEAR_DIST":5.3951350631829067}},{"type":"Feature","id":986,"geometry":{"type":"Point","coordinates":[186795.95000000019,1883395.8752999995]},"properties":{"OBJECTID":986,"Asset_ID":"GLY986","Name":"Gully","District_ID":"Mustashfa al Sultan Qboos","Wlyt_ID":"Salalah","Gov_ID":"Dhofar Governorate","Road_ID":"105338","Mun_ID":" ","Latitude":17.013440769999999,"Longitude":54.058417509999998,"GlobalID":"{FBE7624B-E0D9-42B1-A6CC-3ED334B77342}","NEAR_FID":7830,"NEAR_DIST":5.8390339891004546}},{"type":"Feature","id":987,"geometry":{"type":"Point","coordinates":[186830.48649999965,1883414.5341999996]},"properties":{"OBJECTID":987,"Asset_ID":"GLY987","Name":"Gully","District_ID":"al Wadi","Wlyt_ID":"Salalah","Gov_ID":"Dhofar Governorate","Road_ID":"105338","Mun_ID":" ","Latitude":17.013613899999999,"Longitude":54.058738929999997,"GlobalID":"{E33B044A-D977-4675-A653-D55085F73435}","NEAR_FID":13649,"NEAR_DIST":11.275054484399252}},{"type":"Feature","id":988,"geometry":{"type":"Point","coordinates":[186797.08370000031,1883425.8915999997]},"properties":{"OBJECTID":988,"Asset_ID":"GLY988","Name":"Gully","District_ID":"Mustashfa al Sultan Qboos","Wlyt_ID":"Salalah","Gov_ID":"Dhofar Governorate","Road_ID":"105338","Mun_ID":" ","Latitude":17.01371189,"Longitude":54.058423920000003,"GlobalID":"{4336C94C-3C9E-411B-B81E-C0F572D0332D}","NEAR_FID":7830,"NEAR_DIST":5.5998251554140523}},{"type":"Feature","id":989,"geometry":{"type":"Point","coordinates":[186831.0373999998,1883445.6209999993]},"properties":{"OBJECTID":989,"Asset_ID":"GLY989","Name":"Gully","District_ID":"al Wadi","Wlyt_ID":"Salalah","Gov_ID":"Dhofar Governorate","Road_ID":"105338","Mun_ID":" ","Latitude":17.013894610000001,"Longitude":54.058739719999998,"GlobalID":"{25002308-F426-4912-B4A5-A071C8B33C16}","NEAR_FID":10459,"NEAR_DIST":10.363106867758431}},{"type":"Feature","id":990,"geometry":{"type":"Point","coordinates":[186797.04220000003,1883454.8586999997]},"properties":{"OBJECTID":990,"Asset_ID":"GLY990","Name":"Gully","District_ID":"Mustashfa al Sultan Qboos","Wlyt_ID":"Salalah","Gov_ID":"Dhofar Governorate","Road_ID":"105338","Mun_ID":" ","Latitude":17.01397339,"Longitude":54.058419440000002,"GlobalID":"{A4C2E98C-BF52-4854-AC65-2A6F62F632CF}","NEAR_FID":7830,"NEAR_DIST":6.3399492829357262}},{"type":"Feature","id":991,"geometry":{"type":"Point","coordinates":[186830.41509999987,1883472.4776000008]},"properties":{"OBJECTID":991,"Asset_ID":"GLY991","Name":"Gully","District_ID":"al Wadi","Wlyt_ID":"Salalah","Gov_ID":"Dhofar Governorate","Road_ID":"105509","Mun_ID":" ","Latitude":17.01413698,"Longitude":54.058730089999997,"GlobalID":"{49FA74AE-62A6-4E4E-AB97-0181C586283A}","NEAR_FID":14505,"NEAR_DIST":8.260058124135881}},{"type":"Feature","id":992,"geometry":{"type":"Point","coordinates":[186795.33249999955,1883483.8468999993]},"properties":{"OBJECTID":992,"Asset_ID":"GLY992","Name":"Gully","District_ID":"Mustashfa al Sultan Qboos","Wlyt_ID":"Salalah","Gov_ID":"Dhofar Governorate","Road_ID":"105338","Mun_ID":" ","Latitude":17.014234850000001,"Longitude":54.058399309999999,"GlobalID":"{1CB6291A-75B7-485A-BB4F-4787DFDEF67F}","NEAR_FID":7830,"NEAR_DIST":6.9368273292005131}},{"type":"Feature","id":993,"geometry":{"type":"Point","coordinates":[186810.14190000016,1883505.5203000009]},"properties":{"OBJECTID":993,"Asset_ID":"GLY993","Name":"Gully","District_ID":"Mustashfa al Sultan Qboos","Wlyt_ID":"Salalah","Gov_ID":"Dhofar Governorate","Road_ID":"105338","Mun_ID":" ","Latitude":17.01443252,"Longitude":54.058535210000002,"GlobalID":"{B597658D-A419-499E-A18E-C15D1DC87F38}","NEAR_FID":17125,"NEAR_DIST":4.8502385940677417}},{"type":"Feature","id":994,"geometry":{"type":"Point","coordinates":[186791.74689999968,1883513.2862999998]},"properties":{"OBJECTID":994,"Asset_ID":"GLY994","Name":"Gully","District_ID":"Mustashfa al Sultan Qboos","Wlyt_ID":"Salalah","Gov_ID":"Dhofar Governorate","Road_ID":"105338","Mun_ID":" ","Latitude":17.014500129999998,"Longitude":54.058361509999997,"GlobalID":"{FFE88670-5FC0-45DA-BB9C-D165CE6D6A89}","NEAR_FID":7830,"NEAR_DIST":7.0350067770387437}},{"type":"Feature","id":995,"geometry":{"type":"Point","coordinates":[186826.17960000038,1883515.1041000001]},"properties":{"OBJECTID":995,"Asset_ID":"GLY995","Name":"Gully","District_ID":"al Wadi","Wlyt_ID":"Salalah","Gov_ID":"Dhofar Governorate","Road_ID":"105509","Mun_ID":"MH-4/1","Latitude":17.014521210000002,"Longitude":54.058684329999998,"GlobalID":"{0C23FE54-DF00-4835-9D09-70EEBF312AA2}","NEAR_FID":5039,"NEAR_DIST":1.9050723381746166}},{"type":"Feature","id":996,"geometry":{"type":"Point","coordinates":[186832.49330000021,1883514.8703000005]},"properties":{"OBJECTID":996,"Asset_ID":"GLY996","Name":"Gully","District_ID":"al Wadi","Wlyt_ID":"Salalah","Gov_ID":"Dhofar Governorate","Road_ID":"105509","Mun_ID":" ","Latitude":17.014519960000001,"Longitude":54.058743610000001,"GlobalID":"{2B7A0DC4-02DB-4CA2-A504-03033B0D07B2}","NEAR_FID":5039,"NEAR_DIST":8.2230776127475522}},{"type":"Feature","id":997,"geometry":{"type":"Point","coordinates":[186806.05520000029,1883535.3234999999]},"properties":{"OBJECTID":997,"Asset_ID":"GLY997","Name":"Gully","District_ID":"Mustashfa al Sultan Qboos","Wlyt_ID":"Salalah","Gov_ID":"Dhofar Governorate","Road_ID":"105338","Mun_ID":" ","Latitude":17.01470102,"Longitude":54.058492659999999,"GlobalID":"{8305C645-7940-428D-82FF-B3DAE4588567}","NEAR_FID":17125,"NEAR_DIST":5.1668854851327328}},{"type":"Feature","id":998,"geometry":{"type":"Point","coordinates":[186785.91959999967,1883542.9539000001]},"properties":{"OBJECTID":998,"Asset_ID":"GLY998","Name":"Gully","District_ID":"Mustashfa al Sultan Qboos","Wlyt_ID":"Salalah","Gov_ID":"Dhofar Governorate","Road_ID":"102645","Mun_ID":" ","Latitude":17.014767169999999,"Longitude":54.058302650000002,"GlobalID":"{87D85060-E8F1-476C-ADBE-FF49C97E8BEB}","NEAR_FID":12739,"NEAR_DIST":4.3252432176146289}},{"type":"Feature","id":999,"geometry":{"type":"Point","coordinates":[186834.27940000035,1883556.2772000004]},"properties":{"OBJECTID":999,"Asset_ID":"GLY999","Name":"Gully","District_ID":"al Wadi","Wlyt_ID":"Salalah","Gov_ID":"Dhofar Governorate","Road_ID":"105359","Mun_ID":" ","Latitude":17.014894009999999,"Longitude":54.058754530000002,"GlobalID":"{FE7CF0CC-2C19-456E-84AB-ABCDFBB43B42}","NEAR_FID":5747,"NEAR_DIST":6.9595773832467813}},{"type":"Feature","id":1000,"geometry":{"type":"Point","coordinates":[186827.78789999988,1883555.0859999992]},"properties":{"OBJECTID":1000,"Asset_ID":"GLY1000","Name":"Gully","District_ID":"al Wadi","Wlyt_ID":"Salalah","Gov_ID":"Dhofar Governorate","Road_ID":"105509","Mun_ID":"MH-4/2","Latitude":17.014882369999999,"Longitude":54.058693779999999,"GlobalID":"{4AD864C6-95B7-438E-95E7-186EF6C29253}","NEAR_FID":11696,"NEAR_DIST":1.9267649232914663}},{"type":"Feature","id":1001,"geometry":{"type":"Point","coordinates":[186835.8563000001,1883593.9699000008]},"properties":{"OBJECTID":1001,"Asset_ID":"GLY1001","Name":"Gully","District_ID":"al Wadi","Wlyt_ID":"Salalah","Gov_ID":"Dhofar Governorate","Road_ID":"105509","Mun_ID":" ","Latitude":17.015234490000001,"Longitude":54.058763999999996,"GlobalID":"{CFF58131-AC68-495B-BA77-54D1FEF4CDD5}","NEAR_FID":11696,"NEAR_DIST":8.8502854390080827}},{"type":"Feature","id":1002,"geometry":{"type":"Point","coordinates":[186837.47910000011,1883635.5932999998]},"properties":{"OBJECTID":1002,"Asset_ID":"GLY1002","Name":"Gully","District_ID":"al Wadi","Wlyt_ID":"Salalah","Gov_ID":"Dhofar Governorate","Road_ID":"105509","Mun_ID":" ","Latitude":17.015610469999999,"Longitude":54.058773360000004,"GlobalID":"{74DE302F-DA68-4278-9C36-8BB7E2D190CE}","NEAR_FID":14444,"NEAR_DIST":9.539068099171077}},{"type":"Feature","id":1003,"geometry":{"type":"Point","coordinates":[186830.66899999976,1883634.8182999995]},"properties":{"OBJECTID":1003,"Asset_ID":"GLY1003","Name":"Gully","District_ID":"al Wadi","Wlyt_ID":"Salalah","Gov_ID":"Dhofar Governorate","Road_ID":"105509","Mun_ID":" ","Latitude":17.015602550000001,"Longitude":54.058709569999998,"GlobalID":"{A485373E-0079-4A1C-8DD2-84249D7AA1CE}","NEAR_FID":14444,"NEAR_DIST":2.7480631616390903}},{"type":"Feature","id":1004,"geometry":{"type":"Point","coordinates":[186830.02850000001,1883674.9959999993]},"properties":{"OBJECTID":1004,"Asset_ID":"GLY1004","Name":"Gully","District_ID":"al Wadi","Wlyt_ID":"Salalah","Gov_ID":"Dhofar Governorate","Road_ID":"105509","Mun_ID":"MH-4/3","Latitude":17.015965170000001,"Longitude":54.058697889999998,"GlobalID":"{2A4EB6FF-CAAD-4379-A5D5-3448A15578C7}","NEAR_FID":11539,"NEAR_DIST":1.2065932004805957}},{"type":"Feature","id":1005,"geometry":{"type":"Point","coordinates":[186836.76580000017,1883675.3134000003]},"properties":{"OBJECTID":1005,"Asset_ID":"GLY1005","Name":"Gully","District_ID":"al Wadi","Wlyt_ID":"Salalah","Gov_ID":"Dhofar Governorate","Road_ID":"105509","Mun_ID":" ","Latitude":17.015968950000001,"Longitude":54.058761060000002,"GlobalID":"{F3FF0E2B-4A87-4D8E-ACC9-D2CD8B8CFA59}","NEAR_FID":11539,"NEAR_DIST":7.9350791202262618}},{"type":"Feature","id":1006,"geometry":{"type":"Point","coordinates":[186837.01049999986,1883713.4471000005]},"properties":{"OBJECTID":1006,"Asset_ID":"GLY1006","Name":"Gully","District_ID":"al Wadi","Wlyt_ID":"Salalah","Gov_ID":"Dhofar Governorate","Road_ID":"105555","Mun_ID":" ","Latitude":17.016313239999999,"Longitude":54.058757980000003,"GlobalID":"{8CC5280A-E163-4B88-B5BB-55FEF1075159}","NEAR_FID":9416,"NEAR_DIST":3.8080338654647932}},{"type":"Feature","id":1007,"geometry":{"type":"Point","coordinates":[186827.17360000033,1883714.8877000008]},"properties":{"OBJECTID":1007,"Asset_ID":"GLY1007","Name":"Gully","District_ID":"al Wadi","Wlyt_ID":"Salalah","Gov_ID":"Dhofar Governorate","Road_ID":"105509","Mun_ID":"MH-4/4","Latitude":17.016324910000002,"Longitude":54.058665480000002,"GlobalID":"{84DE3441-DE6A-49E8-8003-B11EA63CFC92}","NEAR_FID":10049,"NEAR_DIST":1.8866364898942456}},{"type":"Feature","id":1008,"geometry":{"type":"Point","coordinates":[186846.92349999957,1883747.4641999993]},"properties":{"OBJECTID":1008,"Asset_ID":"GLY1008","Name":"Gully","District_ID":"al Wadi","Wlyt_ID":"Salalah","Gov_ID":"Dhofar Governorate","Road_ID":"105555","Mun_ID":" ","Latitude":17.01662168,"Longitude":54.058846189999997,"GlobalID":"{701B8618-9CA0-4B2F-90B9-622D74BA04A5}","NEAR_FID":10483,"NEAR_DIST":2.8672788520741248}},{"type":"Feature","id":1009,"geometry":{"type":"Point","coordinates":[186827.80649999995,1883755.5768999998]},"properties":{"OBJECTID":1009,"Asset_ID":"GLY1009","Name":"Gully","District_ID":"Mustashfa al Sultan Qboos","Wlyt_ID":"Salalah","Gov_ID":"Dhofar Governorate","Road_ID":"105509","Mun_ID":"MH-5/1","Latitude":17.016692320000001,"Longitude":54.058665670000003,"GlobalID":"{C802DCB0-C496-4AF2-9CF6-0BC5AF95C9FA}","NEAR_FID":10049,"NEAR_DIST":4.6711822484238281}},{"type":"Feature","id":1010,"geometry":{"type":"Point","coordinates":[186845.35319999978,1883761.8866000008]},"properties":{"OBJECTID":1010,"Asset_ID":"GLY1010","Name":"Gully","District_ID":"al Wadi","Wlyt_ID":"Salalah","Gov_ID":"Dhofar Governorate","Road_ID":"105555","Mun_ID":" ","Latitude":17.016751660000001,"Longitude":54.058829420000002,"GlobalID":"{A4BC9739-D2FE-4633-B015-9894E3AB3E39}","NEAR_FID":10483,"NEAR_DIST":3.1024774594988287}},{"type":"Feature","id":1011,"geometry":{"type":"Point","coordinates":[186858.5206000004,1883777.9116999991]},"properties":{"OBJECTID":1011,"Asset_ID":"GLY1011","Name":"Gully","District_ID":"al Wadi","Wlyt_ID":"Salalah","Gov_ID":"Dhofar Governorate","Road_ID":"105555","Mun_ID":" ","Latitude":17.01689812,"Longitude":54.058950709999998,"GlobalID":"{6F346B3E-A8CC-4D39-B154-92CD5133F335}","NEAR_FID":10483,"NEAR_DIST":3.2135804123224774}},{"type":"Feature","id":1012,"geometry":{"type":"Point","coordinates":[186830.86129999999,1883782.1707000006]},"properties":{"OBJECTID":1012,"Asset_ID":"GLY1012","Name":"Gully","District_ID":"Mustashfa al Sultan Qboos","Wlyt_ID":"Salalah","Gov_ID":"Dhofar Governorate","Road_ID":"105509","Mun_ID":" ","Latitude":17.01693281,"Longitude":54.058690579999997,"GlobalID":"{220D2107-BFDA-4941-A27F-246163EF79F3}","NEAR_FID":10049,"NEAR_DIST":3.9881711780634714}},{"type":"Feature","id":1013,"geometry":{"type":"Point","coordinates":[186849.57760000043,1883801.3406000007]},"properties":{"OBJECTID":1013,"Asset_ID":"GLY1013","Name":"Gully","District_ID":"al Wadi","Wlyt_ID":"Salalah","Gov_ID":"Dhofar Governorate","Road_ID":"105509","Mun_ID":" ","Latitude":17.017108409999999,"Longitude":54.058863500000001,"GlobalID":"{C23539BB-D0EB-4E80-83AC-15F869B15D10}","NEAR_FID":10049,"NEAR_DIST":7.5856020805971767}},{"type":"Feature","id":1014,"geometry":{"type":"Point","coordinates":[186884.96140000038,1883820.1634999998]},"properties":{"OBJECTID":1014,"Asset_ID":"GLY1014","Name":"Gully","District_ID":"al Wadi","Wlyt_ID":"Salalah","Gov_ID":"Dhofar Governorate","Road_ID":"105509","Mun_ID":" ","Latitude":17.01728314,"Longitude":54.059192850000002,"GlobalID":"{29EF7DE1-7BCE-465C-994A-53C41EC4E959}","NEAR_FID":10049,"NEAR_DIST":8.1166922127347636}},{"type":"Feature","id":1015,"geometry":{"type":"Point","coordinates":[186887.36789999995,1883795.5507999994]},"properties":{"OBJECTID":1015,"Asset_ID":"GLY1015","Name":"Gully","District_ID":"al Wadi","Wlyt_ID":"Salalah","Gov_ID":"Dhofar Governorate","Road_ID":"105555","Mun_ID":" ","Latitude":17.017061269999999,"Longitude":54.059218899999998,"GlobalID":"{96C79412-AEFF-4399-85DA-2C053D6D2567}","NEAR_FID":10483,"NEAR_DIST":5.297818472483721}},{"type":"Feature","id":1016,"geometry":{"type":"Point","coordinates":[186935.18530000001,1883861.5782999992]},"properties":{"OBJECTID":1016,"Asset_ID":"GLY1016","Name":"Gully","District_ID":"al Wadi","Wlyt_ID":"Salalah","Gov_ID":"Dhofar Governorate","Road_ID":"105509","Mun_ID":" ","Latitude":17.01766383,"Longitude":54.059658259999999,"GlobalID":"{B2FE31A8-F4CA-4894-AF59-71CCA3C76B19}","NEAR_FID":10049,"NEAR_DIST":4.8586125082438238}},{"type":"Feature","id":1018,"geometry":{"type":"Point","coordinates":[187233.10470000003,1884017.5617999993]},"properties":{"OBJECTID":1018,"Asset_ID":"GLY1018","Name":"Gully","District_ID":"al Wadi","Wlyt_ID":"Salalah","Gov_ID":"Dhofar Governorate","Road_ID":"105509","Mun_ID":" ","Latitude":17.01911239,"Longitude":54.062431699999998,"GlobalID":"{4E739357-8B6C-4BA6-96C7-A79645BA97C4}","NEAR_FID":10049,"NEAR_DIST":7.3881957423793176}},{"type":"Feature","id":1019,"geometry":{"type":"Point","coordinates":[187103.48440000042,1883955.1793000009]},"properties":{"OBJECTID":1019,"Asset_ID":"GLY1019","Name":"Gully","District_ID":"al Wadi","Wlyt_ID":"Salalah","Gov_ID":"Dhofar Governorate","Road_ID":"105509","Mun_ID":" ","Latitude":17.01853165,"Longitude":54.061224240000001,"GlobalID":"{0C35110E-B222-4E84-9E1C-F86052CD552B}","NEAR_FID":10049,"NEAR_DIST":6.7381217496620458}},{"type":"Feature","id":1020,"geometry":{"type":"Point","coordinates":[187076.91119999997,1883941.0680999998]},"properties":{"OBJECTID":1020,"Asset_ID":"GLY1020","Name":"Gully","District_ID":"al Wadi","Wlyt_ID":"Salalah","Gov_ID":"Dhofar Governorate","Road_ID":"105509","Mun_ID":" ","Latitude":17.018400660000001,"Longitude":54.060976889999999,"GlobalID":"{55F9C857-2EC0-4EF8-9E50-D44CFF560EB4}","NEAR_FID":10049,"NEAR_DIST":7.0955244435573155}},{"type":"Feature","id":1021,"geometry":{"type":"Point","coordinates":[187050.57320000045,1883926.9979999997]},"properties":{"OBJECTID":1021,"Asset_ID":"GLY1021","Name":"Gully","District_ID":"al Wadi","Wlyt_ID":"Salalah","Gov_ID":"Dhofar Governorate","Road_ID":"105509","Mun_ID":" ","Latitude":17.018270059999999,"Longitude":54.060731740000001,"GlobalID":"{AE4D3160-AD53-4028-85B1-FCA206B6E7EF}","NEAR_FID":10049,"NEAR_DIST":7.3839744047451576}},{"type":"Feature","id":1022,"geometry":{"type":"Point","coordinates":[187024.1651999997,1883912.9829999991]},"properties":{"OBJECTID":1022,"Asset_ID":"GLY1022","Name":"Gully","District_ID":"al Wadi","Wlyt_ID":"Salalah","Gov_ID":"Dhofar Governorate","Road_ID":"105509","Mun_ID":" ","Latitude":17.018139959999999,"Longitude":54.060485919999998,"GlobalID":"{A9BBDC4B-91FC-4B44-9BED-334F38B77B03}","NEAR_FID":10049,"NEAR_DIST":7.7746415915175628}},{"type":"Feature","id":1023,"geometry":{"type":"Point","coordinates":[186997.63480000012,1883898.8735000007]},"properties":{"OBJECTID":1023,"Asset_ID":"GLY1023","Name":"Gully","District_ID":"al Wadi","Wlyt_ID":"Salalah","Gov_ID":"Dhofar Governorate","Road_ID":"105509","Mun_ID":" ","Latitude":17.018008989999998,"Longitude":54.060238980000001,"GlobalID":"{DCABBC42-F77E-4677-B994-4F4E5996F873}","NEAR_FID":10049,"NEAR_DIST":8.0970300991536153}},{"type":"Feature","id":1024,"geometry":{"type":"Point","coordinates":[186971.15560000017,1883884.6203000005]},"properties":{"OBJECTID":1024,"Asset_ID":"GLY1024","Name":"Gully","District_ID":"al Wadi","Wlyt_ID":"Salalah","Gov_ID":"Dhofar Governorate","Road_ID":"105509","Mun_ID":" ","Latitude":17.01787672,"Longitude":54.059992530000002,"GlobalID":"{A51F0FDB-4B1E-4E38-BBDB-23BBD694C161}","NEAR_FID":10049,"NEAR_DIST":8.2153891411367628}},{"type":"Feature","id":1025,"geometry":{"type":"Point","coordinates":[186790.33999999985,1883768.8301999997]},"properties":{"OBJECTID":1025,"Asset_ID":"GLY1025","Name":"Gully","District_ID":"Mustashfa al Sultan Qboos","Wlyt_ID":"Salalah","Gov_ID":"Dhofar Governorate","Road_ID":"102645","Mun_ID":" ","Latitude":17.016806880000001,"Longitude":54.05831225,"GlobalID":"{928F7327-D72E-4E79-BF9B-7062B16CFA27}","NEAR_FID":12127,"NEAR_DIST":1.652347939863271}},{"type":"Feature","id":1026,"geometry":{"type":"Point","coordinates":[186792.58530000038,1883758.5186000001]},"properties":{"OBJECTID":1026,"Asset_ID":"GLY1026","Name":"Gully","District_ID":"Mustashfa al Sultan Qboos","Wlyt_ID":"Salalah","Gov_ID":"Dhofar Governorate","Road_ID":"102645","Mun_ID":" ","Latitude":17.016714090000001,"Longitude":54.058334780000003,"GlobalID":"{A697EFBA-75A4-4154-8BC1-B92311779336}","NEAR_FID":12127,"NEAR_DIST":1.489889860239086}},{"type":"Feature","id":1027,"geometry":{"type":"Point","coordinates":[186785.89869999979,1883756.1923999991]},"properties":{"OBJECTID":1027,"Asset_ID":"GLY1027","Name":"Gully","District_ID":"Mustashfa al Sultan Qboos","Wlyt_ID":"Salalah","Gov_ID":"Dhofar Governorate","Road_ID":"105338","Mun_ID":" ","Latitude":17.016692190000001,"Longitude":54.058272359999997,"GlobalID":"{350657A7-37AD-4E59-A035-C65EF1528F5E}","NEAR_FID":18207,"NEAR_DIST":4.5173907716841866}},{"type":"Feature","id":1028,"geometry":{"type":"Point","coordinates":[186785.62249999959,1883748.3867000006]},"properties":{"OBJECTID":1028,"Asset_ID":"GLY1028","Name":"Gully","District_ID":"Mustashfa al Sultan Qboos","Wlyt_ID":"Salalah","Gov_ID":"Dhofar Governorate","Road_ID":"105338","Mun_ID":"MHR-3/3","Latitude":17.01662168,"Longitude":54.058270870000001,"GlobalID":"{C7E14B6A-4544-4763-9F12-C52DD2A7F2E2}","NEAR_FID":18207,"NEAR_DIST":3.2885162543417104}},{"type":"Feature","id":1029,"geometry":{"type":"Point","coordinates":[186777.42520000041,1883735.7664000001]},"properties":{"OBJECTID":1029,"Asset_ID":"GLY1029","Name":"Gully","District_ID":"Mustashfa al Sultan Qboos","Wlyt_ID":"Salalah","Gov_ID":"Dhofar Governorate","Road_ID":"105338","Mun_ID":" ","Latitude":17.016506639999999,"Longitude":54.058195740000002,"GlobalID":"{8A1B3DB5-A381-4932-A537-F7E99AAD854D}","NEAR_FID":18207,"NEAR_DIST":6.3908762814227993}},{"type":"Feature","id":1030,"geometry":{"type":"Point","coordinates":[186788.70170000009,1883725.1615999993]},"properties":{"OBJECTID":1030,"Asset_ID":"GLY1030","Name":"Gully","District_ID":"Mustashfa al Sultan Qboos","Wlyt_ID":"Salalah","Gov_ID":"Dhofar Governorate","Road_ID":"105338","Mun_ID":"MHR-3/2","Latitude":17.016412429999999,"Longitude":54.058303039999998,"GlobalID":"{B9395F39-DE72-4205-B8FD-9398483A3B0E}","NEAR_FID":18207,"NEAR_DIST":3.5038350188825498}},{"type":"Feature","id":1031,"geometry":{"type":"Point","coordinates":[186756.94429999962,1883726.5490000006]},"properties":{"OBJECTID":1031,"Asset_ID":"GLY1031","Name":"Gully","District_ID":"Mustashfa al Sultan Qboos","Wlyt_ID":"Salalah","Gov_ID":"Dhofar Governorate","Road_ID":"102645","Mun_ID":" ","Latitude":17.016420650000001,"Longitude":54.058004869999998,"GlobalID":"{0581E952-BC8E-4740-B505-3DDD179670DC}","NEAR_FID":11244,"NEAR_DIST":4.708954004393842}},{"type":"Feature","id":1032,"geometry":{"type":"Point","coordinates":[186792.90270000044,1883726.5447000004]},"properties":{"OBJECTID":1032,"Asset_ID":"GLY1032","Name":"Gully","District_ID":"Mustashfa al Sultan Qboos","Wlyt_ID":"Salalah","Gov_ID":"Dhofar Governorate","Road_ID":"102645","Mun_ID":" ","Latitude":17.01642549,"Longitude":54.058342269999997,"GlobalID":"{9B73BA38-97ED-4D43-8E08-3EED1FE0A5CF}","NEAR_FID":12127,"NEAR_DIST":5.174918734160153}},{"type":"Feature","id":1033,"geometry":{"type":"Point","coordinates":[186758.80620000046,1883694.6017000005]},"properties":{"OBJECTID":1033,"Asset_ID":"GLY1033","Name":"Gully","District_ID":"Mustashfa al Sultan Qboos","Wlyt_ID":"Salalah","Gov_ID":"Dhofar Governorate","Road_ID":"102645","Mun_ID":" ","Latitude":17.01613249,"Longitude":54.058026839999997,"GlobalID":"{B71F87FB-BCAD-41E3-A0C7-91E36DBABBB8}","NEAR_FID":11244,"NEAR_DIST":4.3833774475200178}},{"type":"Feature","id":1034,"geometry":{"type":"Point","coordinates":[186800.16789999977,1883697.6094000004]},"properties":{"OBJECTID":1034,"Asset_ID":"GLY1034","Name":"Gully","District_ID":"Mustashfa al Sultan Qboos","Wlyt_ID":"Salalah","Gov_ID":"Dhofar Governorate","Road_ID":"102645","Mun_ID":" ","Latitude":17.016165260000001,"Longitude":54.058414519999999,"GlobalID":"{AB6CCCE7-D20C-4BDE-A149-5306AB7B8C35}","NEAR_FID":12127,"NEAR_DIST":4.6112620536613029}},{"type":"Feature","id":1035,"geometry":{"type":"Point","coordinates":[186760.21420000028,1883690.8552000001]},"properties":{"OBJECTID":1035,"Asset_ID":"GLY1035","Name":"Gully","District_ID":"Mustashfa al Sultan Qboos","Wlyt_ID":"Salalah","Gov_ID":"Dhofar Governorate","Road_ID":"102645","Mun_ID":" ","Latitude":17.01609886,"Longitude":54.058040579999997,"GlobalID":"{7F454366-08FD-40A4-9D8E-2E432DEFE60B}","NEAR_FID":11244,"NEAR_DIST":2.9343324084873497}},{"type":"Feature","id":1036,"geometry":{"type":"Point","coordinates":[186794.35479999986,1883685.1338]},"properties":{"OBJECTID":1036,"Asset_ID":"GLY1036","Name":"Gully","District_ID":"Mustashfa al Sultan Qboos","Wlyt_ID":"Salalah","Gov_ID":"Dhofar Governorate","Road_ID":"105338","Mun_ID":"MHR-3/1","Latitude":17.01605185,"Longitude":54.058361730000001,"GlobalID":"{CF37F225-42B6-46E9-B131-79CC832477F5}","NEAR_FID":18207,"NEAR_DIST":3.3773756885828941}},{"type":"Feature","id":1037,"geometry":{"type":"Point","coordinates":[186806.67920000013,1883670.2448999994]},"properties":{"OBJECTID":1037,"Asset_ID":"GLY1037","Name":"Gully","District_ID":"Mustashfa al Sultan Qboos","Wlyt_ID":"Salalah","Gov_ID":"Dhofar Governorate","Road_ID":"102645","Mun_ID":" ","Latitude":17.015919109999999,"Longitude":54.058479470000002,"GlobalID":"{A29B760A-D0A7-4087-9F44-B3B709B36605}","NEAR_FID":12127,"NEAR_DIST":4.8390815143950698}},{"type":"Feature","id":1038,"geometry":{"type":"Point","coordinates":[186812.60309999995,1883671.7259]},"properties":{"OBJECTID":1038,"Asset_ID":"GLY1038","Name":"Gully","District_ID":"Mustashfa al Sultan Qboos","Wlyt_ID":"Salalah","Gov_ID":"Dhofar Governorate","Road_ID":"102645","Mun_ID":" ","Latitude":17.015933279999999,"Longitude":54.058534850000001,"GlobalID":"{90E7C725-27ED-4A02-85B0-3065E1DE8406}","NEAR_FID":12127,"NEAR_DIST":1.267107970558969}},{"type":"Feature","id":1039,"geometry":{"type":"Point","coordinates":[186772.53589999955,1883662.2467999998]},"properties":{"OBJECTID":1039,"Asset_ID":"GLY1039","Name":"Gully","District_ID":"Mustashfa al Sultan Qboos","Wlyt_ID":"Salalah","Gov_ID":"Dhofar Governorate","Road_ID":"105338","Mun_ID":" ","Latitude":17.01584227,"Longitude":54.058160239999999,"GlobalID":"{4501BDBC-24F8-4DDE-BF91-E316AE925E11}","NEAR_FID":4355,"NEAR_DIST":7.0149349575690634}},{"type":"Feature","id":1040,"geometry":{"type":"Point","coordinates":[186800.24880000018,1883644.8556999993]},"properties":{"OBJECTID":1040,"Asset_ID":"GLY1040","Name":"Gully","District_ID":"Mustashfa al Sultan Qboos","Wlyt_ID":"Salalah","Gov_ID":"Dhofar Governorate","Road_ID":"105338","Mun_ID":" ","Latitude":17.015689040000002,"Longitude":54.058422720000003,"GlobalID":"{30A33ED1-D348-4498-A0F8-D44E195CEA6B}","NEAR_FID":18207,"NEAR_DIST":3.3981701508842495}},{"type":"Feature","id":1041,"geometry":{"type":"Point","coordinates":[186776.75899999961,1883632.5132999998]},"properties":{"OBJECTID":1041,"Asset_ID":"GLY1041","Name":"Gully","District_ID":"Mustashfa al Sultan Qboos","Wlyt_ID":"Salalah","Gov_ID":"Dhofar Governorate","Road_ID":"105338","Mun_ID":" ","Latitude":17.01557442,"Longitude":54.058204060000001,"GlobalID":"{47DD89A1-C097-47F3-A7AD-1AFD6C626E97}","NEAR_FID":4355,"NEAR_DIST":6.5726215784703061}},{"type":"Feature","id":1042,"geometry":{"type":"Point","coordinates":[186805.66779999994,1883605.8694000002]},"properties":{"OBJECTID":1042,"Asset_ID":"GLY1042","Name":"Gully","District_ID":"Mustashfa al Sultan Qboos","Wlyt_ID":"Salalah","Gov_ID":"Dhofar Governorate","Road_ID":"105338","Mun_ID":" ","Latitude":17.015337819999999,"Longitude":54.058479069999997,"GlobalID":"{9B890CB7-DE49-4562-BA6F-F7F1926DF31C}","NEAR_FID":18207,"NEAR_DIST":3.5825063791104212}},{"type":"Feature","id":1043,"geometry":{"type":"Point","coordinates":[186780.9095999999,1883602.7232000008]},"properties":{"OBJECTID":1043,"Asset_ID":"GLY1043","Name":"Gully","District_ID":"Mustashfa al Sultan Qboos","Wlyt_ID":"Salalah","Gov_ID":"Dhofar Governorate","Road_ID":"105338","Mun_ID":" ","Latitude":17.01530606,"Longitude":54.058247209999998,"GlobalID":"{98D1FA0F-9EB2-44DD-8C0D-760179053366}","NEAR_FID":4355,"NEAR_DIST":6.9387832487172796}},{"type":"Feature","id":1044,"geometry":{"type":"Point","coordinates":[186784.42119999975,1883578.9364]},"properties":{"OBJECTID":1044,"Asset_ID":"GLY1044","Name":"Gully","District_ID":"Mustashfa al Sultan Qboos","Wlyt_ID":"Salalah","Gov_ID":"Dhofar Governorate","Road_ID":"102645","Mun_ID":" ","Latitude":17.0150918,"Longitude":54.058283510000003,"GlobalID":"{90E45C92-9F89-4CF4-BF18-A43C31878FAD}","NEAR_FID":17431,"NEAR_DIST":2.6802919106681715}},{"type":"Feature","id":1045,"geometry":{"type":"Point","coordinates":[186811.19510000013,1883566.2851999998]},"properties":{"OBJECTID":1045,"Asset_ID":"GLY1045","Name":"Gully","District_ID":"Mustashfa al Sultan Qboos","Wlyt_ID":"Salalah","Gov_ID":"Dhofar Governorate","Road_ID":"105338","Mun_ID":" ","Latitude":17.014981219999999,"Longitude":54.058536510000003,"GlobalID":"{3FE5476A-9C3B-454A-94F6-FC7A9660BE75}","NEAR_FID":17125,"NEAR_DIST":3.8705312818977982}},{"type":"Feature","id":1046,"geometry":{"type":"Point","coordinates":[196543.21140000038,1892506.0120999999]},"properties":{"OBJECTID":1046,"Asset_ID":"GLY1046","Name":"Gully","District_ID":null,"Wlyt_ID":"Salalah","Gov_ID":"Dhofar Governorate","Road_ID":"63476","Mun_ID":" ","Latitude":17.096991880000001,"Longitude":54.148630279999999,"GlobalID":"{0509E414-9F91-4CBF-82CA-097154040870}","NEAR_FID":3020,"NEAR_DIST":4.9067774760605287}},{"type":"Feature","id":1047,"geometry":{"type":"Point","coordinates":[196533.28359999973,1892534.6339999996]},"properties":{"OBJECTID":1047,"Asset_ID":"GLY1047","Name":"Gully","District_ID":null,"Wlyt_ID":"Salalah","Gov_ID":"Dhofar Governorate","Road_ID":"63476","Mun_ID":" ","Latitude":17.097248969999999,"Longitude":54.148533139999998,"GlobalID":"{7E3A09F4-6B1C-459C-97EE-8BE3B58FF277}","NEAR_FID":3061,"NEAR_DIST":4.8946714751076783}},{"type":"Feature","id":1048,"geometry":{"type":"Point","coordinates":[196477.67210000008,1892537.5386999995]},"properties":{"OBJECTID":1048,"Asset_ID":"GLY1048","Name":"Gully","District_ID":null,"Wlyt_ID":"Salalah","Gov_ID":"Dhofar Governorate","Road_ID":"63476","Mun_ID":" ","Latitude":17.097267840000001,"Longitude":54.148010669999998,"GlobalID":"{C717A222-CCCB-47F3-AF6F-ACF546DF284F}","NEAR_FID":3061,"NEAR_DIST":4.4725509701760462}},{"type":"Feature","id":1049,"geometry":{"type":"Point","coordinates":[196464.6409,1892511.0580000002]},"properties":{"OBJECTID":1049,"Asset_ID":"GLY1049","Name":"Gully","District_ID":null,"Wlyt_ID":"Salalah","Gov_ID":"Dhofar Governorate","Road_ID":"63476","Mun_ID":" ","Latitude":17.097027050000001,"Longitude":54.147891979999997,"GlobalID":"{9AB31D9C-191F-4B45-AC5D-F08659C88AE4}","NEAR_FID":3109,"NEAR_DIST":4.1422056635197171}},{"type":"Feature","id":1050,"geometry":{"type":"Point","coordinates":[196473.82770000026,1892482.9298]},"properties":{"OBJECTID":1050,"Asset_ID":"GLY1050","Name":"Gully","District_ID":null,"Wlyt_ID":"Salalah","Gov_ID":"Dhofar Governorate","Road_ID":"63476","Mun_ID":" ","Latitude":17.096774310000001,"Longitude":54.147982089999999,"GlobalID":"{F41C1E46-B312-4E6D-8101-B27D30A5C70F}","NEAR_FID":3109,"NEAR_DIST":4.2528979047771935}},{"type":"Feature","id":1051,"geometry":{"type":"Point","coordinates":[196480.28010000009,1892477.7980000004]},"properties":{"OBJECTID":1051,"Asset_ID":"GLY1051","Name":"Gully","District_ID":null,"Wlyt_ID":"Salalah","Gov_ID":"Dhofar Governorate","Road_ID":"63476","Mun_ID":" ","Latitude":17.096728840000001,"Longitude":54.148043370000003,"GlobalID":"{806F464A-F7CD-479C-9A93-259874185EE6}","NEAR_FID":3013,"NEAR_DIST":4.8885159470329178}},{"type":"Feature","id":1052,"geometry":{"type":"Point","coordinates":[189678.60759999976,1888594.1688999999]},"properties":{"OBJECTID":1052,"Asset_ID":"GLY1052","Name":"Gully","District_ID":null,"Wlyt_ID":"Salalah","Gov_ID":"Dhofar Governorate","Road_ID":"100520","Mun_ID":" ","Latitude":17.06075916,"Longitude":54.084737769999997,"GlobalID":"{8FB3BEF1-276C-4C10-B3CF-A911010836C7}","NEAR_FID":18712,"NEAR_DIST":3.1144972834482298}},{"type":"Feature","id":1053,"geometry":{"type":"Point","coordinates":[189695.46679999959,1888627.0273000002]},"properties":{"OBJECTID":1053,"Asset_ID":"GLY1053","Name":"Gully","District_ID":null,"Wlyt_ID":"Salalah","Gov_ID":"Dhofar Governorate","Road_ID":"100520","Mun_ID":" ","Latitude":17.061058070000001,"Longitude":54.084891390000003,"GlobalID":"{8C609FD7-21FE-4FCE-8187-D10A7600AA73}","NEAR_FID":18712,"NEAR_DIST":2.9454006979440308}},{"type":"Feature","id":1054,"geometry":{"type":"Point","coordinates":[189695.23940000031,1888673.1397999991]},"properties":{"OBJECTID":1054,"Asset_ID":"GLY1054","Name":"Gully","District_ID":null,"Wlyt_ID":"Salalah","Gov_ID":"Dhofar Governorate","Road_ID":"100520","Mun_ID":" ","Latitude":17.061474329999999,"Longitude":54.084882790000002,"GlobalID":"{37C25ED8-C4C5-4D5D-ADE5-7F096166185F}","NEAR_FID":18712,"NEAR_DIST":4.3571950942568209}},{"type":"Feature","id":1055,"geometry":{"type":"Point","coordinates":[189671.73670000024,1888712.6306999996]},"properties":{"OBJECTID":1055,"Asset_ID":"GLY1055","Name":"Gully","District_ID":null,"Wlyt_ID":"Salalah","Gov_ID":"Dhofar Governorate","Road_ID":"100520","Mun_ID":" ","Latitude":17.06182768,"Longitude":54.084656670000001,"GlobalID":"{2B148A4F-B86E-4AEC-8433-56F584DF2091}","NEAR_FID":18712,"NEAR_DIST":6.0940402507813669}},{"type":"Feature","id":1056,"geometry":{"type":"Point","coordinates":[189631.42980000004,1888734.7760000005]},"properties":{"OBJECTID":1056,"Asset_ID":"GLY1056","Name":"Gully","District_ID":null,"Wlyt_ID":"Salalah","Gov_ID":"Dhofar Governorate","Road_ID":"100520","Mun_ID":" ","Latitude":17.062022160000001,"Longitude":54.084275259999998,"GlobalID":"{8BCDB7E3-1840-4047-A850-491F0E1ADA52}","NEAR_FID":15950,"NEAR_DIST":6.7501158092107634}},{"type":"Feature","id":1057,"geometry":{"type":"Point","coordinates":[189585.50129999965,1888733.4195000008]},"properties":{"OBJECTID":1057,"Asset_ID":"GLY1057","Name":"Gully","District_ID":null,"Wlyt_ID":"Salalah","Gov_ID":"Dhofar Governorate","Road_ID":"100520","Mun_ID":" ","Latitude":17.06200372,"Longitude":54.083844390000003,"GlobalID":"{D4415060-916A-4855-B699-E0BCA895C858}","NEAR_FID":15950,"NEAR_DIST":6.0335463130650284}},{"type":"Feature","id":1058,"geometry":{"type":"Point","coordinates":[189546.49980000034,1888709.0020000003]},"properties":{"OBJECTID":1058,"Asset_ID":"GLY1058","Name":"Gully","District_ID":null,"Wlyt_ID":"Salalah","Gov_ID":"Dhofar Governorate","Road_ID":"100520","Mun_ID":" ","Latitude":17.061778019999998,"Longitude":54.083481759999998,"GlobalID":"{597C8D1A-6545-4341-B52F-B4A198FCF049}","NEAR_FID":15950,"NEAR_DIST":4.5472374166439238}},{"type":"Feature","id":1059,"geometry":{"type":"Point","coordinates":[189525.37579999957,1888668.1531000007]},"properties":{"OBJECTID":1059,"Asset_ID":"GLY1059","Name":"Gully","District_ID":null,"Wlyt_ID":"Salalah","Gov_ID":"Dhofar Governorate","Road_ID":"100520","Mun_ID":" ","Latitude":17.061406399999999,"Longitude":54.083289239999999,"GlobalID":"{F89DD9BF-3BEB-4114-A3A8-965F53BCC2A5}","NEAR_FID":15950,"NEAR_DIST":2.5905402985327752}},{"type":"Feature","id":1060,"geometry":{"type":"Point","coordinates":[189527.89609999955,1888622.1012999993]},"properties":{"OBJECTID":1060,"Asset_ID":"GLY1060","Name":"Gully","District_ID":null,"Wlyt_ID":"Salalah","Gov_ID":"Dhofar Governorate","Road_ID":"100520","Mun_ID":" ","Latitude":17.060991000000001,"Longitude":54.083319349999996,"GlobalID":"{B01B6912-9C72-41F7-AB0C-93581797F9C1}","NEAR_FID":15950,"NEAR_DIST":4.3084128969299016}},{"type":"Feature","id":1061,"geometry":{"type":"Point","coordinates":[189545.71420000028,1888568.3065000009]},"properties":{"OBJECTID":1061,"Asset_ID":"GLY1061","Name":"Gully","District_ID":null,"Wlyt_ID":"Salalah","Gov_ID":"Dhofar Governorate","Road_ID":"102165","Mun_ID":" ","Latitude":17.06050776,"Longitude":54.083494129999998,"GlobalID":"{38D62936-DA15-4228-80D3-8565BFB91DFC}","NEAR_FID":6885,"NEAR_DIST":4.6327228866341592}},{"type":"Feature","id":1062,"geometry":{"type":"Point","coordinates":[189493.42090000026,1888595.1176999994]},"properties":{"OBJECTID":1062,"Asset_ID":"GLY1062","Name":"Gully","District_ID":null,"Wlyt_ID":"Salalah","Gov_ID":"Dhofar Governorate","Road_ID":"107116","Mun_ID":" ","Latitude":17.060742739999998,"Longitude":54.082999569999998,"GlobalID":"{B9AB6B27-65F8-4FBC-8920-92E4B2BE4799}","NEAR_FID":17107,"NEAR_DIST":4.568260015063057}},{"type":"Feature","id":1063,"geometry":{"type":"Point","coordinates":[189466.17459999956,1888620.0283000004]},"properties":{"OBJECTID":1063,"Asset_ID":"GLY1063","Name":"Gully","District_ID":null,"Wlyt_ID":"Salalah","Gov_ID":"Dhofar Governorate","Road_ID":"107116","Mun_ID":" ","Latitude":17.060963950000001,"Longitude":54.082740360000003,"GlobalID":"{9DABD78E-281B-4E85-B9C8-51A5C0FF820C}","NEAR_FID":17107,"NEAR_DIST":3.4110092350630223}},{"type":"Feature","id":1064,"geometry":{"type":"Point","coordinates":[189421.72559999954,1888631.9261000007]},"properties":{"OBJECTID":1064,"Asset_ID":"GLY1064","Name":"Gully","District_ID":null,"Wlyt_ID":"Salalah","Gov_ID":"Dhofar Governorate","Road_ID":"107116","Mun_ID":" ","Latitude":17.061065360000001,"Longitude":54.08232151,"GlobalID":"{A93C5B79-9798-4CE9-9E11-61BFDB44C108}","NEAR_FID":17107,"NEAR_DIST":2.9910056302911534}},{"type":"Feature","id":1065,"geometry":{"type":"Point","coordinates":[189377.39159999974,1888619.5006000008]},"properties":{"OBJECTID":1065,"Asset_ID":"GLY1065","Name":"Gully","District_ID":null,"Wlyt_ID":"Salalah","Gov_ID":"Dhofar Governorate","Road_ID":"107116","Mun_ID":" ","Latitude":17.060947200000001,"Longitude":54.08190716,"GlobalID":"{A0435C26-4FA3-4B2D-8960-662E4F2866A6}","NEAR_FID":17107,"NEAR_DIST":2.7345526410606054}},{"type":"Feature","id":1066,"geometry":{"type":"Point","coordinates":[189350.34049999993,1888594.3546999991]},"properties":{"OBJECTID":1066,"Asset_ID":"GLY1066","Name":"Gully","District_ID":null,"Wlyt_ID":"Salalah","Gov_ID":"Dhofar Governorate","Road_ID":"107116","Mun_ID":" ","Latitude":17.060716540000001,"Longitude":54.081656799999998,"GlobalID":"{C2C721C2-999D-44A5-B7F5-8EA3065130FA}","NEAR_FID":17107,"NEAR_DIST":2.1502633912008959}},{"type":"Feature","id":1067,"geometry":{"type":"Point","coordinates":[189336.09719999973,1888560.3418000005]},"properties":{"OBJECTID":1067,"Asset_ID":"GLY1067","Name":"Gully","District_ID":null,"Wlyt_ID":"Salalah","Gov_ID":"Dhofar Governorate","Road_ID":"107116","Mun_ID":" ","Latitude":17.060407560000002,"Longitude":54.081527899999998,"GlobalID":"{AB74A2F4-7B72-4A98-AFFB-8B16B8DCE177}","NEAR_FID":17107,"NEAR_DIST":1.8390796205068602}},{"type":"Feature","id":1068,"geometry":{"type":"Point","coordinates":[189337.14690000005,1888523.3742999993]},"properties":{"OBJECTID":1068,"Asset_ID":"GLY1068","Name":"Gully","District_ID":null,"Wlyt_ID":"Salalah","Gov_ID":"Dhofar Governorate","Road_ID":"107116","Mun_ID":" ","Latitude":17.060073970000001,"Longitude":54.081542939999999,"GlobalID":"{0EB1A669-C089-45FE-A0F0-5716F19D3DE1}","NEAR_FID":17107,"NEAR_DIST":1.7037959450864091}},{"type":"Feature","id":1069,"geometry":{"type":"Point","coordinates":[189353.39759999979,1888490.2166000009]},"properties":{"OBJECTID":1069,"Asset_ID":"GLY1069","Name":"Gully","District_ID":null,"Wlyt_ID":"Salalah","Gov_ID":"Dhofar Governorate","Road_ID":"107116","Mun_ID":" ","Latitude":17.05977682,"Longitude":54.08170011,"GlobalID":"{B3319CCC-1458-4ED8-BD34-18F8131B6EEB}","NEAR_FID":17107,"NEAR_DIST":1.7783241876080564}},{"type":"Feature","id":1070,"geometry":{"type":"Point","coordinates":[189390.37750000041,1888462.8761]},"properties":{"OBJECTID":1070,"Asset_ID":"GLY1070","Name":"Gully","District_ID":null,"Wlyt_ID":"Salalah","Gov_ID":"Dhofar Governorate","Road_ID":"107116","Mun_ID":" ","Latitude":17.05953499,"Longitude":54.082051020000002,"GlobalID":"{57464973-A4B4-4DD4-8AC2-3DE3C728BB81}","NEAR_FID":17107,"NEAR_DIST":2.4171009560229955}},{"type":"Feature","id":1071,"geometry":{"type":"Point","coordinates":[189426.85680000018,1888457.0251000002]},"properties":{"OBJECTID":1071,"Asset_ID":"GLY1071","Name":"Gully","District_ID":null,"Wlyt_ID":"Salalah","Gov_ID":"Dhofar Governorate","Road_ID":"107116","Mun_ID":" ","Latitude":17.059487099999998,"Longitude":54.082394209999997,"GlobalID":"{3568C523-8150-4C5E-859D-B3A6DE5C3202}","NEAR_FID":17107,"NEAR_DIST":3.614754440532391}},{"type":"Feature","id":1072,"geometry":{"type":"Point","coordinates":[189477.23759999964,1888473.3904999997]},"properties":{"OBJECTID":1072,"Asset_ID":"GLY1072","Name":"Gully","District_ID":null,"Wlyt_ID":"Salalah","Gov_ID":"Dhofar Governorate","Road_ID":"100520","Mun_ID":" ","Latitude":17.059641639999999,"Longitude":54.08286476,"GlobalID":"{E323A2BA-929B-412D-8EA9-95BC45707D9B}","NEAR_FID":16539,"NEAR_DIST":3.3812818452453133}},{"type":"Feature","id":1073,"geometry":{"type":"Point","coordinates":[189523.91399999987,1888502.8487999998]},"properties":{"OBJECTID":1073,"Asset_ID":"GLY1073","Name":"Gully","District_ID":null,"Wlyt_ID":"Salalah","Gov_ID":"Dhofar Governorate","Road_ID":"100520","Mun_ID":" ","Latitude":17.05991388,"Longitude":54.083298710000001,"GlobalID":"{BC8D9C64-1A37-4E3E-92E4-77D8D1944281}","NEAR_FID":16539,"NEAR_DIST":5.4423148793440852}},{"type":"Feature","id":1074,"geometry":{"type":"Point","coordinates":[189430.87689999957,1888914.3491999991]},"properties":{"OBJECTID":1074,"Asset_ID":"GLY1074","Name":"Gully","District_ID":null,"Wlyt_ID":"Salalah","Gov_ID":"Dhofar Governorate","Road_ID":"102303","Mun_ID":" ","Latitude":17.063616230000001,"Longitude":54.082367759999997,"GlobalID":"{1AFAF30E-5123-4A7E-A980-D9F6316AB2DA}","NEAR_FID":12271,"NEAR_DIST":2.6218938947050794}},{"type":"Feature","id":1075,"geometry":{"type":"Point","coordinates":[189380.22259999998,1888973.7328999992]},"properties":{"OBJECTID":1075,"Asset_ID":"GLY1075","Name":"Gully","District_ID":null,"Wlyt_ID":"Salalah","Gov_ID":"Dhofar Governorate","Road_ID":"102303","Mun_ID":" ","Latitude":17.064145490000001,"Longitude":54.081884000000002,"GlobalID":"{BA7E3249-F871-43AE-A8CE-8A41CE5388AA}","NEAR_FID":15637,"NEAR_DIST":2.223414092016859}},{"type":"Feature","id":1076,"geometry":{"type":"Point","coordinates":[189362.89439999964,1888942.7333000004]},"properties":{"OBJECTID":1076,"Asset_ID":"GLY1076","Name":"Gully","District_ID":null,"Wlyt_ID":"Salalah","Gov_ID":"Dhofar Governorate","Road_ID":"102303","Mun_ID":" ","Latitude":17.06386329,"Longitude":54.081725720000001,"GlobalID":"{A5EC3681-BE49-48AD-859C-93DA1BF9294A}","NEAR_FID":14233,"NEAR_DIST":1.028606333374094}},{"type":"Feature","id":1077,"geometry":{"type":"Point","coordinates":[189384.68620000035,1888905.9372000005]},"properties":{"OBJECTID":1077,"Asset_ID":"GLY1077","Name":"Gully","District_ID":null,"Wlyt_ID":"Salalah","Gov_ID":"Dhofar Governorate","Road_ID":"102303","Mun_ID":" ","Latitude":17.063534050000001,"Longitude":54.08193541,"GlobalID":"{C8494749-51C3-4F6E-9352-CDF5D1F11781}","NEAR_FID":14233,"NEAR_DIST":0.94245039656886731}},{"type":"Feature","id":1078,"geometry":{"type":"Point","coordinates":[188060.38640000019,1891164.0206000004]},"properties":{"OBJECTID":1078,"Asset_ID":"GLY1078","Name":"Gully","District_ID":null,"Wlyt_ID":"Salalah","Gov_ID":"Dhofar Governorate","Road_ID":"101261","Mun_ID":" ","Latitude":17.083739909999998,"Longitude":54.069187579999998,"GlobalID":"{A4A119B9-FE52-442A-8208-FACC3D14ABF4}","NEAR_FID":14692,"NEAR_DIST":5.6730629272239765}},{"type":"Feature","id":1079,"geometry":{"type":"Point","coordinates":[188067.05580000021,1891178.6289000008]},"properties":{"OBJECTID":1079,"Asset_ID":"GLY1079","Name":"Gully","District_ID":null,"Wlyt_ID":"Salalah","Gov_ID":"Dhofar Governorate","Road_ID":"101261","Mun_ID":" ","Latitude":17.08387269,"Longitude":54.069248119999997,"GlobalID":"{78EE8C88-9941-46CB-857F-C8728C900391}","NEAR_FID":14692,"NEAR_DIST":4.8807643046728195}},{"type":"Feature","id":1080,"geometry":{"type":"Point","coordinates":[188063.86739999987,1891193.1170000006]},"properties":{"OBJECTID":1080,"Asset_ID":"GLY1080","Name":"Gully","District_ID":null,"Wlyt_ID":"Salalah","Gov_ID":"Dhofar Governorate","Road_ID":"101261","Mun_ID":" ","Latitude":17.08400305,"Longitude":54.069216140000002,"GlobalID":"{C971AD14-3608-4331-B537-838EF0A213BB}","NEAR_FID":6638,"NEAR_DIST":4.396077635669621}},{"type":"Feature","id":1081,"geometry":{"type":"Point","coordinates":[188047.49320000038,1891204.7133000009]},"properties":{"OBJECTID":1081,"Asset_ID":"GLY1081","Name":"Gully","District_ID":null,"Wlyt_ID":"Salalah","Gov_ID":"Dhofar Governorate","Road_ID":"101261","Mun_ID":" ","Latitude":17.084105520000001,"Longitude":54.069060810000003,"GlobalID":"{578D32C5-CD1A-4C16-B28B-A8FEC9F96533}","NEAR_FID":7476,"NEAR_DIST":4.4886965042646914}},{"type":"Feature","id":1082,"geometry":{"type":"Point","coordinates":[188028.04069999978,1891199.9821000006]},"properties":{"OBJECTID":1082,"Asset_ID":"GLY1082","Name":"Gully","District_ID":null,"Wlyt_ID":"Salalah","Gov_ID":"Dhofar Governorate","Road_ID":"101261","Mun_ID":" ","Latitude":17.08406016,"Longitude":54.068878890000001,"GlobalID":"{63F523E0-8B88-4727-8DFA-662F023BFA91}","NEAR_FID":4064,"NEAR_DIST":5.3962393185188597}},{"type":"Feature","id":1083,"geometry":{"type":"Point","coordinates":[188018.55020000041,1891182.1852000002]},"properties":{"OBJECTID":1083,"Asset_ID":"GLY1083","Name":"Gully","District_ID":null,"Wlyt_ID":"Salalah","Gov_ID":"Dhofar Governorate","Road_ID":"101261","Mun_ID":" ","Latitude":17.083898210000001,"Longitude":54.06879232,"GlobalID":"{964A6DDD-ECC8-436B-882A-ABD7A6E86C18}","NEAR_FID":11568,"NEAR_DIST":6.2839417629326846}},{"type":"Feature","id":1084,"geometry":{"type":"Point","coordinates":[188005.47780000046,1891190.0812999997]},"properties":{"OBJECTID":1084,"Asset_ID":"GLY1084","Name":"Gully","District_ID":null,"Wlyt_ID":"Salalah","Gov_ID":"Dhofar Governorate","Road_ID":"101261","Mun_ID":" ","Latitude":17.08396772,"Longitude":54.068668500000001,"GlobalID":"{B3167395-1645-4E7F-9080-403E4E34E6DA}","NEAR_FID":11568,"NEAR_DIST":8.0833008517309004}},{"type":"Feature","id":1085,"geometry":{"type":"Point","coordinates":[196529.86120000016,1892479.1272999998]},"properties":{"OBJECTID":1085,"Asset_ID":"GLY1085","Name":"Gully","District_ID":null,"Wlyt_ID":"Salalah","Gov_ID":"Dhofar Governorate","Road_ID":"63476","Mun_ID":" ","Latitude":17.096747390000001,"Longitude":54.148508640000003,"GlobalID":"{3DC64435-E6AF-45F2-B4B2-BFFF2CB13609}","NEAR_FID":5494,"NEAR_DIST":4.9222558600429336}},{"type":"Feature","id":1086,"geometry":{"type":"Point","coordinates":[196498.26180000044,1892469.2328999992]},"properties":{"OBJECTID":1086,"Asset_ID":"GLY1086","Name":"Gully","District_ID":null,"Wlyt_ID":"Salalah","Gov_ID":"Dhofar Governorate","Road_ID":"63476","Mun_ID":" ","Latitude":17.096653889999999,"Longitude":54.148213349999999,"GlobalID":"{0A39DDC0-7572-4240-B041-5192B7F08D27}","NEAR_FID":5494,"NEAR_DIST":4.1337646500739176}},{"type":"Feature","id":1087,"geometry":{"type":"Point","coordinates":[196491.65730000008,1892471.2392999995]},"properties":{"OBJECTID":1087,"Asset_ID":"GLY1087","Name":"Gully","District_ID":null,"Wlyt_ID":"Salalah","Gov_ID":"Dhofar Governorate","Road_ID":"63476","Mun_ID":" ","Latitude":17.096671130000001,"Longitude":54.148151079999998,"GlobalID":"{17559D1F-7AF8-467A-BD0F-BEFD7A98D170}","NEAR_FID":5494,"NEAR_DIST":4.5059710052623716}},{"type":"Feature","id":1088,"geometry":{"type":"Point","coordinates":[196520.85360000003,1892557.8942000009]},"properties":{"OBJECTID":1088,"Asset_ID":"GLY1088","Name":"Gully","District_ID":null,"Wlyt_ID":"Salalah","Gov_ID":"Dhofar Governorate","Road_ID":"63476","Mun_ID":" ","Latitude":17.097457330000001,"Longitude":54.148413249999997,"GlobalID":"{B234A90B-7146-4342-8CA4-526426DCEFC8}","NEAR_FID":3061,"NEAR_DIST":8.180298818066662}},{"type":"Feature","id":1089,"geometry":{"type":"Point","coordinates":[196513.08690000046,1892559.5965]},"properties":{"OBJECTID":1089,"Asset_ID":"GLY1089","Name":"Gully","District_ID":null,"Wlyt_ID":"Salalah","Gov_ID":"Dhofar Governorate","Road_ID":"63476","Mun_ID":" ","Latitude":17.097471670000001,"Longitude":54.148340109999999,"GlobalID":"{33CEF31F-5029-4D91-994F-46951DB25F44}","NEAR_FID":3061,"NEAR_DIST":7.9309921594300476}},{"type":"Feature","id":1090,"geometry":{"type":"Point","coordinates":[196504.30960000027,1892560.7136000004]},"properties":{"OBJECTID":1090,"Asset_ID":"GLY1090","Name":"Gully","District_ID":null,"Wlyt_ID":"Salalah","Gov_ID":"Dhofar Governorate","Road_ID":"63476","Mun_ID":" ","Latitude":17.09748059,"Longitude":54.148257549999997,"GlobalID":"{89A3652F-3B5E-40AC-A74B-B595F0ACA2C7}","NEAR_FID":3061,"NEAR_DIST":8.2870224196987401}},{"type":"Feature","id":1091,"geometry":{"type":"Point","coordinates":[196554.63310000021,1892521.6144999992]},"properties":{"OBJECTID":1091,"Asset_ID":"GLY1091","Name":"Gully","District_ID":null,"Wlyt_ID":"Salalah","Gov_ID":"Dhofar Governorate","Road_ID":"63476","Mun_ID":" ","Latitude":17.09713425,"Longitude":54.148735360000003,"GlobalID":"{E131FAF9-0765-40E2-8F1F-866585D542B9}","NEAR_FID":3020,"NEAR_DIST":8.0883734513910852}},{"type":"Feature","id":1092,"geometry":{"type":"Point","coordinates":[196555.69699999969,1892513.5819000006]},"properties":{"OBJECTID":1092,"Asset_ID":"GLY1092","Name":"Gully","District_ID":null,"Wlyt_ID":"Salalah","Gov_ID":"Dhofar Governorate","Road_ID":"63476","Mun_ID":" ","Latitude":17.097061870000001,"Longitude":54.148746449999997,"GlobalID":"{618F288A-EAEF-4122-814C-E47FAED673F6}","NEAR_FID":3020,"NEAR_DIST":7.7472092264665449}},{"type":"Feature","id":1093,"geometry":{"type":"Point","coordinates":[196556.22900000028,1892506.0280000009]},"properties":{"OBJECTID":1093,"Asset_ID":"GLY1093","Name":"Gully","District_ID":null,"Wlyt_ID":"Salalah","Gov_ID":"Dhofar Governorate","Road_ID":"102598","Mun_ID":" ","Latitude":17.096993739999998,"Longitude":54.148752479999999,"GlobalID":"{2BF5D226-AE04-4A5B-A414-2BAD99B3EC5B}","NEAR_FID":12764,"NEAR_DIST":7.5852065754603064}},{"type":"Feature","id":1094,"geometry":{"type":"Point","coordinates":[196452.44330000039,1892498.4741999991]},"properties":{"OBJECTID":1094,"Asset_ID":"GLY1094","Name":"Gully","District_ID":null,"Wlyt_ID":"Salalah","Gov_ID":"Dhofar Governorate","Road_ID":"63476","Mun_ID":" ","Latitude":17.096911819999999,"Longitude":54.147779200000002,"GlobalID":"{CF10E180-FB0E-4312-86A8-FBEF1CB986C3}","NEAR_FID":3109,"NEAR_DIST":8.9219699869609528}},{"type":"Feature","id":1095,"geometry":{"type":"Point","coordinates":[196451.75179999974,1892506.0280000009]},"properties":{"OBJECTID":1095,"Asset_ID":"GLY1095","Name":"Gully","District_ID":null,"Wlyt_ID":"Salalah","Gov_ID":"Dhofar Governorate","Road_ID":"63476","Mun_ID":" ","Latitude":17.09697993,"Longitude":54.147771669999997,"GlobalID":"{5EB18299-BE93-475C-8A9D-F906FB610359}","NEAR_FID":3109,"NEAR_DIST":8.7229563137596813}},{"type":"Feature","id":1096,"geometry":{"type":"Point","coordinates":[196451.9645999996,1892513.2094999999]},"properties":{"OBJECTID":1096,"Asset_ID":"GLY1096","Name":"Gully","District_ID":null,"Wlyt_ID":"Salalah","Gov_ID":"Dhofar Governorate","Road_ID":"63476","Mun_ID":" ","Latitude":17.097044790000002,"Longitude":54.147772680000003,"GlobalID":"{567B8E5D-CA08-4D6D-8862-CCCA568F94EB}","NEAR_FID":3109,"NEAR_DIST":8.6711603211509232}},{"type":"Feature","id":1097,"geometry":{"type":"Point","coordinates":[196442.76159999985,1892503.7938000001]},"properties":{"OBJECTID":1097,"Asset_ID":"GLY1097","Name":"Gully","District_ID":null,"Wlyt_ID":"Salalah","Gov_ID":"Dhofar Governorate","Road_ID":"100520","Mun_ID":" ","Latitude":17.096958570000002,"Longitude":54.147687580000003,"GlobalID":"{10EF2C42-3AF6-4155-9B78-F5A5A48D0B63}","NEAR_FID":3040,"NEAR_DIST":11.792596923862121}},{"type":"Feature","id":1098,"geometry":{"type":"Point","coordinates":[189513.48739999998,1888547.0658999998]},"properties":{"OBJECTID":1098,"Asset_ID":"GLY1098","Name":"Gully","District_ID":null,"Wlyt_ID":"Salalah","Gov_ID":"Dhofar Governorate","Road_ID":"102165","Mun_ID":" ","Latitude":17.060311649999999,"Longitude":54.083194650000003,"GlobalID":"{09C0C456-42EC-40EA-8D9D-0D0DE881B31A}","NEAR_FID":12769,"NEAR_DIST":9.2985367080588706}},{"type":"Feature","id":1099,"geometry":{"type":"Point","coordinates":[189493.1632000003,1888465.3932000007]},"properties":{"OBJECTID":1099,"Asset_ID":"GLY1099","Name":"Gully","District_ID":null,"Wlyt_ID":"Salalah","Gov_ID":"Dhofar Governorate","Road_ID":"100520","Mun_ID":" ","Latitude":17.059571590000001,"Longitude":54.083015349999997,"GlobalID":"{97CB9FEC-82D2-4688-B4B3-613EE756ED99}","NEAR_FID":19113,"NEAR_DIST":8.4393938218629696}},{"type":"Feature","id":1100,"geometry":{"type":"Point","coordinates":[189491.25140000042,1888422.3376000002]},"properties":{"OBJECTID":1100,"Asset_ID":"GLY1100","Name":"Gully","District_ID":"Salalah Airport","Wlyt_ID":"Salalah","Gov_ID":"Dhofar Governorate","Road_ID":"100520","Mun_ID":" ","Latitude":17.05918264,"Longitude":54.08300345,"GlobalID":"{289FA6C1-9F1B-4F12-A8C9-D1507729ED53}","NEAR_FID":18452,"NEAR_DIST":7.058342525277765}},{"type":"Feature","id":1101,"geometry":{"type":"Point","coordinates":[189507.10599999968,1888432.0132999998]},"properties":{"OBJECTID":1101,"Asset_ID":"GLY1101","Name":"Gully","District_ID":"Salalah Airport","Wlyt_ID":"Salalah","Gov_ID":"Dhofar Governorate","Road_ID":"100520","Mun_ID":" ","Latitude":17.05927213,"Longitude":54.083150889999999,"GlobalID":"{BA1DAE01-62B9-44D9-A3E2-1201D4A088C4}","NEAR_FID":18452,"NEAR_DIST":7.7279162419566552}},{"type":"Feature","id":1102,"geometry":{"type":"Point","coordinates":[189472.41999999993,1888394.6057999991]},"properties":{"OBJECTID":1102,"Asset_ID":"GLY1102","Name":"Gully","District_ID":"Salalah Airport","Wlyt_ID":"Salalah","Gov_ID":"Dhofar Governorate","Road_ID":"100520","Mun_ID":" ","Latitude":17.05892974,"Longitude":54.082830600000001,"GlobalID":"{B26A3D02-CBC5-4EF5-BAD4-02FFCD1FB2CC}","NEAR_FID":18452,"NEAR_DIST":7.8948506531841911}},{"type":"Feature","id":1103,"geometry":{"type":"Point","coordinates":[189474.86699999962,1888413.9692000002]},"properties":{"OBJECTID":1103,"Asset_ID":"GLY1103","Name":"Gully","District_ID":"Salalah Airport","Wlyt_ID":"Salalah","Gov_ID":"Dhofar Governorate","Road_ID":"100520","Mun_ID":" ","Latitude":17.05910488,"Longitude":54.08285085,"GlobalID":"{5AFEF1EE-6BC2-4916-A564-25F3B37AE39B}","NEAR_FID":18452,"NEAR_DIST":7.7880101364597714}},{"type":"Feature","id":1104,"geometry":{"type":"Point","coordinates":[189507.31670000032,1888414.2352000009]},"properties":{"OBJECTID":1104,"Asset_ID":"GLY1104","Name":"Gully","District_ID":"Salalah Airport","Wlyt_ID":"Salalah","Gov_ID":"Dhofar Governorate","Road_ID":"100520","Mun_ID":" ","Latitude":17.059111659999999,"Longitude":54.08315537,"GlobalID":"{B669FA06-F163-403E-BA96-4BD58658DA39}","NEAR_FID":18452,"NEAR_DIST":7.8746421592317466}},{"type":"Feature","id":1105,"geometry":{"type":"Point","coordinates":[189542.12019999977,1888433.7248999998]},"properties":{"OBJECTID":1105,"Asset_ID":"GLY1105","Name":"Gully","District_ID":"Salalah Airport","Wlyt_ID":"Salalah","Gov_ID":"Dhofar Governorate","Road_ID":"100520","Mun_ID":" ","Latitude":17.05929231,"Longitude":54.083479279999999,"GlobalID":"{76AC453F-4D9A-4CEE-8A31-524E529B2045}","NEAR_FID":18452,"NEAR_DIST":7.9305759597663865}},{"type":"Feature","id":1106,"geometry":{"type":"Point","coordinates":[189538.21360000037,1888449.5175000001]},"properties":{"OBJECTID":1106,"Asset_ID":"GLY1106","Name":"Gully","District_ID":"Salalah Airport","Wlyt_ID":"Salalah","Gov_ID":"Dhofar Governorate","Road_ID":"100520","Mun_ID":" ","Latitude":17.05943435,"Longitude":54.083440400000001,"GlobalID":"{6F99B4B5-FCC3-499F-9187-458B79B8D344}","NEAR_FID":18452,"NEAR_DIST":7.7513091355765127}},{"type":"Feature","id":1107,"geometry":{"type":"Point","coordinates":[189437.80599999987,1888393.2459999993]},"properties":{"OBJECTID":1107,"Asset_ID":"GLY1107","Name":"Gully","District_ID":"Salalah Airport","Wlyt_ID":"Salalah","Gov_ID":"Dhofar Governorate","Road_ID":"100520","Mun_ID":" ","Latitude":17.058912800000002,"Longitude":54.082505930000004,"GlobalID":"{259EFAE2-CCE9-47C1-9FAA-8A73CAD3B190}","NEAR_FID":5807,"NEAR_DIST":7.5140799292635778}},{"type":"Feature","id":1108,"geometry":{"type":"Point","coordinates":[189438.63709999993,1888371.2194999997]},"properties":{"OBJECTID":1108,"Asset_ID":"GLY1108","Name":"Gully","District_ID":"Salalah Airport","Wlyt_ID":"Salalah","Gov_ID":"Dhofar Governorate","Road_ID":"100520","Mun_ID":" ","Latitude":17.05871406,"Longitude":54.082516820000002,"GlobalID":"{9184EF34-C5EA-4124-B4F4-98F7B2AC9106}","NEAR_FID":13977,"NEAR_DIST":5.5511509792679554}},{"type":"Feature","id":1109,"geometry":{"type":"Point","coordinates":[189402.31419999991,1888373.5468000006]},"properties":{"OBJECTID":1109,"Asset_ID":"GLY1109","Name":"Gully","District_ID":"Salalah Airport","Wlyt_ID":"Salalah","Gov_ID":"Dhofar Governorate","Road_ID":"100520","Mun_ID":" ","Latitude":17.05873017,"Longitude":54.082175589999999,"GlobalID":"{A042F32A-BB04-4FEA-99E5-2C485BA41A0A}","NEAR_FID":5807,"NEAR_DIST":7.4916298783642397}},{"type":"Feature","id":1110,"geometry":{"type":"Point","coordinates":[189386.68780000042,1888363.5724999998]},"properties":{"OBJECTID":1110,"Asset_ID":"GLY1110","Name":"Gully","District_ID":"Salalah Airport","Wlyt_ID":"Salalah","Gov_ID":"Dhofar Governorate","Road_ID":"100520","Mun_ID":" ","Latitude":17.058638009999999,"Longitude":54.082030330000002,"GlobalID":"{5B5690D3-B0F1-49FE-A3BA-56135E83E525}","NEAR_FID":5807,"NEAR_DIST":6.3749970584404041}},{"type":"Feature","id":1111,"geometry":{"type":"Point","coordinates":[189360.00659999996,1888349.4422999993]},"properties":{"OBJECTID":1111,"Asset_ID":"GLY1111","Name":"Gully","District_ID":"Salalah Airport","Wlyt_ID":"Salalah","Gov_ID":"Dhofar Governorate","Road_ID":"100520","Mun_ID":" ","Latitude":17.058506850000001,"Longitude":54.081781900000003,"GlobalID":"{6FD09066-81EC-4BBD-97BA-75503DA557F3}","NEAR_FID":5807,"NEAR_DIST":6.9466737376855763}},{"type":"Feature","id":1112,"geometry":{"type":"Point","coordinates":[189318.03160000034,1888326.0858999994]},"properties":{"OBJECTID":1112,"Asset_ID":"GLY1112","Name":"Gully","District_ID":"Salalah Airport","Wlyt_ID":"Salalah","Gov_ID":"Dhofar Governorate","Road_ID":"100520","Mun_ID":" ","Latitude":17.058290329999998,"Longitude":54.081391230000001,"GlobalID":"{F5FE52C7-0A13-40B4-B8FE-E23FA277AC1E}","NEAR_FID":5807,"NEAR_DIST":6.5658450690967047}},{"type":"Feature","id":1113,"geometry":{"type":"Point","coordinates":[189281.45920000039,1888305.5555000007]},"properties":{"OBJECTID":1113,"Asset_ID":"GLY1113","Name":"Gully","District_ID":"Salalah Airport","Wlyt_ID":"Salalah","Gov_ID":"Dhofar Governorate","Road_ID":"100520","Mun_ID":" ","Latitude":17.058100039999999,"Longitude":54.081050869999999,"GlobalID":"{77FFFB4D-6DEA-4809-A481-00279CE9E0A8}","NEAR_FID":5807,"NEAR_DIST":6.6819421678642321}},{"type":"Feature","id":1114,"geometry":{"type":"Point","coordinates":[189245.21939999983,1888285.1914000008]},"properties":{"OBJECTID":1114,"Asset_ID":"GLY1114","Name":"Gully","District_ID":"Salalah Airport","Wlyt_ID":"Salalah","Gov_ID":"Dhofar Governorate","Road_ID":"100520","Mun_ID":" ","Latitude":17.057911310000001,"Longitude":54.080713600000003,"GlobalID":"{0FAF32CE-4997-469E-AC0D-93CAA203FA29}","NEAR_FID":5807,"NEAR_DIST":6.7828447526013456}},{"type":"Feature","id":1115,"geometry":{"type":"Point","coordinates":[189249.29220000003,1888327.8313999996]},"properties":{"OBJECTID":1115,"Asset_ID":"GLY1115","Name":"Gully","District_ID":null,"Wlyt_ID":"Salalah","Gov_ID":"Dhofar Governorate","Road_ID":"100520","Mun_ID":" ","Latitude":17.058296800000001,"Longitude":54.080745839999999,"GlobalID":"{263EF04C-9F7B-4538-B2A3-A557146B8A95}","NEAR_FID":19113,"NEAR_DIST":7.3299535407366889}},{"type":"Feature","id":1116,"geometry":{"type":"Point","coordinates":[189283.95280000009,1888347.2811999992]},"properties":{"OBJECTID":1116,"Asset_ID":"GLY1116","Name":"Gully","District_ID":null,"Wlyt_ID":"Salalah","Gov_ID":"Dhofar Governorate","Road_ID":"100520","Mun_ID":" ","Latitude":17.058477069999999,"Longitude":54.08106841,"GlobalID":"{71C10801-FD30-4B9C-A994-89CC75DA0C2D}","NEAR_FID":19113,"NEAR_DIST":7.5081263978227053}},{"type":"Feature","id":1117,"geometry":{"type":"Point","coordinates":[189323.26800000016,1888369.2246000003]},"properties":{"OBJECTID":1117,"Asset_ID":"GLY1117","Name":"Gully","District_ID":null,"Wlyt_ID":"Salalah","Gov_ID":"Dhofar Governorate","Road_ID":"100520","Mun_ID":" ","Latitude":17.05868048,"Longitude":54.08143432,"GlobalID":"{FCBA50BD-DE2A-4E0D-9B22-0CC582755F0C}","NEAR_FID":19113,"NEAR_DIST":7.4596704235844413}},{"type":"Feature","id":1118,"geometry":{"type":"Point","coordinates":[189362.00150000025,1888391.9160999991]},"properties":{"OBJECTID":1118,"Asset_ID":"GLY1118","Name":"Gully","District_ID":null,"Wlyt_ID":"Salalah","Gov_ID":"Dhofar Governorate","Road_ID":"100520","Mun_ID":" ","Latitude":17.058890559999998,"Longitude":54.08179466,"GlobalID":"{C95AD50F-A228-47E5-967F-5CD9B0C7730C}","NEAR_FID":19113,"NEAR_DIST":8.3296567740689778}},{"type":"Feature","id":1119,"geometry":{"type":"Point","coordinates":[189441.04760000017,1888435.1379000004]},"properties":{"OBJECTID":1119,"Asset_ID":"GLY1119","Name":"Gully","District_ID":null,"Wlyt_ID":"Salalah","Gov_ID":"Dhofar Governorate","Road_ID":"100520","Mun_ID":" ","Latitude":17.059291420000001,"Longitude":54.082530470000002,"GlobalID":"{4D923330-D9EF-466D-8AB3-ADE2F6F00464}","NEAR_FID":19113,"NEAR_DIST":7.7226176651233915}},{"type":"Feature","id":1120,"geometry":{"type":"Point","coordinates":[189476.12380000018,1888454.9201999996]},"properties":{"OBJECTID":1120,"Asset_ID":"GLY1120","Name":"Gully","District_ID":null,"Wlyt_ID":"Salalah","Gov_ID":"Dhofar Governorate","Road_ID":"100520","Mun_ID":" ","Latitude":17.059474739999999,"Longitude":54.082856900000003,"GlobalID":"{E57E0C80-59C9-4F98-A941-814FC6317ECA}","NEAR_FID":19113,"NEAR_DIST":7.6745879806464687}},{"type":"Feature","id":1121,"geometry":{"type":"Point","coordinates":[189403.47780000046,1888414.3582000006]},"properties":{"OBJECTID":1121,"Asset_ID":"GLY1121","Name":"Gully","District_ID":null,"Wlyt_ID":"Salalah","Gov_ID":"Dhofar Governorate","Road_ID":"100520","Mun_ID":" ","Latitude":17.059098760000001,"Longitude":54.082180780000002,"GlobalID":"{08C4D732-AE98-495D-BAD5-B5E671EE6F7A}","NEAR_FID":19113,"NEAR_DIST":7.7122944190001324}},{"type":"Feature","id":1122,"geometry":{"type":"Point","coordinates":[189365.65869999956,1888406.3787999991]},"properties":{"OBJECTID":1122,"Asset_ID":"GLY1122","Name":"Gully","District_ID":null,"Wlyt_ID":"Salalah","Gov_ID":"Dhofar Governorate","Road_ID":"100520","Mun_ID":" ","Latitude":17.059021619999999,"Longitude":54.08182695,"GlobalID":"{EFA98E63-F231-4144-ACF5-81C58A70918E}","NEAR_FID":18513,"NEAR_DIST":0.63399343877417569}},{"type":"Feature","id":1123,"geometry":{"type":"Point","coordinates":[189398.49069999997,1888424.4155999999]},"properties":{"OBJECTID":1123,"Asset_ID":"GLY1123","Name":"Gully","District_ID":null,"Wlyt_ID":"Salalah","Gov_ID":"Dhofar Governorate","Road_ID":"100520","Mun_ID":" ","Latitude":17.059188880000001,"Longitude":54.082132559999998,"GlobalID":"{3B4186E8-37D3-44F5-B051-DB642AF9884E}","NEAR_FID":18513,"NEAR_DIST":0.34995049041802107}},{"type":"Feature","id":1124,"geometry":{"type":"Point","coordinates":[189370.72900000028,1888396.1552000009]},"properties":{"OBJECTID":1124,"Asset_ID":"GLY1124","Name":"Gully","District_ID":null,"Wlyt_ID":"Salalah","Gov_ID":"Dhofar Governorate","Road_ID":"100520","Mun_ID":" ","Latitude":17.058930010000001,"Longitude":54.08187598,"GlobalID":"{32F9CB8B-3DB3-480E-8AE5-328C7F0E7774}","NEAR_FID":19113,"NEAR_DIST":7.7782791822166599}},{"type":"Feature","id":1125,"geometry":{"type":"Point","coordinates":[189511.03369999956,1888474.4531999994]},"properties":{"OBJECTID":1125,"Asset_ID":"GLY1125","Name":"Gully","District_ID":null,"Wlyt_ID":"Salalah","Gov_ID":"Dhofar Governorate","Road_ID":"100520","Mun_ID":" ","Latitude":17.059655790000001,"Longitude":54.083181799999998,"GlobalID":"{2BA11EC8-7AAE-4FD9-8C63-3CFFCEA9D58B}","NEAR_FID":19113,"NEAR_DIST":7.5724640478332104}},{"type":"Feature","id":1126,"geometry":{"type":"Point","coordinates":[189260.18080000021,1888282.2821999993]},"properties":{"OBJECTID":1126,"Asset_ID":"GLY1126","Name":"Gully","District_ID":"Salalah Airport","Wlyt_ID":"Salalah","Gov_ID":"Dhofar Governorate","Road_ID":"100520","Mun_ID":" ","Latitude":17.05788707,"Longitude":54.080854430000002,"GlobalID":"{EE9D205A-7D30-4F28-8D46-9207BDF37A65}","NEAR_FID":5807,"NEAR_DIST":3.0842588538041169}},{"type":"Feature","id":1127,"geometry":{"type":"Point","coordinates":[189208.56390000042,1888264.8271999992]},"properties":{"OBJECTID":1127,"Asset_ID":"GLY1127","Name":"Gully","District_ID":"Salalah Airport","Wlyt_ID":"Salalah","Gov_ID":"Dhofar Governorate","Road_ID":"100520","Mun_ID":" ","Latitude":17.057722519999999,"Longitude":54.080372439999998,"GlobalID":"{F5EA0997-1404-49E6-A0F4-216B51E09274}","NEAR_FID":5807,"NEAR_DIST":6.9921195410511103}},{"type":"Feature","id":1128,"geometry":{"type":"Point","coordinates":[189214.04970000032,1888308.2152999993]},"properties":{"OBJECTID":1128,"Asset_ID":"GLY1128","Name":"Gully","District_ID":null,"Wlyt_ID":"Salalah","Gov_ID":"Dhofar Governorate","Road_ID":"100520","Mun_ID":" ","Latitude":17.05811495,"Longitude":54.080417830000002,"GlobalID":"{64C5A14D-9EE4-496A-A779-3364781DBDC0}","NEAR_FID":19113,"NEAR_DIST":7.3657533331265066}},{"type":"Feature","id":1129,"geometry":{"type":"Point","coordinates":[189153.04040000029,1888233.4082999993]},"properties":{"OBJECTID":1129,"Asset_ID":"GLY1129","Name":"Gully","District_ID":"Salalah Airport","Wlyt_ID":"Salalah","Gov_ID":"Dhofar Governorate","Road_ID":"100520","Mun_ID":" ","Latitude":17.057431380000001,"Longitude":54.07985575,"GlobalID":"{F5FF0425-D59B-41E5-BE8F-035DB3F9FC0D}","NEAR_FID":5807,"NEAR_DIST":6.2747247576209215}},{"type":"Feature","id":1130,"geometry":{"type":"Point","coordinates":[189140.32320000045,1888267.0713999998]},"properties":{"OBJECTID":1130,"Asset_ID":"GLY1130","Name":"Gully","District_ID":null,"Wlyt_ID":"Salalah","Gov_ID":"Dhofar Governorate","Road_ID":"100520","Mun_ID":" ","Latitude":17.057733559999999,"Longitude":54.07973166,"GlobalID":"{47B2EA6C-C263-4F35-BBB5-E532084EC43A}","NEAR_FID":19113,"NEAR_DIST":7.8673033798176206}},{"type":"Feature","id":1131,"geometry":{"type":"Point","coordinates":[189138.91019999981,1888209.0544000007]},"properties":{"OBJECTID":1131,"Asset_ID":"GLY1131","Name":"Gully","District_ID":"Salalah Airport","Wlyt_ID":"Salalah","Gov_ID":"Dhofar Governorate","Road_ID":"107115","Mun_ID":" ","Latitude":17.057209610000001,"Longitude":54.079726549999997,"GlobalID":"{6BCFEA7A-12C8-40CB-85A4-F508F535D46A}","NEAR_FID":12164,"NEAR_DIST":3.3791687261217782}},{"type":"Feature","id":1132,"geometry":{"type":"Point","coordinates":[189099.34559999965,1888244.1305999998]},"properties":{"OBJECTID":1132,"Asset_ID":"GLY1132","Name":"Gully","District_ID":null,"Wlyt_ID":"Salalah","Gov_ID":"Dhofar Governorate","Road_ID":"100520","Mun_ID":" ","Latitude":17.057520920000002,"Longitude":54.079350300000002,"GlobalID":"{BE7C8525-C37B-4C33-BE21-686C65F39337}","NEAR_FID":19113,"NEAR_DIST":7.7852514844552854}},{"type":"Feature","id":1133,"geometry":{"type":"Point","coordinates":[189090.62719999999,1888218.3435999993]},"properties":{"OBJECTID":1133,"Asset_ID":"GLY1133","Name":"Gully","District_ID":"Salalah Airport","Wlyt_ID":"Salalah","Gov_ID":"Dhofar Governorate","Road_ID":"100520","Mun_ID":" ","Latitude":17.057286950000002,"Longitude":54.079272099999997,"GlobalID":"{28B9F9DA-2E6B-44A2-82E6-FB3A3A3F3B63}","NEAR_FID":14980,"NEAR_DIST":6.1947250292060287}},{"type":"Feature","id":1134,"geometry":{"type":"Point","coordinates":[189089.94620000012,1888219.3991]},"properties":{"OBJECTID":1134,"Asset_ID":"GLY1134","Name":"Gully","District_ID":"Salalah Airport","Wlyt_ID":"Salalah","Gov_ID":"Dhofar Governorate","Road_ID":"100520","Mun_ID":" ","Latitude":17.05729638,"Longitude":54.079265560000003,"GlobalID":"{5277BE27-EF08-4B29-83C6-9B26242EF27C}","NEAR_FID":14980,"NEAR_DIST":7.4495057418722128}},{"type":"Feature","id":1135,"geometry":{"type":"Point","coordinates":[189058.20170000009,1888220.7741999999]},"properties":{"OBJECTID":1135,"Asset_ID":"GLY1135","Name":"Gully","District_ID":null,"Wlyt_ID":"Salalah","Gov_ID":"Dhofar Governorate","Road_ID":"100520","Mun_ID":" ","Latitude":17.057304510000002,"Longitude":54.078967429999999,"GlobalID":"{ABE68198-0D9E-476D-8758-104F4AA1964C}","NEAR_FID":19113,"NEAR_DIST":7.4665764416691074}},{"type":"Feature","id":1136,"geometry":{"type":"Point","coordinates":[189064.85120000038,1888176.4717999995]},"properties":{"OBJECTID":1136,"Asset_ID":"GLY1136","Name":"Gully","District_ID":"Salalah Airport","Wlyt_ID":"Salalah","Gov_ID":"Dhofar Governorate","Road_ID":"100520","Mun_ID":" ","Latitude":17.056905459999999,"Longitude":54.079036070000001,"GlobalID":"{BB717BA7-2922-4ACA-B8BB-E43EAB20B0EB}","NEAR_FID":16622,"NEAR_DIST":4.3824153168048303}},{"type":"Feature","id":1137,"geometry":{"type":"Point","coordinates":[189101.58980000019,1888193.0955999997]},"properties":{"OBJECTID":1137,"Asset_ID":"GLY1137","Name":"Gully","District_ID":"Salalah Airport","Wlyt_ID":"Salalah","Gov_ID":"Dhofar Governorate","Road_ID":"100520","Mun_ID":" ","Latitude":17.057060499999999,"Longitude":54.07937853,"GlobalID":"{1621F6A2-AEA5-4735-9331-2F2603D3AEC0}","NEAR_FID":16622,"NEAR_DIST":4.1273872732561401}},{"type":"Feature","id":1138,"geometry":{"type":"Point","coordinates":[189028.44510000013,1888160.0142000001]},"properties":{"OBJECTID":1138,"Asset_ID":"GLY1138","Name":"Gully","District_ID":"Salalah Airport","Wlyt_ID":"Salalah","Gov_ID":"Dhofar Governorate","Road_ID":"100520","Mun_ID":" ","Latitude":17.05675196,"Longitude":54.078696700000002,"GlobalID":"{C6C67B94-720D-42E6-B2D7-B5C4FC7F5AAA}","NEAR_FID":16622,"NEAR_DIST":4.5289335290223809}},{"type":"Feature","id":1139,"geometry":{"type":"Point","coordinates":[189016.55910000019,1888197.8333000001]},"properties":{"OBJECTID":1139,"Asset_ID":"GLY1139","Name":"Gully","District_ID":null,"Wlyt_ID":"Salalah","Gov_ID":"Dhofar Governorate","Road_ID":"100520","Mun_ID":" ","Latitude":17.05709178,"Longitude":54.078579830000002,"GlobalID":"{882A1FD0-F99C-46E7-9C92-AD9CEF8EAA24}","NEAR_FID":19113,"NEAR_DIST":7.7283046569788718}},{"type":"Feature","id":1140,"geometry":{"type":"Point","coordinates":[188980.81799999997,1888176.7211000007]},"properties":{"OBJECTID":1140,"Asset_ID":"GLY1140","Name":"Gully","District_ID":null,"Wlyt_ID":"Salalah","Gov_ID":"Dhofar Governorate","Road_ID":"100520","Mun_ID":" ","Latitude":17.056896349999999,"Longitude":54.078247359999999,"GlobalID":"{58FBC600-1BC6-4BE0-ADE7-77DD03033FD4}","NEAR_FID":19113,"NEAR_DIST":6.7589524482164034}},{"type":"Feature","id":1141,"geometry":{"type":"Point","coordinates":[188991.12469999958,1888142.4760999996]},"properties":{"OBJECTID":1141,"Asset_ID":"GLY1141","Name":"Gully","District_ID":"Salalah Airport","Wlyt_ID":"Salalah","Gov_ID":"Dhofar Governorate","Road_ID":"100520","Mun_ID":" ","Latitude":17.05658859,"Longitude":54.078348900000002,"GlobalID":"{825D0196-8052-49C9-B826-3B00A9C53C10}","NEAR_FID":16622,"NEAR_DIST":4.1162809910387912}},{"type":"Feature","id":1142,"geometry":{"type":"Point","coordinates":[188045.32749999966,1891156.3358999994]},"properties":{"OBJECTID":1142,"Asset_ID":"GLY1142","Name":"Gully","District_ID":null,"Wlyt_ID":"Salalah","Gov_ID":"Dhofar Governorate","Road_ID":"101261","Mun_ID":" ","Latitude":17.083668490000001,"Longitude":54.069047310000002,"GlobalID":"{41FE7B1D-8861-40B4-AE73-F09F0B077762}","NEAR_FID":19177,"NEAR_DIST":6.1318150604885533}},{"type":"Feature","id":1143,"geometry":{"type":"Point","coordinates":[188025.8535000002,1891163.2130999994]},"properties":{"OBJECTID":1143,"Asset_ID":"GLY1143","Name":"Gully","District_ID":null,"Wlyt_ID":"Salalah","Gov_ID":"Dhofar Governorate","Road_ID":"101261","Mun_ID":" ","Latitude":17.083727929999998,"Longitude":54.068863550000003,"GlobalID":"{4D11BDE0-2C4C-4AF4-AA49-146A7E6FB9F8}","NEAR_FID":15849,"NEAR_DIST":6.6458882577856002}},{"type":"Feature","id":1144,"geometry":{"type":"Point","coordinates":[189605.45689999964,1888487.0873000007]},"properties":{"OBJECTID":1144,"Asset_ID":"GLY1144","Name":"Gully","District_ID":"Salalah Airport","Wlyt_ID":"Salalah","Gov_ID":"Dhofar Governorate","Road_ID":"100520","Mun_ID":" ","Latitude":17.059782590000001,"Longitude":54.084066229999998,"GlobalID":"{9B89AE82-72C5-4038-B3E6-F5D381E860EA}","NEAR_FID":7789,"NEAR_DIST":7.5683516610723096}},{"type":"Feature","id":1145,"geometry":{"type":"Point","coordinates":[189620.83389999997,1888477.6948000006]},"properties":{"OBJECTID":1145,"Asset_ID":"GLY1145","Name":"Gully","District_ID":"Salalah Airport","Wlyt_ID":"Salalah","Gov_ID":"Dhofar Governorate","Road_ID":"107117","Mun_ID":" ","Latitude":17.059699869999999,"Longitude":54.084211869999997,"GlobalID":"{54E1DF8A-4740-4185-B060-3CF7FE96C450}","NEAR_FID":10993,"NEAR_DIST":7.9795362121470781}},{"type":"Feature","id":1146,"geometry":{"type":"Point","coordinates":[189622.33000000007,1888495.6484999992]},"properties":{"OBJECTID":1146,"Asset_ID":"GLY1146","Name":"Gully","District_ID":"Salalah Airport","Wlyt_ID":"Salalah","Gov_ID":"Dhofar Governorate","Road_ID":"100520","Mun_ID":" ","Latitude":17.059862160000002,"Longitude":54.084223389999998,"GlobalID":"{32CDA387-6790-4DF7-9FAD-BAB32AB074C0}","NEAR_FID":4841,"NEAR_DIST":6.0513073254970395}},{"type":"Feature","id":1147,"geometry":{"type":"Point","coordinates":[189638.12260000035,1888505.2072000001]},"properties":{"OBJECTID":1147,"Asset_ID":"GLY1147","Name":"Gully","District_ID":"Salalah Airport","Wlyt_ID":"Salalah","Gov_ID":"Dhofar Governorate","Road_ID":"100520","Mun_ID":" ","Latitude":17.059950579999999,"Longitude":54.084370270000001,"GlobalID":"{6CA3021A-2470-4DF7-8864-3493479D7D80}","NEAR_FID":4841,"NEAR_DIST":5.5695508970576864}},{"type":"Feature","id":1148,"geometry":{"type":"Point","coordinates":[189657.15689999983,1888495.6484999992]},"properties":{"OBJECTID":1148,"Asset_ID":"GLY1148","Name":"Gully","District_ID":"Salalah Airport","Wlyt_ID":"Salalah","Gov_ID":"Dhofar Governorate","Road_ID":"107117","Mun_ID":" ","Latitude":17.059866849999999,"Longitude":54.08455026,"GlobalID":"{56B9D8DE-1FDB-447B-90F6-27ED9AE5B13C}","NEAR_FID":10993,"NEAR_DIST":6.3477851399252598}},{"type":"Feature","id":1149,"geometry":{"type":"Point","coordinates":[189673.94689999986,1888525.7376000006]},"properties":{"OBJECTID":1149,"Asset_ID":"GLY1149","Name":"Gully","District_ID":"Salalah Airport","Wlyt_ID":"Salalah","Gov_ID":"Dhofar Governorate","Road_ID":"100520","Mun_ID":" ","Latitude":17.060140749999999,"Longitude":54.084703619999999,"GlobalID":"{266A9D81-CF50-489B-9719-8D71975774CA}","NEAR_FID":4841,"NEAR_DIST":4.6583207835382847}},{"type":"Feature","id":1150,"geometry":{"type":"Point","coordinates":[189710.68549999967,1888545.8523999993]},"properties":{"OBJECTID":1150,"Asset_ID":"GLY1150","Name":"Gully","District_ID":"Salalah Airport","Wlyt_ID":"Salalah","Gov_ID":"Dhofar Governorate","Road_ID":"100520","Mun_ID":" ","Latitude":17.060327300000001,"Longitude":54.085045610000002,"GlobalID":"{D3A4267D-515B-4753-BFCD-723A2EA4D31E}","NEAR_FID":4841,"NEAR_DIST":4.7774189875065032}},{"type":"Feature","id":1151,"geometry":{"type":"Point","coordinates":[189747.0083999997,1888566.0503000002]},"properties":{"OBJECTID":1151,"Asset_ID":"GLY1151","Name":"Gully","District_ID":"Salalah Airport","Wlyt_ID":"Salalah","Gov_ID":"Dhofar Governorate","Road_ID":"100520","Mun_ID":" ","Latitude":17.06051454,"Longitude":54.08538368,"GlobalID":"{0FAE6736-F028-4DC4-814E-B4E887EF7D66}","NEAR_FID":4841,"NEAR_DIST":4.8574268962608711}},{"type":"Feature","id":1152,"geometry":{"type":"Point","coordinates":[189783.33139999956,1888586.4975000005]},"properties":{"OBJECTID":1152,"Asset_ID":"GLY1152","Name":"Gully","District_ID":"Salalah Airport","Wlyt_ID":"Salalah","Gov_ID":"Dhofar Governorate","Road_ID":"100520","Mun_ID":" ","Latitude":17.06070403,"Longitude":54.085721730000003,"GlobalID":"{057DB0E3-DA67-47A0-9521-C6A1449EF476}","NEAR_FID":4841,"NEAR_DIST":5.0653528741559803}},{"type":"Feature","id":1153,"geometry":{"type":"Point","coordinates":[189720.3273,1888591.8171999995]},"properties":{"OBJECTID":1153,"Asset_ID":"GLY1153","Name":"Gully","District_ID":null,"Wlyt_ID":"Salalah","Gov_ID":"Dhofar Governorate","Road_ID":"100520","Mun_ID":" ","Latitude":17.060743559999999,"Longitude":54.08512966,"GlobalID":"{41CC392D-40F7-40B8-985A-64E0A9888732}","NEAR_FID":11425,"NEAR_DIST":7.788890496446145}},{"type":"Feature","id":1154,"geometry":{"type":"Point","coordinates":[189650.34109999985,1888552.7511999998]},"properties":{"OBJECTID":1154,"Asset_ID":"GLY1154","Name":"Gully","District_ID":null,"Wlyt_ID":"Salalah","Gov_ID":"Dhofar Governorate","Road_ID":"100520","Mun_ID":" ","Latitude":17.06038144,"Longitude":54.084478279999999,"GlobalID":"{83598496-87A6-4AFE-8658-E88EADCFED5E}","NEAR_FID":11425,"NEAR_DIST":7.5357868936939258}},{"type":"Feature","id":1155,"geometry":{"type":"Point","coordinates":[189649.84240000043,1888570.5386999995]},"properties":{"OBJECTID":1155,"Asset_ID":"GLY1155","Name":"Gully","District_ID":null,"Wlyt_ID":"Salalah","Gov_ID":"Dhofar Governorate","Road_ID":"100520","Mun_ID":" ","Latitude":17.060541959999998,"Longitude":54.084471110000003,"GlobalID":"{DBFD8E68-AF45-461D-8038-EEFE0B5CECBE}","NEAR_FID":8052,"NEAR_DIST":3.0418116517902711}},{"type":"Feature","id":1156,"geometry":{"type":"Point","coordinates":[189685.41729999986,1888572.4504000004]},"properties":{"OBJECTID":1156,"Asset_ID":"GLY1156","Name":"Gully","District_ID":null,"Wlyt_ID":"Salalah","Gov_ID":"Dhofar Governorate","Road_ID":"100520","Mun_ID":" ","Latitude":17.06056401,"Longitude":54.084804730000002,"GlobalID":"{606738EB-3403-4B43-A03B-FEB8122964C6}","NEAR_FID":11425,"NEAR_DIST":7.7791835287891802}},{"type":"Feature","id":1157,"geometry":{"type":"Point","coordinates":[189625.48849999998,1888556.4915999994]},"properties":{"OBJECTID":1157,"Asset_ID":"GLY1157","Name":"Gully","District_ID":null,"Wlyt_ID":"Salalah","Gov_ID":"Dhofar Governorate","Road_ID":"100520","Mun_ID":" ","Latitude":17.060411859999999,"Longitude":54.084244499999997,"GlobalID":"{81EAE217-575A-4F1A-A981-D5375AF5D2FB}","NEAR_FID":8052,"NEAR_DIST":2.0396084810081181}},{"type":"Feature","id":1158,"geometry":{"type":"Point","coordinates":[189615.68049999978,1888533.0521000009]},"properties":{"OBJECTID":1158,"Asset_ID":"GLY1158","Name":"Gully","District_ID":null,"Wlyt_ID":"Salalah","Gov_ID":"Dhofar Governorate","Road_ID":"100520","Mun_ID":" ","Latitude":17.060198929999999,"Longitude":54.08415574,"GlobalID":"{DD89FE29-23C3-4F05-8888-929C5F4A1295}","NEAR_FID":11425,"NEAR_DIST":7.6112179601358632}},{"type":"Feature","id":1159,"geometry":{"type":"Point","coordinates":[189590.6046000002,1888536.9160999991]},"properties":{"OBJECTID":1159,"Asset_ID":"GLY1159","Name":"Gully","District_ID":null,"Wlyt_ID":"Salalah","Gov_ID":"Dhofar Governorate","Road_ID":"100520","Mun_ID":" ","Latitude":17.060230430000001,"Longitude":54.083919850000001,"GlobalID":"{B833FE7C-CB36-4EA4-A531-A5500503E970}","NEAR_FID":8052,"NEAR_DIST":2.0325994916767978}},{"type":"Feature","id":1160,"geometry":{"type":"Point","coordinates":[189580.77049999963,1888513.5190999992]},"properties":{"OBJECTID":1160,"Asset_ID":"GLY1160","Name":"Gully","District_ID":null,"Wlyt_ID":"Salalah","Gov_ID":"Dhofar Governorate","Road_ID":"100520","Mun_ID":" ","Latitude":17.06001788,"Longitude":54.083830829999997,"GlobalID":"{A93CCBA2-417D-48EA-958B-EF87C92E9AB5}","NEAR_FID":11425,"NEAR_DIST":7.5073675169057221}},{"type":"Feature","id":1161,"geometry":{"type":"Point","coordinates":[189566.3077999996,1888523.1609000005]},"properties":{"OBJECTID":1161,"Asset_ID":"GLY1161","Name":"Gully","District_ID":null,"Wlyt_ID":"Salalah","Gov_ID":"Dhofar Governorate","Road_ID":"100520","Mun_ID":" ","Latitude":17.060102969999999,"Longitude":54.083693740000001,"GlobalID":"{D780D87C-7E58-4E08-A081-C67591788173}","NEAR_FID":8052,"NEAR_DIST":2.0941374435820035}},{"type":"Feature","id":1162,"geometry":{"type":"Point","coordinates":[189794.63559999969,1888633.2104000002]},"properties":{"OBJECTID":1162,"Asset_ID":"GLY1162","Name":"Gully","District_ID":null,"Wlyt_ID":"Salalah","Gov_ID":"Dhofar Governorate","Road_ID":"100520","Mun_ID":" ","Latitude":17.06112727,"Longitude":54.085821269999997,"GlobalID":"{253C850A-0277-4630-909A-D0F390463FEF}","NEAR_FID":11425,"NEAR_DIST":7.6271832644903039}},{"type":"Feature","id":1163,"geometry":{"type":"Point","coordinates":[189830.12739999965,1888652.5770999994]},"properties":{"OBJECTID":1163,"Asset_ID":"GLY1163","Name":"Gully","District_ID":null,"Wlyt_ID":"Salalah","Gov_ID":"Dhofar Governorate","Road_ID":"100520","Mun_ID":" ","Latitude":17.061306890000001,"Longitude":54.08615167,"GlobalID":"{EDE35849-1A0F-4B15-9E0E-8FE5C38D9821}","NEAR_FID":11425,"NEAR_DIST":7.2644680544300098}},{"type":"Feature","id":1164,"geometry":{"type":"Point","coordinates":[189860.13329999987,1888670.0320999995]},"properties":{"OBJECTID":1164,"Asset_ID":"GLY1164","Name":"Gully","District_ID":null,"Wlyt_ID":"Salalah","Gov_ID":"Dhofar Governorate","Road_ID":"100520","Mun_ID":" ","Latitude":17.061468510000001,"Longitude":54.086430839999998,"GlobalID":"{1B44200B-3559-4078-BAA0-EC717D74A7EE}","NEAR_FID":11425,"NEAR_DIST":7.6583506242133463}},{"type":"Feature","id":1165,"geometry":{"type":"Point","coordinates":[189845.58750000037,1888621.7400000002]},"properties":{"OBJECTID":1165,"Asset_ID":"GLY1165","Name":"Gully","District_ID":"Salalah Airport","Wlyt_ID":"Salalah","Gov_ID":"Dhofar Governorate","Road_ID":"100520","Mun_ID":" ","Latitude":17.061030580000001,"Longitude":54.086301089999999,"GlobalID":"{4F396DA0-FDA4-4D3B-BEF8-9C02B618E2E8}","NEAR_FID":4841,"NEAR_DIST":5.4141488857801727}},{"type":"Feature","id":1166,"geometry":{"type":"Point","coordinates":[189872.51809999999,1888636.6183000002]},"properties":{"OBJECTID":1166,"Asset_ID":"GLY1166","Name":"Gully","District_ID":"Salalah Airport","Wlyt_ID":"Salalah","Gov_ID":"Dhofar Governorate","Road_ID":"100520","Mun_ID":" ","Latitude":17.06116853,"Longitude":54.086551759999999,"GlobalID":"{E062FFD8-F3EC-4671-96B6-2E9938D0DF50}","NEAR_FID":4841,"NEAR_DIST":5.1731828513904636}},{"type":"Feature","id":1167,"geometry":{"type":"Point","coordinates":[189900.69539999962,1888652.6601999998]},"properties":{"OBJECTID":1167,"Asset_ID":"GLY1167","Name":"Gully","District_ID":"Salalah Airport","Wlyt_ID":"Salalah","Gov_ID":"Dhofar Governorate","Road_ID":"100520","Mun_ID":" ","Latitude":17.061317150000001,"Longitude":54.086813970000001,"GlobalID":"{8E131B94-ADF3-44A3-91BC-270B9A6E4A0E}","NEAR_FID":4841,"NEAR_DIST":5.2992356054674818}},{"type":"Feature","id":1168,"geometry":{"type":"Point","coordinates":[189932.03120000008,1888670.1151999999]},"properties":{"OBJECTID":1168,"Asset_ID":"GLY1168","Name":"Gully","District_ID":"Salalah Airport","Wlyt_ID":"Salalah","Gov_ID":"Dhofar Governorate","Road_ID":"100520","Mun_ID":" ","Latitude":17.061478959999999,"Longitude":54.087105630000003,"GlobalID":"{C38C7E8F-2D0C-405D-8434-16F2BDD9E12E}","NEAR_FID":4841,"NEAR_DIST":5.1040183713463882}},{"type":"Feature","id":1169,"geometry":{"type":"Point","coordinates":[189990.1314000003,1888702.8640999999]},"properties":{"OBJECTID":1169,"Asset_ID":"GLY1169","Name":"Gully","District_ID":"Salalah Airport","Wlyt_ID":"Salalah","Gov_ID":"Dhofar Governorate","Road_ID":"100520","Mun_ID":" ","Latitude":17.061782430000001,"Longitude":54.08764635,"GlobalID":"{EAAC80B5-E8D8-4CFC-BDAE-3D847F821375}","NEAR_FID":4841,"NEAR_DIST":5.0583994207955758}},{"type":"Feature","id":1170,"geometry":{"type":"Point","coordinates":[190018.30869999994,1888700.2042999994]},"properties":{"OBJECTID":1170,"Asset_ID":"GLY1170","Name":"Gully","District_ID":"Salalah Airport","Wlyt_ID":"Salalah","Gov_ID":"Dhofar Governorate","Road_ID":"100520","Mun_ID":" ","Latitude":17.061762219999999,"Longitude":54.087911179999999,"GlobalID":"{89D7041D-C094-4CB9-BBE8-60236AB54F8B}","NEAR_FID":16163,"NEAR_DIST":5.9429005635957664}},{"type":"Feature","id":1171,"geometry":{"type":"Point","coordinates":[190037.5092000002,1888729.4620999992]},"properties":{"OBJECTID":1171,"Asset_ID":"GLY1171","Name":"Gully","District_ID":"Salalah Airport","Wlyt_ID":"Salalah","Gov_ID":"Dhofar Governorate","Road_ID":"100520","Mun_ID":" ","Latitude":17.062028940000001,"Longitude":54.088087289999997,"GlobalID":"{E88167BF-1921-4E33-ACF4-B79CB0BE0AE2}","NEAR_FID":4841,"NEAR_DIST":5.2513016437710265}},{"type":"Feature","id":1172,"geometry":{"type":"Point","coordinates":[189986.55719999969,1888678.4271000009]},"properties":{"OBJECTID":1172,"Asset_ID":"GLY1172","Name":"Gully","District_ID":"Salalah Airport","Wlyt_ID":"Salalah","Gov_ID":"Dhofar Governorate","Road_ID":"100520","Mun_ID":" ","Latitude":17.061561340000001,"Longitude":54.087616220000001,"GlobalID":"{0F53EEF9-C245-481C-B786-D8E976D7DE2C}","NEAR_FID":16163,"NEAR_DIST":5.6410859439221612}},{"type":"Feature","id":1173,"geometry":{"type":"Point","coordinates":[189955.22140000015,1888651.9953000005]},"properties":{"OBJECTID":1173,"Asset_ID":"GLY1173","Name":"Gully","District_ID":"Salalah Airport","Wlyt_ID":"Salalah","Gov_ID":"Dhofar Governorate","Road_ID":"100520","Mun_ID":" ","Latitude":17.061318499999999,"Longitude":54.087325819999997,"GlobalID":"{1CC878BE-3BBC-4AB6-8321-5EEE8A8DA47A}","NEAR_FID":16163,"NEAR_DIST":4.6245869910459199}},{"type":"Feature","id":1174,"geometry":{"type":"Point","coordinates":[190079.15180000011,1888752.5691999998]},"properties":{"OBJECTID":1174,"Asset_ID":"GLY1174","Name":"Gully","District_ID":"Salalah Airport","Wlyt_ID":"Salalah","Gov_ID":"Dhofar Governorate","Road_ID":"100520","Mun_ID":" ","Latitude":17.06224315,"Longitude":54.088474890000001,"GlobalID":"{E6850258-925A-49C1-8A67-488D8E53B6EE}","NEAR_FID":16863,"NEAR_DIST":5.2623630397362833}},{"type":"Feature","id":1175,"geometry":{"type":"Point","coordinates":[190057.70710000023,1888760.1329999994]},"properties":{"OBJECTID":1175,"Asset_ID":"GLY1175","Name":"Gully","District_ID":"Salalah Airport","Wlyt_ID":"Salalah","Gov_ID":"Dhofar Governorate","Road_ID":"100520","Mun_ID":" ","Latitude":17.062308550000001,"Longitude":54.08827256,"GlobalID":"{D3776149-7ED9-429D-8FDA-DBFA78213EF2}","NEAR_FID":15261,"NEAR_DIST":2.8800157427706643}},{"type":"Feature","id":1176,"geometry":{"type":"Point","coordinates":[189982.40130000003,1888738.6883000005]},"properties":{"OBJECTID":1176,"Asset_ID":"GLY1176","Name":"Gully","District_ID":null,"Wlyt_ID":"Salalah","Gov_ID":"Dhofar Governorate","Road_ID":"100520","Mun_ID":" ","Latitude":17.0621048,"Longitude":54.087568779999998,"GlobalID":"{E464A081-6180-4797-BBE8-CC89E90CC922}","NEAR_FID":11425,"NEAR_DIST":8.0702736560746189}},{"type":"Feature","id":1177,"geometry":{"type":"Point","coordinates":[190025.87249999959,1888763.4578000009]},"properties":{"OBJECTID":1177,"Asset_ID":"GLY1177","Name":"Gully","District_ID":null,"Wlyt_ID":"Salalah","Gov_ID":"Dhofar Governorate","Road_ID":"100520","Mun_ID":" ","Latitude":17.062334280000002,"Longitude":54.087973310000002,"GlobalID":"{D3AA79F4-406A-4467-897F-B44C8EC23F75}","NEAR_FID":11425,"NEAR_DIST":8.3413940161659834}},{"type":"Feature","id":1178,"geometry":{"type":"Point","coordinates":[189929.70390000008,1888709.0979999993]},"properties":{"OBJECTID":1178,"Asset_ID":"GLY1178","Name":"Gully","District_ID":null,"Wlyt_ID":"Salalah","Gov_ID":"Dhofar Governorate","Road_ID":"100520","Mun_ID":" ","Latitude":17.061830570000001,"Longitude":54.087078329999997,"GlobalID":"{252BA3B0-D9BC-499C-B34A-9CDDF6D63939}","NEAR_FID":11425,"NEAR_DIST":8.0249329302642902}},{"type":"Feature","id":1179,"geometry":{"type":"Point","coordinates":[190069.34370000008,1888787.9779000003]},"properties":{"OBJECTID":1179,"Asset_ID":"GLY1179","Name":"Gully","District_ID":null,"Wlyt_ID":"Salalah","Gov_ID":"Dhofar Governorate","Road_ID":"100520","Mun_ID":" ","Latitude":17.06256149,"Longitude":54.088377880000003,"GlobalID":"{98BAD4E5-5C5D-4914-B76B-B7DEDB57E9D4}","NEAR_FID":11425,"NEAR_DIST":8.4540933352153598}},{"type":"Feature","id":1180,"geometry":{"type":"Point","coordinates":[190112.89800000004,1888812.2486000005]},"properties":{"OBJECTID":1180,"Asset_ID":"GLY1180","Name":"Gully","District_ID":null,"Wlyt_ID":"Salalah","Gov_ID":"Dhofar Governorate","Road_ID":"100520","Mun_ID":" ","Latitude":17.062786469999999,"Longitude":54.08878326,"GlobalID":"{19C0F284-B411-4CA6-827D-D55FC47E6E4C}","NEAR_FID":11425,"NEAR_DIST":8.387419494647613}},{"type":"Feature","id":1181,"geometry":{"type":"Point","coordinates":[190129.35560000036,1888799.2819999997]},"properties":{"OBJECTID":1181,"Asset_ID":"GLY1181","Name":"Gully","District_ID":"Salalah Airport","Wlyt_ID":"Salalah","Gov_ID":"Dhofar Governorate","Road_ID":"100520","Mun_ID":" ","Latitude":17.062671630000001,"Longitude":54.088939539999998,"GlobalID":"{47BFEBC9-251F-4AFB-8670-7E2FFF4883ED}","NEAR_FID":15261,"NEAR_DIST":2.0961783306039017}},{"type":"Feature","id":1182,"geometry":{"type":"Point","coordinates":[190156.6185999997,1888836.5193000007]},"properties":{"OBJECTID":1182,"Asset_ID":"GLY1182","Name":"Gully","District_ID":null,"Wlyt_ID":"Salalah","Gov_ID":"Dhofar Governorate","Road_ID":"100520","Mun_ID":" ","Latitude":17.063011469999999,"Longitude":54.089190209999998,"GlobalID":"{EA6068D1-9C59-4C11-BFDC-CA968BBC3549}","NEAR_FID":11425,"NEAR_DIST":8.1828459606802877}},{"type":"Feature","id":1183,"geometry":{"type":"Point","coordinates":[190195.7675999999,1888858.3795999996]},"properties":{"OBJECTID":1183,"Asset_ID":"GLY1183","Name":"Gully","District_ID":null,"Wlyt_ID":"Salalah","Gov_ID":"Dhofar Governorate","Road_ID":"100520","Mun_ID":" ","Latitude":17.063214089999999,"Longitude":54.089554579999998,"GlobalID":"{C357BD27-5738-47FC-A517-F6917B1D664F}","NEAR_FID":11425,"NEAR_DIST":8.0438401539353599}},{"type":"Feature","id":1184,"geometry":{"type":"Point","coordinates":[190243.72730000038,1888885.4763999991]},"properties":{"OBJECTID":1184,"Asset_ID":"GLY1184","Name":"Gully","District_ID":null,"Wlyt_ID":"Salalah","Gov_ID":"Dhofar Governorate","Road_ID":"100520","Mun_ID":" ","Latitude":17.063465180000001,"Longitude":54.090000920000001,"GlobalID":"{061861A6-7EA4-4CB7-9B28-C9064409F1FC}","NEAR_FID":11425,"NEAR_DIST":8.2118536955269317}},{"type":"Feature","id":1185,"geometry":{"type":"Point","coordinates":[190287.4478000002,1888909.7470999993]},"properties":{"OBJECTID":1185,"Asset_ID":"GLY1185","Name":"Gully","District_ID":null,"Wlyt_ID":"Salalah","Gov_ID":"Dhofar Governorate","Road_ID":"100520","Mun_ID":" ","Latitude":17.063690170000001,"Longitude":54.09040787,"GlobalID":"{768F7BAC-1F93-40FC-A77C-CC0979749A13}","NEAR_FID":11425,"NEAR_DIST":7.9034518380447949}},{"type":"Feature","id":1186,"geometry":{"type":"Point","coordinates":[190330.91899999976,1888934.2672000006]},"properties":{"OBJECTID":1186,"Asset_ID":"GLY1186","Name":"Gully","District_ID":null,"Wlyt_ID":"Salalah","Gov_ID":"Dhofar Governorate","Road_ID":"100520","Mun_ID":" ","Latitude":17.06391739,"Longitude":54.090812450000001,"GlobalID":"{E4AE8DB1-0FEB-4C09-A470-F823BAACD8D6}","NEAR_FID":11425,"NEAR_DIST":8.0572486670603922}},{"type":"Feature","id":1187,"geometry":{"type":"Point","coordinates":[190383.36710000038,1888963.7743999995]},"properties":{"OBJECTID":1187,"Asset_ID":"GLY1187","Name":"Gully","District_ID":null,"Wlyt_ID":"Salalah","Gov_ID":"Dhofar Governorate","Road_ID":"100520","Mun_ID":" ","Latitude":17.064190830000001,"Longitude":54.091300580000002,"GlobalID":"{76B84396-F646-4660-B42C-BE98E1FF61BD}","NEAR_FID":11425,"NEAR_DIST":8.5077805827634343}},{"type":"Feature","id":1188,"geometry":{"type":"Point","coordinates":[190453.10390000045,1889002.0091999993]},"properties":{"OBJECTID":1188,"Asset_ID":"GLY1188","Name":"Gully","District_ID":null,"Wlyt_ID":"Salalah","Gov_ID":"Dhofar Governorate","Road_ID":"100520","Mun_ID":" ","Latitude":17.064545389999999,"Longitude":54.091949759999999,"GlobalID":"{ED4BDCBF-F5F1-436F-8F9E-67D30AC57929}","NEAR_FID":11425,"NEAR_DIST":8.0789891967576182}},{"type":"Feature","id":1189,"geometry":{"type":"Point","coordinates":[190452.35580000002,1888957.7898999993]},"properties":{"OBJECTID":1189,"Asset_ID":"GLY1189","Name":"Gully","District_ID":"Salalah Airport","Wlyt_ID":"Salalah","Gov_ID":"Dhofar Governorate","Road_ID":"100520","Mun_ID":" ","Latitude":17.064146090000001,"Longitude":54.09194892,"GlobalID":"{EB6255FC-C541-4D8E-A621-21BB1EE822CC}","NEAR_FID":6729,"NEAR_DIST":17.096451521027756}},{"type":"Feature","id":1190,"geometry":{"type":"Point","coordinates":[190877.62339999992,1889220.6179000009]},"properties":{"OBJECTID":1190,"Asset_ID":"GLY1190","Name":"Gully","District_ID":"Salalah Wellfield","Wlyt_ID":"Salalah","Gov_ID":"Dhofar Governorate","Road_ID":"100520","Mun_ID":" ","Latitude":17.066576040000001,"Longitude":54.095903649999997,"GlobalID":"{82971A59-5B7C-4A98-8CB4-B82465ADEBE4}","NEAR_FID":5636,"NEAR_DIST":4.2700929293712271}},{"type":"Feature","id":1191,"geometry":{"type":"Point","coordinates":[189224.56219999958,1888341.6906000003]},"properties":{"OBJECTID":1191,"Asset_ID":"GLY1191","Name":"Gully","District_ID":null,"Wlyt_ID":"Salalah","Gov_ID":"Dhofar Governorate","Road_ID":"100520","Mun_ID":" ","Latitude":17.058418580000001,"Longitude":54.080511799999996,"GlobalID":"{AF797F7A-799A-40E7-B766-7CB81B8BC315}","NEAR_FID":18513,"NEAR_DIST":14.01106482397282}},{"type":"Feature","id":1192,"geometry":{"type":"Point","coordinates":[189269.02309999987,1888374.3066000007]},"properties":{"OBJECTID":1192,"Asset_ID":"GLY1192","Name":"Gully","District_ID":null,"Wlyt_ID":"Salalah","Gov_ID":"Dhofar Governorate","Road_ID":"100520","Mun_ID":" ","Latitude":17.058719029999999,"Longitude":54.080924500000002,"GlobalID":"{151B0366-65DE-452C-AFD2-AB76B8C08988}","NEAR_FID":18513,"NEAR_DIST":20.456820328736672}},{"type":"Feature","id":1193,"geometry":{"type":"Point","coordinates":[189237.85429999977,1888356.9879000001]},"properties":{"OBJECTID":1193,"Asset_ID":"GLY1193","Name":"Gully","District_ID":null,"Wlyt_ID":"Salalah","Gov_ID":"Dhofar Governorate","Road_ID":"100520","Mun_ID":" ","Latitude":17.058558470000001,"Longitude":54.080634400000001,"GlobalID":"{292AE654-276B-4CE1-922A-54EEE87E9F30}","NEAR_FID":18513,"NEAR_DIST":20.71157768938459}},{"type":"Feature","id":1194,"geometry":{"type":"Point","coordinates":[189330.06730000023,1888387.9416000005]},"properties":{"OBJECTID":1194,"Asset_ID":"GLY1194","Name":"Gully","District_ID":null,"Wlyt_ID":"Salalah","Gov_ID":"Dhofar Governorate","Road_ID":"100520","Mun_ID":" ","Latitude":17.058850369999998,"Longitude":54.081495500000003,"GlobalID":"{94086115-150F-4EA6-B231-2C63CDD4FE55}","NEAR_FID":18513,"NEAR_DIST":2.2205342119854174}},{"type":"Feature","id":1195,"geometry":{"type":"Point","coordinates":[187537.82230000012,1882205.0781999994]},"properties":{"OBJECTID":1195,"Asset_ID":"GLY1195","Name":"Gully","District_ID":"al Wadi","Wlyt_ID":"Salalah","Gov_ID":"Dhofar Governorate","Road_ID":"105349","Mun_ID":" ","Latitude":17.00279128,"Longitude":54.065545980000003,"GlobalID":"{E169E35F-3395-4855-8B54-00A0A77D9E48}","NEAR_FID":18695,"NEAR_DIST":2.0788990245207146}},{"type":"Feature","id":1196,"geometry":{"type":"Point","coordinates":[187560.62459999975,1882192.7302000001]},"properties":{"OBJECTID":1196,"Asset_ID":"GLY1196","Name":"Gully","District_ID":"al Wadi","Wlyt_ID":"Salalah","Gov_ID":"Dhofar Governorate","Road_ID":"105349","Mun_ID":" ","Latitude":17.002682889999999,"Longitude":54.06576166,"GlobalID":"{F3EF7094-C7B9-4ED1-B7B7-DA6183C9B611}","NEAR_FID":12129,"NEAR_DIST":1.7377199979322158}},{"type":"Feature","id":1197,"geometry":{"type":"Point","coordinates":[187543.49670000002,1882165.3368999995]},"properties":{"OBJECTID":1197,"Asset_ID":"GLY1197","Name":"Gully","District_ID":"Auqad al Janubiyya","Wlyt_ID":"Salalah","Gov_ID":"Dhofar Governorate","Road_ID":"105350","Mun_ID":" ","Latitude":17.002433280000002,"Longitude":54.065604810000004,"GlobalID":"{C4C4C191-768A-408F-B035-E033D95E4E07}","NEAR_FID":8592,"NEAR_DIST":5.4432824771835993}},{"type":"Feature","id":1198,"geometry":{"type":"Point","coordinates":[187535.06940000039,1882170.8598999996]},"properties":{"OBJECTID":1198,"Asset_ID":"GLY1198","Name":"Gully","District_ID":"Auqad al Janubiyya","Wlyt_ID":"Salalah","Gov_ID":"Dhofar Governorate","Road_ID":"100002","Mun_ID":" ","Latitude":17.002482000000001,"Longitude":54.065524969999998,"GlobalID":"{860C3B19-2005-428E-A4D4-5A4686E3A2C6}","NEAR_FID":8470,"NEAR_DIST":6.183738529058985}},{"type":"Feature","id":1199,"geometry":{"type":"Point","coordinates":[187560.59090000018,1882149.9790000003]},"properties":{"OBJECTID":1199,"Asset_ID":"GLY1199","Name":"Gully","District_ID":"Auqad al Janubiyya","Wlyt_ID":"Salalah","Gov_ID":"Dhofar Governorate","Road_ID":"105350","Mun_ID":" ","Latitude":17.002296950000002,"Longitude":54.065767360000002,"GlobalID":"{D8C39202-550B-449C-ACE0-E5198AEA7A44}","NEAR_FID":10375,"NEAR_DIST":5.1560347223555372}},{"type":"Feature","id":1200,"geometry":{"type":"Point","coordinates":[187557.99600000028,1882153.6982000005]},"properties":{"OBJECTID":1200,"Asset_ID":"GLY1200","Name":"Gully","District_ID":"Auqad al Janubiyya","Wlyt_ID":"Salalah","Gov_ID":"Dhofar Governorate","Road_ID":"105350","Mun_ID":" ","Latitude":17.00233017,"Longitude":54.065742489999998,"GlobalID":"{EFBA827A-16EA-4192-A812-4AB8DDAE9D83}","NEAR_FID":10375,"NEAR_DIST":0.74275337680233267}},{"type":"Feature","id":1201,"geometry":{"type":"Point","coordinates":[187548.38669999968,1882146.1062000003]},"properties":{"OBJECTID":1201,"Asset_ID":"GLY1201","Name":"Gully","District_ID":"Auqad al Janubiyya","Wlyt_ID":"Salalah","Gov_ID":"Dhofar Governorate","Road_ID":"105350","Mun_ID":" ","Latitude":17.002260329999999,"Longitude":54.065653400000002,"GlobalID":"{9783AB07-1580-4155-AB47-0BFA27123740}","NEAR_FID":8592,"NEAR_DIST":3.0111415594881654}},{"type":"Feature","id":1202,"geometry":{"type":"Point","coordinates":[187557.28670000006,1882144.1674000006]},"properties":{"OBJECTID":1202,"Asset_ID":"GLY1202","Name":"Gully","District_ID":"Auqad al Janubiyya","Wlyt_ID":"Salalah","Gov_ID":"Dhofar Governorate","Road_ID":"105350","Mun_ID":" ","Latitude":17.00224403,"Longitude":54.065737169999998,"GlobalID":"{ADCF15A7-2B5E-4216-9512-C79186F467CC}","NEAR_FID":10375,"NEAR_DIST":5.6889104881918602}},{"type":"Feature","id":1203,"geometry":{"type":"Point","coordinates":[186778.30040000007,1882418.6414000001]},"properties":{"OBJECTID":1203,"Asset_ID":"GLY1203","Name":"Gully","District_ID":"Mustashfa al Sultan Qboos","Wlyt_ID":"Salalah","Gov_ID":"Dhofar Governorate","Road_ID":"100002","Mun_ID":" ","Latitude":17.004616330000001,"Longitude":54.058389740000003,"GlobalID":"{924BE13E-DEAE-4861-B99E-20B314E2AA58}","NEAR_FID":6270,"NEAR_DIST":7.5227086173837474}},{"type":"Feature","id":1204,"geometry":{"type":"Point","coordinates":[186759.63999999966,1882390.1323000006]},"properties":{"OBJECTID":1204,"Asset_ID":"GLY1204","Name":"Gully","District_ID":"Mustashfa al Sultan Qboos","Wlyt_ID":"Salalah","Gov_ID":"Dhofar Governorate","Road_ID":"100002","Mun_ID":" ","Latitude":17.004356430000001,"Longitude":54.058218680000003,"GlobalID":"{9D451443-FADF-47CB-96E4-EF4CDB591969}","NEAR_FID":9006,"NEAR_DIST":3.9736951883769258}},{"type":"Feature","id":1205,"geometry":{"type":"Point","coordinates":[186737.78320000041,1882407.6375999991]},"properties":{"OBJECTID":1205,"Asset_ID":"GLY1205","Name":"Gully","District_ID":"Mustashfa al Sultan Qboos","Wlyt_ID":"Salalah","Gov_ID":"Dhofar Governorate","Road_ID":"100002","Mun_ID":" ","Latitude":17.0045115,"Longitude":54.058011139999998,"GlobalID":"{4B01626B-DF85-40CC-828F-5F0030FC97C0}","NEAR_FID":7660,"NEAR_DIST":4.4784829060228999}},{"type":"Feature","id":1206,"geometry":{"type":"Point","coordinates":[186767.03880000021,1882434.4805999994]},"properties":{"OBJECTID":1206,"Asset_ID":"GLY1206","Name":"Gully","District_ID":"Mustashfa al Sultan Qboos","Wlyt_ID":"Salalah","Gov_ID":"Dhofar Governorate","Road_ID":"100002","Mun_ID":" ","Latitude":17.004757789999999,"Longitude":54.058281839999999,"GlobalID":"{7C382403-6EEF-41BD-BF95-4E7D639FFA75}","NEAR_FID":7660,"NEAR_DIST":4.2951358757474054}},{"type":"Feature","id":1207,"geometry":{"type":"Point","coordinates":[186772.68039999995,1882442.6287999991]},"properties":{"OBJECTID":1207,"Asset_ID":"GLY1207","Name":"Gully","District_ID":"Mustashfa al Sultan Qboos","Wlyt_ID":"Salalah","Gov_ID":"Dhofar Governorate","Road_ID":"100002","Mun_ID":" ","Latitude":17.00483212,"Longitude":54.05833363,"GlobalID":"{888B87F2-05CD-460E-91F3-0F48D226B339}","NEAR_FID":7660,"NEAR_DIST":3.8001456605024142}},{"type":"Feature","id":1208,"geometry":{"type":"Point","coordinates":[186840.53220000025,1882407.3584000003]},"properties":{"OBJECTID":1208,"Asset_ID":"GLY1208","Name":"Gully","District_ID":"al Wadi","Wlyt_ID":"Salalah","Gov_ID":"Dhofar Governorate","Road_ID":"100002","Mun_ID":" ","Latitude":17.004522909999999,"Longitude":54.058975220000001,"GlobalID":"{13A309DA-A659-4AB0-9504-D00DB2271C42}","NEAR_FID":7947,"NEAR_DIST":6.5488118785973173}},{"type":"Feature","id":1209,"geometry":{"type":"Point","coordinates":[186847.82699999958,1882373.5903999992]},"properties":{"OBJECTID":1209,"Asset_ID":"GLY1209","Name":"Gully","District_ID":"Auqad al Janubiyya","Wlyt_ID":"Salalah","Gov_ID":"Dhofar Governorate","Road_ID":"100002","Mun_ID":" ","Latitude":17.00421906,"Longitude":54.059048420000003,"GlobalID":"{4A098BEB-5E09-4728-9288-B30766A5889F}","NEAR_FID":8788,"NEAR_DIST":3.8708673751106843}},{"type":"Feature","id":1210,"geometry":{"type":"Point","coordinates":[186828.89800000004,1882344.8167000003]},"properties":{"OBJECTID":1210,"Asset_ID":"GLY1210","Name":"Gully","District_ID":"Auqad al Janubiyya","Wlyt_ID":"Salalah","Gov_ID":"Dhofar Governorate","Road_ID":"100002","Mun_ID":" ","Latitude":17.00395674,"Longitude":54.058874879999998,"GlobalID":"{8BAB2873-7B6F-4D79-8E03-76083C10E3A1}","NEAR_FID":8788,"NEAR_DIST":1.1968563368080243}},{"type":"Feature","id":1211,"geometry":{"type":"Point","coordinates":[186795.33540000021,1882337.8519000001]},"properties":{"OBJECTID":1211,"Asset_ID":"GLY1211","Name":"Gully","District_ID":"Auqad al Janubiyya","Wlyt_ID":"Salalah","Gov_ID":"Dhofar Governorate","Road_ID":"100002","Mun_ID":" ","Latitude":17.003889310000002,"Longitude":54.058560960000001,"GlobalID":"{CA628631-7661-4C02-A4D8-C40E25CDC60C}","NEAR_FID":10507,"NEAR_DIST":1.2567920248064175}},{"type":"Feature","id":1212,"geometry":{"type":"Point","coordinates":[186766.70139999967,1882356.7325999998]},"properties":{"OBJECTID":1212,"Asset_ID":"GLY1212","Name":"Gully","District_ID":"Auqad al Janubiyya","Wlyt_ID":"Salalah","Gov_ID":"Dhofar Governorate","Road_ID":"100002","Mun_ID":" ","Latitude":17.004055869999998,"Longitude":54.058289639999998,"GlobalID":"{0D8548BE-22E5-4DE9-8706-BD91FA00C040}","NEAR_FID":10352,"NEAR_DIST":1.8077908527061803}},{"type":"Feature","id":1213,"geometry":{"type":"Point","coordinates":[186787.03560000006,1882320.9659000002]},"properties":{"OBJECTID":1213,"Asset_ID":"GLY1213","Name":"Gully","District_ID":"Auqad al Janubiyya","Wlyt_ID":"Salalah","Gov_ID":"Dhofar Governorate","Road_ID":"100002","Mun_ID":" ","Latitude":17.00373574,"Longitude":54.058485470000001,"GlobalID":"{864EE467-C140-40BB-AC17-C8D91EDD6C5F}","NEAR_FID":15518,"NEAR_DIST":0.28675317543386741}},{"type":"Feature","id":1214,"geometry":{"type":"Point","coordinates":[186779.88570000045,1882454.4178999998]},"properties":{"OBJECTID":1214,"Asset_ID":"GLY1214","Name":"Gully","District_ID":"Mustashfa al Sultan Qboos","Wlyt_ID":"Salalah","Gov_ID":"Dhofar Governorate","Road_ID":"100002","Mun_ID":" ","Latitude":17.004939520000001,"Longitude":54.058399569999999,"GlobalID":"{03E4B9BD-7736-4045-9E74-43A04B10075D}","NEAR_FID":7660,"NEAR_DIST":1.7227003755317829}},{"type":"Feature","id":1215,"geometry":{"type":"Point","coordinates":[186819.94170000032,1883201.2401000001]},"properties":{"OBJECTID":1215,"Asset_ID":"GLY1215","Name":"Gully","District_ID":"al Wadi","Wlyt_ID":"Salalah","Gov_ID":"Dhofar Governorate","Road_ID":"105338","Mun_ID":" ","Latitude":17.011686940000001,"Longitude":54.058670079999999,"GlobalID":"{F20E050B-F82B-4593-8EE1-55D287B8F10A}","NEAR_FID":12907,"NEAR_DIST":8.2053311152135215}},{"type":"Feature","id":1216,"geometry":{"type":"Point","coordinates":[186659.38090000022,1882401.0036999993]},"properties":{"OBJECTID":1216,"Asset_ID":"GLY1216","Name":"Gully","District_ID":"Mustashfa al Sultan Qboos","Wlyt_ID":"Salalah","Gov_ID":"Dhofar Governorate","Road_ID":"100002","Mun_ID":" ","Latitude":17.004440970000001,"Longitude":54.057276469999998,"GlobalID":"{01074EDC-6B77-4E00-88E6-4F2A545C04E8}","NEAR_FID":7660,"NEAR_DIST":8.0472143939402585}},{"type":"Feature","id":1217,"geometry":{"type":"Point","coordinates":[186742.18730000034,1883645.0581999999]},"properties":{"OBJECTID":1217,"Asset_ID":"GLY1217","Name":"Gully","District_ID":"Mustashfa al Sultan Qboos","Wlyt_ID":"Salalah","Gov_ID":"Dhofar Governorate","Road_ID":"102645","Mun_ID":" ","Latitude":17.015682980000001,"Longitude":54.057877900000001,"GlobalID":"{93E0F814-DC89-4F51-8183-27A672BCB9F0}","NEAR_FID":11244,"NEAR_DIST":3.8834093239909131}},{"type":"Feature","id":1218,"geometry":{"type":"Point","coordinates":[186725.39400000032,1883636.4854000006]},"properties":{"OBJECTID":1218,"Asset_ID":"GLY1218","Name":"Gully","District_ID":"Mustashfa al Sultan Qboos","Wlyt_ID":"Salalah","Gov_ID":"Dhofar Governorate","Road_ID":"102645","Mun_ID":" ","Latitude":17.015603309999999,"Longitude":54.057721540000003,"GlobalID":"{607BD354-1522-415E-89FD-180ABDE03F03}","NEAR_FID":11244,"NEAR_DIST":4.4110743144848277}},{"type":"Feature","id":1219,"geometry":{"type":"Point","coordinates":[186697.95199999958,1883636.5163000003]},"properties":{"OBJECTID":1219,"Asset_ID":"GLY1219","Name":"Gully","District_ID":"Mustashfa al Sultan Qboos","Wlyt_ID":"Salalah","Gov_ID":"Dhofar Governorate","Road_ID":"102645","Mun_ID":" ","Latitude":17.015599859999998,"Longitude":54.05746405,"GlobalID":"{DAA84154-F3CC-4F75-B992-0CFAA4B7A13B}","NEAR_FID":11244,"NEAR_DIST":3.4906676249252797}},{"type":"Feature","id":1220,"geometry":{"type":"Point","coordinates":[186671.16079999972,1883655.5982000008]},"properties":{"OBJECTID":1220,"Asset_ID":"GLY1220","Name":"Gully","District_ID":"Mustashfa al Sultan Qboos","Wlyt_ID":"Salalah","Gov_ID":"Dhofar Governorate","Road_ID":"102645","Mun_ID":" ","Latitude":17.015768489999999,"Longitude":54.057209970000002,"GlobalID":"{FC60F5C9-04F6-4E7E-B4F4-E965670EA3E3}","NEAR_FID":11244,"NEAR_DIST":4.5659615309934543}},{"type":"Feature","id":1221,"geometry":{"type":"Point","coordinates":[186662.51499999966,1883675.1070000008]},"properties":{"OBJECTID":1221,"Asset_ID":"GLY1221","Name":"Gully","District_ID":"Mustashfa al Sultan Qboos","Wlyt_ID":"Salalah","Gov_ID":"Dhofar Governorate","Road_ID":"102645","Mun_ID":" ","Latitude":17.01594343,"Longitude":54.057126089999997,"GlobalID":"{053A81C7-A724-420A-A04B-7E8785384FCA}","NEAR_FID":11244,"NEAR_DIST":5.5300116323397415}},{"type":"Feature","id":1222,"geometry":{"type":"Point","coordinates":[186664.63659999985,1883703.5483999997]},"properties":{"OBJECTID":1222,"Asset_ID":"GLY1222","Name":"Gully","District_ID":"Mustashfa al Sultan Qboos","Wlyt_ID":"Salalah","Gov_ID":"Dhofar Governorate","Road_ID":"102645","Mun_ID":" ","Latitude":17.016200470000001,"Longitude":54.057141989999998,"GlobalID":"{EC24CB41-3111-4A15-9CFA-EF40A79726D3}","NEAR_FID":11244,"NEAR_DIST":6.9999899098294796}},{"type":"Feature","id":1223,"geometry":{"type":"Point","coordinates":[186678.91459999979,1883723.7898999993]},"properties":{"OBJECTID":1223,"Asset_ID":"GLY1223","Name":"Gully","District_ID":"Mustashfa al Sultan Qboos","Wlyt_ID":"Salalah","Gov_ID":"Dhofar Governorate","Road_ID":"102645","Mun_ID":" ","Latitude":17.016385140000001,"Longitude":54.057273100000003,"GlobalID":"{06188D15-403D-4E8B-907A-C3A9B15205B8}","NEAR_FID":11244,"NEAR_DIST":6.4920054671614702}},{"type":"Feature","id":1224,"geometry":{"type":"Point","coordinates":[186745.66920000035,1883588.7347999997]},"properties":{"OBJECTID":1224,"Asset_ID":"GLY1224","Name":"Gully","District_ID":"Mustashfa al Sultan Qboos","Wlyt_ID":"Salalah","Gov_ID":"Dhofar Governorate","Road_ID":"102645","Mun_ID":" ","Latitude":17.015174989999998,"Longitude":54.057918520000001,"GlobalID":"{4C7F237E-9CC8-4D07-9F8F-27289217F945}","NEAR_FID":13657,"NEAR_DIST":1.3781399591275234}},{"type":"Feature","id":1225,"geometry":{"type":"Point","coordinates":[186718.86170000024,1883602.1536999997]},"properties":{"OBJECTID":1225,"Asset_ID":"GLY1225","Name":"Gully","District_ID":"Mustashfa al Sultan Qboos","Wlyt_ID":"Salalah","Gov_ID":"Dhofar Governorate","Road_ID":"102645","Mun_ID":" ","Latitude":17.01529249,"Longitude":54.05766509,"GlobalID":"{40252114-DC41-4EE4-94D5-92CEA2169064}","NEAR_FID":13657,"NEAR_DIST":1.4757453627913046}},{"type":"Feature","id":1226,"geometry":{"type":"Point","coordinates":[186693.12019999977,1883617.3083999995]},"properties":{"OBJECTID":1226,"Asset_ID":"GLY1226","Name":"Gully","District_ID":"Mustashfa al Sultan Qboos","Wlyt_ID":"Salalah","Gov_ID":"Dhofar Governorate","Road_ID":"102645","Mun_ID":" ","Latitude":17.01542581,"Longitude":54.057421419999997,"GlobalID":"{12B25491-1C2F-4031-9CD0-5C64F0A051EF}","NEAR_FID":13657,"NEAR_DIST":1.0988857003443329}},{"type":"Feature","id":1227,"geometry":{"type":"Point","coordinates":[186668.73269999959,1883634.3164000008]},"properties":{"OBJECTID":1227,"Asset_ID":"GLY1227","Name":"Gully","District_ID":"Mustashfa al Sultan Qboos","Wlyt_ID":"Salalah","Gov_ID":"Dhofar Governorate","Road_ID":"102645","Mun_ID":" ","Latitude":17.015576029999998,"Longitude":54.05719019,"GlobalID":"{01352B06-B127-4E21-A7A5-622B95F03E52}","NEAR_FID":13657,"NEAR_DIST":1.1351873922075062}},{"type":"Feature","id":1228,"geometry":{"type":"Point","coordinates":[186639.1333999997,1883649.8745000008]},"properties":{"OBJECTID":1228,"Asset_ID":"GLY1228","Name":"Gully","District_ID":"Mustashfa al Sultan Qboos","Wlyt_ID":"Salalah","Gov_ID":"Dhofar Governorate","Road_ID":"102645","Mun_ID":" ","Latitude":17.01571247,"Longitude":54.056910270000003,"GlobalID":"{9F297126-E0D5-4183-A2C7-A11FF988CC09}","NEAR_FID":13657,"NEAR_DIST":5.8707636202794387}},{"type":"Feature","id":1229,"geometry":{"type":"Point","coordinates":[186615.99799999967,1883659.7366000004]},"properties":{"OBJECTID":1229,"Asset_ID":"GLY1229","Name":"Gully","District_ID":"Mustashfa al Sultan Qboos","Wlyt_ID":"Salalah","Gov_ID":"Dhofar Governorate","Road_ID":"102645","Mun_ID":" ","Latitude":17.015798350000001,"Longitude":54.056691790000002,"GlobalID":"{B2D6CE69-7DC8-452C-B988-2FD46ED27153}","NEAR_FID":8348,"NEAR_DIST":5.8643095398222282}},{"type":"Feature","id":1230,"geometry":{"type":"Point","coordinates":[186588.48950000014,1883661.6180000007]},"properties":{"OBJECTID":1230,"Asset_ID":"GLY1230","Name":"Gully","District_ID":"Mustashfa al Sultan Qboos","Wlyt_ID":"Salalah","Gov_ID":"Dhofar Governorate","Road_ID":"102645","Mun_ID":" ","Latitude":17.015811599999999,"Longitude":54.056433419999998,"GlobalID":"{C53BBB23-4583-4B2C-AEAF-67445642DF82}","NEAR_FID":8348,"NEAR_DIST":5.3596467885195844}},{"type":"Feature","id":1231,"geometry":{"type":"Point","coordinates":[186582.47090000007,1883677.0314000007]},"properties":{"OBJECTID":1231,"Asset_ID":"GLY1231","Name":"Gully","District_ID":"Mustashfa al Sultan Qboos","Wlyt_ID":"Salalah","Gov_ID":"Dhofar Governorate","Road_ID":"102645","Mun_ID":" ","Latitude":17.015949930000001,"Longitude":54.056374769999998,"GlobalID":"{7F7DDD32-9C7F-4B6D-B060-ECF6B370D355}","NEAR_FID":8155,"NEAR_DIST":0.18452720369353545}},{"type":"Feature","id":1232,"geometry":{"type":"Point","coordinates":[186589.76080000028,1883649.3421]},"properties":{"OBJECTID":1232,"Asset_ID":"GLY1232","Name":"Gully","District_ID":"Mustashfa al Sultan Qboos","Wlyt_ID":"Salalah","Gov_ID":"Dhofar Governorate","Road_ID":"105353","Mun_ID":" ","Latitude":17.015700949999999,"Longitude":54.056447079999998,"GlobalID":"{D784100E-1615-4954-BD9F-8769BF711E76}","NEAR_FID":8498,"NEAR_DIST":5.5773749903454677}},{"type":"Feature","id":1233,"geometry":{"type":"Point","coordinates":[186552.30420000013,1883636.8377]},"properties":{"OBJECTID":1233,"Asset_ID":"GLY1233","Name":"Gully","District_ID":"Mustashfa al Sultan Qboos","Wlyt_ID":"Salalah","Gov_ID":"Dhofar Governorate","Road_ID":"102645","Mun_ID":" ","Latitude":17.015582980000001,"Longitude":54.056097389999998,"GlobalID":"{DBA3F226-E49B-4131-B13F-1D01E1C3FCEC}","NEAR_FID":8348,"NEAR_DIST":6.2090127934761474}},{"type":"Feature","id":1234,"geometry":{"type":"Point","coordinates":[186542.83090000041,1883644.4313999992]},"properties":{"OBJECTID":1234,"Asset_ID":"GLY1234","Name":"Gully","District_ID":"Mustashfa al Sultan Qboos","Wlyt_ID":"Salalah","Gov_ID":"Dhofar Governorate","Road_ID":"102645","Mun_ID":" ","Latitude":17.01565025,"Longitude":54.056007430000001,"GlobalID":"{2873F0C9-C2D0-4C5B-9F9F-EEEAB7E3A2A9}","NEAR_FID":8348,"NEAR_DIST":4.8366024921950341}},{"type":"Feature","id":1235,"geometry":{"type":"Point","coordinates":[186534.54270000011,1883627.7085999995]},"properties":{"OBJECTID":1235,"Asset_ID":"GLY1235","Name":"Gully","District_ID":"Mustashfa al Sultan Qboos","Wlyt_ID":"Salalah","Gov_ID":"Dhofar Governorate","Road_ID":"105353","Mun_ID":" ","Latitude":17.015498149999999,"Longitude":54.05593202,"GlobalID":"{5C0151DA-C5BB-49D9-B2D8-5A468110C946}","NEAR_FID":8498,"NEAR_DIST":5.9684113084397667}},{"type":"Feature","id":1236,"geometry":{"type":"Point","coordinates":[186517.84489999991,1883619.0478000008]},"properties":{"OBJECTID":1236,"Asset_ID":"GLY1236","Name":"Gully","District_ID":"Mustashfa al Sultan Qboos","Wlyt_ID":"Salalah","Gov_ID":"Dhofar Governorate","Road_ID":"105353","Mun_ID":" ","Latitude":17.0154177,"Longitude":54.055776569999999,"GlobalID":"{A421B853-C0D8-44C8-874D-486490B38AD0}","NEAR_FID":8498,"NEAR_DIST":5.0256465387203173}},{"type":"Feature","id":1237,"geometry":{"type":"Point","coordinates":[186482.13719999976,1883600.8819999993]},"properties":{"OBJECTID":1237,"Asset_ID":"GLY1237","Name":"Gully","District_ID":"Mustashfa al Sultan Qboos","Wlyt_ID":"Salalah","Gov_ID":"Dhofar Governorate","Road_ID":"105353","Mun_ID":" ","Latitude":17.01524886,"Longitude":54.055444090000002,"GlobalID":"{847D1620-9550-4470-846E-F9F89AA18B2F}","NEAR_FID":8498,"NEAR_DIST":4.393336275932656}},{"type":"Feature","id":1238,"geometry":{"type":"Point","coordinates":[186471.89829999954,1883607.8546999991]},"properties":{"OBJECTID":1238,"Asset_ID":"GLY1238","Name":"Gully","District_ID":"Mustashfa al Sultan Qboos","Wlyt_ID":"Salalah","Gov_ID":"Dhofar Governorate","Road_ID":"102645","Mun_ID":" ","Latitude":17.015310410000001,"Longitude":54.05534703,"GlobalID":"{CBF32C7B-A92C-458B-8AA6-FE268668B451}","NEAR_FID":8348,"NEAR_DIST":3.9901541652231769}},{"type":"Feature","id":1239,"geometry":{"type":"Point","coordinates":[186446.49849999975,1883582.7732999995]},"properties":{"OBJECTID":1239,"Asset_ID":"GLY1239","Name":"Gully","District_ID":"Mustashfa al Sultan Qboos","Wlyt_ID":"Salalah","Gov_ID":"Dhofar Governorate","Road_ID":"105353","Mun_ID":" ","Latitude":17.01508054,"Longitude":54.055112250000001,"GlobalID":"{24E48579-7DA5-4831-927F-27E6C7B68A77}","NEAR_FID":8498,"NEAR_DIST":3.999678238471752}},{"type":"Feature","id":1240,"geometry":{"type":"Point","coordinates":[186427.30319999997,1883584.9682]},"properties":{"OBJECTID":1240,"Asset_ID":"GLY1240","Name":"Gully","District_ID":"Mustashfa al Sultan Qboos","Wlyt_ID":"Salalah","Gov_ID":"Dhofar Governorate","Road_ID":"102645","Mun_ID":" ","Latitude":17.015097740000002,"Longitude":54.054931830000001,"GlobalID":"{480F4540-0E11-4822-ACE8-05F0A09AE5DC}","NEAR_FID":8348,"NEAR_DIST":3.6403611741389996}},{"type":"Feature","id":1241,"geometry":{"type":"Point","coordinates":[186416.44689999986,1883575.7802000009]},"properties":{"OBJECTID":1241,"Asset_ID":"GLY1241","Name":"Gully","District_ID":"Mustashfa al Sultan Qboos","Wlyt_ID":"Salalah","Gov_ID":"Dhofar Governorate","Road_ID":"102645","Mun_ID":" ","Latitude":17.015013320000001,"Longitude":54.054831270000001,"GlobalID":"{1CB16617-0E87-4156-8A8D-2CDD491EB326}","NEAR_FID":8348,"NEAR_DIST":0.20481448465894816}},{"type":"Feature","id":1242,"geometry":{"type":"Point","coordinates":[186398.83160000015,1883573.3581000008]},"properties":{"OBJECTID":1242,"Asset_ID":"GLY1242","Name":"Gully","District_ID":"Mustashfa al Sultan Qboos","Wlyt_ID":"Salalah","Gov_ID":"Dhofar Governorate","Road_ID":"102645","Mun_ID":" ","Latitude":17.014989060000001,"Longitude":54.054666330000003,"GlobalID":"{466B7680-E39C-4730-AB87-D29A761F207A}","NEAR_FID":8348,"NEAR_DIST":5.0050559922600772}},{"type":"Feature","id":1243,"geometry":{"type":"Point","coordinates":[186389.29000000004,1883563.5595999993]},"properties":{"OBJECTID":1243,"Asset_ID":"GLY1243","Name":"Gully","District_ID":"Mustashfa al Sultan Qboos","Wlyt_ID":"Salalah","Gov_ID":"Dhofar Governorate","Road_ID":"102645","Mun_ID":" ","Latitude":17.014899310000001,"Longitude":54.05457818,"GlobalID":"{FB19E88A-A0D4-4A09-A5CB-9295406ED125}","NEAR_FID":8348,"NEAR_DIST":0.17799866143891155}},{"type":"Feature","id":1244,"geometry":{"type":"Point","coordinates":[186371.85819999967,1883562.4220000003]},"properties":{"OBJECTID":1244,"Asset_ID":"GLY1244","Name":"Gully","District_ID":"Mustashfa al Sultan Qboos","Wlyt_ID":"Salalah","Gov_ID":"Dhofar Governorate","Road_ID":"102645","Mun_ID":" ","Latitude":17.014886669999999,"Longitude":54.054414780000002,"GlobalID":"{6CD95DAC-3025-4A88-9582-52CE7E10A182}","NEAR_FID":8348,"NEAR_DIST":5.7271406484118197}},{"type":"Feature","id":1245,"geometry":{"type":"Point","coordinates":[186364.0047000004,1883545.9076000005]},"properties":{"OBJECTID":1245,"Asset_ID":"GLY1245","Name":"Gully","District_ID":"Mustashfa al Sultan Qboos","Wlyt_ID":"Salalah","Gov_ID":"Dhofar Governorate","Road_ID":"102645","Mun_ID":" ","Latitude":17.01473652,"Longitude":54.054343430000003,"GlobalID":"{21B974A8-EAA5-44D0-877F-C55F4813708F}","NEAR_FID":8348,"NEAR_DIST":6.8877365900293386}},{"type":"Feature","id":1246,"geometry":{"type":"Point","coordinates":[186340.67949999962,1883536.8454]},"properties":{"OBJECTID":1246,"Asset_ID":"GLY1246","Name":"Gully","District_ID":"Mustashfa al Sultan Qboos","Wlyt_ID":"Salalah","Gov_ID":"Dhofar Governorate","Road_ID":"102645","Mun_ID":" ","Latitude":17.014651539999999,"Longitude":54.054125849999998,"GlobalID":"{8DE61B8B-8FFF-44DF-8293-CCA6F7DA96AD}","NEAR_FID":8348,"NEAR_DIST":7.0525743419320275}},{"type":"Feature","id":1247,"geometry":{"type":"Point","coordinates":[186317.29289999977,1883528.0546000004]},"properties":{"OBJECTID":1247,"Asset_ID":"GLY1247","Name":"Gully","District_ID":"Mustashfa al Sultan Qboos","Wlyt_ID":"Salalah","Gov_ID":"Dhofar Governorate","Road_ID":"102645","Mun_ID":" ","Latitude":17.014569000000002,"Longitude":54.053907649999999,"GlobalID":"{491FB52C-2CE0-4BD3-8A86-3736F1716884}","NEAR_FID":8348,"NEAR_DIST":6.9419340322092147}},{"type":"Feature","id":1248,"geometry":{"type":"Point","coordinates":[186317.01669999957,1883537.9627]},"properties":{"OBJECTID":1248,"Asset_ID":"GLY1248","Name":"Gully","District_ID":"Mustashfa al Sultan Qboos","Wlyt_ID":"Salalah","Gov_ID":"Dhofar Governorate","Road_ID":"102645","Mun_ID":" ","Latitude":17.014658409999999,"Longitude":54.053903660000003,"GlobalID":"{D684AAA2-B01F-412E-BA80-8007484185B3}","NEAR_FID":8348,"NEAR_DIST":2.4153878720535253}},{"type":"Feature","id":1249,"geometry":{"type":"Point","coordinates":[186448.4020999996,1883610.5978999995]},"properties":{"OBJECTID":1249,"Asset_ID":"GLY1249","Name":"Gully","District_ID":"Mustashfa al Sultan Qboos","Wlyt_ID":"Salalah","Gov_ID":"Dhofar Governorate","Road_ID":"102645","Mun_ID":" ","Latitude":17.015331979999999,"Longitude":54.055126180000002,"GlobalID":"{A910A70A-15F0-4366-9428-4A819C2A80D5}","NEAR_FID":4454,"NEAR_DIST":5.7841722556856316}},{"type":"Feature","id":1250,"geometry":{"type":"Point","coordinates":[186483.875,1883629.3408000004]},"properties":{"OBJECTID":1250,"Asset_ID":"GLY1250","Name":"Gully","District_ID":"Mustashfa al Sultan Qboos","Wlyt_ID":"Salalah","Gov_ID":"Dhofar Governorate","Road_ID":"102645","Mun_ID":" ","Latitude":17.015505999999998,"Longitude":54.055456380000003,"GlobalID":"{26E5F6BD-9395-4666-9CE2-40BE798A2353}","NEAR_FID":4454,"NEAR_DIST":6.4072528149125532}},{"type":"Feature","id":1251,"geometry":{"type":"Point","coordinates":[186519.16139999963,1883648.0991999991]},"properties":{"OBJECTID":1251,"Asset_ID":"GLY1251","Name":"Gully","District_ID":"Mustashfa al Sultan Qboos","Wlyt_ID":"Salalah","Gov_ID":"Dhofar Governorate","Road_ID":"102645","Mun_ID":" ","Latitude":17.015680140000001,"Longitude":54.05578482,"GlobalID":"{AFA7676F-5DE9-4A6D-8B7F-A47486D5AA11}","NEAR_FID":8155,"NEAR_DIST":5.7394382152830641}},{"type":"Feature","id":1252,"geometry":{"type":"Point","coordinates":[186554.59669999965,1883667.0560999997]},"properties":{"OBJECTID":1252,"Asset_ID":"GLY1252","Name":"Gully","District_ID":"Mustashfa al Sultan Qboos","Wlyt_ID":"Salalah","Gov_ID":"Dhofar Governorate","Road_ID":"102645","Mun_ID":" ","Latitude":17.01585609,"Longitude":54.056114630000003,"GlobalID":"{37112E81-FD9A-4F82-BF78-28B01892FC8D}","NEAR_FID":8155,"NEAR_DIST":4.0314851007760897}},{"type":"Feature","id":1253,"geometry":{"type":"Point","coordinates":[186589.73720000032,1883685.8024000004]},"properties":{"OBJECTID":1253,"Asset_ID":"GLY1253","Name":"Gully","District_ID":"Mustashfa al Sultan Qboos","Wlyt_ID":"Salalah","Gov_ID":"Dhofar Governorate","Road_ID":"102645","Mun_ID":" ","Latitude":17.016030099999998,"Longitude":54.056441710000001,"GlobalID":"{129AE5D4-BB18-454C-BAFC-18200535696B}","NEAR_FID":8155,"NEAR_DIST":4.4640677805349167}},{"type":"Feature","id":1254,"geometry":{"type":"Point","coordinates":[186603.24230000004,1883692.4080999997]},"properties":{"OBJECTID":1254,"Asset_ID":"GLY1254","Name":"Gully","District_ID":"Mustashfa al Sultan Qboos","Wlyt_ID":"Salalah","Gov_ID":"Dhofar Governorate","Road_ID":"102645","Mun_ID":" ","Latitude":17.01609156,"Longitude":54.056567489999999,"GlobalID":"{23D46C30-DE98-432C-9B64-C6E167318CA7}","NEAR_FID":8155,"NEAR_DIST":4.3204236082420175}},{"type":"Feature","id":1255,"geometry":{"type":"Point","coordinates":[186608.89389999956,1883691.0502000004]},"properties":{"OBJECTID":1255,"Asset_ID":"GLY1255","Name":"Gully","District_ID":"Mustashfa al Sultan Qboos","Wlyt_ID":"Salalah","Gov_ID":"Dhofar Governorate","Road_ID":"102645","Mun_ID":" ","Latitude":17.016080070000001,"Longitude":54.056620709999997,"GlobalID":"{1C675A81-430E-4D7B-912D-D13462D1E664}","NEAR_FID":8155,"NEAR_DIST":0.47717827272840996}},{"type":"Feature","id":1256,"geometry":{"type":"Point","coordinates":[186619.77280000038,1883714.6502999999]},"properties":{"OBJECTID":1256,"Asset_ID":"GLY1256","Name":"Gully","District_ID":"New Industrial Area","Wlyt_ID":"Salalah","Gov_ID":"Dhofar Governorate","Road_ID":"102645","Mun_ID":" ","Latitude":17.016294599999998,"Longitude":54.056719459999997,"GlobalID":"{3E68B20A-E7D3-4025-A5CA-C03054B8CF9E}","NEAR_FID":11036,"NEAR_DIST":4.0178200233285217}},{"type":"Feature","id":1257,"geometry":{"type":"Point","coordinates":[186289.65830000024,1883525.4250000007]},"properties":{"OBJECTID":1257,"Asset_ID":"GLY1257","Name":"Gully","District_ID":"Mustashfa al Sultan Qboos","Wlyt_ID":"Salalah","Gov_ID":"Dhofar Governorate","Road_ID":"102645","Mun_ID":" ","Latitude":17.0145415,"Longitude":54.053648729999999,"GlobalID":"{676E34D6-E04B-4E0E-97C9-4262D03BEB60}","NEAR_FID":8348,"NEAR_DIST":1.1783302971001564}},{"type":"Feature","id":1258,"geometry":{"type":"Point","coordinates":[186289.46160000004,1883516.8907999992]},"properties":{"OBJECTID":1258,"Asset_ID":"GLY1258","Name":"Gully","District_ID":"Mustashfa al Sultan Qboos","Wlyt_ID":"Salalah","Gov_ID":"Dhofar Governorate","Road_ID":"102645","Mun_ID":" ","Latitude":17.01446443,"Longitude":54.053648090000003,"GlobalID":"{E9C93AF5-1423-4F32-8453-8FD18A957C10}","NEAR_FID":8348,"NEAR_DIST":6.6131524818897454}},{"type":"Feature","id":1259,"geometry":{"type":"Point","coordinates":[186265.65270000044,1883506.4934]},"properties":{"OBJECTID":1259,"Asset_ID":"GLY1259","Name":"Gully","District_ID":"Mustashfa al Sultan Qboos","Wlyt_ID":"Salalah","Gov_ID":"Dhofar Governorate","Road_ID":"102645","Mun_ID":" ","Latitude":17.014367329999999,"Longitude":54.053426170000002,"GlobalID":"{3CCCD52A-620E-46E5-B6E8-FB8B28A1CF7A}","NEAR_FID":8348,"NEAR_DIST":7.2604852019366923}},{"type":"Feature","id":1260,"geometry":{"type":"Point","coordinates":[186238.93030000012,1883493.5667000003]},"properties":{"OBJECTID":1260,"Asset_ID":"GLY1260","Name":"Gully","District_ID":"Mustashfa al Sultan Qboos","Wlyt_ID":"Salalah","Gov_ID":"Dhofar Governorate","Road_ID":"102645","Mun_ID":" ","Latitude":17.014247000000001,"Longitude":54.053177259999998,"GlobalID":"{672F2D76-FDBC-4F00-9CEA-AAAA5DF2CF1F}","NEAR_FID":8348,"NEAR_DIST":10.881158644946373}},{"type":"Feature","id":1261,"geometry":{"type":"Point","coordinates":[186212.04069999978,1883479.8021000009]},"properties":{"OBJECTID":1261,"Asset_ID":"GLY1261","Name":"Gully","District_ID":"Mustashfa al Sultan Qboos","Wlyt_ID":"Salalah","Gov_ID":"Dhofar Governorate","Road_ID":"105353","Mun_ID":" ","Latitude":17.014119090000001,"Longitude":54.052926900000003,"GlobalID":"{FCC162BD-C688-46F1-821B-101F8B04BEF3}","NEAR_FID":8498,"NEAR_DIST":13.283153231943823}},{"type":"Feature","id":1262,"geometry":{"type":"Point","coordinates":[186185.18649999984,1883466.0135999992]},"properties":{"OBJECTID":1262,"Asset_ID":"GLY1262","Name":"Gully","District_ID":"Mustashfa al Sultan Qboos","Wlyt_ID":"Salalah","Gov_ID":"Dhofar Governorate","Road_ID":"105353","Mun_ID":" ","Latitude":17.013990960000001,"Longitude":54.05267688,"GlobalID":"{1A553F57-F3E6-44BD-B65C-A4A8B8B112A6}","NEAR_FID":8498,"NEAR_DIST":13.102166731813922}},{"type":"Feature","id":1263,"geometry":{"type":"Point","coordinates":[186158.44330000039,1883452.7356000002]},"properties":{"OBJECTID":1263,"Asset_ID":"GLY1263","Name":"Gully","District_ID":"Mustashfa al Sultan Qboos","Wlyt_ID":"Salalah","Gov_ID":"Dhofar Governorate","Road_ID":"105353","Mun_ID":" ","Latitude":17.01386746,"Longitude":54.052427829999999,"GlobalID":"{00EEF6F7-CD10-4F48-9030-1B25948D47A8}","NEAR_FID":8498,"NEAR_DIST":13.465530591327294}},{"type":"Feature","id":1264,"geometry":{"type":"Point","coordinates":[186131.47599999979,1883439.4338000007]},"properties":{"OBJECTID":1264,"Asset_ID":"GLY1264","Name":"Gully","District_ID":"Mustashfa al Sultan Qboos","Wlyt_ID":"Salalah","Gov_ID":"Dhofar Governorate","Road_ID":"105353","Mun_ID":" ","Latitude":17.013743699999999,"Longitude":54.052176680000002,"GlobalID":"{64B2DBC7-6C9A-478F-A15A-BD1829DAF660}","NEAR_FID":8498,"NEAR_DIST":14.00497356852925}},{"type":"Feature","id":1265,"geometry":{"type":"Point","coordinates":[186104.5828999998,1883426.1878999993]},"properties":{"OBJECTID":1265,"Asset_ID":"GLY1265","Name":"Gully","District_ID":"Mustashfa al Sultan Qboos","Wlyt_ID":"Salalah","Gov_ID":"Dhofar Governorate","Road_ID":"105353","Mun_ID":" ","Latitude":17.013620469999999,"Longitude":54.051926219999999,"GlobalID":"{EC532C0B-8179-4ACA-9DC4-CB2B459731A4}","NEAR_FID":8498,"NEAR_DIST":14.560085523460106}},{"type":"Feature","id":1266,"geometry":{"type":"Point","coordinates":[186080.47539999988,1883413.8630999997]},"properties":{"OBJECTID":1266,"Asset_ID":"GLY1266","Name":"Gully","District_ID":"Mustashfa al Sultan Qboos","Wlyt_ID":"Salalah","Gov_ID":"Dhofar Governorate","Road_ID":"105353","Mun_ID":" ","Latitude":17.013505930000001,"Longitude":54.05170176,"GlobalID":"{F32A7489-15C6-4345-9FF5-1FCB405ACD8E}","NEAR_FID":8498,"NEAR_DIST":14.430370815472141}},{"type":"Feature","id":1267,"geometry":{"type":"Point","coordinates":[186041.45000000019,1883396.0835999995]},"properties":{"OBJECTID":1267,"Asset_ID":"GLY1267","Name":"Gully","District_ID":"Mustashfa al Sultan Qboos","Wlyt_ID":"Salalah","Gov_ID":"Dhofar Governorate","Road_ID":"102645","Mun_ID":" ","Latitude":17.013340110000001,"Longitude":54.051338110000003,"GlobalID":"{147C9364-C863-44D9-B0C6-0E3BF763B5E2}","NEAR_FID":17626,"NEAR_DIST":13.327211294912551}},{"type":"Feature","id":1268,"geometry":{"type":"Point","coordinates":[186004.66999999993,1883379.2770000007]},"properties":{"OBJECTID":1268,"Asset_ID":"GLY1268","Name":"Gully","District_ID":"Mustashfa al Sultan Qboos","Wlyt_ID":"Salalah","Gov_ID":"Dhofar Governorate","Road_ID":"102645","Mun_ID":" ","Latitude":17.013183389999998,"Longitude":54.050995389999997,"GlobalID":"{68FDE59C-B4D1-4770-B240-EFBB7297839B}","NEAR_FID":17626,"NEAR_DIST":11.344553969884188}},{"type":"Feature","id":1269,"geometry":{"type":"Point","coordinates":[185969.14240000024,1883361.1626999993]},"properties":{"OBJECTID":1269,"Asset_ID":"GLY1269","Name":"Gully","District_ID":"Mustashfa al Sultan Qboos","Wlyt_ID":"Salalah","Gov_ID":"Dhofar Governorate","Road_ID":"102645","Mun_ID":" ","Latitude":17.013015029999998,"Longitude":54.050664599999998,"GlobalID":"{FA8A658F-3A0A-4C7A-8679-CA6AC76AFBBF}","NEAR_FID":17626,"NEAR_DIST":11.363999737526997}},{"type":"Feature","id":1270,"geometry":{"type":"Point","coordinates":[185933.67239999957,1883342.8254000004]},"properties":{"OBJECTID":1270,"Asset_ID":"GLY1270","Name":"Gully","District_ID":"Mustashfa al Sultan Qboos","Wlyt_ID":"Salalah","Gov_ID":"Dhofar Governorate","Road_ID":"102645","Mun_ID":" ","Latitude":17.012844659999999,"Longitude":54.050334380000002,"GlobalID":"{0D25435D-1B78-4FD3-8964-B35DE20C6AF6}","NEAR_FID":7043,"NEAR_DIST":8.3634228694457402}},{"type":"Feature","id":1271,"geometry":{"type":"Point","coordinates":[185898.32579999976,1883324.6330999993]},"properties":{"OBJECTID":1271,"Asset_ID":"GLY1271","Name":"Gully","District_ID":"Mustashfa al Sultan Qboos","Wlyt_ID":"Salalah","Gov_ID":"Dhofar Governorate","Road_ID":"102645","Mun_ID":" ","Latitude":17.01267562,"Longitude":54.050005310000003,"GlobalID":"{D11CCBA8-C8FD-4A74-920C-C972F45726DC}","NEAR_FID":15298,"NEAR_DIST":11.83883825058048}},{"type":"Feature","id":1272,"geometry":{"type":"Point","coordinates":[185823.09379999992,1883289.0272000004]},"properties":{"OBJECTID":1272,"Asset_ID":"GLY1272","Name":"Gully","District_ID":"Mustashfa al Sultan Qboos","Wlyt_ID":"Salalah","Gov_ID":"Dhofar Governorate","Road_ID":"102645","Mun_ID":" ","Latitude":17.012343940000001,"Longitude":54.049304460000002,"GlobalID":"{58204015-0DDC-4D28-B627-AB49EFDC1F04}","NEAR_FID":7837,"NEAR_DIST":9.092101433612136}},{"type":"Feature","id":1273,"geometry":{"type":"Point","coordinates":[185792.40560000017,1883273.3346999995]},"properties":{"OBJECTID":1273,"Asset_ID":"GLY1273","Name":"Gully","District_ID":"Mustashfa al Sultan Qboos","Wlyt_ID":"Salalah","Gov_ID":"Dhofar Governorate","Road_ID":"102645","Mun_ID":" ","Latitude":17.012198099999999,"Longitude":54.049018740000001,"GlobalID":"{83D8C485-B492-468C-B9F3-350262F7A0E1}","NEAR_FID":7837,"NEAR_DIST":8.9884472423818949}},{"type":"Feature","id":1274,"geometry":{"type":"Point","coordinates":[184971.17569999956,1882585.8538000006]},"properties":{"OBJECTID":1274,"Asset_ID":"GLY1274","Name":"Gully","District_ID":"Mustashfa al Sultan Qboos","Wlyt_ID":"Salalah","Gov_ID":"Dhofar Governorate","Road_ID":"102645","Mun_ID":" ","Latitude":17.005879960000001,"Longitude":54.041410890000002,"GlobalID":"{52253951-4578-4480-B7A6-A016839FE0F1}","NEAR_FID":17974,"NEAR_DIST":10.44651624361134}},{"type":"Feature","id":1275,"geometry":{"type":"Point","coordinates":[185071.35470000003,1882752.8599999994]},"properties":{"OBJECTID":1275,"Asset_ID":"GLY1275","Name":"Gully","District_ID":"Mustashfa al Sultan Qboos","Wlyt_ID":"Salalah","Gov_ID":"Dhofar Governorate","Road_ID":"102645","Mun_ID":" ","Latitude":17.007401260000002,"Longitude":54.042327129999997,"GlobalID":"{1D35F008-3323-46A9-B9C4-CF544F8A8612}","NEAR_FID":4500,"NEAR_DIST":5.0588233489139602}},{"type":"Feature","id":1276,"geometry":{"type":"Point","coordinates":[185089.00519999955,1882781.7688999996]},"properties":{"OBJECTID":1276,"Asset_ID":"GLY1276","Name":"Gully","District_ID":"Mustashfa al Sultan Qboos","Wlyt_ID":"Salalah","Gov_ID":"Dhofar Governorate","Road_ID":"102645","Mun_ID":" ","Latitude":17.007664649999999,"Longitude":54.042488640000002,"GlobalID":"{8787F6A6-DD4F-43B6-9B52-BEBBB4008FEE}","NEAR_FID":4500,"NEAR_DIST":4.6345519296640392}},{"type":"Feature","id":1277,"geometry":{"type":"Point","coordinates":[185078.97410000023,1882794.0559999999]},"properties":{"OBJECTID":1277,"Asset_ID":"GLY1277","Name":"Gully","District_ID":"New Industrial Area","Wlyt_ID":"Salalah","Gov_ID":"Dhofar Governorate","Road_ID":"102645","Mun_ID":" ","Latitude":17.0077742,"Longitude":54.04239278,"GlobalID":"{0315DD6C-FCA3-4CD6-9FD6-B54D1A880C3C}","NEAR_FID":10070,"NEAR_DIST":6.0784557268065846}},{"type":"Feature","id":1278,"geometry":{"type":"Point","coordinates":[185097.28149999958,1882821.4543999992]},"properties":{"OBJECTID":1278,"Asset_ID":"GLY1278","Name":"Gully","District_ID":"New Industrial Area","Wlyt_ID":"Salalah","Gov_ID":"Dhofar Governorate","Road_ID":"102645","Mun_ID":" ","Latitude":17.008024030000001,"Longitude":54.042560659999999,"GlobalID":"{CB41A4BE-2C00-448F-96A0-8FA91E644FDE}","NEAR_FID":10070,"NEAR_DIST":6.4542731282424786}},{"type":"Feature","id":1279,"geometry":{"type":"Point","coordinates":[185185.39979999978,1882906.4452]},"properties":{"OBJECTID":1279,"Asset_ID":"GLY1279","Name":"Gully","District_ID":"Mustashfa al Sultan Qboos","Wlyt_ID":"Salalah","Gov_ID":"Dhofar Governorate","Road_ID":"102645","Mun_ID":" ","Latitude":17.0088033,"Longitude":54.043375380000001,"GlobalID":"{0F5CD911-F771-4A27-B43D-F929E366AC5B}","NEAR_FID":8404,"NEAR_DIST":7.143146894804647}},{"type":"Feature","id":1280,"geometry":{"type":"Point","coordinates":[185170.37640000042,1882890.3322999999]},"properties":{"OBJECTID":1280,"Asset_ID":"GLY1280","Name":"Gully","District_ID":"Mustashfa al Sultan Qboos","Wlyt_ID":"Salalah","Gov_ID":"Dhofar Governorate","Road_ID":"102645","Mun_ID":" ","Latitude":17.008655789999999,"Longitude":54.043236710000002,"GlobalID":"{2A864A64-FCDC-4400-871D-58224AC72C8B}","NEAR_FID":8404,"NEAR_DIST":6.5178011967872198}},{"type":"Feature","id":1281,"geometry":{"type":"Point","coordinates":[185148.98230000027,1882864.8899000008]},"properties":{"OBJECTID":1281,"Asset_ID":"GLY1281","Name":"Gully","District_ID":"Mustashfa al Sultan Qboos","Wlyt_ID":"Salalah","Gov_ID":"Dhofar Governorate","Road_ID":"102645","Mun_ID":" ","Latitude":17.008423199999999,"Longitude":54.043039589999999,"GlobalID":"{90EAC0E4-EBBA-447F-ACF0-BC2DC2AD8921}","NEAR_FID":8404,"NEAR_DIST":6.7682497220788118}},{"type":"Feature","id":1282,"geometry":{"type":"Point","coordinates":[185117.90469999984,1882849.8501999993]},"properties":{"OBJECTID":1282,"Asset_ID":"GLY1282","Name":"Gully","District_ID":"New Industrial Area","Wlyt_ID":"Salalah","Gov_ID":"Dhofar Governorate","Road_ID":"102645","Mun_ID":" ","Latitude":17.00828319,"Longitude":54.042750130000002,"GlobalID":"{C67ADC5C-5847-4836-A28F-C46037669245}","NEAR_FID":18619,"NEAR_DIST":5.9522203366125339}},{"type":"Feature","id":1283,"geometry":{"type":"Point","coordinates":[185127.08930000011,1882837.0332999993]},"properties":{"OBJECTID":1283,"Asset_ID":"GLY1283","Name":"Gully","District_ID":"Mustashfa al Sultan Qboos","Wlyt_ID":"Salalah","Gov_ID":"Dhofar Governorate","Road_ID":"102645","Mun_ID":" ","Latitude":17.008168739999999,"Longitude":54.042838119999999,"GlobalID":"{0605293A-A786-4252-B7CD-868A981B7E58}","NEAR_FID":8404,"NEAR_DIST":6.6735354422037156}},{"type":"Feature","id":1284,"geometry":{"type":"Point","coordinates":[185108.23550000042,1882810.8857000005]},"properties":{"OBJECTID":1284,"Asset_ID":"GLY1284","Name":"Gully","District_ID":"Mustashfa al Sultan Qboos","Wlyt_ID":"Salalah","Gov_ID":"Dhofar Governorate","Road_ID":"105482","Mun_ID":" ","Latitude":17.007930120000001,"Longitude":54.042664940000002,"GlobalID":"{DA2371E6-EDB9-4FAD-B93F-BC3DB6375384}","NEAR_FID":12037,"NEAR_DIST":4.5431668668516334}},{"type":"Feature","id":1285,"geometry":{"type":"Point","coordinates":[184939.77209999971,1882608.8845000006]},"properties":{"OBJECTID":1285,"Asset_ID":"GLY1285","Name":"Gully","District_ID":"New Industrial Area","Wlyt_ID":"Salalah","Gov_ID":"Dhofar Governorate","Road_ID":"102645","Mun_ID":" ","Latitude":17.006083579999999,"Longitude":54.041112980000001,"GlobalID":"{32F6E960-394E-4F0E-A91F-DD0185CA4C0E}","NEAR_FID":10070,"NEAR_DIST":10.126886602172652}},{"type":"Feature","id":1286,"geometry":{"type":"Point","coordinates":[184883.53160000034,1882570.8280999996]},"properties":{"OBJECTID":1286,"Asset_ID":"GLY1286","Name":"Gully","District_ID":"New Industrial Area","Wlyt_ID":"Salalah","Gov_ID":"Dhofar Governorate","Road_ID":"105161","Mun_ID":" ","Latitude":17.005732349999999,"Longitude":54.040590709999996,"GlobalID":"{5E1DCE80-1D2D-4C5A-8E21-860E67CDF36A}","NEAR_FID":15638,"NEAR_DIST":0.31375672781452646}},{"type":"Feature","id":1287,"geometry":{"type":"Point","coordinates":[184877.68140000012,1882529.7423]},"properties":{"OBJECTID":1287,"Asset_ID":"GLY1287","Name":"Gully","District_ID":"New Industrial Area","Wlyt_ID":"Salalah","Gov_ID":"Dhofar Governorate","Road_ID":"105161","Mun_ID":" ","Latitude":17.005360660000001,"Longitude":54.040541650000002,"GlobalID":"{6059A916-2F8D-4C34-8143-1A6A48D15082}","NEAR_FID":17670,"NEAR_DIST":4.4510127010778993}},{"type":"Feature","id":1288,"geometry":{"type":"Point","coordinates":[184865.80080000032,1882518.5726999994]},"properties":{"OBJECTID":1288,"Asset_ID":"GLY1288","Name":"Gully","District_ID":"Auqad al Shamaliyya","Wlyt_ID":"Salalah","Gov_ID":"Dhofar Governorate","Road_ID":"100002","Mun_ID":" ","Latitude":17.0052582,"Longitude":54.040431769999998,"GlobalID":"{3C43EA92-BF1C-41B7-B3D8-EF29D1AEC755}","NEAR_FID":20579,"NEAR_DIST":6.7536846277044429}},{"type":"Feature","id":1289,"geometry":{"type":"Point","coordinates":[184917.44909999985,1882512.6873000003]},"properties":{"OBJECTID":1289,"Asset_ID":"GLY1289","Name":"Gully","District_ID":"Mustashfa al Sultan Qboos","Wlyt_ID":"Salalah","Gov_ID":"Dhofar Governorate","Road_ID":"102645","Mun_ID":" ","Latitude":17.005212119999999,"Longitude":54.040917190000002,"GlobalID":"{E69861AD-66EE-4481-BF97-D2FE63A6EA01}","NEAR_FID":17127,"NEAR_DIST":6.8525116172257778}},{"type":"Feature","id":1290,"geometry":{"type":"Point","coordinates":[184892.1277999999,1882533.0143999998]},"properties":{"OBJECTID":1290,"Asset_ID":"GLY1290","Name":"Gully","District_ID":"New Industrial Area","Wlyt_ID":"Salalah","Gov_ID":"Dhofar Governorate","Road_ID":"102645","Mun_ID":" ","Latitude":17.00539217,"Longitude":54.040676730000001,"GlobalID":"{7F45F793-66E4-44AE-975E-024C4F02BFD9}","NEAR_FID":20580,"NEAR_DIST":4.1706174848579733}},{"type":"Feature","id":1291,"geometry":{"type":"Point","coordinates":[184917.24839999992,1882492.0502000004]},"properties":{"OBJECTID":1291,"Asset_ID":"GLY1291","Name":"Gully","District_ID":"Mustashfa al Sultan Qboos","Wlyt_ID":"Salalah","Gov_ID":"Dhofar Governorate","Road_ID":"100002","Mun_ID":" ","Latitude":17.005025790000001,"Longitude":54.040918230000003,"GlobalID":"{7F02041E-6CE3-4692-933F-10DB3D25B369}","NEAR_FID":20578,"NEAR_DIST":6.0592768573024838}},{"type":"Feature","id":1292,"geometry":{"type":"Point","coordinates":[184890.32589999959,1882480.4287]},"properties":{"OBJECTID":1292,"Asset_ID":"GLY1292","Name":"Gully","District_ID":"Auqad al Janubiyya","Wlyt_ID":"Salalah","Gov_ID":"Dhofar Governorate","Road_ID":"102645","Mun_ID":" ","Latitude":17.004917209999999,"Longitude":54.040667280000001,"GlobalID":"{218456DB-7CE2-488B-AC0B-7D68E166C39E}","NEAR_FID":17127,"NEAR_DIST":9.0451053245856912}},{"type":"Feature","id":1293,"geometry":{"type":"Point","coordinates":[184909.70220000017,1882481.0292000007]},"properties":{"OBJECTID":1293,"Asset_ID":"GLY1293","Name":"Gully","District_ID":"Auqad al Janubiyya","Wlyt_ID":"Salalah","Gov_ID":"Dhofar Governorate","Road_ID":"100002","Mun_ID":" ","Latitude":17.004925270000001,"Longitude":54.040848990000001,"GlobalID":"{04A35D59-00AB-4DBA-A6C6-C51D9F226FF8}","NEAR_FID":20579,"NEAR_DIST":5.8306594790765924}},{"type":"Feature","id":1294,"geometry":{"type":"Point","coordinates":[184950.59460000042,1882528.0594999995]},"properties":{"OBJECTID":1294,"Asset_ID":"GLY1294","Name":"Gully","District_ID":"Mustashfa al Sultan Qboos","Wlyt_ID":"Salalah","Gov_ID":"Dhofar Governorate","Road_ID":"102645","Mun_ID":" ","Latitude":17.005355420000001,"Longitude":54.041225990000001,"GlobalID":"{612691E4-F38B-4A73-85A3-791BD79EA4E7}","NEAR_FID":17974,"NEAR_DIST":2.774845246289003}},{"type":"Feature","id":1295,"geometry":{"type":"Point","coordinates":[184863.40249999985,1882499.1926000006]},"properties":{"OBJECTID":1295,"Asset_ID":"GLY1295","Name":"Gully","District_ID":"Auqad al Shamaliyya","Wlyt_ID":"Salalah","Gov_ID":"Dhofar Governorate","Road_ID":"102645","Mun_ID":" ","Latitude":17.00508292,"Longitude":54.040412019999998,"GlobalID":"{53F2B4D5-EEF2-4BC1-AB3D-B3E8D5B80491}","NEAR_FID":20580,"NEAR_DIST":4.6769005383446061}},{"type":"Feature","id":1296,"geometry":{"type":"Point","coordinates":[182382.3563000001,1880327.2260999996]},"properties":{"OBJECTID":1296,"Asset_ID":"GLY1296","Name":"Gully","District_ID":"Auqad al Shamaliyya","Wlyt_ID":"Salalah","Gov_ID":"Dhofar Governorate","Road_ID":"102645","Mun_ID":" ","Latitude":16.98513608,"Longitude":54.017444619999999,"GlobalID":"{4AD49221-1CCC-4A4B-90A9-7D2F75857FE0}","NEAR_FID":6567,"NEAR_DIST":4.019893117081959}},{"type":"Feature","id":1297,"geometry":{"type":"Point","coordinates":[182409.01109999977,1880308.5478000008]},"properties":{"OBJECTID":1297,"Asset_ID":"GLY1297","Name":"Gully","District_ID":"Auqad al Shamaliyya","Wlyt_ID":"Salalah","Gov_ID":"Dhofar Governorate","Road_ID":"102645","Mun_ID":" ","Latitude":16.984971130000002,"Longitude":54.017697339999998,"GlobalID":"{55EF2A0A-E708-4752-A914-850A82256A1E}","NEAR_FID":6567,"NEAR_DIST":4.830942551741491}},{"type":"Feature","id":1298,"geometry":{"type":"Point","coordinates":[182415.33779999986,1880273.3527000006]},"properties":{"OBJECTID":1298,"Asset_ID":"GLY1298","Name":"Gully","District_ID":"Auqad al Janubiyya","Wlyt_ID":"Salalah","Gov_ID":"Dhofar Governorate","Road_ID":"102645","Mun_ID":" ","Latitude":16.984654280000001,"Longitude":54.017761720000003,"GlobalID":"{860AD08E-3BE3-4187-B533-BF5D6344E9CB}","NEAR_FID":12077,"NEAR_DIST":5.6399072168672166}},{"type":"Feature","id":1299,"geometry":{"type":"Point","coordinates":[182395.0915000001,1880245.6386999991]},"properties":{"OBJECTID":1299,"Asset_ID":"GLY1299","Name":"Gully","District_ID":"Raysut","Wlyt_ID":"Salalah","Gov_ID":"Dhofar Governorate","Road_ID":"102645","Mun_ID":" ","Latitude":16.98440132,"Longitude":54.017575739999998,"GlobalID":"{535B5F7C-8425-4EB1-B6BC-636F49E66A79}","NEAR_FID":7090,"NEAR_DIST":6.2394585075705749}},{"type":"Feature","id":1300,"geometry":{"type":"Point","coordinates":[182361.31099999975,1880240.4724000003]},"properties":{"OBJECTID":1300,"Asset_ID":"GLY1300","Name":"Gully","District_ID":"Raysut","Wlyt_ID":"Salalah","Gov_ID":"Dhofar Governorate","Road_ID":"102645","Mun_ID":" ","Latitude":16.984350039999999,"Longitude":54.017259580000001,"GlobalID":"{5DC0A96E-65E8-4DF2-A686-423873936E23}","NEAR_FID":9093,"NEAR_DIST":6.1307308449774736}},{"type":"Feature","id":1301,"geometry":{"type":"Point","coordinates":[182333.5373999998,1880260.5912999995]},"properties":{"OBJECTID":1301,"Asset_ID":"GLY1301","Name":"Gully","District_ID":"Wadi Adhan","Wlyt_ID":"Salalah","Gov_ID":"Dhofar Governorate","Road_ID":"102645","Mun_ID":" ","Latitude":16.984527839999998,"Longitude":54.016996159999998,"GlobalID":"{38B476BD-239F-40DA-8C79-0BB6A99E56D1}","NEAR_FID":5656,"NEAR_DIST":5.1255256145098933}},{"type":"Feature","id":1302,"geometry":{"type":"Point","coordinates":[182328.2686999999,1880294.3923000004]},"properties":{"OBJECTID":1302,"Asset_ID":"GLY1302","Name":"Gully","District_ID":"Wadi Adhan","Wlyt_ID":"Salalah","Gov_ID":"Dhofar Governorate","Road_ID":"102645","Mun_ID":" ","Latitude":16.98483225,"Longitude":54.01694191,"GlobalID":"{C9D9C8E1-7946-4BD4-8BAD-FF0DF51F5484}","NEAR_FID":9421,"NEAR_DIST":4.1428394939158277}},{"type":"Feature","id":1303,"geometry":{"type":"Point","coordinates":[182349.82569999993,1880322.7762000002]},"properties":{"OBJECTID":1303,"Asset_ID":"GLY1303","Name":"Gully","District_ID":"Wadi Adhan","Wlyt_ID":"Salalah","Gov_ID":"Dhofar Governorate","Road_ID":"102645","Mun_ID":" ","Latitude":16.985091440000001,"Longitude":54.017140079999997,"GlobalID":"{41E47CEC-F684-4072-BCDF-D3B1A2A18385}","NEAR_FID":9421,"NEAR_DIST":3.7548506810341933}},{"type":"Feature","id":1304,"geometry":{"type":"Point","coordinates":[187901.10769999959,1882666.8190000001]},"properties":{"OBJECTID":1304,"Asset_ID":"GLY1304","Name":"Gully","District_ID":"Salalah al Gharbiyya","Wlyt_ID":"Salalah","Gov_ID":"Dhofar Governorate","Road_ID":"103824","Mun_ID":" ","Latitude":17.007008849999998,"Longitude":54.06888962,"GlobalID":"{811F8FBD-7236-4F89-8AEA-A23346CF8B6E}","NEAR_FID":13658,"NEAR_DIST":3.6124674043096774}},{"type":"Feature","id":1306,"geometry":{"type":"Point","coordinates":[190490.35570000019,1883254.6877999995]},"properties":{"OBJECTID":1306,"Asset_ID":"GLY1306","Name":"Gully","District_ID":"Salalah al Wousta","Wlyt_ID":"Salalah","Gov_ID":"Dhofar Governorate","Road_ID":"103824","Mun_ID":" ","Latitude":17.012664659999999,"Longitude":54.093102020000003,"GlobalID":"{07117613-05C1-4AF4-8F56-F30DEFE82858}","NEAR_FID":16661,"NEAR_DIST":0.22852396856445639}},{"type":"Feature","id":1307,"geometry":{"type":"Point","coordinates":[190523.32849999983,1883244.0658999998]},"properties":{"OBJECTID":1307,"Asset_ID":"GLY1307","Name":"Gully","District_ID":"Salalah al Wousta","Wlyt_ID":"Salalah","Gov_ID":"Dhofar Governorate","Road_ID":"103824","Mun_ID":" ","Latitude":17.012573190000001,"Longitude":54.093412890000003,"GlobalID":"{FBE28ABF-F7E3-4DC6-8CDF-2E9767A6869C}","NEAR_FID":9212,"NEAR_DIST":6.44323387572702}},{"type":"Feature","id":1308,"geometry":{"type":"Point","coordinates":[190485.31759999972,1883241.602]},"properties":{"OBJECTID":1308,"Asset_ID":"GLY1308","Name":"Gully","District_ID":"Salalah al Wousta","Wlyt_ID":"Salalah","Gov_ID":"Dhofar Governorate","Road_ID":"103824","Mun_ID":" ","Latitude":17.012545840000001,"Longitude":54.093056570000002,"GlobalID":"{247787C6-29DA-431A-923D-639314816DB8}","NEAR_FID":5399,"NEAR_DIST":6.7174233036052664}},{"type":"Feature","id":1309,"geometry":{"type":"Point","coordinates":[186907.99430000037,1882357.9397]},"properties":{"OBJECTID":1309,"Asset_ID":"GLY1309","Name":"Gully","District_ID":"Auqad al Janubiyya","Wlyt_ID":"Salalah","Gov_ID":"Dhofar Governorate","Road_ID":"103812","Mun_ID":" ","Latitude":17.004085929999999,"Longitude":54.059615139999998,"GlobalID":"{25C72A11-BEEB-4546-88C4-B42D632A8C31}","NEAR_FID":16508,"NEAR_DIST":0.16166345201030916}},{"type":"Feature","id":1310,"geometry":{"type":"Point","coordinates":[188573.48959999997,1881728.1473999992]},"properties":{"OBJECTID":1310,"Asset_ID":"GLY1310","Name":"Gully","District_ID":"Salalah al Gharbiyya","Wlyt_ID":"Salalah","Gov_ID":"Dhofar Governorate","Road_ID":"100002","Mun_ID":" ","Latitude":16.998625610000001,"Longitude":54.075329949999997,"GlobalID":"{5710CB26-6DBC-4666-A151-A4A94ECF0872}","NEAR_FID":4275,"NEAR_DIST":2.878238341522668}},{"type":"Feature","id":1311,"geometry":{"type":"Point","coordinates":[188576.92839999963,1881758.3950999994]},"properties":{"OBJECTID":1311,"Asset_ID":"GLY1311","Name":"Gully","District_ID":"Salalah al Gharbiyya","Wlyt_ID":"Salalah","Gov_ID":"Dhofar Governorate","Road_ID":"100002","Mun_ID":" ","Latitude":16.998899139999999,"Longitude":54.07535798,"GlobalID":"{3B6C3A05-65A1-436E-8E0C-3982D45B3E5F}","NEAR_FID":17898,"NEAR_DIST":3.4641851009922862}},{"type":"Feature","id":1312,"geometry":{"type":"Point","coordinates":[188604.20000000019,1881770.6029000003]},"properties":{"OBJECTID":1312,"Asset_ID":"GLY1312","Name":"Gully","District_ID":"Salalah al Gharbiyya","Wlyt_ID":"Salalah","Gov_ID":"Dhofar Governorate","Road_ID":"100002","Mun_ID":" ","Latitude":16.99901302,"Longitude":54.075612139999997,"GlobalID":"{F2767386-A9EE-4E76-999A-19D4CBCFC8C8}","NEAR_FID":17898,"NEAR_DIST":4.1887225008845315}},{"type":"Feature","id":1313,"geometry":{"type":"Point","coordinates":[188629.17650000006,1881752.4802000001]},"properties":{"OBJECTID":1313,"Asset_ID":"GLY1313","Name":"Gully","District_ID":"Salalah al Gharbiyya","Wlyt_ID":"Salalah","Gov_ID":"Dhofar Governorate","Road_ID":"100002","Mun_ID":" ","Latitude":16.99885278,"Longitude":54.075849009999999,"GlobalID":"{948F5FBA-0B86-4B41-B01D-47D8830BB44F}","NEAR_FID":8269,"NEAR_DIST":4.4465982310906513}},{"type":"Feature","id":1314,"geometry":{"type":"Point","coordinates":[188625.74670000002,1881722.4641999993]},"properties":{"OBJECTID":1314,"Asset_ID":"GLY1314","Name":"Gully","District_ID":"Salalah al Gharbiyya","Wlyt_ID":"Salalah","Gov_ID":"Dhofar Governorate","Road_ID":"100002","Mun_ID":" ","Latitude":16.998581340000001,"Longitude":54.075821040000001,"GlobalID":"{0DDA51C2-B3C8-4844-A38C-0C44A2500FF8}","NEAR_FID":8269,"NEAR_DIST":4.0011743226399714}},{"type":"Feature","id":1315,"geometry":{"type":"Point","coordinates":[188597.97449999955,1881710.1929000001]},"properties":{"OBJECTID":1315,"Asset_ID":"GLY1315","Name":"Gully","District_ID":"Salalah al Gharbiyya","Wlyt_ID":"Salalah","Gov_ID":"Dhofar Governorate","Road_ID":"100002","Mun_ID":" ","Latitude":16.998466820000001,"Longitude":54.075562189999999,"GlobalID":"{0027A9A4-6AC4-4644-924A-F6CB77EB2714}","NEAR_FID":5744,"NEAR_DIST":3.1557704515308118}},{"type":"Feature","id":1316,"geometry":{"type":"Point","coordinates":[188800.56960000005,1881724.8953000009]},"properties":{"OBJECTID":1316,"Asset_ID":"GLY1316","Name":"Gully","District_ID":"Hay al Shati","Wlyt_ID":"Salalah","Gov_ID":"Dhofar Governorate","Road_ID":"100002","Mun_ID":" ","Latitude":16.998626850000001,"Longitude":54.077460940000002,"GlobalID":"{DB3F3ECC-1F17-4450-BF77-DD75235E927D}","NEAR_FID":6009,"NEAR_DIST":6.2064925760463083}},{"type":"Feature","id":1317,"geometry":{"type":"Point","coordinates":[197457.73990000039,1884652.3248999994]},"properties":{"OBJECTID":1317,"Asset_ID":"GLY1317","Name":"Gully","District_ID":"Dahariz al Shamaliyya","Wlyt_ID":"Salalah","Gov_ID":"Dhofar Governorate","Road_ID":"100001","Mun_ID":" ","Latitude":17.026207060000001,"Longitude":54.158289539999998,"GlobalID":"{CB83881F-536E-4024-8C86-4D7183D43933}","NEAR_FID":13339,"NEAR_DIST":7.6445203530485637}},{"type":"Feature","id":1318,"geometry":{"type":"Point","coordinates":[197426.76730000041,1884654.1530000009]},"properties":{"OBJECTID":1318,"Asset_ID":"GLY1318","Name":"Gully","District_ID":"Dahariz al Shamaliyya","Wlyt_ID":"Salalah","Gov_ID":"Dhofar Governorate","Road_ID":"100006","Mun_ID":" ","Latitude":17.0262195,"Longitude":54.157998640000002,"GlobalID":"{35738E1C-7F9F-49BC-B7E6-B986B39FAE48}","NEAR_FID":13089,"NEAR_DIST":6.4437953318599428}},{"type":"Feature","id":1319,"geometry":{"type":"Point","coordinates":[197230.67729999963,1884664.5294000003]},"properties":{"OBJECTID":1319,"Asset_ID":"GLY1319","Name":"Gully","District_ID":"Dahariz al Shamaliyya","Wlyt_ID":"Salalah","Gov_ID":"Dhofar Governorate","Road_ID":"100017","Mun_ID":" ","Latitude":17.026287440000001,"Longitude":54.156157039999997,"GlobalID":"{74C16896-1274-40D8-99A2-22344E2C32C9}","NEAR_FID":12240,"NEAR_DIST":5.4226503467997516}},{"type":"Feature","id":1320,"geometry":{"type":"Point","coordinates":[196738.07569999993,1884643.9158999994]},"properties":{"OBJECTID":1320,"Asset_ID":"GLY1320","Name":"Gully","District_ID":"al Robat","Wlyt_ID":"Salalah","Gov_ID":"Dhofar Governorate","Road_ID":"100001","Mun_ID":" ","Latitude":17.026036600000001,"Longitude":54.15153712,"GlobalID":"{27518D1B-65CA-4D29-9F88-F8423E97ECDE}","NEAR_FID":14539,"NEAR_DIST":8.2100008310893653}},{"type":"Feature","id":1321,"geometry":{"type":"Point","coordinates":[195722.07349999994,1885561.2109999992]},"properties":{"OBJECTID":1321,"Asset_ID":"GLY1321","Name":"Gully","District_ID":"al Sada al Janubiyya","Wlyt_ID":"Salalah","Gov_ID":"Dhofar Governorate","Road_ID":"102645","Mun_ID":" ","Latitude":17.034184270000001,"Longitude":54.141876830000001,"GlobalID":"{6BDAC2B3-1B5F-4F8A-A1A6-ED1EE5B96C14}","NEAR_FID":18504,"NEAR_DIST":7.1187421546186576}},{"type":"Feature","id":1322,"geometry":{"type":"Point","coordinates":[195704.11510000005,1885596.5650999993]},"properties":{"OBJECTID":1322,"Asset_ID":"GLY1322","Name":"Gully","District_ID":"al Sada al Janubiyya","Wlyt_ID":"Salalah","Gov_ID":"Dhofar Governorate","Road_ID":"102645","Mun_ID":" ","Latitude":17.034501079999998,"Longitude":54.141703440000001,"GlobalID":"{7529A8E0-F7D2-47B2-89D7-4A51432896C7}","NEAR_FID":5059,"NEAR_DIST":4.8889136892918081}},{"type":"Feature","id":1323,"geometry":{"type":"Point","coordinates":[195693.16530000046,1885626.6975999996]},"properties":{"OBJECTID":1323,"Asset_ID":"GLY1323","Name":"Gully","District_ID":"al Sada al Janubiyya","Wlyt_ID":"Salalah","Gov_ID":"Dhofar Governorate","Road_ID":"102645","Mun_ID":" ","Latitude":17.034771679999999,"Longitude":54.141596540000002,"GlobalID":"{84EA0D67-4957-4293-A909-134BC308BB71}","NEAR_FID":5059,"NEAR_DIST":4.9862570968182736}},{"type":"Feature","id":1324,"geometry":{"type":"Point","coordinates":[195685.05080000032,1885650.0996000003]},"properties":{"OBJECTID":1324,"Asset_ID":"GLY1324","Name":"Gully","District_ID":"al Sada al Janubiyya","Wlyt_ID":"Salalah","Gov_ID":"Dhofar Governorate","Road_ID":"102645","Mun_ID":" ","Latitude":17.034981890000001,"Longitude":54.141517180000001,"GlobalID":"{F2EBBC25-BB48-4661-911D-A09FA0F19D12}","NEAR_FID":5059,"NEAR_DIST":4.7784521170206116}},{"type":"Feature","id":1325,"geometry":{"type":"Point","coordinates":[195677.28579999972,1885674.0526999999]},"properties":{"OBJECTID":1325,"Asset_ID":"GLY1325","Name":"Gully","District_ID":"al Sada al Janubiyya","Wlyt_ID":"Salalah","Gov_ID":"Dhofar Governorate","Road_ID":"102645","Mun_ID":" ","Latitude":17.035197109999999,"Longitude":54.141441020000002,"GlobalID":"{EA2C5262-E969-4D81-8ED0-304BC9D2CD3B}","NEAR_FID":5059,"NEAR_DIST":4.5155598040013407}},{"type":"Feature","id":1326,"geometry":{"type":"Point","coordinates":[195669.91500000004,1885698.1991000008]},"properties":{"OBJECTID":1326,"Asset_ID":"GLY1326","Name":"Gully","District_ID":"al Sada al Janubiyya","Wlyt_ID":"Salalah","Gov_ID":"Dhofar Governorate","Road_ID":"102645","Mun_ID":" ","Latitude":17.03541414,"Longitude":54.141368530000001,"GlobalID":"{F28F4724-2B62-48DE-86EA-78E13120CDD0}","NEAR_FID":5059,"NEAR_DIST":4.6865907718805504}},{"type":"Feature","id":1327,"geometry":{"type":"Point","coordinates":[195662.96879999992,1885722.0229000002]},"properties":{"OBJECTID":1327,"Asset_ID":"GLY1327","Name":"Gully","District_ID":"al Sada al Janubiyya","Wlyt_ID":"Salalah","Gov_ID":"Dhofar Governorate","Road_ID":"102645","Mun_ID":" ","Latitude":17.03562831,"Longitude":54.14130007,"GlobalID":"{E59626AC-4177-42FA-90CA-52C89D997264}","NEAR_FID":5059,"NEAR_DIST":5.1666007982733113}},{"type":"Feature","id":1328,"geometry":{"type":"Point","coordinates":[195656.44209999964,1885746.4682]},"properties":{"OBJECTID":1328,"Asset_ID":"GLY1328","Name":"Gully","District_ID":"al Sada al Janubiyya","Wlyt_ID":"Salalah","Gov_ID":"Dhofar Governorate","Road_ID":"102645","Mun_ID":" ","Latitude":17.035848139999999,"Longitude":54.141235469999998,"GlobalID":"{73F75BBE-9F77-4822-B534-6E58C6EB7E62}","NEAR_FID":5059,"NEAR_DIST":5.6807434645367891}},{"type":"Feature","id":1329,"geometry":{"type":"Point","coordinates":[195649.49010000005,1885770.3208000008]},"properties":{"OBJECTID":1329,"Asset_ID":"GLY1329","Name":"Gully","District_ID":"al Sada al Janubiyya","Wlyt_ID":"Salalah","Gov_ID":"Dhofar Governorate","Road_ID":"102645","Mun_ID":" ","Latitude":17.036062569999999,"Longitude":54.141166949999999,"GlobalID":"{3D83B660-C2DF-4B97-A4A9-F5739827DB21}","NEAR_FID":5059,"NEAR_DIST":5.2225530744977773}},{"type":"Feature","id":1330,"geometry":{"type":"Point","coordinates":[195641.36919999961,1885793.9046999998]},"properties":{"OBJECTID":1330,"Asset_ID":"GLY1330","Name":"Gully","District_ID":"al Sada al Janubiyya","Wlyt_ID":"Salalah","Gov_ID":"Dhofar Governorate","Road_ID":"102645","Mun_ID":" ","Latitude":17.036274420000002,"Longitude":54.141087499999998,"GlobalID":"{A26074AD-7C22-4EE4-BA21-99208FACFC72}","NEAR_FID":5059,"NEAR_DIST":3.5812198653285701}},{"type":"Feature","id":1331,"geometry":{"type":"Point","coordinates":[195633.23390000034,1885817.5895000007]},"properties":{"OBJECTID":1331,"Asset_ID":"GLY1331","Name":"Gully","District_ID":"al Sada al Janubiyya","Wlyt_ID":"Salalah","Gov_ID":"Dhofar Governorate","Road_ID":"102645","Mun_ID":" ","Latitude":17.036487180000002,"Longitude":54.141007899999998,"GlobalID":"{EEEE310A-D556-468D-B3A6-9AA0E57B91C6}","NEAR_FID":5059,"NEAR_DIST":2.4415165109612884}},{"type":"Feature","id":1332,"geometry":{"type":"Point","coordinates":[195625.71009999979,1885840.9996000007]},"properties":{"OBJECTID":1332,"Asset_ID":"GLY1332","Name":"Gully","District_ID":"al Sada al Janubiyya","Wlyt_ID":"Salalah","Gov_ID":"Dhofar Governorate","Road_ID":"102645","Mun_ID":" ","Latitude":17.036697530000001,"Longitude":54.14093407,"GlobalID":"{F6629A6B-FCA5-45B9-A49D-F51D72CACB96}","NEAR_FID":5059,"NEAR_DIST":1.8112682233975721}},{"type":"Feature","id":1333,"geometry":{"type":"Point","coordinates":[195619.79270000011,1885865.8695]},"properties":{"OBJECTID":1333,"Asset_ID":"GLY1333","Name":"Gully","District_ID":"al Sada al Janubiyya","Wlyt_ID":"Salalah","Gov_ID":"Dhofar Governorate","Road_ID":"102645","Mun_ID":" ","Latitude":17.036921280000001,"Longitude":54.140875129999998,"GlobalID":"{7E8202EA-3B16-4B92-BE86-E169C2430DBB}","NEAR_FID":5059,"NEAR_DIST":2.489151639169795}},{"type":"Feature","id":1334,"geometry":{"type":"Point","coordinates":[195614.18910000008,1885890.4163000006]},"properties":{"OBJECTID":1334,"Asset_ID":"GLY1334","Name":"Gully","District_ID":"al Sada al Janubiyya","Wlyt_ID":"Salalah","Gov_ID":"Dhofar Governorate","Road_ID":"102645","Mun_ID":" ","Latitude":17.037142150000001,"Longitude":54.14081917,"GlobalID":"{037BFB59-947E-4BF3-877D-5238702AF5A1}","NEAR_FID":5059,"NEAR_DIST":2.8537413739466024}},{"type":"Feature","id":1335,"geometry":{"type":"Point","coordinates":[195608.65940000024,1885914.5660999995]},"properties":{"OBJECTID":1335,"Asset_ID":"GLY1335","Name":"Gully","District_ID":"al Sada al Janubiyya","Wlyt_ID":"Salalah","Gov_ID":"Dhofar Governorate","Road_ID":"102645","Mun_ID":" ","Latitude":17.03735945,"Longitude":54.140763960000001,"GlobalID":"{66D80844-AD66-4137-AB31-1E584654C710}","NEAR_FID":5059,"NEAR_DIST":3.1961816210474683}},{"type":"Feature","id":1336,"geometry":{"type":"Point","coordinates":[195742.74670000002,1885426.2118999995]},"properties":{"OBJECTID":1336,"Asset_ID":"GLY1336","Name":"Gully","District_ID":"Jerziz Farm","Wlyt_ID":"Salalah","Gov_ID":"Dhofar Governorate","Road_ID":"102645","Mun_ID":" ","Latitude":17.032968199999999,"Longitude":54.14208936,"GlobalID":"{A91162F5-04CA-4895-AB33-EA85F922035A}","NEAR_FID":17179,"NEAR_DIST":4.7733880804989601}},{"type":"Feature","id":1337,"geometry":{"type":"Point","coordinates":[195709.64780000038,1885502.3271999992]},"properties":{"OBJECTID":1337,"Asset_ID":"GLY1337","Name":"Gully","District_ID":"Jerziz Farm","Wlyt_ID":"Salalah","Gov_ID":"Dhofar Governorate","Road_ID":"102645","Mun_ID":" ","Latitude":17.03365101,"Longitude":54.141768300000003,"GlobalID":"{D99CA1D0-D42A-4BA2-84E2-1ECD53C45E0D}","NEAR_FID":4178,"NEAR_DIST":6.8229565156740817}},{"type":"Feature","id":1338,"geometry":{"type":"Point","coordinates":[195698.74930000026,1885527.5156999994]},"properties":{"OBJECTID":1338,"Asset_ID":"GLY1338","Name":"Gully","District_ID":"Jerziz Farm","Wlyt_ID":"Salalah","Gov_ID":"Dhofar Governorate","Road_ID":"102645","Mun_ID":" ","Latitude":17.033876979999999,"Longitude":54.14166256,"GlobalID":"{187379A2-2A3B-4F15-BA62-E1BDEB3099D4}","NEAR_FID":4178,"NEAR_DIST":6.1236751689996778}},{"type":"Feature","id":1339,"geometry":{"type":"Point","coordinates":[195690.19560000021,1885548.0847999994]},"properties":{"OBJECTID":1339,"Asset_ID":"GLY1339","Name":"Gully","District_ID":"Jerziz Farm","Wlyt_ID":"Salalah","Gov_ID":"Dhofar Governorate","Road_ID":"102645","Mun_ID":" ","Latitude":17.034061560000001,"Longitude":54.141579470000003,"GlobalID":"{57273B1D-69C4-48B0-A8EE-B421002A81FF}","NEAR_FID":4178,"NEAR_DIST":5.4062943937971015}},{"type":"Feature","id":1340,"geometry":{"type":"Point","coordinates":[195680.27799999993,1885573.0989999995]},"properties":{"OBJECTID":1340,"Asset_ID":"GLY1340","Name":"Gully","District_ID":"Jerziz Farm","Wlyt_ID":"Salalah","Gov_ID":"Dhofar Governorate","Road_ID":"102645","Mun_ID":" ","Latitude":17.034286080000001,"Longitude":54.141482959999998,"GlobalID":"{89C024AD-569A-494A-8ADC-8D80169EBBAA}","NEAR_FID":4178,"NEAR_DIST":4.6868752690651698}},{"type":"Feature","id":1341,"geometry":{"type":"Point","coordinates":[195671.43420000002,1885596.4825999998]},"properties":{"OBJECTID":1341,"Asset_ID":"GLY1341","Name":"Gully","District_ID":"Jerziz Farm","Wlyt_ID":"Salalah","Gov_ID":"Dhofar Governorate","Road_ID":"102645","Mun_ID":" ","Latitude":17.034496019999999,"Longitude":54.141396749999998,"GlobalID":"{81DD916D-CB75-4024-AAE6-F6AA3F701B26}","NEAR_FID":4178,"NEAR_DIST":4.4156416155768898}},{"type":"Feature","id":1342,"geometry":{"type":"Point","coordinates":[195663.03340000007,1885619.6261999998]},"properties":{"OBJECTID":1342,"Asset_ID":"GLY1342","Name":"Gully","District_ID":"Jerziz Farm","Wlyt_ID":"Salalah","Gov_ID":"Dhofar Governorate","Road_ID":"102645","Mun_ID":" ","Latitude":17.03470386,"Longitude":54.141314739999999,"GlobalID":"{C64D20A1-5FE4-4BCE-849E-7AB544A0024D}","NEAR_FID":4178,"NEAR_DIST":4.3453098101659799}},{"type":"Feature","id":1343,"geometry":{"type":"Point","coordinates":[195655.04789999966,1885643.3730999995]},"properties":{"OBJECTID":1343,"Asset_ID":"GLY1343","Name":"Gully","District_ID":"Jerziz Farm","Wlyt_ID":"Salalah","Gov_ID":"Dhofar Governorate","Road_ID":"102645","Mun_ID":" ","Latitude":17.034917199999999,"Longitude":54.141236540000001,"GlobalID":"{0F7C6CE8-FB88-4CCF-BF97-60E478214925}","NEAR_FID":4178,"NEAR_DIST":4.2789877432289627}},{"type":"Feature","id":1344,"geometry":{"type":"Point","coordinates":[195647.17540000007,1885667.3969999999]},"properties":{"OBJECTID":1344,"Asset_ID":"GLY1344","Name":"Gully","District_ID":"Jerziz Farm","Wlyt_ID":"Salalah","Gov_ID":"Dhofar Governorate","Road_ID":"102645","Mun_ID":" ","Latitude":17.035133049999999,"Longitude":54.141159360000003,"GlobalID":"{60556E97-1565-42BC-9D85-465964AB0852}","NEAR_FID":4178,"NEAR_DIST":4.0191103786977935}},{"type":"Feature","id":1345,"geometry":{"type":"Point","coordinates":[195640.28639999963,1885690.0373]},"properties":{"OBJECTID":1345,"Asset_ID":"GLY1345","Name":"Gully","District_ID":"Jerziz Farm","Wlyt_ID":"Salalah","Gov_ID":"Dhofar Governorate","Road_ID":"102645","Mun_ID":" ","Latitude":17.035336539999999,"Longitude":54.141091600000003,"GlobalID":"{38B9B9E5-8485-47CD-872C-F6C49BED6374}","NEAR_FID":4178,"NEAR_DIST":4.0730783727835398}},{"type":"Feature","id":1346,"geometry":{"type":"Point","coordinates":[195633.36789999995,1885714.0955999997]},"properties":{"OBJECTID":1346,"Asset_ID":"GLY1346","Name":"Gully","District_ID":"Jerziz Farm","Wlyt_ID":"Salalah","Gov_ID":"Dhofar Governorate","Road_ID":"102645","Mun_ID":" ","Latitude":17.03555283,"Longitude":54.141023369999999,"GlobalID":"{FB95729C-FA01-4E5A-8818-39899F764EB4}","NEAR_FID":4178,"NEAR_DIST":4.5147196957351881}},{"type":"Feature","id":1347,"geometry":{"type":"Point","coordinates":[195626.87330000009,1885738.4827999994]},"properties":{"OBJECTID":1347,"Asset_ID":"GLY1347","Name":"Gully","District_ID":"Jerziz Farm","Wlyt_ID":"Salalah","Gov_ID":"Dhofar Governorate","Road_ID":"102645","Mun_ID":" ","Latitude":17.035772139999999,"Longitude":54.140959070000001,"GlobalID":"{7F52DF63-1069-4D1F-948C-F480EC9DEE19}","NEAR_FID":4178,"NEAR_DIST":4.4854792012960125}},{"type":"Feature","id":1348,"geometry":{"type":"Point","coordinates":[195620.66970000044,1885762.9188000001]},"properties":{"OBJECTID":1348,"Asset_ID":"GLY1348","Name":"Gully","District_ID":"Jerziz Farm","Wlyt_ID":"Salalah","Gov_ID":"Dhofar Governorate","Road_ID":"102645","Mun_ID":" ","Latitude":17.035991939999999,"Longitude":54.14089749,"GlobalID":"{E49A6D8D-C046-4BDA-AD2A-4FE4AA8781C4}","NEAR_FID":4178,"NEAR_DIST":4.2155133492330528}},{"type":"Feature","id":1349,"geometry":{"type":"Point","coordinates":[195615.08800000045,1885787.1107999999]},"properties":{"OBJECTID":1349,"Asset_ID":"GLY1349","Name":"Gully","District_ID":"Jerziz Farm","Wlyt_ID":"Salalah","Gov_ID":"Dhofar Governorate","Road_ID":"102645","Mun_ID":" ","Latitude":17.03620961,"Longitude":54.140841790000003,"GlobalID":"{CBA3C9C3-BC76-48BF-B260-143E3F550136}","NEAR_FID":4178,"NEAR_DIST":4.3738424715788833}},{"type":"Feature","id":1350,"geometry":{"type":"Point","coordinates":[195609.43479999993,1885811.7631999999]},"properties":{"OBJECTID":1350,"Asset_ID":"GLY1350","Name":"Gully","District_ID":"Jerziz Farm","Wlyt_ID":"Salalah","Gov_ID":"Dhofar Governorate","Road_ID":"102645","Mun_ID":" ","Latitude":17.03643143,"Longitude":54.140785350000002,"GlobalID":"{10740B67-4162-4E16-8499-82E5F5399BC4}","NEAR_FID":4178,"NEAR_DIST":4.5689711403367967}},{"type":"Feature","id":1351,"geometry":{"type":"Point","coordinates":[195603.76489999983,1885835.8651000001]},"properties":{"OBJECTID":1351,"Asset_ID":"GLY1351","Name":"Gully","District_ID":"Jerziz Farm","Wlyt_ID":"Salalah","Gov_ID":"Dhofar Governorate","Road_ID":"102645","Mun_ID":" ","Latitude":17.036648280000001,"Longitude":54.14072883,"GlobalID":"{8403ECCD-0523-49B9-A667-BD3F62FC3E4E}","NEAR_FID":4178,"NEAR_DIST":4.4289901677966697}},{"type":"Feature","id":1352,"geometry":{"type":"Point","coordinates":[195598.19710000046,1885860.3000000007]},"properties":{"OBJECTID":1352,"Asset_ID":"GLY1352","Name":"Gully","District_ID":"Jerziz Farm","Wlyt_ID":"Salalah","Gov_ID":"Dhofar Governorate","Road_ID":"102645","Mun_ID":" ","Latitude":17.03686815,"Longitude":54.140673219999996,"GlobalID":"{98A038C3-9E5F-48CE-B211-3BBD00298344}","NEAR_FID":4178,"NEAR_DIST":4.4470470958290909}},{"type":"Feature","id":1353,"geometry":{"type":"Point","coordinates":[195592.59530000016,1885884.5653000008]},"properties":{"OBJECTID":1353,"Asset_ID":"GLY1353","Name":"Gully","District_ID":"Jerziz Farm","Wlyt_ID":"Salalah","Gov_ID":"Dhofar Governorate","Road_ID":"102645","Mun_ID":" ","Latitude":17.037086479999999,"Longitude":54.140617319999997,"GlobalID":"{88989EAD-495F-4E5B-A9EC-D1E88D9FF9AD}","NEAR_FID":4178,"NEAR_DIST":4.3941603672881309}},{"type":"Feature","id":1354,"geometry":{"type":"Point","coordinates":[195587.05750000011,1885908.9625000004]},"properties":{"OBJECTID":1354,"Asset_ID":"GLY1354","Name":"Gully","District_ID":"Jerziz Farm","Wlyt_ID":"Salalah","Gov_ID":"Dhofar Governorate","Road_ID":"102645","Mun_ID":" ","Latitude":17.037306009999998,"Longitude":54.140562000000003,"GlobalID":"{92064398-3C7C-45E6-A936-F3B945675F32}","NEAR_FID":4178,"NEAR_DIST":3.8431231764454381}},{"type":"Feature","id":1355,"geometry":{"type":"Point","coordinates":[195610.63489999995,1885282.0058999993]},"properties":{"OBJECTID":1355,"Asset_ID":"GLY1355","Name":"Gully","District_ID":"Jerziz Farm","Wlyt_ID":"Salalah","Gov_ID":"Dhofar Governorate","Road_ID":"102645","Mun_ID":" ","Latitude":17.031648830000002,"Longitude":54.140869350000003,"GlobalID":"{581EFD3E-F526-4D5B-A694-A4FBE696177D}","NEAR_FID":7834,"NEAR_DIST":6.8580534822349835}},{"type":"Feature","id":1356,"geometry":{"type":"Point","coordinates":[195587.75910000037,1885272.3061999995]},"properties":{"OBJECTID":1356,"Asset_ID":"GLY1356","Name":"Gully","District_ID":"Jerziz Farm","Wlyt_ID":"Salalah","Gov_ID":"Dhofar Governorate","Road_ID":"102645","Mun_ID":" ","Latitude":17.031558239999999,"Longitude":54.140656,"GlobalID":"{788D8787-F2CC-40E8-BB89-3C173A333DB1}","NEAR_FID":7834,"NEAR_DIST":7.0198831272353752}},{"type":"Feature","id":1357,"geometry":{"type":"Point","coordinates":[195564.2416000003,1885263.1749000009]},"properties":{"OBJECTID":1357,"Asset_ID":"GLY1357","Name":"Gully","District_ID":"Jerziz Farm","Wlyt_ID":"Salalah","Gov_ID":"Dhofar Governorate","Road_ID":"102645","Mun_ID":" ","Latitude":17.031472699999998,"Longitude":54.140436559999998,"GlobalID":"{0E884662-127E-4BEE-BC0B-5C5756FAF4AE}","NEAR_FID":7834,"NEAR_DIST":7.0576582931881457}},{"type":"Feature","id":1358,"geometry":{"type":"Point","coordinates":[195539.55169999972,1885254.6369000003]},"properties":{"OBJECTID":1358,"Asset_ID":"GLY1358","Name":"Gully","District_ID":"Jerziz Farm","Wlyt_ID":"Salalah","Gov_ID":"Dhofar Governorate","Road_ID":"102645","Mun_ID":" ","Latitude":17.031392350000001,"Longitude":54.140206030000002,"GlobalID":"{019FFA32-4DBF-40DD-97F2-D2078FC8B61B}","NEAR_FID":7834,"NEAR_DIST":6.6986057587620023}},{"type":"Feature","id":1359,"geometry":{"type":"Point","coordinates":[195517.48819999956,1885247.9070999995]},"properties":{"OBJECTID":1359,"Asset_ID":"GLY1359","Name":"Gully","District_ID":"Jerziz Farm","Wlyt_ID":"Salalah","Gov_ID":"Dhofar Governorate","Road_ID":"102645","Mun_ID":" ","Latitude":17.031328680000001,"Longitude":54.139999899999999,"GlobalID":"{95C8CA39-27C6-40AA-9C5C-610B7B8E5258}","NEAR_FID":7834,"NEAR_DIST":6.754948460737487}},{"type":"Feature","id":1360,"geometry":{"type":"Point","coordinates":[195487.66100000031,1885239.8756000008]},"properties":{"OBJECTID":1360,"Asset_ID":"GLY1360","Name":"Gully","District_ID":"Jerziz Farm","Wlyt_ID":"Salalah","Gov_ID":"Dhofar Governorate","Road_ID":"102645","Mun_ID":" ","Latitude":17.03125223,"Longitude":54.139721090000002,"GlobalID":"{7C901A3C-1C75-4D71-9E43-C4823E792D9B}","NEAR_FID":7834,"NEAR_DIST":6.9041146527533694}},{"type":"Feature","id":1361,"geometry":{"type":"Point","coordinates":[195463.75119999982,1885234.3921000008]},"properties":{"OBJECTID":1361,"Asset_ID":"GLY1361","Name":"Gully","District_ID":"Jerziz Farm","Wlyt_ID":"Salalah","Gov_ID":"Dhofar Governorate","Road_ID":"102645","Mun_ID":" ","Latitude":17.031199560000001,"Longitude":54.139497460000001,"GlobalID":"{84FB266E-672F-45FB-9D4E-E3472336F5BB}","NEAR_FID":7834,"NEAR_DIST":7.4844554134531363}},{"type":"Feature","id":1362,"geometry":{"type":"Point","coordinates":[195432.94940000027,1885228.2276000008]},"properties":{"OBJECTID":1362,"Asset_ID":"GLY1362","Name":"Gully","District_ID":"Jerziz Farm","Wlyt_ID":"Salalah","Gov_ID":"Dhofar Governorate","Road_ID":"102645","Mun_ID":" ","Latitude":17.031139840000002,"Longitude":54.13920925,"GlobalID":"{F8F7EEB3-AF56-4453-B940-52D498E106BC}","NEAR_FID":7834,"NEAR_DIST":7.966104897579525}},{"type":"Feature","id":1363,"geometry":{"type":"Point","coordinates":[195406.61689999979,1885223.1571999993]},"properties":{"OBJECTID":1363,"Asset_ID":"GLY1363","Name":"Gully","District_ID":"Jerziz Farm","Wlyt_ID":"Salalah","Gov_ID":"Dhofar Governorate","Road_ID":"102645","Mun_ID":" ","Latitude":17.031090580000001,"Longitude":54.138962829999997,"GlobalID":"{D46F7E64-41AC-48E5-B08D-255961CDD571}","NEAR_FID":7834,"NEAR_DIST":8.4237551891677427}},{"type":"Feature","id":1364,"geometry":{"type":"Point","coordinates":[195382.14470000006,1885218.3490999993]},"properties":{"OBJECTID":1364,"Asset_ID":"GLY1364","Name":"Gully","District_ID":"Jerziz Farm","Wlyt_ID":"Salalah","Gov_ID":"Dhofar Governorate","Road_ID":"102645","Mun_ID":" ","Latitude":17.03104394,"Longitude":54.13873383,"GlobalID":"{EC731C2C-24EE-49A2-8560-EF4D0DBC24D1}","NEAR_FID":7834,"NEAR_DIST":8.7256007211011575}},{"type":"Feature","id":1365,"geometry":{"type":"Point","coordinates":[195353.85620000027,1885188.6897999998]},"properties":{"OBJECTID":1365,"Asset_ID":"GLY1365","Name":"Gully","District_ID":"Jerziz Farm","Wlyt_ID":"Salalah","Gov_ID":"Dhofar Governorate","Road_ID":"100418","Mun_ID":" ","Latitude":17.030772429999999,"Longitude":54.13847243,"GlobalID":"{4298DB62-1C94-4F86-A382-6619EED13FB7}","NEAR_FID":13876,"NEAR_DIST":3.1560268654208152}},{"type":"Feature","id":1366,"geometry":{"type":"Point","coordinates":[195329.04389999993,1885183.8307000007]},"properties":{"OBJECTID":1366,"Asset_ID":"GLY1366","Name":"Gully","District_ID":"Jerziz Farm","Wlyt_ID":"Salalah","Gov_ID":"Dhofar Governorate","Road_ID":"100418","Mun_ID":" ","Latitude":17.030725279999999,"Longitude":54.138240250000003,"GlobalID":"{C56686BE-4548-464B-8186-8250505046AB}","NEAR_FID":13876,"NEAR_DIST":3.5877198098903311}},{"type":"Feature","id":1367,"geometry":{"type":"Point","coordinates":[195372.85989999957,1885214.9832000006]},"properties":{"OBJECTID":1367,"Asset_ID":"GLY1367","Name":"Gully","District_ID":"Jerziz Farm","Wlyt_ID":"Salalah","Gov_ID":"Dhofar Governorate","Road_ID":"102645","Mun_ID":" ","Latitude":17.031012329999999,"Longitude":54.138647159999998,"GlobalID":"{8DC34527-96A3-4452-933F-5EF23930172A}","NEAR_FID":7834,"NEAR_DIST":7.5584098859756512}},{"type":"Feature","id":1368,"geometry":{"type":"Point","coordinates":[195304.72339999955,1885179.1657999996]},"properties":{"OBJECTID":1368,"Asset_ID":"GLY1368","Name":"Gully","District_ID":"Jerziz Farm","Wlyt_ID":"Salalah","Gov_ID":"Dhofar Governorate","Road_ID":"100418","Mun_ID":" ","Latitude":17.03067995,"Longitude":54.138012660000001,"GlobalID":"{F802C36F-07AD-48D4-89C7-FD70C39428D4}","NEAR_FID":13876,"NEAR_DIST":4.622278159524047}},{"type":"Feature","id":1369,"geometry":{"type":"Point","coordinates":[195275.84219999984,1885191.5482999999]},"properties":{"OBJECTID":1369,"Asset_ID":"GLY1369","Name":"Gully","District_ID":"Jerziz Farm","Wlyt_ID":"Salalah","Gov_ID":"Dhofar Governorate","Road_ID":"100537","Mun_ID":" ","Latitude":17.030787929999999,"Longitude":54.137739930000002,"GlobalID":"{0F6A08E5-1369-44E8-A04B-D523C4FAF9D2}","NEAR_FID":11441,"NEAR_DIST":6.1299083328039936}},{"type":"Feature","id":1370,"geometry":{"type":"Point","coordinates":[195280.94730000012,1885174.0175000001]},"properties":{"OBJECTID":1370,"Asset_ID":"GLY1370","Name":"Gully","District_ID":"Jerziz Farm","Wlyt_ID":"Salalah","Gov_ID":"Dhofar Governorate","Road_ID":"100418","Mun_ID":" ","Latitude":17.030630330000001,"Longitude":54.137790240000001,"GlobalID":"{D72366F8-909C-4432-B959-04C261652236}","NEAR_FID":13876,"NEAR_DIST":6.2150978553170395}},{"type":"Feature","id":1371,"geometry":{"type":"Point","coordinates":[195256.16970000044,1885167.9892999995]},"properties":{"OBJECTID":1371,"Asset_ID":"GLY1371","Name":"Gully","District_ID":"Jerziz Farm","Wlyt_ID":"Salalah","Gov_ID":"Dhofar Governorate","Road_ID":"100418","Mun_ID":" ","Latitude":17.030572630000002,"Longitude":54.137558550000001,"GlobalID":"{F56FC834-CB4A-4369-9107-D36B523BE2E5}","NEAR_FID":13876,"NEAR_DIST":7.9461520783863016}},{"type":"Feature","id":1372,"geometry":{"type":"Point","coordinates":[195231.77469999995,1885161.4943000004]},"properties":{"OBJECTID":1372,"Asset_ID":"GLY1372","Name":"Gully","District_ID":"Jerziz Farm","Wlyt_ID":"Salalah","Gov_ID":"Dhofar Governorate","Road_ID":"102645","Mun_ID":" ","Latitude":17.030510769999999,"Longitude":54.137330509999998,"GlobalID":"{BED85112-29F6-4E54-8E30-EB45B6994EBF}","NEAR_FID":15178,"NEAR_DIST":8.1000309517715472}},{"type":"Feature","id":1373,"geometry":{"type":"Point","coordinates":[195207.69469999988,1885154.4649999999]},"properties":{"OBJECTID":1373,"Asset_ID":"GLY1373","Name":"Gully","District_ID":"Jerziz Farm","Wlyt_ID":"Salalah","Gov_ID":"Dhofar Governorate","Road_ID":"102645","Mun_ID":" ","Latitude":17.030444119999999,"Longitude":54.137105499999997,"GlobalID":"{7AD79724-88C5-471C-9F87-B75B7C073166}","NEAR_FID":15178,"NEAR_DIST":8.3010789881756626}},{"type":"Feature","id":1374,"geometry":{"type":"Point","coordinates":[195183.68329999968,1885146.8120000008]},"properties":{"OBJECTID":1374,"Asset_ID":"GLY1374","Name":"Gully","District_ID":"Jerziz Farm","Wlyt_ID":"Salalah","Gov_ID":"Dhofar Governorate","Road_ID":"102645","Mun_ID":" ","Latitude":17.030371850000002,"Longitude":54.136881219999999,"GlobalID":"{3114D26F-7632-46B7-B246-02D1D30A71E9}","NEAR_FID":15178,"NEAR_DIST":8.1633063157888799}},{"type":"Feature","id":1375,"geometry":{"type":"Point","coordinates":[195160.00430000015,1885138.6513]},"properties":{"OBJECTID":1375,"Asset_ID":"GLY1375","Name":"Gully","District_ID":"Jerziz Farm","Wlyt_ID":"Salalah","Gov_ID":"Dhofar Governorate","Road_ID":"102645","Mun_ID":" ","Latitude":17.030295049999999,"Longitude":54.136660130000003,"GlobalID":"{3AAD3234-985E-44CF-AADB-A15EBB8C79D3}","NEAR_FID":15178,"NEAR_DIST":8.0067149532233426}},{"type":"Feature","id":1376,"geometry":{"type":"Point","coordinates":[195136.61110000033,1885129.9739999995]},"properties":{"OBJECTID":1376,"Asset_ID":"GLY1376","Name":"Gully","District_ID":"Jerziz Farm","Wlyt_ID":"Salalah","Gov_ID":"Dhofar Governorate","Road_ID":"102645","Mun_ID":" ","Latitude":17.030213610000001,"Longitude":54.136441789999999,"GlobalID":"{7FA294AD-E4DE-4B33-8234-F08BA076044C}","NEAR_FID":15178,"NEAR_DIST":7.6010018254493943}},{"type":"Feature","id":1377,"geometry":{"type":"Point","coordinates":[195113.48159999959,1885120.6933999993]},"properties":{"OBJECTID":1377,"Asset_ID":"GLY1377","Name":"Gully","District_ID":"Jerziz Farm","Wlyt_ID":"Salalah","Gov_ID":"Dhofar Governorate","Road_ID":"102645","Mun_ID":" ","Latitude":17.030126769999999,"Longitude":54.136226010000001,"GlobalID":"{54F47D02-82D6-4B4F-B091-88813EA31D96}","NEAR_FID":15178,"NEAR_DIST":7.2885494654751248}},{"type":"Feature","id":1378,"geometry":{"type":"Point","coordinates":[195194.61789999995,1885116.7868000008]},"properties":{"OBJECTID":1378,"Asset_ID":"GLY1378","Name":"Gully","District_ID":"al Robat","Wlyt_ID":"Salalah","Gov_ID":"Dhofar Governorate","Road_ID":"102645","Mun_ID":" ","Latitude":17.030102230000001,"Longitude":54.136987959999999,"GlobalID":"{C0A4FC8D-4134-4621-9540-2978C340E2F2}","NEAR_FID":15490,"NEAR_DIST":3.2644076932491042}},{"type":"Feature","id":1379,"geometry":{"type":"Point","coordinates":[195170.42970000021,1885110.0219000001]},"properties":{"OBJECTID":1379,"Asset_ID":"GLY1379","Name":"Gully","District_ID":"al Robat","Wlyt_ID":"Salalah","Gov_ID":"Dhofar Governorate","Road_ID":"102645","Mun_ID":" ","Latitude":17.030037950000001,"Longitude":54.136761900000003,"GlobalID":"{0FE89BAF-29AA-4528-8197-E06AA24B6FE0}","NEAR_FID":15490,"NEAR_DIST":3.0887086568189441}},{"type":"Feature","id":1380,"geometry":{"type":"Point","coordinates":[195146.59030000027,1885102.7324000001]},"properties":{"OBJECTID":1380,"Asset_ID":"GLY1380","Name":"Gully","District_ID":"al Robat","Wlyt_ID":"Salalah","Gov_ID":"Dhofar Governorate","Road_ID":"102645","Mun_ID":" ","Latitude":17.02996899,"Longitude":54.13653918,"GlobalID":"{EA426D7E-700F-42BB-8C04-CF1F492B9020}","NEAR_FID":15490,"NEAR_DIST":3.5135160543098545}},{"type":"Feature","id":1381,"geometry":{"type":"Point","coordinates":[195122.80099999998,1885095.0320999995]},"properties":{"OBJECTID":1381,"Asset_ID":"GLY1381","Name":"Gully","District_ID":"al Robat","Wlyt_ID":"Salalah","Gov_ID":"Dhofar Governorate","Road_ID":"102645","Mun_ID":" ","Latitude":17.029896319999999,"Longitude":54.136316989999997,"GlobalID":"{B8D10C34-63AF-4951-A8BE-12088AD19F60}","NEAR_FID":15490,"NEAR_DIST":3.8368604521181502}},{"type":"Feature","id":1382,"geometry":{"type":"Point","coordinates":[195099.18250000011,1885086.7967000008]},"properties":{"OBJECTID":1382,"Asset_ID":"GLY1382","Name":"Gully","District_ID":"al Robat","Wlyt_ID":"Salalah","Gov_ID":"Dhofar Governorate","Road_ID":"102645","Mun_ID":" ","Latitude":17.029818850000002,"Longitude":54.136096479999999,"GlobalID":"{A6324562-EDDF-4D85-8D45-86DDE8898237}","NEAR_FID":15490,"NEAR_DIST":4.6720841392652508}},{"type":"Feature","id":1383,"geometry":{"type":"Point","coordinates":[195075.44330000039,1885078.4542999994]},"properties":{"OBJECTID":1383,"Asset_ID":"GLY1383","Name":"Gully","District_ID":"al Robat","Wlyt_ID":"Salalah","Gov_ID":"Dhofar Governorate","Road_ID":"102645","Mun_ID":" ","Latitude":17.029740390000001,"Longitude":54.13587485,"GlobalID":"{6E4F45EF-6B74-429B-82AF-BB97A1CE11FB}","NEAR_FID":15490,"NEAR_DIST":5.4923237172528117}},{"type":"Feature","id":1384,"geometry":{"type":"Point","coordinates":[195051.97589999996,1885070.2715000007]},"properties":{"OBJECTID":1384,"Asset_ID":"GLY1384","Name":"Gully","District_ID":"al Robat","Wlyt_ID":"Salalah","Gov_ID":"Dhofar Governorate","Road_ID":"102645","Mun_ID":" ","Latitude":17.029663410000001,"Longitude":54.135655749999998,"GlobalID":"{98612D1A-1335-4BE4-AB0C-9B2F5E9CCF97}","NEAR_FID":15490,"NEAR_DIST":6.0777875792905016}},{"type":"Feature","id":1385,"geometry":{"type":"Point","coordinates":[195028.74480000045,1885062.0944999997]},"properties":{"OBJECTID":1385,"Asset_ID":"GLY1385","Name":"Gully","District_ID":"al Robat","Wlyt_ID":"Salalah","Gov_ID":"Dhofar Governorate","Road_ID":"102645","Mun_ID":" ","Latitude":17.029586510000001,"Longitude":54.135438860000001,"GlobalID":"{44293D55-76D9-4F39-842F-56D3941553C9}","NEAR_FID":15490,"NEAR_DIST":6.7302545813072987}},{"type":"Feature","id":1386,"geometry":{"type":"Point","coordinates":[195004.92169999983,1885053.7916000001]},"properties":{"OBJECTID":1386,"Asset_ID":"GLY1386","Name":"Gully","District_ID":"al Robat","Wlyt_ID":"Salalah","Gov_ID":"Dhofar Governorate","Road_ID":"102645","Mun_ID":" ","Latitude":17.029508400000001,"Longitude":54.135216440000001,"GlobalID":"{09F26D78-45D2-44C2-9D2D-3D0015CD01E3}","NEAR_FID":15490,"NEAR_DIST":7.43738801771255}},{"type":"Feature","id":1387,"geometry":{"type":"Point","coordinates":[194981.83359999955,1885045.6401000004]},"properties":{"OBJECTID":1387,"Asset_ID":"GLY1387","Name":"Gully","District_ID":"al Robat","Wlyt_ID":"Salalah","Gov_ID":"Dhofar Governorate","Road_ID":"102645","Mun_ID":" ","Latitude":17.029431760000001,"Longitude":54.135000900000001,"GlobalID":"{4F6EA7A9-E93E-4800-A032-63E2AA5B4564}","NEAR_FID":15490,"NEAR_DIST":8.3039906492413618}},{"type":"Feature","id":1388,"geometry":{"type":"Point","coordinates":[194953.12559999991,1885036.0215000007]},"properties":{"OBJECTID":1388,"Asset_ID":"GLY1388","Name":"Gully","District_ID":"al Robat","Wlyt_ID":"Salalah","Gov_ID":"Dhofar Governorate","Road_ID":"102645","Mun_ID":" ","Latitude":17.029341120000002,"Longitude":54.134732810000003,"GlobalID":"{0107FF3D-C1FC-48F4-AF29-42587B757DB7}","NEAR_FID":6329,"NEAR_DIST":8.5271012119640286}},{"type":"Feature","id":1389,"geometry":{"type":"Point","coordinates":[194914.8180999998,1885022.3844000008]},"properties":{"OBJECTID":1389,"Asset_ID":"GLY1389","Name":"Gully","District_ID":"al Robat","Wlyt_ID":"Salalah","Gov_ID":"Dhofar Governorate","Road_ID":"102645","Mun_ID":" ","Latitude":17.02921293,"Longitude":54.134375200000001,"GlobalID":"{4066B07A-830C-42FA-AE1E-0F2DF79D2846}","NEAR_FID":6329,"NEAR_DIST":6.8871215279477376}},{"type":"Feature","id":1390,"geometry":{"type":"Point","coordinates":[194897.20870000031,1885016.1480999999]},"properties":{"OBJECTID":1390,"Asset_ID":"GLY1390","Name":"Gully","District_ID":"al Robat","Wlyt_ID":"Salalah","Gov_ID":"Dhofar Governorate","Road_ID":"102645","Mun_ID":" ","Latitude":17.029154299999998,"Longitude":54.134210809999999,"GlobalID":"{338DB952-19CA-408E-B38A-211C0C83D9D9}","NEAR_FID":6329,"NEAR_DIST":6.4728032783364675}},{"type":"Feature","id":1391,"geometry":{"type":"Point","coordinates":[194877.26410000026,1885009.0563999992]},"properties":{"OBJECTID":1391,"Asset_ID":"GLY1391","Name":"Gully","District_ID":"al Robat","Wlyt_ID":"Salalah","Gov_ID":"Dhofar Governorate","Road_ID":"102645","Mun_ID":" ","Latitude":17.029087629999999,"Longitude":54.134024619999998,"GlobalID":"{A3166056-6D88-42F9-9414-3D4182802DFD}","NEAR_FID":6329,"NEAR_DIST":6.0300940036032644}},{"type":"Feature","id":1392,"geometry":{"type":"Point","coordinates":[194841.47800000012,1884995.2961999997]},"properties":{"OBJECTID":1392,"Asset_ID":"GLY1392","Name":"Gully","District_ID":"al Robat","Wlyt_ID":"Salalah","Gov_ID":"Dhofar Governorate","Road_ID":"102645","Mun_ID":" ","Latitude":17.028958670000002,"Longitude":54.133690680000001,"GlobalID":"{89CFEEDA-C0B9-4278-849F-A5B1AD3E3CF7}","NEAR_FID":6329,"NEAR_DIST":7.1607832611736466}},{"type":"Feature","id":1393,"geometry":{"type":"Point","coordinates":[194801.9665000001,1884981.4465999994]},"properties":{"OBJECTID":1393,"Asset_ID":"GLY1393","Name":"Gully","District_ID":"al Robat","Wlyt_ID":"Salalah","Gov_ID":"Dhofar Governorate","Road_ID":"102645","Mun_ID":" ","Latitude":17.028828399999998,"Longitude":54.133321799999997,"GlobalID":"{BC864CF3-F91E-41D5-9DFC-CAFFD6BB3494}","NEAR_FID":6329,"NEAR_DIST":7.3503458410223459}},{"type":"Feature","id":1394,"geometry":{"type":"Point","coordinates":[194763.99770000018,1884969.3886999991]},"properties":{"OBJECTID":1394,"Asset_ID":"GLY1394","Name":"Gully","District_ID":"al Robat","Wlyt_ID":"Salalah","Gov_ID":"Dhofar Governorate","Road_ID":"102645","Mun_ID":" ","Latitude":17.02871451,"Longitude":54.132967149999999,"GlobalID":"{AA920D41-8F85-4FA2-8DC3-522CEFEAC375}","NEAR_FID":6329,"NEAR_DIST":6.9780078676261237}},{"type":"Feature","id":1395,"geometry":{"type":"Point","coordinates":[194726.23830000032,1884956.1010999996]},"properties":{"OBJECTID":1395,"Asset_ID":"GLY1395","Name":"Gully","District_ID":"al Robat","Wlyt_ID":"Salalah","Gov_ID":"Dhofar Governorate","Road_ID":"102645","Mun_ID":" ","Latitude":17.02858955,"Longitude":54.132614629999999,"GlobalID":"{7DE6F1FC-EDE5-4102-9037-C4AD648CC7B2}","NEAR_FID":6329,"NEAR_DIST":7.9488915380576968}},{"type":"Feature","id":1396,"geometry":{"type":"Point","coordinates":[194688.46710000001,1884943.0558000002]},"properties":{"OBJECTID":1396,"Asset_ID":"GLY1396","Name":"Gully","District_ID":"al Robat","Wlyt_ID":"Salalah","Gov_ID":"Dhofar Governorate","Road_ID":"102645","Mun_ID":" ","Latitude":17.028466770000001,"Longitude":54.132261970000002,"GlobalID":"{269C3C2E-A6B0-4A26-8C0A-8F6F05F6AA38}","NEAR_FID":6329,"NEAR_DIST":8.6856847579839833}},{"type":"Feature","id":1397,"geometry":{"type":"Point","coordinates":[194649.90380000044,1884932.0022]},"properties":{"OBJECTID":1397,"Asset_ID":"GLY1397","Name":"Gully","District_ID":"al Robat","Wlyt_ID":"Salalah","Gov_ID":"Dhofar Governorate","Road_ID":"102645","Mun_ID":" ","Latitude":17.028361870000001,"Longitude":54.13190161,"GlobalID":"{C030249F-4AF5-41F9-A5B5-870118EDA2AC}","NEAR_FID":6329,"NEAR_DIST":6.0933885079682746}},{"type":"Feature","id":1398,"geometry":{"type":"Point","coordinates":[194611.8973000003,1884919.6964999996]},"properties":{"OBJECTID":1398,"Asset_ID":"GLY1398","Name":"Gully","District_ID":"al Robat","Wlyt_ID":"Salalah","Gov_ID":"Dhofar Governorate","Road_ID":"102645","Mun_ID":" ","Latitude":17.028245739999999,"Longitude":54.131546640000003,"GlobalID":"{E076F85F-8DF7-4B5A-8AAC-C97E173DE12B}","NEAR_FID":6329,"NEAR_DIST":5.1605633395012376}},{"type":"Feature","id":1399,"geometry":{"type":"Point","coordinates":[194574.34210000001,1884906.4319000002]},"properties":{"OBJECTID":1399,"Asset_ID":"GLY1399","Name":"Gully","District_ID":"al Robat","Wlyt_ID":"Salalah","Gov_ID":"Dhofar Governorate","Road_ID":"102645","Mun_ID":" ","Latitude":17.02812101,"Longitude":54.131196039999999,"GlobalID":"{6664574C-AEDF-4B4F-9E7C-969612A11832}","NEAR_FID":6329,"NEAR_DIST":5.0727061444948154}},{"type":"Feature","id":1400,"geometry":{"type":"Point","coordinates":[194536.53729999997,1884893.1076999996]},"properties":{"OBJECTID":1400,"Asset_ID":"GLY1400","Name":"Gully","District_ID":"al Robat","Wlyt_ID":"Salalah","Gov_ID":"Dhofar Governorate","Road_ID":"102645","Mun_ID":" ","Latitude":17.027995709999999,"Longitude":54.1308431,"GlobalID":"{EB83E9E0-B38C-47C1-A44A-015B4A7AE7FC}","NEAR_FID":6329,"NEAR_DIST":5.029286947348103}},{"type":"Feature","id":1401,"geometry":{"type":"Point","coordinates":[194498.80750000011,1884879.8260999992]},"properties":{"OBJECTID":1401,"Asset_ID":"GLY1401","Name":"Gully","District_ID":"al Robat","Wlyt_ID":"Salalah","Gov_ID":"Dhofar Governorate","Road_ID":"102645","Mun_ID":" ","Latitude":17.027870799999999,"Longitude":54.130490870000003,"GlobalID":"{FB7C0601-BF59-44CC-85BA-B9548F713236}","NEAR_FID":6329,"NEAR_DIST":4.9671709427027437}},{"type":"Feature","id":1402,"geometry":{"type":"Point","coordinates":[194461.06579999998,1884866.5503000002]},"properties":{"OBJECTID":1402,"Asset_ID":"GLY1402","Name":"Gully","District_ID":"al Robat","Wlyt_ID":"Salalah","Gov_ID":"Dhofar Governorate","Road_ID":"102645","Mun_ID":" ","Latitude":17.027745939999999,"Longitude":54.130138520000003,"GlobalID":"{1F15D5EC-8676-4E4B-AD9C-91C9F378FF8D}","NEAR_FID":6329,"NEAR_DIST":4.9682779029918871}},{"type":"Feature","id":1403,"geometry":{"type":"Point","coordinates":[194423.35360000003,1884853.2509000003]},"properties":{"OBJECTID":1403,"Asset_ID":"GLY1403","Name":"Gully","District_ID":"al Robat","Wlyt_ID":"Salalah","Gov_ID":"Dhofar Governorate","Road_ID":"102645","Mun_ID":" ","Latitude":17.027620880000001,"Longitude":54.129786449999997,"GlobalID":"{F918A648-5F94-47BA-AF5D-4E06AF0C938E}","NEAR_FID":6329,"NEAR_DIST":5.0014359778015498}},{"type":"Feature","id":1404,"geometry":{"type":"Point","coordinates":[194383.97869999986,1884839.3079000004]},"properties":{"OBJECTID":1404,"Asset_ID":"GLY1404","Name":"Gully","District_ID":"al Robat","Wlyt_ID":"Salalah","Gov_ID":"Dhofar Governorate","Road_ID":"102645","Mun_ID":" ","Latitude":17.02748978,"Longitude":54.129418870000002,"GlobalID":"{915225CD-32EB-492D-9CFC-D72CB34EC133}","NEAR_FID":6329,"NEAR_DIST":5.0900536735767306}},{"type":"Feature","id":1405,"geometry":{"type":"Point","coordinates":[194348.17750000022,1884826.7171]},"properties":{"OBJECTID":1405,"Asset_ID":"GLY1405","Name":"Gully","District_ID":"al Robat","Wlyt_ID":"Salalah","Gov_ID":"Dhofar Governorate","Road_ID":"102645","Mun_ID":" ","Latitude":17.02737136,"Longitude":54.129084640000002,"GlobalID":"{E172E3D0-7211-4D1C-909D-0DF735C6949D}","NEAR_FID":6329,"NEAR_DIST":4.8336943400139436}},{"type":"Feature","id":1406,"geometry":{"type":"Point","coordinates":[194310.95129999984,1884812.6228999998]},"properties":{"OBJECTID":1406,"Asset_ID":"GLY1406","Name":"Gully","District_ID":"al Robat","Wlyt_ID":"Salalah","Gov_ID":"Dhofar Governorate","Road_ID":"102645","Mun_ID":" ","Latitude":17.027239179999999,"Longitude":54.12873725,"GlobalID":"{82CB2CAE-3B0F-4F58-9456-5EF2A2CF6FB7}","NEAR_FID":6329,"NEAR_DIST":5.0393093066683656}},{"type":"Feature","id":1407,"geometry":{"type":"Point","coordinates":[194274.04119999986,1884797.8909000009]},"properties":{"OBJECTID":1407,"Asset_ID":"GLY1407","Name":"Gully","District_ID":"al Robat","Wlyt_ID":"Salalah","Gov_ID":"Dhofar Governorate","Road_ID":"102645","Mun_ID":" ","Latitude":17.02710128,"Longitude":54.128392910000002,"GlobalID":"{E0D67B62-6227-424B-B474-B6A710AEAED8}","NEAR_FID":6329,"NEAR_DIST":4.9274075439439704}},{"type":"Feature","id":1408,"geometry":{"type":"Point","coordinates":[194237.46839999966,1884782.3861999996]},"properties":{"OBJECTID":1408,"Asset_ID":"GLY1408","Name":"Gully","District_ID":"al Robat","Wlyt_ID":"Salalah","Gov_ID":"Dhofar Governorate","Road_ID":"102645","Mun_ID":" ","Latitude":17.02695645,"Longitude":54.128051839999998,"GlobalID":"{6FCF00B9-E13C-489A-B6F3-11922751CC25}","NEAR_FID":6329,"NEAR_DIST":5.0332665272716834}},{"type":"Feature","id":1409,"geometry":{"type":"Point","coordinates":[194201.25200000033,1884766.0515999999]},"properties":{"OBJECTID":1409,"Asset_ID":"GLY1409","Name":"Gully","District_ID":"al Robat","Wlyt_ID":"Salalah","Gov_ID":"Dhofar Governorate","Road_ID":"102645","Mun_ID":" ","Latitude":17.026804179999999,"Longitude":54.127714230000002,"GlobalID":"{9AE758F3-4795-4AD9-BC28-D57CF8763ED6}","NEAR_FID":6329,"NEAR_DIST":4.8664389759805315}},{"type":"Feature","id":1410,"geometry":{"type":"Point","coordinates":[194165.24739999976,1884749.1481999997]},"properties":{"OBJECTID":1410,"Asset_ID":"GLY1410","Name":"Gully","District_ID":"al Robat","Wlyt_ID":"Salalah","Gov_ID":"Dhofar Governorate","Road_ID":"102645","Mun_ID":" ","Latitude":17.026646800000002,"Longitude":54.12737869,"GlobalID":"{7D7CDEB8-03DE-4CF5-A976-82188CF23223}","NEAR_FID":6329,"NEAR_DIST":5.2891124898152757}},{"type":"Feature","id":1411,"geometry":{"type":"Point","coordinates":[193863.33690000046,1884643.4181999993]},"properties":{"OBJECTID":1411,"Asset_ID":"GLY1411","Name":"Gully","District_ID":"Jerziz Farm","Wlyt_ID":"Salalah","Gov_ID":"Dhofar Governorate","Road_ID":"102645","Mun_ID":" ","Latitude":17.025652189999999,"Longitude":54.124560119999998,"GlobalID":"{08B57017-334F-412E-BD85-8B988F188267}","NEAR_FID":9481,"NEAR_DIST":11.243081725593282}},{"type":"Feature","id":1412,"geometry":{"type":"Point","coordinates":[193865.01009999961,1884640.3026000001]},"properties":{"OBJECTID":1412,"Asset_ID":"GLY1412","Name":"Gully","District_ID":"Jerziz Farm","Wlyt_ID":"Salalah","Gov_ID":"Dhofar Governorate","Road_ID":"102645","Mun_ID":" ","Latitude":17.02562429,"Longitude":54.124576249999997,"GlobalID":"{A7123333-8CA1-479A-AA16-631EB8F76C93}","NEAR_FID":9481,"NEAR_DIST":7.7110072449704186}},{"type":"Feature","id":1413,"geometry":{"type":"Point","coordinates":[193899.48660000041,1884660.6028000005]},"properties":{"OBJECTID":1413,"Asset_ID":"GLY1413","Name":"Gully","District_ID":"Jerziz Farm","Wlyt_ID":"Salalah","Gov_ID":"Dhofar Governorate","Road_ID":"102645","Mun_ID":" ","Latitude":17.025812129999998,"Longitude":54.124896980000003,"GlobalID":"{531FA636-5C80-4443-8263-A9CBA14C3857}","NEAR_FID":9481,"NEAR_DIST":11.27238498139277}},{"type":"Feature","id":1414,"geometry":{"type":"Point","coordinates":[193901.14829999954,1884657.4178999998]},"properties":{"OBJECTID":1414,"Asset_ID":"GLY1414","Name":"Gully","District_ID":"Jerziz Farm","Wlyt_ID":"Salalah","Gov_ID":"Dhofar Governorate","Road_ID":"102645","Mun_ID":" ","Latitude":17.0257836,"Longitude":54.12491301,"GlobalID":"{87A39407-91DF-42C8-BCEF-0BA5DF890E18}","NEAR_FID":9481,"NEAR_DIST":7.6826313898787131}},{"type":"Feature","id":1415,"geometry":{"type":"Point","coordinates":[193936.81799999997,1884675.4550000001]},"properties":{"OBJECTID":1415,"Asset_ID":"GLY1415","Name":"Gully","District_ID":"Jerziz Farm","Wlyt_ID":"Salalah","Gov_ID":"Dhofar Governorate","Road_ID":"102645","Mun_ID":" ","Latitude":17.02595118,"Longitude":54.125245249999999,"GlobalID":"{30DECF93-E0AB-418F-BBD1-5B3FC1A8B98C}","NEAR_FID":9481,"NEAR_DIST":8.8396663091970922}},{"type":"Feature","id":1416,"geometry":{"type":"Point","coordinates":[193973.33669999987,1884691.8029999994]},"properties":{"OBJECTID":1416,"Asset_ID":"GLY1416","Name":"Gully","District_ID":"Jerziz Farm","Wlyt_ID":"Salalah","Gov_ID":"Dhofar Governorate","Road_ID":"102645","Mun_ID":" ","Latitude":17.026103620000001,"Longitude":54.125585690000001,"GlobalID":"{E5F8169F-143C-4BF3-8F06-0C2A13D57A36}","NEAR_FID":9481,"NEAR_DIST":8.2147395171122888}},{"type":"Feature","id":1417,"geometry":{"type":"Point","coordinates":[194009.40639999975,1884708.8541000001]},"properties":{"OBJECTID":1417,"Asset_ID":"GLY1417","Name":"Gully","District_ID":"Jerziz Farm","Wlyt_ID":"Salalah","Gov_ID":"Dhofar Governorate","Road_ID":"102645","Mun_ID":" ","Latitude":17.026262339999999,"Longitude":54.125921820000002,"GlobalID":"{743C9A68-DC5F-42A3-BEEC-E1159A19080E}","NEAR_FID":9481,"NEAR_DIST":8.4166545228380834}},{"type":"Feature","id":1418,"geometry":{"type":"Point","coordinates":[194045.5410000002,1884725.9938999992]},"properties":{"OBJECTID":1418,"Asset_ID":"GLY1418","Name":"Gully","District_ID":"Jerziz Farm","Wlyt_ID":"Salalah","Gov_ID":"Dhofar Governorate","Road_ID":"102645","Mun_ID":" ","Latitude":17.026421880000001,"Longitude":54.126258540000002,"GlobalID":"{F1F78672-CEA2-4DD5-BAB6-20142E60570C}","NEAR_FID":9481,"NEAR_DIST":8.3116874390273896}},{"type":"Feature","id":1419,"geometry":{"type":"Point","coordinates":[194108.98929999955,1884755.8421999998]},"properties":{"OBJECTID":1419,"Asset_ID":"GLY1419","Name":"Gully","District_ID":"Jerziz Farm","Wlyt_ID":"Salalah","Gov_ID":"Dhofar Governorate","Road_ID":"102645","Mun_ID":" ","Latitude":17.02669977,"Longitude":54.126849829999998,"GlobalID":"{531F8265-7C13-4781-BACA-C41231F92D86}","NEAR_FID":9481,"NEAR_DIST":7.9720248085815353}},{"type":"Feature","id":1420,"geometry":{"type":"Point","coordinates":[194154.19900000002,1884777.2181000002]},"properties":{"OBJECTID":1420,"Asset_ID":"GLY1420","Name":"Gully","District_ID":"Jerziz Farm","Wlyt_ID":"Salalah","Gov_ID":"Dhofar Governorate","Road_ID":"102645","Mun_ID":" ","Latitude":17.026898750000001,"Longitude":54.127271139999998,"GlobalID":"{AB13D2C4-59DF-4C48-9BFD-9CCDDC449F19}","NEAR_FID":9481,"NEAR_DIST":7.9940955839929595}},{"type":"Feature","id":1421,"geometry":{"type":"Point","coordinates":[194190.4570000004,1884794.2670000009]},"properties":{"OBJECTID":1421,"Asset_ID":"GLY1421","Name":"Gully","District_ID":"Jerziz Farm","Wlyt_ID":"Salalah","Gov_ID":"Dhofar Governorate","Road_ID":"102645","Mun_ID":" ","Latitude":17.02705748,"Longitude":54.127609040000003,"GlobalID":"{14997678-0FBC-467A-B658-A93026C46B1B}","NEAR_FID":9481,"NEAR_DIST":8.0783626113247493}},{"type":"Feature","id":1422,"geometry":{"type":"Point","coordinates":[194227.12999999989,1884810.7649000008]},"properties":{"OBJECTID":1422,"Asset_ID":"GLY1422","Name":"Gully","District_ID":"Jerziz Farm","Wlyt_ID":"Salalah","Gov_ID":"Dhofar Governorate","Road_ID":"102645","Mun_ID":" ","Latitude":17.02721129,"Longitude":54.127950910000003,"GlobalID":"{6D721966-6A26-4EF5-8ECD-CB48171D9ADC}","NEAR_FID":9481,"NEAR_DIST":8.5341144813698087}},{"type":"Feature","id":1423,"geometry":{"type":"Point","coordinates":[194264.29119999986,1884826.4390999991]},"properties":{"OBJECTID":1423,"Asset_ID":"GLY1423","Name":"Gully","District_ID":"Jerziz Farm","Wlyt_ID":"Salalah","Gov_ID":"Dhofar Governorate","Road_ID":"102645","Mun_ID":" ","Latitude":17.027357729999999,"Longitude":54.128297480000001,"GlobalID":"{D905A5F3-A3C7-45FD-A63D-20A9D0534CD9}","NEAR_FID":9481,"NEAR_DIST":8.2962597717669997}},{"type":"Feature","id":1424,"geometry":{"type":"Point","coordinates":[194301.69299999997,1884841.3059]},"properties":{"OBJECTID":1424,"Asset_ID":"GLY1424","Name":"Gully","District_ID":"Jerziz Farm","Wlyt_ID":"Salalah","Gov_ID":"Dhofar Governorate","Road_ID":"102645","Mun_ID":" ","Latitude":17.02749691,"Longitude":54.128646410000002,"GlobalID":"{F16140D6-273D-4AF8-8280-8896DB9C9D31}","NEAR_FID":9481,"NEAR_DIST":8.0219202687482927}},{"type":"Feature","id":1425,"geometry":{"type":"Point","coordinates":[194342.3992999997,1884859.3894999996]},"properties":{"OBJECTID":1425,"Asset_ID":"GLY1425","Name":"Gully","District_ID":"Jerziz Farm","Wlyt_ID":"Salalah","Gov_ID":"Dhofar Governorate","Road_ID":"102645","Mun_ID":" ","Latitude":17.027665559999999,"Longitude":54.129025919999997,"GlobalID":"{37526A01-F722-447B-AC49-E8546FE19A30}","NEAR_FID":16051,"NEAR_DIST":10.804950029395465}},{"type":"Feature","id":1426,"geometry":{"type":"Point","coordinates":[194375.85489999969,1884872.3385000005]},"properties":{"OBJECTID":1426,"Asset_ID":"GLY1426","Name":"Gully","District_ID":"Jerziz Farm","Wlyt_ID":"Salalah","Gov_ID":"Dhofar Governorate","Road_ID":"102645","Mun_ID":" ","Latitude":17.027786899999999,"Longitude":54.129338089999997,"GlobalID":"{4D292EEF-B6EC-4B28-B185-47CFC716E4D9}","NEAR_FID":16051,"NEAR_DIST":10.097156451356954}},{"type":"Feature","id":1427,"geometry":{"type":"Point","coordinates":[194377.19350000005,1884868.9596999995]},"properties":{"OBJECTID":1427,"Asset_ID":"GLY1427","Name":"Gully","District_ID":"Jerziz Farm","Wlyt_ID":"Salalah","Gov_ID":"Dhofar Governorate","Road_ID":"102645","Mun_ID":" ","Latitude":17.027756579999998,"Longitude":54.129351110000002,"GlobalID":"{9F502DC0-43F9-48DA-A38A-C1FEDFFA8FD6}","NEAR_FID":16051,"NEAR_DIST":6.4641974473905766}},{"type":"Feature","id":1428,"geometry":{"type":"Point","coordinates":[194413.64039999992,1884885.5022]},"properties":{"OBJECTID":1428,"Asset_ID":"GLY1428","Name":"Gully","District_ID":"Jerziz Farm","Wlyt_ID":"Salalah","Gov_ID":"Dhofar Governorate","Road_ID":"102645","Mun_ID":" ","Latitude":17.027910760000001,"Longitude":54.129690859999997,"GlobalID":"{552FDD9C-0B79-4759-89A1-CC8A524F4448}","NEAR_FID":16051,"NEAR_DIST":6.7462648188153072}},{"type":"Feature","id":1429,"geometry":{"type":"Point","coordinates":[194414.92410000041,1884882.1557]},"properties":{"OBJECTID":1429,"Asset_ID":"GLY1429","Name":"Gully","District_ID":"Jerziz Farm","Wlyt_ID":"Salalah","Gov_ID":"Dhofar Governorate","Road_ID":"102645","Mun_ID":" ","Latitude":17.027880710000002,"Longitude":54.129703370000001,"GlobalID":"{F179DEF2-97FB-41F4-BDED-FDEABD39AE1B}","NEAR_FID":16051,"NEAR_DIST":3.178449387145569}},{"type":"Feature","id":1430,"geometry":{"type":"Point","coordinates":[194448.89520000014,1884894.0234999992]},"properties":{"OBJECTID":1430,"Asset_ID":"GLY1430","Name":"Gully","District_ID":"Jerziz Farm","Wlyt_ID":"Salalah","Gov_ID":"Dhofar Governorate","Road_ID":"102645","Mun_ID":" ","Latitude":17.027992359999999,"Longitude":54.130020520000002,"GlobalID":"{24E0C7CB-1A8C-4A13-802C-585A227CA9C4}","NEAR_FID":14013,"NEAR_DIST":4.8460504888906657}},{"type":"Feature","id":1431,"geometry":{"type":"Point","coordinates":[194490.2714999998,1884908.7424999997]},"properties":{"OBJECTID":1431,"Asset_ID":"GLY1431","Name":"Gully","District_ID":"Jerziz Farm","Wlyt_ID":"Salalah","Gov_ID":"Dhofar Governorate","Road_ID":"102645","Mun_ID":" ","Latitude":17.028130730000001,"Longitude":54.130406780000001,"GlobalID":"{5C59551C-7449-4B9E-B844-9EA436A19539}","NEAR_FID":14180,"NEAR_DIST":1.2192533168512014}},{"type":"Feature","id":1432,"geometry":{"type":"Point","coordinates":[194526.78500000015,1884925.3134000003]},"properties":{"OBJECTID":1432,"Asset_ID":"GLY1432","Name":"Gully","District_ID":"Jerziz Farm","Wlyt_ID":"Salalah","Gov_ID":"Dhofar Governorate","Road_ID":"102645","Mun_ID":" ","Latitude":17.02828517,"Longitude":54.130747149999998,"GlobalID":"{889B11B5-AC40-4DB3-9727-8F110B4C28B8}","NEAR_FID":14180,"NEAR_DIST":9.986121806258911}},{"type":"Feature","id":1433,"geometry":{"type":"Point","coordinates":[194527.99660000019,1884921.9669000003]},"properties":{"OBJECTID":1433,"Asset_ID":"GLY1433","Name":"Gully","District_ID":"Jerziz Farm","Wlyt_ID":"Salalah","Gov_ID":"Dhofar Governorate","Road_ID":"102645","Mun_ID":" ","Latitude":17.028255120000001,"Longitude":54.130758980000003,"GlobalID":"{150AB8F2-362C-40D8-8594-AEC174BE0066}","NEAR_FID":14180,"NEAR_DIST":6.462741808685017}},{"type":"Feature","id":1434,"geometry":{"type":"Point","coordinates":[194565.3339999998,1884936.4799000006]},"properties":{"OBJECTID":1434,"Asset_ID":"GLY1434","Name":"Gully","District_ID":"Jerziz Farm","Wlyt_ID":"Salalah","Gov_ID":"Dhofar Governorate","Road_ID":"102645","Mun_ID":" ","Latitude":17.02839109,"Longitude":54.131107370000002,"GlobalID":"{D3AF44F2-0C36-4561-94FE-87392B59A64E}","NEAR_FID":16904,"NEAR_DIST":9.2522975768076741}},{"type":"Feature","id":1435,"geometry":{"type":"Point","coordinates":[194603.47809999995,1884948.5267999992]},"properties":{"OBJECTID":1435,"Asset_ID":"GLY1435","Name":"Gully","District_ID":"Jerziz Farm","Wlyt_ID":"Salalah","Gov_ID":"Dhofar Governorate","Road_ID":"102645","Mun_ID":" ","Latitude":17.028504909999999,"Longitude":54.131463660000001,"GlobalID":"{54EF550B-1989-4862-999A-E76C68E7BF54}","NEAR_FID":13734,"NEAR_DIST":8.1509575817724418}},{"type":"Feature","id":1436,"geometry":{"type":"Point","coordinates":[194641.08150000032,1884961.7216999996]},"properties":{"OBJECTID":1436,"Asset_ID":"GLY1436","Name":"Gully","District_ID":"Jerziz Farm","Wlyt_ID":"Salalah","Gov_ID":"Dhofar Governorate","Road_ID":"102645","Mun_ID":" ","Latitude":17.02862901,"Longitude":54.131814720000001,"GlobalID":"{9498B71B-155D-448B-9DD8-E06ABDA8FAB9}","NEAR_FID":13734,"NEAR_DIST":8.1990842562380184}},{"type":"Feature","id":1437,"geometry":{"type":"Point","coordinates":[194678.83669999987,1884975.0723999999]},"properties":{"OBJECTID":1437,"Asset_ID":"GLY1437","Name":"Gully","District_ID":"Jerziz Farm","Wlyt_ID":"Salalah","Gov_ID":"Dhofar Governorate","Road_ID":"102645","Mun_ID":" ","Latitude":17.028754549999999,"Longitude":54.132167189999997,"GlobalID":"{B21E8980-8B21-4FC5-A989-4EC0C1C146C1}","NEAR_FID":13734,"NEAR_DIST":8.2071962346057621}},{"type":"Feature","id":1438,"geometry":{"type":"Point","coordinates":[194716.55580000021,1884988.2687999997]},"properties":{"OBJECTID":1438,"Asset_ID":"GLY1438","Name":"Gully","District_ID":"Jerziz Farm","Wlyt_ID":"Salalah","Gov_ID":"Dhofar Governorate","Road_ID":"102645","Mun_ID":" ","Latitude":17.028878679999998,"Longitude":54.132519340000002,"GlobalID":"{208A8D4F-572F-420F-83C3-C5C021614BCE}","NEAR_FID":13734,"NEAR_DIST":8.0819804747035011}},{"type":"Feature","id":1439,"geometry":{"type":"Point","coordinates":[194754.28529999964,1885001.6269000005]},"properties":{"OBJECTID":1439,"Asset_ID":"GLY1439","Name":"Gully","District_ID":"Jerziz Farm","Wlyt_ID":"Salalah","Gov_ID":"Dhofar Governorate","Road_ID":"102645","Mun_ID":" ","Latitude":17.029004279999999,"Longitude":54.132871569999999,"GlobalID":"{C6FAF05C-3D6C-4F70-80E2-98C91B95B16D}","NEAR_FID":13734,"NEAR_DIST":8.4846343624309792}},{"type":"Feature","id":1440,"geometry":{"type":"Point","coordinates":[194792.0055999998,1885014.8373000007]},"properties":{"OBJECTID":1440,"Asset_ID":"GLY1440","Name":"Gully","District_ID":"Jerziz Farm","Wlyt_ID":"Salalah","Gov_ID":"Dhofar Governorate","Road_ID":"102645","Mun_ID":" ","Latitude":17.029128539999999,"Longitude":54.133223729999997,"GlobalID":"{7ECE7031-DB2C-41DF-B1A7-32E22614B863}","NEAR_FID":13734,"NEAR_DIST":8.7518079368202031}},{"type":"Feature","id":1441,"geometry":{"type":"Point","coordinates":[194829.79160000011,1885028.2050000001]},"properties":{"OBJECTID":1441,"Asset_ID":"GLY1441","Name":"Gully","District_ID":"Jerziz Farm","Wlyt_ID":"Salalah","Gov_ID":"Dhofar Governorate","Road_ID":"102645","Mun_ID":" ","Latitude":17.029254219999999,"Longitude":54.133576480000002,"GlobalID":"{854682B0-8ECF-4CF9-BB42-7B7F354C513B}","NEAR_FID":13734,"NEAR_DIST":8.7390219795091539}},{"type":"Feature","id":1442,"geometry":{"type":"Point","coordinates":[194867.48599999957,1885041.4276000001]},"properties":{"OBJECTID":1442,"Asset_ID":"GLY1442","Name":"Gully","District_ID":"Jerziz Farm","Wlyt_ID":"Salalah","Gov_ID":"Dhofar Governorate","Road_ID":"102645","Mun_ID":" ","Latitude":17.02937859,"Longitude":54.133928400000002,"GlobalID":"{24422B3A-56D5-4F58-AD39-4C26C852B5BF}","NEAR_FID":13734,"NEAR_DIST":8.563905678784888}},{"type":"Feature","id":1443,"geometry":{"type":"Point","coordinates":[194905.23099999968,1885054.6808000002]},"properties":{"OBJECTID":1443,"Asset_ID":"GLY1443","Name":"Gully","District_ID":"Jerziz Farm","Wlyt_ID":"Salalah","Gov_ID":"Dhofar Governorate","Road_ID":"102645","Mun_ID":" ","Latitude":17.02950324,"Longitude":54.134280789999998,"GlobalID":"{ECC679B9-BF89-4260-8909-63DC23EA00C1}","NEAR_FID":13734,"NEAR_DIST":8.341444645252885}},{"type":"Feature","id":1444,"geometry":{"type":"Point","coordinates":[194942.95120000001,1885067.9926999994]},"properties":{"OBJECTID":1444,"Asset_ID":"GLY1444","Name":"Gully","District_ID":"Jerziz Farm","Wlyt_ID":"Salalah","Gov_ID":"Dhofar Governorate","Road_ID":"102645","Mun_ID":" ","Latitude":17.029628410000001,"Longitude":54.134632940000003,"GlobalID":"{EC4B56A3-2E3C-4538-A406-5D1E11C4BE1B}","NEAR_FID":13734,"NEAR_DIST":8.1776390761854447}},{"type":"Feature","id":1445,"geometry":{"type":"Point","coordinates":[194968.67009999976,1885078.2948000003]},"properties":{"OBJECTID":1445,"Asset_ID":"GLY1445","Name":"Gully","District_ID":"Jerziz Farm","Wlyt_ID":"Salalah","Gov_ID":"Dhofar Governorate","Road_ID":"102645","Mun_ID":" ","Latitude":17.029724829999999,"Longitude":54.134872870000002,"GlobalID":"{1B841268-8E3C-45E4-A4DB-12D9146BD0EE}","NEAR_FID":13734,"NEAR_DIST":8.1558938365851628}},{"type":"Feature","id":1446,"geometry":{"type":"Point","coordinates":[194991.75349999964,1885087.9252000004]},"properties":{"OBJECTID":1446,"Asset_ID":"GLY1446","Name":"Gully","District_ID":"Jerziz Farm","Wlyt_ID":"Salalah","Gov_ID":"Dhofar Governorate","Road_ID":"102645","Mun_ID":" ","Latitude":17.029814819999999,"Longitude":54.135088170000003,"GlobalID":"{4D66EC52-B1AE-4DD0-8B2E-F70A525FA05F}","NEAR_FID":13734,"NEAR_DIST":8.3786892318820261}},{"type":"Feature","id":1447,"geometry":{"type":"Point","coordinates":[195014.66220000014,1885097.5338000003]},"properties":{"OBJECTID":1447,"Asset_ID":"GLY1447","Name":"Gully","District_ID":"Jerziz Farm","Wlyt_ID":"Salalah","Gov_ID":"Dhofar Governorate","Road_ID":"102645","Mun_ID":" ","Latitude":17.029904599999998,"Longitude":54.135301830000003,"GlobalID":"{3BCC5F90-939E-436B-BBA2-47754FBE7AEF}","NEAR_FID":13734,"NEAR_DIST":8.6471181419347847}},{"type":"Feature","id":1448,"geometry":{"type":"Point","coordinates":[195037.82430000044,1885107.1623999998]},"properties":{"OBJECTID":1448,"Asset_ID":"GLY1448","Name":"Gully","District_ID":"Jerziz Farm","Wlyt_ID":"Salalah","Gov_ID":"Dhofar Governorate","Road_ID":"100537","Mun_ID":" ","Latitude":17.029994599999998,"Longitude":54.135517870000001,"GlobalID":"{497DBDBD-F357-4FCA-B7B3-36F3CFB13B96}","NEAR_FID":18965,"NEAR_DIST":8.6753085697799879}},{"type":"Feature","id":1449,"geometry":{"type":"Point","coordinates":[195065.65749999974,1885118.6095000003]},"properties":{"OBJECTID":1449,"Asset_ID":"GLY1449","Name":"Gully","District_ID":"Jerziz Farm","Wlyt_ID":"Salalah","Gov_ID":"Dhofar Governorate","Road_ID":"100537","Mun_ID":" ","Latitude":17.030101630000001,"Longitude":54.135777490000002,"GlobalID":"{20F0942B-A4EA-48AA-B41D-9077E5AA25CE}","NEAR_FID":18965,"NEAR_DIST":5.7282576431956915}},{"type":"Feature","id":1450,"geometry":{"type":"Point","coordinates":[195084.15039999969,1885126.2971999999]},"properties":{"OBJECTID":1450,"Asset_ID":"GLY1450","Name":"Gully","District_ID":"Jerziz Farm","Wlyt_ID":"Salalah","Gov_ID":"Dhofar Governorate","Road_ID":"100537","Mun_ID":" ","Latitude":17.030173479999998,"Longitude":54.135949979999999,"GlobalID":"{06FDC05E-2EAB-44CC-A8E1-EECB9A040EDB}","NEAR_FID":18965,"NEAR_DIST":4.610175356531327}},{"type":"Feature","id":1451,"geometry":{"type":"Point","coordinates":[195129.80950000044,1885146.6261999998]},"properties":{"OBJECTID":1451,"Asset_ID":"GLY1451","Name":"Gully","District_ID":"Jerziz Farm","Wlyt_ID":"Salalah","Gov_ID":"Dhofar Governorate","Road_ID":"100537","Mun_ID":" ","Latitude":17.030363049999998,"Longitude":54.13637567,"GlobalID":"{6923E9D0-EDED-490D-A953-61EC7C73BE20}","NEAR_FID":18965,"NEAR_DIST":0.22032291311759683}},{"type":"Feature","id":1452,"geometry":{"type":"Point","coordinates":[198937.4561999999,1885342.5980999991]},"properties":{"OBJECTID":1452,"Asset_ID":"GLY1452","Name":"Gully","District_ID":"Dahariz al Shamaliyya","Wlyt_ID":"Salalah","Gov_ID":"Dhofar Governorate","Road_ID":"100003","Mun_ID":" ","Latitude":17.03263286,"Longitude":54.172082119999999,"GlobalID":"{E28D0DD1-C5BA-44A1-AF19-26861924854E}","NEAR_FID":14460,"NEAR_DIST":4.1904745717752769}},{"type":"Feature","id":1453,"geometry":{"type":"Point","coordinates":[198947.10209999979,1885168.0360000003]},"properties":{"OBJECTID":1453,"Asset_ID":"GLY1453","Name":"Gully","District_ID":"Dahariz al Shamaliyya","Wlyt_ID":"Salalah","Gov_ID":"Dhofar Governorate","Road_ID":"100003","Mun_ID":"LG20","Latitude":17.031058099999999,"Longitude":54.17219635,"GlobalID":"{015602C2-EBDB-4BA6-9F0D-46A039BEA62C}","NEAR_FID":9331,"NEAR_DIST":5.1652924651750931}},{"type":"Feature","id":1454,"geometry":{"type":"Point","coordinates":[198955.8945000004,1885761.3441000003]},"properties":{"OBJECTID":1454,"Asset_ID":"GLY1454","Name":"Gully","District_ID":"al Sada al Janubiyya","Wlyt_ID":"Salalah","Gov_ID":"Dhofar Governorate","Road_ID":"100003","Mun_ID":" ","Latitude":17.036415900000001,"Longitude":54.172198289999997,"GlobalID":"{F532D8BF-2053-47D9-8FA2-77A9D2D931BB}","NEAR_FID":11410,"NEAR_DIST":14.400495497008505}},{"type":"Feature","id":1455,"geometry":{"type":"Point","coordinates":[198936.40589999966,1885777.4615000002]},"properties":{"OBJECTID":1455,"Asset_ID":"GLY1455","Name":"Gully","District_ID":"al Sada al Janubiyya","Wlyt_ID":"Salalah","Gov_ID":"Dhofar Governorate","Road_ID":"100003","Mun_ID":" ","Latitude":17.03655887,"Longitude":54.172013210000003,"GlobalID":"{AE842D27-06B1-4222-88DF-86A1A4F0B17A}","NEAR_FID":11410,"NEAR_DIST":0.8909684738731446}},{"type":"Feature","id":1456,"geometry":{"type":"Point","coordinates":[198676.81230000034,1885700.5592]},"properties":{"OBJECTID":1456,"Asset_ID":"GLY1456","Name":"Gully","District_ID":"Dahariz al Shamaliyya","Wlyt_ID":"Salalah","Gov_ID":"Dhofar Governorate","Road_ID":"100418","Mun_ID":" ","Latitude":17.03583063,"Longitude":54.169587380000003,"GlobalID":"{692895AA-876E-4A10-A454-4B0762193497}","NEAR_FID":4965,"NEAR_DIST":4.6677233198300776}},{"type":"Feature","id":1457,"geometry":{"type":"Point","coordinates":[198651.71679999959,1885697.7947000004]},"properties":{"OBJECTID":1457,"Asset_ID":"GLY1457","Name":"Gully","District_ID":"Dahariz al Shamaliyya","Wlyt_ID":"Salalah","Gov_ID":"Dhofar Governorate","Road_ID":"100418","Mun_ID":" ","Latitude":17.03580238,"Longitude":54.169352230000001,"GlobalID":"{9D24B11C-FEBE-4760-85B5-89EFD15D21F8}","NEAR_FID":4965,"NEAR_DIST":8.5476507527634951}},{"type":"Feature","id":1458,"geometry":{"type":"Point","coordinates":[197901.95569999982,1885718.2574000005]},"properties":{"OBJECTID":1458,"Asset_ID":"GLY1458","Name":"Gully","District_ID":"Dahariz al Shamaliyya","Wlyt_ID":"Salalah","Gov_ID":"Dhofar Governorate","Road_ID":"100124","Mun_ID":" ","Latitude":17.03588895,"Longitude":54.162313009999998,"GlobalID":"{28AD85F2-86DA-4D22-AB86-546C472DCE24}","NEAR_FID":13979,"NEAR_DIST":3.0957177851867601}},{"type":"Feature","id":1459,"geometry":{"type":"Point","coordinates":[197683.38049999997,1885742.7676999997]},"properties":{"OBJECTID":1459,"Asset_ID":"GLY1459","Name":"Gully","District_ID":"Dahariz al Shamaliyya","Wlyt_ID":"Salalah","Gov_ID":"Dhofar Governorate","Road_ID":"100418","Mun_ID":" ","Latitude":17.03608157,"Longitude":54.160258370000001,"GlobalID":"{1E196FFF-21A1-4788-B622-125BD481767A}","NEAR_FID":10882,"NEAR_DIST":10.612201381649855}},{"type":"Feature","id":1460,"geometry":{"type":"Point","coordinates":[197659.10659999959,1885744.0156999994]},"properties":{"OBJECTID":1460,"Asset_ID":"GLY1460","Name":"Gully","District_ID":"Dahariz al Shamaliyya","Wlyt_ID":"Salalah","Gov_ID":"Dhofar Governorate","Road_ID":"100418","Mun_ID":" ","Latitude":17.036089650000001,"Longitude":54.160030390000003,"GlobalID":"{9BB2BF75-EC00-4550-90CE-293A30BB44FD}","NEAR_FID":10882,"NEAR_DIST":10.32296436586496}},{"type":"Feature","id":1461,"geometry":{"type":"Point","coordinates":[197634.71619999968,1885748.4726]},"properties":{"OBJECTID":1461,"Asset_ID":"GLY1461","Name":"Gully","District_ID":"Dahariz al Shamaliyya","Wlyt_ID":"Salalah","Gov_ID":"Dhofar Governorate","Road_ID":"100418","Mun_ID":" ","Latitude":17.03612669,"Longitude":54.159800879999999,"GlobalID":"{131D4F93-FE96-4D09-A42E-1FABCC6190F0}","NEAR_FID":10882,"NEAR_DIST":6.8128358242753189}},{"type":"Feature","id":1462,"geometry":{"type":"Point","coordinates":[197259.41849999968,1885747.5609000009]},"properties":{"OBJECTID":1462,"Asset_ID":"GLY1462","Name":"Gully","District_ID":"Dahariz al Shamaliyya","Wlyt_ID":"Salalah","Gov_ID":"Dhofar Governorate","Road_ID":"100124","Mun_ID":" ","Latitude":17.036069179999998,"Longitude":54.156278890000003,"GlobalID":"{F8C911D5-146E-4F1E-BDDA-E85CE7465603}","NEAR_FID":5871,"NEAR_DIST":3.2409685980426919}},{"type":"Feature","id":1463,"geometry":{"type":"Point","coordinates":[196708.56979999971,1885822.0744000003]},"properties":{"OBJECTID":1463,"Asset_ID":"GLY1463","Name":"Gully","District_ID":"al Sada al Janubiyya","Wlyt_ID":"Salalah","Gov_ID":"Dhofar Governorate","Road_ID":"100418","Mun_ID":" ","Latitude":17.03666947,"Longitude":54.151099080000002,"GlobalID":"{683804F8-5D91-47CE-A2CD-A7A2939887B4}","NEAR_FID":4805,"NEAR_DIST":6.7860865801951586}},{"type":"Feature","id":1464,"geometry":{"type":"Point","coordinates":[196687.11760000046,1885824.5973000005]},"properties":{"OBJECTID":1464,"Asset_ID":"GLY1464","Name":"Gully","District_ID":"al Sada al Janubiyya","Wlyt_ID":"Salalah","Gov_ID":"Dhofar Governorate","Road_ID":"100418","Mun_ID":" ","Latitude":17.036689419999998,"Longitude":54.150897409999999,"GlobalID":"{DFACF875-916A-4BE1-B4EC-C1FFDA9FAACD}","NEAR_FID":4805,"NEAR_DIST":8.225536829944188}},{"type":"Feature","id":1465,"geometry":{"type":"Point","coordinates":[196701.60510000028,1885822.8000000007]},"properties":{"OBJECTID":1465,"Asset_ID":"GLY1465","Name":"Gully","District_ID":"al Sada al Janubiyya","Wlyt_ID":"Salalah","Gov_ID":"Dhofar Governorate","Road_ID":"100418","Mun_ID":" ","Latitude":17.0366751,"Longitude":54.15103362,"GlobalID":"{A104C5B9-E7BD-40D7-8928-7EAB61AE168A}","NEAR_FID":4805,"NEAR_DIST":7.1600509386920281}},{"type":"Feature","id":1466,"geometry":{"type":"Point","coordinates":[196560.25490000006,1885827.1564000007]},"properties":{"OBJECTID":1466,"Asset_ID":"GLY1466","Name":"Gully","District_ID":"al Sada al Janubiyya","Wlyt_ID":"Salalah","Gov_ID":"Dhofar Governorate","Road_ID":"100418","Mun_ID":" ","Latitude":17.036695819999998,"Longitude":54.149706469999998,"GlobalID":"{4DEAB888-ED6E-4A61-A5AE-EE2AC9548BF2}","NEAR_FID":4805,"NEAR_DIST":9.7056366633432365}},{"type":"Feature","id":1467,"geometry":{"type":"Point","coordinates":[196536.57199999969,1885824.6153999995]},"properties":{"OBJECTID":1467,"Asset_ID":"GLY1467","Name":"Gully","District_ID":"al Sada al Janubiyya","Wlyt_ID":"Salalah","Gov_ID":"Dhofar Governorate","Road_ID":"100410","Mun_ID":" ","Latitude":17.036669759999999,"Longitude":54.149484559999998,"GlobalID":"{C18EEF82-7383-402C-B954-DE29AE8AE097}","NEAR_FID":15793,"NEAR_DIST":8.7664349275218694}},{"type":"Feature","id":1468,"geometry":{"type":"Point","coordinates":[196515.00329999998,1885821.3682000004]},"properties":{"OBJECTID":1468,"Asset_ID":"GLY1468","Name":"Gully","District_ID":"al Sada al Janubiyya","Wlyt_ID":"Salalah","Gov_ID":"Dhofar Governorate","Road_ID":"100410","Mun_ID":" ","Latitude":17.036637599999999,"Longitude":54.149282589999999,"GlobalID":"{428E5C9E-05C9-4D79-A95A-1E3CBB07AA6C}","NEAR_FID":15793,"NEAR_DIST":6.6741387262985361}},{"type":"Feature","id":1469,"geometry":{"type":"Point","coordinates":[196488.31359999999,1885817.2874999996]},"properties":{"OBJECTID":1469,"Asset_ID":"GLY1469","Name":"Gully","District_ID":"al Sada al Janubiyya","Wlyt_ID":"Salalah","Gov_ID":"Dhofar Governorate","Road_ID":"100410","Mun_ID":" ","Latitude":17.03659725,"Longitude":54.149032669999997,"GlobalID":"{6DE8B29D-C6DE-4CE4-BA29-6AA40D98E60F}","NEAR_FID":15793,"NEAR_DIST":3.1165025949294947}},{"type":"Feature","id":1470,"geometry":{"type":"Point","coordinates":[196434.66640000045,1885798.7908999994]},"properties":{"OBJECTID":1470,"Asset_ID":"GLY1470","Name":"Gully","District_ID":"al Sada al Janubiyya","Wlyt_ID":"Salalah","Gov_ID":"Dhofar Governorate","Road_ID":"100410","Mun_ID":" ","Latitude":17.036423190000001,"Longitude":54.148531730000002,"GlobalID":"{B70062B4-83DA-4A91-8D24-D3EB1440F9E0}","NEAR_FID":15864,"NEAR_DIST":5.0694601082885349}},{"type":"Feature","id":1471,"geometry":{"type":"Point","coordinates":[196458.44649999961,1885806.4771999996]},"properties":{"OBJECTID":1471,"Asset_ID":"GLY1471","Name":"Gully","District_ID":"al Sada al Janubiyya","Wlyt_ID":"Salalah","Gov_ID":"Dhofar Governorate","Road_ID":"100410","Mun_ID":" ","Latitude":17.036495710000001,"Longitude":54.148753849999999,"GlobalID":"{6688C730-4EDC-4629-A2AB-55D4EC58FE99}","NEAR_FID":14557,"NEAR_DIST":6.553461703715195}},{"type":"Feature","id":1472,"geometry":{"type":"Point","coordinates":[196407.49579999968,1885792.2588999998]},"properties":{"OBJECTID":1472,"Asset_ID":"GLY1472","Name":"Gully","District_ID":"al Sada al Janubiyya","Wlyt_ID":"Salalah","Gov_ID":"Dhofar Governorate","Road_ID":"100410","Mun_ID":" ","Latitude":17.036360630000001,"Longitude":54.148277640000003,"GlobalID":"{F74C08F4-F8D2-4B3B-B739-D83E2B315C4C}","NEAR_FID":15864,"NEAR_DIST":8.6398178139928969}},{"type":"Feature","id":1473,"geometry":{"type":"Point","coordinates":[196384.49590000045,1885782.9669000003]},"properties":{"OBJECTID":1473,"Asset_ID":"GLY1473","Name":"Gully","District_ID":"al Sada al Janubiyya","Wlyt_ID":"Salalah","Gov_ID":"Dhofar Governorate","Road_ID":"100418","Mun_ID":" ","Latitude":17.03627371,"Longitude":54.148063059999998,"GlobalID":"{E960C450-22AB-4196-9849-3C79B403C827}","NEAR_FID":12163,"NEAR_DIST":12.527786283570947}},{"type":"Feature","id":1474,"geometry":{"type":"Point","coordinates":[196361.31199999992,1885773.1229999997]},"properties":{"OBJECTID":1474,"Asset_ID":"GLY1474","Name":"Gully","District_ID":"al Sada al Janubiyya","Wlyt_ID":"Salalah","Gov_ID":"Dhofar Governorate","Road_ID":"100418","Mun_ID":" ","Latitude":17.03618178,"Longitude":54.147846829999999,"GlobalID":"{6969BD86-7829-4FE3-AF07-A914B1DF65BE}","NEAR_FID":12163,"NEAR_DIST":14.048976895521855}},{"type":"Feature","id":1475,"geometry":{"type":"Point","coordinates":[196264.18699999992,1885716.7677999996]},"properties":{"OBJECTID":1475,"Asset_ID":"GLY1475","Name":"Gully","District_ID":"al Sada al Janubiyya","Wlyt_ID":"Salalah","Gov_ID":"Dhofar Governorate","Road_ID":"100418","Mun_ID":" ","Latitude":17.035660190000002,"Longitude":54.146943059999998,"GlobalID":"{623670DD-89F7-467C-85D0-E90A96CEB4C4}","NEAR_FID":18455,"NEAR_DIST":9.832181934230972}},{"type":"Feature","id":1476,"geometry":{"type":"Point","coordinates":[196252.10819999967,1885707.0977999996]},"properties":{"OBJECTID":1476,"Asset_ID":"GLY1476","Name":"Gully","District_ID":"al Sada al Janubiyya","Wlyt_ID":"Salalah","Gov_ID":"Dhofar Governorate","Road_ID":"100418","Mun_ID":" ","Latitude":17.035571300000001,"Longitude":54.146831030000001,"GlobalID":"{B6B1030E-9CFA-4360-9C60-F7F635332D6C}","NEAR_FID":18455,"NEAR_DIST":2.8187985658056518}},{"type":"Feature","id":1477,"geometry":{"type":"Point","coordinates":[198989.24129999988,1884688.3157000002]},"properties":{"OBJECTID":1477,"Asset_ID":"GLY1477","Name":"Gully","District_ID":"Dahariz al Shamaliyya","Wlyt_ID":"Salalah","Gov_ID":"Dhofar Governorate","Road_ID":"100003","Mun_ID":" ","Latitude":17.026732469999999,"Longitude":54.172656930000002,"GlobalID":"{F39A2485-585C-473B-A74F-F22F8C26B72E}","NEAR_FID":16186,"NEAR_DIST":6.1457280290387164}},{"type":"Feature","id":1478,"geometry":{"type":"Point","coordinates":[198858.4626000002,1885678.5469000004]},"properties":{"OBJECTID":1478,"Asset_ID":"GLY1478","Name":"Gully","District_ID":"Dahariz al Shamaliyya","Wlyt_ID":"Salalah","Gov_ID":"Dhofar Governorate","Road_ID":"100418","Mun_ID":" ","Latitude":17.035655640000002,"Longitude":54.171295149999999,"GlobalID":"{80B998FC-CAF6-431E-99DF-C6476F1C5736}","NEAR_FID":17644,"NEAR_DIST":5.4478196113473087}},{"type":"Feature","id":1479,"geometry":{"type":"Point","coordinates":[196398.03440000024,1885814.2577999998]},"properties":{"OBJECTID":1479,"Asset_ID":"GLY1479","Name":"Gully","District_ID":"al Sada al Janubiyya","Wlyt_ID":"Salalah","Gov_ID":"Dhofar Governorate","Road_ID":"100350","Mun_ID":" ","Latitude":17.036557999999999,"Longitude":54.148185830000003,"GlobalID":"{EB21A263-C0B6-4AF1-9C14-00B81FB71002}","NEAR_FID":18020,"NEAR_DIST":8.8694759458034937}},{"type":"Feature","id":1480,"geometry":{"type":"Point","coordinates":[196419.12440000009,1885829.5467000008]},"properties":{"OBJECTID":1480,"Asset_ID":"GLY1480","Name":"Gully","District_ID":"al Sada al Janubiyya","Wlyt_ID":"Salalah","Gov_ID":"Dhofar Governorate","Road_ID":"100350","Mun_ID":" ","Latitude":17.036698810000001,"Longitude":54.148381659999998,"GlobalID":"{D606BF11-381B-4D36-A854-EA9A0848F303}","NEAR_FID":18020,"NEAR_DIST":9.4016618212166474}},{"type":"Feature","id":1481,"geometry":{"type":"Point","coordinates":[198876.31429999974,1885746.5776000004]},"properties":{"OBJECTID":1481,"Asset_ID":"GLY1481","Name":"Gully","District_ID":"al Sada al Janubiyya","Wlyt_ID":"Salalah","Gov_ID":"Dhofar Governorate","Road_ID":"100003","Mun_ID":" ","Latitude":17.036272180000001,"Longitude":54.171453440000001,"GlobalID":"{E71AA060-D517-45C9-95AC-9B51FEF4372F}","NEAR_FID":4906,"NEAR_DIST":7.7068151530699751}},{"type":"Feature","id":1482,"geometry":{"type":"Point","coordinates":[198887.73309999984,1885761.6842999998]},"properties":{"OBJECTID":1482,"Asset_ID":"GLY1482","Name":"Gully","District_ID":"al Sada al Janubiyya","Wlyt_ID":"Salalah","Gov_ID":"Dhofar Governorate","Road_ID":"100003","Mun_ID":" ","Latitude":17.036410060000001,"Longitude":54.17155855,"GlobalID":"{5CB4258D-EAB2-4CC7-89E8-4332CE930701}","NEAR_FID":4906,"NEAR_DIST":9.2986660983596003}},{"type":"Feature","id":1483,"geometry":{"type":"Point","coordinates":[198898.97439999972,1885736.1448999997]},"properties":{"OBJECTID":1483,"Asset_ID":"GLY1483","Name":"Gully","District_ID":"al Sada al Janubiyya","Wlyt_ID":"Salalah","Gov_ID":"Dhofar Governorate","Road_ID":"100003","Mun_ID":" ","Latitude":17.036180949999999,"Longitude":54.17166752,"GlobalID":"{FE50B884-0294-4C09-9D32-56D3BF811ADB}","NEAR_FID":4906,"NEAR_DIST":15.520360195520631}},{"type":"Feature","id":1484,"geometry":{"type":"Point","coordinates":[198913.03589999955,1885741.3513999991]},"properties":{"OBJECTID":1484,"Asset_ID":"GLY1484","Name":"Gully","District_ID":"al Sada al Janubiyya","Wlyt_ID":"Salalah","Gov_ID":"Dhofar Governorate","Road_ID":"100003","Mun_ID":" ","Latitude":17.036229800000001,"Longitude":54.171798780000003,"GlobalID":"{DE23119A-FB68-4794-B196-80772FD492F5}","NEAR_FID":12651,"NEAR_DIST":4.8496684429576637}},{"type":"Feature","id":1485,"geometry":{"type":"Point","coordinates":[186344.20799999963,1883550.6161000002]},"properties":{"OBJECTID":1485,"Asset_ID":"GLY1485","Name":"Gully","District_ID":"Mustashfa al Sultan Qboos","Wlyt_ID":"Salalah","Gov_ID":"Dhofar Governorate","Road_ID":"102645","Mun_ID":" ","Latitude":17.01477633,"Longitude":54.054157009999997,"GlobalID":"{725C6233-DB5C-45B7-817B-F1D444E64127}","NEAR_FID":8348,"NEAR_DIST":4.5598415516142392}},{"type":"Feature","id":1486,"geometry":{"type":"Point","coordinates":[186507.42250000034,1883626.1641000006]},"properties":{"OBJECTID":1486,"Asset_ID":"GLY1486","Name":"Gully","District_ID":"Mustashfa al Sultan Qboos","Wlyt_ID":"Salalah","Gov_ID":"Dhofar Governorate","Road_ID":"102645","Mun_ID":" ","Latitude":17.015480530000001,"Longitude":54.055677770000003,"GlobalID":"{561E505B-3200-43A3-A483-FD9C366B8B4B}","NEAR_FID":8348,"NEAR_DIST":4.4089979856952732}},{"type":"Feature","id":1487,"geometry":{"type":"Point","coordinates":[186601.72070000041,1883723.0066]},"properties":{"OBJECTID":1487,"Asset_ID":"GLY1487","Name":"Gully","District_ID":"New Industrial Area","Wlyt_ID":"Salalah","Gov_ID":"Dhofar Governorate","Road_ID":"102645","Mun_ID":" ","Latitude":17.016367590000002,"Longitude":54.056548900000003,"GlobalID":"{D9A32EEF-6105-4545-B420-51F6C2027C12}","NEAR_FID":13661,"NEAR_DIST":3.3183825466992101}},{"type":"Feature","id":1488,"geometry":{"type":"Point","coordinates":[186617.9199000001,1883645.6340999994]},"properties":{"OBJECTID":1488,"Asset_ID":"GLY1488","Name":"Gully","District_ID":"Mustashfa al Sultan Qboos","Wlyt_ID":"Salalah","Gov_ID":"Dhofar Governorate","Road_ID":"102645","Mun_ID":" ","Latitude":17.015671300000001,"Longitude":54.056711819999997,"GlobalID":"{FB09ABF1-682A-46D7-9979-6F9D791978FC}","NEAR_FID":8348,"NEAR_DIST":7.1081394111425844}},{"type":"Feature","id":1489,"geometry":{"type":"Point","coordinates":[186642.9589999998,1883631.3222000003]},"properties":{"OBJECTID":1489,"Asset_ID":"GLY1489","Name":"Gully","District_ID":"Mustashfa al Sultan Qboos","Wlyt_ID":"Salalah","Gov_ID":"Dhofar Governorate","Road_ID":"102645","Mun_ID":" ","Latitude":17.015545500000002,"Longitude":54.056948779999999,"GlobalID":"{104A8BBD-602F-4EDE-A20B-3C4F337805AA}","NEAR_FID":8348,"NEAR_DIST":5.4780893973204421}},{"type":"Feature","id":1490,"geometry":{"type":"Point","coordinates":[186666.69890000019,1883607.2355000004]},"properties":{"OBJECTID":1490,"Asset_ID":"GLY1490","Name":"Gully","District_ID":"Mustashfa al Sultan Qboos","Wlyt_ID":"Salalah","Gov_ID":"Dhofar Governorate","Road_ID":"102645","Mun_ID":" ","Latitude":17.015331280000002,"Longitude":54.057174930000002,"GlobalID":"{5DE4C4CF-5D63-4019-8F33-11240756FDB8}","NEAR_FID":8348,"NEAR_DIST":6.5405917977720156}},{"type":"Feature","id":1491,"geometry":{"type":"Point","coordinates":[186683.89570000023,1883598.3581000008]},"properties":{"OBJECTID":1491,"Asset_ID":"GLY1491","Name":"Gully","District_ID":"Mustashfa al Sultan Qboos","Wlyt_ID":"Salalah","Gov_ID":"Dhofar Governorate","Road_ID":"102645","Mun_ID":" ","Latitude":17.015253479999998,"Longitude":54.057337539999999,"GlobalID":"{F02D560B-1327-4F40-9CCD-39EE7E5859AE}","NEAR_FID":8348,"NEAR_DIST":0.40710757583404517}},{"type":"Feature","id":1492,"geometry":{"type":"Point","coordinates":[186699.44900000002,1882400.0419999994]},"properties":{"OBJECTID":1492,"Asset_ID":"GLY1492","Name":"Gully","District_ID":"Mustashfa al Sultan Qboos","Wlyt_ID":"Salalah","Gov_ID":"Dhofar Governorate","Road_ID":"100002","Mun_ID":" ","Latitude":17.004437719999999,"Longitude":54.057652539999999,"GlobalID":"{71D517C4-C7D1-4D02-8457-58A3078B06B9}","NEAR_FID":7660,"NEAR_DIST":8.6030723352190321}},{"type":"Feature","id":1493,"geometry":{"type":"Point","coordinates":[186826.95170000009,1883304.0664000008]},"properties":{"OBJECTID":1493,"Asset_ID":"GLY1493","Name":"Gully","District_ID":"al Wadi","Wlyt_ID":"Salalah","Gov_ID":"Dhofar Governorate","Road_ID":"105338","Mun_ID":" ","Latitude":17.01261616,"Longitude":54.058721349999999,"GlobalID":"{10415D8E-9596-4D7F-81C3-B726EFEDDBF8}","NEAR_FID":11112,"NEAR_DIST":11.923625338394853}},{"type":"Feature","id":1494,"geometry":{"type":"Point","coordinates":[186829.30449999962,1883595.0777000003]},"properties":{"OBJECTID":1494,"Asset_ID":"GLY1494","Name":"Gully","District_ID":"al Wadi","Wlyt_ID":"Salalah","Gov_ID":"Dhofar Governorate","Road_ID":"105509","Mun_ID":"AMH 1/1","Latitude":17.015243609999999,"Longitude":54.058702369999999,"GlobalID":"{97DB6C6D-DCD0-4245-B3C5-29523E3BFCAC}","NEAR_FID":11696,"NEAR_DIST":2.2752830698459596}},{"type":"Feature","id":1495,"geometry":{"type":"Point","coordinates":[186824.16729999986,1883674.352]},"properties":{"OBJECTID":1495,"Asset_ID":"GLY1495","Name":"Gully","District_ID":"al Wadi","Wlyt_ID":"Salalah","Gov_ID":"Dhofar Governorate","Road_ID":"105509","Mun_ID":" ","Latitude":17.015958560000001,"Longitude":54.058642990000003,"GlobalID":"{E0CB2031-9BC3-417F-BCC9-0128CB4A1DB7}","NEAR_FID":11539,"NEAR_DIST":4.6386876246286333}},{"type":"Feature","id":1496,"geometry":{"type":"Point","coordinates":[186832.94089999981,1883725.8705000002]},"properties":{"OBJECTID":1496,"Asset_ID":"GLY1496","Name":"Gully","District_ID":"al Wadi","Wlyt_ID":"Salalah","Gov_ID":"Dhofar Governorate","Road_ID":"105555","Mun_ID":"MH-7/7","Latitude":17.016424839999999,"Longitude":54.058718040000002,"GlobalID":"{2CE1F8E9-FF56-40D6-B95C-EA539599B622}","NEAR_FID":9416,"NEAR_DIST":3.8586261650802527}},{"type":"Feature","id":1497,"geometry":{"type":"Point","coordinates":[186916.79810000025,1883837.0734000001]},"properties":{"OBJECTID":1497,"Asset_ID":"GLY1497","Name":"Gully","District_ID":"al Wadi","Wlyt_ID":"Salalah","Gov_ID":"Dhofar Governorate","Road_ID":"105509","Mun_ID":" ","Latitude":17.017440109999999,"Longitude":54.059489190000001,"GlobalID":"{6E8312B3-0475-435B-B012-A45BCAE74598}","NEAR_FID":10049,"NEAR_DIST":8.1160453909536479}},{"type":"Feature","id":1498,"geometry":{"type":"Point","coordinates":[187156.38779999968,1883983.5209999997]},"properties":{"OBJECTID":1498,"Asset_ID":"GLY1498","Name":"Gully","District_ID":"al Wadi","Wlyt_ID":"Salalah","Gov_ID":"Dhofar Governorate","Road_ID":"105509","Mun_ID":" ","Latitude":17.018794679999999,"Longitude":54.061716650000001,"GlobalID":"{8CA6350C-2F56-484E-A79F-C43DA64A098A}","NEAR_FID":10049,"NEAR_DIST":5.4294748511374324}},{"type":"Feature","id":1499,"geometry":{"type":"Point","coordinates":[187200.66079999972,1883995.5580000002]},"properties":{"OBJECTID":1499,"Asset_ID":"GLY1499","Name":"Gully","District_ID":"al Wadi","Wlyt_ID":"Salalah","Gov_ID":"Dhofar Governorate","Road_ID":"105509","Mun_ID":" ","Latitude":17.018909350000001,"Longitude":54.062130369999998,"GlobalID":"{BEB1D87A-5851-44FD-8860-B710BAE1C19F}","NEAR_FID":10049,"NEAR_DIST":7.3887389984123004}},{"type":"Feature","id":1500,"geometry":{"type":"Point","coordinates":[187165.92219999991,1883974.1115000006]},"properties":{"OBJECTID":1500,"Asset_ID":"GLY1500","Name":"Gully","District_ID":"al Wadi","Wlyt_ID":"Salalah","Gov_ID":"Dhofar Governorate","Road_ID":"105509","Mun_ID":" ","Latitude":17.018711029999999,"Longitude":54.061807440000003,"GlobalID":"{FBCA8EB2-B7D5-41F9-B51E-033C771B5428}","NEAR_FID":10049,"NEAR_DIST":7.5133002517845169}},{"type":"Feature","id":1501,"geometry":{"type":"Point","coordinates":[187131.02209999971,1883954.3726000004]},"properties":{"OBJECTID":1501,"Asset_ID":"GLY1501","Name":"Gully","District_ID":"al Wadi","Wlyt_ID":"Salalah","Gov_ID":"Dhofar Governorate","Road_ID":"105509","Mun_ID":" ","Latitude":17.018528100000001,"Longitude":54.061482750000003,"GlobalID":"{959577A2-1359-4E23-A0E8-41C532686457}","NEAR_FID":10049,"NEAR_DIST":7.3505457036370201}},{"type":"Feature","id":1502,"geometry":{"type":"Point","coordinates":[187096.9606999997,1883933.7304999996]},"properties":{"OBJECTID":1502,"Asset_ID":"GLY1502","Name":"Gully","District_ID":"al Wadi","Wlyt_ID":"Salalah","Gov_ID":"Dhofar Governorate","Road_ID":"105509","Mun_ID":" ","Latitude":17.018337129999999,"Longitude":54.061166049999997,"GlobalID":"{890E7672-55B1-48A6-A85D-6AA5F0F09A1B}","NEAR_FID":10049,"NEAR_DIST":8.9566642780604653}},{"type":"Feature","id":1503,"geometry":{"type":"Point","coordinates":[187061.67609999981,1883914.3044000007]},"properties":{"OBJECTID":1503,"Asset_ID":"GLY1503","Name":"Gully","District_ID":"al Wadi","Wlyt_ID":"Salalah","Gov_ID":"Dhofar Governorate","Road_ID":"105509","Mun_ID":" ","Latitude":17.018156980000001,"Longitude":54.060837710000001,"GlobalID":"{24DC2EB5-FAEA-4A37-8B3D-9396442BE137}","NEAR_FID":10049,"NEAR_DIST":9.0823009665157368}},{"type":"Feature","id":1504,"geometry":{"type":"Point","coordinates":[187026.34910000023,1883895.4412999991]},"properties":{"OBJECTID":1504,"Asset_ID":"GLY1504","Name":"Gully","District_ID":"al Wadi","Wlyt_ID":"Salalah","Gov_ID":"Dhofar Governorate","Road_ID":"105509","Mun_ID":" ","Latitude":17.017981899999999,"Longitude":54.060508890000001,"GlobalID":"{E0B71B3F-7E62-4192-96D3-14468C6E49EA}","NEAR_FID":10049,"NEAR_DIST":8.6602899082030422}},{"type":"Feature","id":1505,"geometry":{"type":"Point","coordinates":[186991.04110000003,1883876.5802999996]},"properties":{"OBJECTID":1505,"Asset_ID":"GLY1505","Name":"Gully","District_ID":"al Wadi","Wlyt_ID":"Salalah","Gov_ID":"Dhofar Governorate","Road_ID":"105509","Mun_ID":" ","Latitude":17.017806839999999,"Longitude":54.060180250000002,"GlobalID":"{216BF069-56B1-47A1-9E84-1F962C9D8B00}","NEAR_FID":10049,"NEAR_DIST":8.3306199155527985}},{"type":"Feature","id":1506,"geometry":{"type":"Point","coordinates":[186955.70249999966,1883857.7368999999]},"properties":{"OBJECTID":1506,"Asset_ID":"GLY1506","Name":"Gully","District_ID":"al Wadi","Wlyt_ID":"Salalah","Gov_ID":"Dhofar Governorate","Road_ID":"105509","Mun_ID":" ","Latitude":17.01763193,"Longitude":54.05985132,"GlobalID":"{23C271EC-345A-4D65-A4A2-F33210C288AB}","NEAR_FID":10049,"NEAR_DIST":8.2040651880360844}},{"type":"Feature","id":1507,"geometry":{"type":"Point","coordinates":[192891.46499999985,1884600.4791000001]},"properties":{"OBJECTID":1507,"Asset_ID":"GLY1507","Name":"Gully","District_ID":"Salalah Airport","Wlyt_ID":"Salalah","Gov_ID":"Dhofar Governorate","Road_ID":"102645","Mun_ID":" ","Latitude":17.025135290000001,"Longitude":54.115445999999999,"GlobalID":"{B49AAE22-46C1-4251-ACC6-E132F3FA2EB4}","NEAR_FID":6177,"NEAR_DIST":6.0429786804473151}},{"type":"Feature","id":1508,"geometry":{"type":"Point","coordinates":[192931.23070000019,1884597.4031000007]},"properties":{"OBJECTID":1508,"Asset_ID":"GLY1508","Name":"Gully","District_ID":"Salalah Airport","Wlyt_ID":"Salalah","Gov_ID":"Dhofar Governorate","Road_ID":"102645","Mun_ID":" ","Latitude":17.02511282,"Longitude":54.11581958,"GlobalID":"{38675429-056E-4844-85B1-B41F4CA310A8}","NEAR_FID":6177,"NEAR_DIST":5.7629002188373217}},{"type":"Feature","id":1509,"geometry":{"type":"Point","coordinates":[192971.17289999966,1884594.2410000004]},"properties":{"OBJECTID":1509,"Asset_ID":"GLY1509","Name":"Gully","District_ID":"Salalah Airport","Wlyt_ID":"Salalah","Gov_ID":"Dhofar Governorate","Road_ID":"102645","Mun_ID":" ","Latitude":17.02508959,"Longitude":54.116194839999999,"GlobalID":"{3639AC39-FFA7-4F4D-A430-B4297857E6EA}","NEAR_FID":6177,"NEAR_DIST":5.5545762751999321}},{"type":"Feature","id":1510,"geometry":{"type":"Point","coordinates":[193050.85989999957,1884587.9899000004]},"properties":{"OBJECTID":1510,"Asset_ID":"GLY1510","Name":"Gully","District_ID":"Salalah Airport","Wlyt_ID":"Salalah","Gov_ID":"Dhofar Governorate","Road_ID":"102645","Mun_ID":" ","Latitude":17.025043759999999,"Longitude":54.116943480000003,"GlobalID":"{F943FDDE-CA43-4BDB-B05F-E60691DB407A}","NEAR_FID":6177,"NEAR_DIST":5.2998942796552209}},{"type":"Feature","id":1511,"geometry":{"type":"Point","coordinates":[193051.15770000033,1884591.4622000009]},"properties":{"OBJECTID":1511,"Asset_ID":"GLY1511","Name":"Gully","District_ID":"Salalah Airport","Wlyt_ID":"Salalah","Gov_ID":"Dhofar Governorate","Road_ID":"102645","Mun_ID":" ","Latitude":17.025075149999999,"Longitude":54.116945800000003,"GlobalID":"{7F4B7B45-D5E9-4EBD-8E97-78338520F98B}","NEAR_FID":6177,"NEAR_DIST":8.7847755178115232}},{"type":"Feature","id":1512,"geometry":{"type":"Point","coordinates":[193090.59449999966,1884585.0599000007]},"properties":{"OBJECTID":1512,"Asset_ID":"GLY1512","Name":"Gully","District_ID":"Salalah Airport","Wlyt_ID":"Salalah","Gov_ID":"Dhofar Governorate","Road_ID":"102645","Mun_ID":" ","Latitude":17.0250226,"Longitude":54.117316760000001,"GlobalID":"{0609D968-4C25-41C2-954B-6B9061EA1E5E}","NEAR_FID":6177,"NEAR_DIST":5.3874538140869541}},{"type":"Feature","id":1513,"geometry":{"type":"Point","coordinates":[193090.98180000018,1884588.3735000007]},"properties":{"OBJECTID":1513,"Asset_ID":"GLY1513","Name":"Gully","District_ID":"Salalah Airport","Wlyt_ID":"Salalah","Gov_ID":"Dhofar Governorate","Road_ID":"102645","Mun_ID":" ","Latitude":17.02505257,"Longitude":54.117319930000001,"GlobalID":"{55F63D51-E4EC-4447-9B17-99F5145F12A2}","NEAR_FID":6177,"NEAR_DIST":8.7208687287991573}},{"type":"Feature","id":1514,"geometry":{"type":"Point","coordinates":[193130.50679999962,1884581.7957000006]},"properties":{"OBJECTID":1514,"Asset_ID":"GLY1514","Name":"Gully","District_ID":"Salalah Airport","Wlyt_ID":"Salalah","Gov_ID":"Dhofar Governorate","Road_ID":"100535","Mun_ID":" ","Latitude":17.024998440000001,"Longitude":54.117691739999998,"GlobalID":"{0958C481-5FEB-4C52-84FF-4FE100D5BD07}","NEAR_FID":10293,"NEAR_DIST":0.98559656429784848}},{"type":"Feature","id":1515,"geometry":{"type":"Point","coordinates":[193130.75509999972,1884585.3379999995]},"properties":{"OBJECTID":1515,"Asset_ID":"GLY1515","Name":"Gully","District_ID":"Salalah Airport","Wlyt_ID":"Salalah","Gov_ID":"Dhofar Governorate","Road_ID":"100535","Mun_ID":" ","Latitude":17.02503046,"Longitude":54.117693580000001,"GlobalID":"{FAC26C6D-5BD4-4ACA-BA51-9C0FC8E2D536}","NEAR_FID":10293,"NEAR_DIST":3.4964311644900987}},{"type":"Feature","id":1516,"geometry":{"type":"Point","coordinates":[193170.5131000001,1884578.6270000003]},"properties":{"OBJECTID":1516,"Asset_ID":"GLY1516","Name":"Gully","District_ID":"Salalah Airport","Wlyt_ID":"Salalah","Gov_ID":"Dhofar Governorate","Road_ID":"102645","Mun_ID":" ","Latitude":17.02497516,"Longitude":54.118067600000003,"GlobalID":"{60FC80B2-7CE9-493C-9ED1-3B8C6264D92E}","NEAR_FID":8178,"NEAR_DIST":5.4786761303543789}},{"type":"Feature","id":1517,"geometry":{"type":"Point","coordinates":[193210.25,1884575.5489000008]},"properties":{"OBJECTID":1517,"Asset_ID":"GLY1517","Name":"Gully","District_ID":"Salalah Airport","Wlyt_ID":"Salalah","Gov_ID":"Dhofar Governorate","Road_ID":"100535","Mun_ID":" ","Latitude":17.02495266,"Longitude":54.118440919999998,"GlobalID":"{B86D912C-35C5-4E08-9420-ED53B4ADBCE0}","NEAR_FID":18200,"NEAR_DIST":5.7673542610906292}},{"type":"Feature","id":1518,"geometry":{"type":"Point","coordinates":[193250.48629999999,1884575.8648000006]},"properties":{"OBJECTID":1518,"Asset_ID":"GLY1518","Name":"Gully","District_ID":"Salalah Airport","Wlyt_ID":"Salalah","Gov_ID":"Dhofar Governorate","Road_ID":"100535","Mun_ID":" ","Latitude":17.02496086,"Longitude":54.118818449999999,"GlobalID":"{5E753B53-FE90-4FE2-B2F6-64F7D91D0F9F}","NEAR_FID":18200,"NEAR_DIST":6.9154818330482524}},{"type":"Feature","id":1519,"geometry":{"type":"Point","coordinates":[193250.13090000022,1884572.4726999998]},"properties":{"OBJECTID":1519,"Asset_ID":"GLY1519","Name":"Gully","District_ID":"Salalah Airport","Wlyt_ID":"Salalah","Gov_ID":"Dhofar Governorate","Road_ID":"100535","Mun_ID":" ","Latitude":17.024930189999999,"Longitude":54.118815580000003,"GlobalID":"{99A14F83-253F-4484-994B-FE1CC2AC8BDE}","NEAR_FID":18200,"NEAR_DIST":3.5711880850500477}},{"type":"Feature","id":1520,"geometry":{"type":"Point","coordinates":[193290.27290000021,1884572.7014000006]},"properties":{"OBJECTID":1520,"Asset_ID":"GLY1520","Name":"Gully","District_ID":"Salalah Airport","Wlyt_ID":"Salalah","Gov_ID":"Dhofar Governorate","Road_ID":"102645","Mun_ID":" ","Latitude":17.024937600000001,"Longitude":54.119192239999997,"GlobalID":"{2730B8B2-4392-41A2-8B59-1DC8C2651979}","NEAR_FID":14664,"NEAR_DIST":8.6173269485893531}},{"type":"Feature","id":1521,"geometry":{"type":"Point","coordinates":[193289.95500000007,1884569.3772]},"properties":{"OBJECTID":1521,"Asset_ID":"GLY1521","Name":"Gully","District_ID":"Salalah Airport","Wlyt_ID":"Salalah","Gov_ID":"Dhofar Governorate","Road_ID":"102645","Mun_ID":" ","Latitude":17.024907540000001,"Longitude":54.119189720000001,"GlobalID":"{B7691B65-E4AB-4CA6-B6EC-89552B1710CE}","NEAR_FID":14664,"NEAR_DIST":5.2787771117040183}},{"type":"Feature","id":1522,"geometry":{"type":"Point","coordinates":[193330.00100000016,1884567.1848000009]},"properties":{"OBJECTID":1522,"Asset_ID":"GLY1522","Name":"Gully","District_ID":"Salalah Airport","Wlyt_ID":"Salalah","Gov_ID":"Dhofar Governorate","Road_ID":"102645","Mun_ID":" ","Latitude":17.024893079999998,"Longitude":54.119565809999997,"GlobalID":"{F20EE187-4672-433D-930F-4162C6860521}","NEAR_FID":14664,"NEAR_DIST":6.4883567324338385}},{"type":"Feature","id":1523,"geometry":{"type":"Point","coordinates":[193369.58990000002,1884563.0998]},"properties":{"OBJECTID":1523,"Asset_ID":"GLY1523","Name":"Gully","District_ID":"Salalah Airport","Wlyt_ID":"Salalah","Gov_ID":"Dhofar Governorate","Road_ID":"102645","Mun_ID":" ","Latitude":17.02486146,"Longitude":54.119937880000002,"GlobalID":"{B55795C5-2CBD-46ED-B5F7-217E0D99B4C3}","NEAR_FID":14664,"NEAR_DIST":5.7697182869401633}},{"type":"Feature","id":1524,"geometry":{"type":"Point","coordinates":[193409.52749999985,1884560.0593999997]},"properties":{"OBJECTID":1524,"Asset_ID":"GLY1524","Name":"Gully","District_ID":"Salalah Airport","Wlyt_ID":"Salalah","Gov_ID":"Dhofar Governorate","Road_ID":"102645","Mun_ID":" ","Latitude":17.024839320000002,"Longitude":54.120313070000002,"GlobalID":"{932F4174-FAE8-4516-B4CE-DE5821C95D5E}","NEAR_FID":14664,"NEAR_DIST":6.0581512332127625}},{"type":"Feature","id":1525,"geometry":{"type":"Point","coordinates":[193449.40620000008,1884556.9050999992]},"properties":{"OBJECTID":1525,"Asset_ID":"GLY1525","Name":"Gully","District_ID":"Salalah Airport","Wlyt_ID":"Salalah","Gov_ID":"Dhofar Governorate","Road_ID":"102645","Mun_ID":" ","Latitude":17.024816149999999,"Longitude":54.12068773,"GlobalID":"{1D2F41AA-AA6A-40E8-A7AF-3D7633D4C049}","NEAR_FID":14664,"NEAR_DIST":5.5634999082357517}},{"type":"Feature","id":1526,"geometry":{"type":"Point","coordinates":[193489.27819999959,1884553.9021000005]},"properties":{"OBJECTID":1526,"Asset_ID":"GLY1526","Name":"Gully","District_ID":"Salalah Airport","Wlyt_ID":"Salalah","Gov_ID":"Dhofar Governorate","Road_ID":"102645","Mun_ID":" ","Latitude":17.02479434,"Longitude":54.121062299999998,"GlobalID":"{6DA00B73-F2CE-494C-8452-1B20F6B13FA3}","NEAR_FID":14664,"NEAR_DIST":5.7383449439809242}},{"type":"Feature","id":1527,"geometry":{"type":"Point","coordinates":[193529.11170000024,1884550.6744999997]},"properties":{"OBJECTID":1527,"Asset_ID":"GLY1527","Name":"Gully","District_ID":"Salalah Airport","Wlyt_ID":"Salalah","Gov_ID":"Dhofar Governorate","Road_ID":"102645","Mun_ID":" ","Latitude":17.024770490000002,"Longitude":54.121436549999999,"GlobalID":"{D36C403B-7B02-4A8C-B279-4C54C7B9A37C}","NEAR_FID":14664,"NEAR_DIST":5.5235036416207937}},{"type":"Feature","id":1528,"geometry":{"type":"Point","coordinates":[193568.36290000007,1884548.7522999998]},"properties":{"OBJECTID":1528,"Asset_ID":"GLY1528","Name":"Gully","District_ID":"Salalah Airport","Wlyt_ID":"Salalah","Gov_ID":"Dhofar Governorate","Road_ID":"102645","Mun_ID":" ","Latitude":17.02475836,"Longitude":54.121805139999999,"GlobalID":"{C5E292C9-5564-47CE-9836-C38B86B2F1B1}","NEAR_FID":14664,"NEAR_DIST":5.9728653907264757}},{"type":"Feature","id":1529,"geometry":{"type":"Point","coordinates":[193607.26300000027,1884549.1689999998]},"properties":{"OBJECTID":1529,"Asset_ID":"GLY1529","Name":"Gully","District_ID":"Salalah Airport","Wlyt_ID":"Salalah","Gov_ID":"Dhofar Governorate","Road_ID":"102645","Mun_ID":" ","Latitude":17.02476729,"Longitude":54.122170130000001,"GlobalID":"{950641E3-D7EF-4858-8916-40DFA3000C51}","NEAR_FID":14664,"NEAR_DIST":5.6057764084861414}},{"type":"Feature","id":1530,"geometry":{"type":"Point","coordinates":[193645.62829999998,1884553.4414000008]},"properties":{"OBJECTID":1530,"Asset_ID":"GLY1530","Name":"Gully","District_ID":"Salalah Airport","Wlyt_ID":"Salalah","Gov_ID":"Dhofar Governorate","Road_ID":"102645","Mun_ID":" ","Latitude":17.02481096,"Longitude":54.122529559999997,"GlobalID":"{B53DB99F-2620-4FDD-949F-7195FA44B96B}","NEAR_FID":14664,"NEAR_DIST":5.2516772792619708}},{"type":"Feature","id":1531,"geometry":{"type":"Point","coordinates":[193683.32400000002,1884561.3872999996]},"properties":{"OBJECTID":1531,"Asset_ID":"GLY1531","Name":"Gully","District_ID":"Salalah Airport","Wlyt_ID":"Salalah","Gov_ID":"Dhofar Governorate","Road_ID":"102645","Mun_ID":" ","Latitude":17.024887700000001,"Longitude":54.122882199999999,"GlobalID":"{6B50CE1F-A3A9-4B69-8AED-FDAA7E4D3CAE}","NEAR_FID":14664,"NEAR_DIST":5.312469260915095}},{"type":"Feature","id":1532,"geometry":{"type":"Point","coordinates":[193720.37480000034,1884573.1009999998]},"properties":{"OBJECTID":1532,"Asset_ID":"GLY1532","Name":"Gully","District_ID":"Salalah Airport","Wlyt_ID":"Salalah","Gov_ID":"Dhofar Governorate","Road_ID":"102645","Mun_ID":" ","Latitude":17.02499838,"Longitude":54.123228259999998,"GlobalID":"{8452A057-5397-4892-B84A-C216566DC396}","NEAR_FID":14664,"NEAR_DIST":5.8430045654415208}},{"type":"Feature","id":1533,"geometry":{"type":"Point","coordinates":[193718.95739999972,1884576.3662999999]},"properties":{"OBJECTID":1533,"Asset_ID":"GLY1533","Name":"Gully","District_ID":"Salalah Airport","Wlyt_ID":"Salalah","Gov_ID":"Dhofar Governorate","Road_ID":"102645","Mun_ID":" ","Latitude":17.02502767,"Longitude":54.123214509999997,"GlobalID":"{765E02DF-340F-4914-8E35-FBA0F527E7AA}","NEAR_FID":14664,"NEAR_DIST":9.3921989546940061}},{"type":"Feature","id":1534,"geometry":{"type":"Point","coordinates":[193756.48460000008,1884588.3954000007]},"properties":{"OBJECTID":1534,"Asset_ID":"GLY1534","Name":"Gully","District_ID":"Salalah Airport","Wlyt_ID":"Salalah","Gov_ID":"Dhofar Governorate","Road_ID":"102645","Mun_ID":" ","Latitude":17.025141250000001,"Longitude":54.12356501,"GlobalID":"{51A0535D-F203-4088-A372-75D76E3EBBDF}","NEAR_FID":14664,"NEAR_DIST":6.8013046727840427}},{"type":"Feature","id":1535,"geometry":{"type":"Point","coordinates":[193755.16779999994,1884591.6309999991]},"properties":{"OBJECTID":1535,"Asset_ID":"GLY1535","Name":"Gully","District_ID":"Salalah Airport","Wlyt_ID":"Salalah","Gov_ID":"Dhofar Governorate","Road_ID":"102645","Mun_ID":" ","Latitude":17.025170289999998,"Longitude":54.123552199999999,"GlobalID":"{3DB48024-138F-41AA-ADA1-B9B50D9CE530}","NEAR_FID":14664,"NEAR_DIST":10.292995291977311}},{"type":"Feature","id":1536,"geometry":{"type":"Point","coordinates":[193792.37289999984,1884605.1684000008]},"properties":{"OBJECTID":1536,"Asset_ID":"GLY1536","Name":"Gully","District_ID":"Salalah Airport","Wlyt_ID":"Salalah","Gov_ID":"Dhofar Governorate","Road_ID":"102645","Mun_ID":" ","Latitude":17.02529745,"Longitude":54.123899469999998,"GlobalID":"{9235892E-78D1-4197-98EA-0D1F89818A4B}","NEAR_FID":14664,"NEAR_DIST":7.595435509563365}},{"type":"Feature","id":1537,"geometry":{"type":"Point","coordinates":[193791.02309999987,1884608.4386999998]},"properties":{"OBJECTID":1537,"Asset_ID":"GLY1537","Name":"Gully","District_ID":"Salalah Airport","Wlyt_ID":"Salalah","Gov_ID":"Dhofar Governorate","Road_ID":"102645","Mun_ID":" ","Latitude":17.025326790000001,"Longitude":54.123886349999999,"GlobalID":"{A9157773-4308-4E48-A5B7-12F3A5070DF7}","NEAR_FID":14664,"NEAR_DIST":11.131187673617452}},{"type":"Feature","id":1538,"geometry":{"type":"Point","coordinates":[193827.33770000003,1884621.5035999995]},"properties":{"OBJECTID":1538,"Asset_ID":"GLY1538","Name":"Gully","District_ID":"Jerziz Farm","Wlyt_ID":"Salalah","Gov_ID":"Dhofar Governorate","Road_ID":"100557","Mun_ID":" ","Latitude":17.025449559999998,"Longitude":54.124225320000001,"GlobalID":"{04317F76-8B30-4B5A-A029-34BD8925CA95}","NEAR_FID":8077,"NEAR_DIST":2.4520444737437028}},{"type":"Feature","id":1539,"geometry":{"type":"Point","coordinates":[192875.6922000004,1884561.9886000007]},"properties":{"OBJECTID":1539,"Asset_ID":"GLY1539","Name":"Gully","District_ID":"al Huseela","Wlyt_ID":"Salalah","Gov_ID":"Dhofar Governorate","Road_ID":"107106","Mun_ID":" ","Latitude":17.024785699999999,"Longitude":54.115303320000002,"GlobalID":"{8587DD2B-B67B-4DF4-BAC4-79A74D4CCACC}","NEAR_FID":11218,"NEAR_DIST":3.4761791270066849}},{"type":"Feature","id":1540,"geometry":{"type":"Point","coordinates":[192889.06460000016,1884571.0645000003]},"properties":{"OBJECTID":1540,"Asset_ID":"GLY1540","Name":"Gully","District_ID":"al Huseela","Wlyt_ID":"Salalah","Gov_ID":"Dhofar Governorate","Road_ID":"102645","Mun_ID":" ","Latitude":17.024869420000002,"Longitude":54.115427539999999,"GlobalID":"{09581C76-5895-4E56-9A8B-6DE32F8F3954}","NEAR_FID":15658,"NEAR_DIST":7.1376007738159926}},{"type":"Feature","id":1541,"geometry":{"type":"Point","coordinates":[192942.30179999955,1884562.6710000001]},"properties":{"OBJECTID":1541,"Asset_ID":"GLY1541","Name":"Gully","District_ID":"al Huseela","Wlyt_ID":"Salalah","Gov_ID":"Dhofar Governorate","Road_ID":"107106","Mun_ID":" ","Latitude":17.024800729999999,"Longitude":54.115928279999999,"GlobalID":"{5CA48C90-7927-4D6E-B149-2AAF4DD13A71}","NEAR_FID":11218,"NEAR_DIST":2.6650326801650261}},{"type":"Feature","id":1542,"geometry":{"type":"Point","coordinates":[192968.61699999962,1884560.5851000007]},"properties":{"OBJECTID":1542,"Asset_ID":"GLY1542","Name":"Gully","District_ID":"al Huseela","Wlyt_ID":"Salalah","Gov_ID":"Dhofar Governorate","Road_ID":"102645","Mun_ID":" ","Latitude":17.024785399999999,"Longitude":54.116175509999998,"GlobalID":"{7E95BCB8-0AE3-4A59-A8F8-14343E9DEE2D}","NEAR_FID":18876,"NEAR_DIST":10.172760636608627}},{"type":"Feature","id":1543,"geometry":{"type":"Point","coordinates":[192926.43640000001,1884567.3256000001]},"properties":{"OBJECTID":1543,"Asset_ID":"GLY1543","Name":"Gully","District_ID":"al Huseela","Wlyt_ID":"Salalah","Gov_ID":"Dhofar Governorate","Road_ID":"102645","Mun_ID":" ","Latitude":17.024840640000001,"Longitude":54.115778759999998,"GlobalID":"{4F82FD4F-F5F9-423D-A097-B3271E2E26CB}","NEAR_FID":15658,"NEAR_DIST":6.881435938368182}},{"type":"Feature","id":1544,"geometry":{"type":"Point","coordinates":[193006.40510000009,1884558.0954999998]},"properties":{"OBJECTID":1544,"Asset_ID":"GLY1544","Name":"Gully","District_ID":"al Huseela","Wlyt_ID":"Salalah","Gov_ID":"Dhofar Governorate","Road_ID":"102645","Mun_ID":" ","Latitude":17.024767959999998,"Longitude":54.11653046,"GlobalID":"{7DF2A73D-23D9-4DFB-A6CA-CD8833797BA2}","NEAR_FID":18876,"NEAR_DIST":10.095008088237689}},{"type":"Feature","id":1545,"geometry":{"type":"Point","coordinates":[193048.63279999979,1884557.8114]},"properties":{"OBJECTID":1545,"Asset_ID":"GLY1545","Name":"Gully","District_ID":"al Huseela","Wlyt_ID":"Salalah","Gov_ID":"Dhofar Governorate","Road_ID":"102645","Mun_ID":" ","Latitude":17.024771019999999,"Longitude":54.116926759999998,"GlobalID":"{0E367951-C5B6-4D7F-9B1E-1E04C325A5C8}","NEAR_FID":18876,"NEAR_DIST":7.5158719275460104}},{"type":"Feature","id":1546,"geometry":{"type":"Point","coordinates":[193088.47190000024,1884554.9177000001]},"properties":{"OBJECTID":1546,"Asset_ID":"GLY1546","Name":"Gully","District_ID":"al Huseela","Wlyt_ID":"Salalah","Gov_ID":"Dhofar Governorate","Road_ID":"102645","Mun_ID":" ","Latitude":17.024750189999999,"Longitude":54.117301009999998,"GlobalID":"{C0749BE5-7C53-495B-9E17-521CABF9EE97}","NEAR_FID":18876,"NEAR_DIST":7.2668066473779156}},{"type":"Feature","id":1547,"geometry":{"type":"Point","coordinates":[193128.25499999989,1884551.6324000005]},"properties":{"OBJECTID":1547,"Asset_ID":"GLY1547","Name":"Gully","District_ID":"al Huseela","Wlyt_ID":"Salalah","Gov_ID":"Dhofar Governorate","Road_ID":"102645","Mun_ID":" ","Latitude":17.024725830000001,"Longitude":54.117674780000002,"GlobalID":"{E487B434-9A2E-4F8C-AA77-1909763C7791}","NEAR_FID":18876,"NEAR_DIST":7.5359683695134256}},{"type":"Feature","id":1548,"geometry":{"type":"Point","coordinates":[193168.18890000042,1884548.4770999998]},"properties":{"OBJECTID":1548,"Asset_ID":"GLY1548","Name":"Gully","District_ID":"al Huseela","Wlyt_ID":"Salalah","Gov_ID":"Dhofar Governorate","Road_ID":"102645","Mun_ID":" ","Latitude":17.024702659999999,"Longitude":54.11804996,"GlobalID":"{BACFFE9E-158F-4EF0-89F0-5DF0E8582329}","NEAR_FID":18876,"NEAR_DIST":7.7713697071353698}},{"type":"Feature","id":1549,"geometry":{"type":"Point","coordinates":[193207.93230000045,1884545.3706999999]},"properties":{"OBJECTID":1549,"Asset_ID":"GLY1549","Name":"Gully","District_ID":"al Huseela","Wlyt_ID":"Salalah","Gov_ID":"Dhofar Governorate","Road_ID":"102645","Mun_ID":" ","Latitude":17.024679899999999,"Longitude":54.11842334,"GlobalID":"{095BC42E-B028-4CC2-A6D4-CE368A9E9963}","NEAR_FID":18876,"NEAR_DIST":7.9718901600774901}},{"type":"Feature","id":1550,"geometry":{"type":"Point","coordinates":[193247.92970000021,1884542.1227000002]},"properties":{"OBJECTID":1550,"Asset_ID":"GLY1550","Name":"Gully","District_ID":"al Huseela","Wlyt_ID":"Salalah","Gov_ID":"Dhofar Governorate","Road_ID":"102645","Mun_ID":" ","Latitude":17.024655899999999,"Longitude":54.118799119999998,"GlobalID":"{D3BFBDCC-66ED-4C86-A302-3CB45C8A662A}","NEAR_FID":18876,"NEAR_DIST":7.5095810839133605}},{"type":"Feature","id":1551,"geometry":{"type":"Point","coordinates":[193287.41309999954,1884536.6403000001]},"properties":{"OBJECTID":1551,"Asset_ID":"GLY1551","Name":"Gully","District_ID":"al Huseela","Wlyt_ID":"Salalah","Gov_ID":"Dhofar Governorate","Road_ID":"102645","Mun_ID":" ","Latitude":17.024611660000001,"Longitude":54.119170390000001,"GlobalID":"{08382E6D-061F-40E5-92BB-FC281D1E4857}","NEAR_FID":18876,"NEAR_DIST":9.5096519386236995}},{"type":"Feature","id":1552,"geometry":{"type":"Point","coordinates":[193327.31579999998,1884532.6328999996]},"properties":{"OBJECTID":1552,"Asset_ID":"GLY1552","Name":"Gully","District_ID":"al Huseela","Wlyt_ID":"Salalah","Gov_ID":"Dhofar Governorate","Road_ID":"102645","Mun_ID":" ","Latitude":17.024580780000001,"Longitude":54.119545389999999,"GlobalID":"{CB0CE9CD-E247-411C-A4D8-2BA18810419C}","NEAR_FID":18876,"NEAR_DIST":9.9774987605155232}},{"type":"Feature","id":1553,"geometry":{"type":"Point","coordinates":[193367.08179999981,1884529.4576999992]},"properties":{"OBJECTID":1553,"Asset_ID":"GLY1553","Name":"Gully","District_ID":"al Huseela","Wlyt_ID":"Salalah","Gov_ID":"Dhofar Governorate","Road_ID":"102645","Mun_ID":" ","Latitude":17.02455741,"Longitude":54.119918990000002,"GlobalID":"{C8BFAE98-82F8-4E10-BC84-770869B2B226}","NEAR_FID":18876,"NEAR_DIST":9.7862769783703953}},{"type":"Feature","id":1554,"geometry":{"type":"Point","coordinates":[193407.17179999966,1884526.4034000002]},"properties":{"OBJECTID":1554,"Asset_ID":"GLY1554","Name":"Gully","District_ID":"al Huseela","Wlyt_ID":"Salalah","Gov_ID":"Dhofar Governorate","Road_ID":"103812","Mun_ID":" ","Latitude":17.024535159999999,"Longitude":54.12029562,"GlobalID":"{2FA0E2D0-B71D-4C81-946E-F7210D6572E7}","NEAR_FID":12065,"NEAR_DIST":6.9320828348284316}},{"type":"Feature","id":1555,"geometry":{"type":"Point","coordinates":[193444.70880000014,1884526.9055000003]},"properties":{"OBJECTID":1555,"Asset_ID":"GLY1555","Name":"Gully","District_ID":"al Huseela","Wlyt_ID":"Salalah","Gov_ID":"Dhofar Governorate","Road_ID":"103812","Mun_ID":" ","Latitude":17.024544689999999,"Longitude":54.1206478,"GlobalID":"{1FA42CB2-5E44-436A-91DA-49160438F88D}","NEAR_FID":16313,"NEAR_DIST":5.3102160220840195}},{"type":"Feature","id":1556,"geometry":{"type":"Point","coordinates":[193443.76350000035,1884518.2595000006]},"properties":{"OBJECTID":1556,"Asset_ID":"GLY1556","Name":"Gully","District_ID":"al Huseela","Wlyt_ID":"Salalah","Gov_ID":"Dhofar Governorate","Road_ID":"103812","Mun_ID":" ","Latitude":17.02446651,"Longitude":54.120640119999997,"GlobalID":"{2AF559B6-7E1B-4F94-BAF7-729B86D75137}","NEAR_FID":16313,"NEAR_DIST":3.3842462314310202}},{"type":"Feature","id":1557,"geometry":{"type":"Point","coordinates":[193487.76800000016,1884520.3333000001]},"properties":{"OBJECTID":1557,"Asset_ID":"GLY1557","Name":"Gully","District_ID":"al Huseela","Wlyt_ID":"Salalah","Gov_ID":"Dhofar Governorate","Road_ID":"102645","Mun_ID":" ","Latitude":17.024491080000001,"Longitude":54.121052769999999,"GlobalID":"{5A670E14-99AB-4A8D-AD9D-33856EDD0BD6}","NEAR_FID":15444,"NEAR_DIST":10.740321990407779}},{"type":"Feature","id":1558,"geometry":{"type":"Point","coordinates":[193526.65460000001,1884517.5234999992]},"properties":{"OBJECTID":1558,"Asset_ID":"GLY1558","Name":"Gully","District_ID":"al Huseela","Wlyt_ID":"Salalah","Gov_ID":"Dhofar Governorate","Road_ID":"102645","Mun_ID":" ","Latitude":17.024470879999999,"Longitude":54.121418069999997,"GlobalID":"{BDF18577-D703-4CBF-866F-4548D7E34B8C}","NEAR_FID":15444,"NEAR_DIST":9.9343666909851436}},{"type":"Feature","id":1559,"geometry":{"type":"Point","coordinates":[193608.72180000041,1884515.5441999994]},"properties":{"OBJECTID":1559,"Asset_ID":"GLY1559","Name":"Gully","District_ID":"al Huseela","Wlyt_ID":"Salalah","Gov_ID":"Dhofar Governorate","Road_ID":"102645","Mun_ID":" ","Latitude":17.024463919999999,"Longitude":54.122188459999997,"GlobalID":"{9EC905DC-6998-42F9-A04C-CB26B1A5C9CA}","NEAR_FID":15444,"NEAR_DIST":11.649225919857395}},{"type":"Feature","id":1560,"geometry":{"type":"Point","coordinates":[193690.97890000045,1884528.5534000006]},"properties":{"OBJECTID":1560,"Asset_ID":"GLY1560","Name":"Gully","District_ID":"al Huseela","Wlyt_ID":"Salalah","Gov_ID":"Dhofar Governorate","Road_ID":"102645","Mun_ID":" ","Latitude":17.024592290000001,"Longitude":54.122958560000001,"GlobalID":"{D49A631A-87A9-44F1-8814-0CF29BB27B84}","NEAR_FID":15444,"NEAR_DIST":11.433812280974216}},{"type":"Feature","id":1561,"geometry":{"type":"Point","coordinates":[193724.37310000043,1884537.7522999998]},"properties":{"OBJECTID":1561,"Asset_ID":"GLY1561","Name":"Gully","District_ID":"al Huseela","Wlyt_ID":"Salalah","Gov_ID":"Dhofar Governorate","Road_ID":"102645","Mun_ID":" ","Latitude":17.02467978,"Longitude":54.123270660000003,"GlobalID":"{B3D726B0-31CF-4626-873C-EE787F97E5B7}","NEAR_FID":15444,"NEAR_DIST":12.019186218947391}},{"type":"Feature","id":1562,"geometry":{"type":"Point","coordinates":[193768.3311999999,1884556.8359999992]},"properties":{"OBJECTID":1562,"Asset_ID":"GLY1562","Name":"Gully","District_ID":"al Huseela","Wlyt_ID":"Salalah","Gov_ID":"Dhofar Governorate","Road_ID":"102645","Mun_ID":" ","Latitude":17.024857900000001,"Longitude":54.123680530000001,"GlobalID":"{D63053C6-F20B-4C48-922E-47C42AF7C97B}","NEAR_FID":15444,"NEAR_DIST":9.8001087372689746}},{"type":"Feature","id":1563,"geometry":{"type":"Point","coordinates":[193825.96609999985,1884575.2978000008]},"properties":{"OBJECTID":1563,"Asset_ID":"GLY1563","Name":"Gully","District_ID":"al Robat","Wlyt_ID":"Salalah","Gov_ID":"Dhofar Governorate","Road_ID":"103938","Mun_ID":" ","Latitude":17.025032230000001,"Longitude":54.124218829999997,"GlobalID":"{883F5B9E-C2C4-4696-B5D5-82CDA1FB0FD4}","NEAR_FID":4771,"NEAR_DIST":4.9036465497232475}},{"type":"Feature","id":1564,"geometry":{"type":"Point","coordinates":[193827.56929999962,1884553.9399999995]},"properties":{"OBJECTID":1564,"Asset_ID":"GLY1564","Name":"Gully","District_ID":"al Robat","Wlyt_ID":"Salalah","Gov_ID":"Dhofar Governorate","Road_ID":"103938","Mun_ID":" ","Latitude":17.024839629999999,"Longitude":54.12423682,"GlobalID":"{479EBD89-C2FC-42C8-9E6C-4F8B095A3633}","NEAR_FID":4771,"NEAR_DIST":5.145663993379368}},{"type":"Feature","id":1565,"geometry":{"type":"Point","coordinates":[193845.24600000028,1884593.0635000002]},"properties":{"OBJECTID":1565,"Asset_ID":"GLY1565","Name":"Gully","District_ID":"al Robat","Wlyt_ID":"Salalah","Gov_ID":"Dhofar Governorate","Road_ID":"103938","Mun_ID":" ","Latitude":17.025195180000001,"Longitude":54.124397299999998,"GlobalID":"{7D602748-5B52-44E4-B1BC-CBA40A05970D}","NEAR_FID":4771,"NEAR_DIST":10.497404819475335}},{"type":"Feature","id":1566,"geometry":{"type":"Point","coordinates":[193878.52740000002,1884608.5545000006]},"properties":{"OBJECTID":1566,"Asset_ID":"GLY1566","Name":"Gully","District_ID":"al Robat","Wlyt_ID":"Salalah","Gov_ID":"Dhofar Governorate","Road_ID":"102645","Mun_ID":" ","Latitude":17.025339460000001,"Longitude":54.124707479999998,"GlobalID":"{E41DAFA7-D43D-4978-80D9-B3B1088F16D1}","NEAR_FID":6329,"NEAR_DIST":9.8380629331602734}},{"type":"Feature","id":1567,"geometry":{"type":"Point","coordinates":[193913.63570000045,1884624.9934]},"properties":{"OBJECTID":1567,"Asset_ID":"GLY1567","Name":"Gully","District_ID":"al Robat","Wlyt_ID":"Salalah","Gov_ID":"Dhofar Governorate","Road_ID":"102645","Mun_ID":" ","Latitude":17.025492530000001,"Longitude":54.125034669999998,"GlobalID":"{92FB891C-6FDE-4DED-B113-AD0592259F56}","NEAR_FID":6329,"NEAR_DIST":10.023927406103475}},{"type":"Feature","id":1568,"geometry":{"type":"Point","coordinates":[193950.02730000019,1884643.3012000006]},"properties":{"OBJECTID":1568,"Asset_ID":"GLY1568","Name":"Gully","District_ID":"al Robat","Wlyt_ID":"Salalah","Gov_ID":"Dhofar Governorate","Road_ID":"102645","Mun_ID":" ","Latitude":17.02566264,"Longitude":54.125373639999999,"GlobalID":"{6062AE4B-CF9A-4663-AE0E-6BF4D773D173}","NEAR_FID":6329,"NEAR_DIST":8.9000069736211831}},{"type":"Feature","id":1569,"geometry":{"type":"Point","coordinates":[193985.14599999972,1884662.4507999998]},"properties":{"OBJECTID":1569,"Asset_ID":"GLY1569","Name":"Gully","District_ID":"al Robat","Wlyt_ID":"Salalah","Gov_ID":"Dhofar Governorate","Road_ID":"102645","Mun_ID":" ","Latitude":17.02584019,"Longitude":54.125700559999999,"GlobalID":"{230D000F-5A34-4FF0-B5A2-04B5B902F388}","NEAR_FID":6329,"NEAR_DIST":6.6966855355269095}},{"type":"Feature","id":1570,"geometry":{"type":"Point","coordinates":[194020.3320000004,1884679.6042999998]},"properties":{"OBJECTID":1570,"Asset_ID":"GLY1570","Name":"Gully","District_ID":"al Robat","Wlyt_ID":"Salalah","Gov_ID":"Dhofar Governorate","Road_ID":"102645","Mun_ID":" ","Latitude":17.025999720000002,"Longitude":54.126028380000001,"GlobalID":"{5629FBDD-44F7-4BBE-BA75-D92FD352BF9E}","NEAR_FID":6329,"NEAR_DIST":6.4302694774408904}},{"type":"Feature","id":1571,"geometry":{"type":"Point","coordinates":[194056.54079999961,1884696.7155000009]},"properties":{"OBJECTID":1571,"Asset_ID":"GLY1571","Name":"Gully","District_ID":"al Robat","Wlyt_ID":"Salalah","Gov_ID":"Dhofar Governorate","Road_ID":"102645","Mun_ID":" ","Latitude":17.026159010000001,"Longitude":54.126365810000003,"GlobalID":"{246DD136-7475-48E0-AB7B-C101C4BAA4CD}","NEAR_FID":6329,"NEAR_DIST":6.4051580742412311}},{"type":"Feature","id":1572,"geometry":{"type":"Point","coordinates":[194092.55950000044,1884714.0361000001]},"properties":{"OBJECTID":1572,"Asset_ID":"GLY1572","Name":"Gully","District_ID":"al Robat","Wlyt_ID":"Salalah","Gov_ID":"Dhofar Governorate","Road_ID":"102645","Mun_ID":" ","Latitude":17.026320160000001,"Longitude":54.126701420000003,"GlobalID":"{C911B0D7-A3E9-403E-8454-E3E50DD0B0F8}","NEAR_FID":6329,"NEAR_DIST":6.0926892954762204}},{"type":"Feature","id":1573,"geometry":{"type":"Point","coordinates":[194109.77740000002,1884721.9604000002]},"properties":{"OBJECTID":1573,"Asset_ID":"GLY1573","Name":"Gully","District_ID":"al Robat","Wlyt_ID":"Salalah","Gov_ID":"Dhofar Governorate","Road_ID":"102645","Mun_ID":" ","Latitude":17.026393989999999,"Longitude":54.126861900000002,"GlobalID":"{FA281FC7-C660-46B3-9F28-158828751C86}","NEAR_FID":6329,"NEAR_DIST":6.2577651938408678}},{"type":"Feature","id":1574,"geometry":{"type":"Point","coordinates":[194128.86930000037,1884730.9168999996]},"properties":{"OBJECTID":1574,"Asset_ID":"GLY1574","Name":"Gully","District_ID":"al Robat","Wlyt_ID":"Salalah","Gov_ID":"Dhofar Governorate","Road_ID":"102645","Mun_ID":" ","Latitude":17.026477379999999,"Longitude":54.127039830000001,"GlobalID":"{C738C210-98CF-4C1A-B114-DFB470CA3A56}","NEAR_FID":6329,"NEAR_DIST":6.2872551241883832}},{"type":"Feature","id":1575,"geometry":{"type":"Point","coordinates":[194203.20969999954,1884760.2879000008]},"properties":{"OBJECTID":1575,"Asset_ID":"GLY1575","Name":"Gully","District_ID":"al Robat","Wlyt_ID":"Salalah","Gov_ID":"Dhofar Governorate","Road_ID":"102645","Mun_ID":" ","Latitude":17.02675241,"Longitude":54.127733399999997,"GlobalID":"{E5AC6530-8FE7-4BDE-85FB-74E87E50F861}","NEAR_FID":6329,"NEAR_DIST":10.922850423558337}},{"type":"Feature","id":1576,"geometry":{"type":"Point","coordinates":[194826.52740000002,1884965.2522]},"properties":{"OBJECTID":1576,"Asset_ID":"GLY1576","Name":"Gully","District_ID":"al Robat","Wlyt_ID":"Salalah","Gov_ID":"Dhofar Governorate","Road_ID":"102645","Mun_ID":" ","Latitude":17.028685450000001,"Longitude":54.133554510000003,"GlobalID":"{D54A7B64-2E5E-44B9-BCC4-0E73F23AAB5C}","NEAR_FID":6329,"NEAR_DIST":30.676610689018567}},{"type":"Feature","id":1577,"geometry":{"type":"Point","coordinates":[194834.36249999981,1884969.0044999998]},"properties":{"OBJECTID":1577,"Asset_ID":"GLY1577","Name":"Gully","District_ID":"al Robat","Wlyt_ID":"Salalah","Gov_ID":"Dhofar Governorate","Road_ID":"102645","Mun_ID":" ","Latitude":17.028720360000001,"Longitude":54.133627519999997,"GlobalID":"{DA1D7BB7-3FE6-4AA5-921D-B3596C0B5F7D}","NEAR_FID":6329,"NEAR_DIST":29.688217838701458}},{"type":"Feature","id":1578,"geometry":{"type":"Point","coordinates":[198950.42239999957,1885117.7282999996]},"properties":{"OBJECTID":1578,"Asset_ID":"GLY1578","Name":"Gully","District_ID":"Dahariz al Shamaliyya","Wlyt_ID":"Salalah","Gov_ID":"Dhofar Governorate","Road_ID":"100003","Mun_ID":"LG18","Latitude":17.030604329999999,"Longitude":54.172234340000003,"GlobalID":"{216D241D-176A-4770-94D8-ECEBE73D5BC1}","NEAR_FID":9331,"NEAR_DIST":4.9068086091398797}},{"type":"Feature","id":1579,"geometry":{"type":"Point","coordinates":[197802.58829999994,1885722.9061999992]},"properties":{"OBJECTID":1579,"Asset_ID":"GLY1579","Name":"Gully","District_ID":"Dahariz al Shamaliyya","Wlyt_ID":"Salalah","Gov_ID":"Dhofar Governorate","Road_ID":"100124","Mun_ID":" ","Latitude":17.03591789,"Longitude":54.161379820000001,"GlobalID":"{DCB50C81-58BA-4AEB-B0F8-599044B8E5BA}","NEAR_FID":13979,"NEAR_DIST":3.1257391183968237}},{"type":"Feature","id":1580,"geometry":{"type":"Point","coordinates":[198931.65749999974,1885342.4812000003]},"properties":{"OBJECTID":1580,"Asset_ID":"GLY1580","Name":"Gully","District_ID":"Dahariz al Shamaliyya","Wlyt_ID":"Salalah","Gov_ID":"Dhofar Governorate","Road_ID":"100124","Mun_ID":" ","Latitude":17.032631049999999,"Longitude":54.172027720000003,"GlobalID":"{D3FC7BEE-32D3-4890-9C38-584C33B58CD1}","NEAR_FID":18718,"NEAR_DIST":8.3038731632982117}},{"type":"Feature","id":1581,"geometry":{"type":"Point","coordinates":[198901.76150000002,1885641.0420999993]},"properties":{"OBJECTID":1581,"Asset_ID":"GLY1581","Name":"Gully","District_ID":"Dahariz al Shamaliyya","Wlyt_ID":"Salalah","Gov_ID":"Dhofar Governorate","Road_ID":"100418","Mun_ID":" ","Latitude":17.035322690000001,"Longitude":54.1717066,"GlobalID":"{F6DCBFE4-E359-42AE-A91A-1E4CC6CB0AF4}","NEAR_FID":17644,"NEAR_DIST":6.5330788974920955}},{"type":"Feature","id":1582,"geometry":{"type":"Point","coordinates":[198947.86170000024,1885050.2528000008]},"properties":{"OBJECTID":1582,"Asset_ID":"GLY1582","Name":"Gully","District_ID":"Dahariz al Shamaliyya","Wlyt_ID":"Salalah","Gov_ID":"Dhofar Governorate","Road_ID":"100124","Mun_ID":" ","Latitude":17.029994800000001,"Longitude":54.172219470000002,"GlobalID":"{A23E0132-F9BC-45CA-99B7-A3D73AD51333}","NEAR_FID":13610,"NEAR_DIST":7.0443379937034152}},{"type":"Feature","id":1583,"geometry":{"type":"Point","coordinates":[198996.95689999964,1884623.2866999991]},"properties":{"OBJECTID":1583,"Asset_ID":"GLY1583","Name":"Gully","District_ID":"Dahariz al Shamaliyya","Wlyt_ID":"Salalah","Gov_ID":"Dhofar Governorate","Road_ID":"480001","Mun_ID":" ","Latitude":17.026146359999998,"Longitude":54.172738160000002,"GlobalID":"{0CEDACC7-274B-491A-BB69-BD043B54D1E9}","NEAR_FID":8532,"NEAR_DIST":4.7645001182432258}},{"type":"Feature","id":1584,"geometry":{"type":"Point","coordinates":[198975.38040000014,1884614.4055000003]},"properties":{"OBJECTID":1584,"Asset_ID":"GLY1584","Name":"Gully","District_ID":"Dahariz al Shamaliyya","Wlyt_ID":"Salalah","Gov_ID":"Dhofar Governorate","Road_ID":"480001","Mun_ID":" ","Latitude":17.026063359999998,"Longitude":54.172536880000003,"GlobalID":"{EAB018A5-F892-47B5-ACCE-C3D88746E63C}","NEAR_FID":4614,"NEAR_DIST":5.2229395151553657}},{"type":"Feature","id":1585,"geometry":{"type":"Point","coordinates":[198966.51740000024,1884592.8571000006]},"properties":{"OBJECTID":1585,"Asset_ID":"GLY1585","Name":"Gully","District_ID":"Dahariz al Shamaliyya","Wlyt_ID":"Salalah","Gov_ID":"Dhofar Governorate","Road_ID":"480001","Mun_ID":" ","Latitude":17.025867659999999,"Longitude":54.172456629999999,"GlobalID":"{F89BE885-BF3A-47D1-9BB6-B1D203F5B8E9}","NEAR_FID":4614,"NEAR_DIST":5.7457811782167489}},{"type":"Feature","id":1586,"geometry":{"type":"Point","coordinates":[198975.4523,1884571.2152999993]},"properties":{"OBJECTID":1586,"Asset_ID":"GLY1586","Name":"Gully","District_ID":"Dahariz al Shamaliyya","Wlyt_ID":"Salalah","Gov_ID":"Dhofar Governorate","Road_ID":"480001","Mun_ID":" ","Latitude":17.025673430000001,"Longitude":54.172543419999997,"GlobalID":"{4FDFE28A-9A84-4D8C-ABDF-03B7C4E8E959}","NEAR_FID":9917,"NEAR_DIST":5.8017476110487163}},{"type":"Feature","id":1587,"geometry":{"type":"Point","coordinates":[198997.10859999992,1884562.4307000004]},"properties":{"OBJECTID":1587,"Asset_ID":"GLY1587","Name":"Gully","District_ID":"Dahariz al Shamaliyya","Wlyt_ID":"Salalah","Gov_ID":"Dhofar Governorate","Road_ID":"480001","Mun_ID":" ","Latitude":17.025596950000001,"Longitude":54.17274784,"GlobalID":"{CD13E026-CFD3-4B3D-A983-D8496164BAD7}","NEAR_FID":9917,"NEAR_DIST":5.5687814565140004}},{"type":"Feature","id":1588,"geometry":{"type":"Point","coordinates":[199018.64419999998,1884571.4492000006]},"properties":{"OBJECTID":1588,"Asset_ID":"GLY1588","Name":"Gully","District_ID":"Dahariz al Shamaliyya","Wlyt_ID":"Salalah","Gov_ID":"Dhofar Governorate","Road_ID":"480001","Mun_ID":" ","Latitude":17.025681179999999,"Longitude":54.172948720000001,"GlobalID":"{0635068B-80C5-4A89-B511-F761C08DDED7}","NEAR_FID":12623,"NEAR_DIST":4.9869809600845407}},{"type":"Feature","id":1589,"geometry":{"type":"Point","coordinates":[199027.46109999996,1884592.5769999996]},"properties":{"OBJECTID":1589,"Asset_ID":"GLY1589","Name":"Gully","District_ID":"Dahariz al Shamaliyya","Wlyt_ID":"Salalah","Gov_ID":"Dhofar Governorate","Road_ID":"480001","Mun_ID":" ","Latitude":17.02587308,"Longitude":54.173028590000001,"GlobalID":"{805099D6-7215-4CFB-8EAE-C1F6C6EFFE9C}","NEAR_FID":12623,"NEAR_DIST":4.5382037915524611}},{"type":"Feature","id":1590,"geometry":{"type":"Point","coordinates":[199018.62839999981,1884614.2056000009]},"properties":{"OBJECTID":1590,"Asset_ID":"GLY1590","Name":"Gully","District_ID":"Dahariz al Shamaliyya","Wlyt_ID":"Salalah","Gov_ID":"Dhofar Governorate","Road_ID":"480001","Mun_ID":" ","Latitude":17.0260672,"Longitude":54.172942769999999,"GlobalID":"{C93AE619-2F00-4E89-A2D8-89E8D7B1A0E3}","NEAR_FID":12623,"NEAR_DIST":4.4949329370957498}},{"type":"Feature","id":1591,"geometry":{"type":"Point","coordinates":[198952.27259999979,1884701.2223000005]},"properties":{"OBJECTID":1591,"Asset_ID":"GLY1591","Name":"Gully","District_ID":"Dahariz al Shamaliyya","Wlyt_ID":"Salalah","Gov_ID":"Dhofar Governorate","Road_ID":"100124","Mun_ID":" ","Latitude":17.02684417,"Longitude":54.17230824,"GlobalID":"{3EED2596-A543-482F-9661-3F0344FB1422}","NEAR_FID":11736,"NEAR_DIST":3.762207895208014}},{"type":"Feature","id":1592,"geometry":{"type":"Point","coordinates":[198943.48080000002,1884686.5979999993]},"properties":{"OBJECTID":1592,"Asset_ID":"GLY1592","Name":"Gully","District_ID":"Dahariz al Shamaliyya","Wlyt_ID":"Salalah","Gov_ID":"Dhofar Governorate","Road_ID":"100124","Mun_ID":" ","Latitude":17.026710980000001,"Longitude":54.172227720000002,"GlobalID":"{6B1D0271-9C26-4649-A5D7-E47A23E9DE79}","NEAR_FID":11736,"NEAR_DIST":1.8268384502226609}},{"type":"Feature","id":1593,"geometry":{"type":"Point","coordinates":[198828.06159999967,1885725.6030000001]},"properties":{"OBJECTID":1593,"Asset_ID":"GLY1593","Name":"Gully","District_ID":"al Sada al Janubiyya","Wlyt_ID":"Salalah","Gov_ID":"Dhofar Governorate","Road_ID":"100003","Mun_ID":" ","Latitude":17.036076510000001,"Longitude":54.17100344,"GlobalID":"{32B14FC5-BB72-4042-9E7E-CDFEECE74BCF}","NEAR_FID":4906,"NEAR_DIST":3.2857585913186167}},{"type":"Feature","id":1594,"geometry":{"type":"Point","coordinates":[198279.1632000003,1885747.5109999999]},"properties":{"OBJECTID":1594,"Asset_ID":"GLY1594","Name":"Gully","District_ID":"al Sada al Janubiyya","Wlyt_ID":"Salalah","Gov_ID":"Dhofar Governorate","Road_ID":"100418","Mun_ID":" ","Latitude":17.036202490000001,"Longitude":54.165849080000001,"GlobalID":"{5A572D15-15BC-4D68-BA2D-B468F334643C}","NEAR_FID":4361,"NEAR_DIST":6.5741828575378021}},{"type":"Feature","id":1595,"geometry":{"type":"Point","coordinates":[198254.10989999957,1885748.8180999998]},"properties":{"OBJECTID":1595,"Asset_ID":"GLY1595","Name":"Gully","District_ID":"al Sada al Janubiyya","Wlyt_ID":"Salalah","Gov_ID":"Dhofar Governorate","Road_ID":"100418","Mun_ID":" ","Latitude":17.036211009999999,"Longitude":54.165613780000001,"GlobalID":"{A09A1827-07FE-4D8E-A5C4-4A4B1D337DD0}","NEAR_FID":4361,"NEAR_DIST":6.6495241606105138}},{"type":"Feature","id":1596,"geometry":{"type":"Point","coordinates":[198229.27450000029,1885751.4323999994]},"properties":{"OBJECTID":1596,"Asset_ID":"GLY1596","Name":"Gully","District_ID":"al Sada al Janubiyya","Wlyt_ID":"Salalah","Gov_ID":"Dhofar Governorate","Road_ID":"100418","Mun_ID":" ","Latitude":17.036231359999999,"Longitude":54.16538035,"GlobalID":"{81DF11D7-DE99-45AF-AE0A-EBDFDAB7541E}","NEAR_FID":4361,"NEAR_DIST":8.0511046335302172}},{"type":"Feature","id":1597,"geometry":{"type":"Point","coordinates":[198179.38580000028,1885755.3538000006]},"properties":{"OBJECTID":1597,"Asset_ID":"GLY1597","Name":"Gully","District_ID":"al Sada al Janubiyya","Wlyt_ID":"Salalah","Gov_ID":"Dhofar Governorate","Road_ID":"100418","Mun_ID":" ","Latitude":17.03626023,"Longitude":54.164911609999997,"GlobalID":"{494E4E68-2CEB-4D01-958E-969948CCFAC6}","NEAR_FID":12729,"NEAR_DIST":6.1043824768823844}},{"type":"Feature","id":1598,"geometry":{"type":"Point","coordinates":[197929.15249999985,1885763.9318000004]},"properties":{"OBJECTID":1598,"Asset_ID":"GLY1598","Name":"Gully","District_ID":"al Sada al Janubiyya","Wlyt_ID":"Salalah","Gov_ID":"Dhofar Governorate","Road_ID":"100418","Mun_ID":" ","Latitude":17.036304879999999,"Longitude":54.162562020000003,"GlobalID":"{D5F7F799-8564-4576-A1FB-E4E4504BEFFA}","NEAR_FID":14835,"NEAR_DIST":7.0742004340018783}},{"type":"Feature","id":1599,"geometry":{"type":"Point","coordinates":[197902.7921000002,1885734.6304000001]},"properties":{"OBJECTID":1599,"Asset_ID":"GLY1599","Name":"Gully","District_ID":"Dahariz al Shamaliyya","Wlyt_ID":"Salalah","Gov_ID":"Dhofar Governorate","Road_ID":"100418","Mun_ID":" ","Latitude":17.036036880000001,"Longitude":54.162318630000001,"GlobalID":"{5F90F64E-F35E-4718-8A2A-365822819EA4}","NEAR_FID":7239,"NEAR_DIST":7.4550874400803506}},{"type":"Feature","id":1600,"geometry":{"type":"Point","coordinates":[197879.48159999959,1885766.2193]},"properties":{"OBJECTID":1600,"Asset_ID":"GLY1600","Name":"Gully","District_ID":"al Sada al Janubiyya","Wlyt_ID":"Salalah","Gov_ID":"Dhofar Governorate","Road_ID":"100418","Mun_ID":" ","Latitude":17.036319020000001,"Longitude":54.162095559999997,"GlobalID":"{9CB44D1F-814D-46C4-82D9-BAFFC4972353}","NEAR_FID":14835,"NEAR_DIST":7.1524347648946005}},{"type":"Feature","id":1601,"geometry":{"type":"Point","coordinates":[197904.53490000032,1885764.9122000001]},"properties":{"OBJECTID":1601,"Asset_ID":"GLY1601","Name":"Gully","District_ID":"al Sada al Janubiyya","Wlyt_ID":"Salalah","Gov_ID":"Dhofar Governorate","Road_ID":"100418","Mun_ID":" ","Latitude":17.03631051,"Longitude":54.162330859999997,"GlobalID":"{D8800912-79A0-4E8C-A7D8-DC7517931D25}","NEAR_FID":14835,"NEAR_DIST":6.9579571430997138}},{"type":"Feature","id":1602,"geometry":{"type":"Point","coordinates":[186913.6026999997,1882417.0526000001]},"properties":{"OBJECTID":1602,"Asset_ID":"GLY1602","Name":"Gully","District_ID":"al Wadi","Wlyt_ID":"Salalah","Gov_ID":"Dhofar Governorate","Road_ID":"103812","Mun_ID":" ","Latitude":17.004620339999999,"Longitude":54.059659430000004,"GlobalID":"{7774CAE5-8C3A-4372-B3F4-78712E960FDA}","NEAR_FID":16508,"NEAR_DIST":6.4689469852491017}},{"type":"Feature","id":1603,"geometry":{"type":"Point","coordinates":[186897.73929999955,1882432.0149000008]},"properties":{"OBJECTID":1603,"Asset_ID":"GLY1603","Name":"Gully","District_ID":"al Wadi","Wlyt_ID":"Salalah","Gov_ID":"Dhofar Governorate","Road_ID":"103812","Mun_ID":" ","Latitude":17.004753260000001,"Longitude":54.059508479999998,"GlobalID":"{181AF187-D9E8-4B11-AFCB-12A169AF70DB}","NEAR_FID":9713,"NEAR_DIST":0.34394186864565096}},{"type":"Feature","id":1604,"geometry":{"type":"Point","coordinates":[186950.54119999986,1882429.4146999996]},"properties":{"OBJECTID":1604,"Asset_ID":"GLY1604","Name":"Gully","District_ID":"al Wadi","Wlyt_ID":"Salalah","Gov_ID":"Dhofar Governorate","Road_ID":"103812","Mun_ID":"M2","Latitude":17.004736950000002,"Longitude":54.060004259999999,"GlobalID":"{3896F76C-B88F-48EF-89A6-D51A0AD50A46}","NEAR_FID":13595,"NEAR_DIST":7.9395623880103274}},{"type":"Feature","id":1605,"geometry":{"type":"Point","coordinates":[186945.62629999965,1882446.0327000003]},"properties":{"OBJECTID":1605,"Asset_ID":"GLY1605","Name":"Gully","District_ID":"al Wadi","Wlyt_ID":"Salalah","Gov_ID":"Dhofar Governorate","Road_ID":"103812","Mun_ID":" ","Latitude":17.004886299999999,"Longitude":54.059955809999998,"GlobalID":"{FF619317-308F-44F1-B61A-39DEAD58C420}","NEAR_FID":9371,"NEAR_DIST":0.86939759821469598}},{"type":"Feature","id":1606,"geometry":{"type":"Point","coordinates":[186993.67009999976,1882460.1743999999]},"properties":{"OBJECTID":1606,"Asset_ID":"GLY1606","Name":"Gully","District_ID":"al Wadi","Wlyt_ID":"Salalah","Gov_ID":"Dhofar Governorate","Road_ID":"103812","Mun_ID":" ","Latitude":17.005020479999999,"Longitude":54.060404589999997,"GlobalID":"{1AE954BC-925D-4C27-B112-DD7C431FAC54}","NEAR_FID":17382,"NEAR_DIST":0.96609440449420392}},{"type":"Feature","id":1607,"geometry":{"type":"Point","coordinates":[186998.65539999958,1882443.6232999992]},"properties":{"OBJECTID":1607,"Asset_ID":"GLY1607","Name":"Gully","District_ID":"al Wadi","Wlyt_ID":"Salalah","Gov_ID":"Dhofar Governorate","Road_ID":"103812","Mun_ID":"M3","Latitude":17.004871739999999,"Longitude":54.060453690000003,"GlobalID":"{09EEDCE0-7E1A-43FF-B1A2-C8D1528A88B3}","NEAR_FID":9135,"NEAR_DIST":8.1563074908854727}},{"type":"Feature","id":1608,"geometry":{"type":"Point","coordinates":[187041.80559999961,1882474.4787000008]},"properties":{"OBJECTID":1608,"Asset_ID":"GLY1608","Name":"Gully","District_ID":"al Wadi","Wlyt_ID":"Salalah","Gov_ID":"Dhofar Governorate","Road_ID":"103812","Mun_ID":" ","Latitude":17.00515614,"Longitude":54.060854200000001,"GlobalID":"{D92854EB-8949-474C-A0A3-67599CE0A429}","NEAR_FID":5906,"NEAR_DIST":0.68967609841163258}},{"type":"Feature","id":1609,"geometry":{"type":"Point","coordinates":[187046.68939999957,1882457.8364000004]},"properties":{"OBJECTID":1609,"Asset_ID":"GLY1609","Name":"Gully","District_ID":"al Wadi","Wlyt_ID":"Salalah","Gov_ID":"Dhofar Governorate","Road_ID":"103812","Mun_ID":" ","Latitude":17.005006560000002,"Longitude":54.060902370000001,"GlobalID":"{8B508713-15B7-41AC-B8D9-BD5DF8B5C8A6}","NEAR_FID":19212,"NEAR_DIST":7.8673488515566881}},{"type":"Feature","id":1610,"geometry":{"type":"Point","coordinates":[187094.4879999999,1882472.0913999993]},"properties":{"OBJECTID":1610,"Asset_ID":"GLY1610","Name":"Gully","District_ID":"al Wadi","Wlyt_ID":"Salalah","Gov_ID":"Dhofar Governorate","Road_ID":"103812","Mun_ID":" ","Latitude":17.005141729999998,"Longitude":54.06134883,"GlobalID":"{A526BDB6-6C50-4CF6-B443-850DCB404F9D}","NEAR_FID":14315,"NEAR_DIST":8.1836218606323143}},{"type":"Feature","id":1611,"geometry":{"type":"Point","coordinates":[187089.63379999995,1882488.7126000002]},"properties":{"OBJECTID":1611,"Asset_ID":"GLY1611","Name":"Gully","District_ID":"al Wadi","Wlyt_ID":"Salalah","Gov_ID":"Dhofar Governorate","Road_ID":"103812","Mun_ID":"M5","Latitude":17.005291119999999,"Longitude":54.061300950000003,"GlobalID":"{D3844576-3B9B-448D-9955-CD39E27AE2E4}","NEAR_FID":7301,"NEAR_DIST":0.65505247454890358}},{"type":"Feature","id":1612,"geometry":{"type":"Point","coordinates":[187137.63650000002,1882502.8392999992]},"properties":{"OBJECTID":1612,"Asset_ID":"GLY1612","Name":"Gully","District_ID":"al Wadi","Wlyt_ID":"Salalah","Gov_ID":"Dhofar Governorate","Road_ID":"105463","Mun_ID":" ","Latitude":17.005425160000001,"Longitude":54.061749339999999,"GlobalID":"{E26A3789-D3A2-44D2-8F84-7B0FAAE3B38A}","NEAR_FID":15077,"NEAR_DIST":0.43330389685112813}},{"type":"Feature","id":1613,"geometry":{"type":"Point","coordinates":[187142.51140000019,1882486.2938999999]},"properties":{"OBJECTID":1613,"Asset_ID":"GLY1613","Name":"Gully","District_ID":"al Wadi","Wlyt_ID":"Salalah","Gov_ID":"Dhofar Governorate","Road_ID":"103812","Mun_ID":" ","Latitude":17.00527645,"Longitude":54.061797409999997,"GlobalID":"{F19DDF91-D860-4A1E-9F3F-7061ABFFD9BA}","NEAR_FID":5520,"NEAR_DIST":7.9008291984829819}},{"type":"Feature","id":1614,"geometry":{"type":"Point","coordinates":[187185.58339999989,1882517.0524000004]},"properties":{"OBJECTID":1614,"Asset_ID":"GLY1614","Name":"Gully","District_ID":"al Wadi","Wlyt_ID":"Salalah","Gov_ID":"Dhofar Governorate","Road_ID":"103812","Mun_ID":" ","Latitude":17.005559959999999,"Longitude":54.0621972,"GlobalID":"{F78199CE-3557-4C2F-97C3-778BC6E0EF63}","NEAR_FID":8992,"NEAR_DIST":0.85024961267888211}},{"type":"Feature","id":1615,"geometry":{"type":"Point","coordinates":[187191.07689999975,1882498.7711999994]},"properties":{"OBJECTID":1615,"Asset_ID":"GLY1615","Name":"Gully","District_ID":"al Wadi","Wlyt_ID":"Salalah","Gov_ID":"Dhofar Governorate","Road_ID":"103812","Mun_ID":" ","Latitude":17.005395669999999,"Longitude":54.062251320000001,"GlobalID":"{114FC3D5-92D8-45BA-ACB4-B74E17A3F7EF}","NEAR_FID":5520,"NEAR_DIST":9.5405975475808962}},{"type":"Feature","id":1616,"geometry":{"type":"Point","coordinates":[187238.57660000026,1882513.2938999999]},"properties":{"OBJECTID":1616,"Asset_ID":"GLY1616","Name":"Gully","District_ID":"al Wadi","Wlyt_ID":"Salalah","Gov_ID":"Dhofar Governorate","Road_ID":"103812","Mun_ID":" ","Latitude":17.005533209999999,"Longitude":54.06269494,"GlobalID":"{FA36B098-A074-4128-A09A-5636E874327F}","NEAR_FID":10176,"NEAR_DIST":9.1650624574206745}},{"type":"Feature","id":1617,"geometry":{"type":"Point","coordinates":[187233.47169999965,1882531.2612999994]},"properties":{"OBJECTID":1617,"Asset_ID":"GLY1617","Name":"Gully","District_ID":"al Wadi","Wlyt_ID":"Salalah","Gov_ID":"Dhofar Governorate","Road_ID":"103812","Mun_ID":" ","Latitude":17.005694729999998,"Longitude":54.062644519999999,"GlobalID":"{6820D87E-D303-4E86-8238-6FEDC32C8531}","NEAR_FID":13781,"NEAR_DIST":0.87720973846966621}},{"type":"Feature","id":1618,"geometry":{"type":"Point","coordinates":[187329.21779999975,1882559.4801000003]},"properties":{"OBJECTID":1618,"Asset_ID":"GLY1618","Name":"Gully","District_ID":"al Wadi","Wlyt_ID":"Salalah","Gov_ID":"Dhofar Governorate","Road_ID":"103812","Mun_ID":" ","Latitude":17.005962440000001,"Longitude":54.063538889999997,"GlobalID":"{00C617BD-58F1-48C8-AE78-5254FB862B91}","NEAR_FID":5612,"NEAR_DIST":0.83470832866652356}},{"type":"Feature","id":1619,"geometry":{"type":"Point","coordinates":[187334.24370000046,1882542.7687999997]},"properties":{"OBJECTID":1619,"Asset_ID":"GLY1619","Name":"Gully","District_ID":"al Wadi","Wlyt_ID":"Salalah","Gov_ID":"Dhofar Governorate","Road_ID":"103812","Mun_ID":" ","Latitude":17.005812259999999,"Longitude":54.0635884,"GlobalID":"{129B055D-EDDF-4135-88CF-418BAD2A65E2}","NEAR_FID":8338,"NEAR_DIST":7.9479017257998565}},{"type":"Feature","id":1620,"geometry":{"type":"Point","coordinates":[187382.27070000023,1882556.9762999993]},"properties":{"OBJECTID":1620,"Asset_ID":"GLY1620","Name":"Gully","District_ID":"al Wadi","Wlyt_ID":"Salalah","Gov_ID":"Dhofar Governorate","Road_ID":"103812","Mun_ID":" ","Latitude":17.005947020000001,"Longitude":54.06403701,"GlobalID":"{81EBB0AE-14AB-4567-BD5B-AA8B51DDE292}","NEAR_FID":16867,"NEAR_DIST":7.9986855076794212}},{"type":"Feature","id":1621,"geometry":{"type":"Point","coordinates":[187377.31199999992,1882573.6704999991]},"properties":{"OBJECTID":1621,"Asset_ID":"GLY1621","Name":"Gully","District_ID":"al Wadi","Wlyt_ID":"Salalah","Gov_ID":"Dhofar Governorate","Road_ID":"103812","Mun_ID":" ","Latitude":17.006097059999998,"Longitude":54.063988139999999,"GlobalID":"{9C1321E4-7214-45C9-95E7-C0562B5799CF}","NEAR_FID":16479,"NEAR_DIST":0.98153333184968972}},{"type":"Feature","id":1622,"geometry":{"type":"Point","coordinates":[187430.05379999988,1882571.1817000005]},"properties":{"OBJECTID":1622,"Asset_ID":"GLY1622","Name":"Gully","District_ID":"al Wadi","Wlyt_ID":"Salalah","Gov_ID":"Dhofar Governorate","Road_ID":"103812","Mun_ID":" ","Latitude":17.006081739999999,"Longitude":54.064483340000002,"GlobalID":"{6D9EEBD3-158E-410C-8D53-67834997C2AE}","NEAR_FID":13749,"NEAR_DIST":7.9034023396144208}},{"type":"Feature","id":1623,"geometry":{"type":"Point","coordinates":[187425.21520000044,1882587.7907999996]},"properties":{"OBJECTID":1623,"Asset_ID":"GLY1623","Name":"Gully","District_ID":"al Wadi","Wlyt_ID":"Salalah","Gov_ID":"Dhofar Governorate","Road_ID":"103812","Mun_ID":" ","Latitude":17.006231020000001,"Longitude":54.064435609999997,"GlobalID":"{B7B6E064-0EBB-48EA-A09F-F3DC2D5AD780}","NEAR_FID":18618,"NEAR_DIST":0.78341858912337126}},{"type":"Feature","id":1624,"geometry":{"type":"Point","coordinates":[187473.02199999988,1882601.8464000002]},"properties":{"OBJECTID":1624,"Asset_ID":"GLY1624","Name":"Gully","District_ID":"al Wadi","Wlyt_ID":"Salalah","Gov_ID":"Dhofar Governorate","Road_ID":"103812","Mun_ID":" ","Latitude":17.006364380000001,"Longitude":54.064882179999998,"GlobalID":"{9A140868-020E-44B5-BC71-03FDDD8124A1}","NEAR_FID":13902,"NEAR_DIST":0.84890848271053121}},{"type":"Feature","id":1625,"geometry":{"type":"Point","coordinates":[187477.93829999957,1882585.1149000004]},"properties":{"OBJECTID":1625,"Asset_ID":"GLY1625","Name":"Gully","District_ID":"al Wadi","Wlyt_ID":"Salalah","Gov_ID":"Dhofar Governorate","Road_ID":"103812","Mun_ID":" ","Latitude":17.006214,"Longitude":54.064930660000002,"GlobalID":"{EE7A6972-4ABB-43ED-B094-E27CF8B23F97}","NEAR_FID":15592,"NEAR_DIST":8.1718307867986582}},{"type":"Feature","id":1626,"geometry":{"type":"Point","coordinates":[187530.48429999966,1882597.4415000007]},"properties":{"OBJECTID":1626,"Asset_ID":"GLY1626","Name":"Gully","District_ID":"al Wadi","Wlyt_ID":"Salalah","Gov_ID":"Dhofar Governorate","Road_ID":"105349","Mun_ID":" ","Latitude":17.006332390000001,"Longitude":54.065421950000001,"GlobalID":"{E5D04B9F-841C-4B9B-9B3C-D71369636DF4}","NEAR_FID":11366,"NEAR_DIST":4.2440372694470057}},{"type":"Feature","id":1627,"geometry":{"type":"Point","coordinates":[187524.68400000036,1882617.2659000009]},"properties":{"OBJECTID":1627,"Asset_ID":"GLY1627","Name":"Gully","District_ID":"al Wadi","Wlyt_ID":"Salalah","Gov_ID":"Dhofar Governorate","Road_ID":"103812","Mun_ID":" ","Latitude":17.00651058,"Longitude":54.06536474,"GlobalID":"{9BD86FA9-5AE4-4188-A73E-CD1F1D355B88}","NEAR_FID":18089,"NEAR_DIST":0.48713433037908882}},{"type":"Feature","id":1628,"geometry":{"type":"Point","coordinates":[187565.97080000024,1882636.4744000006]},"properties":{"OBJECTID":1628,"Asset_ID":"GLY1628","Name":"Gully","District_ID":"al Wadi","Wlyt_ID":"Salalah","Gov_ID":"Dhofar Governorate","Road_ID":"103812","Mun_ID":" ","Latitude":17.006689569999999,"Longitude":54.065749410000002,"GlobalID":"{73346F21-5EED-4828-9A06-FD8A4D3D3869}","NEAR_FID":8562,"NEAR_DIST":2.6164816062433522}},{"type":"Feature","id":1629,"geometry":{"type":"Point","coordinates":[187574.18659999967,1882616.8272999991]},"properties":{"OBJECTID":1629,"Asset_ID":"GLY1629","Name":"Gully","District_ID":"al Wadi","Wlyt_ID":"Salalah","Gov_ID":"Dhofar Governorate","Road_ID":"103812","Mun_ID":" ","Latitude":17.00651332,"Longitude":54.065829260000001,"GlobalID":"{8FA3CC44-8A51-46A2-AAD9-0643A4FCB860}","NEAR_FID":17312,"NEAR_DIST":9.7479356625664249}},{"type":"Feature","id":1630,"geometry":{"type":"Point","coordinates":[187281.40629999992,1882545.1978999991]},"properties":{"OBJECTID":1630,"Asset_ID":"GLY1630","Name":"Gully","District_ID":"al Wadi","Wlyt_ID":"Salalah","Gov_ID":"Dhofar Governorate","Road_ID":"103812","Mun_ID":" ","Latitude":17.005827029999999,"Longitude":54.063092300000001,"GlobalID":"{2F9E5108-FFCA-45D5-B842-3EFC1F8D5836}","NEAR_FID":13926,"NEAR_DIST":0.80107586567486977}},{"type":"Feature","id":1631,"geometry":{"type":"Point","coordinates":[187286.34460000042,1882528.5446000006]},"properties":{"OBJECTID":1631,"Asset_ID":"GLY1631","Name":"Gully","District_ID":"al Wadi","Wlyt_ID":"Salalah","Gov_ID":"Dhofar Governorate","Road_ID":"103812","Mun_ID":" ","Latitude":17.00567736,"Longitude":54.06314098,"GlobalID":"{3A9A1548-0E45-4B0B-B2ED-4F33CA2E08CC}","NEAR_FID":11770,"NEAR_DIST":7.9009031950150721}},{"type":"Feature","id":1632,"geometry":{"type":"Point","coordinates":[187506.56269999966,1882590.8845000006]},"properties":{"OBJECTID":1632,"Asset_ID":"GLY1632","Name":"Gully","District_ID":"al Wadi","Wlyt_ID":"Salalah","Gov_ID":"Dhofar Governorate","Road_ID":"105349","Mun_ID":" ","Latitude":17.006269960000001,"Longitude":54.065198420000002,"GlobalID":"{21B76DBA-CC4C-4A76-904E-03D74AC5B7CD}","NEAR_FID":6515,"NEAR_DIST":4.7163027236241097}},{"type":"Feature","id":1633,"geometry":{"type":"Point","coordinates":[187619.70380000025,1882636.8847000003]},"properties":{"OBJECTID":1633,"Asset_ID":"GLY1633","Name":"Gully","District_ID":"al Wadi","Wlyt_ID":"Salalah","Gov_ID":"Dhofar Governorate","Road_ID":"103812","Mun_ID":" ","Latitude":17.006700550000001,"Longitude":54.066253510000003,"GlobalID":"{0C36D920-860D-4E7A-90E6-5DB1BCA6DFB5}","NEAR_FID":17312,"NEAR_DIST":7.2327147441916981}},{"type":"Feature","id":1634,"geometry":{"type":"Point","coordinates":[187666.44969999976,1882654.1487000007]},"properties":{"OBJECTID":1634,"Asset_ID":"GLY1634","Name":"Gully","District_ID":"al Wadi","Wlyt_ID":"Salalah","Gov_ID":"Dhofar Governorate","Road_ID":"103812","Mun_ID":" ","Latitude":17.006862730000002,"Longitude":54.066689680000003,"GlobalID":"{E794E24A-4428-4D85-A82A-FB56FD0A92B4}","NEAR_FID":17312,"NEAR_DIST":7.3566297489029324}},{"type":"Feature","id":1635,"geometry":{"type":"Point","coordinates":[187713.73469999991,1882670.8040999994]},"properties":{"OBJECTID":1635,"Asset_ID":"GLY1635","Name":"Gully","District_ID":"al Wadi","Wlyt_ID":"Salalah","Gov_ID":"Dhofar Governorate","Road_ID":"103812","Mun_ID":" ","Latitude":17.00701948,"Longitude":54.067131000000003,"GlobalID":"{C08BFDA6-8ABD-4C06-8969-E8CE6B461991}","NEAR_FID":17312,"NEAR_DIST":7.1759660081595484}},{"type":"Feature","id":1636,"geometry":{"type":"Point","coordinates":[187850.15409999993,1882716.2774999999]},"properties":{"OBJECTID":1636,"Asset_ID":"GLY1636","Name":"Gully","District_ID":"Salalah al Gharbiyya","Wlyt_ID":"Salalah","Gov_ID":"Dhofar Governorate","Road_ID":"103812","Mun_ID":" ","Latitude":17.007448449999998,"Longitude":54.068404579999999,"GlobalID":"{9CD7D1C8-420E-4CC9-A3A1-19BA3E399A0C}","NEAR_FID":15869,"NEAR_DIST":6.332940536346924}},{"type":"Feature","id":1637,"geometry":{"type":"Point","coordinates":[187850.20749999955,1882715.0232999995]},"properties":{"OBJECTID":1637,"Asset_ID":"GLY1637","Name":"Gully","District_ID":"Salalah al Gharbiyya","Wlyt_ID":"Salalah","Gov_ID":"Dhofar Governorate","Road_ID":"103812","Mun_ID":" ","Latitude":17.00743714,"Longitude":54.068405259999999,"GlobalID":"{41E91B66-C6AC-41EB-9B42-D7376CE206EC}","NEAR_FID":15869,"NEAR_DIST":6.2764908196177602}},{"type":"Feature","id":1638,"geometry":{"type":"Point","coordinates":[187963.76180000044,1882737.8872999996]},"properties":{"OBJECTID":1638,"Asset_ID":"GLY1638","Name":"Gully","District_ID":"Salalah al Gharbiyya","Wlyt_ID":"Salalah","Gov_ID":"Dhofar Governorate","Road_ID":"103812","Mun_ID":" ","Latitude":17.007658899999999,"Longitude":54.069467490000001,"GlobalID":"{69B9A136-9ABF-45B7-8138-A664530B43CF}","NEAR_FID":10162,"NEAR_DIST":8.3268304070869341}},{"type":"Feature","id":1639,"geometry":{"type":"Point","coordinates":[187957.94319999963,1882759.1444000006]},"properties":{"OBJECTID":1639,"Asset_ID":"GLY1639","Name":"Gully","District_ID":"Salalah al Gharbiyya","Wlyt_ID":"Salalah","Gov_ID":"Dhofar Governorate","Road_ID":"103812","Mun_ID":" ","Latitude":17.007850009999999,"Longitude":54.069409909999997,"GlobalID":"{E31CABD2-84D3-4C3F-A284-BB60ADBF833C}","NEAR_FID":12308,"NEAR_DIST":2.0695775371407641}},{"type":"Feature","id":1640,"geometry":{"type":"Point","coordinates":[187994.6743999999,1882769.5745000001]},"properties":{"OBJECTID":1640,"Asset_ID":"GLY1640","Name":"Gully","District_ID":"Salalah al Gharbiyya","Wlyt_ID":"Salalah","Gov_ID":"Dhofar Governorate","Road_ID":"103812","Mun_ID":" ","Latitude":17.007949140000001,"Longitude":54.069753089999999,"GlobalID":"{8485D826-37B0-41A8-92FF-9C92E5D7F84D}","NEAR_FID":12308,"NEAR_DIST":0.48862397487644205}},{"type":"Feature","id":1641,"geometry":{"type":"Point","coordinates":[188000.75109999999,1882749.0100999996]},"properties":{"OBJECTID":1641,"Asset_ID":"GLY1641","Name":"Gully","District_ID":"Salalah al Gharbiyya","Wlyt_ID":"Salalah","Gov_ID":"Dhofar Governorate","Road_ID":"103812","Mun_ID":" ","Latitude":17.007764309999999,"Longitude":54.069812990000003,"GlobalID":"{45D14FE5-565C-411A-9E89-61289F61E480}","NEAR_FID":10162,"NEAR_DIST":8.5342728269189649}},{"type":"Feature","id":1642,"geometry":{"type":"Point","coordinates":[188044.64279999956,1882763.0149000008]},"properties":{"OBJECTID":1642,"Asset_ID":"GLY1642","Name":"Gully","District_ID":"Salalah al Gharbiyya","Wlyt_ID":"Salalah","Gov_ID":"Dhofar Governorate","Road_ID":"103812","Mun_ID":" ","Latitude":17.007896670000001,"Longitude":54.07022285,"GlobalID":"{54BFDDC2-1515-4A5B-8DBB-6974F4B53BF7}","NEAR_FID":10162,"NEAR_DIST":9.0504685174599597}},{"type":"Feature","id":1643,"geometry":{"type":"Point","coordinates":[188038.85290000029,1882784.0991999991]},"properties":{"OBJECTID":1643,"Asset_ID":"GLY1643","Name":"Gully","District_ID":"Salalah al Gharbiyya","Wlyt_ID":"Salalah","Gov_ID":"Dhofar Governorate","Road_ID":"103812","Mun_ID":" ","Latitude":17.00808623,"Longitude":54.07016556,"GlobalID":"{96DFD8AF-F12A-4D01-8B10-24EF285520F5}","NEAR_FID":12308,"NEAR_DIST":0.41046177600351041}},{"type":"Feature","id":1644,"geometry":{"type":"Point","coordinates":[188095.37710000016,1882777.3968000002]},"properties":{"OBJECTID":1644,"Asset_ID":"GLY1644","Name":"Gully","District_ID":"Salalah al Gharbiyya","Wlyt_ID":"Salalah","Gov_ID":"Dhofar Governorate","Road_ID":"103812","Mun_ID":" ","Latitude":17.008033359999999,"Longitude":54.070696849999997,"GlobalID":"{D90373CA-28A7-4DCA-A65E-92D540CC92E0}","NEAR_FID":13499,"NEAR_DIST":5.4202253428272744}},{"type":"Feature","id":1645,"geometry":{"type":"Point","coordinates":[188088.43620000035,1882800.4171999991]},"properties":{"OBJECTID":1645,"Asset_ID":"GLY1645","Name":"Gully","District_ID":"Salalah al Gharbiyya","Wlyt_ID":"Salalah","Gov_ID":"Dhofar Governorate","Road_ID":"103812","Mun_ID":" ","Latitude":17.00824025,"Longitude":54.070628499999998,"GlobalID":"{E8D4CD99-9C21-4565-89C2-1E18CD60E87C}","NEAR_FID":12308,"NEAR_DIST":0.36483550688345745}},{"type":"Feature","id":1646,"geometry":{"type":"Point","coordinates":[188188.62650000025,1882810.3509999998]},"properties":{"OBJECTID":1646,"Asset_ID":"GLY1646","Name":"Gully","District_ID":"Salalah al Gharbiyya","Wlyt_ID":"Salalah","Gov_ID":"Dhofar Governorate","Road_ID":"103812","Mun_ID":" ","Latitude":17.008343459999999,"Longitude":54.071567160000001,"GlobalID":"{6DDD24E2-80FA-4D4B-8252-27F3F30ECE61}","NEAR_FID":16421,"NEAR_DIST":8.6215886700119935}},{"type":"Feature","id":1647,"geometry":{"type":"Point","coordinates":[188181.37270000018,1882835.8073999994]},"properties":{"OBJECTID":1647,"Asset_ID":"GLY1647","Name":"Gully","District_ID":null,"Wlyt_ID":"Salalah","Gov_ID":"Dhofar Governorate","Road_ID":"103812","Mun_ID":" ","Latitude":17.00857229,"Longitude":54.07149553,"GlobalID":"{C1FBA454-F69B-4CF1-871F-3B0E45F991E4}","NEAR_FID":4910,"NEAR_DIST":4.8979031084482783}},{"type":"Feature","id":1648,"geometry":{"type":"Point","coordinates":[188229.32400000002,1882846.3117999993]},"properties":{"OBJECTID":1648,"Asset_ID":"GLY1648","Name":"Gully","District_ID":"Salalah al Gharbiyya","Wlyt_ID":"Salalah","Gov_ID":"Dhofar Governorate","Road_ID":"103812","Mun_ID":" ","Latitude":17.008673600000002,"Longitude":54.07194397,"GlobalID":"{BABDC591-B73F-47ED-A876-1DE6C49ED6FA}","NEAR_FID":4910,"NEAR_DIST":0.019817626062839638}},{"type":"Feature","id":1649,"geometry":{"type":"Point","coordinates":[188236.16119999997,1882825.4461000003]},"properties":{"OBJECTID":1649,"Asset_ID":"GLY1649","Name":"Gully","District_ID":"Salalah al Gharbiyya","Wlyt_ID":"Salalah","Gov_ID":"Dhofar Governorate","Road_ID":"103812","Mun_ID":" ","Latitude":17.00848616,"Longitude":54.07201105,"GlobalID":"{16A10A58-F39E-4D8C-8AEB-DFFAB5C30E5B}","NEAR_FID":16421,"NEAR_DIST":9.0329687713045814}},{"type":"Feature","id":1650,"geometry":{"type":"Point","coordinates":[188285.17119999975,1882841.1480999999]},"properties":{"OBJECTID":1650,"Asset_ID":"GLY1650","Name":"Gully","District_ID":"Salalah al Gharbiyya","Wlyt_ID":"Salalah","Gov_ID":"Dhofar Governorate","Road_ID":"103812","Mun_ID":" ","Latitude":17.008634529999998,"Longitude":54.072468700000002,"GlobalID":"{C7E4F264-5C35-47D9-8AF9-6F100AEB377B}","NEAR_FID":16421,"NEAR_DIST":9.6084411908221252}},{"type":"Feature","id":1651,"geometry":{"type":"Point","coordinates":[188325.96339999977,1882879.3239999991]},"properties":{"OBJECTID":1651,"Asset_ID":"GLY1651","Name":"Gully","District_ID":"Salalah al Gharbiyya","Wlyt_ID":"Salalah","Gov_ID":"Dhofar Governorate","Road_ID":"103812","Mun_ID":" ","Latitude":17.008984680000001,"Longitude":54.072846079999998,"GlobalID":"{E61767DD-A69E-449A-A320-748617F1780F}","NEAR_FID":8417,"NEAR_DIST":1.6712049599397689}},{"type":"Feature","id":1652,"geometry":{"type":"Point","coordinates":[188333.35780000035,1882856.1131999996]},"properties":{"OBJECTID":1652,"Asset_ID":"GLY1652","Name":"Gully","District_ID":"Salalah al Gharbiyya","Wlyt_ID":"Salalah","Gov_ID":"Dhofar Governorate","Road_ID":"104567","Mun_ID":" ","Latitude":17.008776130000001,"Longitude":54.072918719999997,"GlobalID":"{BAEAC5A2-710C-4E59-9312-E474A1F3FD8F}","NEAR_FID":11569,"NEAR_DIST":3.5495786324812348}},{"type":"Feature","id":1653,"geometry":{"type":"Point","coordinates":[188403.69519999996,1882910.0931000002]},"properties":{"OBJECTID":1653,"Asset_ID":"GLY1653","Name":"Gully","District_ID":"Salalah al Jadida","Wlyt_ID":"Salalah","Gov_ID":"Dhofar Governorate","Road_ID":"103812","Mun_ID":" ","Latitude":17.009272939999999,"Longitude":54.073571110000003,"GlobalID":"{B16D57CB-3DB0-4656-8215-7F3BF04B9AE5}","NEAR_FID":5635,"NEAR_DIST":1.8721643500001555}},{"type":"Feature","id":1654,"geometry":{"type":"Point","coordinates":[188423.02570000011,1882899.6465000007]},"properties":{"OBJECTID":1654,"Asset_ID":"GLY1654","Name":"Gully","District_ID":"Salalah al Gharbiyya","Wlyt_ID":"Salalah","Gov_ID":"Dhofar Governorate","Road_ID":"104567","Mun_ID":" ","Latitude":17.009181250000001,"Longitude":54.073753949999997,"GlobalID":"{1C5ED816-7CC0-41EE-AF80-6EFF5D0AC9B6}","NEAR_FID":13510,"NEAR_DIST":0.0067061886794626754}},{"type":"Feature","id":1655,"geometry":{"type":"Point","coordinates":[188417.72200000007,1882913.2524999995]},"properties":{"OBJECTID":1655,"Asset_ID":"GLY1655","Name":"Gully","District_ID":null,"Wlyt_ID":"Salalah","Gov_ID":"Dhofar Governorate","Road_ID":"103812","Mun_ID":" ","Latitude":17.009303360000001,"Longitude":54.073702269999998,"GlobalID":"{29332584-8F04-425B-9D77-12ACDD44BD3E}","NEAR_FID":18947,"NEAR_DIST":2.5205143717634404}},{"type":"Feature","id":1656,"geometry":{"type":"Point","coordinates":[188462.76520000026,1882935.3122000005]},"properties":{"OBJECTID":1656,"Asset_ID":"GLY1656","Name":"Gully","District_ID":"Salalah al Jadida","Wlyt_ID":"Salalah","Gov_ID":"Dhofar Governorate","Road_ID":"103812","Mun_ID":" ","Latitude":17.009508589999999,"Longitude":54.074121810000001,"GlobalID":"{036752DF-30F9-4748-8AFD-C4108FB96A5E}","NEAR_FID":5635,"NEAR_DIST":0.63045800198079072}},{"type":"Feature","id":1657,"geometry":{"type":"Point","coordinates":[188472.43560000043,1882912.6348999999]},"properties":{"OBJECTID":1657,"Asset_ID":"GLY1657","Name":"Gully","District_ID":"Salalah al Gharbiyya","Wlyt_ID":"Salalah","Gov_ID":"Dhofar Governorate","Road_ID":"103812","Mun_ID":" ","Latitude":17.009305170000001,"Longitude":54.074215729999999,"GlobalID":"{7746F4B4-7B16-4B9F-9C27-5FF44E8A5610}","NEAR_FID":12497,"NEAR_DIST":7.4537632921544894}},{"type":"Feature","id":1658,"geometry":{"type":"Point","coordinates":[188562.66870000027,1882962.2851999998]},"properties":{"OBJECTID":1658,"Asset_ID":"GLY1658","Name":"Gully","District_ID":"Salalah al Jadida","Wlyt_ID":"Salalah","Gov_ID":"Dhofar Governorate","Road_ID":"103812","Mun_ID":" ","Latitude":17.00976558,"Longitude":54.075055409999997,"GlobalID":"{8C738F75-292F-4A79-B846-137C0811C0E5}","NEAR_FID":19058,"NEAR_DIST":3.3066077679865815}},{"type":"Feature","id":1659,"geometry":{"type":"Point","coordinates":[188566.23570000008,1882953.182]},"properties":{"OBJECTID":1659,"Asset_ID":"GLY1659","Name":"Gully","District_ID":"Salalah al Gharbiyya","Wlyt_ID":"Salalah","Gov_ID":"Dhofar Governorate","Road_ID":"103812","Mun_ID":" ","Latitude":17.009683880000001,"Longitude":54.075090150000001,"GlobalID":"{25385028-3619-4151-B846-4FFB50F2D5CF}","NEAR_FID":19058,"NEAR_DIST":6.4672130034887587}},{"type":"Feature","id":1660,"geometry":{"type":"Point","coordinates":[188566.63439999986,1882951.2133000009]},"properties":{"OBJECTID":1660,"Asset_ID":"GLY1660","Name":"Gully","District_ID":"Salalah al Gharbiyya","Wlyt_ID":"Salalah","Gov_ID":"Dhofar Governorate","Road_ID":"103812","Mun_ID":" ","Latitude":17.009666159999998,"Longitude":54.07509417,"GlobalID":"{202B5924-EE1C-4D82-879F-2BF77451411D}","NEAR_FID":19058,"NEAR_DIST":8.4540024850205349}},{"type":"Feature","id":1661,"geometry":{"type":"Point","coordinates":[188605.13109999988,1882986.7141999993]},"properties":{"OBJECTID":1661,"Asset_ID":"GLY1661","Name":"Gully","District_ID":"Salalah al Jadida","Wlyt_ID":"Salalah","Gov_ID":"Dhofar Governorate","Road_ID":"103812","Mun_ID":" ","Latitude":17.009991840000001,"Longitude":54.075450400000001,"GlobalID":"{F27C722F-D29D-4843-AFE3-9EB5E26D0F9B}","NEAR_FID":15028,"NEAR_DIST":1.2281825031031468}},{"type":"Feature","id":1662,"geometry":{"type":"Point","coordinates":[188608.78160000034,1882965.8488999996]},"properties":{"OBJECTID":1662,"Asset_ID":"GLY1662","Name":"Gully","District_ID":"Salalah al Gharbiyya","Wlyt_ID":"Salalah","Gov_ID":"Dhofar Governorate","Road_ID":"103812","Mun_ID":" ","Latitude":17.00980397,"Longitude":54.075487580000001,"GlobalID":"{5310D7D1-070E-443C-A2FD-C661AEE47320}","NEAR_FID":18280,"NEAR_DIST":9.0481981001634129}},{"type":"Feature","id":1663,"geometry":{"type":"Point","coordinates":[188654.28699999955,1883003.2797999997]},"properties":{"OBJECTID":1663,"Asset_ID":"GLY1663","Name":"Gully","District_ID":"Salalah al Jadida","Wlyt_ID":"Salalah","Gov_ID":"Dhofar Governorate","Road_ID":"103812","Mun_ID":" ","Latitude":17.010148019999999,"Longitude":54.075909299999999,"GlobalID":"{D77C9545-F79B-4B01-A3F2-DE1CCB87C775}","NEAR_FID":6258,"NEAR_DIST":1.380425741552638}},{"type":"Feature","id":1664,"geometry":{"type":"Point","coordinates":[188702.6063000001,1883018.3286000006]},"properties":{"OBJECTID":1664,"Asset_ID":"GLY1664","Name":"Gully","District_ID":"Salalah al Jadida","Wlyt_ID":"Salalah","Gov_ID":"Dhofar Governorate","Road_ID":"103812","Mun_ID":" ","Latitude":17.010290399999999,"Longitude":54.076360569999999,"GlobalID":"{C308BDEA-EE4C-41EC-9F8B-5E62AABD1DBE}","NEAR_FID":15906,"NEAR_DIST":0.56431787007170087}},{"type":"Feature","id":1665,"geometry":{"type":"Point","coordinates":[188708.46109999996,1883000.1723999996]},"properties":{"OBJECTID":1665,"Asset_ID":"GLY1665","Name":"Gully","District_ID":"Salalah al Gharbiyya","Wlyt_ID":"Salalah","Gov_ID":"Dhofar Governorate","Road_ID":"103812","Mun_ID":" ","Latitude":17.010127279999999,"Longitude":54.076418050000001,"GlobalID":"{944C3DF4-EBF1-4843-9068-4D7DEC87349D}","NEAR_FID":18280,"NEAR_DIST":7.4163870778524918}},{"type":"Feature","id":1666,"geometry":{"type":"Point","coordinates":[188756.73290000018,1883014.8454999998]},"properties":{"OBJECTID":1666,"Asset_ID":"GLY1666","Name":"Gully","District_ID":"Salalah al Gharbiyya","Wlyt_ID":"Salalah","Gov_ID":"Dhofar Governorate","Road_ID":"103812","Mun_ID":" ","Latitude":17.010266250000001,"Longitude":54.076868920000003,"GlobalID":"{E6717E1F-F497-45B4-BF7F-CF87B8C9A207}","NEAR_FID":18280,"NEAR_DIST":8.4328396742764617}},{"type":"Feature","id":1667,"geometry":{"type":"Point","coordinates":[188749.65259999968,1883033.6023999993]},"properties":{"OBJECTID":1667,"Asset_ID":"GLY1667","Name":"Gully","District_ID":"Salalah al Jadida","Wlyt_ID":"Salalah","Gov_ID":"Dhofar Governorate","Road_ID":"103812","Mun_ID":" ","Latitude":17.010434629999999,"Longitude":54.076799860000001,"GlobalID":"{FCBD0D5E-C2F0-404D-9A8C-E148A399F732}","NEAR_FID":15906,"NEAR_DIST":0.67474471570463646}},{"type":"Feature","id":1668,"geometry":{"type":"Point","coordinates":[188803.88709999993,1883029.3618000001]},"properties":{"OBJECTID":1668,"Asset_ID":"GLY1668","Name":"Gully","District_ID":"Salalah al Gharbiyya","Wlyt_ID":"Salalah","Gov_ID":"Dhofar Governorate","Road_ID":"103812","Mun_ID":" ","Latitude":17.010403660000001,"Longitude":54.077309329999999,"GlobalID":"{4457D3A7-035D-4313-9617-B284FA19B461}","NEAR_FID":18280,"NEAR_DIST":9.0490868306684042}},{"type":"Feature","id":1669,"geometry":{"type":"Point","coordinates":[188797.73390000034,1883048.5362]},"properties":{"OBJECTID":1669,"Asset_ID":"GLY1669","Name":"Gully","District_ID":"Salalah al Jadida","Wlyt_ID":"Salalah","Gov_ID":"Dhofar Governorate","Road_ID":"103812","Mun_ID":" ","Latitude":17.010575930000002,"Longitude":54.077248910000002,"GlobalID":"{28F32A22-D09A-4609-836C-4CD9444CF682}","NEAR_FID":15906,"NEAR_DIST":1.2003713868128876}},{"type":"Feature","id":1670,"geometry":{"type":"Point","coordinates":[188852.94560000021,1883044.0265999995]},"properties":{"OBJECTID":1670,"Asset_ID":"GLY1670","Name":"Gully","District_ID":"Salalah al Gharbiyya","Wlyt_ID":"Salalah","Gov_ID":"Dhofar Governorate","Road_ID":"104475","Mun_ID":" ","Latitude":17.01054267,"Longitude":54.07776758,"GlobalID":"{24E65593-B679-492D-91E9-200A82B37A0D}","NEAR_FID":17709,"NEAR_DIST":5.4622350072561643}},{"type":"Feature","id":1671,"geometry":{"type":"Point","coordinates":[188845.11110000033,1883062.3551000003]},"properties":{"OBJECTID":1671,"Asset_ID":"GLY1671","Name":"Gully","District_ID":"Salalah al Jadida","Wlyt_ID":"Salalah","Gov_ID":"Dhofar Governorate","Road_ID":"103812","Mun_ID":" ","Latitude":17.010707069999999,"Longitude":54.077691510000001,"GlobalID":"{7E38C1C2-CA1F-4231-A830-3F4E2C3C4EA4}","NEAR_FID":15906,"NEAR_DIST":0.85969449030695411}},{"type":"Feature","id":1672,"geometry":{"type":"Point","coordinates":[188867.65490000043,1883069.1260000002]},"properties":{"OBJECTID":1672,"Asset_ID":"GLY1672","Name":"Gully","District_ID":"Salalah al Jadida","Wlyt_ID":"Salalah","Gov_ID":"Dhofar Governorate","Road_ID":"103812","Mun_ID":" ","Latitude":17.01077124,"Longitude":54.077902080000001,"GlobalID":"{F61DB3BA-490A-471D-899B-26B7CA96D934}","NEAR_FID":15906,"NEAR_DIST":0.88475407556264651}},{"type":"Feature","id":1673,"geometry":{"type":"Point","coordinates":[188896.30790000036,1883055.7509000003]},"properties":{"OBJECTID":1673,"Asset_ID":"GLY1673","Name":"Gully","District_ID":"Salalah al Gharbiyya","Wlyt_ID":"Salalah","Gov_ID":"Dhofar Governorate","Road_ID":"103812","Mun_ID":" ","Latitude":17.010654349999999,"Longitude":54.078172809999998,"GlobalID":"{84AF7A8C-3039-4B7F-AC3F-76340DCB07F1}","NEAR_FID":7945,"NEAR_DIST":0.86553190364583765}},{"type":"Feature","id":1674,"geometry":{"type":"Point","coordinates":[188895.45519999973,1883058.5120999999]},"properties":{"OBJECTID":1674,"Asset_ID":"GLY1674","Name":"Gully","District_ID":"Salalah al Gharbiyya","Wlyt_ID":"Salalah","Gov_ID":"Dhofar Governorate","Road_ID":"103812","Mun_ID":" ","Latitude":17.01067917,"Longitude":54.07816442,"GlobalID":"{E5766E9F-A350-483D-A1B8-FED3A93B15F5}","NEAR_FID":7945,"NEAR_DIST":3.7518390957447414}},{"type":"Feature","id":1675,"geometry":{"type":"Point","coordinates":[188890.51800000016,1883075.7709999997]},"properties":{"OBJECTID":1675,"Asset_ID":"GLY1675","Name":"Gully","District_ID":"Salalah al Jadida","Wlyt_ID":"Salalah","Gov_ID":"Dhofar Governorate","Road_ID":"103812","Mun_ID":" ","Latitude":17.01083431,"Longitude":54.078115680000003,"GlobalID":"{1B632B2C-3083-4CE0-B2A0-2D04AA4BD9F5}","NEAR_FID":15906,"NEAR_DIST":0.69767514245474804}},{"type":"Feature","id":1676,"geometry":{"type":"Point","coordinates":[188910.91199999955,1883081.2160999998]},"properties":{"OBJECTID":1676,"Asset_ID":"GLY1676","Name":"Gully","District_ID":"Salalah al Jadida","Wlyt_ID":"Salalah","Gov_ID":"Dhofar Governorate","Road_ID":"103812","Mun_ID":" ","Latitude":17.01088622,"Longitude":54.078306269999999,"GlobalID":"{4242C019-BDFC-410F-BB11-1CECED4EF1D7}","NEAR_FID":15906,"NEAR_DIST":0.068762043258666819}},{"type":"Feature","id":1677,"geometry":{"type":"Point","coordinates":[188934.52990000043,1883088.2447999995]},"properties":{"OBJECTID":1677,"Asset_ID":"GLY1677","Name":"Gully","District_ID":"Salalah al Jadida","Wlyt_ID":"Salalah","Gov_ID":"Dhofar Governorate","Road_ID":"103812","Mun_ID":" ","Latitude":17.010952849999999,"Longitude":54.078526889999999,"GlobalID":"{8ABEF2C4-1BDD-4E0E-BDC3-38DB46640EA3}","NEAR_FID":16029,"NEAR_DIST":0.69057611250434514}},{"type":"Feature","id":1678,"geometry":{"type":"Point","coordinates":[188939.07760000043,1883070.7284999993]},"properties":{"OBJECTID":1678,"Asset_ID":"GLY1678","Name":"Gully","District_ID":"Salalah al Gharbiyya","Wlyt_ID":"Salalah","Gov_ID":"Dhofar Governorate","Road_ID":"103812","Mun_ID":" ","Latitude":17.010795330000001,"Longitude":54.078572010000002,"GlobalID":"{C273904E-EB61-440C-8A9A-D97F1278E8D1}","NEAR_FID":7945,"NEAR_DIST":3.3825669716907991}},{"type":"Feature","id":1679,"geometry":{"type":"Point","coordinates":[188939.85059999954,1883068.2229999993]},"properties":{"OBJECTID":1679,"Asset_ID":"GLY1679","Name":"Gully","District_ID":"Salalah al Gharbiyya","Wlyt_ID":"Salalah","Gov_ID":"Dhofar Governorate","Road_ID":"103812","Mun_ID":" ","Latitude":17.01077282,"Longitude":54.078579619999999,"GlobalID":"{3C28B568-B7D3-49A3-A05D-4077EC874BE0}","NEAR_FID":7945,"NEAR_DIST":0.76198683295068392}},{"type":"Feature","id":1680,"geometry":{"type":"Point","coordinates":[188961.18969999999,1883095.7436999995]},"properties":{"OBJECTID":1680,"Asset_ID":"GLY1680","Name":"Gully","District_ID":"Salalah al Jadida","Wlyt_ID":"Salalah","Gov_ID":"Dhofar Governorate","Road_ID":"103812","Mun_ID":" ","Latitude":17.01102414,"Longitude":54.078775989999997,"GlobalID":"{CEC50C0E-BCF6-49BF-A597-5198D22B3763}","NEAR_FID":16029,"NEAR_DIST":1.0060271586257037}},{"type":"Feature","id":1681,"geometry":{"type":"Point","coordinates":[188983.13269999996,1883101.8412999995]},"properties":{"OBJECTID":1681,"Asset_ID":"GLY1681","Name":"Gully","District_ID":"Salalah al Jadida","Wlyt_ID":"Salalah","Gov_ID":"Dhofar Governorate","Road_ID":"103812","Mun_ID":" ","Latitude":17.01108215,"Longitude":54.078981020000001,"GlobalID":"{8B3E08DB-B7AA-40C9-A4DB-1C1F9B305265}","NEAR_FID":7800,"NEAR_DIST":0.81385446859674748}},{"type":"Feature","id":1682,"geometry":{"type":"Point","coordinates":[188987.37100000028,1883084.1279000007]},"properties":{"OBJECTID":1682,"Asset_ID":"GLY1682","Name":"Gully","District_ID":"Salalah al Gharbiyya","Wlyt_ID":"Salalah","Gov_ID":"Dhofar Governorate","Road_ID":"103812","Mun_ID":" ","Latitude":17.01092281,"Longitude":54.07902327,"GlobalID":"{C1D84206-DB38-433A-8083-E2396B9983B6}","NEAR_FID":17027,"NEAR_DIST":2.520286979473807}},{"type":"Feature","id":1683,"geometry":{"type":"Point","coordinates":[188988.23830000032,1883080.6864999998]},"properties":{"OBJECTID":1683,"Asset_ID":"GLY1683","Name":"Gully","District_ID":"Salalah al Gharbiyya","Wlyt_ID":"Salalah","Gov_ID":"Dhofar Governorate","Road_ID":"103812","Mun_ID":" ","Latitude":17.010891860000001,"Longitude":54.079031890000003,"GlobalID":"{F70F2340-0752-497E-9762-D7AFA06AE534}","NEAR_FID":17027,"NEAR_DIST":0.97099215395625349}},{"type":"Feature","id":1684,"geometry":{"type":"Point","coordinates":[189009.22599999979,1883109.5429999996]},"properties":{"OBJECTID":1684,"Asset_ID":"GLY1684","Name":"Gully","District_ID":"Salalah al Jadida","Wlyt_ID":"Salalah","Gov_ID":"Dhofar Governorate","Road_ID":"103812","Mun_ID":" ","Latitude":17.01115519,"Longitude":54.079224779999997,"GlobalID":"{57373792-119A-47BB-BDD2-31FD3A2D5FE6}","NEAR_FID":7800,"NEAR_DIST":0.93955827101629363}},{"type":"Feature","id":1685,"geometry":{"type":"Point","coordinates":[189019.62380000018,1883092.8469999991]},"properties":{"OBJECTID":1685,"Asset_ID":"GLY1685","Name":"Gully","District_ID":"Salalah al Gharbiyya","Wlyt_ID":"Salalah","Gov_ID":"Dhofar Governorate","Road_ID":"104478","Mun_ID":" ","Latitude":17.011005870000002,"Longitude":54.079324679999999,"GlobalID":"{8BF527BB-4F00-4C0A-85F7-0AB0DA88FA14}","NEAR_FID":14538,"NEAR_DIST":0.52779252054186487}},{"type":"Feature","id":1686,"geometry":{"type":"Point","coordinates":[189034.15390000027,1883097.1338999998]},"properties":{"OBJECTID":1686,"Asset_ID":"GLY1686","Name":"Gully","District_ID":"Salalah al Gharbiyya","Wlyt_ID":"Salalah","Gov_ID":"Dhofar Governorate","Road_ID":"104478","Mun_ID":" ","Latitude":17.011046530000002,"Longitude":54.079460410000003,"GlobalID":"{2A679DF4-B810-424A-B9DA-74CB46326746}","NEAR_FID":17987,"NEAR_DIST":5.4998411222677275}},{"type":"Feature","id":1687,"geometry":{"type":"Point","coordinates":[189028.25810000021,1883118.0431999993]},"properties":{"OBJECTID":1687,"Asset_ID":"GLY1687","Name":"Gully","District_ID":"Salalah al Jadida","Wlyt_ID":"Salalah","Gov_ID":"Dhofar Governorate","Road_ID":"104246","Mun_ID":" ","Latitude":17.0112345,"Longitude":54.079402160000001,"GlobalID":"{CAE69BD4-3013-4B10-9839-10F300BA4F15}","NEAR_FID":14789,"NEAR_DIST":1.4227507780649054}},{"type":"Feature","id":1688,"geometry":{"type":"Point","coordinates":[189066.63049999997,1883128.4989]},"properties":{"OBJECTID":1688,"Asset_ID":"GLY1688","Name":"Gully","District_ID":"Salalah al Jadida","Wlyt_ID":"Salalah","Gov_ID":"Dhofar Governorate","Road_ID":"104246","Mun_ID":" ","Latitude":17.011334059999999,"Longitude":54.079760749999998,"GlobalID":"{A19815D6-A18D-4F13-91A7-B84141D432D9}","NEAR_FID":4985,"NEAR_DIST":0.68635475357802389}},{"type":"Feature","id":1689,"geometry":{"type":"Point","coordinates":[189072.25960000046,1883108.6431000009]},"properties":{"OBJECTID":1689,"Asset_ID":"GLY1689","Name":"Gully","District_ID":"Salalah al Gharbiyya","Wlyt_ID":"Salalah","Gov_ID":"Dhofar Governorate","Road_ID":"103812","Mun_ID":" ","Latitude":17.011155559999999,"Longitude":54.079816340000001,"GlobalID":"{C0BB1FBF-1ADA-4D68-9BE8-E95B0F72110E}","NEAR_FID":11069,"NEAR_DIST":7.5148892029509939}},{"type":"Feature","id":1690,"geometry":{"type":"Point","coordinates":[189113.00490000006,1883142.4333999995]},"properties":{"OBJECTID":1690,"Asset_ID":"GLY1690","Name":"Gully","District_ID":"Salalah al Jadida","Wlyt_ID":"Salalah","Gov_ID":"Dhofar Governorate","Road_ID":"103812","Mun_ID":" ","Latitude":17.0114661,"Longitude":54.080193919999999,"GlobalID":"{1871AA08-893D-4E03-A9B8-EF894A96E225}","NEAR_FID":14226,"NEAR_DIST":1.7591043000110222}},{"type":"Feature","id":1691,"geometry":{"type":"Point","coordinates":[189158.48670000024,1883155.7460999992]},"properties":{"OBJECTID":1691,"Asset_ID":"GLY1691","Name":"Gully","District_ID":"Salalah al Jadida","Wlyt_ID":"Salalah","Gov_ID":"Dhofar Governorate","Road_ID":"103812","Mun_ID":" ","Latitude":17.011592409999999,"Longitude":54.080618819999998,"GlobalID":"{B960BA4C-01E0-4882-BD98-0AE69D368054}","NEAR_FID":5293,"NEAR_DIST":0.92048682086136979}},{"type":"Feature","id":1692,"geometry":{"type":"Point","coordinates":[189209.53440000024,1883172.0942000002]},"properties":{"OBJECTID":1692,"Asset_ID":"GLY1692","Name":"Gully","District_ID":"Salalah al Jadida","Wlyt_ID":"Salalah","Gov_ID":"Dhofar Governorate","Road_ID":"103812","Mun_ID":" ","Latitude":17.01174687,"Longitude":54.081095509999997,"GlobalID":"{9FEE9E96-D5C0-4C3E-8EF3-861A80597389}","NEAR_FID":5293,"NEAR_DIST":1.4553770021250301}},{"type":"Feature","id":1693,"geometry":{"type":"Point","coordinates":[189251.18269999977,1883183.1023999993]},"properties":{"OBJECTID":1693,"Asset_ID":"GLY1693","Name":"Gully","District_ID":"Salalah al Jadida","Wlyt_ID":"Salalah","Gov_ID":"Dhofar Governorate","Road_ID":"103812","Mun_ID":" ","Latitude":17.01185186,"Longitude":54.081484750000001,"GlobalID":"{E535AEC3-FB32-485F-BCBE-F342E07B47EE}","NEAR_FID":5293,"NEAR_DIST":0.19490718797584233}},{"type":"Feature","id":1694,"geometry":{"type":"Point","coordinates":[189316.70830000006,1883175.8293999992]},"properties":{"OBJECTID":1694,"Asset_ID":"GLY1694","Name":"Gully","District_ID":"Salalah al Gharbiyya","Wlyt_ID":"Salalah","Gov_ID":"Dhofar Governorate","Road_ID":"103812","Mun_ID":" ","Latitude":17.011795029999998,"Longitude":54.082100599999997,"GlobalID":"{93DA45EB-10CC-424E-8A84-556A96C1D000}","NEAR_FID":13285,"NEAR_DIST":15.098705137531857}},{"type":"Feature","id":1695,"geometry":{"type":"Point","coordinates":[189314.99560000002,1883181.1019000001]},"properties":{"OBJECTID":1695,"Asset_ID":"GLY1695","Name":"Gully","District_ID":"Salalah al Gharbiyya","Wlyt_ID":"Salalah","Gov_ID":"Dhofar Governorate","Road_ID":"103812","Mun_ID":" ","Latitude":17.011842390000002,"Longitude":54.082083789999999,"GlobalID":"{500F63C8-E9DD-4DF4-BB36-AC8977C0D5A3}","NEAR_FID":13285,"NEAR_DIST":9.5573935920260986}},{"type":"Feature","id":1696,"geometry":{"type":"Point","coordinates":[189308.5856999997,1883204.3441000003]},"properties":{"OBJECTID":1696,"Asset_ID":"GLY1696","Name":"Gully","District_ID":"Salalah al Jadida","Wlyt_ID":"Salalah","Gov_ID":"Dhofar Governorate","Road_ID":"103812","Mun_ID":" ","Latitude":17.012051360000001,"Longitude":54.082020389999997,"GlobalID":"{238595E5-9585-4056-923D-5CF2EB5207DC}","NEAR_FID":17134,"NEAR_DIST":3.1655753999988088}},{"type":"Feature","id":1697,"geometry":{"type":"Point","coordinates":[189340.9430999998,1883183.5269000009]},"properties":{"OBJECTID":1697,"Asset_ID":"GLY1697","Name":"Gully","District_ID":"Salalah al Gharbiyya","Wlyt_ID":"Salalah","Gov_ID":"Dhofar Governorate","Road_ID":"103812","Mun_ID":" ","Latitude":17.011867779999999,"Longitude":54.08232692,"GlobalID":"{7F5B5A4C-C5F7-4B5B-8343-A6F29F98BDB5}","NEAR_FID":13285,"NEAR_DIST":15.123967647413119}},{"type":"Feature","id":1698,"geometry":{"type":"Point","coordinates":[189357.27280000038,1883220.5261000004]},"properties":{"OBJECTID":1698,"Asset_ID":"GLY1698","Name":"Gully","District_ID":"Salalah al Jadida","Wlyt_ID":"Salalah","Gov_ID":"Dhofar Governorate","Road_ID":"104213","Mun_ID":" ","Latitude":17.012204000000001,"Longitude":54.082474959999999,"GlobalID":"{1439AC51-350B-4881-AAE9-507615059CA4}","NEAR_FID":17729,"NEAR_DIST":0.9846752081587713}},{"type":"Feature","id":1699,"geometry":{"type":"Point","coordinates":[189410.3825000003,1883215.8526000008]},"properties":{"OBJECTID":1699,"Asset_ID":"GLY1699","Name":"Gully","District_ID":"Salalah al Gharbiyya","Wlyt_ID":"Salalah","Gov_ID":"Dhofar Governorate","Road_ID":"103812","Mun_ID":" ","Latitude":17.01216896,"Longitude":54.082973950000003,"GlobalID":"{D43D4ADF-9A3E-4E1C-B376-E9AB74050DD3}","NEAR_FID":13285,"NEAR_DIST":6.8222916660069117}},{"type":"Feature","id":1700,"geometry":{"type":"Point","coordinates":[189404.75739999954,1883234.1921999995]},"properties":{"OBJECTID":1700,"Asset_ID":"GLY1700","Name":"Gully","District_ID":"Salalah al Jadida","Wlyt_ID":"Salalah","Gov_ID":"Dhofar Governorate","Road_ID":"103812","Mun_ID":" ","Latitude":17.012333760000001,"Longitude":54.082918599999999,"GlobalID":"{39EB1696-9174-4C85-B1EA-298823F4A232}","NEAR_FID":5176,"NEAR_DIST":2.875620842443956}},{"type":"Feature","id":1701,"geometry":{"type":"Point","coordinates":[189458.21129999962,1883229.4389999993]},"properties":{"OBJECTID":1701,"Asset_ID":"GLY1701","Name":"Gully","District_ID":"Salalah al Gharbiyya","Wlyt_ID":"Salalah","Gov_ID":"Dhofar Governorate","Road_ID":"104466","Mun_ID":" ","Latitude":17.012298049999998,"Longitude":54.083420830000001,"GlobalID":"{9AA7AA58-D3C9-4F34-824D-EF48EF65CF34}","NEAR_FID":7195,"NEAR_DIST":5.319352435355519}},{"type":"Feature","id":1702,"geometry":{"type":"Point","coordinates":[189453.25370000023,1883247.5251000002]},"properties":{"OBJECTID":1702,"Asset_ID":"GLY1702","Name":"Gully","District_ID":"Salalah al Jadida","Wlyt_ID":"Salalah","Gov_ID":"Dhofar Governorate","Road_ID":"103812","Mun_ID":" ","Latitude":17.012460659999999,"Longitude":54.08337178,"GlobalID":"{663B1FA6-AB92-4A91-8588-D17CE0E6B35C}","NEAR_FID":5176,"NEAR_DIST":0.86750543071495612}},{"type":"Feature","id":1703,"geometry":{"type":"Point","coordinates":[189506.33669999987,1883246.5698000006]},"properties":{"OBJECTID":1703,"Asset_ID":"GLY1703","Name":"Gully","District_ID":"Salalah al Gharbiyya","Wlyt_ID":"Salalah","Gov_ID":"Dhofar Governorate","Road_ID":"103812","Mun_ID":" ","Latitude":17.01245918,"Longitude":54.083869989999997,"GlobalID":"{EBC1B4E1-E6FD-42C2-BACC-21887896EB05}","NEAR_FID":11214,"NEAR_DIST":6.7001832608096556}},{"type":"Feature","id":1704,"geometry":{"type":"Point","coordinates":[189501.36510000005,1883262.4093999993]},"properties":{"OBJECTID":1704,"Asset_ID":"GLY1704","Name":"Gully","District_ID":"Salalah al Jadida","Wlyt_ID":"Salalah","Gov_ID":"Dhofar Governorate","Road_ID":"103812","Mun_ID":" ","Latitude":17.012601499999999,"Longitude":54.083821129999997,"GlobalID":"{FD42E4FF-E334-44BE-9224-73D0DCFD0855}","NEAR_FID":5296,"NEAR_DIST":0.52899438066397564}},{"type":"Feature","id":1705,"geometry":{"type":"Point","coordinates":[189553.84659999982,1883261.2305999994]},"properties":{"OBJECTID":1705,"Asset_ID":"GLY1705","Name":"Gully","District_ID":"Salalah al Gharbiyya","Wlyt_ID":"Salalah","Gov_ID":"Dhofar Governorate","Road_ID":"103812","Mun_ID":" ","Latitude":17.012597920000001,"Longitude":54.084313729999998,"GlobalID":"{9870BAAB-7184-4512-AC9B-AEAA1C9ACD2A}","NEAR_FID":11214,"NEAR_DIST":6.6336691233445544}},{"type":"Feature","id":1706,"geometry":{"type":"Point","coordinates":[189612.97900000028,1883279.6983000003]},"properties":{"OBJECTID":1706,"Asset_ID":"GLY1706","Name":"Gully","District_ID":"Salalah al Gharbiyya","Wlyt_ID":"Salalah","Gov_ID":"Dhofar Governorate","Road_ID":"103812","Mun_ID":" ","Latitude":17.012772600000002,"Longitude":54.084865999999998,"GlobalID":"{BE93757C-3E08-4D39-BCE6-63E1E4B79985}","NEAR_FID":11214,"NEAR_DIST":7.3655709316438331}},{"type":"Feature","id":1707,"geometry":{"type":"Point","coordinates":[189587.20770000014,1883291.8263000008]},"properties":{"OBJECTID":1707,"Asset_ID":"GLY1707","Name":"Gully","District_ID":"Salalah al Jadida","Wlyt_ID":"Salalah","Gov_ID":"Dhofar Governorate","Road_ID":"103812","Mun_ID":" ","Latitude":17.012878619999999,"Longitude":54.08462248,"GlobalID":"{49BE0C6F-22EE-49DA-AC46-904CFF9307E3}","NEAR_FID":5296,"NEAR_DIST":2.5464462702902417}},{"type":"Feature","id":1708,"geometry":{"type":"Point","coordinates":[189587.86620000005,1883290.0309999995]},"properties":{"OBJECTID":1708,"Asset_ID":"GLY1708","Name":"Gully","District_ID":"Salalah al Jadida","Wlyt_ID":"Salalah","Gov_ID":"Dhofar Governorate","Road_ID":"103812","Mun_ID":" ","Latitude":17.012862500000001,"Longitude":54.084628909999999,"GlobalID":"{73502EB8-3E56-489F-BA30-814DFBE575D6}","NEAR_FID":5296,"NEAR_DIST":0.63601105415729597}},{"type":"Feature","id":1709,"geometry":{"type":"Point","coordinates":[189577.20799999963,1883301.0964000002]},"properties":{"OBJECTID":1709,"Asset_ID":"GLY1709","Name":"Gully","District_ID":"Salalah al Jadida","Wlyt_ID":"Salalah","Gov_ID":"Dhofar Governorate","Road_ID":"104212","Mun_ID":" ","Latitude":17.012960960000001,"Longitude":54.084527360000003,"GlobalID":"{A65E0DD1-1ABC-45BB-86E0-E344A150A588}","NEAR_FID":17160,"NEAR_DIST":0.01270536211479132}},{"type":"Feature","id":1710,"geometry":{"type":"Point","coordinates":[189606.28839999996,1883296.5015999991]},"properties":{"OBJECTID":1710,"Asset_ID":"GLY1710","Name":"Gully","District_ID":"Salalah al Jadida","Wlyt_ID":"Salalah","Gov_ID":"Dhofar Governorate","Road_ID":"103812","Mun_ID":" ","Latitude":17.012923390000001,"Longitude":54.084800870000002,"GlobalID":"{7E062A89-E59A-4EE3-90A2-7D362A5A0B52}","NEAR_FID":5296,"NEAR_DIST":1.4134921240760434}},{"type":"Feature","id":1711,"geometry":{"type":"Point","coordinates":[189548.11840000004,1883277.1212000009]},"properties":{"OBJECTID":1711,"Asset_ID":"GLY1711","Name":"Gully","District_ID":"Salalah al Jadida","Wlyt_ID":"Salalah","Gov_ID":"Dhofar Governorate","Road_ID":"103812","Mun_ID":" ","Latitude":17.012740610000002,"Longitude":54.08425776,"GlobalID":"{FB682148-EFED-4D38-97CF-ED6E071E55D7}","NEAR_FID":5296,"NEAR_DIST":0.37956445762477786}},{"type":"Feature","id":1712,"geometry":{"type":"Point","coordinates":[189498.13009999972,1883276.5297999997]},"properties":{"OBJECTID":1712,"Asset_ID":"GLY1712","Name":"Gully","District_ID":"Salalah al Jadida","Wlyt_ID":"Salalah","Gov_ID":"Dhofar Governorate","Road_ID":"104212","Mun_ID":" ","Latitude":17.012728540000001,"Longitude":54.083788800000001,"GlobalID":"{EECE5157-D17A-4ED4-8846-B021EC1C6B35}","NEAR_FID":4038,"NEAR_DIST":0.16744955123576621}},{"type":"Feature","id":1713,"geometry":{"type":"Point","coordinates":[189646.4140999997,1883289.9745000005]},"properties":{"OBJECTID":1713,"Asset_ID":"GLY1713","Name":"Gully","District_ID":"Salalah al Gharbiyya","Wlyt_ID":"Salalah","Gov_ID":"Dhofar Governorate","Road_ID":"103812","Mun_ID":" ","Latitude":17.012869869999999,"Longitude":54.085178280000001,"GlobalID":"{A2A08802-2F7D-4CFD-9FF0-34ABC62688AE}","NEAR_FID":11214,"NEAR_DIST":8.0946715547158323}},{"type":"Feature","id":1714,"geometry":{"type":"Point","coordinates":[189642.80769999977,1883305.9623000007]},"properties":{"OBJECTID":1714,"Asset_ID":"GLY1714","Name":"Gully","District_ID":"Salalah al Jadida","Wlyt_ID":"Salalah","Gov_ID":"Dhofar Governorate","Road_ID":"103812","Mun_ID":" ","Latitude":17.01301372,"Longitude":54.085142210000001,"GlobalID":"{82AA7066-3002-43E4-AB38-DAAB1F0E434A}","NEAR_FID":7278,"NEAR_DIST":0.10857809211147348}},{"type":"Feature","id":1715,"geometry":{"type":"Point","coordinates":[189667.18640000001,1883293.1875999998]},"properties":{"OBJECTID":1715,"Asset_ID":"GLY1715","Name":"Gully","District_ID":"Salalah al Gharbiyya","Wlyt_ID":"Salalah","Gov_ID":"Dhofar Governorate","Road_ID":"103812","Mun_ID":" ","Latitude":17.012901670000002,"Longitude":54.085372739999997,"GlobalID":"{B7F90651-F4E3-4E68-9209-FD595D56C30D}","NEAR_FID":11214,"NEAR_DIST":11.245228019970602}},{"type":"Feature","id":1716,"geometry":{"type":"Point","coordinates":[189683.73249999993,1883298.2693000007]},"properties":{"OBJECTID":1716,"Asset_ID":"GLY1716","Name":"Gully","District_ID":"Salalah al Gharbiyya","Wlyt_ID":"Salalah","Gov_ID":"Dhofar Governorate","Road_ID":"103812","Mun_ID":" ","Latitude":17.012949769999999,"Longitude":54.085527290000002,"GlobalID":"{8EBE8DA7-9187-4F6E-A46D-7DF19086B8C1}","NEAR_FID":11214,"NEAR_DIST":11.153165045372639}},{"type":"Feature","id":1717,"geometry":{"type":"Point","coordinates":[189686.7714999998,1883300.0972000007]},"properties":{"OBJECTID":1717,"Asset_ID":"GLY1717","Name":"Gully","District_ID":"Salalah al Gharbiyya","Wlyt_ID":"Salalah","Gov_ID":"Dhofar Governorate","Road_ID":"103812","Mun_ID":" ","Latitude":17.012966680000002,"Longitude":54.085555550000002,"GlobalID":"{CC618B2E-A475-4B6F-807A-697A3C943ABF}","NEAR_FID":11214,"NEAR_DIST":10.265058878147508}},{"type":"Feature","id":1718,"geometry":{"type":"Point","coordinates":[189668.89580000006,1883315.7453000005]},"properties":{"OBJECTID":1718,"Asset_ID":"GLY1718","Name":"Gully","District_ID":"Salalah al Jadida","Wlyt_ID":"Salalah","Gov_ID":"Dhofar Governorate","Road_ID":"103812","Mun_ID":" ","Latitude":17.013105540000002,"Longitude":54.085385629999998,"GlobalID":"{0ECC7EDC-11BA-452F-892A-D07D5A35A55D}","NEAR_FID":7278,"NEAR_DIST":1.7671131037672732}},{"type":"Feature","id":1720,"geometry":{"type":"Point","coordinates":[189741.18859999999,1883338.5802999996]},"properties":{"OBJECTID":1720,"Asset_ID":"GLY1720","Name":"Gully","District_ID":"Salalah al Jadida","Wlyt_ID":"Salalah","Gov_ID":"Dhofar Governorate","Road_ID":"103812","Mun_ID":" ","Latitude":17.01332141,"Longitude":54.086060770000003,"GlobalID":"{296364E1-05DA-484A-9858-2AFAC5720B03}","NEAR_FID":13324,"NEAR_DIST":3.3877764987430954}},{"type":"Feature","id":1721,"geometry":{"type":"Point","coordinates":[189797.53579999972,1883335.5160000008]},"properties":{"OBJECTID":1721,"Asset_ID":"GLY1721","Name":"Gully","District_ID":"Salalah al Gharbiyya","Wlyt_ID":"Salalah","Gov_ID":"Dhofar Governorate","Road_ID":"103812","Mun_ID":" ","Latitude":17.013301330000001,"Longitude":54.086589910000001,"GlobalID":"{552EA3D8-FF29-464F-8860-A3F82E27B63C}","NEAR_FID":17501,"NEAR_DIST":7.9102745274173287}},{"type":"Feature","id":1722,"geometry":{"type":"Point","coordinates":[189792.91089999955,1883353.1414999999]},"properties":{"OBJECTID":1722,"Asset_ID":"GLY1722","Name":"Gully","District_ID":"Salalah al Jadida","Wlyt_ID":"Salalah","Gov_ID":"Dhofar Governorate","Road_ID":"103812","Mun_ID":" ","Latitude":17.013459820000001,"Longitude":54.086544050000001,"GlobalID":"{CFBB7AAB-3651-40CA-BF4A-F5E2D469F62A}","NEAR_FID":13324,"NEAR_DIST":1.0021628717129374}},{"type":"Feature","id":1723,"geometry":{"type":"Point","coordinates":[189841.87609999999,1883349.8073999994]},"properties":{"OBJECTID":1723,"Asset_ID":"GLY1723","Name":"Gully","District_ID":"Salalah al Gharbiyya","Wlyt_ID":"Salalah","Gov_ID":"Dhofar Governorate","Road_ID":"103812","Mun_ID":" ","Latitude":17.013436309999999,"Longitude":54.087003959999997,"GlobalID":"{7DE4A48C-15C7-46AB-AC56-1B6809C3C8DF}","NEAR_FID":17501,"NEAR_DIST":7.8269164946014111}},{"type":"Feature","id":1724,"geometry":{"type":"Point","coordinates":[189836.89829999954,1883366.6358000003]},"properties":{"OBJECTID":1724,"Asset_ID":"GLY1724","Name":"Gully","District_ID":"Salalah al Jadida","Wlyt_ID":"Salalah","Gov_ID":"Dhofar Governorate","Road_ID":"103812","Mun_ID":" ","Latitude":17.013587560000001,"Longitude":54.086954910000003,"GlobalID":"{A6B75DBE-FB1D-469B-822D-0A3D6FD01055}","NEAR_FID":8831,"NEAR_DIST":0.8058625793150247}},{"type":"Feature","id":1725,"geometry":{"type":"Point","coordinates":[189891.96700000018,1883365.9164000005]},"properties":{"OBJECTID":1725,"Asset_ID":"GLY1725","Name":"Gully","District_ID":"Salalah al Gharbiyya","Wlyt_ID":"Salalah","Gov_ID":"Dhofar Governorate","Road_ID":"103812","Mun_ID":" ","Latitude":17.013588469999998,"Longitude":54.087471720000003,"GlobalID":"{FC3B4959-F387-4DC3-A0D9-D5A605AE502A}","NEAR_FID":17501,"NEAR_DIST":7.3677647823093624}},{"type":"Feature","id":1726,"geometry":{"type":"Point","coordinates":[189884.6157999998,1883382.5408999994]},"properties":{"OBJECTID":1726,"Asset_ID":"GLY1726","Name":"Gully","District_ID":"Salalah al Jadida","Wlyt_ID":"Salalah","Gov_ID":"Dhofar Governorate","Road_ID":"103812","Mun_ID":" ","Latitude":17.013737559999999,"Longitude":54.087400420000002,"GlobalID":"{B8F086FF-2331-41F8-A98C-4A14943195DC}","NEAR_FID":8831,"NEAR_DIST":1.8656287234068523}},{"type":"Feature","id":1727,"geometry":{"type":"Point","coordinates":[189938.54499999993,1883380.4550000001]},"properties":{"OBJECTID":1727,"Asset_ID":"GLY1727","Name":"Gully","District_ID":"Salalah al Gharbiyya","Wlyt_ID":"Salalah","Gov_ID":"Dhofar Governorate","Road_ID":"103812","Mun_ID":" ","Latitude":17.01372598,"Longitude":54.087906740000001,"GlobalID":"{D9D5D36F-43F2-4122-AA3B-82C4445561F8}","NEAR_FID":17501,"NEAR_DIST":7.6629711469556989}},{"type":"Feature","id":1728,"geometry":{"type":"Point","coordinates":[189933.59370000008,1883396.8197000008]},"properties":{"OBJECTID":1728,"Asset_ID":"GLY1728","Name":"Gully","District_ID":"Salalah al Jadida","Wlyt_ID":"Salalah","Gov_ID":"Dhofar Governorate","Road_ID":"103812","Mun_ID":" ","Latitude":17.013873050000001,"Longitude":54.087857999999997,"GlobalID":"{F3912D9E-E29A-45CF-B6ED-C8A64EF8BA8B}","NEAR_FID":12596,"NEAR_DIST":1.0226514620244711}},{"type":"Feature","id":1729,"geometry":{"type":"Point","coordinates":[189986.26609999966,1883395.3670000006]},"properties":{"OBJECTID":1729,"Asset_ID":"GLY1729","Name":"Gully","District_ID":"Salalah al Gharbiyya","Wlyt_ID":"Salalah","Gov_ID":"Dhofar Governorate","Road_ID":"103812","Mun_ID":" ","Latitude":17.013867009999998,"Longitude":54.088352440000001,"GlobalID":"{2EDE1066-303A-4D30-BC00-CC507ECE558F}","NEAR_FID":17501,"NEAR_DIST":7.9779881879325529}},{"type":"Feature","id":1730,"geometry":{"type":"Point","coordinates":[189981.23840000015,1883411.6807000004]},"properties":{"OBJECTID":1730,"Asset_ID":"GLY1730","Name":"Gully","District_ID":"Salalah al Jadida","Wlyt_ID":"Salalah","Gov_ID":"Dhofar Governorate","Road_ID":"103812","Mun_ID":" ","Latitude":17.014013609999999,"Longitude":54.088302980000002,"GlobalID":"{6651DCB1-5805-4B5E-813F-3D2EB3D874AC}","NEAR_FID":11034,"NEAR_DIST":0.72036630621998476}},{"type":"Feature","id":1731,"geometry":{"type":"Point","coordinates":[190033.04619999975,1883409.9955000002]},"properties":{"OBJECTID":1731,"Asset_ID":"GLY1731","Name":"Gully","District_ID":"Salalah al Gharbiyya","Wlyt_ID":"Salalah","Gov_ID":"Dhofar Governorate","Road_ID":"103812","Mun_ID":" ","Latitude":17.014005359999999,"Longitude":54.088789339999998,"GlobalID":"{518EAB91-555E-4B36-9A38-36B0C0356211}","NEAR_FID":17501,"NEAR_DIST":7.3501547149455559}},{"type":"Feature","id":1732,"geometry":{"type":"Point","coordinates":[190027.67410000041,1883426.3964000009]},"properties":{"OBJECTID":1732,"Asset_ID":"GLY1732","Name":"Gully","District_ID":"Salalah al Jadida","Wlyt_ID":"Salalah","Gov_ID":"Dhofar Governorate","Road_ID":"103812","Mun_ID":" ","Latitude":17.0141527,"Longitude":54.08873664,"GlobalID":"{407F7A82-7A0D-4DA9-8775-9F875057F0D0}","NEAR_FID":11034,"NEAR_DIST":0.8190700923001174}},{"type":"Feature","id":1733,"geometry":{"type":"Point","coordinates":[190076.58930000011,1883441.7840999998]},"properties":{"OBJECTID":1733,"Asset_ID":"GLY1733","Name":"Gully","District_ID":"Salalah al Jadida","Wlyt_ID":"Salalah","Gov_ID":"Dhofar Governorate","Road_ID":"103812","Mun_ID":" ","Latitude":17.014298190000002,"Longitude":54.089193469999998,"GlobalID":"{44610840-416C-4FA4-8453-B8C71D877110}","NEAR_FID":10065,"NEAR_DIST":1.015772012585878}},{"type":"Feature","id":1734,"geometry":{"type":"Point","coordinates":[190062.29069999978,1883437.0381000005]},"properties":{"OBJECTID":1734,"Asset_ID":"GLY1734","Name":"Gully","District_ID":"Salalah al Jadida","Wlyt_ID":"Salalah","Gov_ID":"Dhofar Governorate","Road_ID":"103812","Mun_ID":" ","Latitude":17.014253419999999,"Longitude":54.089059970000001,"GlobalID":"{6FE40427-2806-4D6B-9F46-0B144924810B}","NEAR_FID":10065,"NEAR_DIST":0.79977222645232904}},{"type":"Feature","id":1735,"geometry":{"type":"Point","coordinates":[190135.18800000008,1883441.5222999994]},"properties":{"OBJECTID":1735,"Asset_ID":"GLY1735","Name":"Gully","District_ID":"Salalah al Gharbiyya","Wlyt_ID":"Salalah","Gov_ID":"Dhofar Governorate","Road_ID":"104455","Mun_ID":" ","Latitude":17.014303699999999,"Longitude":54.089743349999999,"GlobalID":"{7854EFD6-2E9A-4883-9D3D-49E7252F3552}","NEAR_FID":12677,"NEAR_DIST":3.4880385718458493}},{"type":"Feature","id":1736,"geometry":{"type":"Point","coordinates":[190128.14900000021,1883457.9957999997]},"properties":{"OBJECTID":1736,"Asset_ID":"GLY1736","Name":"Gully","District_ID":"Salalah al Jadida","Wlyt_ID":"Salalah","Gov_ID":"Dhofar Governorate","Road_ID":"103812","Mun_ID":" ","Latitude":17.014451470000001,"Longitude":54.089675010000001,"GlobalID":"{32F1A0C6-D702-41E8-88E5-14E6C31C51EF}","NEAR_FID":10065,"NEAR_DIST":0.97754982408217084}},{"type":"Feature","id":1737,"geometry":{"type":"Point","coordinates":[190176.71140000038,1883453.5949000008]},"properties":{"OBJECTID":1737,"Asset_ID":"GLY1737","Name":"Gully","District_ID":"Salalah al Wousta","Wlyt_ID":"Salalah","Gov_ID":"Dhofar Governorate","Road_ID":"103812","Mun_ID":" ","Latitude":17.014418259999999,"Longitude":54.090131290000002,"GlobalID":"{BE2C2F59-460D-4E60-B1C0-73847D0ABEE9}","NEAR_FID":10335,"NEAR_DIST":9.4267053216474928}},{"type":"Feature","id":1738,"geometry":{"type":"Point","coordinates":[190171.31699999981,1883472.3787999991]},"properties":{"OBJECTID":1738,"Asset_ID":"GLY1738","Name":"Gully","District_ID":"Salalah al Jadida","Wlyt_ID":"Salalah","Gov_ID":"Dhofar Governorate","Road_ID":"103812","Mun_ID":" ","Latitude":17.014587120000002,"Longitude":54.090078050000002,"GlobalID":"{97BB74C2-8769-4799-B310-8382AB9449F3}","NEAR_FID":10065,"NEAR_DIST":1.0648670773631197}},{"type":"Feature","id":1739,"geometry":{"type":"Point","coordinates":[190264.35570000019,1883486.2087999992]},"properties":{"OBJECTID":1739,"Asset_ID":"GLY1739","Name":"Gully","District_ID":"Salalah al Wousta","Wlyt_ID":"Salalah","Gov_ID":"Dhofar Governorate","Road_ID":"103812","Mun_ID":" ","Latitude":17.01472446,"Longitude":54.090949129999998,"GlobalID":"{D1547791-CE45-4129-82D6-1DDC47C0BB6B}","NEAR_FID":12380,"NEAR_DIST":9.0105043847247437}},{"type":"Feature","id":1740,"geometry":{"type":"Point","coordinates":[190273.32490000036,1883489.6988999993]},"properties":{"OBJECTID":1740,"Asset_ID":"GLY1740","Name":"Gully","District_ID":"Salalah al Wousta","Wlyt_ID":"Salalah","Gov_ID":"Dhofar Governorate","Road_ID":"104523","Mun_ID":" ","Latitude":17.014757169999999,"Longitude":54.091032800000001,"GlobalID":"{97D1201C-02BD-4D0B-9CCF-4B08FEEFEAEF}","NEAR_FID":18962,"NEAR_DIST":4.3019753706702977}},{"type":"Feature","id":1741,"geometry":{"type":"Point","coordinates":[190253.86649999954,1883506.7775999997]},"properties":{"OBJECTID":1741,"Asset_ID":"GLY1741","Name":"Gully","District_ID":"Salalah al Jadida","Wlyt_ID":"Salalah","Gov_ID":"Dhofar Governorate","Road_ID":"103812","Mun_ID":" ","Latitude":17.01490875,"Longitude":54.090847830000001,"GlobalID":"{D41C9E5A-4572-49A9-8786-8009649F865E}","NEAR_FID":17525,"NEAR_DIST":3.5825642039647976}},{"type":"Feature","id":1742,"geometry":{"type":"Point","coordinates":[190265.73620000016,1883511.5576000009]},"properties":{"OBJECTID":1742,"Asset_ID":"GLY1742","Name":"Gully","District_ID":"Salalah al Jadida","Wlyt_ID":"Salalah","Gov_ID":"Dhofar Governorate","Road_ID":"103812","Mun_ID":" ","Latitude":17.01495349,"Longitude":54.090958540000003,"GlobalID":"{53214074-10CF-4575-AEC1-09EA70606824}","NEAR_FID":17525,"NEAR_DIST":3.3845732441081378}},{"type":"Feature","id":1743,"geometry":{"type":"Point","coordinates":[190315.1091,1883531.9371000007]},"properties":{"OBJECTID":1743,"Asset_ID":"GLY1743","Name":"Gully","District_ID":"Salalah al Jadida","Wlyt_ID":"Salalah","Gov_ID":"Dhofar Governorate","Road_ID":"103812","Mun_ID":" ","Latitude":17.015144100000001,"Longitude":54.09141898,"GlobalID":"{CE77DB5E-8C5E-405F-B5ED-93DE21AE7B6F}","NEAR_FID":17525,"NEAR_DIST":3.0243794873718621}},{"type":"Feature","id":1744,"geometry":{"type":"Point","coordinates":[190357.97539999988,1883547.4718999993]},"properties":{"OBJECTID":1744,"Asset_ID":"GLY1744","Name":"Gully","District_ID":"Salalah al Jadida","Wlyt_ID":"Salalah","Gov_ID":"Dhofar Governorate","Road_ID":"103812","Mun_ID":" ","Latitude":17.015290100000001,"Longitude":54.091819039999997,"GlobalID":"{DCA260E0-4A2E-4A20-9FDB-F4E7CE33F99A}","NEAR_FID":17525,"NEAR_DIST":0.7812555696803426}},{"type":"Feature","id":1745,"geometry":{"type":"Point","coordinates":[190436.61330000032,1883582.1074000001]},"properties":{"OBJECTID":1745,"Asset_ID":"GLY1745","Name":"Gully","District_ID":"Salalah al Jadida","Wlyt_ID":"Salalah","Gov_ID":"Dhofar Governorate","Road_ID":"103812","Mun_ID":" ","Latitude":17.015613340000002,"Longitude":54.092552089999998,"GlobalID":"{56500B13-4FD5-4BDC-9638-1757B45771E9}","NEAR_FID":8813,"NEAR_DIST":0.19381050500193653}},{"type":"Feature","id":1746,"geometry":{"type":"Point","coordinates":[190508.28639999963,1883605.2548999991]},"properties":{"OBJECTID":1746,"Asset_ID":"GLY1746","Name":"Gully","District_ID":"Markaz al Madena","Wlyt_ID":"Salalah","Gov_ID":"Dhofar Governorate","Road_ID":"103812","Mun_ID":" ","Latitude":17.01583192,"Longitude":54.093221389999997,"GlobalID":"{B6F5C57D-728B-4AAD-B91D-43CB838DD45A}","NEAR_FID":8967,"NEAR_DIST":0.3151843652123128}},{"type":"Feature","id":1747,"geometry":{"type":"Point","coordinates":[190520.07139999978,1883608.3456999995]},"properties":{"OBJECTID":1747,"Asset_ID":"GLY1747","Name":"Gully","District_ID":"Markaz al Madena","Wlyt_ID":"Salalah","Gov_ID":"Dhofar Governorate","Road_ID":"103812","Mun_ID":" ","Latitude":17.015861409999999,"Longitude":54.093331540000001,"GlobalID":"{BEC10C27-E3E5-440D-9648-8680047F1835}","NEAR_FID":8967,"NEAR_DIST":4.6156825743904308}},{"type":"Feature","id":1748,"geometry":{"type":"Point","coordinates":[190489.44330000039,1883612.0208000001]},"properties":{"OBJECTID":1748,"Asset_ID":"GLY1748","Name":"Gully","District_ID":"Markaz al Madena","Wlyt_ID":"Salalah","Gov_ID":"Dhofar Governorate","Road_ID":"103812","Mun_ID":" ","Latitude":17.015890479999999,"Longitude":54.093043639999998,"GlobalID":"{7EECFBDC-FE22-4048-9B1C-DD92B018E0BD}","NEAR_FID":8967,"NEAR_DIST":1.5759735597644473}},{"type":"Feature","id":1749,"geometry":{"type":"Point","coordinates":[190438.93020000029,1883873.6356000006]},"properties":{"OBJECTID":1749,"Asset_ID":"GLY1749","Name":"Gully","District_ID":"Markaz al Madena","Wlyt_ID":"Salalah","Gov_ID":"Dhofar Governorate","Road_ID":"104001","Mun_ID":" ","Latitude":17.018245520000001,"Longitude":54.092533170000003,"GlobalID":"{515BA932-B969-489B-8933-5F3D101296FB}","NEAR_FID":10366,"NEAR_DIST":1.6068663824128655}},{"type":"Feature","id":1750,"geometry":{"type":"Point","coordinates":[190390.15240000002,1884093.4550999999]},"properties":{"OBJECTID":1750,"Asset_ID":"GLY1750","Name":"Gully","District_ID":"Markaz al Madena","Wlyt_ID":"Salalah","Gov_ID":"Dhofar Governorate","Road_ID":"104387","Mun_ID":" ","Latitude":17.02022346,"Longitude":54.092044799999996,"GlobalID":"{B5757AAC-722B-47A6-999E-332EC64AEEAF}","NEAR_FID":12092,"NEAR_DIST":6.7176763252976581}},{"type":"Feature","id":1751,"geometry":{"type":"Point","coordinates":[186869.99060000014,1882425.4780000001]},"properties":{"OBJECTID":1751,"Asset_ID":"GLY1751","Name":"Gully","District_ID":"al Wadi","Wlyt_ID":"Salalah","Gov_ID":"Dhofar Governorate","Road_ID":"105338","Mun_ID":" ","Latitude":17.004690490000002,"Longitude":54.059249049999998,"GlobalID":"{98569AE6-4338-4A9B-A76D-D5BE1B7CA514}","NEAR_FID":14185,"NEAR_DIST":2.1925901910031156}},{"type":"Feature","id":1754,"geometry":{"type":"Point","coordinates":[187233.00059999991,1884026.0343999993]},"properties":{"OBJECTID":1754,"Asset_ID":"GLY1754","Name":"Gully","District_ID":"al Wadi","Wlyt_ID":"Salalah","Gov_ID":"Dhofar Governorate","Road_ID":"105509","Mun_ID":" ","Latitude":17.019188870000001,"Longitude":54.062429530000003,"GlobalID":"{6EB68946-FC6C-4E89-880F-5B64A30474A9}","NEAR_FID":10049,"NEAR_DIST":0.44225108255037465}},{"type":"Feature","id":1755,"geometry":{"type":"Point","coordinates":[187130.00590000022,1883969.3995999992]},"properties":{"OBJECTID":1755,"Asset_ID":"GLY1755","Name":"Gully","District_ID":"al Wadi","Wlyt_ID":"Salalah","Gov_ID":"Dhofar Governorate","Road_ID":"105509","Mun_ID":" ","Latitude":17.018663620000002,"Longitude":54.061471089999998,"GlobalID":"{E6993DB4-8A46-48BA-979D-940E6DF21E46}","NEAR_FID":10049,"NEAR_DIST":6.2694595306810728}},{"type":"Feature","id":1756,"geometry":{"type":"Point","coordinates":[186757.96970000025,1883665.8402999993]},"properties":{"OBJECTID":1756,"Asset_ID":"GLY1756","Name":"Gully","District_ID":"Mustashfa al Sultan Qboos","Wlyt_ID":"Salalah","Gov_ID":"Dhofar Governorate","Road_ID":"102645","Mun_ID":" ","Latitude":17.015872730000002,"Longitude":54.058023050000003,"GlobalID":"{BCE6DDD6-59F5-409F-9CD2-3166F168D884}","NEAR_FID":11244,"NEAR_DIST":2.9651993518865947}},{"type":"Feature","id":1757,"geometry":{"type":"Point","coordinates":[188276.99799999967,1882863.4763999991]},"properties":{"OBJECTID":1757,"Asset_ID":"GLY1757","Name":"Gully","District_ID":"Salalah al Gharbiyya","Wlyt_ID":"Salalah","Gov_ID":"Dhofar Governorate","Road_ID":"103812","Mun_ID":" ","Latitude":17.008835000000001,"Longitude":54.072388869999997,"GlobalID":"{F34ECFF3-FC15-4C5A-8A69-3C7F192B2A99}","NEAR_FID":4910,"NEAR_DIST":1.5610227948711604}},{"type":"Feature","id":1758,"geometry":{"type":"Point","coordinates":[189707.7396999998,1883349.2313999999]},"properties":{"OBJECTID":1758,"Asset_ID":"GLY1758","Name":"Gully","District_ID":"Salalah al Jadida","Wlyt_ID":"Salalah","Gov_ID":"Dhofar Governorate","Road_ID":"104189","Mun_ID":" ","Latitude":17.013413069999999,"Longitude":54.085745430000003,"GlobalID":"{1860F069-E919-4F6F-BEFA-4E58AB09D63E}","NEAR_FID":4759,"NEAR_DIST":4.7014950905543733}},{"type":"Feature","id":1759,"geometry":{"type":"Point","coordinates":[187270.61909999978,1882542.0615999997]},"properties":{"OBJECTID":1759,"Asset_ID":"GLY1759","Name":"Gully","District_ID":"al Wadi","Wlyt_ID":"Salalah","Gov_ID":"Dhofar Governorate","Road_ID":"103812","Mun_ID":" ","Latitude":17.005797260000001,"Longitude":54.062991529999998,"GlobalID":"{E28819D9-7E2F-4BEB-AF0B-1402CC0A0070}","NEAR_FID":10253,"NEAR_DIST":0.87595575935355208}},{"type":"Feature","id":1760,"geometry":{"type":"Point","coordinates":[187230.76410000026,1882509.3797999993]},"properties":{"OBJECTID":1760,"Asset_ID":"GLY1760","Name":"Gully","District_ID":"al Wadi","Wlyt_ID":"Salalah","Gov_ID":"Dhofar Governorate","Road_ID":"105376","Mun_ID":" ","Latitude":17.005496820000001,"Longitude":54.062622189999999,"GlobalID":"{A5C081F9-0CF9-446E-9CCE-304AF80E5C8D}","NEAR_FID":11735,"NEAR_DIST":6.2372729792413155}},{"type":"Feature","id":1761,"geometry":{"type":"Point","coordinates":[186833.9570000004,1882438.7054999992]},"properties":{"OBJECTID":1761,"Asset_ID":"GLY1761","Name":"Gully","District_ID":"al Wadi","Wlyt_ID":"Salalah","Gov_ID":"Dhofar Governorate","Road_ID":"105338","Mun_ID":" ","Latitude":17.004805009999998,"Longitude":54.058909110000002,"GlobalID":"{FAAB8D1C-E609-43B1-BC02-4CB21713B4FE}","NEAR_FID":14185,"NEAR_DIST":0.14513956663440772}},{"type":"Feature","id":1762,"geometry":{"type":"Point","coordinates":[186769.10080000013,1883570.5999999996]},"properties":{"OBJECTID":1762,"Asset_ID":"GLY1762","Name":"Gully","District_ID":"Mustashfa al Sultan Qboos","Wlyt_ID":"Salalah","Gov_ID":"Dhofar Governorate","Road_ID":"102645","Mun_ID":" ","Latitude":17.01501446,"Longitude":54.058140940000001,"GlobalID":"{ADE8778B-FB50-4D71-A988-39DE7D2A8860}","NEAR_FID":8348,"NEAR_DIST":2.1706094885233376}},{"type":"Feature","id":1763,"geometry":{"type":"Point","coordinates":[185822.84260000009,1883293.1357000005]},"properties":{"OBJECTID":1763,"Asset_ID":"GLY1763","Name":"Gully","District_ID":"Mustashfa al Sultan Qboos","Wlyt_ID":"Salalah","Gov_ID":"Dhofar Governorate","Road_ID":"102645","Mun_ID":" ","Latitude":17.012381000000001,"Longitude":54.04930152,"GlobalID":"{348C810F-F394-41F6-822E-BF97D268ADF8}","NEAR_FID":7837,"NEAR_DIST":5.3247119282041453}},{"type":"Feature","id":1764,"geometry":{"type":"Point","coordinates":[185792.10759999976,1883277.3668000009]},"properties":{"OBJECTID":1764,"Asset_ID":"GLY1764","Name":"Gully","District_ID":"Mustashfa al Sultan Qboos","Wlyt_ID":"Salalah","Gov_ID":"Dhofar Governorate","Road_ID":"102645","Mun_ID":" ","Latitude":17.012234459999998,"Longitude":54.04901538,"GlobalID":"{4B280E08-5B23-4B0A-894E-FF564E8BF5CB}","NEAR_FID":7837,"NEAR_DIST":5.2675429696800817}},{"type":"Feature","id":1765,"geometry":{"type":"Point","coordinates":[188132.77029999997,1882818.0795000009]},"properties":{"OBJECTID":1765,"Asset_ID":"GLY1765","Name":"Gully","District_ID":"Salalah al Gharbiyya","Wlyt_ID":"Salalah","Gov_ID":"Dhofar Governorate","Road_ID":"104325","Mun_ID":" ","Latitude":17.00840569,"Longitude":54.071041989999998,"GlobalID":"{207C472C-5ED6-4BD8-B5BE-A20EC6B2EAE4}","NEAR_FID":16931,"NEAR_DIST":1.6938207627674851}},{"type":"Feature","id":1766,"geometry":{"type":"Point","coordinates":[188141.05960000027,1882792.8050999995]},"properties":{"OBJECTID":1766,"Asset_ID":"GLY1766","Name":"Gully","District_ID":"Salalah al Gharbiyya","Wlyt_ID":"Salalah","Gov_ID":"Dhofar Governorate","Road_ID":"103812","Mun_ID":" ","Latitude":17.008178640000001,"Longitude":54.071123319999998,"GlobalID":"{6ABC9950-BA17-466D-9027-11B27591C16C}","NEAR_FID":16421,"NEAR_DIST":10.70731385296677}},{"type":"Feature","id":1767,"geometry":{"type":"Point","coordinates":[189545.06780000031,1883291.3608999997]},"properties":{"OBJECTID":1767,"Asset_ID":"GLY1767","Name":"Gully","District_ID":"Salalah al Jadida","Wlyt_ID":"Salalah","Gov_ID":"Dhofar Governorate","Road_ID":"104212","Mun_ID":" ","Latitude":17.012868749999999,"Longitude":54.084227149999997,"GlobalID":"{72102CD4-F4D7-4557-806F-A3B61F113048}","NEAR_FID":13536,"NEAR_DIST":0.73204046343035767}},{"type":"Feature","id":1768,"geometry":{"type":"Point","coordinates":[189617.03100000042,1883301.0350000001]},"properties":{"OBJECTID":1768,"Asset_ID":"GLY1768","Name":"Gully","District_ID":"Salalah al Jadida","Wlyt_ID":"Salalah","Gov_ID":"Dhofar Governorate","Road_ID":"104212","Mun_ID":" ","Latitude":17.012965770000001,"Longitude":54.084901029999997,"GlobalID":"{0F951CAE-363A-4845-A736-679C5D6CCF18}","NEAR_FID":17160,"NEAR_DIST":1.2458154001046424}},{"type":"Feature","id":1769,"geometry":{"type":"Point","coordinates":[190224.89780000038,1883470.2968000006]},"properties":{"OBJECTID":1769,"Asset_ID":"GLY1769","Name":"Gully","District_ID":"Salalah al Wousta","Wlyt_ID":"Salalah","Gov_ID":"Dhofar Governorate","Road_ID":"103812","Mun_ID":" ","Latitude":17.01457551,"Longitude":54.090581100000001,"GlobalID":"{8876698C-7EDF-49EA-903B-000E5844EF31}","NEAR_FID":10335,"NEAR_DIST":10.036005398508356}},{"type":"Feature","id":1770,"geometry":{"type":"Point","coordinates":[190449.31639999989,1883593.2161999997]},"properties":{"OBJECTID":1770,"Asset_ID":"GLY1770","Name":"Gully","District_ID":"Salalah al Jadida","Wlyt_ID":"Salalah","Gov_ID":"Dhofar Governorate","Road_ID":"103812","Mun_ID":" ","Latitude":17.015715329999999,"Longitude":54.092669739999998,"GlobalID":"{EF703A48-4933-47C1-8CD9-9E7035CF1D70}","NEAR_FID":8813,"NEAR_DIST":0.24031718060540461}},{"type":"Feature","id":1771,"geometry":{"type":"Point","coordinates":[196421.12459999975,1885829.0007000007]},"properties":{"OBJECTID":1771,"Asset_ID":"GLY1771","Name":"Gully","District_ID":"al Sada al Janubiyya","Wlyt_ID":"Salalah","Gov_ID":"Dhofar Governorate","Road_ID":"100350","Mun_ID":" ","Latitude":17.036694140000002,"Longitude":54.148400510000002,"GlobalID":"{04294521-F8AE-4655-94E7-632A02A84F41}","NEAR_FID":18020,"NEAR_DIST":11.043908207581817}},{"type":"Feature","id":1772,"geometry":{"type":"Point","coordinates":[196349.43269999977,1885778.6801999994]},"properties":{"OBJECTID":1772,"Asset_ID":"GLY1772","Name":"Gully","District_ID":"al Sada al Janubiyya","Wlyt_ID":"Salalah","Gov_ID":"Dhofar Governorate","Road_ID":"100350","Mun_ID":" ","Latitude":17.03623039,"Longitude":54.147734589999999,"GlobalID":"{CCBEE0EB-E5D6-48C8-B72A-A7C2A844D9BA}","NEAR_FID":18020,"NEAR_DIST":9.2132653323423792}},{"type":"Feature","id":1773,"geometry":{"type":"Point","coordinates":[193307.34800000023,1884162.0932]},"properties":{"OBJECTID":1773,"Asset_ID":"GLY1773","Name":"Gully","District_ID":"al Huseela","Wlyt_ID":"Salalah","Gov_ID":"Dhofar Governorate","Road_ID":"103812","Mun_ID":" M156","Latitude":17.021232879999999,"Longitude":54.119409240000003,"GlobalID":"{2EE551EF-3C43-4951-837C-0F0E8CDCDECD}","NEAR_FID":13425,"NEAR_DIST":1.2866542942963386}},{"type":"Feature","id":1774,"geometry":{"type":"Point","coordinates":[193308.60010000039,1884138.3896999992]},"properties":{"OBJECTID":1774,"Asset_ID":"GLY1774","Name":"Gully","District_ID":"al Huseela","Wlyt_ID":"Salalah","Gov_ID":"Dhofar Governorate","Road_ID":"103824","Mun_ID":" ","Latitude":17.02101905,"Longitude":54.119424260000002,"GlobalID":"{4F146301-E313-4B27-8EC1-E34761DF7277}","NEAR_FID":16560,"NEAR_DIST":1.9821905093428698}},{"type":"Feature","id":1775,"geometry":{"type":"Point","coordinates":[193284.12930000015,1884152.0567000005]},"properties":{"OBJECTID":1775,"Asset_ID":"GLY1775","Name":"Gully","District_ID":"al Huseela","Wlyt_ID":"Salalah","Gov_ID":"Dhofar Governorate","Road_ID":"103812","Mun_ID":null,"Latitude":17.021139179999999,"Longitude":54.119192740000003,"GlobalID":"{673EF2FB-7095-42E8-BB6A-7ACF7F8491B6}","NEAR_FID":8294,"NEAR_DIST":1.0678785866161555}},{"type":"Feature","id":1776,"geometry":{"type":"Point","coordinates":[193282.79200000037,1884157.4574999996]},"properties":{"OBJECTID":1776,"Asset_ID":"GLY1776","Name":"Gully","District_ID":"al Huseela","Wlyt_ID":"Salalah","Gov_ID":"Dhofar Governorate","Road_ID":"103981","Mun_ID":" ","Latitude":17.02118776,"Longitude":54.119179449999997,"GlobalID":"{EC2236D1-8675-4F4A-8876-CF21DD3506CF}","NEAR_FID":17789,"NEAR_DIST":6.4572368797039772}},{"type":"Feature","id":1777,"geometry":{"type":"Point","coordinates":[193248.67679999955,1884143.8255000003]},"properties":{"OBJECTID":1777,"Asset_ID":"GLY1777","Name":"Gully","District_ID":"al Huseela","Wlyt_ID":"Salalah","Gov_ID":"Dhofar Governorate","Road_ID":"103812","Mun_ID":" ","Latitude":17.021060160000001,"Longitude":54.118861199999998,"GlobalID":"{69180A2D-6D88-49EA-92EB-5E35ECD98AA7}","NEAR_FID":8294,"NEAR_DIST":0.84358285539217814}},{"type":"Feature","id":1778,"geometry":{"type":"Point","coordinates":[193247.84489999991,1884149.4813000001]},"properties":{"OBJECTID":1778,"Asset_ID":"GLY1778","Name":"Gully","District_ID":"al Huseela","Wlyt_ID":"Salalah","Gov_ID":"Dhofar Governorate","Road_ID":"103812","Mun_ID":" ","Latitude":17.02111111,"Longitude":54.118852609999998,"GlobalID":"{9405FEEC-D413-4A3D-AC54-F7E7308AECC0}","NEAR_FID":8294,"NEAR_DIST":6.5526995738136984}},{"type":"Feature","id":1779,"geometry":{"type":"Point","coordinates":[193204.17599999998,1884135.1887999997]},"properties":{"OBJECTID":1779,"Asset_ID":"GLY1779","Name":"Gully","District_ID":"al Huseela","Wlyt_ID":"Salalah","Gov_ID":"Dhofar Governorate","Road_ID":"103812","Mun_ID":" ","Latitude":17.020976260000001,"Longitude":54.11844481,"GlobalID":"{1996C53D-5210-4D7A-A3FA-016C62D71F8A}","NEAR_FID":6576,"NEAR_DIST":0.93855339817371364}},{"type":"Feature","id":1780,"geometry":{"type":"Point","coordinates":[193203.01329999976,1884140.8473000005]},"properties":{"OBJECTID":1780,"Asset_ID":"GLY1780","Name":"Gully","District_ID":"al Huseela","Wlyt_ID":"Salalah","Gov_ID":"Dhofar Governorate","Road_ID":"103812","Mun_ID":" ","Latitude":17.021027199999999,"Longitude":54.118433119999999,"GlobalID":"{67B8F8CB-AA7C-45F3-9C9E-330F81DD6BE9}","NEAR_FID":6576,"NEAR_DIST":6.7147476739096295}},{"type":"Feature","id":1781,"geometry":{"type":"Point","coordinates":[193153.35960000008,1884125.2738000005]},"properties":{"OBJECTID":1781,"Asset_ID":"GLY1781","Name":"Gully","District_ID":"al Huseela","Wlyt_ID":"Salalah","Gov_ID":"Dhofar Governorate","Road_ID":"103812","Mun_ID":" ","Latitude":17.020879990000001,"Longitude":54.117969330000001,"GlobalID":"{0B2EEF25-5FCB-4567-85DF-60FE4FFE57F8}","NEAR_FID":6576,"NEAR_DIST":0.75698226127124868}},{"type":"Feature","id":1782,"geometry":{"type":"Point","coordinates":[193152.24629999977,1884130.8670000006]},"properties":{"OBJECTID":1782,"Asset_ID":"GLY1782","Name":"Gully","District_ID":"al Huseela","Wlyt_ID":"Salalah","Gov_ID":"Dhofar Governorate","Road_ID":"103812","Mun_ID":" ","Latitude":17.02093034,"Longitude":54.117958109999996,"GlobalID":"{7663DDEE-C7DD-4F53-B1DA-766A0D5F8964}","NEAR_FID":6576,"NEAR_DIST":6.4597526709557309}},{"type":"Feature","id":1783,"geometry":{"type":"Point","coordinates":[193101.34080000035,1884115.0569000002]},"properties":{"OBJECTID":1783,"Asset_ID":"GLY1783","Name":"Gully","District_ID":"al Huseela","Wlyt_ID":"Salalah","Gov_ID":"Dhofar Governorate","Road_ID":"103812","Mun_ID":" ","Latitude":17.02078083,"Longitude":54.117482610000003,"GlobalID":"{9DBF36BB-8632-42C5-922C-98D0F9D71FE4}","NEAR_FID":10179,"NEAR_DIST":0.36826023730340596}},{"type":"Feature","id":1784,"geometry":{"type":"Point","coordinates":[193100.19120000023,1884120.6323000006]},"properties":{"OBJECTID":1784,"Asset_ID":"GLY1784","Name":"Gully","District_ID":"al Huseela","Wlyt_ID":"Salalah","Gov_ID":"Dhofar Governorate","Road_ID":"103812","Mun_ID":" ","Latitude":17.020831009999998,"Longitude":54.117471049999999,"GlobalID":"{DC76F7AD-79C3-4FA1-8A80-64C1112123C0}","NEAR_FID":10179,"NEAR_DIST":3.8016324835922934}},{"type":"Feature","id":1785,"geometry":{"type":"Point","coordinates":[193052.45010000002,1884105.4980999995]},"properties":{"OBJECTID":1785,"Asset_ID":"GLY1785","Name":"Gully","District_ID":"al Huseela","Wlyt_ID":"Salalah","Gov_ID":"Dhofar Governorate","Road_ID":"103812","Mun_ID":" ","Latitude":17.020688029999999,"Longitude":54.117025159999997,"GlobalID":"{F6AFD68D-0406-47FF-A7FA-F02057BA2C3B}","NEAR_FID":16019,"NEAR_DIST":0.12583897861872312}},{"type":"Feature","id":1786,"geometry":{"type":"Point","coordinates":[193051.49780000001,1884111.0761999991]},"properties":{"OBJECTID":1786,"Asset_ID":"GLY1786","Name":"Gully","District_ID":"al Huseela","Wlyt_ID":"Salalah","Gov_ID":"Dhofar Governorate","Road_ID":"103812","Mun_ID":" ","Latitude":17.020738260000002,"Longitude":54.117015449999997,"GlobalID":"{D7F27482-741E-46A7-BDE8-CF2895FC812C}","NEAR_FID":16019,"NEAR_DIST":5.7819898934074923}},{"type":"Feature","id":1787,"geometry":{"type":"Point","coordinates":[193003.32400000002,1884096.0488000009]},"properties":{"OBJECTID":1787,"Asset_ID":"GLY1787","Name":"Gully","District_ID":"al Huseela","Wlyt_ID":"Salalah","Gov_ID":"Dhofar Governorate","Road_ID":"103812","Mun_ID":" ","Latitude":17.020596179999998,"Longitude":54.116565479999998,"GlobalID":"{CBBD0EC5-EA8D-407C-9A43-6DDB6E9E994B}","NEAR_FID":16019,"NEAR_DIST":0.63787203107347201}},{"type":"Feature","id":1788,"geometry":{"type":"Point","coordinates":[192995.75549999997,1884100.2985999994]},"properties":{"OBJECTID":1788,"Asset_ID":"GLY1788","Name":"Gully","District_ID":"al Huseela","Wlyt_ID":"Salalah","Gov_ID":"Dhofar Governorate","Road_ID":"103812","Mun_ID":" ","Latitude":17.020633539999999,"Longitude":54.116493869999999,"GlobalID":"{BEF43718-E654-4B59-9B4F-58A8C4941AB7}","NEAR_FID":16019,"NEAR_DIST":6.1981149073467998}},{"type":"Feature","id":1789,"geometry":{"type":"Point","coordinates":[190341.9506000001,1884314.2381999996]},"properties":{"OBJECTID":1789,"Asset_ID":"GLY1789","Name":"Gully","District_ID":"Markaz al Madena","Wlyt_ID":"Salalah","Gov_ID":"Dhofar Governorate","Road_ID":"104387","Mun_ID":" ","Latitude":17.022210179999998,"Longitude":54.091561679999998,"GlobalID":"{8FF1485C-E314-4843-879E-8BB60629E6AB}","NEAR_FID":7052,"NEAR_DIST":3.786726352429906}},{"type":"Feature","id":1790,"geometry":{"type":"Point","coordinates":[190369.92819999997,1884194.0755000003]},"properties":{"OBJECTID":1790,"Asset_ID":"GLY1790","Name":"Gully","District_ID":"Markaz al Madena","Wlyt_ID":"Salalah","Gov_ID":"Dhofar Governorate","Road_ID":"104387","Mun_ID":" ","Latitude":17.021129129999998,"Longitude":54.091840980000001,"GlobalID":"{A991BB78-0F20-41E4-9B27-A468168EA016}","NEAR_FID":15626,"NEAR_DIST":2.1996352447033529}},{"type":"Feature","id":1791,"geometry":{"type":"Point","coordinates":[190365.60800000001,1884215.5420999993]},"properties":{"OBJECTID":1791,"Asset_ID":"GLY1791","Name":"Gully","District_ID":"Markaz al Madena","Wlyt_ID":"Salalah","Gov_ID":"Dhofar Governorate","Road_ID":"104387","Mun_ID":" ","Latitude":17.021322349999998,"Longitude":54.091797450000001,"GlobalID":"{EAD4CBA4-D9E7-419C-8183-068738656084}","NEAR_FID":7052,"NEAR_DIST":7.3014805704358228}},{"type":"Feature","id":1792,"geometry":{"type":"Point","coordinates":[190376.14910000004,1884178.2594000008]},"properties":{"OBJECTID":1792,"Asset_ID":"GLY1792","Name":"Gully","District_ID":"Markaz al Madena","Wlyt_ID":"Salalah","Gov_ID":"Dhofar Governorate","Road_ID":"104387","Mun_ID":" ","Latitude":17.020987179999999,"Longitude":54.091901559999997,"GlobalID":"{8DC9ABA8-E93C-4FA1-A26D-1E9DDA70E160}","NEAR_FID":15626,"NEAR_DIST":6.8166276482267714}},{"type":"Feature","id":1793,"geometry":{"type":"Point","coordinates":[190381.29470000044,1884165.1218999997]},"properties":{"OBJECTID":1793,"Asset_ID":"GLY1793","Name":"Gully","District_ID":"Markaz al Madena","Wlyt_ID":"Salalah","Gov_ID":"Dhofar Governorate","Road_ID":"104387","Mun_ID":" ","Latitude":17.020869269999999,"Longitude":54.091951680000001,"GlobalID":"{1BC6E62B-BFFE-4E25-AE71-09D90D1B02F1}","NEAR_FID":18037,"NEAR_DIST":3.4279329105334093}},{"type":"Feature","id":1794,"geometry":{"type":"Point","coordinates":[190378.17459999956,1884153.1776000001]},"properties":{"OBJECTID":1794,"Asset_ID":"GLY1794","Name":"Gully","District_ID":"Markaz al Madena","Wlyt_ID":"Salalah","Gov_ID":"Dhofar Governorate","Road_ID":"104387","Mun_ID":" ","Latitude":17.020761019999998,"Longitude":54.091924069999997,"GlobalID":"{D6AD1583-CCC3-4E9F-947A-C88747E0675C}","NEAR_FID":18037,"NEAR_DIST":3.5949152188860878}},{"type":"Feature","id":1795,"geometry":{"type":"Point","coordinates":[190421.04420000035,1883940.9520999994]},"properties":{"OBJECTID":1795,"Asset_ID":"GLY1795","Name":"Gully","District_ID":"Markaz al Madena","Wlyt_ID":"Salalah","Gov_ID":"Dhofar Governorate","Road_ID":"104387","Mun_ID":" ","Latitude":17.018850839999999,"Longitude":54.092355949999998,"GlobalID":"{02D4276F-3CD2-4056-A7E2-A4E1A9BA6D5E}","NEAR_FID":12092,"NEAR_DIST":7.4376290017997455}},{"type":"Feature","id":1796,"geometry":{"type":"Point","coordinates":[190444.94799999986,1883846.1221999992]},"properties":{"OBJECTID":1796,"Asset_ID":"GLY1796","Name":"Gully","District_ID":"Markaz al Madena","Wlyt_ID":"Salalah","Gov_ID":"Dhofar Governorate","Road_ID":"104001","Mun_ID":" ","Latitude":17.017997940000001,"Longitude":54.092593469999997,"GlobalID":"{3DDDABA5-EA60-4D97-BCDE-580D656AD31C}","NEAR_FID":14514,"NEAR_DIST":1.3841724836579188}},{"type":"Feature","id":1797,"geometry":{"type":"Point","coordinates":[190438.12330000009,1883842.7791000009]},"properties":{"OBJECTID":1797,"Asset_ID":"GLY1797","Name":"Gully","District_ID":"Markaz al Madena","Wlyt_ID":"Salalah","Gov_ID":"Dhofar Governorate","Road_ID":"104387","Mun_ID":" ","Latitude":17.01796684,"Longitude":54.092529900000002,"GlobalID":"{29053377-9C22-43CC-96CB-2F4757350366}","NEAR_FID":8136,"NEAR_DIST":4.3545616766345177}},{"type":"Feature","id":1798,"geometry":{"type":"Point","coordinates":[190433.31950000022,1883865.9746000003]},"properties":{"OBJECTID":1798,"Asset_ID":"GLY1798","Name":"Gully","District_ID":"Markaz al Madena","Wlyt_ID":"Salalah","Gov_ID":"Dhofar Governorate","Road_ID":"104387","Mun_ID":" ","Latitude":17.018175599999999,"Longitude":54.092481589999998,"GlobalID":"{8C0187CC-7611-47C3-B417-88C1DB43A43E}","NEAR_FID":8136,"NEAR_DIST":4.4210279483483754}},{"type":"Feature","id":1799,"geometry":{"type":"Point","coordinates":[190476.00449999981,1883668.3509999998]},"properties":{"OBJECTID":1799,"Asset_ID":"GLY1799","Name":"Gully","District_ID":"Markaz al Madena","Wlyt_ID":"Salalah","Gov_ID":"Dhofar Governorate","Road_ID":"104387","Mun_ID":" ","Latitude":17.016397220000002,"Longitude":54.092909679999998,"GlobalID":"{206AC8D2-799E-4CA4-B40C-D0C1E4F3F201}","NEAR_FID":14672,"NEAR_DIST":6.2991507097227712}},{"type":"Feature","id":1800,"geometry":{"type":"Point","coordinates":[190446.82409999985,1883638.6265999991]},"properties":{"OBJECTID":1800,"Asset_ID":"GLY1800","Name":"Gully","District_ID":"Salalah al Jadida","Wlyt_ID":"Salalah","Gov_ID":"Dhofar Governorate","Road_ID":"104387","Mun_ID":" ","Latitude":17.016124949999998,"Longitude":54.092640019999997,"GlobalID":"{82E311BC-9A24-493F-A3F3-60F043107963}","NEAR_FID":17270,"NEAR_DIST":8.5039068776802242}},{"type":"Feature","id":1801,"geometry":{"type":"Point","coordinates":[190380.7304999996,1883783.8480999991]},"properties":{"OBJECTID":1801,"Asset_ID":"GLY1801","Name":"Gully","District_ID":"Salalah al Jadida","Wlyt_ID":"Salalah","Gov_ID":"Dhofar Governorate","Road_ID":"104187","Mun_ID":" ","Latitude":17.017427120000001,"Longitude":54.09199958,"GlobalID":"{BEBF8D97-D714-4BFE-A7FF-D872599BBE9D}","NEAR_FID":18079,"NEAR_DIST":5.2275374406279687}},{"type":"Feature","id":1802,"geometry":{"type":"Point","coordinates":[190354.41480000038,1883768.0678000003]},"properties":{"OBJECTID":1802,"Asset_ID":"GLY1802","Name":"Gully","District_ID":"Salalah al Jadida","Wlyt_ID":"Salalah","Gov_ID":"Dhofar Governorate","Road_ID":"104187","Mun_ID":" ","Latitude":17.017281130000001,"Longitude":54.091754850000001,"GlobalID":"{CC1FAEB9-8CBB-47AD-A455-50EB3F3340DD}","NEAR_FID":18079,"NEAR_DIST":9.6228284985600734}},{"type":"Feature","id":1803,"geometry":{"type":"Point","coordinates":[190337.34839999955,1883780.7471999992]},"properties":{"OBJECTID":1803,"Asset_ID":"GLY1803","Name":"Gully","District_ID":"Salalah al Jadida","Wlyt_ID":"Salalah","Gov_ID":"Dhofar Governorate","Road_ID":"104187","Mun_ID":" ","Latitude":17.017393299999998,"Longitude":54.091592939999998,"GlobalID":"{E8E5431A-4CBD-4DBE-981A-AC1C105FF911}","NEAR_FID":16265,"NEAR_DIST":4.6406451814230536}},{"type":"Feature","id":1804,"geometry":{"type":"Point","coordinates":[190401.01209999993,1883789.1700999998]},"properties":{"OBJECTID":1804,"Asset_ID":"GLY1804","Name":"Gully","District_ID":"Salalah al Jadida","Wlyt_ID":"Salalah","Gov_ID":"Dhofar Governorate","Road_ID":"104187","Mun_ID":" ","Latitude":17.017477889999999,"Longitude":54.092189150000003,"GlobalID":"{9A225954-F28A-4FAD-9698-41E9C5908E29}","NEAR_FID":8750,"NEAR_DIST":1.5338049970545296}},{"type":"Feature","id":1805,"geometry":{"type":"Point","coordinates":[190310.52500000037,1883768.5362999998]},"properties":{"OBJECTID":1805,"Asset_ID":"GLY1805","Name":"Gully","District_ID":"Salalah al Jadida","Wlyt_ID":"Salalah","Gov_ID":"Dhofar Governorate","Road_ID":"104187","Mun_ID":" ","Latitude":17.017279460000001,"Longitude":54.091342949999998,"GlobalID":"{3BE711FC-269C-414D-BEFF-7676C49CEF94}","NEAR_FID":9054,"NEAR_DIST":9.3064077041881799}},{"type":"Feature","id":1806,"geometry":{"type":"Point","coordinates":[190336.25050000008,1883766.3892999999]},"properties":{"OBJECTID":1806,"Asset_ID":"GLY1806","Name":"Gully","District_ID":"Salalah al Jadida","Wlyt_ID":"Salalah","Gov_ID":"Dhofar Governorate","Road_ID":"104187","Mun_ID":" ","Latitude":17.017263530000001,"Longitude":54.091584650000001,"GlobalID":"{A35DB439-53D3-44B2-BB74-AC115F5F4154}","NEAR_FID":16265,"NEAR_DIST":9.522223098421124}},{"type":"Feature","id":1807,"geometry":{"type":"Point","coordinates":[190381.95129999984,1883767.2138]},"properties":{"OBJECTID":1807,"Asset_ID":"GLY1807","Name":"Gully","District_ID":"Salalah al Jadida","Wlyt_ID":"Salalah","Gov_ID":"Dhofar Governorate","Road_ID":"104187","Mun_ID":" ","Latitude":17.017277109999998,"Longitude":54.092013360000003,"GlobalID":"{78B47B0F-9E97-4B16-8B78-45D95C891BC0}","NEAR_FID":18079,"NEAR_DIST":11.439280300344471}},{"type":"Feature","id":1808,"geometry":{"type":"Point","coordinates":[190408.02830000035,1883764.3067000005]},"properties":{"OBJECTID":1808,"Asset_ID":"GLY1808","Name":"Gully","District_ID":"Salalah al Jadida","Wlyt_ID":"Salalah","Gov_ID":"Dhofar Governorate","Road_ID":"104187","Mun_ID":" ","Latitude":17.01725437,"Longitude":54.092258450000003,"GlobalID":"{FD119D21-DA87-4622-A352-8EFB5B904DE1}","NEAR_FID":14085,"NEAR_DIST":7.0977280202389208}},{"type":"Feature","id":1809,"geometry":{"type":"Point","coordinates":[190442.80489999987,1883659.2392999995]},"properties":{"OBJECTID":1809,"Asset_ID":"GLY1809","Name":"Gully","District_ID":"Salalah al Jadida","Wlyt_ID":"Salalah","Gov_ID":"Dhofar Governorate","Road_ID":"104387","Mun_ID":" ","Latitude":17.016310499999999,"Longitude":54.09259943,"GlobalID":"{71D5B07F-2144-422D-869B-22343864D579}","NEAR_FID":17270,"NEAR_DIST":9.0510077703106155}},{"type":"Feature","id":1810,"geometry":{"type":"Point","coordinates":[190288.06549999956,1883482.4140000008]},"properties":{"OBJECTID":1810,"Asset_ID":"GLY1810","Name":"Gully","District_ID":"Salalah al Wousta","Wlyt_ID":"Salalah","Gov_ID":"Dhofar Governorate","Road_ID":"104523","Mun_ID":" ","Latitude":17.014693390000001,"Longitude":54.091172129999997,"GlobalID":"{E2D23ECA-288E-4727-91B7-77BAD8080273}","NEAR_FID":18962,"NEAR_DIST":2.9654312144081194}},{"type":"Feature","id":1811,"geometry":{"type":"Point","coordinates":[190293.63159999996,1883435.7049000002]},"properties":{"OBJECTID":1811,"Asset_ID":"GLY1811","Name":"Gully","District_ID":"Salalah al Wousta","Wlyt_ID":"Salalah","Gov_ID":"Dhofar Governorate","Road_ID":"104523","Mun_ID":" ","Latitude":17.01427245,"Longitude":54.091230879999998,"GlobalID":"{B078B95B-8113-4410-8213-2977164A7277}","NEAR_FID":11839,"NEAR_DIST":4.8336581950650173}},{"type":"Feature","id":1812,"geometry":{"type":"Point","coordinates":[190156.30289999954,1883423.8660000004]},"properties":{"OBJECTID":1812,"Asset_ID":"GLY1812","Name":"Gully","District_ID":"Salalah al Wousta","Wlyt_ID":"Salalah","Gov_ID":"Dhofar Governorate","Road_ID":"104455","Mun_ID":" ","Latitude":17.014147139999999,"Longitude":54.089943939999998,"GlobalID":"{9149FC2B-6E0E-4527-87DC-F4112B433647}","NEAR_FID":11700,"NEAR_DIST":2.4727924899888021}},{"type":"Feature","id":1813,"geometry":{"type":"Point","coordinates":[190150.2463999996,1883423.2014000006]},"properties":{"OBJECTID":1813,"Asset_ID":"GLY1813","Name":"Gully","District_ID":"Salalah al Gharbiyya","Wlyt_ID":"Salalah","Gov_ID":"Dhofar Governorate","Road_ID":"104455","Mun_ID":" ","Latitude":17.014140319999999,"Longitude":54.089887210000001,"GlobalID":"{A86DFDF9-EBD5-4F10-87A3-00D620B7539B}","NEAR_FID":11700,"NEAR_DIST":3.6194831542167516}},{"type":"Feature","id":1814,"geometry":{"type":"Point","coordinates":[190053.35010000039,1883441.1785000004]},"properties":{"OBJECTID":1814,"Asset_ID":"GLY1814","Name":"Gully","District_ID":"Salalah al Jadida","Wlyt_ID":"Salalah","Gov_ID":"Dhofar Governorate","Road_ID":"103812","Mun_ID":" ","Latitude":17.014289600000001,"Longitude":54.088975499999997,"GlobalID":"{2D90B075-3619-4FF7-B515-D935F856E176}","NEAR_FID":19221,"NEAR_DIST":2.2398376783732297}},{"type":"Feature","id":1815,"geometry":{"type":"Point","coordinates":[190217.16480000038,1883535.4557000007]},"properties":{"OBJECTID":1815,"Asset_ID":"GLY1815","Name":"Gully","District_ID":"Salalah al Jadida","Wlyt_ID":"Salalah","Gov_ID":"Dhofar Governorate","Road_ID":"104191","Mun_ID":" ","Latitude":17.015162719999999,"Longitude":54.090499450000003,"GlobalID":"{66A34085-696A-40F5-8A4B-B8FA2FBB5440}","NEAR_FID":6822,"NEAR_DIST":2.3927726380500012}},{"type":"Feature","id":1816,"geometry":{"type":"Point","coordinates":[190210.99980000034,1883534.8380999994]},"properties":{"OBJECTID":1816,"Asset_ID":"GLY1816","Name":"Gully","District_ID":"Salalah al Jadida","Wlyt_ID":"Salalah","Gov_ID":"Dhofar Governorate","Road_ID":"104191","Mun_ID":" ","Latitude":17.015156319999999,"Longitude":54.090441689999999,"GlobalID":"{1A360A49-B9EB-4924-8E29-174736CBFB80}","NEAR_FID":6822,"NEAR_DIST":3.8024976879585628}},{"type":"Feature","id":1817,"geometry":{"type":"Point","coordinates":[190324.61919999961,1883511.1434000004]},"properties":{"OBJECTID":1817,"Asset_ID":"GLY1817","Name":"Gully","District_ID":"Salalah al Wousta","Wlyt_ID":"Salalah","Gov_ID":"Dhofar Governorate","Road_ID":"103812","Mun_ID":" ","Latitude":17.01495766,"Longitude":54.091511109999999,"GlobalID":"{DAC26592-7D4A-403F-9FD6-FCA13E711EB7}","NEAR_FID":14868,"NEAR_DIST":8.740843109887118}},{"type":"Feature","id":1818,"geometry":{"type":"Point","coordinates":[190365.79569999967,1883527.5701000001]},"properties":{"OBJECTID":1818,"Asset_ID":"GLY1818","Name":"Gully","District_ID":"Salalah al Wousta","Wlyt_ID":"Salalah","Gov_ID":"Dhofar Governorate","Road_ID":"103812","Mun_ID":" ","Latitude":17.015111480000002,"Longitude":54.091895190000002,"GlobalID":"{BE5AF46D-8CF9-467C-ACAF-250209EDCDB6}","NEAR_FID":14868,"NEAR_DIST":9.6993651295359822}},{"type":"Feature","id":1819,"geometry":{"type":"Point","coordinates":[190385.32050000038,1883534.7340999991]},"properties":{"OBJECTID":1819,"Asset_ID":"GLY1819","Name":"Gully","District_ID":"Salalah al Wousta","Wlyt_ID":"Salalah","Gov_ID":"Dhofar Governorate","Road_ID":"103812","Mun_ID":" ","Latitude":17.015178779999999,"Longitude":54.092077400000001,"GlobalID":"{08C53E9A-2C48-44B3-B3FF-B05B89FD8C38}","NEAR_FID":14868,"NEAR_DIST":10.997950522816227}},{"type":"Feature","id":1820,"geometry":{"type":"Point","coordinates":[190416.22400000039,1883547.4900000002]},"properties":{"OBJECTID":1820,"Asset_ID":"GLY1820","Name":"Gully","District_ID":"Salalah al Wousta","Wlyt_ID":"Salalah","Gov_ID":"Dhofar Governorate","Road_ID":"103812","Mun_ID":" ","Latitude":17.015298080000001,"Longitude":54.092365600000001,"GlobalID":"{4462CC7A-7F8C-49D8-8573-C14098821D00}","NEAR_FID":14868,"NEAR_DIST":10.104496539343373}},{"type":"Feature","id":1821,"geometry":{"type":"Point","coordinates":[190440.62330000009,1883557.5626999997]},"properties":{"OBJECTID":1821,"Asset_ID":"GLY1821","Name":"Gully","District_ID":"Salalah al Wousta","Wlyt_ID":"Salalah","Gov_ID":"Dhofar Governorate","Road_ID":"103812","Mun_ID":" ","Latitude":17.015392290000001,"Longitude":54.092593139999998,"GlobalID":"{6C984BE1-B204-4E49-BFFF-A06B4E0E5CDE}","NEAR_FID":18100,"NEAR_DIST":7.4128115001596262}},{"type":"Feature","id":1822,"geometry":{"type":"Point","coordinates":[190451.68420000002,1883558.1907000002]},"properties":{"OBJECTID":1822,"Asset_ID":"GLY1822","Name":"Gully","District_ID":"Salalah al Wousta","Wlyt_ID":"Salalah","Gov_ID":"Dhofar Governorate","Road_ID":"103812","Mun_ID":" ","Latitude":17.015399439999999,"Longitude":54.092696840000002,"GlobalID":"{17200E46-0BDD-45FC-B4AF-4370AB774FC2}","NEAR_FID":18100,"NEAR_DIST":5.1419427948271759}},{"type":"Feature","id":1823,"geometry":{"type":"Point","coordinates":[190402.74330000021,1883567.1818000004]},"properties":{"OBJECTID":1823,"Asset_ID":"GLY1823","Name":"Gully","District_ID":"Salalah al Jadida","Wlyt_ID":"Salalah","Gov_ID":"Dhofar Governorate","Road_ID":"103812","Mun_ID":" ","Latitude":17.015474050000002,"Longitude":54.092236360000001,"GlobalID":"{0BE8A534-546E-48BC-8664-771D7CA88AB5}","NEAR_FID":17525,"NEAR_DIST":1.7690800835443221}},{"type":"Feature","id":1824,"geometry":{"type":"Point","coordinates":[190081.5541000003,1883425.0778999999]},"properties":{"OBJECTID":1824,"Asset_ID":"GLY1824","Name":"Gully","District_ID":"Salalah al Gharbiyya","Wlyt_ID":"Salalah","Gov_ID":"Dhofar Governorate","Road_ID":"103812","Mun_ID":" ","Latitude":17.014148039999998,"Longitude":54.089242390000003,"GlobalID":"{386E98F3-5271-4B66-AAE9-ECF2373D55CC}","NEAR_FID":17501,"NEAR_DIST":7.1641777277774512}},{"type":"Feature","id":1825,"geometry":{"type":"Point","coordinates":[189746.24390000012,1883320.6497000009]},"properties":{"OBJECTID":1825,"Asset_ID":"GLY1825","Name":"Gully","District_ID":"Salalah al Gharbiyya","Wlyt_ID":"Salalah","Gov_ID":"Dhofar Governorate","Road_ID":"103812","Mun_ID":" ","Latitude":17.01316022,"Longitude":54.08611071,"GlobalID":"{06E84894-B604-4A3E-84F9-2B5411B8E340}","NEAR_FID":17501,"NEAR_DIST":6.0220559616899108}},{"type":"Feature","id":1826,"geometry":{"type":"Point","coordinates":[189750.30059999973,1883319.4234999996]},"properties":{"OBJECTID":1826,"Asset_ID":"GLY1826","Name":"Gully","District_ID":"Salalah al Gharbiyya","Wlyt_ID":"Salalah","Gov_ID":"Dhofar Governorate","Road_ID":"103812","Mun_ID":" ","Latitude":17.0131497,"Longitude":54.086148950000002,"GlobalID":"{B660E770-19E2-4995-ACD1-E1279839AABF}","NEAR_FID":17501,"NEAR_DIST":8.4081514900994385}},{"type":"Feature","id":1827,"geometry":{"type":"Point","coordinates":[189693.96630000044,1883302.2785]},"properties":{"OBJECTID":1827,"Asset_ID":"GLY1827","Name":"Gully","District_ID":"Salalah al Gharbiyya","Wlyt_ID":"Salalah","Gov_ID":"Dhofar Governorate","Road_ID":"103812","Mun_ID":" ","Latitude":17.012987339999999,"Longitude":54.085622749999999,"GlobalID":"{0B9AF3AA-F296-4D1C-9627-C5A7CD64CA71}","NEAR_FID":11214,"NEAR_DIST":10.220079905372772}},{"type":"Feature","id":1828,"geometry":{"type":"Point","coordinates":[189583.11930000037,1884251.4497999996]},"properties":{"OBJECTID":1828,"Asset_ID":"GLY1828","Name":"Gully","District_ID":"Salalah al Jadida","Wlyt_ID":"Salalah","Gov_ID":"Dhofar Governorate","Road_ID":"104189","Mun_ID":" ","Latitude":17.021541330000002,"Longitude":54.084449909999996,"GlobalID":"{18EB9545-6DF9-4682-AF2A-082ACE8B3162}","NEAR_FID":9622,"NEAR_DIST":7.4132346215127054}},{"type":"Feature","id":1829,"geometry":{"type":"Point","coordinates":[189569.57940000016,1884230.0982000008]},"properties":{"OBJECTID":1829,"Asset_ID":"GLY1829","Name":"Gully","District_ID":"Salalah al Jadida","Wlyt_ID":"Salalah","Gov_ID":"Dhofar Governorate","Road_ID":"104189","Mun_ID":" ","Latitude":17.021346749999999,"Longitude":54.084325849999999,"GlobalID":"{698FC80C-E1FC-49BD-B302-F394E73D6665}","NEAR_FID":16645,"NEAR_DIST":8.1895070705095705}},{"type":"Feature","id":1830,"geometry":{"type":"Point","coordinates":[189571.31950000022,1884212.8121000007]},"properties":{"OBJECTID":1830,"Asset_ID":"GLY1830","Name":"Gully","District_ID":"Salalah al Jadida","Wlyt_ID":"Salalah","Gov_ID":"Dhofar Governorate","Road_ID":"104390","Mun_ID":" ","Latitude":17.021190929999999,"Longitude":54.084344590000001,"GlobalID":"{FC6B02F0-896F-44E6-B9B9-6C2D55E97FF4}","NEAR_FID":15747,"NEAR_DIST":7.303500676934318}},{"type":"Feature","id":1831,"geometry":{"type":"Point","coordinates":[189586.61309999973,1884213.7818]},"properties":{"OBJECTID":1831,"Asset_ID":"GLY1831","Name":"Gully","District_ID":"Salalah al Jadida","Wlyt_ID":"Salalah","Gov_ID":"Dhofar Governorate","Road_ID":"104251","Mun_ID":" ","Latitude":17.021201739999999,"Longitude":54.084487969999998,"GlobalID":"{2A8EBAB4-A7EA-4262-9396-28387D52D6CE}","NEAR_FID":16241,"NEAR_DIST":4.0635499986444312}},{"type":"Feature","id":1832,"geometry":{"type":"Point","coordinates":[189594.09370000008,1884209.7386000007]},"properties":{"OBJECTID":1832,"Asset_ID":"GLY1832","Name":"Gully","District_ID":"Salalah al Jadida","Wlyt_ID":"Salalah","Gov_ID":"Dhofar Governorate","Road_ID":"104251","Mun_ID":" ","Latitude":17.02116625,"Longitude":54.084558729999998,"GlobalID":"{9A7EF3DF-36A3-4B37-A1AD-881A4C885CF4}","NEAR_FID":16241,"NEAR_DIST":0.59300226539210044}},{"type":"Feature","id":1833,"geometry":{"type":"Point","coordinates":[189564.00310000032,1884205.7563000005]},"properties":{"OBJECTID":1833,"Asset_ID":"GLY1833","Name":"Gully","District_ID":"Salalah al Jadida","Wlyt_ID":"Salalah","Gov_ID":"Dhofar Governorate","Road_ID":"104390","Mun_ID":" ","Latitude":17.021126249999998,"Longitude":54.084276930000001,"GlobalID":"{5DAB71DB-8D91-4957-8FE0-50FF0FCF5BE5}","NEAR_FID":15747,"NEAR_DIST":1.2662322621414999}},{"type":"Feature","id":1834,"geometry":{"type":"Point","coordinates":[189564.67399999965,1884199.6179000009]},"properties":{"OBJECTID":1834,"Asset_ID":"GLY1834","Name":"Gully","District_ID":"Salalah al Jadida","Wlyt_ID":"Salalah","Gov_ID":"Dhofar Governorate","Road_ID":"104390","Mun_ID":" ","Latitude":17.02107092,"Longitude":54.084284080000003,"GlobalID":"{54B2727F-FC31-4988-BE8F-47014515AF50}","NEAR_FID":15747,"NEAR_DIST":4.907169400775345}},{"type":"Feature","id":1835,"geometry":{"type":"Point","coordinates":[189574.26750000007,1884182.7114000004]},"properties":{"OBJECTID":1835,"Asset_ID":"GLY1835","Name":"Gully","District_ID":"Salalah al Jadida","Wlyt_ID":"Salalah","Gov_ID":"Dhofar Governorate","Road_ID":"104189","Mun_ID":" ","Latitude":17.020919580000001,"Longitude":54.084376470000002,"GlobalID":"{51415684-D89A-4EE4-BC0C-B0F09C97AA31}","NEAR_FID":10911,"NEAR_DIST":8.5738999901120909}},{"type":"Feature","id":1836,"geometry":{"type":"Point","coordinates":[189589.50879999995,1884184.7201000005]},"properties":{"OBJECTID":1836,"Asset_ID":"GLY1836","Name":"Gully","District_ID":"Salalah al Jadida","Wlyt_ID":"Salalah","Gov_ID":"Dhofar Governorate","Road_ID":"104189","Mun_ID":" ","Latitude":17.020939769999998,"Longitude":54.084519200000003,"GlobalID":"{E048CE97-7075-454D-BB04-742BB2AD007D}","NEAR_FID":10911,"NEAR_DIST":6.7881315928286359}},{"type":"Feature","id":1837,"geometry":{"type":"Point","coordinates":[189575.83930000011,1884150.5305000003]},"properties":{"OBJECTID":1837,"Asset_ID":"GLY1837","Name":"Gully","District_ID":"Salalah al Jadida","Wlyt_ID":"Salalah","Gov_ID":"Dhofar Governorate","Road_ID":"104268","Mun_ID":" ","Latitude":17.020629270000001,"Longitude":54.084395720000003,"GlobalID":"{E2776232-021C-4D4D-AEDF-4ACD90425456}","NEAR_FID":4353,"NEAR_DIST":5.2506446034777552}},{"type":"Feature","id":1838,"geometry":{"type":"Point","coordinates":[189592.73390000034,1884152.4307000004]},"properties":{"OBJECTID":1838,"Asset_ID":"GLY1838","Name":"Gully","District_ID":"Salalah al Jadida","Wlyt_ID":"Salalah","Gov_ID":"Dhofar Governorate","Road_ID":"104252","Mun_ID":" ","Latitude":17.020648699999999,"Longitude":54.084553980000003,"GlobalID":"{DB1033C8-CA5A-4192-8C23-E384C68FFEA6}","NEAR_FID":14756,"NEAR_DIST":2.4989750865242417}},{"type":"Feature","id":1839,"geometry":{"type":"Point","coordinates":[189569.66299999971,1884150.1682999991]},"properties":{"OBJECTID":1839,"Asset_ID":"GLY1839","Name":"Gully","District_ID":"Salalah al Jadida","Wlyt_ID":"Salalah","Gov_ID":"Dhofar Governorate","Road_ID":"104268","Mun_ID":" ","Latitude":17.020625169999999,"Longitude":54.084337810000001,"GlobalID":"{75380A70-5454-43E0-A753-71BD0AF495BB}","NEAR_FID":4353,"NEAR_DIST":5.1617601467171585}},{"type":"Feature","id":1840,"geometry":{"type":"Point","coordinates":[189569.31199999992,1884156.1671999991]},"properties":{"OBJECTID":1840,"Asset_ID":"GLY1840","Name":"Gully","District_ID":"Salalah al Jadida","Wlyt_ID":"Salalah","Gov_ID":"Dhofar Governorate","Road_ID":"104268","Mun_ID":" ","Latitude":17.02067928,"Longitude":54.08433368,"GlobalID":"{F37ACB80-0C2D-468F-B3CA-F4924D1F792C}","NEAR_FID":4353,"NEAR_DIST":0.8467683473806934}},{"type":"Feature","id":1841,"geometry":{"type":"Point","coordinates":[189580.58490000013,1884119.4113999996]},"properties":{"OBJECTID":1841,"Asset_ID":"GLY1841","Name":"Gully","District_ID":"Salalah al Jadida","Wlyt_ID":"Salalah","Gov_ID":"Dhofar Governorate","Road_ID":"104189","Mun_ID":" ","Latitude":17.020348980000001,"Longitude":54.084444599999998,"GlobalID":"{6CA7945B-B892-4E49-8AFD-87C46D05640B}","NEAR_FID":6999,"NEAR_DIST":7.956444962253256}},{"type":"Feature","id":1842,"geometry":{"type":"Point","coordinates":[189595.92009999976,1884120.7426999994]},"properties":{"OBJECTID":1842,"Asset_ID":"GLY1842","Name":"Gully","District_ID":"Salalah al Jadida","Wlyt_ID":"Salalah","Gov_ID":"Dhofar Governorate","Road_ID":"104189","Mun_ID":" ","Latitude":17.020363060000001,"Longitude":54.084588310000001,"GlobalID":"{CE3091A8-198C-4042-B545-4A4CB42FA7AF}","NEAR_FID":6999,"NEAR_DIST":7.4352036437424527}},{"type":"Feature","id":1843,"geometry":{"type":"Point","coordinates":[189605.78110000025,1884095.8505000006]},"properties":{"OBJECTID":1843,"Asset_ID":"GLY1843","Name":"Gully","District_ID":"Salalah al Jadida","Wlyt_ID":"Salalah","Gov_ID":"Dhofar Governorate","Road_ID":"104254","Mun_ID":" ","Latitude":17.020139660000002,"Longitude":54.084684330000002,"GlobalID":"{8DC2B3C5-3751-4C09-84E5-AB3F9C1FD0B8}","NEAR_FID":12629,"NEAR_DIST":0.18509704526642776}},{"type":"Feature","id":1844,"geometry":{"type":"Point","coordinates":[189601.18410000019,1884067.9626000002]},"properties":{"OBJECTID":1844,"Asset_ID":"GLY1844","Name":"Gully","District_ID":"Salalah al Jadida","Wlyt_ID":"Salalah","Gov_ID":"Dhofar Governorate","Road_ID":"104189","Mun_ID":" ","Latitude":17.019887279999999,"Longitude":54.084645090000002,"GlobalID":"{0C52AE1E-2411-4005-A429-83192F9CCDB9}","NEAR_FID":18194,"NEAR_DIST":6.6310632201506428}},{"type":"Feature","id":1845,"geometry":{"type":"Point","coordinates":[189585.89690000005,1884065.9952000007]},"properties":{"OBJECTID":1845,"Asset_ID":"GLY1845","Name":"Gully","District_ID":"Salalah al Jadida","Wlyt_ID":"Salalah","Gov_ID":"Dhofar Governorate","Road_ID":"104189","Mun_ID":" ","Latitude":17.01986746,"Longitude":54.084501920000001,"GlobalID":"{ACABA9B5-5B81-47C2-A395-DB26508A10B3}","NEAR_FID":18194,"NEAR_DIST":8.773478906283497}},{"type":"Feature","id":1846,"geometry":{"type":"Point","coordinates":[189589.44890000019,1884030.9658000004]},"properties":{"OBJECTID":1846,"Asset_ID":"GLY1846","Name":"Gully","District_ID":"Salalah al Jadida","Wlyt_ID":"Salalah","Gov_ID":"Dhofar Governorate","Road_ID":"104189","Mun_ID":" ","Latitude":17.019551700000001,"Longitude":54.084540150000002,"GlobalID":"{BADC8258-1CE3-4550-A9FF-C50457419985}","NEAR_FID":9711,"NEAR_DIST":8.5367240458630604}},{"type":"Feature","id":1847,"geometry":{"type":"Point","coordinates":[189578.87839999981,1884043.2007999998]},"properties":{"OBJECTID":1847,"Asset_ID":"GLY1847","Name":"Gully","District_ID":"Salalah al Jadida","Wlyt_ID":"Salalah","Gov_ID":"Dhofar Governorate","Road_ID":"104266","Mun_ID":" ","Latitude":17.019660729999998,"Longitude":54.084439250000003,"GlobalID":"{6CBCE26F-2D7E-43D7-BD35-3EA5C25C5579}","NEAR_FID":16500,"NEAR_DIST":6.3163580659047973}},{"type":"Feature","id":1848,"geometry":{"type":"Point","coordinates":[189578.40529999975,1884049.4297000002]},"properties":{"OBJECTID":1848,"Asset_ID":"GLY1848","Name":"Gully","District_ID":"Salalah al Jadida","Wlyt_ID":"Salalah","Gov_ID":"Dhofar Governorate","Road_ID":"104266","Mun_ID":" ","Latitude":17.019716899999999,"Longitude":54.084433939999997,"GlobalID":"{E20A1CAA-3B83-434A-A36C-825C3406683F}","NEAR_FID":16500,"NEAR_DIST":0.072083694453678668}},{"type":"Feature","id":1849,"geometry":{"type":"Point","coordinates":[189604.70559999999,1884031.9112]},"properties":{"OBJECTID":1849,"Asset_ID":"GLY1849","Name":"Gully","District_ID":"Salalah al Jadida","Wlyt_ID":"Salalah","Gov_ID":"Dhofar Governorate","Road_ID":"104189","Mun_ID":" ","Latitude":17.01956229,"Longitude":54.084683179999999,"GlobalID":"{F472B0F8-A6AB-4BB7-8CA7-BD52276C1357}","NEAR_FID":9711,"NEAR_DIST":6.7411945258128974}},{"type":"Feature","id":1850,"geometry":{"type":"Point","coordinates":[189594.80999999959,1883976.7519000005]},"properties":{"OBJECTID":1850,"Asset_ID":"GLY1850","Name":"Gully","District_ID":"Salalah al Jadida","Wlyt_ID":"Salalah","Gov_ID":"Dhofar Governorate","Road_ID":"104189","Mun_ID":" ","Latitude":17.019062989999998,"Longitude":54.084598040000003,"GlobalID":"{B543BFB5-505C-4028-B066-B8A203A48EEB}","NEAR_FID":6626,"NEAR_DIST":8.5550266199746225}},{"type":"Feature","id":1851,"geometry":{"type":"Point","coordinates":[189610.48089999985,1883973.9655000009]},"properties":{"OBJECTID":1851,"Asset_ID":"GLY1851","Name":"Gully","District_ID":"Salalah al Jadida","Wlyt_ID":"Salalah","Gov_ID":"Dhofar Governorate","Road_ID":"104258","Mun_ID":" ","Latitude":17.01903995,"Longitude":54.084745470000001,"GlobalID":"{7029F6C7-7CD3-48D9-888F-2003BF1806C2}","NEAR_FID":18093,"NEAR_DIST":4.248145475389344}},{"type":"Feature","id":1852,"geometry":{"type":"Point","coordinates":[189616.03120000008,1883970.5709000006]},"properties":{"OBJECTID":1852,"Asset_ID":"GLY1852","Name":"Gully","District_ID":"Salalah al Jadida","Wlyt_ID":"Salalah","Gov_ID":"Dhofar Governorate","Road_ID":"104258","Mun_ID":" ","Latitude":17.019010049999999,"Longitude":54.084798030000002,"GlobalID":"{4C0FEC42-598B-4A82-B72F-C60C3EB0FE44}","NEAR_FID":18093,"NEAR_DIST":0.35109534908243462}},{"type":"Feature","id":1853,"geometry":{"type":"Point","coordinates":[189620.51219999976,1883976.2152999993]},"properties":{"OBJECTID":1853,"Asset_ID":"GLY1853","Name":"Gully","District_ID":"Salalah al Jadida","Wlyt_ID":"Salalah","Gov_ID":"Dhofar Governorate","Road_ID":"104258","Mun_ID":" ","Latitude":17.019061610000001,"Longitude":54.084839289999998,"GlobalID":"{45F8C3C9-715F-4525-B542-B6DF818D4662}","NEAR_FID":18093,"NEAR_DIST":5.5533582306288292}},{"type":"Feature","id":1854,"geometry":{"type":"Point","coordinates":[189612.63960000034,1883951.9722000007]},"properties":{"OBJECTID":1854,"Asset_ID":"GLY1854","Name":"Gully","District_ID":"Salalah al Jadida","Wlyt_ID":"Salalah","Gov_ID":"Dhofar Governorate","Road_ID":"104189","Mun_ID":" ","Latitude":17.018841689999999,"Longitude":54.08476881,"GlobalID":"{FC6E9F40-AE35-4448-B875-EAC5F7408751}","NEAR_FID":8244,"NEAR_DIST":6.5679429189856497}},{"type":"Feature","id":1855,"geometry":{"type":"Point","coordinates":[189597.38939999975,1883949.9450000003]},"properties":{"OBJECTID":1855,"Asset_ID":"GLY1855","Name":"Gully","District_ID":"Salalah al Jadida","Wlyt_ID":"Salalah","Gov_ID":"Dhofar Governorate","Road_ID":"104189","Mun_ID":" ","Latitude":17.018821330000002,"Longitude":54.084625989999999,"GlobalID":"{09C2D5E2-4D81-4C39-9610-08C3494201A1}","NEAR_FID":8244,"NEAR_DIST":8.8109111801036253}},{"type":"Feature","id":1856,"geometry":{"type":"Point","coordinates":[189623.17410000041,1883932.4835999999]},"properties":{"OBJECTID":1856,"Asset_ID":"GLY1856","Name":"Gully","District_ID":"Salalah al Jadida","Wlyt_ID":"Salalah","Gov_ID":"Dhofar Governorate","Road_ID":"104260","Mun_ID":" ","Latitude":17.018667170000001,"Longitude":54.084870379999998,"GlobalID":"{18109970-EE3F-45B4-818D-54034FFD9A5E}","NEAR_FID":12778,"NEAR_DIST":6.6698236775155468}},{"type":"Feature","id":1857,"geometry":{"type":"Point","coordinates":[189622.73840000015,1883939.1142999995]},"properties":{"OBJECTID":1857,"Asset_ID":"GLY1857","Name":"Gully","District_ID":"Salalah al Jadida","Wlyt_ID":"Salalah","Gov_ID":"Dhofar Governorate","Road_ID":"104260","Mun_ID":" ","Latitude":17.018726969999999,"Longitude":54.084865360000002,"GlobalID":"{788F8B9E-7E80-4C37-A0DC-15F83E8E9FA1}","NEAR_FID":12778,"NEAR_DIST":0.039270055556733949}},{"type":"Feature","id":1858,"geometry":{"type":"Point","coordinates":[189598.20309999958,1883939.1397999991]},"properties":{"OBJECTID":1858,"Asset_ID":"GLY1858","Name":"Gully","District_ID":"Salalah al Jadida","Wlyt_ID":"Salalah","Gov_ID":"Dhofar Governorate","Road_ID":"104264","Mun_ID":" ","Latitude":17.018723900000001,"Longitude":54.084635140000003,"GlobalID":"{2A25223C-19E4-4D7D-8043-4795503A8B72}","NEAR_FID":5110,"NEAR_DIST":3.1108934877107886}},{"type":"Feature","id":1859,"geometry":{"type":"Point","coordinates":[189617.03440000024,1883908.1023999993]},"properties":{"OBJECTID":1859,"Asset_ID":"GLY1859","Name":"Gully","District_ID":"Salalah al Jadida","Wlyt_ID":"Salalah","Gov_ID":"Dhofar Governorate","Road_ID":"104189","Mun_ID":" ","Latitude":17.018446229999999,"Longitude":54.084816179999997,"GlobalID":"{03070F0F-FCEF-4847-B2C5-A7FB2152609F}","NEAR_FID":5493,"NEAR_DIST":6.5909945820308327}},{"type":"Feature","id":1860,"geometry":{"type":"Point","coordinates":[189601.74309999961,1883907.0102999993]},"properties":{"OBJECTID":1860,"Asset_ID":"GLY1860","Name":"Gully","District_ID":"Salalah al Jadida","Wlyt_ID":"Salalah","Gov_ID":"Dhofar Governorate","Road_ID":"104189","Mun_ID":" ","Latitude":17.018434320000001,"Longitude":54.084672849999997,"GlobalID":"{7DE926A4-7C68-4DD7-A832-48CF0897B1F2}","NEAR_FID":5493,"NEAR_DIST":8.7348067821904252}},{"type":"Feature","id":1861,"geometry":{"type":"Point","coordinates":[189621.49399999995,1883863.1117000002]},"properties":{"OBJECTID":1861,"Asset_ID":"GLY1861","Name":"Gully","District_ID":"Salalah al Jadida","Wlyt_ID":"Salalah","Gov_ID":"Dhofar Governorate","Road_ID":"104189","Mun_ID":" ","Latitude":17.018040670000001,"Longitude":54.084864320000001,"GlobalID":"{E1B1B7FB-1459-4333-BA0D-4499061B32C4}","NEAR_FID":11724,"NEAR_DIST":6.7244861917569843}},{"type":"Feature","id":1862,"geometry":{"type":"Point","coordinates":[189606.47070000041,1883860.8701000009]},"properties":{"OBJECTID":1862,"Asset_ID":"GLY1862","Name":"Gully","District_ID":"Salalah al Jadida","Wlyt_ID":"Salalah","Gov_ID":"Dhofar Governorate","Road_ID":"104189","Mun_ID":" ","Latitude":17.01801841,"Longitude":54.084723660000002,"GlobalID":"{1CA202A9-E358-4227-BA59-AEBCD2AA8B7A}","NEAR_FID":11724,"NEAR_DIST":8.4446362144784732}},{"type":"Feature","id":1863,"geometry":{"type":"Point","coordinates":[189627.0393000003,1883830.2127]},"properties":{"OBJECTID":1863,"Asset_ID":"GLY1863","Name":"Gully","District_ID":"Salalah al Jadida","Wlyt_ID":"Salalah","Gov_ID":"Dhofar Governorate","Road_ID":"104187","Mun_ID":" ","Latitude":17.017744409999999,"Longitude":54.084920949999997,"GlobalID":"{38AFF54E-185D-4AC2-BE9A-7B7BB54000EB}","NEAR_FID":16562,"NEAR_DIST":0.58972839632724872}},{"type":"Feature","id":1864,"geometry":{"type":"Point","coordinates":[189607.55510000046,1883827.5441999994]},"properties":{"OBJECTID":1864,"Asset_ID":"GLY1864","Name":"Gully","District_ID":"Salalah al Jadida","Wlyt_ID":"Salalah","Gov_ID":"Dhofar Governorate","Road_ID":"104187","Mun_ID":" ","Latitude":17.017717699999999,"Longitude":54.0847385,"GlobalID":"{6FCD7557-4FB1-4222-869C-2D220CB67D4B}","NEAR_FID":7119,"NEAR_DIST":0.80402911780564046}},{"type":"Feature","id":1865,"geometry":{"type":"Point","coordinates":[189615.19539999962,1883788.0387999993]},"properties":{"OBJECTID":1865,"Asset_ID":"GLY1865","Name":"Gully","District_ID":"Salalah al Jadida","Wlyt_ID":"Salalah","Gov_ID":"Dhofar Governorate","Road_ID":"104189","Mun_ID":" ","Latitude":17.017362080000002,"Longitude":54.084815710000001,"GlobalID":"{81B82B60-A3C7-4FB4-9FB5-FBA371236D33}","NEAR_FID":4003,"NEAR_DIST":7.9288890292738259}},{"type":"Feature","id":1866,"geometry":{"type":"Point","coordinates":[189641.72240000032,1883801.2941999994]},"properties":{"OBJECTID":1866,"Asset_ID":"GLY1866","Name":"Gully","District_ID":"Salalah al Jadida","Wlyt_ID":"Salalah","Gov_ID":"Dhofar Governorate","Road_ID":"104187","Mun_ID":" ","Latitude":17.017485310000001,"Longitude":54.08506277,"GlobalID":"{35541339-498C-4E87-9F7A-A6ECBB4D4F01}","NEAR_FID":12474,"NEAR_DIST":10.715054932498226}},{"type":"Feature","id":1867,"geometry":{"type":"Point","coordinates":[189635.96700000018,1883799.3125]},"properties":{"OBJECTID":1867,"Asset_ID":"GLY1867","Name":"Gully","District_ID":"Salalah al Jadida","Wlyt_ID":"Salalah","Gov_ID":"Dhofar Governorate","Road_ID":"104187","Mun_ID":" ","Latitude":17.017466649999999,"Longitude":54.085009040000003,"GlobalID":"{E87382D3-36CD-41B4-A9B3-2989D0D7FA9E}","NEAR_FID":12474,"NEAR_DIST":12.014668084569012}},{"type":"Feature","id":1868,"geometry":{"type":"Point","coordinates":[189632.48500000034,1883821.7646999992]},"properties":{"OBJECTID":1868,"Asset_ID":"GLY1868","Name":"Gully","District_ID":"Salalah al Jadida","Wlyt_ID":"Salalah","Gov_ID":"Dhofar Governorate","Road_ID":"104187","Mun_ID":" ","Latitude":17.017668870000001,"Longitude":54.084973230000003,"GlobalID":"{8EE2CE6C-1679-4AFA-875F-5D336D91B5A5}","NEAR_FID":16562,"NEAR_DIST":2.4287887041436331}},{"type":"Feature","id":1869,"geometry":{"type":"Point","coordinates":[189638.69979999959,1883820.8146000002]},"properties":{"OBJECTID":1869,"Asset_ID":"GLY1869","Name":"Gully","District_ID":"Salalah al Jadida","Wlyt_ID":"Salalah","Gov_ID":"Dhofar Governorate","Road_ID":"104187","Mun_ID":" ","Latitude":17.01766113,"Longitude":54.08503168,"GlobalID":"{702E1141-AB04-428B-97CF-C43F624AAB4B}","NEAR_FID":16562,"NEAR_DIST":1.6968242477381847}},{"type":"Feature","id":1870,"geometry":{"type":"Point","coordinates":[189621.62600000016,1883747.8671000004]},"properties":{"OBJECTID":1870,"Asset_ID":"GLY1870","Name":"Gully","District_ID":"Salalah al Jadida","Wlyt_ID":"Salalah","Gov_ID":"Dhofar Governorate","Road_ID":"104189","Mun_ID":" ","Latitude":17.017000280000001,"Longitude":54.084881670000001,"GlobalID":"{13593BAB-0300-499C-BAB8-C8F16EEBD28F}","NEAR_FID":12568,"NEAR_DIST":0.44436213981229039}},{"type":"Feature","id":1871,"geometry":{"type":"Point","coordinates":[189627.96210000012,1883710.8049999997]},"properties":{"OBJECTID":1871,"Asset_ID":"GLY1871","Name":"Gully","District_ID":"Salalah al Jadida","Wlyt_ID":"Salalah","Gov_ID":"Dhofar Governorate","Road_ID":"104189","Mun_ID":" ","Latitude":17.01666655,"Longitude":54.084946309999999,"GlobalID":"{81F66A8A-D626-41A4-9EA9-246752ADAF63}","NEAR_FID":9981,"NEAR_DIST":8.1368835037441869}},{"type":"Feature","id":1872,"geometry":{"type":"Point","coordinates":[189635.01410000026,1883669.3439000007]},"properties":{"OBJECTID":1872,"Asset_ID":"GLY1872","Name":"Gully","District_ID":"Salalah al Jadida","Wlyt_ID":"Salalah","Gov_ID":"Dhofar Governorate","Road_ID":"104189","Mun_ID":" ","Latitude":17.016293189999999,"Longitude":54.08501828,"GlobalID":"{C7B6321B-11B8-4795-B385-E69F73C87954}","NEAR_FID":9981,"NEAR_DIST":8.6770743655832341}},{"type":"Feature","id":1873,"geometry":{"type":"Point","coordinates":[189641.25380000006,1883632.8332000002]},"properties":{"OBJECTID":1873,"Asset_ID":"GLY1873","Name":"Gully","District_ID":"Salalah al Jadida","Wlyt_ID":"Salalah","Gov_ID":"Dhofar Governorate","Road_ID":"104189","Mun_ID":" ","Latitude":17.01596442,"Longitude":54.085081930000001,"GlobalID":"{88CFC424-180A-4BBB-A4F9-72EA3EA23EFF}","NEAR_FID":9981,"NEAR_DIST":9.0001495178451485}},{"type":"Feature","id":1874,"geometry":{"type":"Point","coordinates":[189649.05190000031,1883590.9130000006]},"properties":{"OBJECTID":1874,"Asset_ID":"GLY1874","Name":"Gully","District_ID":"Salalah al Jadida","Wlyt_ID":"Salalah","Gov_ID":"Dhofar Governorate","Road_ID":"104189","Mun_ID":" ","Latitude":17.015587029999999,"Longitude":54.085160960000003,"GlobalID":"{1802CA2F-E7DA-46C7-B667-082EF61DCE92}","NEAR_FID":9981,"NEAR_DIST":8.6747134390029537}},{"type":"Feature","id":1875,"geometry":{"type":"Point","coordinates":[189656.16760000028,1883552.3151999991]},"properties":{"OBJECTID":1875,"Asset_ID":"GLY1875","Name":"Gully","District_ID":"Salalah al Jadida","Wlyt_ID":"Salalah","Gov_ID":"Dhofar Governorate","Road_ID":"104421","Mun_ID":" ","Latitude":17.015239529999999,"Longitude":54.085233129999999,"GlobalID":"{6EC4387A-C9F4-41B7-AC27-AD6CAEFC4571}","NEAR_FID":4790,"NEAR_DIST":0.85753513234714607}},{"type":"Feature","id":1876,"geometry":{"type":"Point","coordinates":[189653.04760000017,1883516.9042000007]},"properties":{"OBJECTID":1876,"Asset_ID":"GLY1876","Name":"Gully","District_ID":"Salalah al Jadida","Wlyt_ID":"Salalah","Gov_ID":"Dhofar Governorate","Road_ID":"104217","Mun_ID":" ","Latitude":17.014919429999999,"Longitude":54.085208799999997,"GlobalID":"{25828945-A34A-4911-BF20-612FD2101BF6}","NEAR_FID":7616,"NEAR_DIST":0.41480685098165315}},{"type":"Feature","id":1877,"geometry":{"type":"Point","coordinates":[189654.0745000001,1883509.8061999995]},"properties":{"OBJECTID":1877,"Asset_ID":"GLY1877","Name":"Gully","District_ID":"Salalah al Jadida","Wlyt_ID":"Salalah","Gov_ID":"Dhofar Governorate","Road_ID":"104217","Mun_ID":" ","Latitude":17.014855489999999,"Longitude":54.085219430000002,"GlobalID":"{9A507598-0A71-4519-B577-AED49D7A3400}","NEAR_FID":7616,"NEAR_DIST":6.7439694404819415}},{"type":"Feature","id":1878,"geometry":{"type":"Point","coordinates":[189679.79779999983,1883505.9644000009]},"properties":{"OBJECTID":1878,"Asset_ID":"GLY1878","Name":"Gully","District_ID":"Salalah al Jadida","Wlyt_ID":"Salalah","Gov_ID":"Dhofar Governorate","Road_ID":"104189","Mun_ID":" ","Latitude":17.014824269999998,"Longitude":54.085461330000001,"GlobalID":"{69F9417B-1676-400E-851B-106C7AC5D4E7}","NEAR_FID":12858,"NEAR_DIST":6.7664743871061352}},{"type":"Feature","id":1879,"geometry":{"type":"Point","coordinates":[189665.49509999994,1883502.7464000005]},"properties":{"OBJECTID":1879,"Asset_ID":"GLY1879","Name":"Gully","District_ID":"Salalah al Jadida","Wlyt_ID":"Salalah","Gov_ID":"Dhofar Governorate","Road_ID":"104189","Mun_ID":" ","Latitude":17.01479329,"Longitude":54.085327579999998,"GlobalID":"{F7ED92F1-1EFD-408B-B9D9-08D8B5D86C6C}","NEAR_FID":12858,"NEAR_DIST":7.8789657644489859}},{"type":"Feature","id":1880,"geometry":{"type":"Point","coordinates":[189694.21800000034,1883467.0375999995]},"properties":{"OBJECTID":1880,"Asset_ID":"GLY1880","Name":"Gully","District_ID":"Salalah al Jadida","Wlyt_ID":"Salalah","Gov_ID":"Dhofar Governorate","Road_ID":"104190","Mun_ID":" ","Latitude":17.01447478,"Longitude":54.085602080000001,"GlobalID":"{1AE842A9-F655-4D36-B441-42AC0345227D}","NEAR_FID":13551,"NEAR_DIST":7.6088991646937858}},{"type":"Feature","id":1881,"geometry":{"type":"Point","coordinates":[189670.2237999998,1883475.5259000007]},"properties":{"OBJECTID":1881,"Asset_ID":"GLY1881","Name":"Gully","District_ID":"Salalah al Jadida","Wlyt_ID":"Salalah","Gov_ID":"Dhofar Governorate","Road_ID":"104189","Mun_ID":" ","Latitude":17.014548189999999,"Longitude":54.085375749999997,"GlobalID":"{67642F02-7F06-4BC7-8B0E-8EA82E26F445}","NEAR_FID":6541,"NEAR_DIST":8.1052357893842508}},{"type":"Feature","id":1882,"geometry":{"type":"Point","coordinates":[189685.9813000001,1883478.3885999992]},"properties":{"OBJECTID":1882,"Asset_ID":"GLY1882","Name":"Gully","District_ID":"Salalah al Jadida","Wlyt_ID":"Salalah","Gov_ID":"Dhofar Governorate","Road_ID":"104190","Mun_ID":" ","Latitude":17.01457615,"Longitude":54.085523209999998,"GlobalID":"{D690D153-79F5-4264-AAD7-EE32BD54D499}","NEAR_FID":13551,"NEAR_DIST":5.2523924510764255}},{"type":"Feature","id":1883,"geometry":{"type":"Point","coordinates":[189676.64300000016,1883437.2031999994]},"properties":{"OBJECTID":1883,"Asset_ID":"GLY1883","Name":"Gully","District_ID":"Salalah al Jadida","Wlyt_ID":"Salalah","Gov_ID":"Dhofar Governorate","Road_ID":"104414","Mun_ID":" ","Latitude":17.014203080000001,"Longitude":54.085441340000003,"GlobalID":"{6970C847-C445-474B-A214-54B7DAB37744}","NEAR_FID":17408,"NEAR_DIST":1.0649011739849521}},{"type":"Feature","id":1884,"geometry":{"type":"Point","coordinates":[189691.62289999984,1883439.5390000008]},"properties":{"OBJECTID":1884,"Asset_ID":"GLY1884","Name":"Gully","District_ID":"Salalah al Jadida","Wlyt_ID":"Salalah","Gov_ID":"Dhofar Governorate","Road_ID":"104204","Mun_ID":" ","Latitude":17.014226180000001,"Longitude":54.085581580000003,"GlobalID":"{C72E20BC-37AE-4E5C-AF0E-B104775841CA}","NEAR_FID":5845,"NEAR_DIST":0.33283159509289456}},{"type":"Feature","id":1885,"geometry":{"type":"Point","coordinates":[189685.29800000042,1883388.7125000004]},"properties":{"OBJECTID":1885,"Asset_ID":"GLY1885","Name":"Gully","District_ID":"Salalah al Jadida","Wlyt_ID":"Salalah","Gov_ID":"Dhofar Governorate","Road_ID":"104189","Mun_ID":" ","Latitude":17.013766480000001,"Longitude":54.08552933,"GlobalID":"{257A5687-24E9-44DA-8434-37011519B7CE}","NEAR_FID":6621,"NEAR_DIST":9.1575165107670635}},{"type":"Feature","id":1886,"geometry":{"type":"Point","coordinates":[189700.2675999999,1883391.2189000007]},"properties":{"OBJECTID":1886,"Asset_ID":"GLY1886","Name":"Gully","District_ID":"Salalah al Jadida","Wlyt_ID":"Salalah","Gov_ID":"Dhofar Governorate","Road_ID":"104202","Mun_ID":" ","Latitude":17.01379112,"Longitude":54.085669449999997,"GlobalID":"{57566EF7-ABB7-4519-BA6D-EC5F3D98A454}","NEAR_FID":7172,"NEAR_DIST":3.7407269871483662}},{"type":"Feature","id":1887,"geometry":{"type":"Point","coordinates":[189692.82239999995,1883345.8701000009]},"properties":{"OBJECTID":1887,"Asset_ID":"GLY1887","Name":"Gully","District_ID":"Salalah al Jadida","Wlyt_ID":"Salalah","Gov_ID":"Dhofar Governorate","Road_ID":"104216","Mun_ID":" ","Latitude":17.013380720000001,"Longitude":54.085605919999999,"GlobalID":"{D0A8C8FE-7868-4D0D-894E-927689EC60DD}","NEAR_FID":18835,"NEAR_DIST":6.399227828510889}},{"type":"Feature","id":1888,"geometry":{"type":"Point","coordinates":[189595.00609999988,1884203.1843999997]},"properties":{"OBJECTID":1888,"Asset_ID":"GLY1888","Name":"Gully","District_ID":"Salalah al Jadida","Wlyt_ID":"Salalah","Gov_ID":"Dhofar Governorate","Road_ID":"104251","Mun_ID":" ","Latitude":17.021107199999999,"Longitude":54.0845682,"GlobalID":"{EDA0483B-8147-49C2-A5D0-447594C63E65}","NEAR_FID":16241,"NEAR_DIST":7.2006429616250145}},{"type":"Feature","id":1889,"geometry":{"type":"Point","coordinates":[189600.18790000025,1884151.3433999997]},"properties":{"OBJECTID":1889,"Asset_ID":"GLY1889","Name":"Gully","District_ID":"Salalah al Jadida","Wlyt_ID":"Salalah","Gov_ID":"Dhofar Governorate","Road_ID":"104252","Mun_ID":" ","Latitude":17.020639890000002,"Longitude":54.084624079999998,"GlobalID":"{F75C0B44-039D-47BA-9573-5E0F0A70BFAD}","NEAR_FID":14756,"NEAR_DIST":0.52933179918632278}},{"type":"Feature","id":1890,"geometry":{"type":"Point","coordinates":[189600.48599999957,1884144.6325000003]},"properties":{"OBJECTID":1890,"Asset_ID":"GLY1890","Name":"Gully","District_ID":"Salalah al Jadida","Wlyt_ID":"Salalah","Gov_ID":"Dhofar Governorate","Road_ID":"104252","Mun_ID":" ","Latitude":17.020579340000001,"Longitude":54.084627820000001,"GlobalID":"{F9FB86A8-DAD7-4757-9386-A7390B50B0DB}","NEAR_FID":14756,"NEAR_DIST":6.1691451950495342}},{"type":"Feature","id":1891,"geometry":{"type":"Point","coordinates":[189570.13910000026,1884105.2019999996]},"properties":{"OBJECTID":1891,"Asset_ID":"GLY1891","Name":"Gully","District_ID":"Salalah al Jadida","Wlyt_ID":"Salalah","Gov_ID":"Dhofar Governorate","Road_ID":"104267","Mun_ID":" ","Latitude":17.02021929,"Longitude":54.084348570000003,"GlobalID":"{C418C31C-8594-4436-8A84-B05F6F46A6AD}","NEAR_FID":10511,"NEAR_DIST":0.98886769987365386}},{"type":"Feature","id":1892,"geometry":{"type":"Point","coordinates":[189571.06049999967,1884097.3838999998]},"properties":{"OBJECTID":1892,"Asset_ID":"GLY1892","Name":"Gully","District_ID":"Salalah al Jadida","Wlyt_ID":"Salalah","Gov_ID":"Dhofar Governorate","Road_ID":"104267","Mun_ID":" ","Latitude":17.02014883,"Longitude":54.084358309999999,"GlobalID":"{37CC3243-CE4E-454C-A46B-9C584943758E}","NEAR_FID":10511,"NEAR_DIST":6.8822992268708783}},{"type":"Feature","id":1893,"geometry":{"type":"Point","coordinates":[189606.52960000001,1884088.8903000001]},"properties":{"OBJECTID":1893,"Asset_ID":"GLY1893","Name":"Gully","District_ID":"Salalah al Jadida","Wlyt_ID":"Salalah","Gov_ID":"Dhofar Governorate","Road_ID":"104254","Mun_ID":" ","Latitude":17.020076929999998,"Longitude":54.084692320000002,"GlobalID":"{78208685-297B-4461-925F-2F2D4883AD21}","NEAR_FID":12629,"NEAR_DIST":7.1850340168885536}},{"type":"Feature","id":1894,"geometry":{"type":"Point","coordinates":[189599.96899999958,1884079.5968999993]},"properties":{"OBJECTID":1894,"Asset_ID":"GLY1894","Name":"Gully","District_ID":"Salalah al Jadida","Wlyt_ID":"Salalah","Gov_ID":"Dhofar Governorate","Road_ID":"104189","Mun_ID":" ","Latitude":17.01999215,"Longitude":54.084632059999997,"GlobalID":"{598FDE20-65CB-4B23-8439-7DDCB8A3D133}","NEAR_FID":18194,"NEAR_DIST":6.5172984524684638}},{"type":"Feature","id":1895,"geometry":{"type":"Point","coordinates":[189616.67850000039,1883963.1662000008]},"properties":{"OBJECTID":1895,"Asset_ID":"GLY1895","Name":"Gully","District_ID":"Salalah al Jadida","Wlyt_ID":"Salalah","Gov_ID":"Dhofar Governorate","Road_ID":"104258","Mun_ID":" ","Latitude":17.018943289999999,"Longitude":54.08480514,"GlobalID":"{E65F166A-B5B0-42C2-B414-B1EDC4C80A1B}","NEAR_FID":18093,"NEAR_DIST":7.0817039159337352}},{"type":"Feature","id":1896,"geometry":{"type":"Point","coordinates":[189566.51580000017,1884251.6425000001]},"properties":{"OBJECTID":1896,"Asset_ID":"GLY1896","Name":"Gully","District_ID":"Salalah al Jadida","Wlyt_ID":"Salalah","Gov_ID":"Dhofar Governorate","Road_ID":"104189","Mun_ID":" ","Latitude":17.021540829999999,"Longitude":54.08429409,"GlobalID":"{956964BB-B4BB-42A7-9E76-DB0C6454D59F}","NEAR_FID":9622,"NEAR_DIST":9.1314356093187197}},{"type":"Feature","id":1897,"geometry":{"type":"Point","coordinates":[189602.32930000033,1883880.0201999992]},"properties":{"OBJECTID":1897,"Asset_ID":"GLY1897","Name":"Gully","District_ID":"Salalah al Jadida","Wlyt_ID":"Salalah","Gov_ID":"Dhofar Governorate","Road_ID":"104263","Mun_ID":" ","Latitude":17.018190730000001,"Longitude":54.084682119999997,"GlobalID":"{0DD2BE36-E093-4780-8C7A-8EC89DF7C157}","NEAR_FID":16842,"NEAR_DIST":1.5628939145225129}},{"type":"Feature","id":1898,"geometry":{"type":"Point","coordinates":[189387.01800000016,1883240.6436999999]},"properties":{"OBJECTID":1898,"Asset_ID":"GLY1898","Name":"Gully","District_ID":"Salalah al Jadida","Wlyt_ID":"Salalah","Gov_ID":"Dhofar Governorate","Road_ID":"104213","Mun_ID":" ","Latitude":17.01238962,"Longitude":54.082751250000001,"GlobalID":"{FB04CC3F-7562-4F65-9C04-DE8A94F9BBCB}","NEAR_FID":17729,"NEAR_DIST":4.3604546963308364}},{"type":"Feature","id":1899,"geometry":{"type":"Point","coordinates":[189396.82019999996,1883245.0818000007]},"properties":{"OBJECTID":1899,"Asset_ID":"GLY1899","Name":"Gully","District_ID":"Salalah al Jadida","Wlyt_ID":"Salalah","Gov_ID":"Dhofar Governorate","Road_ID":"104213","Mun_ID":" ","Latitude":17.012430999999999,"Longitude":54.082842599999999,"GlobalID":"{BC7B6B1B-D940-4CCE-9552-2C794A96893C}","NEAR_FID":17729,"NEAR_DIST":2.9210056248941156}},{"type":"Feature","id":1900,"geometry":{"type":"Point","coordinates":[189365.39279999956,1883191.4535000008]},"properties":{"OBJECTID":1900,"Asset_ID":"GLY1900","Name":"Gully","District_ID":"Salalah al Gharbiyya","Wlyt_ID":"Salalah","Gov_ID":"Dhofar Governorate","Road_ID":"103812","Mun_ID":" ","Latitude":17.01194263,"Longitude":54.082555220000003,"GlobalID":"{3EC13BF2-2E9C-4FE4-AF20-C0B714BE95AC}","NEAR_FID":13285,"NEAR_DIST":15.231262688899927}},{"type":"Feature","id":1901,"geometry":{"type":"Point","coordinates":[189363.58459999971,1883196.5395999998]},"properties":{"OBJECTID":1901,"Asset_ID":"GLY1901","Name":"Gully","District_ID":"Salalah al Gharbiyya","Wlyt_ID":"Salalah","Gov_ID":"Dhofar Governorate","Road_ID":"103812","Mun_ID":" ","Latitude":17.011988299999999,"Longitude":54.082537539999997,"GlobalID":"{1DB8BE77-D028-459C-B744-C7876FAC7604}","NEAR_FID":13285,"NEAR_DIST":9.8333663651190317}},{"type":"Feature","id":1902,"geometry":{"type":"Point","coordinates":[189328.6875,1883220.8137999997]},"properties":{"OBJECTID":1902,"Asset_ID":"GLY1902","Name":"Gully","District_ID":"Salalah al Jadida","Wlyt_ID":"Salalah","Gov_ID":"Dhofar Governorate","Road_ID":"103812","Mun_ID":" ","Latitude":17.01220275,"Longitude":54.082206710000001,"GlobalID":"{318608DD-9BB7-4A9F-BD78-3FA5085D8272}","NEAR_FID":17134,"NEAR_DIST":12.643552189647629}},{"type":"Feature","id":1903,"geometry":{"type":"Point","coordinates":[189304.62320000026,1883215.0554000009]},"properties":{"OBJECTID":1903,"Asset_ID":"GLY1903","Name":"Gully","District_ID":"Salalah al Jadida","Wlyt_ID":"Salalah","Gov_ID":"Dhofar Governorate","Road_ID":"103812","Mun_ID":" ","Latitude":17.012147519999999,"Longitude":54.081981720000002,"GlobalID":"{F4C4A3AD-EDFD-4D23-AB5B-B18762F9BFC6}","NEAR_FID":17134,"NEAR_DIST":14.576604571655805}},{"type":"Feature","id":1904,"geometry":{"type":"Point","coordinates":[189273.67050000001,1883221.9996000007]},"properties":{"OBJECTID":1904,"Asset_ID":"GLY1904","Name":"Gully","District_ID":"Salalah al Jadida","Wlyt_ID":"Salalah","Gov_ID":"Dhofar Governorate","Road_ID":"104210","Mun_ID":" ","Latitude":17.012206039999999,"Longitude":54.081690309999999,"GlobalID":"{FCDFD058-1B24-42C6-9202-91DAE04BEF75}","NEAR_FID":16438,"NEAR_DIST":2.599722546265598}},{"type":"Feature","id":1905,"geometry":{"type":"Point","coordinates":[189263.05370000005,1883223.4813999999]},"properties":{"OBJECTID":1905,"Asset_ID":"GLY1905","Name":"Gully","District_ID":"Salalah al Jadida","Wlyt_ID":"Salalah","Gov_ID":"Dhofar Governorate","Road_ID":"104210","Mun_ID":" ","Latitude":17.01221799,"Longitude":54.081590490000004,"GlobalID":"{3BCC70F0-7A81-4A58-9F23-984081632DA1}","NEAR_FID":15199,"NEAR_DIST":3.0638092205104952}},{"type":"Feature","id":1906,"geometry":{"type":"Point","coordinates":[189286.69909999985,1883158.7905000001]},"properties":{"OBJECTID":1906,"Asset_ID":"GLY1906","Name":"Gully","District_ID":"Salalah al Gharbiyya","Wlyt_ID":"Salalah","Gov_ID":"Dhofar Governorate","Road_ID":"104465","Mun_ID":" ","Latitude":17.011637159999999,"Longitude":54.081821410000003,"GlobalID":"{582381E6-43C0-4902-97E3-ECC588B1601F}","NEAR_FID":8948,"NEAR_DIST":1.3081059912803796}},{"type":"Feature","id":1907,"geometry":{"type":"Point","coordinates":[189275.30439999979,1883154.8465999998]},"properties":{"OBJECTID":1907,"Asset_ID":"GLY1907","Name":"Gully","District_ID":"Salalah al Gharbiyya","Wlyt_ID":"Salalah","Gov_ID":"Dhofar Governorate","Road_ID":"104465","Mun_ID":" ","Latitude":17.011600019999999,"Longitude":54.081715039999999,"GlobalID":"{DED7EB2A-D16B-43EC-9D2E-3868590E3FA7}","NEAR_FID":11748,"NEAR_DIST":3.5861095706106938}},{"type":"Feature","id":1908,"geometry":{"type":"Point","coordinates":[189256.48849999998,1883162.8443]},"properties":{"OBJECTID":1908,"Asset_ID":"GLY1908","Name":"Gully","District_ID":"Salalah al Gharbiyya","Wlyt_ID":"Salalah","Gov_ID":"Dhofar Governorate","Road_ID":"104465","Mun_ID":" ","Latitude":17.011669690000002,"Longitude":54.081537369999999,"GlobalID":"{49D8C6C1-70D1-40F3-8A61-5121794E0E3B}","NEAR_FID":11748,"NEAR_DIST":5.8721397608689552}},{"type":"Feature","id":1909,"geometry":{"type":"Point","coordinates":[189141.29339999985,1883161.4575999994]},"properties":{"OBJECTID":1909,"Asset_ID":"GLY1909","Name":"Gully","District_ID":"Salalah al Jadida","Wlyt_ID":"Salalah","Gov_ID":"Dhofar Governorate","Road_ID":"103812","Mun_ID":" ","Latitude":17.011641659999999,"Longitude":54.080456689999998,"GlobalID":"{26A9CF53-05C1-4008-A7B1-88D969DC9AF0}","NEAR_FID":5293,"NEAR_DIST":11.462225211628397}},{"type":"Feature","id":1910,"geometry":{"type":"Point","coordinates":[189164.30520000029,1883136.2050999999]},"properties":{"OBJECTID":1910,"Asset_ID":"GLY1910","Name":"Gully","District_ID":"Salalah al Gharbiyya","Wlyt_ID":"Salalah","Gov_ID":"Dhofar Governorate","Road_ID":"103812","Mun_ID":" ","Latitude":17.011416789999998,"Longitude":54.080676150000002,"GlobalID":"{4FF895A8-1617-41E4-9404-2E6CFC77E9C3}","NEAR_FID":11069,"NEAR_DIST":8.7903984504601471}},{"type":"Feature","id":1911,"geometry":{"type":"Point","coordinates":[189119.65180000011,1883122.2525999993]},"properties":{"OBJECTID":1911,"Asset_ID":"GLY1911","Name":"Gully","District_ID":"Salalah al Gharbiyya","Wlyt_ID":"Salalah","Gov_ID":"Dhofar Governorate","Road_ID":"103812","Mun_ID":" ","Latitude":17.011284809999999,"Longitude":54.080259120000001,"GlobalID":"{90777D31-18DA-4C60-98CF-C5368EB64D15}","NEAR_FID":11069,"NEAR_DIST":8.1197399402171726}},{"type":"Feature","id":1912,"geometry":{"type":"Point","coordinates":[189109.94290000014,1883153.2408000007]},"properties":{"OBJECTID":1912,"Asset_ID":"GLY1912","Name":"Gully","District_ID":"Salalah al Jadida","Wlyt_ID":"Salalah","Gov_ID":"Dhofar Governorate","Road_ID":"104240","Mun_ID":" ","Latitude":17.011563259999999,"Longitude":54.080163679999998,"GlobalID":"{D22C9ACF-1E96-4F96-9331-0D051FD92D7D}","NEAR_FID":18651,"NEAR_DIST":4.0541425796165793}},{"type":"Feature","id":1913,"geometry":{"type":"Point","coordinates":[189084.22520000022,1883133.7590999994]},"properties":{"OBJECTID":1913,"Asset_ID":"GLY1913","Name":"Gully","District_ID":"Salalah al Jadida","Wlyt_ID":"Salalah","Gov_ID":"Dhofar Governorate","Road_ID":"103812","Mun_ID":" ","Latitude":17.01138392,"Longitude":54.079925099999997,"GlobalID":"{B8A402DC-EE28-44A8-AD6E-451392495748}","NEAR_FID":14226,"NEAR_DIST":2.3279018416851009}},{"type":"Feature","id":1914,"geometry":{"type":"Point","coordinates":[189049.88659999985,1883157.9483000003]},"properties":{"OBJECTID":1914,"Asset_ID":"GLY1914","Name":"Gully","District_ID":"Salalah al Jadida","Wlyt_ID":"Salalah","Gov_ID":"Dhofar Governorate","Road_ID":"104246","Mun_ID":" ","Latitude":17.01159766,"Longitude":54.079599510000001,"GlobalID":"{99437B13-0EB2-4ABE-91AD-1E2BDEC5534A}","NEAR_FID":4289,"NEAR_DIST":5.4190048495825582}},{"type":"Feature","id":1915,"geometry":{"type":"Point","coordinates":[189040.39659999963,1883199.2067000009]},"properties":{"OBJECTID":1915,"Asset_ID":"GLY1915","Name":"Gully","District_ID":"Salalah al Jadida","Wlyt_ID":"Salalah","Gov_ID":"Dhofar Governorate","Road_ID":"104246","Mun_ID":" ","Latitude":17.011968849999999,"Longitude":54.07950469,"GlobalID":"{15CB28E2-98CD-4B6E-97A2-0B618976D74C}","NEAR_FID":14212,"NEAR_DIST":4.3572353218881181}},{"type":"Feature","id":1916,"geometry":{"type":"Point","coordinates":[189028.1604000004,1883261.8446999993]},"properties":{"OBJECTID":1916,"Asset_ID":"GLY1916","Name":"Gully","District_ID":"Salalah al Jadida","Wlyt_ID":"Salalah","Gov_ID":"Dhofar Governorate","Road_ID":"104246","Mun_ID":" ","Latitude":17.01253268,"Longitude":54.07938111,"GlobalID":"{0C63C823-71BB-4D32-8911-7BF3D2B0D5BB}","NEAR_FID":13482,"NEAR_DIST":4.7599874837575324}},{"type":"Feature","id":1917,"geometry":{"type":"Point","coordinates":[189024.76250000019,1883277.8388999999]},"properties":{"OBJECTID":1917,"Asset_ID":"GLY1917","Name":"Gully","District_ID":"Salalah al Jadida","Wlyt_ID":"Salalah","Gov_ID":"Dhofar Governorate","Road_ID":"104240","Mun_ID":" ","Latitude":17.012676620000001,"Longitude":54.079346979999997,"GlobalID":"{501D504F-C31C-4F53-B347-9200E7FE45DC}","NEAR_FID":14102,"NEAR_DIST":2.1228648199166016}},{"type":"Feature","id":1918,"geometry":{"type":"Point","coordinates":[189021.64130000025,1883299.3988000005]},"properties":{"OBJECTID":1918,"Asset_ID":"GLY1918","Name":"Gully","District_ID":"Salalah al Jadida","Wlyt_ID":"Salalah","Gov_ID":"Dhofar Governorate","Road_ID":"104246","Mun_ID":" ","Latitude":17.012870830000001,"Longitude":54.079314680000003,"GlobalID":"{4F761E08-E1A3-44C8-98EE-975618BD4540}","NEAR_FID":16068,"NEAR_DIST":5.9633556648541726}},{"type":"Feature","id":1919,"geometry":{"type":"Point","coordinates":[188659.5915000001,1882984.0017000008]},"properties":{"OBJECTID":1919,"Asset_ID":"GLY1919","Name":"Gully","District_ID":"Salalah al Gharbiyya","Wlyt_ID":"Salalah","Gov_ID":"Dhofar Governorate","Road_ID":"103812","Mun_ID":" ","Latitude":17.009974700000001,"Longitude":54.07596178,"GlobalID":"{22D1A81B-2999-463F-8848-923583BB5231}","NEAR_FID":18280,"NEAR_DIST":7.7353032238002939}},{"type":"Feature","id":1920,"geometry":{"type":"Point","coordinates":[188608.28139999975,1882968.0877]},"properties":{"OBJECTID":1920,"Asset_ID":"GLY1920","Name":"Gully","District_ID":"Salalah al Gharbiyya","Wlyt_ID":"Salalah","Gov_ID":"Dhofar Governorate","Road_ID":"103812","Mun_ID":" ","Latitude":17.00982411,"Longitude":54.075482569999998,"GlobalID":"{7B3A0573-182A-456F-ACBD-0D4B9A7FA42E}","NEAR_FID":18280,"NEAR_DIST":6.7728875602753913}},{"type":"Feature","id":1921,"geometry":{"type":"Point","coordinates":[188513.12270000018,1882928.8063999992]},"properties":{"OBJECTID":1921,"Asset_ID":"GLY1921","Name":"Gully","District_ID":"Salalah al Gharbiyya","Wlyt_ID":"Salalah","Gov_ID":"Dhofar Governorate","Road_ID":"104479","Mun_ID":" ","Latitude":17.009456650000001,"Longitude":54.074595219999999,"GlobalID":"{46DB7FFC-5546-4994-9B85-042CD97F7AFB}","NEAR_FID":16567,"NEAR_DIST":5.2588184181530178}},{"type":"Feature","id":1922,"geometry":{"type":"Point","coordinates":[188508.81659999955,1882940.3023000006]},"properties":{"OBJECTID":1922,"Asset_ID":"GLY1922","Name":"Gully","District_ID":null,"Wlyt_ID":"Salalah","Gov_ID":"Dhofar Governorate","Road_ID":"103812","Mun_ID":" ","Latitude":17.009559849999999,"Longitude":54.074553199999997,"GlobalID":"{D38C208C-E5C6-4CB7-8086-00B6B3EFC621}","NEAR_FID":10301,"NEAR_DIST":3.1772891970996189}},{"type":"Feature","id":1923,"geometry":{"type":"Point","coordinates":[188377.97439999972,1882882.3443999998]},"properties":{"OBJECTID":1923,"Asset_ID":"GLY1923","Name":"Gully","District_ID":"Salalah al Gharbiyya","Wlyt_ID":"Salalah","Gov_ID":"Dhofar Governorate","Road_ID":"103812","Mun_ID":" ","Latitude":17.00901897,"Longitude":54.073333669999997,"GlobalID":"{F7EF9CD4-A6D8-427B-8ADA-0F1A11A95187}","NEAR_FID":14263,"NEAR_DIST":0.14660031758581477}},{"type":"Feature","id":1924,"geometry":{"type":"Point","coordinates":[188182.74100000039,1882831.0614]},"properties":{"OBJECTID":1924,"Asset_ID":"GLY1924","Name":"Gully","District_ID":"Salalah al Gharbiyya","Wlyt_ID":"Salalah","Gov_ID":"Dhofar Governorate","Road_ID":"103812","Mun_ID":" ","Latitude":17.008529630000002,"Longitude":54.071509030000001,"GlobalID":"{B5FF907E-58BB-4934-9177-EAC6815F9E01}","NEAR_FID":4910,"NEAR_DIST":0.038465241156008648}},{"type":"Feature","id":1925,"geometry":{"type":"Point","coordinates":[187932.15979999956,1882721.0146999992]},"properties":{"OBJECTID":1925,"Asset_ID":"GLY1925","Name":"Gully","District_ID":"Salalah al Gharbiyya","Wlyt_ID":"Salalah","Gov_ID":"Dhofar Governorate","Road_ID":"103824","Mun_ID":" ","Latitude":17.007502299999999,"Longitude":54.06917335,"GlobalID":"{1C6434A0-1FF0-4B89-AF76-D29493F99F53}","NEAR_FID":4903,"NEAR_DIST":1.7442207224657094}},{"type":"Feature","id":1927,"geometry":{"type":"Point","coordinates":[187899.24610000011,1882677.5686000008]},"properties":{"OBJECTID":1927,"Asset_ID":"GLY1927","Name":"Gully","District_ID":"Salalah al Gharbiyya","Wlyt_ID":"Salalah","Gov_ID":"Dhofar Governorate","Road_ID":"103824","Mun_ID":" ","Latitude":17.007105639999999,"Longitude":54.06887064,"GlobalID":"{4F494647-5D98-4B7B-802F-1CE2312D10D1}","NEAR_FID":13658,"NEAR_DIST":2.2578951338673945}},{"type":"Feature","id":1928,"geometry":{"type":"Point","coordinates":[187970.82490000036,1882732.3835000005]},"properties":{"OBJECTID":1928,"Asset_ID":"GLY1928","Name":"Gully","District_ID":"Salalah al Gharbiyya","Wlyt_ID":"Salalah","Gov_ID":"Dhofar Governorate","Road_ID":"103824","Mun_ID":" ","Latitude":17.00761017,"Longitude":54.069534539999999,"GlobalID":"{39A147EA-0182-465E-9B8D-CF9247706E5E}","NEAR_FID":4903,"NEAR_DIST":2.9406309711465504}},{"type":"Feature","id":1929,"geometry":{"type":"Point","coordinates":[188535.45529999956,1882857.5789000001]},"properties":{"OBJECTID":1929,"Asset_ID":"GLY1929","Name":"Gully","District_ID":"Salalah al Gharbiyya","Wlyt_ID":"Salalah","Gov_ID":"Dhofar Governorate","Road_ID":"104479","Mun_ID":" ","Latitude":17.00881665,"Longitude":54.074814750000002,"GlobalID":"{B5B041A2-A22A-49B2-A488-748E8D060D04}","NEAR_FID":7435,"NEAR_DIST":9.8138796792219729}},{"type":"Feature","id":1930,"geometry":{"type":"Point","coordinates":[188539.20419999957,1882836.7537999991]},"properties":{"OBJECTID":1930,"Asset_ID":"GLY1930","Name":"Gully","District_ID":"Salalah al Gharbiyya","Wlyt_ID":"Salalah","Gov_ID":"Dhofar Governorate","Road_ID":"104479","Mun_ID":" ","Latitude":17.008629150000001,"Longitude":54.074852849999999,"GlobalID":"{B842E6CC-C640-44E9-B430-B323879A8EE8}","NEAR_FID":10367,"NEAR_DIST":0.9535303026692411}},{"type":"Feature","id":1931,"geometry":{"type":"Point","coordinates":[188509.8638000004,1882831.3473000005]},"properties":{"OBJECTID":1931,"Asset_ID":"GLY1931","Name":"Gully","District_ID":"Salalah al Gharbiyya","Wlyt_ID":"Salalah","Gov_ID":"Dhofar Governorate","Road_ID":"103824","Mun_ID":" ","Latitude":17.008576380000001,"Longitude":54.07457831,"GlobalID":"{C3B2AED8-2CDA-41E3-9466-E306FFA62FF4}","NEAR_FID":12908,"NEAR_DIST":1.9680013391827982}},{"type":"Feature","id":1932,"geometry":{"type":"Point","coordinates":[188513.12540000025,1882809.2352000009]},"properties":{"OBJECTID":1932,"Asset_ID":"GLY1932","Name":"Gully","District_ID":"Salalah al Gharbiyya","Wlyt_ID":"Salalah","Gov_ID":"Dhofar Governorate","Road_ID":"104568","Mun_ID":" ","Latitude":17.008377200000002,"Longitude":54.074612019999996,"GlobalID":"{DB9F9BA1-029D-4568-B125-40ED161F91BE}","NEAR_FID":8559,"NEAR_DIST":5.6016657589047281}},{"type":"Feature","id":1933,"geometry":{"type":"Point","coordinates":[188541.39169999957,1882814.6442000009]},"properties":{"OBJECTID":1933,"Asset_ID":"GLY1933","Name":"Gully","District_ID":"Salalah al Gharbiyya","Wlyt_ID":"Salalah","Gov_ID":"Dhofar Governorate","Road_ID":"103824","Mun_ID":" ","Latitude":17.008429849999999,"Longitude":54.07487648,"GlobalID":"{AEE2606B-53AA-4BDF-86F5-118BAFB7308A}","NEAR_FID":10193,"NEAR_DIST":9.9435120139405289}},{"type":"Feature","id":1934,"geometry":{"type":"Point","coordinates":[188477.03100000042,1882826.1608000007]},"properties":{"OBJECTID":1934,"Asset_ID":"GLY1934","Name":"Gully","District_ID":"Salalah al Gharbiyya","Wlyt_ID":"Salalah","Gov_ID":"Dhofar Governorate","Road_ID":"103824","Mun_ID":" ","Latitude":17.008525129999999,"Longitude":54.074270980000001,"GlobalID":"{AA218ACC-0432-47E5-B936-41B361C9243F}","NEAR_FID":15497,"NEAR_DIST":1.1086970880005242}},{"type":"Feature","id":1935,"geometry":{"type":"Point","coordinates":[188442.52249999996,1882821.2774]},"properties":{"OBJECTID":1935,"Asset_ID":"GLY1935","Name":"Gully","District_ID":"Salalah al Gharbiyya","Wlyt_ID":"Salalah","Gov_ID":"Dhofar Governorate","Road_ID":"103824","Mun_ID":" ","Latitude":17.008476389999998,"Longitude":54.073947879999999,"GlobalID":"{679CEAAE-D2CE-4003-B085-F53FDC8D1A31}","NEAR_FID":15497,"NEAR_DIST":1.2387194863665016}},{"type":"Feature","id":1936,"geometry":{"type":"Point","coordinates":[188478.17169999983,1882803.9364]},"properties":{"OBJECTID":1936,"Asset_ID":"GLY1936","Name":"Gully","District_ID":"Salalah al Gharbiyya","Wlyt_ID":"Salalah","Gov_ID":"Dhofar Governorate","Road_ID":"104568","Mun_ID":" ","Latitude":17.008324649999999,"Longitude":54.074284800000001,"GlobalID":"{C6188844-BD9D-4185-B2ED-9EB328B46E6E}","NEAR_FID":9281,"NEAR_DIST":3.8862560885871287}},{"type":"Feature","id":1937,"geometry":{"type":"Point","coordinates":[188481.24830000009,1882803.9317000005]},"properties":{"OBJECTID":1937,"Asset_ID":"GLY1937","Name":"Gully","District_ID":"Salalah al Gharbiyya","Wlyt_ID":"Salalah","Gov_ID":"Dhofar Governorate","Road_ID":"104568","Mun_ID":" ","Latitude":17.008325020000001,"Longitude":54.074313670000002,"GlobalID":"{455864A1-5B1A-4C3D-A7B8-0BD37A7D8EA7}","NEAR_FID":9281,"NEAR_DIST":3.2448026304938495}},{"type":"Feature","id":1938,"geometry":{"type":"Point","coordinates":[188445.86809999961,1882798.5240000002]},"properties":{"OBJECTID":1938,"Asset_ID":"GLY1938","Name":"Gully","District_ID":"Salalah al Gharbiyya","Wlyt_ID":"Salalah","Gov_ID":"Dhofar Governorate","Road_ID":"103824","Mun_ID":" ","Latitude":17.008271430000001,"Longitude":54.073982460000003,"GlobalID":"{49A55757-7B91-4EC5-A680-23BCED0F0075}","NEAR_FID":7590,"NEAR_DIST":10.851809464472055}},{"type":"Feature","id":1939,"geometry":{"type":"Point","coordinates":[188393.11990000028,1882813.8972999994]},"properties":{"OBJECTID":1939,"Asset_ID":"GLY1939","Name":"Gully","District_ID":"Salalah al Gharbiyya","Wlyt_ID":"Salalah","Gov_ID":"Dhofar Governorate","Road_ID":"104567","Mun_ID":" ","Latitude":17.008403090000002,"Longitude":54.073485380000001,"GlobalID":"{8A35249D-E53A-413A-8985-A1CA1FCF3689}","NEAR_FID":13428,"NEAR_DIST":0.26819257287899617}},{"type":"Feature","id":1940,"geometry":{"type":"Point","coordinates":[188394.97510000039,1882801.9291999992]},"properties":{"OBJECTID":1940,"Asset_ID":"GLY1940","Name":"Gully","District_ID":"Salalah al Gharbiyya","Wlyt_ID":"Salalah","Gov_ID":"Dhofar Governorate","Road_ID":"103824","Mun_ID":" ","Latitude":17.0082953,"Longitude":54.073504460000002,"GlobalID":"{0F8B6209-ECBB-4E5C-AC89-CDCED98C5DEA}","NEAR_FID":7590,"NEAR_DIST":0.22850119629709023}},{"type":"Feature","id":1941,"geometry":{"type":"Point","coordinates":[188396.01499999966,1882790.4745000005]},"properties":{"OBJECTID":1941,"Asset_ID":"GLY1941","Name":"Gully","District_ID":"Salalah al Gharbiyya","Wlyt_ID":"Salalah","Gov_ID":"Dhofar Governorate","Road_ID":"103824","Mun_ID":" ","Latitude":17.00819203,"Longitude":54.073515829999998,"GlobalID":"{4E96D342-EAEC-4E6B-B824-6768AF9F31E7}","NEAR_FID":7590,"NEAR_DIST":11.251466324370794}},{"type":"Feature","id":1942,"geometry":{"type":"Point","coordinates":[188372.52570000011,1882800.2070000004]},"properties":{"OBJECTID":1942,"Asset_ID":"GLY1942","Name":"Gully","District_ID":"Salalah al Gharbiyya","Wlyt_ID":"Salalah","Gov_ID":"Dhofar Governorate","Road_ID":"103824","Mun_ID":" ","Latitude":17.008276720000001,"Longitude":54.073294070000003,"GlobalID":"{D35E9719-D26D-4EAA-87AD-E0A4B499A61A}","NEAR_FID":7590,"NEAR_DIST":2.2390063163076817}},{"type":"Feature","id":1943,"geometry":{"type":"Point","coordinates":[188357.14879999962,1882796.5671999995]},"properties":{"OBJECTID":1943,"Asset_ID":"GLY1943","Name":"Gully","District_ID":"Salalah al Gharbiyya","Wlyt_ID":"Salalah","Gov_ID":"Dhofar Governorate","Road_ID":"103824","Mun_ID":" ","Latitude":17.008241779999999,"Longitude":54.073150300000002,"GlobalID":"{0ED15E6F-3630-459B-BD9A-19B0F7F7A4C8}","NEAR_FID":16799,"NEAR_DIST":1.0691663208385187}},{"type":"Feature","id":1944,"geometry":{"type":"Point","coordinates":[188339.0895999996,1882795.2855999991]},"properties":{"OBJECTID":1944,"Asset_ID":"GLY1944","Name":"Gully","District_ID":"Salalah al Gharbiyya","Wlyt_ID":"Salalah","Gov_ID":"Dhofar Governorate","Road_ID":"103824","Mun_ID":" ","Latitude":17.008227779999999,"Longitude":54.072981040000002,"GlobalID":"{AAA510F5-464D-4907-BD40-0E30C615310A}","NEAR_FID":10955,"NEAR_DIST":0.91745276130187869}},{"type":"Feature","id":1945,"geometry":{"type":"Point","coordinates":[188333.17030000035,1882795.3260999992]},"properties":{"OBJECTID":1945,"Asset_ID":"GLY1945","Name":"Gully","District_ID":"Salalah al Gharbiyya","Wlyt_ID":"Salalah","Gov_ID":"Dhofar Governorate","Road_ID":"103824","Mun_ID":" ","Latitude":17.008227340000001,"Longitude":54.072925490000003,"GlobalID":"{BE40245B-0ABA-4F5D-B016-5C872DBA7CE0}","NEAR_FID":10955,"NEAR_DIST":1.4648349238966325}},{"type":"Feature","id":1946,"geometry":{"type":"Point","coordinates":[188346.02759999968,1882802.0789999999]},"properties":{"OBJECTID":1946,"Asset_ID":"GLY1946","Name":"Gully","District_ID":"Salalah al Gharbiyya","Wlyt_ID":"Salalah","Gov_ID":"Dhofar Governorate","Road_ID":"104567","Mun_ID":" ","Latitude":17.008290039999999,"Longitude":54.073045180000001,"GlobalID":"{3C7321D8-58FF-410E-9B3A-6C9722C49246}","NEAR_FID":8047,"NEAR_DIST":0.70201917787680446}},{"type":"Feature","id":1947,"geometry":{"type":"Point","coordinates":[188338.17580000032,1882797.6765000001]},"properties":{"OBJECTID":1947,"Asset_ID":"GLY1947","Name":"Gully","District_ID":"Salalah al Gharbiyya","Wlyt_ID":"Salalah","Gov_ID":"Dhofar Governorate","Road_ID":"103824","Mun_ID":" ","Latitude":17.008249240000001,"Longitude":54.072972129999997,"GlobalID":"{724F520D-6FE2-4EA9-BC53-99D177290B33}","NEAR_FID":10955,"NEAR_DIST":1.6266481634544969}},{"type":"Feature","id":1948,"geometry":{"type":"Point","coordinates":[188002.7703999998,1882741.5803999994]},"properties":{"OBJECTID":1948,"Asset_ID":"GLY1948","Name":"Gully","District_ID":"Salalah al Gharbiyya","Wlyt_ID":"Salalah","Gov_ID":"Dhofar Governorate","Road_ID":"103824","Mun_ID":" ","Latitude":17.00769751,"Longitude":54.069832980000001,"GlobalID":"{8BAFE0A6-A3FD-4FAC-A4AE-A17FFFCF9E59}","NEAR_FID":4903,"NEAR_DIST":5.5741005788238818}},{"type":"Feature","id":1949,"geometry":{"type":"Point","coordinates":[188101.22900000028,1882755.9606999997]},"properties":{"OBJECTID":1949,"Asset_ID":"GLY1949","Name":"Gully","District_ID":"Salalah al Gharbiyya","Wlyt_ID":"Salalah","Gov_ID":"Dhofar Governorate","Road_ID":"103824","Mun_ID":" ","Latitude":17.007840640000001,"Longitude":54.070754770000001,"GlobalID":"{C0F1B965-7452-4373-BACF-78F8678B9488}","NEAR_FID":13127,"NEAR_DIST":1.0847440655932425}},{"type":"Feature","id":1950,"geometry":{"type":"Point","coordinates":[188198.03000000026,1882779.9857000001]},"properties":{"OBJECTID":1950,"Asset_ID":"GLY1950","Name":"Gully","District_ID":"Salalah al Gharbiyya","Wlyt_ID":"Salalah","Gov_ID":"Dhofar Governorate","Road_ID":"103824","Mun_ID":" ","Latitude":17.0080706,"Longitude":54.071659660000002,"GlobalID":"{A1256A04-A41F-45B6-AF17-8FF3034F1AE9}","NEAR_FID":13127,"NEAR_DIST":5.9679415849206956}},{"type":"Feature","id":1951,"geometry":{"type":"Point","coordinates":[188247.20199999958,1882789.4232999999]},"properties":{"OBJECTID":1951,"Asset_ID":"GLY1951","Name":"Gully","District_ID":"Salalah al Gharbiyya","Wlyt_ID":"Salalah","Gov_ID":"Dhofar Governorate","Road_ID":"103824","Mun_ID":" ","Latitude":17.00816244,"Longitude":54.072119700000002,"GlobalID":"{CC3C6399-16F5-4B15-AD92-55F176646F37}","NEAR_FID":13127,"NEAR_DIST":6.0545149402093443}},{"type":"Feature","id":1952,"geometry":{"type":"Point","coordinates":[188148.8245000001,1882770.5467000008]},"properties":{"OBJECTID":1952,"Asset_ID":"GLY1952","Name":"Gully","District_ID":"Salalah al Gharbiyya","Wlyt_ID":"Salalah","Gov_ID":"Dhofar Governorate","Road_ID":"103824","Mun_ID":" ","Latitude":17.007978739999999,"Longitude":54.071199300000004,"GlobalID":"{812652E4-6EF4-4DEA-8EC0-43C595DB21A8}","NEAR_FID":13127,"NEAR_DIST":5.7749274863523876}},{"type":"Feature","id":1953,"geometry":{"type":"Point","coordinates":[187136.09030000027,1882509.0780999996]},"properties":{"OBJECTID":1953,"Asset_ID":"GLY1953","Name":"Gully","District_ID":"al Wadi","Wlyt_ID":"Salalah","Gov_ID":"Dhofar Governorate","Road_ID":"105463","Mun_ID":" ","Latitude":17.005481270000001,"Longitude":54.061733959999998,"GlobalID":"{89C264D2-1C97-48E1-9772-F722F5921E74}","NEAR_FID":15077,"NEAR_DIST":6.406995631458976}},{"type":"Feature","id":1954,"geometry":{"type":"Point","coordinates":[187183.71320000011,1882523.2498000003]},"properties":{"OBJECTID":1954,"Asset_ID":"GLY1954","Name":"Gully","District_ID":"al Wadi","Wlyt_ID":"Salalah","Gov_ID":"Dhofar Governorate","Road_ID":"103812","Mun_ID":" ","Latitude":17.00561566,"Longitude":54.062178780000004,"GlobalID":"{59333D32-42C7-4133-9494-93E24DE1B85B}","NEAR_FID":8992,"NEAR_DIST":7.3235898237295487}},{"type":"Feature","id":1955,"geometry":{"type":"Point","coordinates":[189478.24010000005,1883221.2701999992]},"properties":{"OBJECTID":1955,"Asset_ID":"GLY1955","Name":"Gully","District_ID":"Salalah al Gharbiyya","Wlyt_ID":"Salalah","Gov_ID":"Dhofar Governorate","Road_ID":"104466","Mun_ID":" ","Latitude":17.012226999999999,"Longitude":54.083609899999999,"GlobalID":"{C55D68EB-DEAC-4C14-9D29-005571615865}","NEAR_FID":7195,"NEAR_DIST":3.2183148814602429}},{"type":"Feature","id":1956,"geometry":{"type":"Point","coordinates":[189733.47910000011,1883094.9780999999]},"properties":{"OBJECTID":1956,"Asset_ID":"GLY1956","Name":"Gully","District_ID":"Salalah al Gharbiyya","Wlyt_ID":"Salalah","Gov_ID":"Dhofar Governorate","Road_ID":"104561","Mun_ID":" ","Latitude":17.011121190000001,"Longitude":54.086022470000003,"GlobalID":"{A5A22E67-570F-4ACA-8FC7-13E294D98786}","NEAR_FID":7315,"NEAR_DIST":4.9811847017947315}},{"type":"Feature","id":1957,"geometry":{"type":"Point","coordinates":[189746.7620000001,1883095.0587000009]},"properties":{"OBJECTID":1957,"Asset_ID":"GLY1957","Name":"Gully","District_ID":"Salalah al Gharbiyya","Wlyt_ID":"Salalah","Gov_ID":"Dhofar Governorate","Road_ID":"104561","Mun_ID":" ","Latitude":17.011123699999999,"Longitude":54.086147089999997,"GlobalID":"{92C247C7-B849-4567-B94C-8FE567AF6721}","NEAR_FID":7315,"NEAR_DIST":8.1872467935340048}},{"type":"Feature","id":1958,"geometry":{"type":"Point","coordinates":[189728.24679999985,1883120.6184999999]},"properties":{"OBJECTID":1958,"Asset_ID":"GLY1958","Name":"Gully","District_ID":"Salalah al Gharbiyya","Wlyt_ID":"Salalah","Gov_ID":"Dhofar Governorate","Road_ID":"104561","Mun_ID":" ","Latitude":17.011351959999999,"Longitude":54.08596979,"GlobalID":"{B7A12F7B-5D3E-415C-AF17-DCB813FD0954}","NEAR_FID":7315,"NEAR_DIST":6.6474114744386537}},{"type":"Feature","id":1959,"geometry":{"type":"Point","coordinates":[189723.74810000043,1883137.0922999997]},"properties":{"OBJECTID":1959,"Asset_ID":"GLY1959","Name":"Gully","District_ID":"Salalah al Gharbiyya","Wlyt_ID":"Salalah","Gov_ID":"Dhofar Governorate","Road_ID":"104470","Mun_ID":" ","Latitude":17.011500080000001,"Longitude":54.085925279999998,"GlobalID":"{409ED1D9-F8D4-4401-8647-DAC6C0A8A90E}","NEAR_FID":14896,"NEAR_DIST":6.2596303367884119}},{"type":"Feature","id":1960,"geometry":{"type":"Point","coordinates":[189722.25650000013,1883143.6096000001]},"properties":{"OBJECTID":1960,"Asset_ID":"GLY1960","Name":"Gully","District_ID":"Salalah al Gharbiyya","Wlyt_ID":"Salalah","Gov_ID":"Dhofar Governorate","Road_ID":"104470","Mun_ID":" ","Latitude":17.01155872,"Longitude":54.085910370000001,"GlobalID":"{0B48A89A-4FF9-422F-927A-433F74CB9B81}","NEAR_FID":14896,"NEAR_DIST":0.42381399321002267}},{"type":"Feature","id":1961,"geometry":{"type":"Point","coordinates":[189737.76319999993,1883144.7901000008]},"properties":{"OBJECTID":1961,"Asset_ID":"GLY1961","Name":"Gully","District_ID":"Salalah al Gharbiyya","Wlyt_ID":"Salalah","Gov_ID":"Dhofar Governorate","Road_ID":"104561","Mun_ID":" ","Latitude":17.011571459999999,"Longitude":54.086055709999997,"GlobalID":"{A0903622-27AE-4365-AC6C-BAB5EDFC0E49}","NEAR_FID":7315,"NEAR_DIST":7.0015232844020385}},{"type":"Feature","id":1962,"geometry":{"type":"Point","coordinates":[189742.13150000013,1883180.5514000002]},"properties":{"OBJECTID":1962,"Asset_ID":"GLY1962","Name":"Gully","District_ID":"Salalah al Gharbiyya","Wlyt_ID":"Salalah","Gov_ID":"Dhofar Governorate","Road_ID":"104474","Mun_ID":" ","Latitude":17.011894890000001,"Longitude":54.086091699999997,"GlobalID":"{D5325CB6-E188-4ACD-852C-F9E6A93C683D}","NEAR_FID":12291,"NEAR_DIST":6.7288416424263948}},{"type":"Feature","id":1963,"geometry":{"type":"Point","coordinates":[189740.50690000039,1883187.4684999995]},"properties":{"OBJECTID":1963,"Asset_ID":"GLY1963","Name":"Gully","District_ID":"Salalah al Gharbiyya","Wlyt_ID":"Salalah","Gov_ID":"Dhofar Governorate","Road_ID":"104474","Mun_ID":" ","Latitude":17.011957120000002,"Longitude":54.086075489999999,"GlobalID":"{0CD3303B-A480-4774-85CF-3D52A32DFAE3}","NEAR_FID":12291,"NEAR_DIST":0.37575471442698655}},{"type":"Feature","id":1964,"geometry":{"type":"Point","coordinates":[189731.59800000023,1883192.5632000007]},"properties":{"OBJECTID":1964,"Asset_ID":"GLY1964","Name":"Gully","District_ID":"Salalah al Gharbiyya","Wlyt_ID":"Salalah","Gov_ID":"Dhofar Governorate","Road_ID":"104561","Mun_ID":" ","Latitude":17.012001909999999,"Longitude":54.085991180000001,"GlobalID":"{7FB22398-D5EC-49B1-BE28-44C27F0FD3E6}","NEAR_FID":4335,"NEAR_DIST":6.444576536481418}},{"type":"Feature","id":1965,"geometry":{"type":"Point","coordinates":[189721.11600000039,1883191.4119000006]},"properties":{"OBJECTID":1965,"Asset_ID":"GLY1965","Name":"Gully","District_ID":"Salalah al Gharbiyya","Wlyt_ID":"Salalah","Gov_ID":"Dhofar Governorate","Road_ID":"104561","Mun_ID":" ","Latitude":17.011990109999999,"Longitude":54.085892989999998,"GlobalID":"{9C88F5E9-1849-4A53-AE27-DBEB6D52E2BF}","NEAR_FID":4335,"NEAR_DIST":4.0978606136073772}},{"type":"Feature","id":1966,"geometry":{"type":"Point","coordinates":[189715.2527999999,1883185.0310999993]},"properties":{"OBJECTID":1966,"Asset_ID":"GLY1966","Name":"Gully","District_ID":"Salalah al Gharbiyya","Wlyt_ID":"Salalah","Gov_ID":"Dhofar Governorate","Road_ID":"104464","Mun_ID":" ","Latitude":17.01193172,"Longitude":54.085838870000003,"GlobalID":"{BEBBF257-2CEB-4897-A598-D6DD92B5CCE4}","NEAR_FID":5182,"NEAR_DIST":0.42552144548267096}},{"type":"Feature","id":1967,"geometry":{"type":"Point","coordinates":[189704.71829999983,1883237.6271000002]},"properties":{"OBJECTID":1967,"Asset_ID":"GLY1967","Name":"Gully","District_ID":"Salalah al Gharbiyya","Wlyt_ID":"Salalah","Gov_ID":"Dhofar Governorate","Road_ID":"104468","Mun_ID":" ","Latitude":17.012405130000001,"Longitude":54.085732669999999,"GlobalID":"{1E675350-AB1A-4E6F-A39B-B55161A609EC}","NEAR_FID":9430,"NEAR_DIST":5.3449145901034809}},{"type":"Feature","id":1968,"geometry":{"type":"Point","coordinates":[189714.28490000032,1883241.6992000006]},"properties":{"OBJECTID":1968,"Asset_ID":"GLY1968","Name":"Gully","District_ID":"Salalah al Gharbiyya","Wlyt_ID":"Salalah","Gov_ID":"Dhofar Governorate","Road_ID":"104468","Mun_ID":" ","Latitude":17.012443180000002,"Longitude":54.085821869999997,"GlobalID":"{8F46BCD8-2E07-4AAA-BAF5-A8B0BC012CB8}","NEAR_FID":9430,"NEAR_DIST":3.5060698129687591}},{"type":"Feature","id":1969,"geometry":{"type":"Point","coordinates":[189723.97740000021,1883239.5434000008]},"properties":{"OBJECTID":1969,"Asset_ID":"GLY1969","Name":"Gully","District_ID":"Salalah al Gharbiyya","Wlyt_ID":"Salalah","Gov_ID":"Dhofar Governorate","Road_ID":"104471","Mun_ID":" ","Latitude":17.012425019999998,"Longitude":54.085913120000001,"GlobalID":"{11AD7143-CBB1-44A6-9D77-61DC32FD3971}","NEAR_FID":10127,"NEAR_DIST":4.151817161885444}},{"type":"Feature","id":1970,"geometry":{"type":"Point","coordinates":[189710.88889999967,1883264.1885000002]},"properties":{"OBJECTID":1970,"Asset_ID":"GLY1970","Name":"Gully","District_ID":"Salalah al Gharbiyya","Wlyt_ID":"Salalah","Gov_ID":"Dhofar Governorate","Road_ID":"104561","Mun_ID":" ","Latitude":17.012645750000001,"Longitude":54.085786859999999,"GlobalID":"{FF8A0442-928B-4EF2-BD17-6188E4117601}","NEAR_FID":18601,"NEAR_DIST":4.8282342835777179}},{"type":"Feature","id":1971,"geometry":{"type":"Point","coordinates":[189705.00800000038,1883279.7704000007]},"properties":{"OBJECTID":1971,"Asset_ID":"GLY1971","Name":"Gully","District_ID":"Salalah al Gharbiyya","Wlyt_ID":"Salalah","Gov_ID":"Dhofar Governorate","Road_ID":"104467","Mun_ID":" ","Latitude":17.01278563,"Longitude":54.085729499999999,"GlobalID":"{6CF72138-29EB-4923-8F0F-0FBE4C281B26}","NEAR_FID":4405,"NEAR_DIST":2.0414968855497126}},{"type":"Feature","id":1972,"geometry":{"type":"Point","coordinates":[189719.48029999994,1883275.5164000001]},"properties":{"OBJECTID":1972,"Asset_ID":"GLY1972","Name":"Gully","District_ID":"Salalah al Gharbiyya","Wlyt_ID":"Salalah","Gov_ID":"Dhofar Governorate","Road_ID":"104561","Mun_ID":" ","Latitude":17.012749169999999,"Longitude":54.085865890000001,"GlobalID":"{F5D75DF5-7880-4D1E-90A7-285B9D46530E}","NEAR_FID":17530,"NEAR_DIST":4.515385071903685}},{"type":"Feature","id":1973,"geometry":{"type":"Point","coordinates":[189724.11980000045,1883280.3333999999]},"properties":{"OBJECTID":1973,"Asset_ID":"GLY1973","Name":"Gully","District_ID":"Salalah al Gharbiyya","Wlyt_ID":"Salalah","Gov_ID":"Dhofar Governorate","Road_ID":"104562","Mun_ID":" ","Latitude":17.01279328,"Longitude":54.085908750000002,"GlobalID":"{C5AE923D-A961-4BB9-A9A1-6EAC0259DD64}","NEAR_FID":9026,"NEAR_DIST":5.2139602301335977}},{"type":"Feature","id":1975,"geometry":{"type":"Point","coordinates":[190342.55229999963,1883497.0031000003]},"properties":{"OBJECTID":1975,"Asset_ID":"GLY1975","Name":"Gully","District_ID":"Salalah al Wousta","Wlyt_ID":"Salalah","Gov_ID":"Dhofar Governorate","Road_ID":"104456","Mun_ID":" ","Latitude":17.01483241,"Longitude":54.091681360000003,"GlobalID":"{4FB25439-C6C4-4A02-A08B-277367DB2E42}","NEAR_FID":4105,"NEAR_DIST":22.425977418158642}},{"type":"Feature","id":1976,"geometry":{"type":"Point","coordinates":[193367.0064000003,1884243.6864999998]},"properties":{"OBJECTID":1976,"Asset_ID":"GLY1976","Name":"Gully","District_ID":"al Huseela","Wlyt_ID":"Salalah","Gov_ID":"Dhofar Governorate","Road_ID":"103812","Mun_ID":" ","Latitude":17.021977440000001,"Longitude":54.11995778,"GlobalID":"{D31CB0D4-FF9F-45AB-9EE5-FAA0A12BF2D0}","NEAR_FID":13425,"NEAR_DIST":0.11940504145610546}},{"type":"Feature","id":1977,"geometry":{"type":"Point","coordinates":[193391.81579999998,1884234.5011999998]},"properties":{"OBJECTID":1977,"Asset_ID":"GLY1977","Name":"Gully","District_ID":"al Huseela","Wlyt_ID":"Salalah","Gov_ID":"Dhofar Governorate","Road_ID":"103812","Mun_ID":" ","Latitude":17.021897809999999,"Longitude":54.120191859999998,"GlobalID":"{4367C30A-C8E9-4521-9BA9-16D5BFF09F4F}","NEAR_FID":5532,"NEAR_DIST":5.1855103904929551}},{"type":"Feature","id":1978,"geometry":{"type":"Point","coordinates":[193341.18059999961,1884200.8991]},"properties":{"OBJECTID":1978,"Asset_ID":"GLY1978","Name":"Gully","District_ID":"al Huseela","Wlyt_ID":"Salalah","Gov_ID":"Dhofar Governorate","Road_ID":"103812","Mun_ID":" ","Latitude":17.021587719999999,"Longitude":54.119721349999999,"GlobalID":"{FB6E33F6-F1A8-408C-837A-8E7B759E13C7}","NEAR_FID":13425,"NEAR_DIST":0.25927141765902517}},{"type":"Feature","id":1979,"geometry":{"type":"Point","coordinates":[193357.17520000041,1884195.7466000002]},"properties":{"OBJECTID":1979,"Asset_ID":"GLY1979","Name":"Gully","District_ID":"al Huseela","Wlyt_ID":"Salalah","Gov_ID":"Dhofar Governorate","Road_ID":"103812","Mun_ID":" ","Latitude":17.02154333,"Longitude":54.119872149999999,"GlobalID":"{C7C2601C-2FA7-4247-B344-9224309D8AAC}","NEAR_FID":9221,"NEAR_DIST":2.3956400164558271}},{"type":"Feature","id":1980,"geometry":{"type":"Point","coordinates":[193386.51130000036,1884195.2545999996]},"properties":{"OBJECTID":1980,"Asset_ID":"GLY1980","Name":"Gully","District_ID":"al Huseela","Wlyt_ID":"Salalah","Gov_ID":"Dhofar Governorate","Road_ID":"103812","Mun_ID":" ","Latitude":17.021542790000002,"Longitude":54.120147510000002,"GlobalID":"{B89A2D30-3241-4C13-A787-0F3354033954}","NEAR_FID":16591,"NEAR_DIST":3.120997311604722}},{"type":"Feature","id":1981,"geometry":{"type":"Point","coordinates":[193428.46800000034,1884178.3495000005]},"properties":{"OBJECTID":1981,"Asset_ID":"GLY1981","Name":"Gully","District_ID":"al Huseela","Wlyt_ID":"Salalah","Gov_ID":"Dhofar Governorate","Road_ID":"103824","Mun_ID":" ","Latitude":17.02139575,"Longitude":54.120543560000002,"GlobalID":"{380CB34A-8C6C-4CC5-A6E0-2B84C500F970}","NEAR_FID":14776,"NEAR_DIST":4.0729835612492291}},{"type":"Feature","id":1982,"geometry":{"type":"Point","coordinates":[193431.59970000014,1884158.1878999993]},"properties":{"OBJECTID":1982,"Asset_ID":"GLY1982","Name":"Gully","District_ID":"al Huseela","Wlyt_ID":"Salalah","Gov_ID":"Dhofar Governorate","Road_ID":"103824","Mun_ID":" ","Latitude":17.021214140000001,"Longitude":54.120575729999999,"GlobalID":"{57809498-CBA4-43F9-A504-878C2C58CAD9}","NEAR_FID":9010,"NEAR_DIST":9.1835733301367704}},{"type":"Feature","id":1983,"geometry":{"type":"Point","coordinates":[193355.79839999974,1884168.2218999993]},"properties":{"OBJECTID":1983,"Asset_ID":"GLY1983","Name":"Gully","District_ID":"al Huseela","Wlyt_ID":"Salalah","Gov_ID":"Dhofar Governorate","Road_ID":"103812","Mun_ID":" ","Latitude":17.021294650000002,"Longitude":54.119863039999998,"GlobalID":"{999AF8E3-D53C-4408-B88D-B610844A792A}","NEAR_FID":10182,"NEAR_DIST":5.1048852170543286}},{"type":"Feature","id":1984,"geometry":{"type":"Point","coordinates":[193385.73819999956,1884166.6404999997]},"properties":{"OBJECTID":1984,"Asset_ID":"GLY1984","Name":"Gully","District_ID":"al Huseela","Wlyt_ID":"Salalah","Gov_ID":"Dhofar Governorate","Road_ID":"103812","Mun_ID":" ","Latitude":17.021284359999999,"Longitude":54.120144209999999,"GlobalID":"{468A573A-ED57-4069-8E6D-96AD6640B4BD}","NEAR_FID":14873,"NEAR_DIST":6.1350007157798059}},{"type":"Feature","id":1985,"geometry":{"type":"Point","coordinates":[193208.45430000033,1884113.2606000006]},"properties":{"OBJECTID":1985,"Asset_ID":"GLY1985","Name":"Gully","District_ID":"al Huseela","Wlyt_ID":"Salalah","Gov_ID":"Dhofar Governorate","Road_ID":"103861","Mun_ID":" ","Latitude":17.020778870000001,"Longitude":54.118487989999998,"GlobalID":"{6F7B3B9B-852C-46D5-B4CD-C11FF6326AF4}","NEAR_FID":13620,"NEAR_DIST":6.7544583759917582}},{"type":"Feature","id":1986,"geometry":{"type":"Point","coordinates":[193157.1995000001,1884103.6187999994]},"properties":{"OBJECTID":1986,"Asset_ID":"GLY1986","Name":"Gully","District_ID":"al Huseela","Wlyt_ID":"Salalah","Gov_ID":"Dhofar Governorate","Road_ID":"103812","Mun_ID":" ","Latitude":17.020685,"Longitude":54.118008359999997,"GlobalID":"{DAB54680-417E-4C85-973A-E6D38CDC3FF6}","NEAR_FID":6906,"NEAR_DIST":9.8584388108688046}},{"type":"Feature","id":1987,"geometry":{"type":"Point","coordinates":[193106.11519999988,1884092.5116000008]},"properties":{"OBJECTID":1987,"Asset_ID":"GLY1987","Name":"Gully","District_ID":"al Huseela","Wlyt_ID":"Salalah","Gov_ID":"Dhofar Governorate","Road_ID":"103812","Mun_ID":" ","Latitude":17.020577930000002,"Longitude":54.117530530000003,"GlobalID":"{3139EC13-C1A7-4951-BFCD-A7E5FD92DABF}","NEAR_FID":6906,"NEAR_DIST":10.315636318956523}},{"type":"Feature","id":1988,"geometry":{"type":"Point","coordinates":[193057.1333999997,1884081.7223000005]},"properties":{"OBJECTID":1988,"Asset_ID":"GLY1988","Name":"Gully","District_ID":"al Huseela","Wlyt_ID":"Salalah","Gov_ID":"Dhofar Governorate","Road_ID":"103812","Mun_ID":" ","Latitude":17.020474,"Longitude":54.117072389999997,"GlobalID":"{A46506CC-560D-4597-908C-336B434D754D}","NEAR_FID":6906,"NEAR_DIST":10.920342521139331}},{"type":"Feature","id":1989,"geometry":{"type":"Point","coordinates":[193008.39439999964,1884072.1852000002]},"properties":{"OBJECTID":1989,"Asset_ID":"GLY1989","Name":"Gully","District_ID":"al Huseela","Wlyt_ID":"Salalah","Gov_ID":"Dhofar Governorate","Road_ID":"103812","Mun_ID":" ","Latitude":17.02038142,"Longitude":54.116616360000002,"GlobalID":"{6D090193-2BF2-4EC6-AE2A-617CA98EB6E2}","NEAR_FID":15328,"NEAR_DIST":10.690762287599467}},{"type":"Feature","id":1990,"geometry":{"type":"Point","coordinates":[190174.97730000038,1884306.0724999998]},"properties":{"OBJECTID":1990,"Asset_ID":"GLY1990","Name":"Gully","District_ID":"Salalah al Jadida","Wlyt_ID":"Salalah","Gov_ID":"Dhofar Governorate","Road_ID":"104378","Mun_ID":" ","Latitude":17.022114040000002,"Longitude":54.08999601,"GlobalID":"{ED9A37CE-0405-4DA4-8D60-FA826984436B}","NEAR_FID":6295,"NEAR_DIST":0.26173159592630396}},{"type":"Feature","id":1991,"geometry":{"type":"Point","coordinates":[190204.63269999996,1884310.4601000007]},"properties":{"OBJECTID":1991,"Asset_ID":"GLY1991","Name":"Gully","District_ID":"Salalah al Jadida","Wlyt_ID":"Salalah","Gov_ID":"Dhofar Governorate","Road_ID":"104378","Mun_ID":" ","Latitude":17.022157629999999,"Longitude":54.090273670000002,"GlobalID":"{C47019DE-9488-4CB0-A304-A5FF3979EC26}","NEAR_FID":11008,"NEAR_DIST":0.20450521989929918}},{"type":"Feature","id":1992,"geometry":{"type":"Point","coordinates":[190235.82749999966,1884316.4163000006]},"properties":{"OBJECTID":1992,"Asset_ID":"GLY1992","Name":"Gully","District_ID":"Salalah al Jadida","Wlyt_ID":"Salalah","Gov_ID":"Dhofar Governorate","Road_ID":"104378","Mun_ID":" ","Latitude":17.022215589999998,"Longitude":54.090565560000002,"GlobalID":"{11BB7E4E-11F9-4C9C-921A-FFB7244E9C1D}","NEAR_FID":11008,"NEAR_DIST":0.30305211014091799}},{"type":"Feature","id":1993,"geometry":{"type":"Point","coordinates":[189583.89109999966,1883992.8519000001]},"properties":{"OBJECTID":1993,"Asset_ID":"GLY1993","Name":"Gully","District_ID":"Salalah al Jadida","Wlyt_ID":"Salalah","Gov_ID":"Dhofar Governorate","Road_ID":"104265","Mun_ID":" ","Latitude":17.019206870000001,"Longitude":54.084493330000001,"GlobalID":"{5AD1FABB-0E56-4947-A99F-B3C786DB3806}","NEAR_FID":7971,"NEAR_DIST":0.70102670413425139}},{"type":"Feature","id":1994,"geometry":{"type":"Point","coordinates":[189584.63549999986,1883986.6436999999]},"properties":{"OBJECTID":1994,"Asset_ID":"GLY1994","Name":"Gully","District_ID":"Salalah al Jadida","Wlyt_ID":"Salalah","Gov_ID":"Dhofar Governorate","Road_ID":"104265","Mun_ID":" ","Latitude":17.019150929999999,"Longitude":54.084501179999997,"GlobalID":"{446A5504-4C64-4EE1-9348-6059F32E842A}","NEAR_FID":7971,"NEAR_DIST":5.55160902608604}},{"type":"Feature","id":1995,"geometry":{"type":"Point","coordinates":[189656.76190000027,1883635.3363000005]},"properties":{"OBJECTID":1995,"Asset_ID":"GLY1995","Name":"Gully","District_ID":"Salalah al Jadida","Wlyt_ID":"Salalah","Gov_ID":"Dhofar Governorate","Road_ID":"104189","Mun_ID":" ","Latitude":17.01598911,"Longitude":54.085227099999997,"GlobalID":"{BD1F3598-4545-4B1B-BB8F-4D7369544B98}","NEAR_FID":9981,"NEAR_DIST":6.7065822446791064}},{"type":"Feature","id":1996,"geometry":{"type":"Point","coordinates":[189664.18350000028,1883593.4320999999]},"properties":{"OBJECTID":1996,"Asset_ID":"GLY1996","Name":"Gully","District_ID":"Salalah al Jadida","Wlyt_ID":"Salalah","Gov_ID":"Dhofar Governorate","Road_ID":"104189","Mun_ID":" ","Latitude":17.015611799999999,"Longitude":54.085302589999998,"GlobalID":"{737FC325-CB7A-4589-BBD7-F0524FF72A6F}","NEAR_FID":9981,"NEAR_DIST":6.6641595296186713}},{"type":"Feature","id":1997,"geometry":{"type":"Point","coordinates":[189671.09649999999,1883555.0756999999]},"properties":{"OBJECTID":1997,"Asset_ID":"GLY1997","Name":"Gully","District_ID":"Salalah al Jadida","Wlyt_ID":"Salalah","Gov_ID":"Dhofar Governorate","Road_ID":"104189","Mun_ID":" ","Latitude":17.015266459999999,"Longitude":54.085372820000003,"GlobalID":"{17167E25-F95B-4F89-B25B-32F42D24F127}","NEAR_FID":6005,"NEAR_DIST":6.8168690273669919}},{"type":"Feature","id":1998,"geometry":{"type":"Point","coordinates":[190452.09920000006,1883830.1489000004]},"properties":{"OBJECTID":1998,"Asset_ID":"GLY1998","Name":"Gully","District_ID":"Markaz al Madena","Wlyt_ID":"Salalah","Gov_ID":"Dhofar Governorate","Road_ID":"104001","Mun_ID":" ","Latitude":17.01785469,"Longitude":54.092662799999999,"GlobalID":"{1D1893E9-ABD5-4E8B-BAF7-3796B403E59E}","NEAR_FID":18057,"NEAR_DIST":3.0712355941990293}},{"type":"Feature","id":1999,"geometry":{"type":"Point","coordinates":[190469.85089999996,1883700.9416000005]},"properties":{"OBJECTID":1999,"Asset_ID":"GLY1999","Name":"Gully","District_ID":"Markaz al Madena","Wlyt_ID":"Salalah","Gov_ID":"Dhofar Governorate","Road_ID":"104387","Mun_ID":" ","Latitude":17.016690610000001,"Longitude":54.092847390000003,"GlobalID":"{C78E6B9B-5DDD-45D8-9450-6FF3F49A7C24}","NEAR_FID":14672,"NEAR_DIST":6.606999591470184}},{"type":"Feature","id":2000,"geometry":{"type":"Point","coordinates":[190471.80140000023,1883691.8238999993]},"properties":{"OBJECTID":2000,"Asset_ID":"GLY2000","Name":"Gully","District_ID":"Markaz al Madena","Wlyt_ID":"Salalah","Gov_ID":"Dhofar Governorate","Road_ID":"104387","Mun_ID":" ","Latitude":17.016608560000002,"Longitude":54.092866970000003,"GlobalID":"{CACDA75C-3C75-4278-8490-AEBBEE415A05}","NEAR_FID":14672,"NEAR_DIST":6.7454474580362076}},{"type":"Feature","id":2001,"geometry":{"type":"Point","coordinates":[190480.98570000008,1883642.5916000009]},"properties":{"OBJECTID":2001,"Asset_ID":"GLY2001","Name":"Gully","District_ID":"Markaz al Madena","Wlyt_ID":"Salalah","Gov_ID":"Dhofar Governorate","Road_ID":"104387","Mun_ID":" ","Latitude":17.01616533,"Longitude":54.092960009999999,"GlobalID":"{14FA81E0-D3E3-454C-88AF-28E993037B70}","NEAR_FID":14672,"NEAR_DIST":6.9096258383756419}},{"type":"Feature","id":2002,"geometry":{"type":"Point","coordinates":[190404.43230000045,1883848.4852000009]},"properties":{"OBJECTID":2002,"Asset_ID":"GLY2002","Name":"Gully","District_ID":"Salalah al Jadida","Wlyt_ID":"Salalah","Gov_ID":"Dhofar Governorate","Road_ID":"104387","Mun_ID":" ","Latitude":17.018013830000001,"Longitude":54.092212969999999,"GlobalID":"{FA84D3FE-0904-412A-ADF1-02034A211C3A}","NEAR_FID":18378,"NEAR_DIST":8.9025679164994145}},{"type":"Feature","id":2006,"geometry":{"type":"Point","coordinates":[188087.29600000009,1882805.0781999994]},"properties":{"OBJECTID":2006,"Asset_ID":"GLY2006","Name":"Gully","District_ID":"Salalah al Gharbiyya","Wlyt_ID":"Salalah","Gov_ID":"Dhofar Governorate","Road_ID":"103812","Mun_ID":" ","Latitude":17.008282170000001,"Longitude":54.070617140000003,"GlobalID":"{4C28AC37-ECEC-4628-AAC4-07AF68994D9A}","NEAR_FID":12308,"NEAR_DIST":5.1482451988075333}},{"type":"Feature","id":2007,"geometry":{"type":"Point","coordinates":[188037.27240000013,1882788.6210999992]},"properties":{"OBJECTID":2007,"Asset_ID":"GLY2007","Name":"Gully","District_ID":"Salalah al Gharbiyya","Wlyt_ID":"Salalah","Gov_ID":"Dhofar Governorate","Road_ID":"103812","Mun_ID":" ","Latitude":17.008126839999999,"Longitude":54.070150099999999,"GlobalID":"{1B1A7CED-48FE-4B36-A199-BC067943F6E5}","NEAR_FID":12308,"NEAR_DIST":5.1998755196511972}},{"type":"Feature","id":2008,"geometry":{"type":"Point","coordinates":[187993.28210000042,1882774.1777999997]},"properties":{"OBJECTID":2008,"Asset_ID":"GLY2008","Name":"Gully","District_ID":"Salalah al Gharbiyya","Wlyt_ID":"Salalah","Gov_ID":"Dhofar Governorate","Road_ID":"103812","Mun_ID":" ","Latitude":17.007990509999999,"Longitude":54.069739380000001,"GlobalID":"{FACD91B2-26B3-4EBB-A0C8-5EA38D92050E}","NEAR_FID":12308,"NEAR_DIST":5.2960091340845397}},{"type":"Feature","id":2009,"geometry":{"type":"Point","coordinates":[187957.08939999994,1882762.4368999992]},"properties":{"OBJECTID":2009,"Asset_ID":"GLY2009","Name":"Gully","District_ID":"Salalah al Gharbiyya","Wlyt_ID":"Salalah","Gov_ID":"Dhofar Governorate","Road_ID":"103812","Mun_ID":" ","Latitude":17.007879620000001,"Longitude":54.06940144,"GlobalID":"{03C44227-827B-47A2-96FB-3F4A49F54F8F}","NEAR_FID":12308,"NEAR_DIST":5.4689240943362583}},{"type":"Feature","id":2010,"geometry":{"type":"Point","coordinates":[188227.79590000026,1882850.9661999997]},"properties":{"OBJECTID":2010,"Asset_ID":"GLY2010","Name":"Gully","District_ID":null,"Wlyt_ID":"Salalah","Gov_ID":"Dhofar Governorate","Road_ID":"103812","Mun_ID":" ","Latitude":17.008715410000001,"Longitude":54.071928980000003,"GlobalID":"{AFAC91E8-FC45-4B72-B324-D75DEF361D4D}","NEAR_FID":4910,"NEAR_DIST":4.9186368758271843}},{"type":"Feature","id":2011,"geometry":{"type":"Point","coordinates":[188376.15039999969,1882894.1169000007]},"properties":{"OBJECTID":2011,"Asset_ID":"GLY2011","Name":"Gully","District_ID":"Salalah al Gharbiyya","Wlyt_ID":"Salalah","Gov_ID":"Dhofar Governorate","Road_ID":"103812","Mun_ID":" ","Latitude":17.009125000000001,"Longitude":54.0733149,"GlobalID":"{280C9EFF-111C-49FC-98A5-6245A4708E13}","NEAR_FID":7953,"NEAR_DIST":0.52941700331128017}},{"type":"Feature","id":2012,"geometry":{"type":"Point","coordinates":[189354.46920000017,1883230.3326999992]},"properties":{"OBJECTID":2012,"Asset_ID":"GLY2012","Name":"Gully","District_ID":"Salalah al Jadida","Wlyt_ID":"Salalah","Gov_ID":"Dhofar Governorate","Road_ID":"104213","Mun_ID":" ","Latitude":17.01229215,"Longitude":54.082447279999997,"GlobalID":"{9A08EE2A-C418-45DF-AFC3-8C45E794E371}","NEAR_FID":17729,"NEAR_DIST":8.0761474954611838}},{"type":"Feature","id":2013,"geometry":{"type":"Point","coordinates":[189449.45610000007,1883261.2733999994]},"properties":{"OBJECTID":2013,"Asset_ID":"GLY2013","Name":"Gully","District_ID":"Salalah al Jadida","Wlyt_ID":"Salalah","Gov_ID":"Dhofar Governorate","Road_ID":"104212","Mun_ID":" ","Latitude":17.012584260000001,"Longitude":54.083334219999998,"GlobalID":"{C77FF77B-F5FE-444E-BDF2-ACD25FDFF327}","NEAR_FID":4962,"NEAR_DIST":11.459690145011479}},{"type":"Feature","id":2014,"geometry":{"type":"Point","coordinates":[190524.05250000022,1883584.2708000001]},"properties":{"OBJECTID":2014,"Asset_ID":"GLY2014","Name":"Gully","District_ID":"Salalah al Wousta","Wlyt_ID":"Salalah","Gov_ID":"Dhofar Governorate","Road_ID":"103812","Mun_ID":" ","Latitude":17.015644600000002,"Longitude":54.093372250000002,"GlobalID":"{82561EB1-D32D-4F4F-AFA9-227932F53545}","NEAR_FID":4034,"NEAR_DIST":7.5576110520445861}},{"type":"Feature","id":2015,"geometry":{"type":"Point","coordinates":[190511.63219999988,1883578.8117999993]},"properties":{"OBJECTID":2015,"Asset_ID":"GLY2015","Name":"Gully","District_ID":"Salalah al Wousta","Wlyt_ID":"Salalah","Gov_ID":"Dhofar Governorate","Road_ID":"103812","Mun_ID":" ","Latitude":17.01559365,"Longitude":54.09325647,"GlobalID":"{DB004D1E-EFE9-4DDB-A885-473155EB75CE}","NEAR_FID":12036,"NEAR_DIST":8.1327969391995776}},{"type":"Feature","id":2016,"geometry":{"type":"Point","coordinates":[190494.86369999964,1883564.9740999993]},"properties":{"OBJECTID":2016,"Asset_ID":"GLY2016","Name":"Gully","District_ID":"Salalah al Wousta","Wlyt_ID":"Salalah","Gov_ID":"Dhofar Governorate","Road_ID":"103812","Mun_ID":" ","Latitude":17.015466480000001,"Longitude":54.093101060000002,"GlobalID":"{B4DD3116-B8FD-45E4-8B7A-4173018867C0}","NEAR_FID":12036,"NEAR_DIST":4.8885861001958926}},{"type":"Feature","id":2017,"geometry":{"type":"Point","coordinates":[190491.86270000041,1883563.9165000003]},"properties":{"OBJECTID":2017,"Asset_ID":"GLY2017","Name":"Gully","District_ID":"Salalah al Wousta","Wlyt_ID":"Salalah","Gov_ID":"Dhofar Governorate","Road_ID":"103812","Mun_ID":" ","Latitude":17.015456530000002,"Longitude":54.093073050000001,"GlobalID":"{4B3C10EF-0951-4176-A594-935D5B3802DA}","NEAR_FID":12036,"NEAR_DIST":2.75792668310137}},{"type":"Feature","id":2018,"geometry":{"type":"Point","coordinates":[190516.99289999995,1883564.0806000009]},"properties":{"OBJECTID":2018,"Asset_ID":"GLY2018","Name":"Gully","District_ID":"Salalah al Wousta","Wlyt_ID":"Salalah","Gov_ID":"Dhofar Governorate","Road_ID":"104035","Mun_ID":" ","Latitude":17.015461380000001,"Longitude":54.093308829999998,"GlobalID":"{95E16E5B-5ADF-4527-A157-1D0B5A83E6CA}","NEAR_FID":4342,"NEAR_DIST":4.2926206310956472}},{"type":"Feature","id":2019,"geometry":{"type":"Point","coordinates":[190514.5560999997,1883563.5932]},"properties":{"OBJECTID":2019,"Asset_ID":"GLY2019","Name":"Gully","District_ID":"Salalah al Wousta","Wlyt_ID":"Salalah","Gov_ID":"Dhofar Governorate","Road_ID":"104035","Mun_ID":" ","Latitude":17.015456650000001,"Longitude":54.093286030000002,"GlobalID":"{6310B88C-B38C-46E2-8FAE-AB6896DF7DEA}","NEAR_FID":4342,"NEAR_DIST":6.7775109014511381}},{"type":"Feature","id":2020,"geometry":{"type":"Point","coordinates":[190368.70370000042,1883507.4326000009]},"properties":{"OBJECTID":2020,"Asset_ID":"GLY2020","Name":"Gully","District_ID":"Salalah al Wousta","Wlyt_ID":"Salalah","Gov_ID":"Dhofar Governorate","Road_ID":"104456","Mun_ID":" ","Latitude":17.014930069999998,"Longitude":54.091925289999999,"GlobalID":"{4B54BA31-3355-4F2A-8BE4-0D8266C1C8D1}","NEAR_FID":4105,"NEAR_DIST":28.193728444677735}},{"type":"Feature","id":2021,"geometry":{"type":"Point","coordinates":[197454.75899999961,1884613.9179999996]},"properties":{"OBJECTID":2021,"Asset_ID":"GLY2021","Name":"Gully","District_ID":"Dahariz al Shamaliyya","Wlyt_ID":"Salalah","Gov_ID":"Dhofar Governorate","Road_ID":"100008","Mun_ID":" ","Latitude":17.025859919999998,"Longitude":54.158266810000001,"GlobalID":"{98E043C5-243D-4F48-8DD8-BDDD371A8878}","NEAR_FID":6292,"NEAR_DIST":6.9754183534735672}},{"type":"Feature","id":2022,"geometry":{"type":"Point","coordinates":[197386.5103000002,1884609.0708000008]},"properties":{"OBJECTID":2022,"Asset_ID":"GLY2022","Name":"Gully","District_ID":"Dahariz al Shamaliyya","Wlyt_ID":"Salalah","Gov_ID":"Dhofar Governorate","Road_ID":"100008","Mun_ID":" ","Latitude":17.025807199999999,"Longitude":54.157626999999998,"GlobalID":"{33DF0DCC-6606-40A8-BC79-34A6784F8F39}","NEAR_FID":10280,"NEAR_DIST":1.1616139717386678}},{"type":"Feature","id":2023,"geometry":{"type":"Point","coordinates":[198937.11099999957,1885302.9389999993]},"properties":{"OBJECTID":2023,"Asset_ID":"GLY2023","Name":"Gully","District_ID":"Dahariz al Shamaliyya","Wlyt_ID":"Salalah","Gov_ID":"Dhofar Governorate","Road_ID":"100003","Mun_ID":" ","Latitude":17.03227476,"Longitude":54.172084269999999,"GlobalID":"{51E6A3C7-F6A0-47CE-8CBD-DED8DC41AEDB}","NEAR_FID":14748,"NEAR_DIST":5.3580923722329139}},{"type":"Feature","id":2024,"geometry":{"type":"Point","coordinates":[189642.79179999977,1883713.0914999992]},"properties":{"OBJECTID":2024,"Asset_ID":"GLY2024","Name":"Gully","District_ID":"Salalah al Jadida","Wlyt_ID":"Salalah","Gov_ID":"Dhofar Governorate","Road_ID":"104189","Mun_ID":" ","Latitude":17.01668918,"Longitude":54.085085139999997,"GlobalID":"{49AAD8A9-F207-4A33-AC75-269DD96610CA}","NEAR_FID":9981,"NEAR_DIST":6.8620264077480053}},{"type":"Feature","id":2025,"geometry":{"type":"Point","coordinates":[189636.40089999977,1883749.2496000007]},"properties":{"OBJECTID":2025,"Asset_ID":"GLY2025","Name":"Gully","District_ID":"Salalah al Jadida","Wlyt_ID":"Salalah","Gov_ID":"Dhofar Governorate","Road_ID":"104189","Mun_ID":" ","Latitude":17.017014750000001,"Longitude":54.085020120000003,"GlobalID":"{B1C8294B-2817-4376-B064-E8B43CF1C5EE}","NEAR_FID":4054,"NEAR_DIST":6.7611043575961833}},{"type":"Feature","id":2026,"geometry":{"type":"Point","coordinates":[189610.38819999993,1883796.9107000008]},"properties":{"OBJECTID":2026,"Asset_ID":"GLY2026","Name":"Gully","District_ID":"Salalah al Jadida","Wlyt_ID":"Salalah","Gov_ID":"Dhofar Governorate","Road_ID":"104189","Mun_ID":" ","Latitude":17.017441529999999,"Longitude":54.084769369999997,"GlobalID":"{F5C6C374-7A2C-4FCC-BEC2-1C1857F266A3}","NEAR_FID":4003,"NEAR_DIST":11.325035459966704}},{"type":"Feature","id":2029,"geometry":{"type":"Point","coordinates":[184879.46030000038,1882541.7474000007]},"properties":{"OBJECTID":2029,"Asset_ID":"GLY2029","Name":"Gully","District_ID":"New Industrial Area","Wlyt_ID":"Salalah","Gov_ID":"Dhofar Governorate","Road_ID":"105161","Mun_ID":" ","Latitude":17.005469269999999,"Longitude":54.040556639999998,"GlobalID":"{64A56C58-3774-4A0C-AA82-D08705E6335E}","NEAR_FID":17670,"NEAR_DIST":4.7995218253710501}},{"type":"Feature","id":2030,"geometry":{"type":"Point","coordinates":[185137.75989999995,1882874.9430999998]},"properties":{"OBJECTID":2030,"Asset_ID":"GLY2030","Name":"Gully","District_ID":"New Industrial Area","Wlyt_ID":"Salalah","Gov_ID":"Dhofar Governorate","Road_ID":"102645","Mun_ID":" ","Latitude":17.008512419999999,"Longitude":54.042932870000001,"GlobalID":"{5D566F0D-2371-48D3-93C0-FCEB8D2220EF}","NEAR_FID":18619,"NEAR_DIST":6.0807780278347181}},{"type":"Feature","id":2031,"geometry":{"type":"Point","coordinates":[185160.23089999985,1882901.0840000007]},"properties":{"OBJECTID":2031,"Asset_ID":"GLY2031","Name":"Gully","District_ID":"New Industrial Area","Wlyt_ID":"Salalah","Gov_ID":"Dhofar Governorate","Road_ID":"102645","Mun_ID":" ","Latitude":17.00875147,"Longitude":54.043140000000001,"GlobalID":"{7CA54071-88D4-447A-94D2-DE2F581333B9}","NEAR_FID":18619,"NEAR_DIST":6.2552990134075115}},{"type":"Feature","id":2032,"geometry":{"type":"Point","coordinates":[190202.73280000035,1884322.2595000006]},"properties":{"OBJECTID":2032,"Asset_ID":"GLY2032","Name":"Gully","District_ID":"Salalah al Jadida","Wlyt_ID":"Salalah","Gov_ID":"Dhofar Governorate","Road_ID":"104378","Mun_ID":" ","Latitude":17.022263899999999,"Longitude":54.090254199999997,"GlobalID":"{F3BA4284-21F8-4C5F-AC4E-628FEBF46ABF}","NEAR_FID":11750,"NEAR_DIST":0.30900169554943591}},{"type":"Feature","id":2033,"geometry":{"type":"Point","coordinates":[189703.29829999991,1883242.8892000001]},"properties":{"OBJECTID":2033,"Asset_ID":"GLY2033","Name":null,"District_ID":"Salalah al Gharbiyya","Wlyt_ID":"Salalah","Gov_ID":"Dhofar Governorate","Road_ID":"104468","Mun_ID":null,"Latitude":17.012452440000001,"Longitude":54.085718610000001,"GlobalID":"{4D89D6E6-9C41-4E50-89D2-3003FB57D8B3}","NEAR_FID":9430,"NEAR_DIST":0.10454863841812163}},{"type":"Feature","id":2034,"geometry":{"type":"Point","coordinates":[188051.51510000043,1882749.7791000009]},"properties":{"OBJECTID":2034,"Asset_ID":"GLY2034","Name":null,"District_ID":"Salalah al Gharbiyya","Wlyt_ID":"Salalah","Gov_ID":"Dhofar Governorate","Road_ID":"103824","Mun_ID":null,"Latitude":17.00777811,"Longitude":54.070289189999997,"GlobalID":"{932C6E86-E58C-46C3-A949-F52A81C205DD}","NEAR_FID":4903,"NEAR_DIST":4.3610117173612544}},{"type":"Feature","id":2035,"geometry":{"type":"Point","coordinates":[188296.7081000004,1882796.1631000005]},"properties":{"OBJECTID":2035,"Asset_ID":"GLY2035","Name":null,"District_ID":"Salalah al Gharbiyya","Wlyt_ID":"Salalah","Gov_ID":"Dhofar Governorate","Road_ID":"103824","Mun_ID":null,"Latitude":17.008229979999999,"Longitude":54.072583260000002,"GlobalID":"{708E5563-A619-4F39-8957-D3E1EB4D55E3}","NEAR_FID":13127,"NEAR_DIST":5.4492425631706523}},{"type":"Feature","id":2036,"geometry":{"type":"Point","coordinates":[186824.70629999973,1883634.6883000005]},"properties":{"OBJECTID":2036,"Asset_ID":"GLY2036","Name":null,"District_ID":"al Wadi","Wlyt_ID":"Salalah","Gov_ID":"Dhofar Governorate","Road_ID":"105509","Mun_ID":null,"Latitude":17.01560057,"Longitude":54.058653640000003,"GlobalID":"{B9315408-B528-408A-8FB3-56582DB0A62C}","NEAR_FID":14444,"NEAR_DIST":3.2102212443515641}},{"type":"Feature","id":2037,"geometry":{"type":"Point","coordinates":[189692.71999999974,1883475.8670000006]},"properties":{"OBJECTID":2037,"Asset_ID":"GLY2037","Name":null,"District_ID":"Salalah al Jadida","Wlyt_ID":"Salalah","Gov_ID":"Dhofar Governorate","Road_ID":"104190","Mun_ID":null,"Latitude":17.01455429,"Longitude":54.085586790000001,"GlobalID":"{3A781AAC-98BC-44B4-9C68-46D72CE9BAA3}","NEAR_FID":13551,"NEAR_DIST":1.3357059814560743}},{"type":"Feature","id":2038,"geometry":{"type":"Point","coordinates":[193253.30769999977,1884122.4538000003]},"properties":{"OBJECTID":2038,"Asset_ID":"GLY2038","Name":null,"District_ID":"al Huseela","Wlyt_ID":"Salalah","Gov_ID":"Dhofar Governorate","Road_ID":"103812","Mun_ID":null,"Latitude":17.02086783,"Longitude":54.118907610000001,"GlobalID":"{131DBAD8-3D11-4064-A5C9-912BBB719E79}","NEAR_FID":14909,"NEAR_DIST":9.9888548844334721}},{"type":"Feature","id":2039,"geometry":{"type":"Point","coordinates":[198863.02190000005,1884586.5037999991]},"properties":{"OBJECTID":2039,"Asset_ID":"GLY2039","Name":null,"District_ID":"Dahariz al Shamaliyya","Wlyt_ID":"Salalah","Gov_ID":"Dhofar Governorate","Road_ID":"100001","Mun_ID":null,"Latitude":17.02579678,"Longitude":54.17148624,"GlobalID":"{6C013385-387A-4838-9BA1-62E24CCE1557}","NEAR_FID":14196,"NEAR_DIST":5.184749292782322}},{"type":"Feature","id":2040,"geometry":{"type":"Point","coordinates":[199252.47900000028,1884617.9674999993]},"properties":{"OBJECTID":2040,"Asset_ID":"GLY2040","Name":null,"District_ID":"Dahariz al Shamaliyya","Wlyt_ID":"Salalah","Gov_ID":"Dhofar Governorate","Road_ID":null,"Mun_ID":null,"Latitude":17.026131679999999,"Longitude":54.175136819999999,"GlobalID":"{2535EAEE-8BC3-4493-A89A-9C2F7C03244E}","NEAR_FID":null,"NEAR_DIST":null}},{"type":"Feature","id":2041,"geometry":{"type":"Point","coordinates":[199276.07230000012,1884625.7813000008]},"properties":{"OBJECTID":2041,"Asset_ID":"GLY2041","Name":null,"District_ID":"Dahariz al Shamaliyya","Wlyt_ID":"Salalah","Gov_ID":"Dhofar Governorate","Road_ID":null,"Mun_ID":null,"Latitude":17.026205310000002,"Longitude":54.175357179999999,"GlobalID":"{89969041-E861-40F3-B644-4349658E34D7}","NEAR_FID":null,"NEAR_DIST":null}},{"type":"Feature","id":2042,"geometry":{"type":"Point","coordinates":[199299.81740000006,1884633.5699000005]},"properties":{"OBJECTID":2042,"Asset_ID":"GLY2042","Name":null,"District_ID":"Razat","Wlyt_ID":"Salalah","Gov_ID":"Dhofar Governorate","Road_ID":null,"Mun_ID":null,"Latitude":17.026278730000001,"Longitude":54.175578960000003,"GlobalID":"{01831D4B-063A-425F-917B-9BAA99001C33}","NEAR_FID":null,"NEAR_DIST":null}},{"type":"Feature","id":2043,"geometry":{"type":"Point","coordinates":[199323.7268000003,1884641.5229000002]},"properties":{"OBJECTID":2043,"Asset_ID":"GLY2043","Name":null,"District_ID":"Razat","Wlyt_ID":"Salalah","Gov_ID":"Dhofar Governorate","Road_ID":null,"Mun_ID":null,"Latitude":17.026353650000001,"Longitude":54.175802259999998,"GlobalID":"{D67DDE8B-3BE4-485F-A7DA-B4D210245CDD}","NEAR_FID":null,"NEAR_DIST":null}},{"type":"Feature","id":2044,"geometry":{"type":"Point","coordinates":[199337.5970999999,1884646.3906999994]},"properties":{"OBJECTID":2044,"Asset_ID":"GLY2044","Name":null,"District_ID":"Razat","Wlyt_ID":"Salalah","Gov_ID":"Dhofar Governorate","Road_ID":null,"Mun_ID":null,"Latitude":17.02639941,"Longitude":54.175931759999997,"GlobalID":"{C4A77D8E-534C-4635-B4A7-C9CE7932D65A}","NEAR_FID":null,"NEAR_DIST":null}},{"type":"Feature","id":2045,"geometry":{"type":"Point","coordinates":[199366.84219999984,1884656.0633000005]},"properties":{"OBJECTID":2045,"Asset_ID":"GLY2045","Name":null,"District_ID":"Razat","Wlyt_ID":"Salalah","Gov_ID":"Dhofar Governorate","Road_ID":null,"Mun_ID":null,"Latitude":17.026490549999998,"Longitude":54.176204900000002,"GlobalID":"{C539951A-D11D-4E4C-AE20-3796B1C507C9}","NEAR_FID":null,"NEAR_DIST":null}},{"type":"Feature","id":2046,"geometry":{"type":"Point","coordinates":[200675.77990000043,1885204.8299000002]},"properties":{"OBJECTID":2046,"Asset_ID":"GLY2046","Name":null,"District_ID":"Razat","Wlyt_ID":"Salalah","Gov_ID":"Dhofar Governorate","Road_ID":null,"Mun_ID":null,"Latitude":17.03161545,"Longitude":54.188414659999999,"GlobalID":"{568494DB-528A-47DE-A541-16822EE58531}","NEAR_FID":null,"NEAR_DIST":null}},{"type":"Feature","id":2047,"geometry":{"type":"Point","coordinates":[200642.38760000002,1885182.6147000007]},"properties":{"OBJECTID":2047,"Asset_ID":"GLY2047","Name":null,"District_ID":"Razat","Wlyt_ID":"Salalah","Gov_ID":"Dhofar Governorate","Road_ID":null,"Mun_ID":null,"Latitude":17.03141054,"Longitude":54.188104279999997,"GlobalID":"{EF18C71B-F40E-4267-896E-FD89DDA108F2}","NEAR_FID":null,"NEAR_DIST":null}},{"type":"Feature","id":2048,"geometry":{"type":"Point","coordinates":[200608.7929999996,1885160.9306000005]},"properties":{"OBJECTID":2048,"Asset_ID":"GLY2048","Name":null,"District_ID":"Razat","Wlyt_ID":"Salalah","Gov_ID":"Dhofar Governorate","Road_ID":null,"Mun_ID":null,"Latitude":17.031210399999999,"Longitude":54.187791930000003,"GlobalID":"{D2135EF7-9A96-4C1A-A063-AD9DC466C636}","NEAR_FID":null,"NEAR_DIST":null}},{"type":"Feature","id":2049,"geometry":{"type":"Point","coordinates":[200574.23749999981,1885140.5993000008]},"properties":{"OBJECTID":2049,"Asset_ID":"GLY2049","Name":null,"District_ID":"Razat","Wlyt_ID":"Salalah","Gov_ID":"Dhofar Governorate","Road_ID":null,"Mun_ID":null,"Latitude":17.031022350000001,"Longitude":54.18747037,"GlobalID":"{A2580860-E151-4824-97FE-DAA6E0011EEF}","NEAR_FID":null,"NEAR_DIST":null}},{"type":"Feature","id":2050,"geometry":{"type":"Point","coordinates":[200538.80960000027,1885121.5830000006]},"properties":{"OBJECTID":2050,"Asset_ID":"GLY2050","Name":null,"District_ID":"Razat","Wlyt_ID":"Salalah","Gov_ID":"Dhofar Governorate","Road_ID":null,"Mun_ID":null,"Latitude":17.030846050000001,"Longitude":54.187140460000002,"GlobalID":"{F080DFFF-E1DD-4B9A-BE6A-F33EEF9A6935}","NEAR_FID":null,"NEAR_DIST":null}},{"type":"Feature","id":2051,"geometry":{"type":"Point","coordinates":[200502.83789999969,1885104.0208000001]},"properties":{"OBJECTID":2051,"Asset_ID":"GLY2051","Name":null,"District_ID":"Razat","Wlyt_ID":"Salalah","Gov_ID":"Dhofar Governorate","Road_ID":null,"Mun_ID":null,"Latitude":17.030682819999999,"Longitude":54.186805239999998,"GlobalID":"{CF5CA676-CD2D-42F0-A931-5D57E6ADB83A}","NEAR_FID":null,"NEAR_DIST":null}},{"type":"Feature","id":2052,"geometry":{"type":"Point","coordinates":[200466.00650000013,1885088.0136999991]},"properties":{"OBJECTID":2052,"Asset_ID":"GLY2052","Name":null,"District_ID":"Razat","Wlyt_ID":"Salalah","Gov_ID":"Dhofar Governorate","Road_ID":null,"Mun_ID":null,"Latitude":17.030533510000001,"Longitude":54.186461749999999,"GlobalID":"{73C77B16-E065-4CD8-8D0C-E188F7F26117}","NEAR_FID":null,"NEAR_DIST":null}},{"type":"Feature","id":2053,"geometry":{"type":"Point","coordinates":[200428.88430000003,1885073.5239000004]},"properties":{"OBJECTID":2053,"Asset_ID":"GLY2053","Name":null,"District_ID":"Razat","Wlyt_ID":"Salalah","Gov_ID":"Dhofar Governorate","Road_ID":null,"Mun_ID":null,"Latitude":17.030397860000001,"Longitude":54.186115319999999,"GlobalID":"{7CBD3D58-F4B6-434C-A63C-07A03A01DC96}","NEAR_FID":null,"NEAR_DIST":null}},{"type":"Feature","id":2054,"geometry":{"type":"Point","coordinates":[200391.31950000022,1885059.7547999993]},"properties":{"OBJECTID":2054,"Asset_ID":"GLY2054","Name":null,"District_ID":"Razat","Wlyt_ID":"Salalah","Gov_ID":"Dhofar Governorate","Road_ID":null,"Mun_ID":null,"Latitude":17.030268670000002,"Longitude":54.185764640000002,"GlobalID":"{F5EB8B8B-DDE8-4D44-A3F8-958BADB4FC03}","NEAR_FID":null,"NEAR_DIST":null}},{"type":"Feature","id":2055,"geometry":{"type":"Point","coordinates":[200237.01449999958,1885005.6772000007]},"properties":{"OBJECTID":2055,"Asset_ID":"GLY2055","Name":null,"District_ID":"Sahalnout al Janubiyya","Wlyt_ID":"Salalah","Gov_ID":"Dhofar Governorate","Road_ID":null,"Mun_ID":null,"Latitude":17.029760360000001,"Longitude":54.184323829999997,"GlobalID":"{AE8496FA-12D0-476C-82C2-B2354FC84181}","NEAR_FID":null,"NEAR_DIST":null}},{"type":"Feature","id":2056,"geometry":{"type":"Point","coordinates":[200190.00480000023,1884988.4690000005]},"properties":{"OBJECTID":2056,"Asset_ID":"GLY2056","Name":null,"District_ID":"Sahalnout al Janubiyya","Wlyt_ID":"Salalah","Gov_ID":"Dhofar Governorate","Road_ID":null,"Mun_ID":null,"Latitude":17.029598880000002,"Longitude":54.183884990000003,"GlobalID":"{BCA02484-77BC-4A94-8A2A-7C05155DFCF1}","NEAR_FID":null,"NEAR_DIST":null}},{"type":"Feature","id":2057,"geometry":{"type":"Point","coordinates":[199679.3339999998,1884780.1875]},"properties":{"OBJECTID":2057,"Asset_ID":"GLY2057","Name":null,"District_ID":"Razat","Wlyt_ID":"Salalah","Gov_ID":"Dhofar Governorate","Road_ID":null,"Mun_ID":null,"Latitude":17.027651930000001,"Longitude":54.179120689999998,"GlobalID":"{988934BA-00CE-4BFE-93F5-EF38C0AAEF45}","NEAR_FID":null,"NEAR_DIST":null}},{"type":"Feature","id":2058,"geometry":{"type":"Point","coordinates":[199657.73830000032,1884770.5023999996]},"properties":{"OBJECTID":2058,"Asset_ID":"GLY2058","Name":null,"District_ID":"Razat","Wlyt_ID":"Salalah","Gov_ID":"Dhofar Governorate","Road_ID":null,"Mun_ID":null,"Latitude":17.027561680000002,"Longitude":54.178919329999999,"GlobalID":"{C5EB212F-A5D3-4B1B-8637-BD97EA5632D2}","NEAR_FID":null,"NEAR_DIST":null}},{"type":"Feature","id":2059,"geometry":{"type":"Point","coordinates":[199620.86899999995,1884754.1160000004]},"properties":{"OBJECTID":2059,"Asset_ID":"GLY2059","Name":null,"District_ID":"Razat","Wlyt_ID":"Salalah","Gov_ID":"Dhofar Governorate","Road_ID":null,"Mun_ID":null,"Latitude":17.02740893,"Longitude":54.178575549999998,"GlobalID":"{A66A6A12-9D6F-4132-B207-57C2AE7BD175}","NEAR_FID":null,"NEAR_DIST":null}},{"type":"Feature","id":2060,"geometry":{"type":"Point","coordinates":[199588.50079999957,1884740.6250999998]},"properties":{"OBJECTID":2060,"Asset_ID":"GLY2060","Name":null,"District_ID":"Razat","Wlyt_ID":"Salalah","Gov_ID":"Dhofar Governorate","Road_ID":null,"Mun_ID":null,"Latitude":17.02728291,"Longitude":54.178273609999998,"GlobalID":"{9D2A2382-69D0-4C2B-A6E0-B37114B5C8B4}","NEAR_FID":null,"NEAR_DIST":null}},{"type":"Feature","id":2061,"geometry":{"type":"Point","coordinates":[199562.34080000035,1884730.5605999995]},"properties":{"OBJECTID":2061,"Asset_ID":"GLY2061","Name":null,"District_ID":"Razat","Wlyt_ID":"Salalah","Gov_ID":"Dhofar Governorate","Road_ID":null,"Mun_ID":null,"Latitude":17.027188630000001,"Longitude":54.178029479999999,"GlobalID":"{7463E091-8FA4-40BA-A236-EEE9A3BE8319}","NEAR_FID":null,"NEAR_DIST":null}},{"type":"Feature","id":2062,"geometry":{"type":"Point","coordinates":[199533.23469999991,1884720.4329000004]},"properties":{"OBJECTID":2062,"Asset_ID":"GLY2062","Name":null,"District_ID":"Razat","Wlyt_ID":"Salalah","Gov_ID":"Dhofar Governorate","Road_ID":null,"Mun_ID":null,"Latitude":17.027093399999998,"Longitude":54.177757700000001,"GlobalID":"{58AD0F89-DED2-4308-8876-D939CB735585}","NEAR_FID":null,"NEAR_DIST":null}},{"type":"Feature","id":2063,"geometry":{"type":"Point","coordinates":[199500.49990000017,1884709.5592]},"properties":{"OBJECTID":2063,"Asset_ID":"GLY2063","Name":null,"District_ID":"Razat","Wlyt_ID":"Salalah","Gov_ID":"Dhofar Governorate","Road_ID":null,"Mun_ID":null,"Latitude":17.026990959999999,"Longitude":54.17745197,"GlobalID":"{86921378-88DB-4AA4-8969-96F8937DFF2A}","NEAR_FID":null,"NEAR_DIST":null}},{"type":"Feature","id":2064,"geometry":{"type":"Point","coordinates":[199245.52489999961,1884639.2343000006]},"properties":{"OBJECTID":2064,"Asset_ID":"GLY2064","Name":null,"District_ID":"Dahariz al Shamaliyya","Wlyt_ID":"Salalah","Gov_ID":"Dhofar Governorate","Road_ID":null,"Mun_ID":null,"Latitude":17.026322780000001,"Longitude":54.175068680000003,"GlobalID":"{7B0CD963-141D-40E2-89E1-07B0DCBD4967}","NEAR_FID":null,"NEAR_DIST":null}},{"type":"Feature","id":2065,"geometry":{"type":"Point","coordinates":[199269.20669999998,1884647.1873000003]},"properties":{"OBJECTID":2065,"Asset_ID":"GLY2065","Name":null,"District_ID":"Dahariz al Shamaliyya","Wlyt_ID":"Salalah","Gov_ID":"Dhofar Governorate","Road_ID":null,"Mun_ID":null,"Latitude":17.026397679999999,"Longitude":54.175289839999998,"GlobalID":"{A6CF3A33-D341-4765-927A-7697EB819CA7}","NEAR_FID":null,"NEAR_DIST":null}},{"type":"Feature","id":2066,"geometry":{"type":"Point","coordinates":[199292.91390000004,1884654.9253000002]},"properties":{"OBJECTID":2066,"Asset_ID":"GLY2066","Name":null,"District_ID":"Sahalnout al Janubiyya","Wlyt_ID":"Salalah","Gov_ID":"Dhofar Governorate","Road_ID":null,"Mun_ID":null,"Latitude":17.026470629999999,"Longitude":54.175511280000002,"GlobalID":"{7B6237CC-BF5D-4388-A234-DE5F8CCE8785}","NEAR_FID":null,"NEAR_DIST":null}},{"type":"Feature","id":2067,"geometry":{"type":"Point","coordinates":[199316.60840000026,1884662.8024000004]},"properties":{"OBJECTID":2067,"Asset_ID":"GLY2067","Name":null,"District_ID":"Sahalnout al Janubiyya","Wlyt_ID":"Salalah","Gov_ID":"Dhofar Governorate","Road_ID":null,"Mun_ID":null,"Latitude":17.02654484,"Longitude":54.175732570000001,"GlobalID":"{E699021F-0C18-4A29-8834-3D6C20ED24ED}","NEAR_FID":null,"NEAR_DIST":null}},{"type":"Feature","id":2068,"geometry":{"type":"Point","coordinates":[199326.84979999997,1884666.0265999995]},"properties":{"OBJECTID":2068,"Asset_ID":"GLY2068","Name":null,"District_ID":"Sahalnout al Janubiyya","Wlyt_ID":"Salalah","Gov_ID":"Dhofar Governorate","Road_ID":null,"Mun_ID":null,"Latitude":17.02657529,"Longitude":54.175828240000001,"GlobalID":"{E7166578-B20F-44F7-A9AF-8BB286786BB6}","NEAR_FID":null,"NEAR_DIST":null}},{"type":"Feature","id":2069,"geometry":{"type":"Point","coordinates":[199367.22149999999,1884679.4164000005]},"properties":{"OBJECTID":2069,"Asset_ID":"GLY2069","Name":null,"District_ID":"Sahalnout al Janubiyya","Wlyt_ID":"Salalah","Gov_ID":"Dhofar Governorate","Road_ID":null,"Mun_ID":null,"Latitude":17.02670144,"Longitude":54.176205299999999,"GlobalID":"{74EC638A-1DEA-459D-8F6C-AF7F94A9D528}","NEAR_FID":null,"NEAR_DIST":null}},{"type":"Feature","id":2070,"geometry":{"type":"Point","coordinates":[199815.60390000045,1884845.7947000004]},"properties":{"OBJECTID":2070,"Asset_ID":"GLY2070","Name":null,"District_ID":"Razat","Wlyt_ID":"Salalah","Gov_ID":"Dhofar Governorate","Road_ID":null,"Mun_ID":null,"Latitude":17.02826202,"Longitude":54.18039065,"GlobalID":"{47F475F0-5CD7-4E93-8787-6D44A8A15371}","NEAR_FID":null,"NEAR_DIST":null}},{"type":"Feature","id":2071,"geometry":{"type":"Point","coordinates":[199843.88049999997,1884858.3516000006]},"properties":{"OBJECTID":2071,"Asset_ID":"GLY2071","Name":null,"District_ID":"Razat","Wlyt_ID":"Salalah","Gov_ID":"Dhofar Governorate","Road_ID":null,"Mun_ID":null,"Latitude":17.02837907,"Longitude":54.180654310000001,"GlobalID":"{64B0111C-AC5E-4400-B706-D200BDACF199}","NEAR_FID":null,"NEAR_DIST":null}},{"type":"Feature","id":2072,"geometry":{"type":"Point","coordinates":[199871.27960000001,1884870.6033999994]},"properties":{"OBJECTID":2072,"Asset_ID":"GLY2072","Name":null,"District_ID":"Sahalnout al Janubiyya","Wlyt_ID":"Salalah","Gov_ID":"Dhofar Governorate","Road_ID":null,"Mun_ID":null,"Latitude":17.02849325,"Longitude":54.180909790000001,"GlobalID":"{C680956A-7953-4E05-BA0D-E141186C2927}","NEAR_FID":null,"NEAR_DIST":null}},{"type":"Feature","id":2073,"geometry":{"type":"Point","coordinates":[199900.1453999998,1884882.8679000009]},"properties":{"OBJECTID":2073,"Asset_ID":"GLY2073","Name":null,"District_ID":"Sahalnout al Janubiyya","Wlyt_ID":"Salalah","Gov_ID":"Dhofar Governorate","Road_ID":null,"Mun_ID":null,"Latitude":17.028607740000002,"Longitude":54.181179020000002,"GlobalID":"{D4D7C095-DBE9-4B22-98F8-E2205C0D48C3}","NEAR_FID":null,"NEAR_DIST":null}},{"type":"Feature","id":2074,"geometry":{"type":"Point","coordinates":[199933.38599999994,1884896.4600000009]},"properties":{"OBJECTID":2074,"Asset_ID":"GLY2074","Name":null,"District_ID":"Sahalnout al Janubiyya","Wlyt_ID":"Salalah","Gov_ID":"Dhofar Governorate","Road_ID":null,"Mun_ID":null,"Latitude":17.028734780000001,"Longitude":54.181489139999996,"GlobalID":"{F6D373EF-DDA1-44E2-9733-EA9360CCD831}","NEAR_FID":null,"NEAR_DIST":null}},{"type":"Feature","id":2075,"geometry":{"type":"Point","coordinates":[199965.05879999977,1884908.7623999994]},"properties":{"OBJECTID":2075,"Asset_ID":"GLY2075","Name":null,"District_ID":"Sahalnout al Janubiyya","Wlyt_ID":"Salalah","Gov_ID":"Dhofar Governorate","Road_ID":null,"Mun_ID":null,"Latitude":17.02884998,"Longitude":54.181784710000002,"GlobalID":"{65F4A61B-91CF-4B1B-8B34-EEF72FDBE837}","NEAR_FID":null,"NEAR_DIST":null}},{"type":"Feature","id":2076,"geometry":{"type":"Point","coordinates":[199999.03270000033,1884921.2291999999]},"properties":{"OBJECTID":2076,"Asset_ID":"GLY2076","Name":null,"District_ID":"Sahalnout al Janubiyya","Wlyt_ID":"Salalah","Gov_ID":"Dhofar Governorate","Road_ID":null,"Mun_ID":null,"Latitude":17.028966960000002,"Longitude":54.182101860000003,"GlobalID":"{E240C86C-4A8D-4658-B6DF-225954D1C138}","NEAR_FID":null,"NEAR_DIST":null}}]
}