{
  "type" : "FeatureCollection",
  "crs" : {
    "type" : "name",
    "properties" : {
      "name" : "EPSG:32640"
    }
  },
  "features" : [{"type":"Feature","id":170,"geometry":{"type":"Point","coordinates":[201152.01439999975,1893332.5066999998]},"properties":{"OBJECTID":170,"Asset_ID":"LUD170","Name":"Laudary","District_ID":null,"Gov_ID":"Dhofar Governorate","Wlyt_ID":"Salalah","Road_ID":"101984","Latitude":17.105058589999999,"Longitude":54.191785869999997,"GlobalID":"{A70DECB8-8147-470F-8834-CC44B25B03C9}"}},{"type":"Feature","id":171,"geometry":{"type":"Point","coordinates":[196788.99340000004,1892762.4134999998]},"properties":{"OBJECTID":171,"Asset_ID":"LUD171","Name":"Al Rahaan Laudary","District_ID":null,"Gov_ID":"Dhofar Governorate","Wlyt_ID":"Salalah","Road_ID":"101857","Latitude":17.09933921,"Longitude":54.150902420000001,"GlobalID":"{A237B981-6584-4516-B87D-F6436DD0D0C6}"}},{"type":"Feature","id":172,"geometry":{"type":"Point","coordinates":[196780.5625,1892803.0474999994]},"properties":{"OBJECTID":172,"Asset_ID":"LUD172","Name":"Al Wisam clean Laudary","District_ID":null,"Gov_ID":"Dhofar Governorate","Wlyt_ID":"Salalah","Road_ID":"101857","Latitude":17.09970495,"Longitude":54.150817680000003,"GlobalID":"{6207A6D2-03B4-469C-B434-BDDBE6E7803E}"}},{"type":"Feature","id":173,"geometry":{"type":"Point","coordinates":[196305.74739999976,1892666.7663000003]},"properties":{"OBJECTID":173,"Asset_ID":"LUD173","Name":"Laudary","District_ID":null,"Gov_ID":"Dhofar Governorate","Wlyt_ID":"Salalah","Road_ID":"102167","Latitude":17.09841179,"Longitude":54.146378890000001,"GlobalID":"{DA7FE06D-4962-41CA-8A89-92C7A7B1C793}"}},{"type":"Feature","id":174,"geometry":{"type":"Point","coordinates":[196282.34810000006,1892666.0482000001]},"properties":{"OBJECTID":174,"Asset_ID":"LUD174","Name":"Laudary","District_ID":null,"Gov_ID":"Dhofar Governorate","Wlyt_ID":"Salalah","Road_ID":"102167","Latitude":17.09840221,"Longitude":54.146159320000002,"GlobalID":"{E5FDD448-5A70-4639-89B3-814CCC584C87}"}},{"type":"Feature","id":175,"geometry":{"type":"Point","coordinates":[195878.39879999962,1892417.2598999999]},"properties":{"OBJECTID":175,"Asset_ID":"LUD175","Name":"Laudary","District_ID":null,"Gov_ID":"Dhofar Governorate","Wlyt_ID":"Salalah","Road_ID":"102171","Latitude":17.096102630000001,"Longitude":54.142401380000003,"GlobalID":"{780C9256-A6E1-486D-8DEC-7A5067E92F98}"}},{"type":"Feature","id":176,"geometry":{"type":"Point","coordinates":[196014.96590000018,1892480.4727999996]},"properties":{"OBJECTID":176,"Asset_ID":"LUD176","Name":"Laudary","District_ID":null,"Gov_ID":"Dhofar Governorate","Wlyt_ID":"Salalah","Road_ID":"102220","Latitude":17.096691409999998,"Longitude":54.143674730000001,"GlobalID":"{50326C14-A652-47B8-9A09-C92FC52E89F9}"}},{"type":"Feature","id":177,"geometry":{"type":"Point","coordinates":[195967.35300000012,1892616.2335000001]},"properties":{"OBJECTID":177,"Asset_ID":"LUD177","Name":"Laudary","District_ID":null,"Gov_ID":"Dhofar Governorate","Wlyt_ID":"Salalah","Road_ID":"102220","Latitude":17.097910779999999,"Longitude":54.143209050000003,"GlobalID":"{8C540A05-94CE-47F9-B5E4-B7640FB9E794}"}},{"type":"Feature","id":178,"geometry":{"type":"Point","coordinates":[195247.60560000036,1893793.5781999994]},"properties":{"OBJECTID":178,"Asset_ID":"LUD178","Name":"Laudary","District_ID":null,"Gov_ID":"Dhofar Governorate","Wlyt_ID":"Salalah","Road_ID":"102220","Latitude":17.108444519999999,"Longitude":54.136289609999999,"GlobalID":"{36F220CB-B8DC-4EC0-A8F7-2F5A9CFCEBA8}"}},{"type":"Feature","id":179,"geometry":{"type":"Point","coordinates":[193442.39869999979,1892394.7280000001]},"properties":{"OBJECTID":179,"Asset_ID":"LUD179","Name":"Laudary","District_ID":null,"Gov_ID":"Dhofar Governorate","Wlyt_ID":"Salalah","Road_ID":"102172","Latitude":17.095575199999999,"Longitude":54.119536250000003,"GlobalID":"{50C7E850-4C86-42AE-BABB-06D54F6DEECE}"}},{"type":"Feature","id":180,"geometry":{"type":"Point","coordinates":[193446.42980000004,1892483.5387999993]},"properties":{"OBJECTID":180,"Asset_ID":"LUD180","Name":"Laudary","District_ID":null,"Gov_ID":"Dhofar Governorate","Wlyt_ID":"Salalah","Road_ID":"102172","Latitude":17.096377520000001,"Longitude":54.119561760000003,"GlobalID":"{BE325612-02A5-4A6F-82C1-8C3108EC6662}"}},{"type":"Feature","id":181,"geometry":{"type":"Point","coordinates":[193341.44330000039,1892437.0557000004]},"properties":{"OBJECTID":181,"Asset_ID":"LUD181","Name":"Laudary","District_ID":null,"Gov_ID":"Dhofar Governorate","Wlyt_ID":"Salalah","Road_ID":"102172","Latitude":17.095943850000001,"Longitude":54.11858265,"GlobalID":"{52DF82A6-4419-41C1-BEF1-98D38D925139}"}},{"type":"Feature","id":182,"geometry":{"type":"Point","coordinates":[192258.29810000025,1893378.9403000008]},"properties":{"OBJECTID":182,"Asset_ID":"LUD182","Name":"Laudary","District_ID":null,"Gov_ID":"Dhofar Governorate","Wlyt_ID":"Salalah","Road_ID":"102172","Latitude":17.104302130000001,"Longitude":54.108283319999998,"GlobalID":"{4020E8B1-D98E-4272-8AB5-2E1BFE24CADD}"}},{"type":"Feature","id":183,"geometry":{"type":"Point","coordinates":[184194.99010000005,1886365.2216999996]},"properties":{"OBJECTID":183,"Asset_ID":"LUD183","Name":"Laudary","District_ID":"Auqad al Shamaliyya Extension","Gov_ID":"Dhofar Governorate","Wlyt_ID":"Salalah","Road_ID":"104771","Latitude":17.03989159,"Longitude":54.033590510000003,"GlobalID":"{20920436-A86E-40B0-BC6C-F4006ED901B0}"}},{"type":"Feature","id":184,"geometry":{"type":"Point","coordinates":[184241.72460000031,1886271.5878999997]},"properties":{"OBJECTID":184,"Asset_ID":"LUD184","Name":"Laudary","District_ID":"Auqad al Shamaliyya Extension","Gov_ID":"Dhofar Governorate","Wlyt_ID":"Salalah","Road_ID":"104771","Latitude":17.039052730000002,"Longitude":54.034042409999998,"GlobalID":"{0D2256C2-92B8-461D-A0D7-AF33EA7508D3}"}},{"type":"Feature","id":185,"geometry":{"type":"Point","coordinates":[183418.22510000039,1886576.5503000002]},"properties":{"OBJECTID":185,"Asset_ID":"LUD185","Name":"Laudary","District_ID":"Auqad al Shamaliyya Extension","Gov_ID":"Dhofar Governorate","Wlyt_ID":"Salalah","Road_ID":"104783","Latitude":17.041692699999999,"Longitude":54.026271180000002,"GlobalID":"{F96B0553-D72C-47DA-BB82-A957854CE286}"}},{"type":"Feature","id":186,"geometry":{"type":"Point","coordinates":[182532.86840000004,1885632.7980000004]},"properties":{"OBJECTID":186,"Asset_ID":"LUD186","Name":"Awqad Laudary","District_ID":"Auqad al Shamaliyya Extension","Gov_ID":"Dhofar Governorate","Wlyt_ID":"Salalah","Road_ID":"104816","Latitude":17.033051400000002,"Longitude":54.018098160000001,"GlobalID":"{4D34078E-4E2A-4B80-A3F9-176EF1B9344D}"}},{"type":"Feature","id":187,"geometry":{"type":"Point","coordinates":[182449.99110000022,1885556.3057000004]},"properties":{"OBJECTID":187,"Asset_ID":"LUD187","Name":"Laudary","District_ID":"Auqad al Shamaliyya Extension","Gov_ID":"Dhofar Governorate","Wlyt_ID":"Salalah","Road_ID":"104830","Latitude":17.03234947,"Longitude":54.01733144,"GlobalID":"{721EFE39-F3F7-4245-B2FE-9BDCEA9F9A04}"}},{"type":"Feature","id":188,"geometry":{"type":"Point","coordinates":[187204.56969999988,1890491.6034999993]},"properties":{"OBJECTID":188,"Asset_ID":"LUD188","Name":"Laudary","District_ID":null,"Gov_ID":"Dhofar Governorate","Wlyt_ID":"Salalah","Road_ID":"104611","Latitude":17.077553290000001,"Longitude":54.061249650000001,"GlobalID":"{AC6E764A-D13C-488C-B909-B1541C1FA655}"}},{"type":"Feature","id":189,"geometry":{"type":"Point","coordinates":[187161.17800000031,1890472.1055999994]},"properties":{"OBJECTID":189,"Asset_ID":"LUD189","Name":"Laudary","District_ID":null,"Gov_ID":"Dhofar Governorate","Wlyt_ID":"Salalah","Road_ID":"104611","Latitude":17.077371370000002,"Longitude":54.060845129999997,"GlobalID":"{0E0A4E07-46E5-47DF-8D46-7506964FF163}"}},{"type":"Feature","id":190,"geometry":{"type":"Point","coordinates":[186993.18939999957,1890171.0110999998]},"properties":{"OBJECTID":190,"Asset_ID":"LUD190","Name":"Laudary","District_ID":null,"Gov_ID":"Dhofar Governorate","Wlyt_ID":"Salalah","Road_ID":"104611","Latitude":17.07463036,"Longitude":54.059311010000002,"GlobalID":"{AAEEA45E-254F-4703-833C-77A9D3A6A24A}"}},{"type":"Feature","id":191,"geometry":{"type":"Point","coordinates":[186958.86890000012,1890126.5931000002]},"properties":{"OBJECTID":191,"Asset_ID":"LUD191","Name":"Laudary","District_ID":null,"Gov_ID":"Dhofar Governorate","Wlyt_ID":"Salalah","Road_ID":"104611","Latitude":17.074224699999998,"Longitude":54.058995160000002,"GlobalID":"{109AD3B5-5399-4341-BC8A-01970FC3F57B}"}},{"type":"Feature","id":192,"geometry":{"type":"Point","coordinates":[186435.28729999997,1889817.3706999999]},"properties":{"OBJECTID":192,"Asset_ID":"LUD192","Name":"Laudary","District_ID":null,"Gov_ID":"Dhofar Governorate","Wlyt_ID":"Salalah","Road_ID":"104611","Latitude":17.071361849999999,"Longitude":54.054124719999997,"GlobalID":"{1CAA8161-67C3-4F9D-BD81-8816A66587FA}"}},{"type":"Feature","id":193,"geometry":{"type":"Point","coordinates":[185931.58490000013,1889322.6283999998]},"properties":{"OBJECTID":193,"Asset_ID":"LUD193","Name":"Laudary","District_ID":null,"Gov_ID":"Dhofar Governorate","Wlyt_ID":"Salalah","Road_ID":"104611","Latitude":17.066826840000001,"Longitude":54.049467360000001,"GlobalID":"{42A41004-7FCF-4511-8030-1DFCBFB6E53C}"}},{"type":"Feature","id":194,"geometry":{"type":"Point","coordinates":[185664.99670000002,1889065.4346999992]},"properties":{"OBJECTID":194,"Asset_ID":"LUD194","Name":"Laudary","District_ID":null,"Gov_ID":"Dhofar Governorate","Wlyt_ID":"Salalah","Road_ID":"104611","Latitude":17.06446863,"Longitude":54.04700184,"GlobalID":"{4026ADEC-0AC1-4D5A-B879-94ABFAB16D7C}"}},{"type":"Feature","id":195,"geometry":{"type":"Point","coordinates":[185529.85510000028,1889149.1326000001]},"properties":{"OBJECTID":195,"Asset_ID":"LUD195","Name":"Laudary","District_ID":null,"Gov_ID":"Dhofar Governorate","Wlyt_ID":"Salalah","Road_ID":"104611","Latitude":17.065205729999999,"Longitude":54.0457216,"GlobalID":"{68847A04-DD57-48E6-A6CF-D3908ADD98A3}"}},{"type":"Feature","id":196,"geometry":{"type":"Point","coordinates":[185116.72149999999,1888998.0963000003]},"properties":{"OBJECTID":196,"Asset_ID":"LUD196","Name":"Laudary","District_ID":null,"Gov_ID":"Dhofar Governorate","Wlyt_ID":"Salalah","Road_ID":"104611","Latitude":17.063785750000001,"Longitude":54.041865690000002,"GlobalID":"{2CC49136-88DD-477E-9834-8F12A120D30A}"}},{"type":"Feature","id":197,"geometry":{"type":"Point","coordinates":[185075.24810000043,1888914.0691]},"properties":{"OBJECTID":197,"Asset_ID":"LUD197","Name":"Laudary","District_ID":null,"Gov_ID":"Dhofar Governorate","Wlyt_ID":"Salalah","Road_ID":"104611","Latitude":17.06302153,"Longitude":54.041488409999999,"GlobalID":"{597E3F65-A015-4CD0-85AE-9C32DA09A7FF}"}},{"type":"Feature","id":198,"geometry":{"type":"Point","coordinates":[184307.77099999972,1888690.0505999997]},"properties":{"OBJECTID":198,"Asset_ID":"LUD198","Name":"Laudary","District_ID":null,"Gov_ID":"Dhofar Governorate","Wlyt_ID":"Salalah","Road_ID":"104611","Latitude":17.060894050000002,"Longitude":54.034317440000002,"GlobalID":"{4BE7AA72-C2B6-4B68-B2A1-19F77EA5F613}"}},{"type":"Feature","id":199,"geometry":{"type":"Point","coordinates":[185003.55200000014,1886386.2118999995]},"properties":{"OBJECTID":199,"Asset_ID":"LUD199","Name":"Laudary","District_ID":"Auqad al Shamaliyya Extension","Gov_ID":"Dhofar Governorate","Wlyt_ID":"Salalah","Road_ID":"104738","Latitude":17.040191780000001,"Longitude":54.041175109999998,"GlobalID":"{C6825FE7-F6F4-4A88-8EA5-C10B97F677B5}"}},{"type":"Feature","id":200,"geometry":{"type":"Point","coordinates":[182977.94249999989,1886326.4298]},"properties":{"OBJECTID":200,"Asset_ID":"LUD200","Name":"Laudary","District_ID":"Auqad al Shamaliyya Extension","Gov_ID":"Dhofar Governorate","Wlyt_ID":"Salalah","Road_ID":"104841","Latitude":17.039374250000002,"Longitude":54.022175339999997,"GlobalID":"{F0073140-D6BB-4C51-B1BD-DA3B29C23719}"}},{"type":"Feature","id":201,"geometry":{"type":"Point","coordinates":[182959.34100000001,1887652.5642000008]},"properties":{"OBJECTID":201,"Asset_ID":"LUD201","Name":"Laudary","District_ID":null,"Gov_ID":"Dhofar Governorate","Wlyt_ID":"Salalah","Road_ID":"104611","Latitude":17.05134301,"Longitude":54.02181101,"GlobalID":"{F3F2A40B-09BC-42DC-A2AE-79A0B8B76E1E}"}},{"type":"Feature","id":202,"geometry":{"type":"Point","coordinates":[201179.98759999964,1893501.6762000006]},"properties":{"OBJECTID":202,"Asset_ID":"LUD202","Name":"Laudary","District_ID":null,"Gov_ID":"Dhofar Governorate","Wlyt_ID":"Salalah","Road_ID":"102005","Latitude":17.106589589999999,"Longitude":54.192025579999999,"GlobalID":"{BCE84A09-8F7B-4CC1-B3DF-12B587EA4BCE}"}},{"type":"Feature","id":203,"geometry":{"type":"Point","coordinates":[198492.58050000016,1896329.8153000008]},"properties":{"OBJECTID":203,"Asset_ID":"LUD203","Name":"Laudary","District_ID":null,"Gov_ID":"Dhofar Governorate","Wlyt_ID":"Salalah","Road_ID":"101888","Latitude":17.13177134,"Longitude":54.166407880000001,"GlobalID":"{660B94CB-E24D-4324-B025-82307C86B117}"}},{"type":"Feature","id":204,"geometry":{"type":"Point","coordinates":[198612.47499999963,1896447.2550000008]},"properties":{"OBJECTID":204,"Asset_ID":"LUD204","Name":"Laudary","District_ID":null,"Gov_ID":"Dhofar Governorate","Wlyt_ID":"Salalah","Road_ID":"101870","Latitude":17.132847399999999,"Longitude":54.167517590000003,"GlobalID":"{10C059AC-DFA5-4073-89D0-01615DB2EFDA}"}},{"type":"Feature","id":205,"geometry":{"type":"Point","coordinates":[198645.66139999963,1896483.5680999998]},"properties":{"OBJECTID":205,"Asset_ID":"LUD205","Name":"Laudary","District_ID":null,"Gov_ID":"Dhofar Governorate","Wlyt_ID":"Salalah","Road_ID":"101870","Latitude":17.133179609999999,"Longitude":54.167824230000001,"GlobalID":"{C8EFDE18-4E7C-460C-B4C8-3416455E0482}"}},{"type":"Feature","id":206,"geometry":{"type":"Point","coordinates":[198697.75449999981,1896494.1385999992]},"properties":{"OBJECTID":206,"Asset_ID":"LUD206","Name":"Laudary","District_ID":null,"Gov_ID":"Dhofar Governorate","Wlyt_ID":"Salalah","Road_ID":"101892","Latitude":17.1332819,"Longitude":54.168311930000002,"GlobalID":"{B29AE75D-E1E8-4C9C-8ECC-EBD09299A82C}"}},{"type":"Feature","id":207,"geometry":{"type":"Point","coordinates":[198697.55659999978,1896511.7347999997]},"properties":{"OBJECTID":207,"Asset_ID":"LUD207","Name":"Laudary","District_ID":null,"Gov_ID":"Dhofar Governorate","Wlyt_ID":"Salalah","Road_ID":"101892","Latitude":17.133440740000001,"Longitude":54.168307660000004,"GlobalID":"{1DD40E42-772D-4EAE-BB3F-076C6228F2FB}"}},{"type":"Feature","id":208,"geometry":{"type":"Point","coordinates":[197583.50530000031,1882927.4514000006]},"properties":{"OBJECTID":208,"Asset_ID":"LUD208","Name":"Laudary","District_ID":"Dahariz al Janubiyya","Gov_ID":"Dhofar Governorate","Wlyt_ID":"Salalah","Road_ID":"100035","Latitude":17.010671590000001,"Longitude":54.159703520000001,"GlobalID":"{559A44B8-82EC-4788-B333-41EACA174027}"}},{"type":"Feature","id":209,"geometry":{"type":"Point","coordinates":[197667.21719999984,1882821.6031999998]},"properties":{"OBJECTID":209,"Asset_ID":"LUD209","Name":"Laudary","District_ID":"Dahariz al Janubiyya","Gov_ID":"Dhofar Governorate","Wlyt_ID":"Salalah","Road_ID":"100159","Latitude":17.009735060000001,"Longitude":54.160494870000001,"GlobalID":"{5F921277-A769-4D15-BB8F-E52604475988}"}},{"type":"Feature","id":210,"geometry":{"type":"Point","coordinates":[197754.61699999962,1882865.4679000005]},"properties":{"OBJECTID":210,"Asset_ID":"LUD210","Name":"automatic Laudary","District_ID":"Dahariz al Janubiyya","Gov_ID":"Dhofar Governorate","Wlyt_ID":"Salalah","Road_ID":"100172","Latitude":17.010152210000001,"Longitude":54.161307610000001,"GlobalID":"{E5FEE830-0C87-4D8B-A972-580A2AAFA839}"}},{"type":"Feature","id":211,"geometry":{"type":"Point","coordinates":[197797.27400000021,1882843.3831999991]},"properties":{"OBJECTID":211,"Asset_ID":"LUD211","Name":"Laudary","District_ID":"Dahariz al Janubiyya","Gov_ID":"Dhofar Governorate","Wlyt_ID":"Salalah","Road_ID":"100159","Latitude":17.009951910000002,"Longitude":54.161717269999997,"GlobalID":"{25354179-4500-4BDE-8E08-05C25BA1B1EC}"}},{"type":"Feature","id":212,"geometry":{"type":"Point","coordinates":[197461.0393000003,1883013.8747000005]},"properties":{"OBJECTID":212,"Asset_ID":"LUD212","Name":"Laudary","District_ID":"Dahariz al Janubiyya","Gov_ID":"Dhofar Governorate","Wlyt_ID":"Salalah","Road_ID":"100013","Latitude":17.01143716,"Longitude":54.158541999999997,"GlobalID":"{334DC66A-FEBB-4F94-AC7E-FB3A6F0C6231}"}},{"type":"Feature","id":213,"geometry":{"type":"Point","coordinates":[197959.00310000032,1884102.0045999996]},"properties":{"OBJECTID":213,"Asset_ID":"LUD213","Name":"غسيل الملابس وكيها بالبخار","District_ID":"Dahariz al Shamaliyya","Gov_ID":"Dhofar Governorate","Wlyt_ID":"Salalah","Road_ID":"100002","Latitude":17.021304279999999,"Longitude":54.163068520000003,"GlobalID":"{3FBD78B3-B4E1-4257-A83E-DB1D1CC898F5}"}},{"type":"Feature","id":214,"geometry":{"type":"Point","coordinates":[197848.74839999992,1883987.1256000008]},"properties":{"OBJECTID":214,"Asset_ID":"LUD214","Name":"Al Malaki Laundry","District_ID":"Dahariz al Janubiyya","Gov_ID":"Dhofar Governorate","Wlyt_ID":"Salalah","Road_ID":"100002","Latitude":17.020269509999999,"Longitude":54.162040439999998,"GlobalID":"{D1B4A3AC-71C0-4A37-A0AA-4C7F3B445C94}"}},{"type":"Feature","id":215,"geometry":{"type":"Point","coordinates":[197813.14829999954,1884025.4889000002]},"properties":{"OBJECTID":215,"Asset_ID":"LUD215","Name":"Laudary","District_ID":"Dahariz al Shamaliyya","Gov_ID":"Dhofar Governorate","Wlyt_ID":"Salalah","Road_ID":"100002","Latitude":17.020628259999999,"Longitude":54.16170047,"GlobalID":"{F96AC1C1-D800-4700-BB8B-7577710DA2DF}"}},{"type":"Feature","id":216,"geometry":{"type":"Point","coordinates":[197694.0186999999,1883984.2422000002]},"properties":{"OBJECTID":216,"Asset_ID":"LUD216","Name":"Al Taj Laudary","District_ID":"Dahariz al Shamaliyya","Gov_ID":"Dhofar Governorate","Wlyt_ID":"Salalah","Road_ID":"100002","Latitude":17.02020636,"Longitude":54.16059791,"GlobalID":"{03B70A89-3D82-4306-8BF0-C42DEE250E0A}"}},{"type":"Feature","id":217,"geometry":{"type":"Point","coordinates":[197490.60400000028,1883894.1344000008]},"properties":{"OBJECTID":217,"Asset_ID":"LUD217","Name":"Laudary","District_ID":"Dahariz al Shamaliyya","Gov_ID":"Dhofar Governorate","Wlyt_ID":"Salalah","Road_ID":"100002","Latitude":17.019366160000001,"Longitude":54.15870133,"GlobalID":"{00E0763D-6606-4D8A-8196-28FED6D5CBB2}"}},{"type":"Feature","id":218,"geometry":{"type":"Point","coordinates":[197751.01779999956,1885827.5339000002]},"properties":{"OBJECTID":218,"Asset_ID":"LUD218","Name":"Laudary","District_ID":"al Sada al Janubiyya","Gov_ID":"Dhofar Governorate","Wlyt_ID":"Salalah","Road_ID":"100353","Latitude":17.03685574,"Longitude":54.160881570000001,"GlobalID":"{12E0E40F-6B09-4678-A998-72A398FBB0F0}"}},{"type":"Feature","id":219,"geometry":{"type":"Point","coordinates":[197742.79820000008,1885703.8565999996]},"properties":{"OBJECTID":219,"Asset_ID":"LUD219","Name":"مغسلة الليالي","District_ID":"Dahariz al Shamaliyya","Gov_ID":"Dhofar Governorate","Wlyt_ID":"Salalah","Road_ID":"100124","Latitude":17.03573806,"Longitude":54.160821300000002,"GlobalID":"{4845BBFC-1396-4E3C-AF11-B1EAF4D83FFE}"}},{"type":"Feature","id":220,"geometry":{"type":"Point","coordinates":[197407.64030000009,1885991.2335000001]},"properties":{"OBJECTID":220,"Asset_ID":"LUD220","Name":"Laudary","District_ID":"al Sada al Janubiyya","Gov_ID":"Dhofar Governorate","Wlyt_ID":"Salalah","Road_ID":"100196","Latitude":17.038288609999999,"Longitude":54.157636660000001,"GlobalID":"{B2786E65-CFC2-4983-AA26-ABD480508F4B}"}},{"type":"Feature","id":221,"geometry":{"type":"Point","coordinates":[197788.1978000002,1886110.1481999997]},"properties":{"OBJECTID":221,"Asset_ID":"LUD221","Name":"Laudary","District_ID":"al Sada al Janubiyya","Gov_ID":"Dhofar Governorate","Wlyt_ID":"Salalah","Road_ID":"107466","Latitude":17.039412160000001,"Longitude":54.161191969999997,"GlobalID":"{47031B28-6213-45B7-B14D-7E0FA67C7DA0}"}},{"type":"Feature","id":222,"geometry":{"type":"Point","coordinates":[190183.18809999991,1883767.5858999994]},"properties":{"OBJECTID":222,"Asset_ID":"LUD222","Name":" Laundry","District_ID":"Salalah al Jadida","Gov_ID":"Dhofar Governorate","Wlyt_ID":"Salalah","Road_ID":"104187","Latitude":17.017272460000001,"Longitude":54.09015016,"GlobalID":"{EF46838B-682C-4CE4-927C-72339C7E957C}"}},{"type":"Feature","id":223,"geometry":{"type":"Point","coordinates":[190134.27579999994,1883663.9184000008]},"properties":{"OBJECTID":223,"Asset_ID":"LUD223","Name":" Laundry","District_ID":"Salalah al Jadida","Gov_ID":"Dhofar Governorate","Wlyt_ID":"Salalah","Road_ID":"104191","Latitude":17.01635048,"Longitude":54.0897066,"GlobalID":"{60AFB28B-8246-4E0E-9EC9-3E51B9B13E0E}"}},{"type":"Feature","id":224,"geometry":{"type":"Point","coordinates":[190048.22400000039,1883823.8457999993]},"properties":{"OBJECTID":224,"Asset_ID":"LUD224","Name":"MAGIC WASHING","District_ID":"Salalah al Jadida","Gov_ID":"Dhofar Governorate","Wlyt_ID":"Salalah","Road_ID":"104187","Latitude":17.01774356,"Longitude":54.088873970000002,"GlobalID":"{7A528259-62C0-4D0B-949F-6B448C300DB5}"}},{"type":"Feature","id":225,"geometry":{"type":"Point","coordinates":[190056.93329999968,1883787.8068000004]},"properties":{"OBJECTID":225,"Asset_ID":"LUD225","Name":" Laundry","District_ID":"Salalah al Jadida","Gov_ID":"Dhofar Governorate","Wlyt_ID":"Salalah","Road_ID":"104187","Latitude":17.017453400000001,"Longitude":54.088956320000001,"GlobalID":"{73EAEA06-6246-4E58-AE48-775A80F792CD}"}},{"type":"Feature","id":226,"geometry":{"type":"Point","coordinates":[189974.75200000033,1883794.4362000003]},"properties":{"OBJECTID":226,"Asset_ID":"LUD226","Name":"2.VIP laundry","District_ID":"Salalah al Jadida","Gov_ID":"Dhofar Governorate","Wlyt_ID":"Salalah","Road_ID":"104187","Latitude":17.017493380000001,"Longitude":54.088187869999999,"GlobalID":"{3E092774-894F-410E-A013-55EE95F122E6}"}},{"type":"Feature","id":227,"geometry":{"type":"Point","coordinates":[189810.1643000003,1883803.5273000002]},"properties":{"OBJECTID":227,"Asset_ID":"LUD227","Name":" Laundry","District_ID":"Salalah al Jadida","Gov_ID":"Dhofar Governorate","Wlyt_ID":"Salalah","Road_ID":"104191","Latitude":17.017528129999999,"Longitude":54.086643010000003,"GlobalID":"{38A1D5AE-5D49-42DD-B1C8-8AFF8F57BD3B}"}},{"type":"Feature","id":228,"geometry":{"type":"Point","coordinates":[189828.1398,1883846.2382999994]},"properties":{"OBJECTID":228,"Asset_ID":"LUD228","Name":" Laundry","District_ID":"Salalah al Jadida","Gov_ID":"Dhofar Governorate","Wlyt_ID":"Salalah","Road_ID":"104187","Latitude":17.01791613,"Longitude":54.08680571,"GlobalID":"{00EF9F3E-0EDB-4C10-B433-B13EB8CD111A}"}},{"type":"Feature","id":229,"geometry":{"type":"Point","coordinates":[189885.57110000029,1883804.1039000005]},"properties":{"OBJECTID":229,"Asset_ID":"LUD229","Name":" Laundry","District_ID":"Salalah al Jadida","Gov_ID":"Dhofar Governorate","Wlyt_ID":"Salalah","Road_ID":"104187","Latitude":17.017574700000001,"Longitude":54.08735136,"GlobalID":"{3841A7E4-BF06-4072-B8A3-A68CA8FB4AB0}"}},{"type":"Feature","id":230,"geometry":{"type":"Point","coordinates":[189907.42580000032,1883802.6828000005]},"properties":{"OBJECTID":230,"Asset_ID":"LUD230","Name":" Laundry","District_ID":"Salalah al Jadida","Gov_ID":"Dhofar Governorate","Wlyt_ID":"Salalah","Road_ID":"104187","Latitude":17.017564799999999,"Longitude":54.087556630000002,"GlobalID":"{DEEFF276-6EBB-4DFC-8D8C-961EEAFB52ED}"}},{"type":"Feature","id":231,"geometry":{"type":"Point","coordinates":[189824.64460000023,1883894.7489999998]},"properties":{"OBJECTID":231,"Asset_ID":"LUD231","Name":" Laundry","District_ID":"Salalah al Jadida","Gov_ID":"Dhofar Governorate","Wlyt_ID":"Salalah","Road_ID":"104249","Latitude":17.018353609999998,"Longitude":54.086766130000001,"GlobalID":"{D144C211-86F4-411B-A634-0A6FBA901E8C}"}},{"type":"Feature","id":232,"geometry":{"type":"Point","coordinates":[189817.05999999959,1884046.7777999993]},"properties":{"OBJECTID":232,"Asset_ID":"LUD232","Name":" Laundry","District_ID":"Salalah al Jadida","Gov_ID":"Dhofar Governorate","Wlyt_ID":"Salalah","Road_ID":"104253","Latitude":17.019757569999999,"Longitude":54.086670130000002,"GlobalID":"{51BFDF74-0C72-43BE-AB4B-6F7714E0584E}"}},{"type":"Feature","id":233,"geometry":{"type":"Point","coordinates":[189789.23139999993,1884100.8681000005]},"properties":{"OBJECTID":233,"Asset_ID":"LUD233","Name":" Laundry","District_ID":"Salalah al Jadida","Gov_ID":"Dhofar Governorate","Wlyt_ID":"Salalah","Road_ID":"104254","Latitude":17.020240709999999,"Longitude":54.086404539999997,"GlobalID":"{6BFD980C-6C32-4843-9430-79BD4344F6D0}"}},{"type":"Feature","id":234,"geometry":{"type":"Point","coordinates":[189607.01850000024,1884105.3846000005]},"properties":{"OBJECTID":234,"Asset_ID":"LUD234","Name":"National Laundry & Dry Cleaning\r\n","District_ID":"Salalah al Jadida","Gov_ID":"Dhofar Governorate","Wlyt_ID":"Salalah","Road_ID":"104189","Latitude":17.0202259,"Longitude":54.084694599999999,"GlobalID":"{036C3FA9-091F-40FC-978E-7B5D402EAF68}"}},{"type":"Feature","id":235,"geometry":{"type":"Point","coordinates":[189567.46769999992,1884171.2971999999]},"properties":{"OBJECTID":235,"Asset_ID":"LUD235","Name":" Laundry","District_ID":"Salalah al Jadida","Gov_ID":"Dhofar Governorate","Wlyt_ID":"Salalah","Road_ID":"104189","Latitude":17.02081707,"Longitude":54.084319909999998,"GlobalID":"{6B382B66-C226-4C55-BF2E-0CFE0D1215B4}"}},{"type":"Feature","id":236,"geometry":{"type":"Point","coordinates":[189603.40809999965,1884219.5363999996]},"properties":{"OBJECTID":236,"Asset_ID":"LUD236","Name":" Laundry","District_ID":"Salalah al Jadida","Gov_ID":"Dhofar Governorate","Wlyt_ID":"Salalah","Road_ID":"104189","Latitude":17.02125595,"Longitude":54.084644760000003,"GlobalID":"{EFC2BDCF-C242-41AC-8F25-DE91DDFAE9DE}"}},{"type":"Feature","id":237,"geometry":{"type":"Point","coordinates":[189582.82079999987,1884001.6799999997]},"properties":{"OBJECTID":237,"Asset_ID":"LUD237","Name":"Laudary","District_ID":"Salalah al Jadida","Gov_ID":"Dhofar Governorate","Wlyt_ID":"Salalah","Road_ID":"104265","Latitude":17.019286430000001,"Longitude":54.084482049999998,"GlobalID":"{AC4AA979-CFB6-488F-9BAF-471B6EAA5CD6}"}},{"type":"Feature","id":238,"geometry":{"type":"Point","coordinates":[189561.92619999964,1883998.6072000004]},"properties":{"OBJECTID":238,"Asset_ID":"LUD238","Name":"Laudary","District_ID":"Salalah al Jadida","Gov_ID":"Dhofar Governorate","Wlyt_ID":"Salalah","Road_ID":"104265","Latitude":17.019255869999999,"Longitude":54.084286419999998,"GlobalID":"{3C0868B0-0379-49D7-BAF8-B015F7BBAD83}"}},{"type":"Feature","id":239,"geometry":{"type":"Point","coordinates":[189587.27630000003,1883969.4163000006]},"properties":{"OBJECTID":239,"Asset_ID":"LUD239","Name":"Laudary","District_ID":"Salalah al Jadida","Gov_ID":"Dhofar Governorate","Wlyt_ID":"Salalah","Road_ID":"104189","Latitude":17.018995759999999,"Longitude":54.084528370000001,"GlobalID":"{CAF7B6E6-1B89-4A67-8AE1-3F527C937127}"}},{"type":"Feature","id":240,"geometry":{"type":"Point","coordinates":[189624.94060000032,1883927.2169000003]},"properties":{"OBJECTID":240,"Asset_ID":"LUD240","Name":"مغاسل سوبر بخار\r\n","District_ID":"Salalah al Jadida","Gov_ID":"Dhofar Governorate","Wlyt_ID":"Salalah","Road_ID":"104189","Latitude":17.01863741,"Longitude":54.084885759999999,"GlobalID":"{428E11FC-1183-46CA-9A83-E6656CDB9715}"}},{"type":"Feature","id":241,"geometry":{"type":"Point","coordinates":[189662.7117999997,1883651.8498]},"properties":{"OBJECTID":241,"Asset_ID":"LUD241","Name":" Laundry","District_ID":"Salalah al Jadida","Gov_ID":"Dhofar Governorate","Wlyt_ID":"Salalah","Road_ID":"104189","Latitude":17.016138990000002,"Longitude":54.085280619999999,"GlobalID":"{88DA7F80-A0AC-4371-B171-5F904E00B1DD}"}},{"type":"Feature","id":242,"geometry":{"type":"Point","coordinates":[189730.9263000004,1883469.3297000006]},"properties":{"OBJECTID":242,"Asset_ID":"LUD242","Name":" Laundry","District_ID":"Salalah al Jadida","Gov_ID":"Dhofar Governorate","Wlyt_ID":"Salalah","Road_ID":"104190","Latitude":17.01450041,"Longitude":54.085946200000002,"GlobalID":"{051A6CE4-AFAF-40CF-A406-327847897E14}"}},{"type":"Feature","id":243,"geometry":{"type":"Point","coordinates":[189781.78000000026,1883508.5069999993]},"properties":{"OBJECTID":243,"Asset_ID":"LUD243","Name":" Laundry","District_ID":"Salalah al Jadida","Gov_ID":"Dhofar Governorate","Wlyt_ID":"Salalah","Road_ID":"104190","Latitude":17.014860930000001,"Longitude":54.086417900000001,"GlobalID":"{ADE011B9-C8E5-4A3A-8F41-AAD1A11E17A5}"}},{"type":"Feature","id":244,"geometry":{"type":"Point","coordinates":[189798.00769999996,1883487.4304000009]},"properties":{"OBJECTID":244,"Asset_ID":"LUD244","Name":" Laundry","District_ID":"Salalah al Jadida","Gov_ID":"Dhofar Governorate","Wlyt_ID":"Salalah","Road_ID":"104190","Latitude":17.014710430000001,"Longitude":54.086564420000002,"GlobalID":"{B481F071-8310-490D-A50F-723FAD98A367}"}},{"type":"Feature","id":245,"geometry":{"type":"Point","coordinates":[189851.78050000034,1883502.4868000001]},"properties":{"OBJECTID":245,"Asset_ID":"LUD245","Name":"STEAM WASHIG & IRONING OF CLOTHES","District_ID":"Salalah al Jadida","Gov_ID":"Dhofar Governorate","Wlyt_ID":"Salalah","Road_ID":"104190","Latitude":17.01485358,"Longitude":54.087066880000002,"GlobalID":"{709FB93A-ADC8-4A5D-A162-5A189A20DA59}"}},{"type":"Feature","id":246,"geometry":{"type":"Point","coordinates":[189876.51599999983,1883510.6294999998]},"properties":{"OBJECTID":246,"Asset_ID":"LUD246","Name":" Laundry","District_ID":"Salalah al Jadida","Gov_ID":"Dhofar Governorate","Wlyt_ID":"Salalah","Road_ID":"104190","Latitude":17.014930419999999,"Longitude":54.087297839999998,"GlobalID":"{B3931E59-5169-4D4A-A900-0AB0B1C7B46D}"}},{"type":"Feature","id":247,"geometry":{"type":"Point","coordinates":[189963.72520000022,1883539.5209999997]},"properties":{"OBJECTID":247,"Asset_ID":"LUD247","Name":"الخليج العبي للمغاسل الاوتوماتيكية و البخار","District_ID":"Salalah al Jadida","Gov_ID":"Dhofar Governorate","Wlyt_ID":"Salalah","Road_ID":"104190","Latitude":17.015173860000001,"Longitude":54.088118850000001,"GlobalID":"{2FF83D74-DE9D-4794-9A10-FACA0466EFD8}"}},{"type":"Feature","id":248,"geometry":{"type":"Point","coordinates":[189706.65180000011,1883396.0450999998]},"properties":{"OBJECTID":248,"Asset_ID":"LUD248","Name":"مغسلة ماء الورد للغسيل الجاف","District_ID":"Salalah al Jadida","Gov_ID":"Dhofar Governorate","Wlyt_ID":"Salalah","Road_ID":"104190","Latitude":17.01383555,"Longitude":54.085728670000002,"GlobalID":"{147D6DA0-B836-4C59-BA86-54BC900447C0}"}},{"type":"Feature","id":249,"geometry":{"type":"Point","coordinates":[189849.07529999968,1883347.1811999995]},"properties":{"OBJECTID":249,"Asset_ID":"LUD249","Name":" Laundry","District_ID":"Salalah al Gharbiyya","Gov_ID":"Dhofar Governorate","Wlyt_ID":"Salalah","Road_ID":"103812","Latitude":17.013423979999999,"Longitude":54.087068090000002,"GlobalID":"{400BF925-E0BC-4F42-9100-91B3186AD87D}"}},{"type":"Feature","id":250,"geometry":{"type":"Point","coordinates":[189629.65419999976,1883275.6610000003]},"properties":{"OBJECTID":250,"Asset_ID":"LUD250","Name":"Laudary","District_ID":"Salalah al Gharbiyya","Gov_ID":"Dhofar Governorate","Wlyt_ID":"Salalah","Road_ID":"103812","Latitude":17.012761950000002,"Longitude":54.085014970000003,"GlobalID":"{432ADC90-ADF7-4C2E-8E82-1B863858E30F}"}},{"type":"Feature","id":251,"geometry":{"type":"Point","coordinates":[189495.17119999975,1883210.3753999993]},"properties":{"OBJECTID":251,"Asset_ID":"LUD251","Name":"Laudary","District_ID":"Salalah al Gharbiyya","Gov_ID":"Dhofar Governorate","Wlyt_ID":"Salalah","Road_ID":"104466","Latitude":17.012130920000001,"Longitude":54.083770289999997,"GlobalID":"{0B4C1CC6-598A-42E2-8C65-DB7F395D5A1D}"}},{"type":"Feature","id":252,"geometry":{"type":"Point","coordinates":[189051.93010000046,1883205.9199999999]},"properties":{"OBJECTID":252,"Asset_ID":"LUD252","Name":"Laudary","District_ID":"Salalah al Jadida","Gov_ID":"Dhofar Governorate","Wlyt_ID":"Salalah","Road_ID":"104246","Latitude":17.012031010000001,"Longitude":54.079611970000002,"GlobalID":"{243838BA-0260-48D5-BB7A-B121A34BE2B2}"}},{"type":"Feature","id":253,"geometry":{"type":"Point","coordinates":[189009.6799999997,1883408.5664000008]},"properties":{"OBJECTID":253,"Asset_ID":"LUD253","Name":"Laudary","District_ID":"Salalah al Jadida","Gov_ID":"Dhofar Governorate","Wlyt_ID":"Salalah","Road_ID":"104246","Latitude":17.013854760000001,"Longitude":54.079187150000003,"GlobalID":"{C02D703A-5B4B-49A6-81A9-4DD4ADD55A96}"}},{"type":"Feature","id":254,"geometry":{"type":"Point","coordinates":[188836.16949999984,1883438.7941999994]},"properties":{"OBJECTID":254,"Asset_ID":"LUD254","Name":"Laudary","District_ID":"Salalah al Jadida","Gov_ID":"Dhofar Governorate","Wlyt_ID":"Salalah","Road_ID":"104307","Latitude":17.014129579999999,"Longitude":54.077554970000001,"GlobalID":"{1228F215-240B-4C35-8904-6D44934E7EBF}"}},{"type":"Feature","id":255,"geometry":{"type":"Point","coordinates":[188661.69350000005,1883364.3191]},"properties":{"OBJECTID":255,"Asset_ID":"LUD255","Name":"GLOBAL LAUNDRY & DRYCLEAN\r\n","District_ID":"Salalah al Jadida","Gov_ID":"Dhofar Governorate","Wlyt_ID":"Salalah","Road_ID":"104285","Latitude":17.013408380000001,"Longitude":54.075928169999997,"GlobalID":"{538787D0-BA5F-4D22-A150-7CD6B87BBE10}"}},{"type":"Feature","id":256,"geometry":{"type":"Point","coordinates":[188662.15440000035,1883283.9672999997]},"properties":{"OBJECTID":256,"Asset_ID":"LUD256","Name":"Dream Laudary","District_ID":"Salalah al Jadida","Gov_ID":"Dhofar Governorate","Wlyt_ID":"Salalah","Road_ID":"104285","Latitude":17.01268305,"Longitude":54.075943760000001,"GlobalID":"{53768DC5-67F2-4FA5-9E76-8B6A416C5E37}"}},{"type":"Feature","id":257,"geometry":{"type":"Point","coordinates":[188335.83059999999,1882972.1621000003]},"properties":{"OBJECTID":257,"Asset_ID":"LUD257","Name":"Laudary","District_ID":"al Wadi","Gov_ID":"Dhofar Governorate","Wlyt_ID":"Salalah","Road_ID":"104322","Latitude":17.009824120000001,"Longitude":54.07292563,"GlobalID":"{122E77E0-7725-45ED-BE4A-A6C6544A6ED4}"}},{"type":"Feature","id":258,"geometry":{"type":"Point","coordinates":[188342.05279999971,1882983.0702999998]},"properties":{"OBJECTID":258,"Asset_ID":"LUD258","Name":"Laudary","District_ID":"al Wadi","Gov_ID":"Dhofar Governorate","Wlyt_ID":"Salalah","Road_ID":"100583","Latitude":17.009923440000001,"Longitude":54.072982490000001,"GlobalID":"{EC002411-C209-4915-8851-2CF5E9C3F797}"}},{"type":"Feature","id":259,"geometry":{"type":"Point","coordinates":[188339.2873999998,1883048.2122000009]},"properties":{"OBJECTID":259,"Asset_ID":"LUD259","Name":"Laudary","District_ID":"al Wadi","Gov_ID":"Dhofar Governorate","Wlyt_ID":"Salalah","Road_ID":"100583","Latitude":17.010511139999998,"Longitude":54.072947399999997,"GlobalID":"{F21C232F-93C5-4662-95B4-47F555069FF8}"}},{"type":"Feature","id":260,"geometry":{"type":"Point","coordinates":[188026.22229999956,1882848.7770000007]},"properties":{"OBJECTID":260,"Asset_ID":"LUD260","Name":"Laudary","District_ID":"al Wadi","Gov_ID":"Dhofar Governorate","Wlyt_ID":"Salalah","Road_ID":"104326","Latitude":17.008689950000001,"Longitude":54.070030709999997,"GlobalID":"{3CDE89C6-3686-484E-AAE1-324B8BDA4587}"}},{"type":"Feature","id":261,"geometry":{"type":"Point","coordinates":[188002.7648,1882795.7646999992]},"properties":{"OBJECTID":261,"Asset_ID":"LUD261","Name":"Laudary","District_ID":"al Wadi","Gov_ID":"Dhofar Governorate","Wlyt_ID":"Salalah","Road_ID":"104327","Latitude":17.008212539999999,"Longitude":54.069825469999998,"GlobalID":"{7F74765F-FDF7-4FFA-8437-D60B42AE9952}"}},{"type":"Feature","id":262,"geometry":{"type":"Point","coordinates":[187288.79220000003,1882520.4389999993]},"properties":{"OBJECTID":262,"Asset_ID":"LUD262","Name":"Laudary","District_ID":"al Wadi","Gov_ID":"Dhofar Governorate","Wlyt_ID":"Salalah","Road_ID":"103812","Latitude":17.005636590000002,"Longitude":54.063156710000001,"GlobalID":"{CBF2DF77-F480-42FC-873D-904D6C56A78B}"}},{"type":"Feature","id":263,"geometry":{"type":"Point","coordinates":[187250.7731999997,1882549.0472999997]},"properties":{"OBJECTID":263,"Asset_ID":"LUD263","Name":"Laudary","District_ID":"al Wadi","Gov_ID":"Dhofar Governorate","Wlyt_ID":"Salalah","Road_ID":"103812","Latitude":17.005857630000001,"Longitude":54.06280434,"GlobalID":"{788BA5D7-1640-4F8B-A56C-5FF154DB8A0C}"}},{"type":"Feature","id":264,"geometry":{"type":"Point","coordinates":[186832.59769999981,1882527.2905000001]},"properties":{"OBJECTID":264,"Asset_ID":"LUD264","Name":"Laudary","District_ID":"al Wadi","Gov_ID":"Dhofar Governorate","Wlyt_ID":"Salalah","Road_ID":"105470","Latitude":17.005645820000002,"Longitude":54.058873990000002,"GlobalID":"{FCA7CF40-A5F3-4138-BEDB-BBDA1C99944F}"}},{"type":"Feature","id":265,"geometry":{"type":"Point","coordinates":[186829.15629999992,1882549.7003000006]},"properties":{"OBJECTID":265,"Asset_ID":"LUD265","Name":"Dry Cleaning & Pressing of clothing","District_ID":"al Wadi","Gov_ID":"Dhofar Governorate","Wlyt_ID":"Salalah","Road_ID":"105470","Latitude":17.005806369999998,"Longitude":54.058848419999997,"GlobalID":"{45EE5D0E-DE4D-4808-9820-E7117A60417F}"}},{"type":"Feature","id":266,"geometry":{"type":"Point","coordinates":[186869.81859999988,1882680.0059999991]},"properties":{"OBJECTID":266,"Asset_ID":"LUD266","Name":"Laudary","District_ID":"al Wadi","Gov_ID":"Dhofar Governorate","Wlyt_ID":"Salalah","Road_ID":"105354","Latitude":17.006980009999999,"Longitude":54.059232360000003,"GlobalID":"{DABDD145-D463-4539-A7A4-937773229E65}"}},{"type":"Feature","id":267,"geometry":{"type":"Point","coordinates":[186852.49370000046,1882650.9933000002]},"properties":{"OBJECTID":267,"Asset_ID":"LUD267","Name":"Laudary","District_ID":"al Wadi","Gov_ID":"Dhofar Governorate","Wlyt_ID":"Salalah","Road_ID":"105354","Latitude":17.00676309,"Longitude":54.059053349999999,"GlobalID":"{68D5A7C6-F2E6-4388-AF01-B2BEE159743C}"}},{"type":"Feature","id":268,"geometry":{"type":"Point","coordinates":[186822.08910000045,1882719.0077]},"properties":{"OBJECTID":268,"Asset_ID":"LUD268","Name":"Laudary","District_ID":"al Wadi","Gov_ID":"Dhofar Governorate","Wlyt_ID":"Salalah","Road_ID":"105338","Latitude":17.007333849999998,"Longitude":54.058758230000002,"GlobalID":"{07830EFA-ED78-46FF-BD49-A709A0B4DAA2}"}},{"type":"Feature","id":269,"geometry":{"type":"Point","coordinates":[186824.54719999991,1882740.3630999997]},"properties":{"OBJECTID":269,"Asset_ID":"LUD269","Name":"Laudary","District_ID":"al Wadi","Gov_ID":"Dhofar Governorate","Wlyt_ID":"Salalah","Road_ID":"105338","Latitude":17.007526970000001,"Longitude":54.058778289999999,"GlobalID":"{84A3F3C3-E081-490E-9B3C-C25D68DC58A8}"}},{"type":"Feature","id":270,"geometry":{"type":"Point","coordinates":[186825.16179999989,1882751.7322000004]},"properties":{"OBJECTID":270,"Asset_ID":"LUD270","Name":"مغسلة السفير\r\n","District_ID":"al Wadi","Gov_ID":"Dhofar Governorate","Wlyt_ID":"Salalah","Road_ID":"105338","Latitude":17.007629690000002,"Longitude":54.058782450000002,"GlobalID":"{83308CDD-AF25-4258-85B3-E5A00AA4DB7E}"}},{"type":"Feature","id":271,"geometry":{"type":"Point","coordinates":[186837.52950000018,1883355.9844000004]},"properties":{"OBJECTID":271,"Asset_ID":"LUD271","Name":"Laudary","District_ID":"al Wadi","Gov_ID":"Dhofar Governorate","Wlyt_ID":"Salalah","Road_ID":"105338","Latitude":17.01308629,"Longitude":54.058813280000003,"GlobalID":"{30B1A545-535B-4B0B-8EEB-7DB07B5C7B07}"}},{"type":"Feature","id":272,"geometry":{"type":"Point","coordinates":[186943.58320000023,1883619.5205000006]},"properties":{"OBJECTID":272,"Asset_ID":"LUD272","Name":"Laudary","District_ID":"al Wadi","Gov_ID":"Dhofar Governorate","Wlyt_ID":"Salalah","Road_ID":"104340","Latitude":17.015482240000001,"Longitude":54.059780840000002,"GlobalID":"{BC5688B9-F0F7-411B-89D6-B9363D624F05}"}},{"type":"Feature","id":273,"geometry":{"type":"Point","coordinates":[186971.03959999979,1883558.7844999991]},"properties":{"OBJECTID":273,"Asset_ID":"LUD273","Name":"Laudary","District_ID":"al Wadi","Gov_ID":"Dhofar Governorate","Wlyt_ID":"Salalah","Road_ID":"104340","Latitude":17.0149352,"Longitude":54.060037389999998,"GlobalID":"{9F1BDEEF-4D6B-4FB0-8A7B-B39100A32411}"}},{"type":"Feature","id":274,"geometry":{"type":"Point","coordinates":[186997.21899999958,1883507.8976000007]},"properties":{"OBJECTID":274,"Asset_ID":"LUD274","Name":"Laudary","District_ID":"al Wadi","Gov_ID":"Dhofar Governorate","Wlyt_ID":"Salalah","Road_ID":"104340","Latitude":17.01450183,"Longitude":54.060287840000001,"GlobalID":"{3D7AEBEC-6B86-4158-A861-7D1DA7076124}"}},{"type":"Feature","id":275,"geometry":{"type":"Point","coordinates":[187197.42289999966,1883288.8764999993]},"properties":{"OBJECTID":275,"Asset_ID":"LUD275","Name":"Laudary","District_ID":"al Wadi","Gov_ID":"Dhofar Governorate","Wlyt_ID":"Salalah","Road_ID":"105358","Latitude":17.01256922,"Longitude":54.062198950000003,"GlobalID":"{53761CED-1CDE-4A3F-BA89-3B71479D31A3}"}},{"type":"Feature","id":276,"geometry":{"type":"Point","coordinates":[189506.88599999994,1883834.1009999998]},"properties":{"OBJECTID":276,"Asset_ID":"LUD276","Name":"Laundry\r\n","District_ID":"Salalah al Jadida","Gov_ID":"Dhofar Governorate","Wlyt_ID":"Salalah","Road_ID":"104272","Latitude":17.017763339999998,"Longitude":54.083792969999998,"GlobalID":"{8656D599-5BBA-4C93-B9D0-7B8933705699}"}},{"type":"Feature","id":277,"geometry":{"type":"Point","coordinates":[189412.86050000042,1883817.2009999994]},"properties":{"OBJECTID":277,"Asset_ID":"LUD277","Name":"Laundry\r\n","District_ID":"Salalah al Jadida","Gov_ID":"Dhofar Governorate","Wlyt_ID":"Salalah","Road_ID":"104271","Latitude":17.017598119999999,"Longitude":54.082913060000003,"GlobalID":"{89AE64D6-6EF2-4592-8A2F-D4F64835311C}"}},{"type":"Feature","id":278,"geometry":{"type":"Point","coordinates":[189431.75779999979,1883821.5028000008]},"properties":{"OBJECTID":278,"Asset_ID":"LUD278","Name":"Laundry\r\n","District_ID":"Salalah al Jadida","Gov_ID":"Dhofar Governorate","Wlyt_ID":"Salalah","Road_ID":"104271","Latitude":17.017639500000001,"Longitude":54.083089780000002,"GlobalID":"{48618234-CB5B-4F19-9167-A9AA1450CA6E}"}},{"type":"Feature","id":279,"geometry":{"type":"Point","coordinates":[189167.43360000011,1883838.9780999999]},"properties":{"OBJECTID":279,"Asset_ID":"LUD279","Name":"Laundry\r\n","District_ID":"Salalah al Jadida","Gov_ID":"Dhofar Governorate","Wlyt_ID":"Salalah","Road_ID":"104210","Latitude":17.01779664,"Longitude":54.080603600000003,"GlobalID":"{D0EB6153-2CAC-406E-B483-2DB45D8B8B3A}"}},{"type":"Feature","id":280,"geometry":{"type":"Point","coordinates":[189153.44529999979,1883911.3702000007]},"properties":{"OBJECTID":280,"Asset_ID":"LUD280","Name":"Laundry\r\n","District_ID":"Salalah al Jadida","Gov_ID":"Dhofar Governorate","Wlyt_ID":"Salalah","Road_ID":"104210","Latitude":17.018436980000001,"Longitude":54.080465330000003,"GlobalID":"{C91EC134-0F24-48A0-8C6B-30CABC8710F5}"}},{"type":"Feature","id":281,"geometry":{"type":"Point","coordinates":[189133.62619999982,1884093.2857000008]},"properties":{"OBJECTID":281,"Asset_ID":"LUD281","Name":"Laundry\r\n","District_ID":"Salalah al Jadida","Gov_ID":"Dhofar Governorate","Wlyt_ID":"Salalah","Road_ID":"104210","Latitude":17.020052920000001,"Longitude":54.080254250000003,"GlobalID":"{7AB8E4EF-F683-41E5-AE70-D73CAB91DCB8}"}},{"type":"Feature","id":282,"geometry":{"type":"Point","coordinates":[188902.90270000044,1883813.8978000004]},"properties":{"OBJECTID":282,"Asset_ID":"LUD282","Name":"Laudary","District_ID":"Salalah al Jadida","Gov_ID":"Dhofar Governorate","Wlyt_ID":"Salalah","Road_ID":"104246","Latitude":17.017499579999999,"Longitude":54.07812844,"GlobalID":"{0637FA8B-88E6-4426-9821-A15F2C9C61AA}"}},{"type":"Feature","id":283,"geometry":{"type":"Point","coordinates":[188932.40089999977,1883845.7005000003]},"properties":{"OBJECTID":283,"Asset_ID":"LUD283","Name":"Laudary","District_ID":"Salalah al Jadida","Gov_ID":"Dhofar Governorate","Wlyt_ID":"Salalah","Road_ID":"104246","Latitude":17.017790659999999,"Longitude":54.078400780000003,"GlobalID":"{EE6335C0-2096-47D2-9A56-5F73F14FC601}"}},{"type":"Feature","id":284,"geometry":{"type":"Point","coordinates":[188890.30449999962,1883939.7260999996]},"properties":{"OBJECTID":284,"Asset_ID":"LUD284","Name":"Laudary","District_ID":"Salalah al Jadida","Gov_ID":"Dhofar Governorate","Wlyt_ID":"Salalah","Road_ID":"104246","Latitude":17.018633820000002,"Longitude":54.077992590000001,"GlobalID":"{6062993E-8ED1-4531-A636-A9AC242C0CA1}"}},{"type":"Feature","id":285,"geometry":{"type":"Point","coordinates":[188914.64620000031,1884028.9531999994]},"properties":{"OBJECTID":285,"Asset_ID":"LUD285","Name":"Laudary","District_ID":"Salalah al Jadida","Gov_ID":"Dhofar Governorate","Wlyt_ID":"Salalah","Road_ID":"104246","Latitude":17.019459579999999,"Longitude":54.078207599999999,"GlobalID":"{9D9E0530-D707-44A1-AF78-6D551AEAC741}"}},{"type":"Feature","id":286,"geometry":{"type":"Point","coordinates":[188785.06479999982,1884087.5534000006]},"properties":{"OBJECTID":286,"Asset_ID":"LUD286","Name":"Laudary","District_ID":"Salalah al Jadida","Gov_ID":"Dhofar Governorate","Wlyt_ID":"Salalah","Road_ID":"104292","Latitude":17.02010658,"Longitude":54.076989189999999,"GlobalID":"{02BDE9F5-9F57-4036-B74C-D6943F9D9C13}"}},{"type":"Feature","id":287,"geometry":{"type":"Point","coordinates":[188871.06929999962,1884109.8942000009]},"properties":{"OBJECTID":287,"Asset_ID":"LUD287","Name":"Laudary","District_ID":"Salalah al Jadida","Gov_ID":"Dhofar Governorate","Wlyt_ID":"Salalah","Road_ID":"104293","Latitude":17.020195770000001,"Longitude":54.077789529999997,"GlobalID":"{D9BEA02C-19BB-455C-B45A-B75581AABCF1}"}},{"type":"Feature","id":288,"geometry":{"type":"Point","coordinates":[188860.93659999967,1884109.2990000006]},"properties":{"OBJECTID":288,"Asset_ID":"LUD288","Name":"Laudary","District_ID":"Salalah al Jadida","Gov_ID":"Dhofar Governorate","Wlyt_ID":"Salalah","Road_ID":"104293","Latitude":17.0202013,"Longitude":54.077691399999999,"GlobalID":"{4BB644CF-EE69-4A4F-8923-F6E3728CBB06}"}},{"type":"Feature","id":289,"geometry":{"type":"Point","coordinates":[188658.23670000024,1883685.3040999994]},"properties":{"OBJECTID":289,"Asset_ID":"LUD289","Name":"Laudary","District_ID":"Salalah al Jadida","Gov_ID":"Dhofar Governorate","Wlyt_ID":"Salalah","Road_ID":"104285","Latitude":17.016305670000001,"Longitude":54.075850719999998,"GlobalID":"{2E4D507B-5FFC-4906-8B8B-6BAA05C5D8FD}"}},{"type":"Feature","id":290,"geometry":{"type":"Point","coordinates":[189377.95210000034,1883770.8491999991]},"properties":{"OBJECTID":290,"Asset_ID":"LUD290","Name":" Laundry","District_ID":"Salalah al Jadida","Gov_ID":"Dhofar Governorate","Wlyt_ID":"Salalah","Road_ID":"104187","Latitude":17.01720156,"Longitude":54.082589370000001,"GlobalID":"{9803932F-4676-4753-BA82-F211A20EFA3E}"}},{"type":"Feature","id":291,"geometry":{"type":"Point","coordinates":[188840.06539999973,1883734.3909000009]},"properties":{"OBJECTID":291,"Asset_ID":"LUD291","Name":"Laudary","District_ID":"Salalah al Jadida","Gov_ID":"Dhofar Governorate","Wlyt_ID":"Salalah","Road_ID":"104187","Latitude":17.01677334,"Longitude":54.07754997,"GlobalID":"{41D597E7-C4B0-4A90-8FFD-051A62745CC3}"}},{"type":"Feature","id":292,"geometry":{"type":"Point","coordinates":[188791.36259999964,1883732.2400000002]},"properties":{"OBJECTID":292,"Asset_ID":"LUD292","Name":"Laudary","District_ID":"Salalah al Jadida","Gov_ID":"Dhofar Governorate","Wlyt_ID":"Salalah","Road_ID":"104187","Latitude":17.016747349999999,"Longitude":54.07709328,"GlobalID":"{16F12030-A7B2-4B8A-AC7E-BCC15FC026E5}"}},{"type":"Feature","id":293,"geometry":{"type":"Point","coordinates":[188805.67129999958,1883695.8488999996]},"properties":{"OBJECTID":293,"Asset_ID":"LUD293","Name":"Laudary","District_ID":"Salalah al Jadida","Gov_ID":"Dhofar Governorate","Wlyt_ID":"Salalah","Road_ID":"104187","Latitude":17.016439940000001,"Longitude":54.077229269999997,"GlobalID":"{9CF08BF8-11C7-41DC-AD5A-9C6D709CA9C5}"}},{"type":"Feature","id":294,"geometry":{"type":"Point","coordinates":[188768.79849999957,1883695.3880000003]},"properties":{"OBJECTID":294,"Asset_ID":"LUD294","Name":"DHOFAR FAST CLEAN LAUNDRY\r\n","District_ID":"Salalah al Jadida","Gov_ID":"Dhofar Governorate","Wlyt_ID":"Salalah","Road_ID":"104187","Latitude":17.016430809999999,"Longitude":54.076883350000003,"GlobalID":"{066CE80B-E715-48CA-97CC-5E491B2C40A1}"}},{"type":"Feature","id":295,"geometry":{"type":"Point","coordinates":[188707.6512000002,1883695.0807000007]},"properties":{"OBJECTID":295,"Asset_ID":"LUD295","Name":"Laudary","District_ID":"Salalah al Jadida","Gov_ID":"Dhofar Governorate","Wlyt_ID":"Salalah","Road_ID":"104187","Latitude":17.01641978,"Longitude":54.076309639999998,"GlobalID":"{1BF61882-5FD2-4028-9958-F91B742CCA2B}"}},{"type":"Feature","id":296,"geometry":{"type":"Point","coordinates":[188955.33110000007,1883663.6605999991]},"properties":{"OBJECTID":296,"Asset_ID":"LUD296","Name":"Aalm El Imtyaz Dry Clean Laundry\r\n","District_ID":"Salalah al Jadida","Gov_ID":"Dhofar Governorate","Wlyt_ID":"Salalah","Road_ID":"104246","Latitude":17.01615035,"Longitude":54.078641449999999,"GlobalID":"{A2122C58-B849-481A-AFAA-572C5C273170}"}},{"type":"Feature","id":297,"geometry":{"type":"Point","coordinates":[188970.31070000026,1883579.5446000006]},"properties":{"OBJECTID":297,"Asset_ID":"LUD297","Name":"Laudary","District_ID":"Salalah al Jadida","Gov_ID":"Dhofar Governorate","Wlyt_ID":"Salalah","Road_ID":"104246","Latitude":17.015392989999999,"Longitude":54.078793789999999,"GlobalID":"{BC04486C-A73A-45C2-AC61-824A2516F81D}"}},{"type":"Feature","id":298,"geometry":{"type":"Point","coordinates":[188984.31080000009,1883519.6263999995]},"properties":{"OBJECTID":298,"Asset_ID":"LUD298","Name":"Laudary","District_ID":"Salalah al Jadida","Gov_ID":"Dhofar Governorate","Wlyt_ID":"Salalah","Road_ID":"104246","Latitude":17.01485396,"Longitude":54.078933550000002,"GlobalID":"{01FC8491-EB0E-4515-8444-0233BEC989AC}"}},{"type":"Feature","id":299,"geometry":{"type":"Point","coordinates":[190017.55429999996,1884152.6278000008]},"properties":{"OBJECTID":299,"Asset_ID":"LUD299","Name":" Laundry","District_ID":"Salalah al Jadida","Gov_ID":"Dhofar Governorate","Wlyt_ID":"Salalah","Road_ID":"104199","Latitude":17.02070762,"Longitude":54.088540260000002,"GlobalID":"{0E09AACD-9CF6-4FCC-A4CC-4457539CE632}"}},{"type":"Feature","id":300,"geometry":{"type":"Point","coordinates":[189774.33820000011,1883909.6132999994]},"properties":{"OBJECTID":300,"Asset_ID":"LUD300","Name":" Laundry","District_ID":"Salalah al Jadida","Gov_ID":"Dhofar Governorate","Wlyt_ID":"Salalah","Road_ID":"104192","Latitude":17.01848103,"Longitude":54.086292010000001,"GlobalID":"{B458BD7E-8E0D-4A0E-9860-BCD5D1929982}"}},{"type":"Feature","id":301,"geometry":{"type":"Point","coordinates":[189793.26420000009,1883747.0280000009]},"properties":{"OBJECTID":301,"Asset_ID":"LUD301","Name":" Laundry","District_ID":"Salalah al Jadida","Gov_ID":"Dhofar Governorate","Wlyt_ID":"Salalah","Road_ID":"104207","Latitude":17.017049480000001,"Longitude":54.086483690000001,"GlobalID":"{BA226233-EFB2-4203-8DBE-463634410BD8}"}},{"type":"Feature","id":302,"geometry":{"type":"Point","coordinates":[189745.73290000018,1883734.4105999991]},"properties":{"OBJECTID":302,"Asset_ID":"LUD302","Name":" Laundry","District_ID":"Salalah al Jadida","Gov_ID":"Dhofar Governorate","Wlyt_ID":"Salalah","Road_ID":"104207","Latitude":17.016929180000002,"Longitude":54.086039450000001,"GlobalID":"{8162BAFD-E502-4BD2-A232-D2DFB6B65135}"}},{"type":"Feature","id":303,"geometry":{"type":"Point","coordinates":[189480.3356999997,1883400.1645]},"properties":{"OBJECTID":303,"Asset_ID":"LUD303","Name":"Laudary","District_ID":"Salalah al Jadida","Gov_ID":"Dhofar Governorate","Wlyt_ID":"Salalah","Road_ID":"104211","Latitude":17.013842289999999,"Longitude":54.083604540000003,"GlobalID":"{BCA5FFAE-67A4-4978-9EAB-B65DCC8CBE8B}"}},{"type":"Feature","id":304,"geometry":{"type":"Point","coordinates":[189470.09489999991,1883488.4262000006]},"properties":{"OBJECTID":304,"Asset_ID":"LUD304","Name":"Laudary","District_ID":"Salalah al Jadida","Gov_ID":"Dhofar Governorate","Wlyt_ID":"Salalah","Road_ID":"104217","Latitude":17.01467766,"Longitude":54.083495489999997,"GlobalID":"{9509F7A1-7D00-4523-96DF-E6D2D52D04F0}"}},{"type":"Feature","id":305,"geometry":{"type":"Point","coordinates":[189217.57419999968,1883396.7940999996]},"properties":{"OBJECTID":305,"Asset_ID":"LUD305","Name":"Laudary","District_ID":"Salalah al Jadida","Gov_ID":"Dhofar Governorate","Wlyt_ID":"Salalah","Road_ID":"104210","Latitude":17.013776490000001,"Longitude":54.081139489999998,"GlobalID":"{02D4F2A4-6005-44F6-BF20-14D5FD9E6001}"}},{"type":"Feature","id":306,"geometry":{"type":"Point","coordinates":[189231.96320000011,1883332.7565000001]},"properties":{"OBJECTID":306,"Asset_ID":"LUD306","Name":"Laudary","District_ID":"Salalah al Jadida","Gov_ID":"Dhofar Governorate","Wlyt_ID":"Salalah","Road_ID":"104210","Latitude":17.013200309999998,"Longitude":54.081283470000002,"GlobalID":"{E5287D30-A110-447E-B703-62C4CA30FE3C}"}},{"type":"Feature","id":307,"geometry":{"type":"Point","coordinates":[187752.67800000031,1883759.7302999999]},"properties":{"OBJECTID":307,"Asset_ID":"LUD307","Name":"Laudary","District_ID":"al Wadi","Gov_ID":"Dhofar Governorate","Wlyt_ID":"Salalah","Road_ID":"104343","Latitude":17.016875249999998,"Longitude":54.06733689,"GlobalID":"{765934EE-A408-4363-8396-ACD9D01D976C}"}},{"type":"Feature","id":308,"geometry":{"type":"Point","coordinates":[187665.31070000026,1883777.7139999997]},"properties":{"OBJECTID":308,"Asset_ID":"LUD308","Name":"Al Taj Laudary","District_ID":"al Wadi","Gov_ID":"Dhofar Governorate","Wlyt_ID":"Salalah","Road_ID":"104343","Latitude":17.017005699999999,"Longitude":54.066520939999997,"GlobalID":"{9D3B2C8D-0AFA-4645-8F73-85E40F43C85A}"}},{"type":"Feature","id":309,"geometry":{"type":"Point","coordinates":[187658.50509999972,1883775.1862000003]},"properties":{"OBJECTID":309,"Asset_ID":"LUD309","Name":"Laudary","District_ID":"al Wadi","Gov_ID":"Dhofar Governorate","Wlyt_ID":"Salalah","Road_ID":"104343","Latitude":17.016981959999999,"Longitude":54.066457440000001,"GlobalID":"{284CB77E-8B51-44B3-A111-F597080BCA61}"}},{"type":"Feature","id":310,"geometry":{"type":"Point","coordinates":[187662.77199999988,1883730.3741999995]},"properties":{"OBJECTID":310,"Asset_ID":"LUD310","Name":"Laudary","District_ID":"al Wadi","Gov_ID":"Dhofar Governorate","Wlyt_ID":"Salalah","Road_ID":"104343","Latitude":17.0166225,"Longitude":54.066490420000001,"GlobalID":"{8795A196-C7C6-4EC2-B1E5-F8B9A62BE170}"}},{"type":"Feature","id":311,"geometry":{"type":"Point","coordinates":[187603.85479999986,1883712.6796000004]},"properties":{"OBJECTID":311,"Asset_ID":"LUD311","Name":"غسيل جميع انواع الملابس و المنسوجات","District_ID":"al Wadi","Gov_ID":"Dhofar Governorate","Wlyt_ID":"Salalah","Road_ID":"104343","Latitude":17.01645478,"Longitude":54.065940079999997,"GlobalID":"{1889EA00-80B5-48CB-B2B1-1C815B1A6527}"}},{"type":"Feature","id":312,"geometry":{"type":"Point","coordinates":[187540.27089999989,1883692.6515999995]},"properties":{"OBJECTID":312,"Asset_ID":"LUD312","Name":"Laudary","District_ID":"al Wadi","Gov_ID":"Dhofar Governorate","Wlyt_ID":"Salalah","Road_ID":"104343","Latitude":17.016265369999999,"Longitude":54.065346290000001,"GlobalID":"{2001D4EB-D9A9-4F47-B7C2-69B45D416EC4}"}},{"type":"Feature","id":313,"geometry":{"type":"Point","coordinates":[187590.64340000041,1883848.4923999999]},"properties":{"OBJECTID":313,"Asset_ID":"LUD313","Name":"Laudary","District_ID":"al Wadi","Gov_ID":"Dhofar Governorate","Wlyt_ID":"Salalah","Road_ID":"104435","Latitude":17.01763455,"Longitude":54.065810370000001,"GlobalID":"{AEA6CA39-2A64-472D-BEDE-52CFD1859691}"}},{"type":"Feature","id":314,"geometry":{"type":"Point","coordinates":[187712.11319999956,1883825.7706000004]},"properties":{"OBJECTID":314,"Asset_ID":"LUD314","Name":"Laudary","District_ID":"al Wadi","Gov_ID":"Dhofar Governorate","Wlyt_ID":"Salalah","Road_ID":"104360","Latitude":17.017454319999999,"Longitude":54.066948279999998,"GlobalID":"{0E016D0E-EC24-435D-B008-FA5E11856163}"}},{"type":"Feature","id":315,"geometry":{"type":"Point","coordinates":[187599.79540000018,1884115.3619999997]},"properties":{"OBJECTID":315,"Asset_ID":"LUD315","Name":"Laudary","District_ID":"al Wadi","Gov_ID":"Dhofar Governorate","Wlyt_ID":"Salalah","Road_ID":"104360","Latitude":17.020046090000001,"Longitude":54.065869489999997,"GlobalID":"{F29A1F4A-3448-4FE3-9709-F6B3E355AD6F}"}},{"type":"Feature","id":316,"geometry":{"type":"Point","coordinates":[187666.48419999983,1884197.8103999998]},"properties":{"OBJECTID":316,"Asset_ID":"LUD316","Name":"مصبغة الوادي للغسيل الجاف","District_ID":"al Wadi","Gov_ID":"Dhofar Governorate","Wlyt_ID":"Salalah","Road_ID":"104340","Latitude":17.020807999999999,"Longitude":54.066470789999997,"GlobalID":"{11E5D813-4E68-4087-A64A-C14A1DD8D0BB}"}},{"type":"Feature","id":317,"geometry":{"type":"Point","coordinates":[187693.69979999959,1884211.5232999995]},"properties":{"OBJECTID":317,"Asset_ID":"LUD317","Name":"Laudary","District_ID":"al Wadi","Gov_ID":"Dhofar Governorate","Wlyt_ID":"Salalah","Road_ID":"104340","Latitude":17.020925810000001,"Longitude":54.066726269999997,"GlobalID":"{CE15C390-8454-4FDA-975C-3E8892D7F381}"}},{"type":"Feature","id":318,"geometry":{"type":"Point","coordinates":[187882.90280000027,1884059.0293000005]},"properties":{"OBJECTID":318,"Asset_ID":"LUD318","Name":"Laudary","District_ID":"al Wadi","Gov_ID":"Dhofar Governorate","Wlyt_ID":"Salalah","Road_ID":"104341","Latitude":17.01958746,"Longitude":54.068520990000003,"GlobalID":"{CB400B2F-477F-47E6-9C45-6146A80EB8D4}"}},{"type":"Feature","id":319,"geometry":{"type":"Point","coordinates":[188817.59850000031,1883257.4690000005]},"properties":{"OBJECTID":319,"Asset_ID":"LUD319","Name":"Laudary","District_ID":"Salalah al Jadida","Gov_ID":"Dhofar Governorate","Wlyt_ID":"Salalah","Road_ID":"104310","Latitude":17.012474489999999,"Longitude":54.077405859999999,"GlobalID":"{FDFDB07D-BF8D-46DD-A81B-D857BE4A8C8E}"}},{"type":"Feature","id":320,"geometry":{"type":"Point","coordinates":[189436.52049999963,1884103.8002000004]},"properties":{"OBJECTID":320,"Asset_ID":"LUD320","Name":"Laundry\r\n","District_ID":"Salalah al Jadida","Gov_ID":"Dhofar Governorate","Wlyt_ID":"Salalah","Road_ID":"104267","Latitude":17.020188650000001,"Longitude":54.083094959999997,"GlobalID":"{EB07A0C6-DD69-4711-8D66-5ACB5B1A853F}"}},{"type":"Feature","id":321,"geometry":{"type":"Point","coordinates":[189309.3526999997,1884089.8001000006]},"properties":{"OBJECTID":321,"Asset_ID":"LUD321","Name":"Laundry\r\n","District_ID":"Salalah al Jadida","Gov_ID":"Dhofar Governorate","Wlyt_ID":"Salalah","Road_ID":"104267","Latitude":17.02004513,"Longitude":54.081903650000001,"GlobalID":"{DCEED2C6-CC02-446B-A351-FCEA9C37ED22}"}},{"type":"Feature","id":322,"geometry":{"type":"Point","coordinates":[189296.32479999959,1883680.4910000004]},"properties":{"OBJECTID":322,"Asset_ID":"LUD322","Name":" Laundry","District_ID":"Salalah al Jadida","Gov_ID":"Dhofar Governorate","Wlyt_ID":"Salalah","Road_ID":"104230","Latitude":17.016348239999999,"Longitude":54.08183871,"GlobalID":"{38EA2F8C-99CC-4902-BA97-4860ABAE90E8}"}},{"type":"Feature","id":323,"geometry":{"type":"Point","coordinates":[189561.29370000027,1883643.0219000001]},"properties":{"OBJECTID":323,"Asset_ID":"LUD323","Name":"Laudary","District_ID":"Salalah al Jadida","Gov_ID":"Dhofar Governorate","Wlyt_ID":"Salalah","Road_ID":"104224","Latitude":17.01607667,"Longitude":54.084326660000002,"GlobalID":"{D89C60BC-6DD4-437A-A90A-B650B0DCF887}"}},{"type":"Feature","id":324,"geometry":{"type":"Point","coordinates":[187609.31020000018,1883562.2676999997]},"properties":{"OBJECTID":324,"Asset_ID":"LUD324","Name":"Laudary","District_ID":"al Wadi","Gov_ID":"Dhofar Governorate","Wlyt_ID":"Salalah","Road_ID":"104362","Latitude":17.01505315,"Longitude":54.066025799999998,"GlobalID":"{DD9F22B1-25C1-4436-92F6-9F68DF929E6C}"}},{"type":"Feature","id":325,"geometry":{"type":"Point","coordinates":[187693.31089999992,1883498.2949000001]},"properties":{"OBJECTID":325,"Asset_ID":"LUD325","Name":"Laudary","District_ID":"al Wadi","Gov_ID":"Dhofar Governorate","Wlyt_ID":"Salalah","Road_ID":"104335","Latitude":17.014486999999999,"Longitude":54.066822989999999,"GlobalID":"{733EAE2A-3790-4DBB-AE47-E22A231DB122}"}},{"type":"Feature","id":326,"geometry":{"type":"Point","coordinates":[187710.03330000024,1883442.4889000002]},"properties":{"OBJECTID":326,"Asset_ID":"LUD326","Name":"Laudary","District_ID":"al Wadi","Gov_ID":"Dhofar Governorate","Wlyt_ID":"Salalah","Road_ID":"104335","Latitude":17.013985470000001,"Longitude":54.066987740000002,"GlobalID":"{1F2AB21B-7D37-4AEF-BD28-A03E62DB41F8}"}},{"type":"Feature","id":327,"geometry":{"type":"Point","coordinates":[187984.78569999989,1882919.0398999993]},"properties":{"OBJECTID":327,"Asset_ID":"LUD327","Name":"Laudary","District_ID":"al Wadi","Gov_ID":"Dhofar Governorate","Wlyt_ID":"Salalah","Road_ID":"104224","Latitude":17.009297119999999,"Longitude":54.069639299999999,"GlobalID":"{7E8DB73D-11C5-4BDB-A312-1538DD9F275D}"}},{"type":"Feature","id":328,"geometry":{"type":"Point","coordinates":[188215.00989999995,1882997.5961000007]},"properties":{"OBJECTID":328,"Asset_ID":"LUD328","Name":"Laudary","District_ID":"al Wadi","Gov_ID":"Dhofar Governorate","Wlyt_ID":"Salalah","Road_ID":"104319","Latitude":17.010037409999999,"Longitude":54.071788419999997,"GlobalID":"{D645A6AD-30B5-462F-B8FB-5250D411EC62}"}},{"type":"Feature","id":329,"geometry":{"type":"Point","coordinates":[186904.88049999997,1883559.1566000003]},"properties":{"OBJECTID":329,"Asset_ID":"LUD329","Name":"Laudary","District_ID":"al Wadi","Gov_ID":"Dhofar Governorate","Wlyt_ID":"Salalah","Road_ID":"105359","Latitude":17.01492958,"Longitude":54.059416570000003,"GlobalID":"{3053341E-668B-41F9-B993-5BA1EAFD4087}"}},{"type":"Feature","id":330,"geometry":{"type":"Point","coordinates":[186991.25079999957,1883491.3880000003]},"properties":{"OBJECTID":330,"Asset_ID":"LUD330","Name":"Laudary","District_ID":"al Wadi","Gov_ID":"Dhofar Governorate","Wlyt_ID":"Salalah","Road_ID":"105352","Latitude":17.014372649999999,"Longitude":54.060241910000002,"GlobalID":"{61901B6B-44C2-4F62-8759-FD5B20321A2E}"}},{"type":"Feature","id":331,"geometry":{"type":"Point","coordinates":[189120.84979999997,1883875.1221999992]},"properties":{"OBJECTID":331,"Asset_ID":"LUD331","Name":"Laundry\r\n","District_ID":"Salalah al Jadida","Gov_ID":"Dhofar Governorate","Wlyt_ID":"Salalah","Road_ID":"104210","Latitude":17.018096629999999,"Longitude":54.080162960000003,"GlobalID":"{B1420F0A-6BC3-46C4-B9C9-F13B8A8A54A4}"}},{"type":"Feature","id":332,"geometry":{"type":"Point","coordinates":[189294.21810000017,1884016.4752999991]},"properties":{"OBJECTID":332,"Asset_ID":"LUD332","Name":"Laundry\r\n","District_ID":"Salalah al Jadida","Gov_ID":"Dhofar Governorate","Wlyt_ID":"Salalah","Road_ID":"104270","Latitude":17.01941703,"Longitude":54.081765439999998,"GlobalID":"{4E7C281A-981C-4EFC-A990-D9956D8E60E1}"}},{"type":"Feature","id":333,"geometry":{"type":"Point","coordinates":[189183.00980000012,1883665.7541000005]},"properties":{"OBJECTID":333,"Asset_ID":"LUD333","Name":" Laundry","District_ID":"Salalah al Jadida","Gov_ID":"Dhofar Governorate","Wlyt_ID":"Salalah","Road_ID":"104210","Latitude":17.01619994,"Longitude":54.080777509999997,"GlobalID":"{641EEC51-29DA-49E9-B7D5-8D1BBDE52C38}"}},{"type":"Feature","id":334,"geometry":{"type":"Point","coordinates":[189199.37060000002,1883592.5578000005]},"properties":{"OBJECTID":334,"Asset_ID":"LUD334","Name":"المزايا المتحدة\r\n","District_ID":"Salalah al Jadida","Gov_ID":"Dhofar Governorate","Wlyt_ID":"Salalah","Road_ID":"104210","Latitude":17.015559360000001,"Longitude":54.080942970000002,"GlobalID":"{BA74E238-6104-4E9F-A544-78BB06BD905F}"}},{"type":"Feature","id":335,"geometry":{"type":"Point","coordinates":[189192.68960000016,1883503.8230000008]},"properties":{"OBJECTID":335,"Asset_ID":"LUD335","Name":"Laudary","District_ID":"Salalah al Jadida","Gov_ID":"Dhofar Governorate","Wlyt_ID":"Salalah","Road_ID":"104210","Latitude":17.014739370000001,"Longitude":54.080891010000002,"GlobalID":"{0C57C97E-0BE9-4397-8DE6-CABBE079ABFB}"}},{"type":"Feature","id":336,"geometry":{"type":"Point","coordinates":[197877.65380000044,1884237.0101999994]},"properties":{"OBJECTID":336,"Asset_ID":"LUD336","Name":"Laundry","District_ID":"Dahariz al Shamaliyya","Gov_ID":"Dhofar Governorate","Wlyt_ID":"Salalah","Road_ID":"100010","Latitude":17.022519750000001,"Longitude":54.162284739999997,"GlobalID":"{2361FB5A-585F-4AB0-B4EF-68B773C36EB1}"}},{"type":"Feature","id":337,"geometry":{"type":"Point","coordinates":[197750.61419999972,1884219.2326999996]},"properties":{"OBJECTID":337,"Asset_ID":"LUD337","Name":"LAUNDRY","District_ID":"Dahariz al Shamaliyya","Gov_ID":"Dhofar Governorate","Wlyt_ID":"Salalah","Road_ID":"100010","Latitude":17.022358560000001,"Longitude":54.161091399999997,"GlobalID":"{89D4715D-85DC-44BB-96B8-CE46EA82CEEB}"}},{"type":"Feature","id":338,"geometry":{"type":"Point","coordinates":[197283.4495000001,1884216.5258000009]},"properties":{"OBJECTID":338,"Asset_ID":"LUD338","Name":"غسيل و كي الملابس بالبخار","District_ID":"Dahariz al Shamaliyya","Gov_ID":"Dhofar Governorate","Wlyt_ID":"Salalah","Road_ID":"100010","Latitude":17.022249639999998,"Longitude":54.156713410000002,"GlobalID":"{33B4704E-AD02-4F45-8615-9F60FB65A3CA}"}},{"type":"Feature","id":339,"geometry":{"type":"Point","coordinates":[197265.9804999996,1884383.5670999996]},"properties":{"OBJECTID":339,"Asset_ID":"LUD339","Name":"غسيل و كي الملابس","District_ID":"Dahariz al Shamaliyya","Gov_ID":"Dhofar Governorate","Wlyt_ID":"Salalah","Road_ID":"100007","Latitude":17.023755340000001,"Longitude":54.15651862,"GlobalID":"{D060601E-A674-4044-A0DA-47E1B648C8C2}"}},{"type":"Feature","id":340,"geometry":{"type":"Point","coordinates":[188221.58669999987,1882467.1534000002]},"properties":{"OBJECTID":340,"Asset_ID":"LUD340","Name":"غسيل و كي الملابس بالبخار","District_ID":"Salalah al Gharbiyya","Gov_ID":"Dhofar Governorate","Wlyt_ID":"Salalah","Road_ID":"103741","Latitude":17.005249639999999,"Longitude":54.071924590000002,"GlobalID":"{D5D43202-CBC4-4866-9D4B-F99B72C3B723}"}},{"type":"Feature","id":341,"geometry":{"type":"Point","coordinates":[188440.9057,1882502.6096000001]},"properties":{"OBJECTID":341,"Asset_ID":"LUD341","Name":"غسيل و كي الملابس","District_ID":"Salalah al Gharbiyya","Gov_ID":"Dhofar Governorate","Wlyt_ID":"Salalah","Road_ID":"103741","Latitude":17.005599329999999,"Longitude":54.073977409999998,"GlobalID":"{B86F71AB-1CD0-466E-A49E-F679CEDC41FA}"}},{"type":"Feature","id":342,"geometry":{"type":"Point","coordinates":[188555.22049999982,1882525.7875999995]},"properties":{"OBJECTID":342,"Asset_ID":"LUD342","Name":"غسيل سريع و كي الملابس","District_ID":"Salalah al Gharbiyya","Gov_ID":"Dhofar Governorate","Wlyt_ID":"Salalah","Road_ID":"103741","Latitude":17.005824,"Longitude":54.075046729999997,"GlobalID":"{3E5EEC08-B036-43CC-A3A3-6749FE653CFE}"}},{"type":"Feature","id":343,"geometry":{"type":"Point","coordinates":[189843.64580000006,1883345.9232000001]},"properties":{"OBJECTID":343,"Asset_ID":"LUD343","Name":"غسيل و كي الملابس و جميع انواع المنسوجات","District_ID":"Salalah al Gharbiyya","Gov_ID":"Dhofar Governorate","Wlyt_ID":"Salalah","Road_ID":"103812","Latitude":17.013411900000001,"Longitude":54.087017320000001,"GlobalID":"{6233F6CA-2C4D-4FE4-9CAD-5F2EF5415BDD}"}},{"type":"Feature","id":344,"geometry":{"type":"Point","coordinates":[190527.71079999954,1882897.5567000005]},"properties":{"OBJECTID":344,"Asset_ID":"LUD344","Name":"غسيل و كي الملابس","District_ID":"Salalah al Wousta","Gov_ID":"Dhofar Governorate","Wlyt_ID":"Salalah","Road_ID":"103741","Latitude":17.009427809999998,"Longitude":54.093504109999998,"GlobalID":"{E688CBF0-18C5-4E1F-8BC5-4047958E203C}"}},{"type":"Feature","id":345,"geometry":{"type":"Point","coordinates":[190379.87870000023,1882863.3282999992]},"properties":{"OBJECTID":345,"Asset_ID":"LUD345","Name":"غسيل و كي الملابس ","District_ID":"Salalah al Wousta","Gov_ID":"Dhofar Governorate","Wlyt_ID":"Salalah","Road_ID":"103741","Latitude":17.009124060000001,"Longitude":54.092119050000001,"GlobalID":"{32D8AA00-4F9C-495D-8BD9-60232E2F1BFC}"}},{"type":"Feature","id":346,"geometry":{"type":"Point","coordinates":[194746.63829999976,1886249.4023000002]},"properties":{"OBJECTID":346,"Asset_ID":"LUD346","Name":"Laundry Jarziz","District_ID":"Jerziz Farm","Gov_ID":"Dhofar Governorate","Wlyt_ID":"Salalah","Road_ID":"100549","Latitude":17.040268350000002,"Longitude":54.132627990000003,"GlobalID":"{0D98FA46-43E9-4DD6-8CBC-DAC95A3E54AC}"}},{"type":"Feature","id":347,"geometry":{"type":"Point","coordinates":[188260.41119999997,1882768.6903000008]},"properties":{"OBJECTID":347,"Asset_ID":"LUD347","Name":"غسيل و كي الملابس","District_ID":"Salalah al Gharbiyya","Gov_ID":"Dhofar Governorate","Wlyt_ID":"Salalah","Road_ID":"103824","Latitude":17.00798674,"Longitude":54.072245189999997,"GlobalID":"{F9C64C40-262C-4253-A28F-B8F90CC10971}"}},{"type":"Feature","id":348,"geometry":{"type":"Point","coordinates":[188124.2611999996,1882744.4974000007]},"properties":{"OBJECTID":348,"Asset_ID":"LUD348","Name":"غسيل جميع انواع الملابس و المنسوجات","District_ID":"Salalah al Gharbiyya","Gov_ID":"Dhofar Governorate","Wlyt_ID":"Salalah","Road_ID":"103824","Latitude":17.00774491,"Longitude":54.070972009999998,"GlobalID":"{3BAC7A81-84C6-486C-B570-A88266B8EF41}"}},{"type":"Feature","id":349,"geometry":{"type":"Point","coordinates":[187907.10020000022,1882572.5785000008]},"properties":{"OBJECTID":349,"Asset_ID":"LUD349","Name":"غسيل و كي جميع انواع الملابس","District_ID":"Salalah al Gharbiyya","Gov_ID":"Dhofar Governorate","Wlyt_ID":"Salalah","Road_ID":"104447","Latitude":17.006158889999998,"Longitude":54.068959079999999,"GlobalID":"{7BA65C4F-0EB0-4B8A-A163-0F987FCD40DD}"}},{"type":"Feature","id":350,"geometry":{"type":"Point","coordinates":[190381.01690000016,1882880.7553000003]},"properties":{"OBJECTID":350,"Asset_ID":"LUD350","Name":"غسيل وكي الملابس","District_ID":"Salalah al Wousta","Gov_ID":"Dhofar Governorate","Wlyt_ID":"Salalah","Road_ID":"103741","Latitude":17.00926411,"Longitude":54.092128369999998,"GlobalID":"{42FF0CFA-5C75-4677-8320-A950401D9A14}"}},{"type":"Feature","id":351,"geometry":{"type":"Point","coordinates":[190383.65730000008,1882880.9953000005]},"properties":{"OBJECTID":351,"Asset_ID":"LUD351","Name":"غسيل و كي جميع انواع الاقمشة و الانسجة","District_ID":"Salalah al Wousta","Gov_ID":"Dhofar Governorate","Wlyt_ID":"Salalah","Road_ID":"103741","Latitude":17.009266629999999,"Longitude":54.092153109999998,"GlobalID":"{9F607A06-B688-4B68-B9A3-25FD635E91E7}"}},{"type":"Feature","id":352,"geometry":{"type":"Point","coordinates":[189700.79650000017,1883258.5560999997]},"properties":{"OBJECTID":352,"Asset_ID":"LUD352","Name":"غسيل و كي الملابس","District_ID":"Salalah al Gharbiyya","Gov_ID":"Dhofar Governorate","Wlyt_ID":"Salalah","Road_ID":"104561","Latitude":17.012596819999999,"Longitude":54.085709909999999,"GlobalID":"{CFC9AF56-4D9D-4FD6-B48D-10644E388CAB}"}},{"type":"Feature","id":353,"geometry":{"type":"Point","coordinates":[197539.64609999955,1884131.7312000003]},"properties":{"OBJECTID":353,"Asset_ID":"LUD353","Name":"غسيل و كي الملابس","District_ID":"Dahariz al Shamaliyya","Gov_ID":"Dhofar Governorate","Wlyt_ID":"Salalah","Road_ID":"100022","Latitude":17.021517580000001,"Longitude":54.159120340000001,"GlobalID":"{A53F4E3B-0748-4DC8-9E78-19594E29E75D}"}},{"type":"Feature","id":354,"geometry":{"type":"Point","coordinates":[197822.55370000005,1884026.2453000005]},"properties":{"OBJECTID":354,"Asset_ID":"LUD354","Name":"غسيل جميع انواع الاقمشة و المنسوجات","District_ID":"Dahariz al Shamaliyya","Gov_ID":"Dhofar Governorate","Wlyt_ID":"Salalah","Road_ID":"100002","Latitude":17.020593949999999,"Longitude":54.161799129999999,"GlobalID":"{9E955562-A818-4AAF-9DE4-4EFB9AF47E96}"}},{"type":"Feature","id":355,"geometry":{"type":"Point","coordinates":[197366.28809999954,1883858.7491999995]},"properties":{"OBJECTID":355,"Asset_ID":"LUD355","Name":"Laudary","District_ID":"Dahariz al Shamaliyya","Gov_ID":"Dhofar Governorate","Wlyt_ID":"Salalah","Road_ID":"100007","Latitude":17.01904012,"Longitude":54.157558129999998,"GlobalID":"{B503ABE4-8528-44D4-ABCF-2D8E46A9C36A}"}},{"type":"Feature","id":356,"geometry":{"type":"Point","coordinates":[197356.02029999997,1883989.3896999992]},"properties":{"OBJECTID":356,"Asset_ID":"LUD356","Name":"غسيل جميع انواع الانسجة","District_ID":"Dahariz al Shamaliyya","Gov_ID":"Dhofar Governorate","Wlyt_ID":"Salalah","Road_ID":"100011","Latitude":17.020191459999999,"Longitude":54.157425660000001,"GlobalID":"{95ACF583-7541-4CA1-9971-D1C7247E2705}"}},{"type":"Feature","id":357,"geometry":{"type":"Point","coordinates":[197272.06989999954,1884175.9111000001]},"properties":{"OBJECTID":357,"Asset_ID":"LUD357","Name":"غسيل الملابس و كيها بالبخار","District_ID":"Dahariz al Shamaliyya","Gov_ID":"Dhofar Governorate","Wlyt_ID":"Salalah","Road_ID":"100007","Latitude":17.021881310000001,"Longitude":54.156600820000001,"GlobalID":"{D17D134B-4347-4FF2-AFA1-0B5BAAFFA2C6}"}},{"type":"Feature","id":358,"geometry":{"type":"Point","coordinates":[197245.19689999986,1884116.7292999998]},"properties":{"OBJECTID":358,"Asset_ID":"LUD358","Name":" Laundry","District_ID":"Dahariz al Shamaliyya","Gov_ID":"Dhofar Governorate","Wlyt_ID":"Salalah","Road_ID":"100007","Latitude":17.02134861,"Longitude":54.156377429999999,"GlobalID":"{F2C36533-5B0B-4994-A013-22C538AF2C3F}"}},{"type":"Feature","id":359,"geometry":{"type":"Point","coordinates":[197257.69739999995,1884090.3807999995]},"properties":{"OBJECTID":359,"Asset_ID":"LUD359","Name":" Laundry","District_ID":"Dahariz al Shamaliyya","Gov_ID":"Dhofar Governorate","Wlyt_ID":"Salalah","Road_ID":"100007","Latitude":17.021117870000001,"Longitude":54.156502029999999,"GlobalID":"{95D2321A-9E51-493F-8D82-290CBC9D3163}"}},{"type":"Feature","id":360,"geometry":{"type":"Point","coordinates":[197704.28490000032,1884213.9052000009]},"properties":{"OBJECTID":360,"Asset_ID":"LUD360","Name":" Laundry","District_ID":"Dahariz al Shamaliyya","Gov_ID":"Dhofar Governorate","Wlyt_ID":"Salalah","Road_ID":"100010","Latitude":17.02229007,"Longitude":54.16066,"GlobalID":"{CBE6028C-9AF7-47FE-A99B-70A8CD4823C0}"}},{"type":"Feature","id":361,"geometry":{"type":"Point","coordinates":[197527.0234000003,1884341.4849999994]},"properties":{"OBJECTID":361,"Asset_ID":"LUD361","Name":" Laundry","District_ID":"Dahariz al Shamaliyya","Gov_ID":"Dhofar Governorate","Wlyt_ID":"Salalah","Road_ID":"100022","Latitude":17.02341032,"Longitude":54.158975329999997,"GlobalID":"{065F24D9-6BCD-4384-910D-18F465365878}"}},{"type":"Feature","id":362,"geometry":{"type":"Point","coordinates":[183692.28210000042,1885078.8259999994]},"properties":{"OBJECTID":362,"Asset_ID":"LUD362","Name":" Laundry","District_ID":"Auqad al Shamaliyya","Gov_ID":"Dhofar Governorate","Wlyt_ID":"Salalah","Road_ID":"105645","Latitude":17.02820994,"Longitude":54.02905664,"GlobalID":"{F28FE47F-16B8-4679-8B25-A2030804CC41}"}},{"type":"Feature","id":363,"geometry":{"type":"Point","coordinates":[183679.81510000024,1885070.2421000004]},"properties":{"OBJECTID":363,"Asset_ID":"LUD363","Name":" Laundry","District_ID":"Auqad al Shamaliyya","Gov_ID":"Dhofar Governorate","Wlyt_ID":"Salalah","Road_ID":"105645","Latitude":17.028130740000002,"Longitude":54.02894088,"GlobalID":"{7A316BD8-925F-4411-AA5B-1C758B42037D}"}},{"type":"Feature","id":364,"geometry":{"type":"Point","coordinates":[184951.62799999956,1885543.7456]},"properties":{"OBJECTID":364,"Asset_ID":"LUD364","Name":" Laundry","District_ID":"New Industrial Area","Gov_ID":"Dhofar Governorate","Wlyt_ID":"Salalah","Road_ID":"105254","Latitude":17.032579399999999,"Longitude":54.040807579999999,"GlobalID":"{ED24DB76-0096-466F-BDBA-DACA869B8CEC}"}},{"type":"Feature","id":365,"geometry":{"type":"Point","coordinates":[193413.37820000015,1884149.3092]},"properties":{"OBJECTID":365,"Asset_ID":"LUD365","Name":"غسيل جميع انواع الملابس و المنسوجات","District_ID":"al Huseela","Gov_ID":"Dhofar Governorate","Wlyt_ID":"Salalah","Road_ID":"103824","Latitude":17.021151379999999,"Longitude":54.120400740000001,"GlobalID":"{AB1DD02F-A3F2-4461-B000-435D7B554B3E}"}},{"type":"Feature","id":366,"geometry":{"type":"Point","coordinates":[193501.59520000033,1884165.8339000009]},"properties":{"OBJECTID":366,"Asset_ID":"LUD366","Name":" Laundry","District_ID":"al Huseela","Gov_ID":"Dhofar Governorate","Wlyt_ID":"Salalah","Road_ID":"103824","Latitude":17.021302639999998,"Longitude":54.121230570000002,"GlobalID":"{021ABDA5-EC89-4F01-B270-21E2A32D04BA}"}},{"type":"Feature","id":367,"geometry":{"type":"Point","coordinates":[193693.76180000044,1884203.7793000005]},"properties":{"OBJECTID":367,"Asset_ID":"LUD367","Name":" Laundry","District_ID":"al Huseela","Gov_ID":"Dhofar Governorate","Wlyt_ID":"Salalah","Road_ID":"103824","Latitude":17.021670830000001,"Longitude":54.123025579999997,"GlobalID":"{773CE46E-7705-4CA0-8E36-23A16D983D17}"}},{"type":"Feature","id":368,"geometry":{"type":"Point","coordinates":[193545.29059999995,1884088.1155999992]},"properties":{"OBJECTID":368,"Asset_ID":"LUD368","Name":" Laundry","District_ID":"al Huseela","Gov_ID":"Dhofar Governorate","Wlyt_ID":"Salalah","Road_ID":"103865","Latitude":17.020596640000001,"Longitude":54.121652259999998,"GlobalID":"{BED81E24-5577-437F-AB8A-F8D925370CD7}"}},{"type":"Feature","id":369,"geometry":{"type":"Point","coordinates":[193546.98440000042,1883852.4951000009]},"properties":{"OBJECTID":369,"Asset_ID":"LUD369","Name":" Laundry","District_ID":"al Huseela","Gov_ID":"Dhofar Governorate","Wlyt_ID":"Salalah","Road_ID":"103873","Latitude":17.018458420000002,"Longitude":54.121701270000003,"GlobalID":"{B434C250-24F8-4619-9513-22C18DD26622}"}},{"type":"Feature","id":370,"geometry":{"type":"Point","coordinates":[193526.26379999984,1883745.8818999995]},"properties":{"OBJECTID":370,"Asset_ID":"LUD370","Name":" Laundry","District_ID":"al Huseela","Gov_ID":"Dhofar Governorate","Wlyt_ID":"Salalah","Road_ID":"103824","Latitude":17.01751865,"Longitude":54.121513909999997,"GlobalID":"{124DFF4E-B4E8-4D58-8DF8-C26FA67EAF28}"}},{"type":"Feature","id":371,"geometry":{"type":"Point","coordinates":[193456.59690000024,1883752.1582999993]},"properties":{"OBJECTID":371,"Asset_ID":"LUD371","Name":" Laundry","District_ID":"al Huseela","Gov_ID":"Dhofar Governorate","Wlyt_ID":"Salalah","Road_ID":"103824","Latitude":17.017542129999999,"Longitude":54.120868170000001,"GlobalID":"{6057D96D-72AB-4C11-96AB-CC4F0A0DD8DC}"}},{"type":"Feature","id":372,"geometry":{"type":"Point","coordinates":[193624.2472000001,1883800.4539000001]},"properties":{"OBJECTID":372,"Asset_ID":"LUD372","Name":"غسيل ملابس و كيها بالبخار","District_ID":"al Huseela","Gov_ID":"Dhofar Governorate","Wlyt_ID":"Salalah","Road_ID":"103824","Latitude":17.017994470000001,"Longitude":54.122441950000002,"GlobalID":"{1CEB4E5A-694E-48E1-BCC5-692696DB2A31}"}},{"type":"Feature","id":373,"geometry":{"type":"Point","coordinates":[193683.2257000003,1883824.7904000003]},"properties":{"OBJECTID":373,"Asset_ID":"LUD373","Name":" Laundry","District_ID":"al Huseela","Gov_ID":"Dhofar Governorate","Wlyt_ID":"Salalah","Road_ID":"103824","Latitude":17.018227370000002,"Longitude":54.122985640000003,"GlobalID":"{6938CF64-476B-4B59-8112-EFA7020380AF}"}},{"type":"Feature","id":374,"geometry":{"type":"Point","coordinates":[193979.4263000004,1883874.7357000001]},"properties":{"OBJECTID":374,"Asset_ID":"LUD374","Name":" Laundry","District_ID":"al Huseela","Gov_ID":"Dhofar Governorate","Wlyt_ID":"Salalah","Road_ID":"103824","Latitude":17.01870997,"Longitude":54.125762690000002,"GlobalID":"{EB293119-D509-4A70-AA1E-11A974E4DAE8}"}},{"type":"Feature","id":375,"geometry":{"type":"Point","coordinates":[194147.79140000045,1883920.341]},"properties":{"OBJECTID":375,"Asset_ID":"LUD375","Name":" Laundry","District_ID":"al Huseela","Gov_ID":"Dhofar Governorate","Wlyt_ID":"Salalah","Road_ID":"103824","Latitude":17.019152850000001,"Longitude":54.127330540000003,"GlobalID":"{A86FEAE5-D03B-4C23-9404-504C4E028B1D}"}},{"type":"Feature","id":376,"geometry":{"type":"Point","coordinates":[194287.32919999957,1884177.9996000007]},"properties":{"OBJECTID":376,"Asset_ID":"LUD376","Name":" Laundry","District_ID":"al Huseela","Gov_ID":"Dhofar Governorate","Wlyt_ID":"Salalah","Road_ID":"103867","Latitude":17.021506599999999,"Longitude":54.128603030000001,"GlobalID":"{0D8B7701-C551-487E-ACB9-B4EF84544DEF}"}},{"type":"Feature","id":377,"geometry":{"type":"Point","coordinates":[194256.50879999995,1884175.8407000005]},"properties":{"OBJECTID":377,"Asset_ID":"LUD377","Name":" Laundry","District_ID":"al Huseela","Gov_ID":"Dhofar Governorate","Wlyt_ID":"Salalah","Road_ID":"103867","Latitude":17.021461859999999,"Longitude":54.128317590000002,"GlobalID":"{E0D08201-D268-4C7B-B041-5B1824E7FEA5}"}},{"type":"Feature","id":378,"geometry":{"type":"Point","coordinates":[193958.83090000041,1884147.3245000001]},"properties":{"OBJECTID":378,"Asset_ID":"LUD378","Name":" Laundry","District_ID":"al Huseela","Gov_ID":"Dhofar Governorate","Wlyt_ID":"Salalah","Road_ID":"103867","Latitude":17.021200310000001,"Longitude":54.125525439999997,"GlobalID":"{04DEFDBE-A514-4DA3-A3E0-166206322998}"}},{"type":"Feature","id":379,"geometry":{"type":"Point","coordinates":[193827.09470000025,1884157.6526999995]},"properties":{"OBJECTID":379,"Asset_ID":"LUD379","Name":" Laundry","District_ID":"al Huseela","Gov_ID":"Dhofar Governorate","Wlyt_ID":"Salalah","Road_ID":"103867","Latitude":17.021232479999998,"Longitude":54.124286519999998,"GlobalID":"{D297611F-529B-41A7-A8D7-176E25610709}"}},{"type":"Feature","id":380,"geometry":{"type":"Point","coordinates":[196981.93719999958,1892354.1747999992]},"properties":{"OBJECTID":380,"Asset_ID":"LUD380","Name":" Laundry","District_ID":"al Sada al Shamaliyya","Gov_ID":"Dhofar Governorate","Wlyt_ID":"Salalah","Road_ID":"102654","Latitude":17.095679010000001,"Longitude":54.152769810000002,"GlobalID":"{78E0DEB3-BC78-497E-BCC6-9694009C690A}"}},{"type":"Feature","id":381,"geometry":{"type":"Point","coordinates":[196973.83059999999,1892340.2525999993]},"properties":{"OBJECTID":381,"Asset_ID":"LUD381","Name":" Laundry","District_ID":"al Sada al Shamaliyya","Gov_ID":"Dhofar Governorate","Wlyt_ID":"Salalah","Road_ID":"102654","Latitude":17.095552250000001,"Longitude":54.152695610000002,"GlobalID":"{49AD3240-6716-4D55-834C-ED1066D4D183}"}},{"type":"Feature","id":382,"geometry":{"type":"Point","coordinates":[197270.24990000017,1891937.3902000003]},"properties":{"OBJECTID":382,"Asset_ID":"LUD382","Name":" Laundry","District_ID":"al Sada al Shamaliyya","Gov_ID":"Dhofar Governorate","Wlyt_ID":"Salalah","Road_ID":"102547","Latitude":17.091954210000001,"Longitude":54.155533570000003,"GlobalID":"{27B6853B-EC20-4CB5-B380-8207A6FA35D6}"}},{"type":"Feature","id":383,"geometry":{"type":"Point","coordinates":[197167.6838999996,1891586.6919]},"properties":{"OBJECTID":383,"Asset_ID":"LUD383","Name":" Laundry","District_ID":"al Sada al Shamaliyya","Gov_ID":"Dhofar Governorate","Wlyt_ID":"Salalah","Road_ID":"102572","Latitude":17.088774489999999,"Longitude":54.154618810000002,"GlobalID":"{BFFD24BD-E13C-4CAD-AD13-B0E89300E309}"}},{"type":"Feature","id":384,"geometry":{"type":"Point","coordinates":[197695.31940000039,1890409.5009000003]},"properties":{"OBJECTID":384,"Asset_ID":"LUD384","Name":" Laundry","District_ID":"al Sada al Shamaliyya","Gov_ID":"Dhofar Governorate","Wlyt_ID":"Salalah","Road_ID":"102647","Latitude":17.078215960000001,"Longitude":54.159733039999999,"GlobalID":"{9D10B5E7-3C8B-4CD9-8E9A-343EFDAE8DC8}"}},{"type":"Feature","id":385,"geometry":{"type":"Point","coordinates":[197687.88439999986,1890406.0361000001]},"properties":{"OBJECTID":385,"Asset_ID":"LUD385","Name":" Laundry","District_ID":"al Sada al Shamaliyya","Gov_ID":"Dhofar Governorate","Wlyt_ID":"Salalah","Road_ID":"102647","Latitude":17.0781837,"Longitude":54.159663729999998,"GlobalID":"{0E1BF5C9-771C-4353-899A-0488E0C97941}"}},{"type":"Feature","id":386,"geometry":{"type":"Point","coordinates":[197664.56900000013,1890395.5693999995]},"properties":{"OBJECTID":386,"Asset_ID":"LUD386","Name":" Laundry","District_ID":"al Sada al Shamaliyya","Gov_ID":"Dhofar Governorate","Wlyt_ID":"Salalah","Road_ID":"102647","Latitude":17.07808614,"Longitude":54.159446299999999,"GlobalID":"{11FE30E1-6F72-4556-AE94-43BC3E315C88}"}},{"type":"Feature","id":387,"geometry":{"type":"Point","coordinates":[197652.56390000042,1890390.3630999997]},"properties":{"OBJECTID":387,"Asset_ID":"LUD387","Name":" Laundry","District_ID":"al Sada al Shamaliyya","Gov_ID":"Dhofar Governorate","Wlyt_ID":"Salalah","Road_ID":"102647","Latitude":17.078037550000001,"Longitude":54.159334319999999,"GlobalID":"{CF06D24E-7691-4B55-984D-7CBFD9356C25}"}},{"type":"Feature","id":388,"geometry":{"type":"Point","coordinates":[197620.30669999961,1890369.9485999998]},"properties":{"OBJECTID":388,"Asset_ID":"LUD388","Name":" Laundry","District_ID":"al Sada al Shamaliyya","Gov_ID":"Dhofar Governorate","Wlyt_ID":"Salalah","Road_ID":"102603","Latitude":17.077849000000001,"Longitude":54.159034310000003,"GlobalID":"{72138C4E-CE0A-4DDE-B73C-5557859E9122}"}},{"type":"Feature","id":389,"geometry":{"type":"Point","coordinates":[197656.48440000042,1890371.9651999995]},"properties":{"OBJECTID":389,"Asset_ID":"LUD389","Name":" Laundry","District_ID":"al Sada al Shamaliyya","Gov_ID":"Dhofar Governorate","Wlyt_ID":"Salalah","Road_ID":"102647","Latitude":17.07787197,"Longitude":54.159373639999998,"GlobalID":"{4ED60C60-401D-43AA-8FDB-7B63817D8AC6}"}},{"type":"Feature","id":390,"geometry":{"type":"Point","coordinates":[197692.14520000014,1890363.125]},"properties":{"OBJECTID":390,"Asset_ID":"LUD390","Name":" Laundry","District_ID":"al Sada al Shamaliyya","Gov_ID":"Dhofar Governorate","Wlyt_ID":"Salalah","Road_ID":"102472","Latitude":17.077796849999999,"Longitude":54.159709589999999,"GlobalID":"{15508F04-B0F3-4D29-89BC-8186BC475E74}"}},{"type":"Feature","id":391,"geometry":{"type":"Point","coordinates":[197715.05520000029,1890373.875]},"properties":{"OBJECTID":391,"Asset_ID":"LUD391","Name":" Laundry","District_ID":"al Sada al Shamaliyya","Gov_ID":"Dhofar Governorate","Wlyt_ID":"Salalah","Road_ID":"102472","Latitude":17.077896920000001,"Longitude":54.15992318,"GlobalID":"{42D72784-CB9E-4319-9E4C-5E588B944D4B}"}},{"type":"Feature","id":392,"geometry":{"type":"Point","coordinates":[197715.58389999997,1890398.8997000009]},"properties":{"OBJECTID":392,"Asset_ID":"LUD392","Name":" Laundry","District_ID":"al Sada al Shamaliyya","Gov_ID":"Dhofar Governorate","Wlyt_ID":"Salalah","Road_ID":"102647","Latitude":17.078122919999998,"Longitude":54.159924719999999,"GlobalID":"{772F9A14-5347-4F7F-8D7D-4B732C9054F0}"}},{"type":"Feature","id":393,"geometry":{"type":"Point","coordinates":[197705.36249999981,1890356.4282000009]},"properties":{"OBJECTID":393,"Asset_ID":"LUD393","Name":"مغسلة التاج","District_ID":"al Sada al Shamaliyya","Gov_ID":"Dhofar Governorate","Wlyt_ID":"Salalah","Road_ID":"102471","Latitude":17.07773813,"Longitude":54.159834580000002,"GlobalID":"{9DC99EE3-3178-4E84-97E8-2A7E230AE040}"}},{"type":"Feature","id":394,"geometry":{"type":"Point","coordinates":[196854.09690000024,1890369.6644000001]},"properties":{"OBJECTID":394,"Asset_ID":"LUD394","Name":" Laundry","District_ID":"al Sada al Shamaliyya","Gov_ID":"Dhofar Governorate","Wlyt_ID":"Salalah","Road_ID":"102512","Latitude":17.077745499999999,"Longitude":54.151842000000002,"GlobalID":"{BE5C1894-90C0-43DE-842D-11129E6B8A45}"}},{"type":"Feature","id":395,"geometry":{"type":"Point","coordinates":[196801.75449999981,1890824.0532000009]},"properties":{"OBJECTID":395,"Asset_ID":"LUD395","Name":" Laundry","District_ID":"al Sada al Shamaliyya","Gov_ID":"Dhofar Governorate","Wlyt_ID":"Salalah","Road_ID":"102582","Latitude":17.081840920000001,"Longitude":54.15128833,"GlobalID":"{B7B47692-E16E-4BD1-8F27-A40244FA4AF4}"}},{"type":"Feature","id":396,"geometry":{"type":"Point","coordinates":[197034.27759999968,1890849.8729999997]},"properties":{"OBJECTID":396,"Asset_ID":"LUD396","Name":" Laundry","District_ID":"al Sada al Shamaliyya","Gov_ID":"Dhofar Governorate","Wlyt_ID":"Salalah","Road_ID":"102616","Latitude":17.082104699999999,"Longitude":54.153467509999999,"GlobalID":"{6FF49BFB-E339-4A93-8F28-34D66D0C45EA}"}},{"type":"Feature","id":397,"geometry":{"type":"Point","coordinates":[197053.83910000045,1890851.6352999993]},"properties":{"OBJECTID":397,"Asset_ID":"LUD397","Name":" Laundry","District_ID":"al Sada al Shamaliyya","Gov_ID":"Dhofar Governorate","Wlyt_ID":"Salalah","Road_ID":"102601","Latitude":17.082123190000001,"Longitude":54.153650890000002,"GlobalID":"{08AFD5A7-9B52-4B8F-AD91-496F45AB657F}"}},{"type":"Feature","id":398,"geometry":{"type":"Point","coordinates":[196565.61510000005,1889619.6644000001]},"properties":{"OBJECTID":398,"Asset_ID":"LUD398","Name":" Laundry","District_ID":"al Sada al Shamaliyya","Gov_ID":"Dhofar Governorate","Wlyt_ID":"Salalah","Road_ID":"102500","Latitude":17.070936249999999,"Longitude":54.149236989999999,"GlobalID":"{795AE88F-1016-4A7E-8299-50B20F28938F}"}},{"type":"Feature","id":399,"geometry":{"type":"Point","coordinates":[196566.71659999993,1889630.1281000003]},"properties":{"OBJECTID":399,"Asset_ID":"LUD399","Name":"مغاسل الوسام","District_ID":"al Sada al Shamaliyya","Gov_ID":"Dhofar Governorate","Wlyt_ID":"Salalah","Road_ID":"102500","Latitude":17.07103086,"Longitude":54.149245899999997,"GlobalID":"{010E5261-0F28-43D3-8E7C-9F2475DB088E}"}},{"type":"Feature","id":400,"geometry":{"type":"Point","coordinates":[196567.09109999985,1889642.1668999996]},"properties":{"OBJECTID":400,"Asset_ID":"LUD400","Name":" Laundry","District_ID":"al Sada al Shamaliyya","Gov_ID":"Dhofar Governorate","Wlyt_ID":"Salalah","Road_ID":"102500","Latitude":17.071139599999999,"Longitude":54.149247760000002,"GlobalID":"{C4190BE1-1672-4138-A57C-D7C64F74F450}"}},{"type":"Feature","id":401,"geometry":{"type":"Point","coordinates":[197384.49349999987,1892382.5446000006]},"properties":{"OBJECTID":401,"Asset_ID":"LUD401","Name":" Laundry","District_ID":"al Sada al Shamaliyya","Gov_ID":"Dhofar Governorate","Wlyt_ID":"Salalah","Road_ID":"102518","Latitude":17.095988250000001,"Longitude":54.156545039999997,"GlobalID":"{99C7CF4E-882B-4E9D-9C21-3131EB545F9D}"}},{"type":"Feature","id":402,"geometry":{"type":"Point","coordinates":[197334.32890000008,1891942.0173000004]},"properties":{"OBJECTID":402,"Asset_ID":"LUD402","Name":" Laundry","District_ID":"al Sada al Shamaliyya","Gov_ID":"Dhofar Governorate","Wlyt_ID":"Salalah","Road_ID":"102558","Latitude":17.092004429999999,"Longitude":54.156134489999999,"GlobalID":"{BD730DD6-6BD7-4D8A-8065-DAD4292F9469}"}},{"type":"Feature","id":403,"geometry":{"type":"Point","coordinates":[197325.74179999996,1891921.2943999991]},"properties":{"OBJECTID":403,"Asset_ID":"LUD403","Name":"الوسام كلين","District_ID":"al Sada al Shamaliyya","Gov_ID":"Dhofar Governorate","Wlyt_ID":"Salalah","Road_ID":"102542","Latitude":17.091816210000001,"Longitude":54.156056720000002,"GlobalID":"{60296F05-ED1C-4E42-ACFC-1F1F19923911}"}},{"type":"Feature","id":404,"geometry":{"type":"Point","coordinates":[197701.33519999962,1891199.2694000006]},"properties":{"OBJECTID":404,"Asset_ID":"LUD404","Name":" Laundry","District_ID":"al Sada al Shamaliyya","Gov_ID":"Dhofar Governorate","Wlyt_ID":"Salalah","Road_ID":"102558","Latitude":17.085347030000001,"Longitude":54.159681470000002,"GlobalID":"{CD443798-251D-41C2-A527-AAD5E5387C1A}"}},{"type":"Feature","id":405,"geometry":{"type":"Point","coordinates":[197864.10979999974,1891279.0714999996]},"properties":{"OBJECTID":405,"Asset_ID":"LUD405","Name":" Laundry","District_ID":"al Sada al Shamaliyya","Gov_ID":"Dhofar Governorate","Wlyt_ID":"Salalah","Road_ID":"102560","Latitude":17.086088920000002,"Longitude":54.161198579999997,"GlobalID":"{774B60DC-5512-4E4F-98A7-DBD61459312A}"}},{"type":"Feature","id":406,"geometry":{"type":"Point","coordinates":[197869.6054999996,1891280.6743999999]},"properties":{"OBJECTID":406,"Asset_ID":"LUD406","Name":" Laundry","District_ID":"al Sada al Shamaliyya","Gov_ID":"Dhofar Governorate","Wlyt_ID":"Salalah","Road_ID":"102560","Latitude":17.086104120000002,"Longitude":54.161249949999998,"GlobalID":"{013E03DF-A345-41FA-9B71-1B2663E4E11A}"}},{"type":"Feature","id":407,"geometry":{"type":"Point","coordinates":[197764.47869999986,1891248.5613000002]},"properties":{"OBJECTID":407,"Asset_ID":"LUD407","Name":" Laundry","District_ID":"al Sada al Shamaliyya","Gov_ID":"Dhofar Governorate","Wlyt_ID":"Salalah","Road_ID":"102560","Latitude":17.08580036,"Longitude":54.160267480000002,"GlobalID":"{21DA886C-23A7-4066-9334-7440F0B52AC7}"}},{"type":"Feature","id":408,"geometry":{"type":"Point","coordinates":[198811.94900000002,1891901.0307999998]},"properties":{"OBJECTID":408,"Asset_ID":"LUD408","Name":" Laundry","District_ID":"Sahalnout al Shamaliyya","Gov_ID":"Dhofar Governorate","Wlyt_ID":"Salalah","Road_ID":"102914","Latitude":17.09182869,"Longitude":54.170011529999996,"GlobalID":"{E295906F-FFD9-4F4C-B4B6-BE50E31A291B}"}},{"type":"Feature","id":409,"geometry":{"type":"Point","coordinates":[198790.65500000026,1892239.7029999997]},"properties":{"OBJECTID":409,"Asset_ID":"LUD409","Name":" Laundry","District_ID":"Sahalnout al Shamaliyya","Gov_ID":"Dhofar Governorate","Wlyt_ID":"Salalah","Road_ID":"102915","Latitude":17.09488356,"Longitude":54.169765429999998,"GlobalID":"{13C0EF47-1181-4355-946A-198BAD3F87CB}"}},{"type":"Feature","id":410,"geometry":{"type":"Point","coordinates":[198632.42569999956,1892194.6129999999]},"properties":{"OBJECTID":410,"Asset_ID":"LUD410","Name":" Laundry","District_ID":"Sahalnout al Shamaliyya","Gov_ID":"Dhofar Governorate","Wlyt_ID":"Salalah","Road_ID":"102915","Latitude":17.094455700000001,"Longitude":54.168286139999999,"GlobalID":"{64810EDA-24D4-4D0F-8328-7800F7100013}"}},{"type":"Feature","id":411,"geometry":{"type":"Point","coordinates":[198728.0895999996,1892839.5828000009]},"properties":{"OBJECTID":411,"Asset_ID":"LUD411","Name":" Laundry","District_ID":"Sahalnout al Shamaliyya","Gov_ID":"Dhofar Governorate","Wlyt_ID":"Salalah","Road_ID":"102728","Latitude":17.10029128,"Longitude":54.169096199999998,"GlobalID":"{017E5E7D-B74E-4432-80CB-FF704BEB2C7C}"}},{"type":"Feature","id":412,"geometry":{"type":"Point","coordinates":[198769.6950000003,1892849.9032000005]},"properties":{"OBJECTID":412,"Asset_ID":"LUD412","Name":" Laundry","District_ID":"Sahalnout al Shamaliyya","Gov_ID":"Dhofar Governorate","Wlyt_ID":"Salalah","Road_ID":"102656","Latitude":17.100389920000001,"Longitude":54.169485389999998,"GlobalID":"{19403648-DA7B-43D6-B8FA-3AF01E2015EB}"}},{"type":"Feature","id":413,"geometry":{"type":"Point","coordinates":[200773.33690000046,1892691.1987999994]},"properties":{"OBJECTID":413,"Asset_ID":"LUD413","Name":" Laundry","District_ID":"Sahalnout al Shamaliyya","Gov_ID":"Dhofar Governorate","Wlyt_ID":"Salalah","Road_ID":"107986","Latitude":17.099219179999999,"Longitude":54.188317589999997,"GlobalID":"{B682A5B4-58A3-422B-8950-BE4A70A81981}"}},{"type":"Feature","id":414,"geometry":{"type":"Point","coordinates":[201410.90099999961,1892913.1023999993]},"properties":{"OBJECTID":414,"Asset_ID":"LUD414","Name":" Laundry","District_ID":"Sahalnout al Shamaliyya","Gov_ID":"Dhofar Governorate","Wlyt_ID":"Salalah","Road_ID":"102821","Latitude":17.10130569,"Longitude":54.194273199999998,"GlobalID":"{AE96BCDF-C13C-4B61-BC22-DC5699B17445}"}},{"type":"Feature","id":415,"geometry":{"type":"Point","coordinates":[182956.99610000011,1884590.8143000007]},"properties":{"OBJECTID":415,"Asset_ID":"LUD415","Name":" Laundry","District_ID":"Auqad al Shamaliyya","Gov_ID":"Dhofar Governorate","Wlyt_ID":"Salalah","Road_ID":"105660","Latitude":17.02370354,"Longitude":54.022226940000003,"GlobalID":"{268E7DB3-EAB1-497B-90A9-B465743D63BA}"}},{"type":"Feature","id":416,"geometry":{"type":"Point","coordinates":[184147.83299999963,1882483.6795000006]},"properties":{"OBJECTID":416,"Asset_ID":"LUD416","Name":" Laundry","District_ID":"Auqad al Shamaliyya","Gov_ID":"Dhofar Governorate","Wlyt_ID":"Salalah","Road_ID":"105698","Latitude":17.004845100000001,"Longitude":54.033700539999998,"GlobalID":"{A17385AD-A28B-44A5-85D6-045A26119BDE}"}},{"type":"Feature","id":417,"geometry":{"type":"Point","coordinates":[184419.06390000042,1882886.4557000007]},"properties":{"OBJECTID":417,"Asset_ID":"LUD417","Name":" Laundry","District_ID":"Auqad al Shamaliyya","Gov_ID":"Dhofar Governorate","Wlyt_ID":"Salalah","Road_ID":"105704","Latitude":17.008518200000001,"Longitude":54.036188070000001,"GlobalID":"{100EF66A-D554-41A4-83D4-5D876CC0ECFD}"}},{"type":"Feature","id":418,"geometry":{"type":"Point","coordinates":[183779.60170000046,1882988.5233999994]},"properties":{"OBJECTID":418,"Asset_ID":"LUD418","Name":" Laundry","District_ID":"Auqad al Shamaliyya","Gov_ID":"Dhofar Governorate","Wlyt_ID":"Salalah","Road_ID":"105596","Latitude":17.00935209,"Longitude":54.030173820000002,"GlobalID":"{CA08DF7F-AB13-470C-85A0-B845AB511642}"}},{"type":"Feature","id":419,"geometry":{"type":"Point","coordinates":[182735.58320000023,1882911.2017999999]},"properties":{"OBJECTID":419,"Asset_ID":"LUD419","Name":"مغسلة ماء الورد","District_ID":"Auqad al Shamaliyya","Gov_ID":"Dhofar Governorate","Wlyt_ID":"Salalah","Road_ID":"105777","Latitude":17.008510820000001,"Longitude":54.020389459999997,"GlobalID":"{83475814-D60C-4B33-9876-61FAC425781E}"}},{"type":"Feature","id":420,"geometry":{"type":"Point","coordinates":[182785.77089999989,1882981.7806000002]},"properties":{"OBJECTID":420,"Asset_ID":"LUD420","Name":" Laundry","District_ID":"Auqad al Shamaliyya","Gov_ID":"Dhofar Governorate","Wlyt_ID":"Salalah","Road_ID":"105926","Latitude":17.009154850000002,"Longitude":54.020850260000003,"GlobalID":"{E7F3E41C-179C-4962-BB66-B11713A1BFA9}"}},{"type":"Feature","id":421,"geometry":{"type":"Point","coordinates":[183139.48369999975,1883051.4133000001]},"properties":{"OBJECTID":421,"Asset_ID":"LUD421","Name":" Laundry","District_ID":"Auqad al Shamaliyya","Gov_ID":"Dhofar Governorate","Wlyt_ID":"Salalah","Road_ID":"105730","Latitude":17.009832020000001,"Longitude":54.024158989999997,"GlobalID":"{EC053164-3F6E-4D0B-A770-691AF4655E5F}"}},{"type":"Feature","id":422,"geometry":{"type":"Point","coordinates":[182602.44880000036,1883093.7002000008]},"properties":{"OBJECTID":422,"Asset_ID":"LUD422","Name":" Laundry","District_ID":"Auqad al Shamaliyya","Gov_ID":"Dhofar Governorate","Wlyt_ID":"Salalah","Road_ID":"105777","Latitude":17.010139970000001,"Longitude":54.019114270000003,"GlobalID":"{1875D5D2-35AB-4266-B337-220D770B56E8}"}},{"type":"Feature","id":423,"geometry":{"type":"Point","coordinates":[182450.9132000003,1883266.1987999994]},"properties":{"OBJECTID":423,"Asset_ID":"LUD423","Name":" Laundry","District_ID":"Auqad al Shamaliyya","Gov_ID":"Dhofar Governorate","Wlyt_ID":"Salalah","Road_ID":"105777","Latitude":17.011676309999999,"Longitude":54.017667830000001,"GlobalID":"{FE6979F7-CFF9-44E4-A358-C9E87BB53C77}"}},{"type":"Feature","id":424,"geometry":{"type":"Point","coordinates":[182446.61070000008,1883318.2230999991]},"properties":{"OBJECTID":424,"Asset_ID":"LUD424","Name":" Laundry","District_ID":"Auqad al Shamaliyya","Gov_ID":"Dhofar Governorate","Wlyt_ID":"Salalah","Road_ID":"105818","Latitude":17.012145350000001,"Longitude":54.017620020000003,"GlobalID":"{378DE6E1-D729-4DA3-AD2C-CE13EA8A4DB7}"}},{"type":"Feature","id":425,"geometry":{"type":"Point","coordinates":[182448.03639999963,1883320.4634000007]},"properties":{"OBJECTID":425,"Asset_ID":"LUD425","Name":" Laundry","District_ID":"Auqad al Shamaliyya","Gov_ID":"Dhofar Governorate","Wlyt_ID":"Salalah","Road_ID":"105818","Latitude":17.012165769999999,"Longitude":54.017633080000003,"GlobalID":"{13F30330-8C2E-47D3-8A33-5B90EEDC7218}"}},{"type":"Feature","id":426,"geometry":{"type":"Point","coordinates":[182456.5904000001,1883339.8117999993]},"properties":{"OBJECTID":426,"Asset_ID":"LUD426","Name":" Laundry","District_ID":"Auqad al Shamaliyya","Gov_ID":"Dhofar Governorate","Wlyt_ID":"Salalah","Road_ID":"105818","Latitude":17.01234161,"Longitude":54.017710569999998,"GlobalID":"{8936BB32-3A39-430A-9D4B-0E1D3F0B28B2}"}},{"type":"Feature","id":427,"geometry":{"type":"Point","coordinates":[182470.03239999991,1883330.4430999998]},"properties":{"OBJECTID":427,"Asset_ID":"LUD427","Name":" Laundry","District_ID":"Auqad al Shamaliyya","Gov_ID":"Dhofar Governorate","Wlyt_ID":"Salalah","Road_ID":"105818","Latitude":17.012258889999998,"Longitude":54.01783803,"GlobalID":"{08FAF5EC-31FF-4669-BE84-96E8393C8070}"}},{"type":"Feature","id":428,"geometry":{"type":"Point","coordinates":[183748.46040000021,1883023.4431999996]},"properties":{"OBJECTID":428,"Asset_ID":"LUD428","Name":" Laundry","District_ID":"Auqad al Shamaliyya","Gov_ID":"Dhofar Governorate","Wlyt_ID":"Salalah","Road_ID":"105598","Latitude":17.00966305,"Longitude":54.02987667,"GlobalID":"{2FB4975C-317B-40B8-A807-BDB793422775}"}},{"type":"Feature","id":429,"geometry":{"type":"Point","coordinates":[182392.47559999954,1882881.9013]},"properties":{"OBJECTID":429,"Asset_ID":"LUD429","Name":" Laundry","District_ID":"Auqad al Shamaliyya","Gov_ID":"Dhofar Governorate","Wlyt_ID":"Salalah","Road_ID":"105797","Latitude":17.008199130000001,"Longitude":54.017174509999997,"GlobalID":"{BE253269-BD61-45F3-B246-0073E1DE1689}"}},{"type":"Feature","id":430,"geometry":{"type":"Point","coordinates":[181352.92080000043,1882814.648]},"properties":{"OBJECTID":430,"Asset_ID":"LUD430","Name":" Laundry","District_ID":"Auqad al Shamaliyya","Gov_ID":"Dhofar Governorate","Wlyt_ID":"Salalah","Road_ID":"105819","Latitude":17.007448749999998,"Longitude":54.007430800000002,"GlobalID":"{D8BDEEBC-D451-4D74-9F18-3A043B8CE626}"}},{"type":"Feature","id":431,"geometry":{"type":"Point","coordinates":[181293.83409999963,1882786.0296]},"properties":{"OBJECTID":431,"Asset_ID":"LUD431","Name":" Laundry","District_ID":"Auqad al Shamaliyya","Gov_ID":"Dhofar Governorate","Wlyt_ID":"Salalah","Road_ID":"105819","Latitude":17.00718225,"Longitude":54.006880549999998,"GlobalID":"{7F113659-410A-40EB-96FC-1B325ACE89BC}"}},{"type":"Feature","id":432,"geometry":{"type":"Point","coordinates":[181277.76580000017,1882776.3424999993]},"properties":{"OBJECTID":432,"Asset_ID":"LUD432","Name":" Laundry","District_ID":"Auqad al Shamaliyya","Gov_ID":"Dhofar Governorate","Wlyt_ID":"Salalah","Road_ID":"105819","Latitude":17.007092589999999,"Longitude":54.006731180000003,"GlobalID":"{30DD0006-198A-4A79-97BF-C88F9B49A224}"}},{"type":"Feature","id":433,"geometry":{"type":"Point","coordinates":[181276.03280000016,1882832.4765000008]},"properties":{"OBJECTID":433,"Asset_ID":"LUD433","Name":" Laundry","District_ID":"Auqad al Shamaliyya","Gov_ID":"Dhofar Governorate","Wlyt_ID":"Salalah","Road_ID":"105917","Latitude":17.007599079999999,"Longitude":54.006706870000002,"GlobalID":"{A31A898C-E9A4-49A8-BD25-ECF535BA10D8}"}},{"type":"Feature","id":434,"geometry":{"type":"Point","coordinates":[181251.55520000029,1883004.2171999998]},"properties":{"OBJECTID":434,"Asset_ID":"LUD434","Name":" Laundry","District_ID":"Auqad al Shamaliyya","Gov_ID":"Dhofar Governorate","Wlyt_ID":"Salalah","Road_ID":"105838","Latitude":17.00914603,"Longitude":54.00645257,"GlobalID":"{1BF3DACB-288F-4E41-A15C-D8FF21CDCD34}"}},{"type":"Feature","id":435,"geometry":{"type":"Point","coordinates":[181821.34439999983,1883399.6331999991]},"properties":{"OBJECTID":435,"Asset_ID":"LUD435","Name":" Laundry","District_ID":"Auqad al Shamaliyya","Gov_ID":"Dhofar Governorate","Wlyt_ID":"Salalah","Road_ID":"105846","Latitude":17.01279413,"Longitude":54.011741819999997,"GlobalID":"{E7518969-F9C6-48FC-9BAE-0D2A9E117453}"}},{"type":"Feature","id":436,"geometry":{"type":"Point","coordinates":[181577.56230000034,1882443.3660000004]},"properties":{"OBJECTID":436,"Asset_ID":"LUD436","Name":" Laundry","District_ID":"Auqad al Shamaliyya","Gov_ID":"Dhofar Governorate","Wlyt_ID":"Salalah","Road_ID":"105832","Latitude":17.004128130000002,"Longitude":54.009591649999997,"GlobalID":"{A45D23F5-BB63-444B-AFD7-A7D12B705329}"}},{"type":"Feature","id":437,"geometry":{"type":"Point","coordinates":[181487.23170000035,1881839.5006000008]},"properties":{"OBJECTID":437,"Asset_ID":"LUD437","Name":" Laundry","District_ID":"Auqad al Shamaliyya","Gov_ID":"Dhofar Governorate","Wlyt_ID":"Salalah","Road_ID":"105725","Latitude":16.998664479999999,"Longitude":54.00883073,"GlobalID":"{5FEECAE1-C746-47C5-9A76-714072BBF733}"}},{"type":"Feature","id":438,"geometry":{"type":"Point","coordinates":[180894.80420000013,1882917.8946000002]},"properties":{"OBJECTID":438,"Asset_ID":"LUD438","Name":" Laundry","District_ID":"Auqad al Shamaliyya","Gov_ID":"Dhofar Governorate","Wlyt_ID":"Salalah","Road_ID":"105868","Latitude":17.00831749,"Longitude":54.003117850000002,"GlobalID":"{439F9BEE-8A02-45D9-A0B2-DA52F9610FF0}"}},{"type":"Feature","id":439,"geometry":{"type":"Point","coordinates":[183906.50619999971,1882106.0930000003]},"properties":{"OBJECTID":439,"Asset_ID":"LUD439","Name":" Laundry","District_ID":"Auqad al Shamaliyya","Gov_ID":"Dhofar Governorate","Wlyt_ID":"Salalah","Road_ID":"105566","Latitude":17.001403459999999,"Longitude":54.031490069999997,"GlobalID":"{D93021F1-5867-4057-95DD-263B93EB26AA}"}},{"type":"Feature","id":440,"geometry":{"type":"Point","coordinates":[183696.35280000046,1882225.8336999994]},"properties":{"OBJECTID":440,"Asset_ID":"LUD440","Name":" Laundry","District_ID":"Auqad al Shamaliyya","Gov_ID":"Dhofar Governorate","Wlyt_ID":"Salalah","Road_ID":"105578","Latitude":17.00245563,"Longitude":54.029501349999997,"GlobalID":"{05CABEB4-2D1E-4A9B-ADA4-F39E3F10764A}"}},{"type":"Feature","id":441,"geometry":{"type":"Point","coordinates":[181747.58449999988,1883092.1782000009]},"properties":{"OBJECTID":441,"Asset_ID":"LUD441","Name":" Laundry","District_ID":"Auqad al Shamaliyya","Gov_ID":"Dhofar Governorate","Wlyt_ID":"Salalah","Road_ID":"105907","Latitude":17.010008509999999,"Longitude":54.011093840000001,"GlobalID":"{EF84214D-806A-46CA-8E3B-17B7F5ABE7A5}"}},{"type":"Feature","id":442,"geometry":{"type":"Point","coordinates":[181725.02159999963,1883160.1623]},"properties":{"OBJECTID":442,"Asset_ID":"LUD442","Name":" Laundry","District_ID":"Auqad al Shamaliyya","Gov_ID":"Dhofar Governorate","Wlyt_ID":"Salalah","Road_ID":"105907","Latitude":17.0106191,"Longitude":54.010872399999997,"GlobalID":"{3F81B6D9-8AA1-408D-A9F5-845786FC875B}"}},{"type":"Feature","id":443,"geometry":{"type":"Point","coordinates":[181727.07180000003,1883156.8819999993]},"properties":{"OBJECTID":443,"Asset_ID":"LUD443","Name":" Laundry","District_ID":"Auqad al Shamaliyya","Gov_ID":"Dhofar Governorate","Wlyt_ID":"Salalah","Road_ID":"105907","Latitude":17.01058978,"Longitude":54.01089211,"GlobalID":"{D035A006-808D-40E5-A6FC-718297879662}"}},{"type":"Feature","id":444,"geometry":{"type":"Point","coordinates":[181802.06419999991,1883142.3960999995]},"properties":{"OBJECTID":444,"Asset_ID":"LUD444","Name":"الغسيل السحري","District_ID":"Auqad al Shamaliyya","Gov_ID":"Dhofar Governorate","Wlyt_ID":"Salalah","Road_ID":"105907","Latitude":17.010469350000001,"Longitude":54.011597790000003,"GlobalID":"{E962FDCF-7F3D-4233-AD52-86A42D1AB847}"}}]
}