{
  "type" : "FeatureCollection",
  "crs" : {
    "type" : "name",
    "properties" : {
      "name" : "EPSG:32640"
    }
  },
  "features" : [{"type":"Feature","id":1,"geometry":{"type":"Point","coordinates":[187954.45969999954,1882726.3303999994]},"properties":{"OBJECTID":1,"Asset_ID":"MH1","Name":null,"District_ID":"Salalah al Gharbiyya","Wlyt_ID":"Salalah","Gov_ID":"Dhofar Governorate","Road_ID":"103824","Mun_ID":" ","Latitude":17.007553309999999,"Longitude":54.069381839999998,"GlobalID":"{221F1538-EC45-4108-BF07-0986ECF982C4}","NEAR_FID":4903,"NEAR_DIST":0.092574414067366204}},{"type":"Feature","id":2,"geometry":{"type":"Point","coordinates":[187947.76769999973,1882717.0578000005]},"properties":{"OBJECTID":2,"Asset_ID":"MH2","Name":null,"District_ID":"Salalah al Gharbiyya","Wlyt_ID":"Salalah","Gov_ID":"Dhofar Governorate","Road_ID":"103824","Mun_ID":" ","Latitude":17.00746869,"Longitude":54.069320349999998,"GlobalID":"{3256EFED-D904-4368-80CE-7F8AA32B51EE}","NEAR_FID":4903,"NEAR_DIST":7.7467033010301014}},{"type":"Feature","id":3,"geometry":{"type":"Point","coordinates":[190436.46779999975,1883587.852]},"properties":{"OBJECTID":3,"Asset_ID":"MH3","Name":null,"District_ID":"Salalah al Jadida","Wlyt_ID":"Salalah","Gov_ID":"Dhofar Governorate","Road_ID":"103812","Mun_ID":"M96","Latitude":17.015665179999999,"Longitude":54.092549920000003,"GlobalID":"{EB0E5BCB-8F32-45FC-8299-818A726A75CF}","NEAR_FID":8813,"NEAR_DIST":4.5591275834564273}},{"type":"Feature","id":4,"geometry":{"type":"Point","coordinates":[190271.87579999957,1883486.6065999996]},"properties":{"OBJECTID":4,"Asset_ID":"MH4","Name":null,"District_ID":"Salalah al Wousta","Wlyt_ID":"Salalah","Gov_ID":"Dhofar Governorate","Road_ID":"104523","Mun_ID":"M92","Latitude":17.014729060000001,"Longitude":54.091019629999998,"GlobalID":"{A5F4BDB9-13BF-476F-9041-22CB32B3717F}","NEAR_FID":18962,"NEAR_DIST":7.5850140364181531}},{"type":"Feature","id":5,"geometry":{"type":"Point","coordinates":[190140.19409999996,1883433.2189000007]},"properties":{"OBJECTID":5,"Asset_ID":"MH5","Name":null,"District_ID":"Salalah al Gharbiyya","Wlyt_ID":"Salalah","Gov_ID":"Dhofar Governorate","Road_ID":"104455","Mun_ID":"M86","Latitude":17.014229409999999,"Longitude":54.089791490000003,"GlobalID":"{8EBF32FD-CC77-451A-8167-5153AE3A2518}","NEAR_FID":12677,"NEAR_DIST":10.711389725229527}},{"type":"Feature","id":6,"geometry":{"type":"Point","coordinates":[190129.23149999976,1883460.9664999992]},"properties":{"OBJECTID":6,"Asset_ID":"MH6","Name":null,"District_ID":"Salalah al Jadida","Wlyt_ID":"Salalah","Gov_ID":"Dhofar Governorate","Road_ID":"103812","Mun_ID":" ","Latitude":17.014478440000001,"Longitude":54.089684750000004,"GlobalID":"{DAE6D0F1-1850-430B-8EA1-A10316F8313D}","NEAR_FID":10065,"NEAR_DIST":3.4872119282471838}},{"type":"Feature","id":7,"geometry":{"type":"Point","coordinates":[190139.18120000046,1883462.9484000001]},"properties":{"OBJECTID":7,"Asset_ID":"MH7","Name":null,"District_ID":"Salalah al Jadida","Wlyt_ID":"Salalah","Gov_ID":"Dhofar Governorate","Road_ID":"103812","Mun_ID":" ","Latitude":17.01449766,"Longitude":54.089777830000003,"GlobalID":"{8780BEAD-6303-491A-9B35-4F19CB835F1E}","NEAR_FID":10065,"NEAR_DIST":2.3407411116688759}},{"type":"Feature","id":8,"geometry":{"type":"Point","coordinates":[190059.47360000014,1883439.5014999993]},"properties":{"OBJECTID":8,"Asset_ID":"MH8","Name":null,"District_ID":"Salalah al Jadida","Wlyt_ID":"Salalah","Gov_ID":"Dhofar Governorate","Road_ID":"103812","Mun_ID":" ","Latitude":17.01427529,"Longitude":54.089033190000002,"GlobalID":"{B7038435-75EA-4854-BF14-D6E5A9E2EAA3}","NEAR_FID":10065,"NEAR_DIST":3.9832699244783472}},{"type":"Feature","id":9,"geometry":{"type":"Point","coordinates":[189902.17640000023,1883388.4476999994]},"properties":{"OBJECTID":9,"Asset_ID":"MH9","Name":null,"District_ID":"Salalah al Jadida","Wlyt_ID":"Salalah","Gov_ID":"Dhofar Governorate","Road_ID":"103812","Mun_ID":" ","Latitude":17.013793249999999,"Longitude":54.087564370000003,"GlobalID":"{4F135EBE-D526-4FD0-AADA-A4935EC4AE4A}","NEAR_FID":12596,"NEAR_DIST":2.3020218120356484}},{"type":"Feature","id":10,"geometry":{"type":"Point","coordinates":[189646.99380000029,1883288.1808000002]},"properties":{"OBJECTID":10,"Asset_ID":"MH10","Name":null,"District_ID":"Salalah al Gharbiyya","Wlyt_ID":"Salalah","Gov_ID":"Dhofar Governorate","Road_ID":"103812","Mun_ID":"M76","Latitude":17.012853750000001,"Longitude":54.085183970000003,"GlobalID":"{830AD0FC-E173-446C-94B8-251CFE8B321F}","NEAR_FID":11214,"NEAR_DIST":9.9796502538146417}},{"type":"Feature","id":11,"geometry":{"type":"Point","coordinates":[189617.34999999963,1883276.3135000002]},"properties":{"OBJECTID":11,"Asset_ID":"MH11","Name":null,"District_ID":"Salalah al Gharbiyya","Wlyt_ID":"Salalah","Gov_ID":"Dhofar Governorate","Road_ID":"103812","Mun_ID":"M75","Latitude":17.012742630000002,"Longitude":54.084907479999998,"GlobalID":"{136E4582-824D-461E-A418-4874F6737FE5}","NEAR_FID":11214,"NEAR_DIST":11.97347538604849}},{"type":"Feature","id":12,"geometry":{"type":"Point","coordinates":[189554.6540000001,1883257.9154000003]},"properties":{"OBJECTID":12,"Asset_ID":"MH12","Name":null,"District_ID":"Salalah al Gharbiyya","Wlyt_ID":"Salalah","Gov_ID":"Dhofar Governorate","Road_ID":"103812","Mun_ID":"M74","Latitude":17.012568099999999,"Longitude":54.084321770000003,"GlobalID":"{4AA96688-BB20-4855-B825-DF3D4B17DFF2}","NEAR_FID":11214,"NEAR_DIST":10.036525039588199}},{"type":"Feature","id":13,"geometry":{"type":"Point","coordinates":[189507.0745000001,1883243.6020999998]},"properties":{"OBJECTID":13,"Asset_ID":"MH13","Name":null,"District_ID":"Salalah al Gharbiyya","Wlyt_ID":"Salalah","Gov_ID":"Dhofar Governorate","Road_ID":"103812","Mun_ID":"M73","Latitude":17.012432480000001,"Longitude":54.08387733,"GlobalID":"{47B5BDB4-BE7B-4ACC-98E7-209263CC985A}","NEAR_FID":11214,"NEAR_DIST":9.7540772789687793}},{"type":"Feature","id":14,"geometry":{"type":"Point","coordinates":[189410.72750000004,1883214.6166999992]},"properties":{"OBJECTID":14,"Asset_ID":"MH14","Name":null,"District_ID":"Salalah al Gharbiyya","Wlyt_ID":"Salalah","Gov_ID":"Dhofar Governorate","Road_ID":"103812","Mun_ID":"M71","Latitude":17.01215784,"Longitude":54.082977360000001,"GlobalID":"{D805CDFE-A8A6-4D72-90E8-9D263068BFD2}","NEAR_FID":13285,"NEAR_DIST":8.1043183671907979}},{"type":"Feature","id":15,"geometry":{"type":"Point","coordinates":[189401.00910000037,1883234.4656000007]},"properties":{"OBJECTID":15,"Asset_ID":"MH15","Name":null,"District_ID":"Salalah al Jadida","Wlyt_ID":"Salalah","Gov_ID":"Dhofar Governorate","Road_ID":"103812","Mun_ID":" ","Latitude":17.01233573,"Longitude":54.082883389999999,"GlobalID":"{B8BDF184-271A-4E73-8FBE-BA2DFD266615}","NEAR_FID":5176,"NEAR_DIST":4.1076746648233549}},{"type":"Feature","id":16,"geometry":{"type":"Point","coordinates":[189290.8367999997,1883168.3969999999]},"properties":{"OBJECTID":16,"Asset_ID":"MH16","Name":null,"District_ID":"Salalah al Gharbiyya","Wlyt_ID":"Salalah","Gov_ID":"Dhofar Governorate","Road_ID":"104465","Mun_ID":"M66","Latitude":17.011724439999998,"Longitude":54.081858889999999,"GlobalID":"{CADFA062-EEB6-44C8-9C56-91F4DBA814AA}","NEAR_FID":7879,"NEAR_DIST":4.7263259885833904}},{"type":"Feature","id":17,"geometry":{"type":"Point","coordinates":[189216.12710000016,1883148.8084999993]},"properties":{"OBJECTID":17,"Asset_ID":"MH17","Name":null,"District_ID":"Salalah al Gharbiyya","Wlyt_ID":"Salalah","Gov_ID":"Dhofar Governorate","Road_ID":"103812","Mun_ID":"M64","Latitude":17.011537539999999,"Longitude":54.081160629999999,"GlobalID":"{6D402BB7-B271-4BE1-9F36-D89D8DFB2227}","NEAR_FID":11069,"NEAR_DIST":12.596742072513358}},{"type":"Feature","id":18,"geometry":{"type":"Point","coordinates":[189073.2137000002,1883104.8760000002]},"properties":{"OBJECTID":18,"Asset_ID":"MH18","Name":null,"District_ID":"Salalah al Gharbiyya","Wlyt_ID":"Salalah","Gov_ID":"Dhofar Governorate","Road_ID":"103812","Mun_ID":"M61","Latitude":17.011121679999999,"Longitude":54.079825820000003,"GlobalID":"{2A87ADD3-4B1B-4ECE-BCE0-2282F3E4C7BD}","NEAR_FID":11069,"NEAR_DIST":11.398504405469861}},{"type":"Feature","id":19,"geometry":{"type":"Point","coordinates":[188851.62339999992,1883042.1699000001]},"properties":{"OBJECTID":19,"Asset_ID":"MH19","Name":null,"District_ID":"Salalah al Gharbiyya","Wlyt_ID":"Salalah","Gov_ID":"Dhofar Governorate","Road_ID":"104475","Mun_ID":"M56","Latitude":17.010525730000001,"Longitude":54.077755439999997,"GlobalID":"{A68018B8-B23E-44E0-9936-2693B48E0652}","NEAR_FID":17709,"NEAR_DIST":4.9816004838946801}},{"type":"Feature","id":20,"geometry":{"type":"Point","coordinates":[188804.58530000038,1883025.5573999994]},"properties":{"OBJECTID":20,"Asset_ID":"MH20","Name":null,"District_ID":"Salalah al Gharbiyya","Wlyt_ID":"Salalah","Gov_ID":"Dhofar Governorate","Road_ID":"103812","Mun_ID":"M55","Latitude":17.010369409999999,"Longitude":54.077316410000002,"GlobalID":"{FF7A841A-8450-4EF9-8261-E3FC7A798A98}","NEAR_FID":18280,"NEAR_DIST":12.886690266026514}},{"type":"Feature","id":21,"geometry":{"type":"Point","coordinates":[188513.12270000018,1882928.8063999992]},"properties":{"OBJECTID":21,"Asset_ID":"MH21","Name":null,"District_ID":"Salalah al Gharbiyya","Wlyt_ID":"Salalah","Gov_ID":"Dhofar Governorate","Road_ID":"104479","Mun_ID":"M49","Latitude":17.009456650000001,"Longitude":54.074595219999999,"GlobalID":"{30768A48-55EF-4706-BCD8-DCBFAEA544F0}","NEAR_FID":16567,"NEAR_DIST":5.2588184181530178}},{"type":"Feature","id":22,"geometry":{"type":"Point","coordinates":[188472.47219999973,1882912.6183000002]},"properties":{"OBJECTID":22,"Asset_ID":"MH22","Name":null,"District_ID":"Salalah al Gharbiyya","Wlyt_ID":"Salalah","Gov_ID":"Dhofar Governorate","Road_ID":"103812","Mun_ID":"M48","Latitude":17.00930503,"Longitude":54.074216069999999,"GlobalID":"{D26D96FC-0F8F-4F1C-89F8-1D49B74527BB}","NEAR_FID":12497,"NEAR_DIST":7.4837492118868552}},{"type":"Feature","id":23,"geometry":{"type":"Point","coordinates":[188425.75229999982,1882890.3837000001]},"properties":{"OBJECTID":23,"Asset_ID":"MH23","Name":null,"District_ID":"Salalah al Gharbiyya","Wlyt_ID":"Salalah","Gov_ID":"Dhofar Governorate","Road_ID":"104567","Mun_ID":"M47","Latitude":17.009097990000001,"Longitude":54.073780829999997,"GlobalID":"{38EA662A-7EB7-4B57-BCC5-D88B6467D916}","NEAR_FID":13510,"NEAR_DIST":9.4703326816231836}},{"type":"Feature","id":24,"geometry":{"type":"Point","coordinates":[188381.80080000032,1882868.9171999991]},"properties":{"OBJECTID":24,"Asset_ID":"MH24","Name":null,"District_ID":"Salalah al Gharbiyya","Wlyt_ID":"Salalah","Gov_ID":"Dhofar Governorate","Road_ID":"104567","Mun_ID":"M46","Latitude":17.00889827,"Longitude":54.073371450000003,"GlobalID":"{9D0B8B19-DBB7-46A0-8D9E-B9E520B14487}","NEAR_FID":13510,"NEAR_DIST":5.6324825748970717}},{"type":"Feature","id":25,"geometry":{"type":"Point","coordinates":[188333.84410000034,1882854.2704000007]},"properties":{"OBJECTID":25,"Asset_ID":"MH25","Name":null,"District_ID":"Salalah al Gharbiyya","Wlyt_ID":"Salalah","Gov_ID":"Dhofar Governorate","Road_ID":"104567","Mun_ID":"M45","Latitude":17.008759560000001,"Longitude":54.072923539999998,"GlobalID":"{D956F016-4BE3-4F9F-B14D-9466F5B9BA07}","NEAR_FID":11569,"NEAR_DIST":5.4024386311285175}},{"type":"Feature","id":26,"geometry":{"type":"Point","coordinates":[188285.94570000004,1882839.0471000001]},"properties":{"OBJECTID":26,"Asset_ID":"MH26","Name":null,"District_ID":"Salalah al Gharbiyya","Wlyt_ID":"Salalah","Gov_ID":"Dhofar Governorate","Road_ID":"103812","Mun_ID":"M44","Latitude":17.008615670000001,"Longitude":54.072476260000002,"GlobalID":"{93FDE62F-D305-4B3E-A8A5-4B93EAE049A8}","NEAR_FID":16421,"NEAR_DIST":11.846688948692513}},{"type":"Feature","id":27,"geometry":{"type":"Point","coordinates":[188236.7407999998,1882823.4169999994]},"properties":{"OBJECTID":27,"Asset_ID":"MH27","Name":null,"District_ID":"Salalah al Gharbiyya","Wlyt_ID":"Salalah","Gov_ID":"Dhofar Governorate","Road_ID":"103812","Mun_ID":"M43","Latitude":17.008467920000001,"Longitude":54.072016769999998,"GlobalID":"{055ABB57-1C7A-444E-A6B3-727A78D6982A}","NEAR_FID":16421,"NEAR_DIST":11.141314669956328}},{"type":"Feature","id":28,"geometry":{"type":"Point","coordinates":[188189.29260000028,1882808.4749999996]},"properties":{"OBJECTID":28,"Asset_ID":"MH28","Name":null,"District_ID":"Salalah al Gharbiyya","Wlyt_ID":"Salalah","Gov_ID":"Dhofar Governorate","Road_ID":"103812","Mun_ID":"M42","Latitude":17.008326619999998,"Longitude":54.07157368,"GlobalID":"{CE7C1184-1CBA-4FE7-8442-24603A0E67EC}","NEAR_FID":16421,"NEAR_DIST":10.611324726855347}},{"type":"Feature","id":29,"geometry":{"type":"Point","coordinates":[188141.75119999982,1882790.9674999993]},"properties":{"OBJECTID":29,"Asset_ID":"MH29","Name":null,"District_ID":"Salalah al Gharbiyya","Wlyt_ID":"Salalah","Gov_ID":"Dhofar Governorate","Road_ID":"103812","Mun_ID":"M41","Latitude":17.00816214,"Longitude":54.071130060000002,"GlobalID":"{C3D08C4C-A678-45D1-83D6-DA6622FC8026}","NEAR_FID":16421,"NEAR_DIST":12.668798532900126}},{"type":"Feature","id":30,"geometry":{"type":"Point","coordinates":[188095.99050000031,1882775.5457000006]},"properties":{"OBJECTID":30,"Asset_ID":"MH30","Name":null,"District_ID":"Salalah al Gharbiyya","Wlyt_ID":"Salalah","Gov_ID":"Dhofar Governorate","Road_ID":"103812","Mun_ID":"M40","Latitude":17.008016739999999,"Longitude":54.070702869999998,"GlobalID":"{EEFE5F07-028E-4604-AD22-BC34740DFE22}","NEAR_FID":13499,"NEAR_DIST":6.8982146330614968}},{"type":"Feature","id":31,"geometry":{"type":"Point","coordinates":[188045.42769999988,1882760.7909999993]},"properties":{"OBJECTID":31,"Asset_ID":"MH31","Name":null,"District_ID":"Salalah al Gharbiyya","Wlyt_ID":"Salalah","Gov_ID":"Dhofar Governorate","Road_ID":"103812","Mun_ID":"M39","Latitude":17.007876700000001,"Longitude":54.070230520000003,"GlobalID":"{C1286C2B-D985-4DA3-9A8D-2E4D8D6C8C41}","NEAR_FID":10162,"NEAR_DIST":11.408439368071923}},{"type":"Feature","id":32,"geometry":{"type":"Point","coordinates":[188100.44060000032,1882758.0298999995]},"properties":{"OBJECTID":32,"Asset_ID":"MH32","Name":null,"District_ID":"Salalah al Gharbiyya","Wlyt_ID":"Salalah","Gov_ID":"Dhofar Governorate","Road_ID":"103824","Mun_ID":"M27","Latitude":17.007859209999999,"Longitude":54.070747079999997,"GlobalID":"{77B952B4-C099-4536-81AC-F41FEC2725B6}","NEAR_FID":13127,"NEAR_DIST":3.2738679710145551}},{"type":"Feature","id":33,"geometry":{"type":"Point","coordinates":[195883.82060000021,1885363.8314999994]},"properties":{"OBJECTID":33,"Asset_ID":"MH33","Name":null,"District_ID":"Dahariz al Shamaliyya","Wlyt_ID":"Salalah","Gov_ID":"Dhofar Governorate","Road_ID":"100418","Mun_ID":" ","Latitude":17.032423640000001,"Longitude":54.143421840000002,"GlobalID":"{3405BAA8-CECB-48E4-8D42-57E069BF8C58}","NEAR_FID":6484,"NEAR_DIST":10.569453339487998}},{"type":"Feature","id":34,"geometry":{"type":"Point","coordinates":[195950.79820000008,1885412.9605999999]},"properties":{"OBJECTID":34,"Asset_ID":"MH34","Name":null,"District_ID":"Dahariz al Shamaliyya","Wlyt_ID":"Salalah","Gov_ID":"Dhofar Governorate","Road_ID":"100418","Mun_ID":" ","Latitude":17.03287602,"Longitude":54.144043660000001,"GlobalID":"{404F2A98-3D77-465A-8D81-A3E026D8229B}","NEAR_FID":9827,"NEAR_DIST":11.32571983015001}},{"type":"Feature","id":35,"geometry":{"type":"Point","coordinates":[195994.11950000003,1885430.8954000007]},"properties":{"OBJECTID":35,"Asset_ID":"MH35","Name":null,"District_ID":"Dahariz al Shamaliyya","Wlyt_ID":"Salalah","Gov_ID":"Dhofar Governorate","Road_ID":"100124","Mun_ID":" ","Latitude":17.033043660000001,"Longitude":54.144447749999998,"GlobalID":"{B61D78D2-7CD7-4915-B091-E51A0A584BC1}","NEAR_FID":13723,"NEAR_DIST":3.0057479996790328}},{"type":"Feature","id":36,"geometry":{"type":"Point","coordinates":[196252.10819999967,1885707.0977999996]},"properties":{"OBJECTID":36,"Asset_ID":"MH36","Name":null,"District_ID":"al Sada al Janubiyya","Wlyt_ID":"Salalah","Gov_ID":"Dhofar Governorate","Road_ID":"100418","Mun_ID":" ","Latitude":17.035571300000001,"Longitude":54.146831030000001,"GlobalID":"{18BAA465-8AAD-4A9E-BC06-6455E6803269}","NEAR_FID":18455,"NEAR_DIST":2.8187985658056518}},{"type":"Feature","id":37,"geometry":{"type":"Point","coordinates":[196343.75090000033,1885764.5967999995]},"properties":{"OBJECTID":37,"Asset_ID":"MH37","Name":null,"District_ID":"al Sada al Janubiyya","Wlyt_ID":"Salalah","Gov_ID":"Dhofar Governorate","Road_ID":"100418","Mun_ID":" ","Latitude":17.036102490000001,"Longitude":54.147683190000002,"GlobalID":"{3497FB1C-3C0B-4302-8AAD-4DE96CCCC846}","NEAR_FID":12163,"NEAR_DIST":15.03297829629639}},{"type":"Feature","id":38,"geometry":{"type":"Point","coordinates":[196361.31199999992,1885773.1229999997]},"properties":{"OBJECTID":38,"Asset_ID":"MH38","Name":null,"District_ID":"al Sada al Janubiyya","Wlyt_ID":"Salalah","Gov_ID":"Dhofar Governorate","Road_ID":"100418","Mun_ID":" ","Latitude":17.03618178,"Longitude":54.147846829999999,"GlobalID":"{D0808290-54D0-4E5C-BA9E-85D48C861328}","NEAR_FID":12163,"NEAR_DIST":14.048976895521855}},{"type":"Feature","id":39,"geometry":{"type":"Point","coordinates":[196384.49590000045,1885782.9669000003]},"properties":{"OBJECTID":39,"Asset_ID":"MH39","Name":null,"District_ID":"al Sada al Janubiyya","Wlyt_ID":"Salalah","Gov_ID":"Dhofar Governorate","Road_ID":"100418","Mun_ID":" ","Latitude":17.03627371,"Longitude":54.148063059999998,"GlobalID":"{C7FBCA2E-FEC7-4F49-B4E1-307196FE1178}","NEAR_FID":12163,"NEAR_DIST":12.527786283570947}},{"type":"Feature","id":40,"geometry":{"type":"Point","coordinates":[196407.49579999968,1885792.2588999998]},"properties":{"OBJECTID":40,"Asset_ID":"MH40","Name":null,"District_ID":"al Sada al Janubiyya","Wlyt_ID":"Salalah","Gov_ID":"Dhofar Governorate","Road_ID":"100410","Mun_ID":" ","Latitude":17.036360630000001,"Longitude":54.148277640000003,"GlobalID":"{E5ED882C-950F-467A-939B-91BEF2197919}","NEAR_FID":15864,"NEAR_DIST":8.6398178139928969}},{"type":"Feature","id":41,"geometry":{"type":"Point","coordinates":[196421.12459999975,1885829.0007000007]},"properties":{"OBJECTID":41,"Asset_ID":"MH41","Name":null,"District_ID":"al Sada al Janubiyya","Wlyt_ID":"Salalah","Gov_ID":"Dhofar Governorate","Road_ID":"100350","Mun_ID":" ","Latitude":17.036694140000002,"Longitude":54.148400510000002,"GlobalID":"{F2E68185-5EDE-4FD5-97DF-F56085EF7281}","NEAR_FID":18020,"NEAR_DIST":11.043908207581817}},{"type":"Feature","id":42,"geometry":{"type":"Point","coordinates":[196434.66640000045,1885798.7908999994]},"properties":{"OBJECTID":42,"Asset_ID":"MH42","Name":null,"District_ID":"al Sada al Janubiyya","Wlyt_ID":"Salalah","Gov_ID":"Dhofar Governorate","Road_ID":"100410","Mun_ID":" ","Latitude":17.036423190000001,"Longitude":54.148531730000002,"GlobalID":"{8154BC0A-D97C-489F-832C-DED92E9CEEE4}","NEAR_FID":15864,"NEAR_DIST":5.0694601082885349}},{"type":"Feature","id":43,"geometry":{"type":"Point","coordinates":[196458.44649999961,1885806.4771999996]},"properties":{"OBJECTID":43,"Asset_ID":"MH43","Name":null,"District_ID":"al Sada al Janubiyya","Wlyt_ID":"Salalah","Gov_ID":"Dhofar Governorate","Road_ID":"100410","Mun_ID":" ","Latitude":17.036495710000001,"Longitude":54.148753849999999,"GlobalID":"{370863F8-9338-49D8-9771-B1DE1EAAA91B}","NEAR_FID":14557,"NEAR_DIST":6.553461703715195}},{"type":"Feature","id":44,"geometry":{"type":"Point","coordinates":[196488.31359999999,1885817.2874999996]},"properties":{"OBJECTID":44,"Asset_ID":"MH44","Name":null,"District_ID":"al Sada al Janubiyya","Wlyt_ID":"Salalah","Gov_ID":"Dhofar Governorate","Road_ID":"100410","Mun_ID":" ","Latitude":17.03659725,"Longitude":54.149032669999997,"GlobalID":"{BD1B828F-666D-4B36-8401-EC4FD226E5A8}","NEAR_FID":15793,"NEAR_DIST":3.1165025949294947}},{"type":"Feature","id":45,"geometry":{"type":"Point","coordinates":[196515.00329999998,1885821.3682000004]},"properties":{"OBJECTID":45,"Asset_ID":"MH45","Name":null,"District_ID":"al Sada al Janubiyya","Wlyt_ID":"Salalah","Gov_ID":"Dhofar Governorate","Road_ID":"100410","Mun_ID":" ","Latitude":17.036637599999999,"Longitude":54.149282589999999,"GlobalID":"{4BE53AE1-B964-45FE-B5C3-998B69FFEA6D}","NEAR_FID":15793,"NEAR_DIST":6.6741387262985361}},{"type":"Feature","id":46,"geometry":{"type":"Point","coordinates":[196536.57199999969,1885824.6153999995]},"properties":{"OBJECTID":46,"Asset_ID":"MH46","Name":null,"District_ID":"al Sada al Janubiyya","Wlyt_ID":"Salalah","Gov_ID":"Dhofar Governorate","Road_ID":"100410","Mun_ID":" ","Latitude":17.036669759999999,"Longitude":54.149484559999998,"GlobalID":"{F7A26461-5374-48F5-A892-025F202F9397}","NEAR_FID":15793,"NEAR_DIST":8.7664349275218694}},{"type":"Feature","id":47,"geometry":{"type":"Point","coordinates":[196560.25490000006,1885827.1564000007]},"properties":{"OBJECTID":47,"Asset_ID":"MH47","Name":null,"District_ID":"al Sada al Janubiyya","Wlyt_ID":"Salalah","Gov_ID":"Dhofar Governorate","Road_ID":"100418","Mun_ID":" ","Latitude":17.036695819999998,"Longitude":54.149706469999998,"GlobalID":"{C21487B4-C93E-4318-95DF-A2C357D08872}","NEAR_FID":4805,"NEAR_DIST":9.7056366633432365}},{"type":"Feature","id":48,"geometry":{"type":"Point","coordinates":[196586.52859999985,1885828.6150000002]},"properties":{"OBJECTID":48,"Asset_ID":"MH48","Name":null,"District_ID":"al Sada al Janubiyya","Wlyt_ID":"Salalah","Gov_ID":"Dhofar Governorate","Road_ID":"100418","Mun_ID":" ","Latitude":17.03671245,"Longitude":54.149952849999998,"GlobalID":"{DF2EF30B-7C1D-4FFF-81C5-CAA62C52B98A}","NEAR_FID":4805,"NEAR_DIST":9.3572940448797866}},{"type":"Feature","id":49,"geometry":{"type":"Point","coordinates":[196611.47310000006,1885828.7951999996]},"properties":{"OBJECTID":49,"Asset_ID":"MH49","Name":null,"District_ID":"al Sada al Janubiyya","Wlyt_ID":"Salalah","Gov_ID":"Dhofar Governorate","Road_ID":"100418","Mun_ID":" ","Latitude":17.036717360000001,"Longitude":54.150186920000003,"GlobalID":"{2FFC1F93-07BA-4FAD-B408-D8694BE5D14D}","NEAR_FID":4805,"NEAR_DIST":9.2827124272503614}},{"type":"Feature","id":50,"geometry":{"type":"Point","coordinates":[196637.01580000017,1885827.9605999999]},"properties":{"OBJECTID":50,"Asset_ID":"MH50","Name":null,"District_ID":"al Sada al Janubiyya","Wlyt_ID":"Salalah","Gov_ID":"Dhofar Governorate","Road_ID":"100418","Mun_ID":" ","Latitude":17.03671319,"Longitude":54.150426750000001,"GlobalID":"{F5AF4231-0F33-4361-99DF-25A1EE9D9046}","NEAR_FID":4805,"NEAR_DIST":9.0432206648010567}},{"type":"Feature","id":51,"geometry":{"type":"Point","coordinates":[196661.96019999962,1885826.8714000005]},"properties":{"OBJECTID":51,"Asset_ID":"MH51","Name":null,"District_ID":"al Sada al Janubiyya","Wlyt_ID":"Salalah","Gov_ID":"Dhofar Governorate","Road_ID":"100418","Mun_ID":" ","Latitude":17.036706639999998,"Longitude":54.150660999999999,"GlobalID":"{0C4836E9-2844-4391-BE28-DD76DE9F28D9}","NEAR_FID":4805,"NEAR_DIST":9.229923323002728}},{"type":"Feature","id":52,"geometry":{"type":"Point","coordinates":[196687.11760000046,1885824.5973000005]},"properties":{"OBJECTID":52,"Asset_ID":"MH52","Name":null,"District_ID":"al Sada al Janubiyya","Wlyt_ID":"Salalah","Gov_ID":"Dhofar Governorate","Road_ID":"100418","Mun_ID":" ","Latitude":17.036689419999998,"Longitude":54.150897409999999,"GlobalID":"{B94602E7-1BFA-4072-9406-8A0E013A5685}","NEAR_FID":4805,"NEAR_DIST":8.225536829944188}},{"type":"Feature","id":53,"geometry":{"type":"Point","coordinates":[196701.60510000028,1885822.8000000007]},"properties":{"OBJECTID":53,"Asset_ID":"MH53","Name":null,"District_ID":"al Sada al Janubiyya","Wlyt_ID":"Salalah","Gov_ID":"Dhofar Governorate","Road_ID":"100418","Mun_ID":" ","Latitude":17.0366751,"Longitude":54.15103362,"GlobalID":"{A3CD631A-FD57-4AD4-B557-2507F97F6C84}","NEAR_FID":4805,"NEAR_DIST":7.1600509386920281}},{"type":"Feature","id":54,"geometry":{"type":"Point","coordinates":[196708.56979999971,1885822.0744000003]},"properties":{"OBJECTID":54,"Asset_ID":"MH54","Name":null,"District_ID":"al Sada al Janubiyya","Wlyt_ID":"Salalah","Gov_ID":"Dhofar Governorate","Road_ID":"100418","Mun_ID":" ","Latitude":17.03666947,"Longitude":54.151099080000002,"GlobalID":"{A8A8E903-2AF4-4179-A42E-9BA74E7B9034}","NEAR_FID":4805,"NEAR_DIST":6.7860865801951586}},{"type":"Feature","id":55,"geometry":{"type":"Point","coordinates":[196736.82259999961,1885821.5745999999]},"properties":{"OBJECTID":55,"Asset_ID":"MH55","Name":null,"District_ID":"al Sada al Janubiyya","Wlyt_ID":"Salalah","Gov_ID":"Dhofar Governorate","Road_ID":"100418","Mun_ID":" ","Latitude":17.036668670000001,"Longitude":54.151364289999997,"GlobalID":"{C4E59F31-8C5E-44F9-AE4E-2811D9A3A82D}","NEAR_FID":4805,"NEAR_DIST":7.7096213363735666}},{"type":"Feature","id":56,"geometry":{"type":"Point","coordinates":[196748.51090000011,1885820.9962000009]},"properties":{"OBJECTID":56,"Asset_ID":"MH56","Name":null,"District_ID":"al Sada al Janubiyya","Wlyt_ID":"Salalah","Gov_ID":"Dhofar Governorate","Road_ID":"100418","Mun_ID":" ","Latitude":17.036664989999998,"Longitude":54.151474069999999,"GlobalID":"{D4994F44-9E5A-46ED-B488-7E9397118585}","NEAR_FID":4805,"NEAR_DIST":7.7205322799261751}},{"type":"Feature","id":57,"geometry":{"type":"Point","coordinates":[196761.7901999997,1885820.5075000003]},"properties":{"OBJECTID":57,"Asset_ID":"MH57","Name":null,"District_ID":"al Sada al Janubiyya","Wlyt_ID":"Salalah","Gov_ID":"Dhofar Governorate","Road_ID":"100418","Mun_ID":" ","Latitude":17.036662329999999,"Longitude":54.151598759999999,"GlobalID":"{53053F40-EDC9-478A-87E2-58B3F78AF236}","NEAR_FID":4805,"NEAR_DIST":7.9011459686998062}},{"type":"Feature","id":58,"geometry":{"type":"Point","coordinates":[196786.67939999979,1885819.3553999998]},"properties":{"OBJECTID":58,"Asset_ID":"MH58","Name":null,"District_ID":"al Sada al Janubiyya","Wlyt_ID":"Salalah","Gov_ID":"Dhofar Governorate","Road_ID":"100418","Mun_ID":" ","Latitude":17.036655199999998,"Longitude":54.151832499999998,"GlobalID":"{0026F86C-C311-44DD-90CA-8253B79D8504}","NEAR_FID":4805,"NEAR_DIST":8.0038305195574058}},{"type":"Feature","id":59,"geometry":{"type":"Point","coordinates":[196811.79540000018,1885818.0991999991]},"properties":{"OBJECTID":59,"Asset_ID":"MH59","Name":null,"District_ID":"al Sada al Janubiyya","Wlyt_ID":"Salalah","Gov_ID":"Dhofar Governorate","Road_ID":"100418","Mun_ID":" ","Latitude":17.036647160000001,"Longitude":54.152068380000003,"GlobalID":"{1B1556D2-3802-4DB8-A769-EFF9FC0F21BE}","NEAR_FID":4805,"NEAR_DIST":8.013967901442582}},{"type":"Feature","id":60,"geometry":{"type":"Point","coordinates":[196836.78770000022,1885816.9721000008]},"properties":{"OBJECTID":60,"Asset_ID":"MH60","Name":null,"District_ID":"al Sada al Janubiyya","Wlyt_ID":"Salalah","Gov_ID":"Dhofar Governorate","Road_ID":"100418","Mun_ID":" ","Latitude":17.03664028,"Longitude":54.152303080000003,"GlobalID":"{C36A0CD4-7F88-40FB-AC12-A6B77A0D1E4F}","NEAR_FID":4805,"NEAR_DIST":8.1410966841563948}},{"type":"Feature","id":61,"geometry":{"type":"Point","coordinates":[196861.63269999996,1885815.8585000001]},"properties":{"OBJECTID":61,"Asset_ID":"MH61","Name":null,"District_ID":"al Sada al Janubiyya","Wlyt_ID":"Salalah","Gov_ID":"Dhofar Governorate","Road_ID":"100418","Mun_ID":" ","Latitude":17.03663349,"Longitude":54.152536400000002,"GlobalID":"{85698E2E-3A00-4FFF-B268-EBCA4676E21D}","NEAR_FID":4805,"NEAR_DIST":8.0999790710975219}},{"type":"Feature","id":62,"geometry":{"type":"Point","coordinates":[196886.67920000013,1885814.7489999998]},"properties":{"OBJECTID":62,"Asset_ID":"MH62","Name":null,"District_ID":"al Sada al Janubiyya","Wlyt_ID":"Salalah","Gov_ID":"Dhofar Governorate","Road_ID":"100418","Mun_ID":" ","Latitude":17.036626770000002,"Longitude":54.152771610000002,"GlobalID":"{CC8065F7-5222-4D86-9C70-02D702C6E82E}","NEAR_FID":4805,"NEAR_DIST":8.0716473784278779}},{"type":"Feature","id":63,"geometry":{"type":"Point","coordinates":[196911.6370000001,1885813.5571999997]},"properties":{"OBJECTID":63,"Asset_ID":"MH63","Name":null,"District_ID":"al Sada al Janubiyya","Wlyt_ID":"Salalah","Gov_ID":"Dhofar Governorate","Road_ID":"100418","Mun_ID":" ","Latitude":17.036619290000001,"Longitude":54.153005989999997,"GlobalID":"{A20893EC-E775-438D-A9DD-F2E1F335DED1}","NEAR_FID":4805,"NEAR_DIST":7.9966549782056529}},{"type":"Feature","id":64,"geometry":{"type":"Point","coordinates":[196936.61409999989,1885812.4949999992]},"properties":{"OBJECTID":64,"Asset_ID":"MH64","Name":null,"District_ID":"al Sada al Janubiyya","Wlyt_ID":"Salalah","Gov_ID":"Dhofar Governorate","Road_ID":"100418","Mun_ID":" ","Latitude":17.036612989999998,"Longitude":54.15324055,"GlobalID":"{59619364-B86D-43BE-AA79-BF9339650000}","NEAR_FID":4805,"NEAR_DIST":8.1722512945957586}},{"type":"Feature","id":65,"geometry":{"type":"Point","coordinates":[196961.56740000006,1885811.3800000008]},"properties":{"OBJECTID":65,"Asset_ID":"MH65","Name":null,"District_ID":"al Sada al Janubiyya","Wlyt_ID":"Salalah","Gov_ID":"Dhofar Governorate","Road_ID":"100418","Mun_ID":" ","Latitude":17.036606200000001,"Longitude":54.153474879999997,"GlobalID":"{ED959981-7C8F-4B3C-AA17-70AE68CCC150}","NEAR_FID":4805,"NEAR_DIST":8.0918790770987368}},{"type":"Feature","id":66,"geometry":{"type":"Point","coordinates":[196986.42210000008,1885810.1837000009]},"properties":{"OBJECTID":66,"Asset_ID":"MH66","Name":null,"District_ID":"al Sada al Janubiyya","Wlyt_ID":"Salalah","Gov_ID":"Dhofar Governorate","Road_ID":"100418","Mun_ID":" ","Latitude":17.03659867,"Longitude":54.153708299999998,"GlobalID":"{E2B54654-4281-45EB-ACBB-0A8E72763D61}","NEAR_FID":4805,"NEAR_DIST":8.0854204692243439}},{"type":"Feature","id":67,"geometry":{"type":"Point","coordinates":[197009.65869999956,1885809.0980999991]},"properties":{"OBJECTID":67,"Asset_ID":"MH67","Name":null,"District_ID":"al Sada al Janubiyya","Wlyt_ID":"Salalah","Gov_ID":"Dhofar Governorate","Road_ID":"100418","Mun_ID":" ","Latitude":17.03659193,"Longitude":54.153926519999999,"GlobalID":"{4C51106E-9FA0-4573-99A1-23DD500433BB}","NEAR_FID":4805,"NEAR_DIST":8.6340715524282281}},{"type":"Feature","id":68,"geometry":{"type":"Point","coordinates":[197036.42260000017,1885807.9037999995]},"properties":{"OBJECTID":68,"Asset_ID":"MH68","Name":null,"District_ID":"al Sada al Janubiyya","Wlyt_ID":"Salalah","Gov_ID":"Dhofar Governorate","Road_ID":"100418","Mun_ID":" ","Latitude":17.036584659999999,"Longitude":54.154177859999997,"GlobalID":"{F487CDF7-497C-4E8B-A8E2-26E55FADE14A}","NEAR_FID":4805,"NEAR_DIST":8.946334424817822}},{"type":"Feature","id":69,"geometry":{"type":"Point","coordinates":[197061.42669999972,1885806.7902000006]},"properties":{"OBJECTID":69,"Asset_ID":"MH69","Name":null,"District_ID":"al Sada al Janubiyya","Wlyt_ID":"Salalah","Gov_ID":"Dhofar Governorate","Road_ID":"100418","Mun_ID":" ","Latitude":17.036577900000001,"Longitude":54.154412669999999,"GlobalID":"{9DB8024A-1C20-404F-8D64-D2001C684A24}","NEAR_FID":4805,"NEAR_DIST":9.0630140765573017}},{"type":"Feature","id":70,"geometry":{"type":"Point","coordinates":[197086.45729999989,1885805.5174000002]},"properties":{"OBJECTID":70,"Asset_ID":"MH70","Name":null,"District_ID":"al Sada al Janubiyya","Wlyt_ID":"Salalah","Gov_ID":"Dhofar Governorate","Road_ID":"100418","Mun_ID":" ","Latitude":17.036569700000001,"Longitude":54.154647760000003,"GlobalID":"{0F205253-565E-4D65-876B-8843857353AD}","NEAR_FID":4805,"NEAR_DIST":8.9229763564968678}},{"type":"Feature","id":71,"geometry":{"type":"Point","coordinates":[197109.12799999956,1885804.6159000006]},"properties":{"OBJECTID":71,"Asset_ID":"MH71","Name":null,"District_ID":"al Sada al Janubiyya","Wlyt_ID":"Salalah","Gov_ID":"Dhofar Governorate","Road_ID":"100418","Mun_ID":" ","Latitude":17.036564540000001,"Longitude":54.154860640000003,"GlobalID":"{E7C50883-BAA7-4580-9300-7FC32616349D}","NEAR_FID":4805,"NEAR_DIST":9.0471842545566261}},{"type":"Feature","id":72,"geometry":{"type":"Point","coordinates":[197136.18209999986,1885801.0329999998]},"properties":{"OBJECTID":72,"Asset_ID":"MH72","Name":null,"District_ID":"al Sada al Janubiyya","Wlyt_ID":"Salalah","Gov_ID":"Dhofar Governorate","Road_ID":"100418","Mun_ID":" ","Latitude":17.036535749999999,"Longitude":54.155115029999997,"GlobalID":"{35A06664-557F-43C6-9ECD-6007DE913AEF}","NEAR_FID":4805,"NEAR_DIST":6.6908763956727526}},{"type":"Feature","id":73,"geometry":{"type":"Point","coordinates":[197161.19450000022,1885799.8695999999]},"properties":{"OBJECTID":73,"Asset_ID":"MH73","Name":null,"District_ID":"al Sada al Janubiyya","Wlyt_ID":"Salalah","Gov_ID":"Dhofar Governorate","Road_ID":"100418","Mun_ID":" ","Latitude":17.036528529999998,"Longitude":54.15534993,"GlobalID":"{58AE4D5A-5743-4C14-AA7F-C3E068D5CD4F}","NEAR_FID":4805,"NEAR_DIST":6.6312547270684572}},{"type":"Feature","id":74,"geometry":{"type":"Point","coordinates":[197186.21750000026,1885798.7191000003]},"properties":{"OBJECTID":74,"Asset_ID":"MH74","Name":null,"District_ID":"al Sada al Janubiyya","Wlyt_ID":"Salalah","Gov_ID":"Dhofar Governorate","Road_ID":"100418","Mun_ID":" ","Latitude":17.036521430000001,"Longitude":54.155584920000003,"GlobalID":"{EA394362-FBAA-4697-8190-7B7686E88AB6}","NEAR_FID":4805,"NEAR_DIST":6.5561438411030775}},{"type":"Feature","id":75,"geometry":{"type":"Point","coordinates":[197211.07739999983,1885798.3734000009]},"properties":{"OBJECTID":75,"Asset_ID":"MH75","Name":null,"District_ID":"al Sada al Janubiyya","Wlyt_ID":"Salalah","Gov_ID":"Dhofar Governorate","Road_ID":"100418","Mun_ID":" ","Latitude":17.036521579999999,"Longitude":54.155818269999997,"GlobalID":"{23133A2B-95F5-4731-953C-5A0F0D6D9087}","NEAR_FID":4805,"NEAR_DIST":7.2780883951803741}},{"type":"Feature","id":76,"geometry":{"type":"Point","coordinates":[197236.18520000018,1885798.6896000002]},"properties":{"OBJECTID":76,"Asset_ID":"MH76","Name":null,"District_ID":"al Sada al Janubiyya","Wlyt_ID":"Salalah","Gov_ID":"Dhofar Governorate","Road_ID":"100418","Mun_ID":" ","Latitude":17.03652773,"Longitude":54.15605386,"GlobalID":"{78827616-D7C0-4667-BE6C-0928FB2AD132}","NEAR_FID":4805,"NEAR_DIST":8.671965875065851}},{"type":"Feature","id":77,"geometry":{"type":"Point","coordinates":[197261.21490000002,1885798.5872000009]},"properties":{"OBJECTID":77,"Asset_ID":"MH77","Name":null,"District_ID":"al Sada al Janubiyya","Wlyt_ID":"Salalah","Gov_ID":"Dhofar Governorate","Road_ID":"100418","Mun_ID":" ","Latitude":17.0365301,"Longitude":54.156288779999997,"GlobalID":"{8CD1BCA3-32AC-48EE-80BA-5E69FCB82DE1}","NEAR_FID":4805,"NEAR_DIST":9.6442762197029399}},{"type":"Feature","id":78,"geometry":{"type":"Point","coordinates":[197286.26420000009,1885797.2903000005]},"properties":{"OBJECTID":78,"Asset_ID":"MH78","Name":null,"District_ID":"al Sada al Janubiyya","Wlyt_ID":"Salalah","Gov_ID":"Dhofar Governorate","Road_ID":"100418","Mun_ID":" ","Latitude":17.03652168,"Longitude":54.156524040000001,"GlobalID":"{2191122F-7F17-4F70-902E-6D200C93387E}","NEAR_FID":4805,"NEAR_DIST":9.5386021154269951}},{"type":"Feature","id":79,"geometry":{"type":"Point","coordinates":[197311.29470000044,1885793.3847000003]},"properties":{"OBJECTID":79,"Asset_ID":"MH79","Name":null,"District_ID":"al Sada al Janubiyya","Wlyt_ID":"Salalah","Gov_ID":"Dhofar Governorate","Road_ID":"100418","Mun_ID":" ","Latitude":17.036489710000001,"Longitude":54.156759479999998,"GlobalID":"{C26024FC-135A-4E78-A3A1-8448F4AC8C85}","NEAR_FID":9025,"NEAR_DIST":6.8345728048242602}},{"type":"Feature","id":80,"geometry":{"type":"Point","coordinates":[197335.92499999981,1885792.1966999993]},"properties":{"OBJECTID":80,"Asset_ID":"MH80","Name":null,"District_ID":"al Sada al Janubiyya","Wlyt_ID":"Salalah","Gov_ID":"Dhofar Governorate","Road_ID":"100418","Mun_ID":" ","Latitude":17.03648222,"Longitude":54.156990800000003,"GlobalID":"{9D0B3A27-4980-48B9-91F6-998EA0077A79}","NEAR_FID":9025,"NEAR_DIST":6.8186998699837655}},{"type":"Feature","id":81,"geometry":{"type":"Point","coordinates":[197367.06869999971,1885793.7124000005]},"properties":{"OBJECTID":81,"Asset_ID":"MH81","Name":null,"District_ID":"al Sada al Janubiyya","Wlyt_ID":"Salalah","Gov_ID":"Dhofar Governorate","Road_ID":"100418","Mun_ID":" ","Latitude":17.036499989999999,"Longitude":54.157282870000003,"GlobalID":"{A3FD18D8-B437-4715-A779-E1CFE7FD95AE}","NEAR_FID":18795,"NEAR_DIST":3.0211381670601618}},{"type":"Feature","id":82,"geometry":{"type":"Point","coordinates":[197386.00530000031,1885792.7446999997]},"properties":{"OBJECTID":82,"Asset_ID":"MH82","Name":null,"District_ID":"al Sada al Janubiyya","Wlyt_ID":"Salalah","Gov_ID":"Dhofar Governorate","Road_ID":"100418","Mun_ID":" ","Latitude":17.036493740000001,"Longitude":54.157460720000003,"GlobalID":"{FD6FAFAE-9276-4A39-A7EE-773AB0F90328}","NEAR_FID":8189,"NEAR_DIST":9.4878673374340483}},{"type":"Feature","id":83,"geometry":{"type":"Point","coordinates":[197411.01040000003,1885791.4485999998]},"properties":{"OBJECTID":83,"Asset_ID":"MH83","Name":null,"District_ID":"al Sada al Janubiyya","Wlyt_ID":"Salalah","Gov_ID":"Dhofar Governorate","Road_ID":"100418","Mun_ID":" ","Latitude":17.036485330000001,"Longitude":54.157695560000001,"GlobalID":"{9C99ED9C-ACB2-43C4-BE53-8F478AD9C4D3}","NEAR_FID":8189,"NEAR_DIST":9.2399876248352868}},{"type":"Feature","id":84,"geometry":{"type":"Point","coordinates":[197436.01400000043,1885788.852]},"properties":{"OBJECTID":84,"Asset_ID":"MH84","Name":null,"District_ID":"al Sada al Janubiyya","Wlyt_ID":"Salalah","Gov_ID":"Dhofar Governorate","Road_ID":"100418","Mun_ID":" ","Latitude":17.03646517,"Longitude":54.157930569999998,"GlobalID":"{5ACFE9A2-E454-4751-8871-F3691C7D540E}","NEAR_FID":8189,"NEAR_DIST":7.591650055697106}},{"type":"Feature","id":85,"geometry":{"type":"Point","coordinates":[197460.85059999954,1885786.4462000001]},"properties":{"OBJECTID":85,"Asset_ID":"MH85","Name":null,"District_ID":"al Sada al Janubiyya","Wlyt_ID":"Salalah","Gov_ID":"Dhofar Governorate","Road_ID":"100418","Mun_ID":" ","Latitude":17.03644671,"Longitude":54.158163989999998,"GlobalID":"{0E027E8C-A69E-462D-9E16-13FB1A8A95A4}","NEAR_FID":8189,"NEAR_DIST":6.6158997086033207}},{"type":"Feature","id":86,"geometry":{"type":"Point","coordinates":[197485.82639999967,1885785.3198000006]},"properties":{"OBJECTID":86,"Asset_ID":"MH86","Name":null,"District_ID":"al Sada al Janubiyya","Wlyt_ID":"Salalah","Gov_ID":"Dhofar Governorate","Road_ID":"100418","Mun_ID":" ","Latitude":17.036439819999998,"Longitude":54.15839854,"GlobalID":"{3D95BE5D-8C5B-42AD-B96E-DC953A79CBFD}","NEAR_FID":8189,"NEAR_DIST":6.6304540861514019}},{"type":"Feature","id":87,"geometry":{"type":"Point","coordinates":[197510.8376000002,1885784.6878999993]},"properties":{"OBJECTID":87,"Asset_ID":"MH87","Name":null,"District_ID":"al Sada al Janubiyya","Wlyt_ID":"Salalah","Gov_ID":"Dhofar Governorate","Road_ID":"100418","Mun_ID":" ","Latitude":17.036437400000001,"Longitude":54.158633350000002,"GlobalID":"{8E66D6E1-161F-4AF8-A7F1-B0DD49228FC0}","NEAR_FID":8189,"NEAR_DIST":6.8868033622471749}},{"type":"Feature","id":88,"geometry":{"type":"Point","coordinates":[197535.85720000044,1885784.9846000001]},"properties":{"OBJECTID":88,"Asset_ID":"MH88","Name":null,"District_ID":"al Sada al Janubiyya","Wlyt_ID":"Salalah","Gov_ID":"Dhofar Governorate","Road_ID":"100418","Mun_ID":" ","Latitude":17.03644336,"Longitude":54.158868120000001,"GlobalID":"{54838202-F13A-4CEA-99F8-28700EC287F6}","NEAR_FID":8189,"NEAR_DIST":8.0781824281203019}},{"type":"Feature","id":89,"geometry":{"type":"Point","coordinates":[197560.94979999959,1885785.3306000009]},"properties":{"OBJECTID":89,"Asset_ID":"MH89","Name":null,"District_ID":"al Sada al Janubiyya","Wlyt_ID":"Salalah","Gov_ID":"Dhofar Governorate","Road_ID":"100418","Mun_ID":" ","Latitude":17.036449780000002,"Longitude":54.159103559999998,"GlobalID":"{F0F01F75-8277-457D-99C1-1DB375C256AB}","NEAR_FID":8189,"NEAR_DIST":9.3835765885823221}},{"type":"Feature","id":90,"geometry":{"type":"Point","coordinates":[197585.89460000023,1885784.2675999999]},"properties":{"OBJECTID":90,"Asset_ID":"MH90","Name":null,"District_ID":"al Sada al Janubiyya","Wlyt_ID":"Salalah","Gov_ID":"Dhofar Governorate","Road_ID":"100418","Mun_ID":" ","Latitude":17.03644345,"Longitude":54.159337809999997,"GlobalID":"{9876ED17-69C9-4033-B393-D6CB75A5A6FF}","NEAR_FID":8189,"NEAR_DIST":9.7888007652338036}},{"type":"Feature","id":91,"geometry":{"type":"Point","coordinates":[197610.79000000004,1885783.0809000004]},"properties":{"OBJECTID":91,"Asset_ID":"MH91","Name":null,"District_ID":"al Sada al Janubiyya","Wlyt_ID":"Salalah","Gov_ID":"Dhofar Governorate","Road_ID":"100418","Mun_ID":" ","Latitude":17.036436009999999,"Longitude":54.15957161,"GlobalID":"{EDDE202D-818A-4904-900B-8548DD6EDA03}","NEAR_FID":8189,"NEAR_DIST":10.067634873118616}},{"type":"Feature","id":92,"geometry":{"type":"Point","coordinates":[197635.79519999959,1885781.8942000009]},"properties":{"OBJECTID":92,"Asset_ID":"MH92","Name":null,"District_ID":"al Sada al Janubiyya","Wlyt_ID":"Salalah","Gov_ID":"Dhofar Governorate","Road_ID":"100251","Mun_ID":" ","Latitude":17.036428570000002,"Longitude":54.159806449999998,"GlobalID":"{65853F59-4586-4027-BE1B-5D89A396BB69}","NEAR_FID":10713,"NEAR_DIST":7.8375798332812474}},{"type":"Feature","id":93,"geometry":{"type":"Point","coordinates":[197660.66779999994,1885783.0650999993]},"properties":{"OBJECTID":93,"Asset_ID":"MH93","Name":null,"District_ID":"al Sada al Janubiyya","Wlyt_ID":"Salalah","Gov_ID":"Dhofar Governorate","Road_ID":"100251","Mun_ID":" ","Latitude":17.036442409999999,"Longitude":54.16003971,"GlobalID":"{21A7EA72-1F12-471A-B11F-72C84E68640C}","NEAR_FID":10713,"NEAR_DIST":4.629372386177308}},{"type":"Feature","id":94,"geometry":{"type":"Point","coordinates":[197687.79789999966,1885783.3783999998]},"properties":{"OBJECTID":94,"Asset_ID":"MH94","Name":null,"District_ID":"al Sada al Janubiyya","Wlyt_ID":"Salalah","Gov_ID":"Dhofar Governorate","Road_ID":"100251","Mun_ID":" ","Latitude":17.036448799999999,"Longitude":54.160294280000002,"GlobalID":"{F7D3CA9E-3D18-46A6-B5B5-F92C722376ED}","NEAR_FID":10713,"NEAR_DIST":8.3396923262211171}},{"type":"Feature","id":95,"geometry":{"type":"Point","coordinates":[197734.48269999959,1885779.8022000007]},"properties":{"OBJECTID":95,"Asset_ID":"MH95","Name":null,"District_ID":"al Sada al Janubiyya","Wlyt_ID":"Salalah","Gov_ID":"Dhofar Governorate","Road_ID":"100251","Mun_ID":" ","Latitude":17.036422640000001,"Longitude":54.160732899999999,"GlobalID":"{5C55E320-5358-494B-9E89-F1B78FE9C124}","NEAR_FID":15938,"NEAR_DIST":7.0954902803293001}},{"type":"Feature","id":96,"geometry":{"type":"Point","coordinates":[197754.9458999997,1885779.0263999999]},"properties":{"OBJECTID":96,"Asset_ID":"MH96","Name":null,"District_ID":"al Sada al Janubiyya","Wlyt_ID":"Salalah","Gov_ID":"Dhofar Governorate","Road_ID":"100251","Mun_ID":" ","Latitude":17.036418319999999,"Longitude":54.160925050000003,"GlobalID":"{9C0BC242-B45A-40BA-960B-1879558BD2C6}","NEAR_FID":15938,"NEAR_DIST":3.9388089679913252}},{"type":"Feature","id":97,"geometry":{"type":"Point","coordinates":[197779.74239999987,1885775.2934000008]},"properties":{"OBJECTID":97,"Asset_ID":"MH97","Name":null,"District_ID":"al Sada al Janubiyya","Wlyt_ID":"Salalah","Gov_ID":"Dhofar Governorate","Road_ID":"100251","Mun_ID":" ","Latitude":17.036387869999999,"Longitude":54.161158280000002,"GlobalID":"{B70E0623-7033-4912-B55A-A121DB210D29}","NEAR_FID":15938,"NEAR_DIST":6.0943700811293784}},{"type":"Feature","id":98,"geometry":{"type":"Point","coordinates":[197804.61730000004,1885774.0798000004]},"properties":{"OBJECTID":98,"Asset_ID":"MH98","Name":null,"District_ID":"al Sada al Janubiyya","Wlyt_ID":"Salalah","Gov_ID":"Dhofar Governorate","Road_ID":"100251","Mun_ID":" ","Latitude":17.036380170000001,"Longitude":54.161391889999997,"GlobalID":"{C88E6561-434E-4414-A3DF-3ACEE4554779}","NEAR_FID":15938,"NEAR_DIST":10.324943100996089}},{"type":"Feature","id":99,"geometry":{"type":"Point","coordinates":[197829.51099999994,1885773.0109000001]},"properties":{"OBJECTID":99,"Asset_ID":"MH99","Name":null,"District_ID":"al Sada al Janubiyya","Wlyt_ID":"Salalah","Gov_ID":"Dhofar Governorate","Road_ID":"100418","Mun_ID":" ","Latitude":17.036373789999999,"Longitude":54.161625659999999,"GlobalID":"{959CEE28-E091-4640-9CE5-7EB6D23AFA9D}","NEAR_FID":14835,"NEAR_DIST":11.720710838072378}},{"type":"Feature","id":100,"geometry":{"type":"Point","coordinates":[197854.64209999982,1885771.3134000003]},"properties":{"OBJECTID":100,"Asset_ID":"MH100","Name":null,"District_ID":"al Sada al Janubiyya","Wlyt_ID":"Salalah","Gov_ID":"Dhofar Governorate","Road_ID":"100418","Mun_ID":" ","Latitude":17.036361759999998,"Longitude":54.161861739999999,"GlobalID":"{C64A09BE-8EF0-4204-8341-EA52AD9313A1}","NEAR_FID":14835,"NEAR_DIST":11.139668621148735}},{"type":"Feature","id":101,"geometry":{"type":"Point","coordinates":[197879.23099999968,1885767.2716000006]},"properties":{"OBJECTID":101,"Asset_ID":"MH101","Name":null,"District_ID":"al Sada al Janubiyya","Wlyt_ID":"Salalah","Gov_ID":"Dhofar Governorate","Road_ID":"100418","Mun_ID":" ","Latitude":17.036328489999999,"Longitude":54.162093059999997,"GlobalID":"{0DBDDD00-7C38-4029-9796-9E29B43CE86E}","NEAR_FID":14835,"NEAR_DIST":8.1925826165902809}},{"type":"Feature","id":102,"geometry":{"type":"Point","coordinates":[197904.47350000031,1885765.8380999994]},"properties":{"OBJECTID":102,"Asset_ID":"MH102","Name":null,"District_ID":"al Sada al Janubiyya","Wlyt_ID":"Salalah","Gov_ID":"Dhofar Governorate","Road_ID":"100418","Mun_ID":" ","Latitude":17.036318860000002,"Longitude":54.162330150000003,"GlobalID":"{C0D82EE1-6DE1-45F3-9084-85A0144024C5}","NEAR_FID":14835,"NEAR_DIST":7.8802221093616991}},{"type":"Feature","id":103,"geometry":{"type":"Point","coordinates":[197929.33029999956,1885764.8220000006]},"properties":{"OBJECTID":103,"Asset_ID":"MH103","Name":null,"District_ID":"al Sada al Janubiyya","Wlyt_ID":"Salalah","Gov_ID":"Dhofar Governorate","Road_ID":"100418","Mun_ID":" ","Latitude":17.036312939999998,"Longitude":54.162563570000003,"GlobalID":"{D7803B95-AD6C-4DD0-B49A-62CAFFBB3D7A}","NEAR_FID":14835,"NEAR_DIST":7.971735632858195}},{"type":"Feature","id":104,"geometry":{"type":"Point","coordinates":[197954.34539999999,1885763.6384999994]},"properties":{"OBJECTID":104,"Asset_ID":"MH104","Name":null,"District_ID":"al Sada al Janubiyya","Wlyt_ID":"Salalah","Gov_ID":"Dhofar Governorate","Road_ID":"100418","Mun_ID":" ","Latitude":17.036305540000001,"Longitude":54.162798500000001,"GlobalID":"{F54FD904-CB3E-477F-A91A-C89D81D57228}","NEAR_FID":14835,"NEAR_DIST":7.9583180271642826}},{"type":"Feature","id":105,"geometry":{"type":"Point","coordinates":[197979.29179999977,1885762.6325000003]},"properties":{"OBJECTID":105,"Asset_ID":"MH105","Name":null,"District_ID":"al Sada al Janubiyya","Wlyt_ID":"Salalah","Gov_ID":"Dhofar Governorate","Road_ID":"100418","Mun_ID":" ","Latitude":17.036299719999999,"Longitude":54.163032749999999,"GlobalID":"{08AE2E74-A369-499E-89E1-E8DD99ECCED6}","NEAR_FID":14835,"NEAR_DIST":8.1189966742786908}},{"type":"Feature","id":106,"geometry":{"type":"Point","coordinates":[198004.14940000046,1885761.4538000003]},"properties":{"OBJECTID":106,"Asset_ID":"MH106","Name":null,"District_ID":"al Sada al Janubiyya","Wlyt_ID":"Salalah","Gov_ID":"Dhofar Governorate","Road_ID":"100418","Mun_ID":" ","Latitude":17.036292339999999,"Longitude":54.163266200000002,"GlobalID":"{D664E332-EA6E-45DF-89AC-1E54FF5F0B97}","NEAR_FID":14835,"NEAR_DIST":8.1030148961617616}},{"type":"Feature","id":107,"geometry":{"type":"Point","coordinates":[198029.17119999975,1885761.8611999992]},"properties":{"OBJECTID":107,"Asset_ID":"MH107","Name":null,"District_ID":"al Sada al Janubiyya","Wlyt_ID":"Salalah","Gov_ID":"Dhofar Governorate","Road_ID":"100418","Mun_ID":" ","Latitude":17.0362993,"Longitude":54.163500970000001,"GlobalID":"{15ECEE8C-8502-4C2C-B889-084B2040CB37}","NEAR_FID":14835,"NEAR_DIST":9.7053115650999775}},{"type":"Feature","id":108,"geometry":{"type":"Point","coordinates":[198054.36070000008,1885761.9821000006]},"properties":{"OBJECTID":108,"Asset_ID":"MH108","Name":null,"District_ID":"al Sada al Janubiyya","Wlyt_ID":"Salalah","Gov_ID":"Dhofar Governorate","Road_ID":"100418","Mun_ID":" ","Latitude":17.03630369,"Longitude":54.163737359999999,"GlobalID":"{57F3B01C-BD70-4A38-B344-163B1405B14E}","NEAR_FID":14835,"NEAR_DIST":11.057348852416302}},{"type":"Feature","id":109,"geometry":{"type":"Point","coordinates":[198079.20000000019,1885760.8072999995]},"properties":{"OBJECTID":109,"Asset_ID":"MH109","Name":null,"District_ID":"al Sada al Janubiyya","Wlyt_ID":"Salalah","Gov_ID":"Dhofar Governorate","Road_ID":"100418","Mun_ID":" ","Latitude":17.03629634,"Longitude":54.163970630000001,"GlobalID":"{55119776-A618-49CA-859A-43C337B15757}","NEAR_FID":5855,"NEAR_DIST":8.8126376668866424}},{"type":"Feature","id":110,"geometry":{"type":"Point","coordinates":[198111.96669999976,1885758.3737000003]},"properties":{"OBJECTID":110,"Asset_ID":"MH110","Name":null,"District_ID":"al Sada al Janubiyya","Wlyt_ID":"Salalah","Gov_ID":"Dhofar Governorate","Road_ID":"100418","Mun_ID":" ","Latitude":17.036278660000001,"Longitude":54.16427848,"GlobalID":"{1E5D9939-AFF9-44ED-A1B7-A09A7271CC41}","NEAR_FID":8167,"NEAR_DIST":10.132202316796514}},{"type":"Feature","id":111,"geometry":{"type":"Point","coordinates":[198129.13229999971,1885757.5698000006]},"properties":{"OBJECTID":111,"Asset_ID":"MH111","Name":null,"District_ID":"al Sada al Janubiyya","Wlyt_ID":"Salalah","Gov_ID":"Dhofar Governorate","Road_ID":"100418","Mun_ID":" ","Latitude":17.036273649999998,"Longitude":54.164439680000001,"GlobalID":"{43144C2E-EAE7-4F8C-94C5-7F11757ABD14}","NEAR_FID":8167,"NEAR_DIST":10.029565452819261}},{"type":"Feature","id":112,"geometry":{"type":"Point","coordinates":[198146.20930000022,1885756.8118999992]},"properties":{"OBJECTID":112,"Asset_ID":"MH112","Name":null,"District_ID":"al Sada al Janubiyya","Wlyt_ID":"Salalah","Gov_ID":"Dhofar Governorate","Road_ID":"100418","Mun_ID":" ","Latitude":17.036269050000001,"Longitude":54.164600049999997,"GlobalID":"{E4D16E00-F982-41EA-8D90-E89AFAD6DCE3}","NEAR_FID":8167,"NEAR_DIST":9.9692741559636175}},{"type":"Feature","id":113,"geometry":{"type":"Point","coordinates":[198179.02190000005,1885756.2463000007]},"properties":{"OBJECTID":113,"Asset_ID":"MH113","Name":null,"District_ID":"al Sada al Janubiyya","Wlyt_ID":"Salalah","Gov_ID":"Dhofar Governorate","Road_ID":"100418","Mun_ID":" ","Latitude":17.036268239999998,"Longitude":54.164908070000003,"GlobalID":"{EA22B575-297B-4B9F-9680-CD371C93C34F}","NEAR_FID":12729,"NEAR_DIST":6.839993557248909}},{"type":"Feature","id":114,"geometry":{"type":"Point","coordinates":[198204.03699999955,1885755.1386999991]},"properties":{"OBJECTID":114,"Asset_ID":"MH114","Name":null,"District_ID":"al Sada al Janubiyya","Wlyt_ID":"Salalah","Gov_ID":"Dhofar Governorate","Road_ID":"100418","Mun_ID":" ","Latitude":17.03626152,"Longitude":54.16514299,"GlobalID":"{D470140A-2431-4D86-B8F2-89F92E35C5F2}","NEAR_FID":4361,"NEAR_DIST":10.681147934868225}},{"type":"Feature","id":115,"geometry":{"type":"Point","coordinates":[198228.99679999985,1885752.5636999998]},"properties":{"OBJECTID":115,"Asset_ID":"MH115","Name":null,"District_ID":"al Sada al Janubiyya","Wlyt_ID":"Salalah","Gov_ID":"Dhofar Governorate","Road_ID":"100418","Mun_ID":" ","Latitude":17.036241539999999,"Longitude":54.165377589999999,"GlobalID":"{065397C3-B67A-4061-BB27-2D85857332C2}","NEAR_FID":4361,"NEAR_DIST":9.1695761856989719}},{"type":"Feature","id":116,"geometry":{"type":"Point","coordinates":[198253.80159999989,1885750.0580000002]},"properties":{"OBJECTID":116,"Asset_ID":"MH116","Name":null,"District_ID":"al Sada al Janubiyya","Wlyt_ID":"Salalah","Gov_ID":"Dhofar Governorate","Road_ID":"100418","Mun_ID":" ","Latitude":17.036222160000001,"Longitude":54.165610719999997,"GlobalID":"{C220C8DA-0FC5-449F-9D86-66E7D12AAD23}","NEAR_FID":4361,"NEAR_DIST":7.8727901900335047}},{"type":"Feature","id":117,"geometry":{"type":"Point","coordinates":[198278.86409999989,1885748.7359999996]},"properties":{"OBJECTID":117,"Asset_ID":"MH117","Name":null,"District_ID":"al Sada al Janubiyya","Wlyt_ID":"Salalah","Gov_ID":"Dhofar Governorate","Road_ID":"100418","Mun_ID":" ","Latitude":17.03621351,"Longitude":54.165846109999997,"GlobalID":"{6199A6CF-9AC5-40FE-909A-66A7ED0F5E4A}","NEAR_FID":4361,"NEAR_DIST":7.783018603371163}},{"type":"Feature","id":118,"geometry":{"type":"Point","coordinates":[198303.75700000022,1885747.5302000009]},"properties":{"OBJECTID":118,"Asset_ID":"MH118","Name":null,"District_ID":"al Sada al Janubiyya","Wlyt_ID":"Salalah","Gov_ID":"Dhofar Governorate","Road_ID":"100418","Mun_ID":" ","Latitude":17.036205880000001,"Longitude":54.166079889999999,"GlobalID":"{160FA823-3C88-4851-B28A-BF835CDB3DAA}","NEAR_FID":4361,"NEAR_DIST":7.6436373247632261}},{"type":"Feature","id":119,"geometry":{"type":"Point","coordinates":[198328.91970000044,1885748.3181999996]},"properties":{"OBJECTID":119,"Asset_ID":"MH119","Name":null,"District_ID":"al Sada al Janubiyya","Wlyt_ID":"Salalah","Gov_ID":"Dhofar Governorate","Road_ID":"100418","Mun_ID":" ","Latitude":17.036216289999999,"Longitude":54.166315930000003,"GlobalID":"{5B9A7D6C-5068-4F83-85A9-C46A87749288}","NEAR_FID":4361,"NEAR_DIST":9.2307432256912065}},{"type":"Feature","id":120,"geometry":{"type":"Point","coordinates":[198356.88680000044,1885747.1593999993]},"properties":{"OBJECTID":120,"Asset_ID":"MH120","Name":null,"District_ID":"al Sada al Janubiyya","Wlyt_ID":"Salalah","Gov_ID":"Dhofar Governorate","Road_ID":"100418","Mun_ID":" ","Latitude":17.036209490000001,"Longitude":54.166578559999998,"GlobalID":"{1D13CBF7-DA43-425A-BBF3-F96AA71D0018}","NEAR_FID":4361,"NEAR_DIST":9.759707700010761}},{"type":"Feature","id":121,"geometry":{"type":"Point","coordinates":[198378.81400000025,1885746.0963000003]},"properties":{"OBJECTID":121,"Asset_ID":"MH121","Name":null,"District_ID":"al Sada al Janubiyya","Wlyt_ID":"Salalah","Gov_ID":"Dhofar Governorate","Road_ID":"100418","Mun_ID":" ","Latitude":17.036202759999998,"Longitude":54.166784489999998,"GlobalID":"{D0205EF2-8D45-4CF1-AEAC-570F2C3F55D2}","NEAR_FID":4361,"NEAR_DIST":9.9975100455684025}},{"type":"Feature","id":122,"geometry":{"type":"Point","coordinates":[198403.74340000004,1885744.8029999994]},"properties":{"OBJECTID":122,"Asset_ID":"MH122","Name":null,"District_ID":"al Sada al Janubiyya","Wlyt_ID":"Salalah","Gov_ID":"Dhofar Governorate","Road_ID":"100418","Mun_ID":" ","Latitude":17.036194349999999,"Longitude":54.167018630000001,"GlobalID":"{8C69B5F2-8B97-4349-B4D9-2E637398A6FC}","NEAR_FID":4361,"NEAR_DIST":9.8895751838794279}},{"type":"Feature","id":123,"geometry":{"type":"Point","coordinates":[198428.62949999981,1885743.9207000006]},"properties":{"OBJECTID":123,"Asset_ID":"MH123","Name":null,"District_ID":"al Sada al Janubiyya","Wlyt_ID":"Salalah","Gov_ID":"Dhofar Governorate","Road_ID":"100418","Mun_ID":" ","Latitude":17.03618964,"Longitude":54.167252300000001,"GlobalID":"{B8352B1C-5F1F-4BA2-90DC-BB83405F1853}","NEAR_FID":4361,"NEAR_DIST":10.190120260019286}},{"type":"Feature","id":124,"geometry":{"type":"Point","coordinates":[198453.76750000007,1885742.5625]},"properties":{"OBJECTID":124,"Asset_ID":"MH124","Name":null,"District_ID":"al Sada al Janubiyya","Wlyt_ID":"Salalah","Gov_ID":"Dhofar Governorate","Road_ID":"100418","Mun_ID":" ","Latitude":17.03618067,"Longitude":54.167488400000003,"GlobalID":"{6F53AE3D-EBCE-42BC-950F-46A0109CDD35}","NEAR_FID":4361,"NEAR_DIST":10.027265112602697}},{"type":"Feature","id":125,"geometry":{"type":"Point","coordinates":[198478.68290000036,1885741.4809000008]},"properties":{"OBJECTID":125,"Asset_ID":"MH125","Name":null,"District_ID":"al Sada al Janubiyya","Wlyt_ID":"Salalah","Gov_ID":"Dhofar Governorate","Road_ID":"100418","Mun_ID":" ","Latitude":17.036174169999999,"Longitude":54.167722380000001,"GlobalID":"{960B70B6-0F33-4818-93A9-F2E614688633}","NEAR_FID":4361,"NEAR_DIST":10.095363122080842}},{"type":"Feature","id":126,"geometry":{"type":"Point","coordinates":[198503.6370000001,1885740.3607000001]},"properties":{"OBJECTID":126,"Asset_ID":"MH126","Name":null,"District_ID":"al Sada al Janubiyya","Wlyt_ID":"Salalah","Gov_ID":"Dhofar Governorate","Road_ID":"100418","Mun_ID":" ","Latitude":17.036167320000001,"Longitude":54.16795673,"GlobalID":"{C95E14BE-00D3-4323-B210-01BD96C9C79F}","NEAR_FID":4361,"NEAR_DIST":10.081552553912184}},{"type":"Feature","id":127,"geometry":{"type":"Point","coordinates":[198528.50769999996,1885739.2481999993]},"properties":{"OBJECTID":127,"Asset_ID":"MH127","Name":null,"District_ID":"al Sada al Janubiyya","Wlyt_ID":"Salalah","Gov_ID":"Dhofar Governorate","Road_ID":"100418","Mun_ID":" ","Latitude":17.03616053,"Longitude":54.168190289999998,"GlobalID":"{BAAA630C-546B-417E-A3C6-F822E60E8B5C}","NEAR_FID":4361,"NEAR_DIST":10.07500236419243}},{"type":"Feature","id":128,"geometry":{"type":"Point","coordinates":[198553.59539999999,1885738.0471000001]},"properties":{"OBJECTID":128,"Asset_ID":"MH128","Name":null,"District_ID":"al Sada al Janubiyya","Wlyt_ID":"Salalah","Gov_ID":"Dhofar Governorate","Road_ID":"100418","Mun_ID":" ","Latitude":17.03615297,"Longitude":54.168425900000003,"GlobalID":"{6418D6DC-BB4A-4962-9E75-BAD78CFF11F4}","NEAR_FID":4361,"NEAR_DIST":10.023900593771147}},{"type":"Feature","id":129,"geometry":{"type":"Point","coordinates":[198578.47149999999,1885736.8445999995]},"properties":{"OBJECTID":129,"Asset_ID":"MH129","Name":null,"District_ID":"al Sada al Janubiyya","Wlyt_ID":"Salalah","Gov_ID":"Dhofar Governorate","Road_ID":"100418","Mun_ID":" ","Latitude":17.036145359999999,"Longitude":54.168659519999999,"GlobalID":"{DCD670D7-D723-4950-BC0F-12419A4A8D83}","NEAR_FID":4361,"NEAR_DIST":9.9617113575200484}},{"type":"Feature","id":130,"geometry":{"type":"Point","coordinates":[198603.52350000013,1885735.7018999998]},"properties":{"OBJECTID":130,"Asset_ID":"MH130","Name":null,"District_ID":"al Sada al Janubiyya","Wlyt_ID":"Salalah","Gov_ID":"Dhofar Governorate","Road_ID":"100418","Mun_ID":" ","Latitude":17.036138319999999,"Longitude":54.168894790000003,"GlobalID":"{A1CDB8E8-E56A-4625-9851-75D6DE7FBA7D}","NEAR_FID":4361,"NEAR_DIST":9.9677839958515548}},{"type":"Feature","id":131,"geometry":{"type":"Point","coordinates":[198628.41720000003,1885734.6154999994]},"properties":{"OBJECTID":131,"Asset_ID":"MH131","Name":null,"District_ID":"al Sada al Janubiyya","Wlyt_ID":"Salalah","Gov_ID":"Dhofar Governorate","Road_ID":"100418","Mun_ID":" ","Latitude":17.036131770000001,"Longitude":54.169128559999997,"GlobalID":"{E5B30F9E-09F4-4E36-A97A-D4CB0BA09CE9}","NEAR_FID":4361,"NEAR_DIST":10.093884553480875}},{"type":"Feature","id":132,"geometry":{"type":"Point","coordinates":[198653.47979999986,1885733.5185000002]},"properties":{"OBJECTID":132,"Asset_ID":"MH132","Name":null,"District_ID":"al Sada al Janubiyya","Wlyt_ID":"Salalah","Gov_ID":"Dhofar Governorate","Road_ID":"100418","Mun_ID":" ","Latitude":17.036125139999999,"Longitude":54.169363920000002,"GlobalID":"{3842856E-0B64-4513-80DF-128228A90B1E}","NEAR_FID":4361,"NEAR_DIST":10.217703682514179}},{"type":"Feature","id":133,"geometry":{"type":"Point","coordinates":[198678.35099999979,1885731.9870999996]},"properties":{"OBJECTID":133,"Asset_ID":"MH133","Name":null,"District_ID":"al Sada al Janubiyya","Wlyt_ID":"Salalah","Gov_ID":"Dhofar Governorate","Road_ID":"100418","Mun_ID":" ","Latitude":17.036114569999999,"Longitude":54.169597549999999,"GlobalID":"{21BCC9B1-BD0A-4F75-9084-EADE1A765B61}","NEAR_FID":4361,"NEAR_DIST":9.7468831684021477}},{"type":"Feature","id":134,"geometry":{"type":"Point","coordinates":[198703.48660000041,1885732.8039999995]},"properties":{"OBJECTID":134,"Asset_ID":"MH134","Name":null,"District_ID":"al Sada al Janubiyya","Wlyt_ID":"Salalah","Gov_ID":"Dhofar Governorate","Road_ID":"100418","Mun_ID":" ","Latitude":17.03612523,"Longitude":54.169833330000003,"GlobalID":"{58C44DEF-FE51-422C-9BF8-22C1FE230F66}","NEAR_FID":4361,"NEAR_DIST":11.612063879292645}},{"type":"Feature","id":135,"geometry":{"type":"Point","coordinates":[198728.45100000035,1885731.6268000007]},"properties":{"OBJECTID":135,"Asset_ID":"MH135","Name":null,"District_ID":"al Sada al Janubiyya","Wlyt_ID":"Salalah","Gov_ID":"Dhofar Governorate","Road_ID":"100418","Mun_ID":" ","Latitude":17.036117870000002,"Longitude":54.170067779999997,"GlobalID":"{8D296EEE-396D-4985-9B58-FD8ABBABE38A}","NEAR_FID":4361,"NEAR_DIST":11.533736050554785}},{"type":"Feature","id":136,"geometry":{"type":"Point","coordinates":[198753.9012000002,1885730.4222999997]},"properties":{"OBJECTID":136,"Asset_ID":"MH136","Name":null,"District_ID":"al Sada al Janubiyya","Wlyt_ID":"Salalah","Gov_ID":"Dhofar Governorate","Road_ID":"100003","Mun_ID":" ","Latitude":17.036110319999999,"Longitude":54.170306789999998,"GlobalID":"{D9C18BBA-0E45-430E-A298-411BCBE0AE73}","NEAR_FID":4906,"NEAR_DIST":11.377657832643116}},{"type":"Feature","id":137,"geometry":{"type":"Point","coordinates":[198777.9589999998,1885729.2217999995]},"properties":{"OBJECTID":137,"Asset_ID":"MH137","Name":null,"District_ID":"al Sada al Janubiyya","Wlyt_ID":"Salalah","Gov_ID":"Dhofar Governorate","Road_ID":"100003","Mun_ID":" ","Latitude":17.036102629999998,"Longitude":54.170532739999999,"GlobalID":"{BEA1EBEE-B361-49DE-A5EC-2E01B41FF772}","NEAR_FID":4906,"NEAR_DIST":9.1151647753578402}},{"type":"Feature","id":138,"geometry":{"type":"Point","coordinates":[198802.92559999973,1885727.9995000008]},"properties":{"OBJECTID":138,"Asset_ID":"MH138","Name":null,"District_ID":"al Sada al Janubiyya","Wlyt_ID":"Salalah","Gov_ID":"Dhofar Governorate","Road_ID":"100003","Mun_ID":" ","Latitude":17.036094859999999,"Longitude":54.170767220000002,"GlobalID":"{46A8361C-A68A-4884-B334-272D60B6B707}","NEAR_FID":4906,"NEAR_DIST":6.7907311920515818}},{"type":"Feature","id":139,"geometry":{"type":"Point","coordinates":[198828.0839999998,1885726.9592000004]},"properties":{"OBJECTID":139,"Asset_ID":"MH139","Name":null,"District_ID":"al Sada al Janubiyya","Wlyt_ID":"Salalah","Gov_ID":"Dhofar Governorate","Road_ID":"100003","Mun_ID":" ","Latitude":17.036088750000001,"Longitude":54.171003470000002,"GlobalID":"{DCAB2FD7-EA72-4972-BC2B-EEC877B88C1A}","NEAR_FID":4906,"NEAR_DIST":4.6396437475578001}},{"type":"Feature","id":140,"geometry":{"type":"Point","coordinates":[198853.51040000003,1885730.5351]},"properties":{"OBJECTID":140,"Asset_ID":"MH140","Name":null,"District_ID":"al Sada al Janubiyya","Wlyt_ID":"Salalah","Gov_ID":"Dhofar Governorate","Road_ID":"100003","Mun_ID":" ","Latitude":17.036124359999999,"Longitude":54.171241610000003,"GlobalID":"{C39278FE-286D-4507-949D-C8D184F6890E}","NEAR_FID":4906,"NEAR_DIST":4.6616413308333859}},{"type":"Feature","id":141,"geometry":{"type":"Point","coordinates":[198898.97439999972,1885736.1448999997]},"properties":{"OBJECTID":141,"Asset_ID":"MH141","Name":null,"District_ID":"al Sada al Janubiyya","Wlyt_ID":"Salalah","Gov_ID":"Dhofar Governorate","Road_ID":"100003","Mun_ID":" ","Latitude":17.036180949999999,"Longitude":54.17166752,"GlobalID":"{23FB8299-5832-4C9C-B443-FDF7D75A344F}","NEAR_FID":4906,"NEAR_DIST":15.520360195520631}},{"type":"Feature","id":142,"geometry":{"type":"Point","coordinates":[196215.45170000009,1885679.3666999992]},"properties":{"OBJECTID":142,"Asset_ID":"MH142","Name":null,"District_ID":"al Sada al Janubiyya","Wlyt_ID":"Salalah","Gov_ID":"Dhofar Governorate","Road_ID":"100418","Mun_ID":" ","Latitude":17.035316099999999,"Longitude":54.146490819999997,"GlobalID":"{EB98269D-CE2E-4281-9020-0AC1258AD043}","NEAR_FID":10912,"NEAR_DIST":9.1792636313658793}},{"type":"Feature","id":143,"geometry":{"type":"Point","coordinates":[196175.78639999963,1885648.9636000004]},"properties":{"OBJECTID":143,"Asset_ID":"MH143","Name":null,"District_ID":"al Sada al Janubiyya","Wlyt_ID":"Salalah","Gov_ID":"Dhofar Governorate","Road_ID":"100418","Mun_ID":" ","Latitude":17.035036389999998,"Longitude":54.146122740000003,"GlobalID":"{67125F7C-7127-4E13-B5E3-3325FD72D2E8}","NEAR_FID":10912,"NEAR_DIST":7.2773578792475124}},{"type":"Feature","id":144,"geometry":{"type":"Point","coordinates":[196135.35170000046,1885619.3224999998]},"properties":{"OBJECTID":144,"Asset_ID":"MH144","Name":null,"District_ID":"al Sada al Janubiyya","Wlyt_ID":"Salalah","Gov_ID":"Dhofar Governorate","Road_ID":"100418","Mun_ID":" ","Latitude":17.03476345,"Longitude":54.145747329999999,"GlobalID":"{439FED20-2D89-4048-92D6-C62F5A2F2DC7}","NEAR_FID":10912,"NEAR_DIST":7.3717190286924188}},{"type":"Feature","id":145,"geometry":{"type":"Point","coordinates":[196095.0345999999,1885589.8078000005]},"properties":{"OBJECTID":145,"Asset_ID":"MH145","Name":null,"District_ID":"al Sada al Janubiyya","Wlyt_ID":"Salalah","Gov_ID":"Dhofar Governorate","Road_ID":"100418","Mun_ID":" ","Latitude":17.034491670000001,"Longitude":54.14537301,"GlobalID":"{9674EBF3-CFF8-4A23-AAAB-26DE8406EAE0}","NEAR_FID":10912,"NEAR_DIST":7.4115453439028336}},{"type":"Feature","id":146,"geometry":{"type":"Point","coordinates":[195837.17279999983,1885409.6624999996]},"properties":{"OBJECTID":146,"Asset_ID":"MH146","Name":null,"District_ID":"al Sada al Janubiyya","Wlyt_ID":"Salalah","Gov_ID":"Dhofar Governorate","Road_ID":"100418","Mun_ID":" ","Latitude":17.032831250000001,"Longitude":54.142977780000002,"GlobalID":"{57671787-F751-4617-8EF3-828DBA9350FC}","NEAR_FID":9074,"NEAR_DIST":13.186473003083949}},{"type":"Feature","id":147,"geometry":{"type":"Point","coordinates":[198941.22819999978,1885672.4699000008]},"properties":{"OBJECTID":147,"Asset_ID":"MH147","Name":null,"District_ID":"Dahariz al Shamaliyya","Wlyt_ID":"Salalah","Gov_ID":"Dhofar Governorate","Road_ID":"100003","Mun_ID":" ","Latitude":17.035611589999998,"Longitude":54.172072720000003,"GlobalID":"{254243B6-D5AF-4E75-82D7-1724BBFF72E4}","NEAR_FID":12822,"NEAR_DIST":6.849820378031656}},{"type":"Feature","id":148,"geometry":{"type":"Point","coordinates":[198914.78110000025,1885671.3506000005]},"properties":{"OBJECTID":148,"Asset_ID":"MH148","Name":null,"District_ID":"Dahariz al Shamaliyya","Wlyt_ID":"Salalah","Gov_ID":"Dhofar Governorate","Road_ID":"100003","Mun_ID":" ","Latitude":17.035598029999999,"Longitude":54.171824669999999,"GlobalID":"{02CCDFC1-987B-4CE4-A992-CD19EA47C420}","NEAR_FID":6342,"NEAR_DIST":7.2667712271849343}},{"type":"Feature","id":149,"geometry":{"type":"Point","coordinates":[198900.92250000034,1885645.1439999994]},"properties":{"OBJECTID":149,"Asset_ID":"MH149","Name":null,"District_ID":"Dahariz al Shamaliyya","Wlyt_ID":"Salalah","Gov_ID":"Dhofar Governorate","Road_ID":"100418","Mun_ID":" ","Latitude":17.03535961,"Longitude":54.171698169999999,"GlobalID":"{203AB861-B611-4946-ADC8-B056BBF6FD59}","NEAR_FID":17644,"NEAR_DIST":4.9083643143205258}},{"type":"Feature","id":150,"geometry":{"type":"Point","coordinates":[198858.4626000002,1885678.5469000004]},"properties":{"OBJECTID":150,"Asset_ID":"MH150","Name":null,"District_ID":"Dahariz al Shamaliyya","Wlyt_ID":"Salalah","Gov_ID":"Dhofar Governorate","Road_ID":"100418","Mun_ID":" ","Latitude":17.035655640000002,"Longitude":54.171295149999999,"GlobalID":"{D6ECC24F-FED2-41FD-912F-0DD40D49E07B}","NEAR_FID":17644,"NEAR_DIST":5.4478196113473087}},{"type":"Feature","id":151,"geometry":{"type":"Point","coordinates":[198917.50150000025,1885596.1710999999]},"properties":{"OBJECTID":151,"Asset_ID":"MH151","Name":null,"District_ID":"Dahariz al Shamaliyya","Wlyt_ID":"Salalah","Gov_ID":"Dhofar Governorate","Road_ID":"100003","Mun_ID":" ","Latitude":17.034919630000001,"Longitude":54.171860410000001,"GlobalID":"{013D969C-833B-42F5-9B9B-A27E9EA1C82B}","NEAR_FID":14460,"NEAR_DIST":8.1801897310533072}},{"type":"Feature","id":152,"geometry":{"type":"Point","coordinates":[198919.9132000003,1885557.3655999992]},"properties":{"OBJECTID":152,"Asset_ID":"MH152","Name":null,"District_ID":"Dahariz al Shamaliyya","Wlyt_ID":"Salalah","Gov_ID":"Dhofar Governorate","Road_ID":"100003","Mun_ID":" ","Latitude":17.03456959,"Longitude":54.171888320000001,"GlobalID":"{9561F7D9-36F4-4936-85F0-36729ADC71D8}","NEAR_FID":14460,"NEAR_DIST":8.3498941605523065}},{"type":"Feature","id":153,"geometry":{"type":"Point","coordinates":[198920.51680000033,1885546.2627000008]},"properties":{"OBJECTID":153,"Asset_ID":"MH153","Name":null,"District_ID":"Dahariz al Shamaliyya","Wlyt_ID":"Salalah","Gov_ID":"Dhofar Governorate","Road_ID":"100003","Mun_ID":" ","Latitude":17.034469430000001,"Longitude":54.171895489999997,"GlobalID":"{76898582-EF91-43D9-A6F7-B944F0E78F51}","NEAR_FID":14460,"NEAR_DIST":8.4532522477315037}},{"type":"Feature","id":154,"geometry":{"type":"Point","coordinates":[198923.67260000017,1885496.2795000002]},"properties":{"OBJECTID":154,"Asset_ID":"MH154","Name":null,"District_ID":"Dahariz al Shamaliyya","Wlyt_ID":"Salalah","Gov_ID":"Dhofar Governorate","Road_ID":"100003","Mun_ID":" ","Latitude":17.034018570000001,"Longitude":54.171931890000003,"GlobalID":"{EF77F638-ED82-4B30-A6EF-134809418B48}","NEAR_FID":14460,"NEAR_DIST":8.8419655543845472}},{"type":"Feature","id":155,"geometry":{"type":"Point","coordinates":[198928.49309999961,1885446.6972000003]},"properties":{"OBJECTID":155,"Asset_ID":"MH155","Name":null,"District_ID":"Dahariz al Shamaliyya","Wlyt_ID":"Salalah","Gov_ID":"Dhofar Governorate","Road_ID":"100003","Mun_ID":" ","Latitude":17.033571550000001,"Longitude":54.171983869999998,"GlobalID":"{06910D94-E7F4-4E41-906F-7694EA10051E}","NEAR_FID":14460,"NEAR_DIST":6.8140561398599617}},{"type":"Feature","id":156,"geometry":{"type":"Point","coordinates":[198931.60390000045,1885396.8288000003]},"properties":{"OBJECTID":156,"Asset_ID":"MH156","Name":null,"District_ID":"Dahariz al Shamaliyya","Wlyt_ID":"Salalah","Gov_ID":"Dhofar Governorate","Road_ID":"100003","Mun_ID":" ","Latitude":17.03312172,"Longitude":54.172019830000004,"GlobalID":"{AC246E28-532D-4EB0-AEBB-FFEB9EA6400F}","NEAR_FID":14460,"NEAR_DIST":6.7380016011596862}},{"type":"Feature","id":157,"geometry":{"type":"Point","coordinates":[198935.45729999989,1885346.6494999994]},"properties":{"OBJECTID":157,"Asset_ID":"MH157","Name":null,"District_ID":"Dahariz al Shamaliyya","Wlyt_ID":"Salalah","Gov_ID":"Dhofar Governorate","Road_ID":"100003","Mun_ID":" ","Latitude":17.032669179999999,"Longitude":54.17206281,"GlobalID":"{3F0BDA75-FDF9-406A-9F94-C37142F8795B}","NEAR_FID":14460,"NEAR_DIST":5.9396022158823145}},{"type":"Feature","id":158,"geometry":{"type":"Point","coordinates":[198937.96320000011,1885297.0088]},"properties":{"OBJECTID":158,"Asset_ID":"MH158","Name":null,"District_ID":"Dahariz al Shamaliyya","Wlyt_ID":"Salalah","Gov_ID":"Dhofar Governorate","Road_ID":"100003","Mun_ID":"LMH(13)","Latitude":17.032221329999999,"Longitude":54.172093070000003,"GlobalID":"{93D50F03-2FD0-403A-9D7A-A1E395CA7696}","NEAR_FID":16278,"NEAR_DIST":6.4535106031428136}},{"type":"Feature","id":159,"geometry":{"type":"Point","coordinates":[198941.91820000019,1885247.1986999996]},"properties":{"OBJECTID":159,"Asset_ID":"MH159","Name":null,"District_ID":"Dahariz al Shamaliyya","Wlyt_ID":"Salalah","Gov_ID":"Dhofar Governorate","Road_ID":"100003","Mun_ID":"LMH(12)","Latitude":17.031772140000001,"Longitude":54.172136950000002,"GlobalID":"{D3DD86AF-526B-4FF8-86B8-DAACAE25E012}","NEAR_FID":9331,"NEAR_DIST":5.5312850528220281}},{"type":"Feature","id":160,"geometry":{"type":"Point","coordinates":[198969.9104000004,1885248.5468000006]},"properties":{"OBJECTID":160,"Asset_ID":"MH160","Name":null,"District_ID":"Dahariz al Shamaliyya","Wlyt_ID":"Salalah","Gov_ID":"Dhofar Governorate","Road_ID":"100003","Mun_ID":"RMH(12)","Latitude":17.03178797,"Longitude":54.172399470000002,"GlobalID":"{3C0FE28A-1D96-490D-9AF7-847C50B617D7}","NEAR_FID":11262,"NEAR_DIST":6.015929786943671}},{"type":"Feature","id":161,"geometry":{"type":"Point","coordinates":[198987.73709999956,1885225.5769999996]},"properties":{"OBJECTID":161,"Asset_ID":"MH161","Name":null,"District_ID":"Dahariz al Shamaliyya","Wlyt_ID":"Salalah","Gov_ID":"Dhofar Governorate","Road_ID":"100003","Mun_ID":" ","Latitude":17.031582910000001,"Longitude":54.172569879999998,"GlobalID":"{96209AC3-512D-4ADC-BEDF-F55D084626A0}","NEAR_FID":6326,"NEAR_DIST":1.5406039792157593}},{"type":"Feature","id":162,"geometry":{"type":"Point","coordinates":[198944.23199999984,1885197.3672000002]},"properties":{"OBJECTID":162,"Asset_ID":"MH162","Name":null,"District_ID":"Dahariz al Shamaliyya","Wlyt_ID":"Salalah","Gov_ID":"Dhofar Governorate","Road_ID":"100003","Mun_ID":"LMH(11)","Latitude":17.031322540000001,"Longitude":54.17216543,"GlobalID":"{1CF18213-528F-41B9-B750-E2B500A48B0C}","NEAR_FID":9331,"NEAR_DIST":6.2485184725403142}},{"type":"Feature","id":163,"geometry":{"type":"Point","coordinates":[198948.33169999998,1885147.4842000008]},"properties":{"OBJECTID":163,"Asset_ID":"MH163","Name":null,"District_ID":"Dahariz al Shamaliyya","Wlyt_ID":"Salalah","Gov_ID":"Dhofar Governorate","Road_ID":"100003","Mun_ID":"LMH(10)","Latitude":17.030872710000001,"Longitude":54.172210679999999,"GlobalID":"{B23801FF-84BA-4B9E-BF95-5C4A94D0D7F0}","NEAR_FID":9331,"NEAR_DIST":5.1862774358871055}},{"type":"Feature","id":164,"geometry":{"type":"Point","coordinates":[199002.47890000045,1885046.7002000008]},"properties":{"OBJECTID":164,"Asset_ID":"MH164","Name":null,"District_ID":"Dahariz al Shamaliyya","Wlyt_ID":"Salalah","Gov_ID":"Dhofar Governorate","Road_ID":"100139","Mun_ID":" ","Latitude":17.030013950000001,"Longitude":54.172733469999997,"GlobalID":"{DDCC3776-695F-4FED-9C08-E39D3A4B8399}","NEAR_FID":3995,"NEAR_DIST":5.0607830732575918}},{"type":"Feature","id":165,"geometry":{"type":"Point","coordinates":[198978.80099999998,1885095.0721000005]},"properties":{"OBJECTID":165,"Asset_ID":"MH165","Name":null,"District_ID":"Dahariz al Shamaliyya","Wlyt_ID":"Salalah","Gov_ID":"Dhofar Governorate","Road_ID":"100003","Mun_ID":"RMH(9)","Latitude":17.030403490000001,"Longitude":54.172503740000003,"GlobalID":"{B048E473-585E-4F57-B9A6-C1CC8CAC2DE6}","NEAR_FID":4797,"NEAR_DIST":5.6467122714857245}},{"type":"Feature","id":166,"geometry":{"type":"Point","coordinates":[199018.73400000017,1885057.5933999997]},"properties":{"OBJECTID":166,"Asset_ID":"MH166","Name":null,"District_ID":"Dahariz al Shamaliyya","Wlyt_ID":"Salalah","Gov_ID":"Dhofar Governorate","Road_ID":"100139","Mun_ID":" ","Latitude":17.030070330000001,"Longitude":54.172883579999997,"GlobalID":"{9DE78DAB-2405-4D98-8CF9-E1EDF95B4830}","NEAR_FID":3995,"NEAR_DIST":11.431234660691315}},{"type":"Feature","id":167,"geometry":{"type":"Point","coordinates":[199003.59970000014,1885029.3402999993]},"properties":{"OBJECTID":167,"Asset_ID":"MH167","Name":null,"District_ID":"Dahariz al Shamaliyya","Wlyt_ID":"Salalah","Gov_ID":"Dhofar Governorate","Road_ID":"100003","Mun_ID":" ","Latitude":17.029811710000001,"Longitude":54.172744100000003,"GlobalID":"{0111A4FB-768D-4879-9422-E5137648A7C2}","NEAR_FID":11898,"NEAR_DIST":4.3521037375557565}},{"type":"Feature","id":168,"geometry":{"type":"Point","coordinates":[198959.09240000043,1884892.8070999999]},"properties":{"OBJECTID":168,"Asset_ID":"MH168","Name":null,"District_ID":"Dahariz al Shamaliyya","Wlyt_ID":"Salalah","Gov_ID":"Dhofar Governorate","Road_ID":"100003","Mun_ID":"LMH(5)","Latitude":17.028574769999999,"Longitude":54.172346240000003,"GlobalID":"{A0E5B3F3-ADE7-48D7-B5D9-C4F545BE7C5C}","NEAR_FID":9331,"NEAR_DIST":9.9145121663131324}},{"type":"Feature","id":169,"geometry":{"type":"Point","coordinates":[198962.31649999972,1884858.4252000004]},"properties":{"OBJECTID":169,"Asset_ID":"MH169","Name":null,"District_ID":"Dahariz al Shamaliyya","Wlyt_ID":"Salalah","Gov_ID":"Dhofar Governorate","Road_ID":"100003","Mun_ID":"LMH(4)","Latitude":17.028264780000001,"Longitude":54.17238116,"GlobalID":"{27838984-6352-4B41-A1E8-5B2B19551C9F}","NEAR_FID":10281,"NEAR_DIST":9.4997425163861262}},{"type":"Feature","id":170,"geometry":{"type":"Point","coordinates":[198959.21789999958,1884828.3839999996]},"properties":{"OBJECTID":170,"Asset_ID":"MH170","Name":null,"District_ID":"Dahariz al Shamaliyya","Wlyt_ID":"Salalah","Gov_ID":"Dhofar Governorate","Road_ID":"100003","Mun_ID":" ","Latitude":17.02799315,"Longitude":54.17235616,"GlobalID":"{E9EFC2AA-2593-4837-80E8-FE0B76E1342F}","NEAR_FID":10541,"NEAR_DIST":5.5430675573964514}},{"type":"Feature","id":171,"geometry":{"type":"Point","coordinates":[198965.46710000001,1884793.1805000007]},"properties":{"OBJECTID":171,"Asset_ID":"MH171","Name":null,"District_ID":"Dahariz al Shamaliyya","Wlyt_ID":"Salalah","Gov_ID":"Dhofar Governorate","Road_ID":"100003","Mun_ID":"LMH(3)","Latitude":17.027722180000001,"Longitude":54.172425529999998,"GlobalID":"{B61D4BFA-777F-47BA-B5D1-18E5C0C23565}","NEAR_FID":16186,"NEAR_DIST":10.999773103884632}},{"type":"Feature","id":172,"geometry":{"type":"Point","coordinates":[198997.92709999997,1884795.2039000001]},"properties":{"OBJECTID":172,"Asset_ID":"MH172","Name":null,"District_ID":"Dahariz al Shamaliyya","Wlyt_ID":"Salalah","Gov_ID":"Dhofar Governorate","Road_ID":"100003","Mun_ID":"RMH(3)","Latitude":17.027699819999999,"Longitude":54.172723779999998,"GlobalID":"{488DEB31-5783-4800-AB14-EDA4BFC4FFA7}","NEAR_FID":9147,"NEAR_DIST":7.2459825627402177}},{"type":"Feature","id":173,"geometry":{"type":"Point","coordinates":[199000.99739999976,1884745.3017999995]},"properties":{"OBJECTID":173,"Asset_ID":"MH173","Name":null,"District_ID":"Dahariz al Shamaliyya","Wlyt_ID":"Salalah","Gov_ID":"Dhofar Governorate","Road_ID":"100003","Mun_ID":"RMH(2)","Latitude":17.027250009999999,"Longitude":54.172759970000001,"GlobalID":"{7058874A-DDFC-47D3-95C0-5076ABBF389B}","NEAR_FID":9147,"NEAR_DIST":7.3611389375339904}},{"type":"Feature","id":174,"geometry":{"type":"Point","coordinates":[199004.07670000009,1884695.8785999995]},"properties":{"OBJECTID":174,"Asset_ID":"MH174","Name":null,"District_ID":"Dahariz al Shamaliyya","Wlyt_ID":"Salalah","Gov_ID":"Dhofar Governorate","Road_ID":"100003","Mun_ID":"RMH(1)","Latitude":17.02680269,"Longitude":54.172795120000004,"GlobalID":"{03C4C8CD-E375-4E5E-9937-3DDD2A75EF68}","NEAR_FID":9147,"NEAR_DIST":7.5188622678986112}},{"type":"Feature","id":175,"geometry":{"type":"Point","coordinates":[198936.87040000036,1885018.0003999993]},"properties":{"OBJECTID":175,"Asset_ID":"MH175","Name":null,"District_ID":"Dahariz al Shamaliyya","Wlyt_ID":"Salalah","Gov_ID":"Dhofar Governorate","Road_ID":"100124","Mun_ID":" ","Latitude":17.02970217,"Longitude":54.172120700000001,"GlobalID":"{11D222F9-45F9-482B-BBD8-556F8D594422}","NEAR_FID":13610,"NEAR_DIST":5.9053364475933643}},{"type":"Feature","id":176,"geometry":{"type":"Point","coordinates":[198953.52730000019,1885042.7686000001]},"properties":{"OBJECTID":176,"Asset_ID":"MH176","Name":null,"District_ID":"Dahariz al Shamaliyya","Wlyt_ID":"Salalah","Gov_ID":"Dhofar Governorate","Road_ID":"100003","Mun_ID":"LMH(8)","Latitude":17.029927969999999,"Longitude":54.172273650000001,"GlobalID":"{C76A4E84-1309-4817-BB7B-CF4D95EC2FFC}","NEAR_FID":9331,"NEAR_DIST":6.360687529970007}},{"type":"Feature","id":177,"geometry":{"type":"Point","coordinates":[198996.51970000006,1884845.7097999994]},"properties":{"OBJECTID":177,"Asset_ID":"MH177","Name":null,"District_ID":"Dahariz al Shamaliyya","Wlyt_ID":"Salalah","Gov_ID":"Dhofar Governorate","Road_ID":"100003","Mun_ID":"RMH(4)","Latitude":17.028154440000002,"Longitude":54.172703869999999,"GlobalID":"{6E78888D-D64E-4734-BDBC-2897B6784069}","NEAR_FID":9147,"NEAR_DIST":8.8605368584398594}},{"type":"Feature","id":178,"geometry":{"type":"Point","coordinates":[198994.25710000005,1884971.1948000006]},"properties":{"OBJECTID":178,"Asset_ID":"MH178","Name":null,"District_ID":"Dahariz al Shamaliyya","Wlyt_ID":"Salalah","Gov_ID":"Dhofar Governorate","Road_ID":"100003","Mun_ID":" ","Latitude":17.02928708,"Longitude":54.172665600000002,"GlobalID":"{8F82B412-7647-460F-A19B-E04C6DE526D6}","NEAR_FID":8459,"NEAR_DIST":13.563580990987106}},{"type":"Feature","id":179,"geometry":{"type":"Point","coordinates":[198998.19199999981,1884981.5940000005]},"properties":{"OBJECTID":179,"Asset_ID":"MH179","Name":null,"District_ID":"Dahariz al Shamaliyya","Wlyt_ID":"Salalah","Gov_ID":"Dhofar Governorate","Road_ID":"100139","Mun_ID":" ","Latitude":17.029381489999999,"Longitude":54.172701119999999,"GlobalID":"{F897496E-81E9-439F-A135-5EE84D1D90A4}","NEAR_FID":5208,"NEAR_DIST":14.317845981158918}},{"type":"Feature","id":180,"geometry":{"type":"Point","coordinates":[199004.55099999998,1884979.9779000003]},"properties":{"OBJECTID":180,"Asset_ID":"MH180","Name":null,"District_ID":"Dahariz al Shamaliyya","Wlyt_ID":"Salalah","Gov_ID":"Dhofar Governorate","Road_ID":"100139","Mun_ID":" ","Latitude":17.029367730000001,"Longitude":54.172761020000003,"GlobalID":"{2152ADAD-C56F-4BB6-8D8D-342C6D2ABB9D}","NEAR_FID":5208,"NEAR_DIST":8.0509004297622671}},{"type":"Feature","id":181,"geometry":{"type":"Point","coordinates":[198985.28990000021,1884995.0368000008]},"properties":{"OBJECTID":181,"Asset_ID":"MH181","Name":null,"District_ID":"Dahariz al Shamaliyya","Wlyt_ID":"Salalah","Gov_ID":"Dhofar Governorate","Road_ID":"100003","Mun_ID":"RMH(7)","Latitude":17.029502699999998,"Longitude":54.17257944,"GlobalID":"{7A0C0E87-3CB0-47DE-82C6-44C9B9A434C1}","NEAR_FID":8459,"NEAR_DIST":6.0584434696206584}},{"type":"Feature","id":182,"geometry":{"type":"Point","coordinates":[198982.21980000008,1885045.0346000008]},"properties":{"OBJECTID":182,"Asset_ID":"MH182","Name":null,"District_ID":"Dahariz al Shamaliyya","Wlyt_ID":"Salalah","Gov_ID":"Dhofar Governorate","Road_ID":"100003","Mun_ID":" ","Latitude":17.029952170000001,"Longitude":54.172542620000002,"GlobalID":"{65B61469-65DC-4F7F-BBAB-161E318F8078}","NEAR_FID":4797,"NEAR_DIST":6.0254069209708359}},{"type":"Feature","id":183,"geometry":{"type":"Point","coordinates":[196105.00999999978,1884687.5648999996]},"properties":{"OBJECTID":183,"Asset_ID":"MH183","Name":null,"District_ID":"Dahariz al Shamaliyya","Wlyt_ID":"Salalah","Gov_ID":"Dhofar Governorate","Road_ID":"100124","Mun_ID":" ","Latitude":17.026347309999998,"Longitude":54.14559028,"GlobalID":"{DB4134A9-3A40-4217-93AB-6AF6CCE4DB7D}","NEAR_FID":10015,"NEAR_DIST":7.3587319183220856}},{"type":"Feature","id":184,"geometry":{"type":"Point","coordinates":[196179.21040000021,1884669.6864]},"properties":{"OBJECTID":184,"Asset_ID":"MH184","Name":null,"District_ID":"al Robat","Wlyt_ID":"Salalah","Gov_ID":"Dhofar Governorate","Road_ID":"100001","Mun_ID":" ","Latitude":17.026195680000001,"Longitude":54.146289039999999,"GlobalID":"{73EFC2AE-1039-4358-901D-4DDE7B852333}","NEAR_FID":12877,"NEAR_DIST":6.2445994730906973}},{"type":"Feature","id":185,"geometry":{"type":"Point","coordinates":[196207.78949999996,1884668.1414000001]},"properties":{"OBJECTID":185,"Asset_ID":"MH185","Name":null,"District_ID":"al Robat","Wlyt_ID":"Salalah","Gov_ID":"Dhofar Governorate","Road_ID":"100001","Mun_ID":" ","Latitude":17.0261855,"Longitude":54.146557450000003,"GlobalID":"{E973F84D-5F75-4AD0-87B4-557939E67EA4}","NEAR_FID":17360,"NEAR_DIST":6.5711465678417902}},{"type":"Feature","id":186,"geometry":{"type":"Point","coordinates":[196238.10010000039,1884667.7967000008]},"properties":{"OBJECTID":186,"Asset_ID":"MH186","Name":null,"District_ID":"al Robat","Wlyt_ID":"Salalah","Gov_ID":"Dhofar Governorate","Road_ID":"100001","Mun_ID":" ","Latitude":17.026186379999999,"Longitude":54.146841940000002,"GlobalID":"{FAA75630-27C8-42A9-A2FA-9AD069D6AE0A}","NEAR_FID":12877,"NEAR_DIST":6.7076578685177282}},{"type":"Feature","id":187,"geometry":{"type":"Point","coordinates":[196269.22039999999,1884667.0617999993]},"properties":{"OBJECTID":187,"Asset_ID":"MH187","Name":null,"District_ID":"al Robat","Wlyt_ID":"Salalah","Gov_ID":"Dhofar Governorate","Road_ID":"100001","Mun_ID":" ","Latitude":17.026183840000002,"Longitude":54.147134080000001,"GlobalID":"{6EA3D358-364B-48FD-8B19-D380A14D7901}","NEAR_FID":12877,"NEAR_DIST":6.615086867051744}},{"type":"Feature","id":188,"geometry":{"type":"Point","coordinates":[196299.97510000039,1884666.5369000006]},"properties":{"OBJECTID":188,"Asset_ID":"MH188","Name":null,"District_ID":"al Robat","Wlyt_ID":"Salalah","Gov_ID":"Dhofar Governorate","Road_ID":"100001","Mun_ID":" ","Latitude":17.026183159999999,"Longitude":54.147422759999998,"GlobalID":"{68E50AB8-43BF-483B-8FEE-DEFCF2D17B8F}","NEAR_FID":12877,"NEAR_DIST":6.5055281456044307}},{"type":"Feature","id":189,"geometry":{"type":"Point","coordinates":[196330.26659999974,1884666.0119000003]},"properties":{"OBJECTID":189,"Asset_ID":"MH189","Name":null,"District_ID":"al Robat","Wlyt_ID":"Salalah","Gov_ID":"Dhofar Governorate","Road_ID":"100001","Mun_ID":" ","Latitude":17.026182410000001,"Longitude":54.147707099999998,"GlobalID":"{492C549E-0A3C-4282-9275-590AF239FB75}","NEAR_FID":12877,"NEAR_DIST":6.5530303752290466}},{"type":"Feature","id":190,"geometry":{"type":"Point","coordinates":[196358.95830000006,1884665.4927999992]},"properties":{"OBJECTID":190,"Asset_ID":"MH190","Name":null,"District_ID":"al Robat","Wlyt_ID":"Salalah","Gov_ID":"Dhofar Governorate","Road_ID":"100001","Mun_ID":" ","Latitude":17.0261815,"Longitude":54.147976419999999,"GlobalID":"{FA8E7FF8-F30A-42E1-A85E-825C43D82A33}","NEAR_FID":17360,"NEAR_DIST":6.6524291727922602}},{"type":"Feature","id":191,"geometry":{"type":"Point","coordinates":[196390.46549999993,1884664.9113999996]},"properties":{"OBJECTID":191,"Asset_ID":"MH191","Name":null,"District_ID":"al Robat","Wlyt_ID":"Salalah","Gov_ID":"Dhofar Governorate","Road_ID":"100001","Mun_ID":" ","Latitude":17.026180400000001,"Longitude":54.148272169999998,"GlobalID":"{AC43FD07-561E-46DC-871F-7CC156D4E95A}","NEAR_FID":17360,"NEAR_DIST":6.6124765156982086}},{"type":"Feature","id":192,"geometry":{"type":"Point","coordinates":[196417.55929999985,1884664.4063000008]},"properties":{"OBJECTID":192,"Asset_ID":"MH192","Name":null,"District_ID":"al Robat","Wlyt_ID":"Salalah","Gov_ID":"Dhofar Governorate","Road_ID":"100001","Mun_ID":" ","Latitude":17.026179410000001,"Longitude":54.148526500000003,"GlobalID":"{80ABAB7F-340B-44CA-868D-A55ECE4647C7}","NEAR_FID":17360,"NEAR_DIST":6.6233108652798158}},{"type":"Feature","id":193,"geometry":{"type":"Point","coordinates":[196481.31020000018,1884663.1106000002]},"properties":{"OBJECTID":193,"Asset_ID":"MH193","Name":null,"District_ID":"al Robat","Wlyt_ID":"Salalah","Gov_ID":"Dhofar Governorate","Road_ID":"100001","Mun_ID":" ","Latitude":17.026176100000001,"Longitude":54.149124929999999,"GlobalID":"{49153DF3-1FFE-41D1-B41F-446AAD0FE6FA}","NEAR_FID":13327,"NEAR_DIST":6.5994632711185046}},{"type":"Feature","id":194,"geometry":{"type":"Point","coordinates":[196510.34900000039,1884662.5949000008]},"properties":{"OBJECTID":194,"Asset_ID":"MH194","Name":null,"District_ID":"al Robat","Wlyt_ID":"Salalah","Gov_ID":"Dhofar Governorate","Road_ID":"100001","Mun_ID":" ","Latitude":17.02617527,"Longitude":54.14939751,"GlobalID":"{7B2A6CDC-9C49-4801-BC08-2D073D62F410}","NEAR_FID":13646,"NEAR_DIST":6.6397302026595799}},{"type":"Feature","id":195,"geometry":{"type":"Point","coordinates":[196541.93680000026,1884661.9360000007]},"properties":{"OBJECTID":195,"Asset_ID":"MH195","Name":null,"District_ID":"al Robat","Wlyt_ID":"Salalah","Gov_ID":"Dhofar Governorate","Road_ID":"100001","Mun_ID":" ","Latitude":17.026173480000001,"Longitude":54.149694029999999,"GlobalID":"{C2DEB1DF-97A7-44E5-993C-912D10B7F9FD}","NEAR_FID":13327,"NEAR_DIST":6.532448869710632}},{"type":"Feature","id":196,"geometry":{"type":"Point","coordinates":[196572.2368999999,1884661.6901999991]},"properties":{"OBJECTID":196,"Asset_ID":"MH196","Name":null,"District_ID":"al Robat","Wlyt_ID":"Salalah","Gov_ID":"Dhofar Governorate","Road_ID":"100001","Mun_ID":" ","Latitude":17.026175250000001,"Longitude":54.149978410000003,"GlobalID":"{326B7B24-658D-48A4-B0B7-52F857534408}","NEAR_FID":7260,"NEAR_DIST":6.742609615185347}},{"type":"Feature","id":197,"geometry":{"type":"Point","coordinates":[196602.47269999981,1884660.9196000006]},"properties":{"OBJECTID":197,"Asset_ID":"MH197","Name":null,"District_ID":"al Robat","Wlyt_ID":"Salalah","Gov_ID":"Dhofar Governorate","Road_ID":"100001","Mun_ID":" ","Latitude":17.02617227,"Longitude":54.150262259999998,"GlobalID":"{B8B2AC80-A09A-4C0D-BCF1-FE3B8097C6BB}","NEAR_FID":13327,"NEAR_DIST":6.547206837455291}},{"type":"Feature","id":198,"geometry":{"type":"Point","coordinates":[196632.49500000011,1884660.4074000008]},"properties":{"OBJECTID":198,"Asset_ID":"MH198","Name":null,"District_ID":"al Robat","Wlyt_ID":"Salalah","Gov_ID":"Dhofar Governorate","Road_ID":"100001","Mun_ID":" ","Latitude":17.026171600000001,"Longitude":54.150544070000002,"GlobalID":"{F4C1865F-C16F-4DC0-A9A8-D7F7A0A22B40}","NEAR_FID":13327,"NEAR_DIST":6.6414197497494296}},{"type":"Feature","id":199,"geometry":{"type":"Point","coordinates":[196661.24519999977,1884659.9554999992]},"properties":{"OBJECTID":199,"Asset_ID":"MH199","Name":null,"District_ID":"al Robat","Wlyt_ID":"Salalah","Gov_ID":"Dhofar Governorate","Road_ID":"100001","Mun_ID":" ","Latitude":17.026171300000001,"Longitude":54.150813929999998,"GlobalID":"{5DDF94AC-5F2E-4C83-AA33-0F383D9D37CC}","NEAR_FID":13327,"NEAR_DIST":6.7222616020101942}},{"type":"Feature","id":200,"geometry":{"type":"Point","coordinates":[196693.49689999968,1884659.3232000005]},"properties":{"OBJECTID":200,"Asset_ID":"MH200","Name":null,"District_ID":"al Robat","Wlyt_ID":"Salalah","Gov_ID":"Dhofar Governorate","Road_ID":"100001","Mun_ID":" ","Latitude":17.026169830000001,"Longitude":54.15111667,"GlobalID":"{45AE9219-3F03-4EE8-B56E-01F88B63D323}","NEAR_FID":13327,"NEAR_DIST":6.625144053245938}},{"type":"Feature","id":201,"geometry":{"type":"Point","coordinates":[196724.0103000002,1884658.7334000003]},"properties":{"OBJECTID":201,"Asset_ID":"MH201","Name":null,"District_ID":"al Robat","Wlyt_ID":"Salalah","Gov_ID":"Dhofar Governorate","Road_ID":"100001","Mun_ID":" ","Latitude":17.026168519999999,"Longitude":54.151403100000003,"GlobalID":"{AF3C61F7-BD2F-4041-B214-3E04B7D60450}","NEAR_FID":6018,"NEAR_DIST":6.465872436796503}},{"type":"Feature","id":202,"geometry":{"type":"Point","coordinates":[196754.04750000034,1884658.1905000005]},"properties":{"OBJECTID":202,"Asset_ID":"MH202","Name":null,"District_ID":"al Robat","Wlyt_ID":"Salalah","Gov_ID":"Dhofar Governorate","Road_ID":"100001","Mun_ID":" ","Latitude":17.026167569999998,"Longitude":54.151685049999998,"GlobalID":"{A96C2E49-DD8F-4C0A-A069-37FC059602E8}","NEAR_FID":14539,"NEAR_DIST":6.4621500950486146}},{"type":"Feature","id":203,"geometry":{"type":"Point","coordinates":[196783.89520000014,1884657.5361000001]},"properties":{"OBJECTID":203,"Asset_ID":"MH203","Name":null,"District_ID":"al Robat","Wlyt_ID":"Salalah","Gov_ID":"Dhofar Governorate","Road_ID":"100001","Mun_ID":" ","Latitude":17.026165590000002,"Longitude":54.151965240000003,"GlobalID":"{A105015D-1240-425D-9375-95C067613912}","NEAR_FID":14539,"NEAR_DIST":6.5347858777560317}},{"type":"Feature","id":204,"geometry":{"type":"Point","coordinates":[196812.5318,1884657.0316000003]},"properties":{"OBJECTID":204,"Asset_ID":"MH204","Name":null,"District_ID":"al Robat","Wlyt_ID":"Salalah","Gov_ID":"Dhofar Governorate","Road_ID":"100001","Mun_ID":" ","Latitude":17.0261648,"Longitude":54.152234049999997,"GlobalID":"{63E8FB98-1789-49EA-9026-D5E25B5A15FC}","NEAR_FID":8588,"NEAR_DIST":6.6829705375457165}},{"type":"Feature","id":205,"geometry":{"type":"Point","coordinates":[196844.18680000026,1884656.3760000002]},"properties":{"OBJECTID":205,"Asset_ID":"MH205","Name":null,"District_ID":"al Robat","Wlyt_ID":"Salalah","Gov_ID":"Dhofar Governorate","Road_ID":"100001","Mun_ID":" ","Latitude":17.02616304,"Longitude":54.152531199999999,"GlobalID":"{F7C23314-4173-451D-9559-82F91B65B015}","NEAR_FID":8588,"NEAR_DIST":6.4935828926067893}},{"type":"Feature","id":206,"geometry":{"type":"Point","coordinates":[196874.57400000002,1884655.8647000007]},"properties":{"OBJECTID":206,"Asset_ID":"MH206","Name":null,"District_ID":"al Robat","Wlyt_ID":"Salalah","Gov_ID":"Dhofar Governorate","Road_ID":"100001","Mun_ID":" ","Latitude":17.026162419999999,"Longitude":54.152816430000001,"GlobalID":"{B4126D45-401A-49AD-B637-13276BE54E5D}","NEAR_FID":8588,"NEAR_DIST":6.5858286377748669}},{"type":"Feature","id":207,"geometry":{"type":"Point","coordinates":[196904.29129999969,1884655.0909000002]},"properties":{"OBJECTID":207,"Asset_ID":"MH207","Name":null,"District_ID":"Dahariz al Shamaliyya","Wlyt_ID":"Salalah","Gov_ID":"Dhofar Governorate","Road_ID":"100001","Mun_ID":" ","Latitude":17.02615934,"Longitude":54.153095409999999,"GlobalID":"{EEC7720A-1D58-4B34-8FC2-A35115F80949}","NEAR_FID":8810,"NEAR_DIST":6.5766294182592135}},{"type":"Feature","id":208,"geometry":{"type":"Point","coordinates":[196935.00069999974,1884654.2519000005]},"properties":{"OBJECTID":208,"Asset_ID":"MH208","Name":null,"District_ID":"Dahariz al Shamaliyya","Wlyt_ID":"Salalah","Gov_ID":"Dhofar Governorate","Road_ID":"100001","Mun_ID":" ","Latitude":17.026155809999999,"Longitude":54.153383720000001,"GlobalID":"{63D3E0EE-D7EB-4305-BD66-A9B1F3593352}","NEAR_FID":8810,"NEAR_DIST":6.793484445824741}},{"type":"Feature","id":209,"geometry":{"type":"Point","coordinates":[196963.7424999997,1884653.3742999993]},"properties":{"OBJECTID":209,"Asset_ID":"MH209","Name":null,"District_ID":"Dahariz al Shamaliyya","Wlyt_ID":"Salalah","Gov_ID":"Dhofar Governorate","Road_ID":"100001","Mun_ID":" ","Latitude":17.02615166,"Longitude":54.153653560000002,"GlobalID":"{497D282C-B53B-436B-9997-BEED7D47B3E0}","NEAR_FID":14111,"NEAR_DIST":6.7965651011895654}},{"type":"Feature","id":210,"geometry":{"type":"Point","coordinates":[196995.33650000021,1884652.2334000003]},"properties":{"OBJECTID":210,"Asset_ID":"MH210","Name":null,"District_ID":"Dahariz al Shamaliyya","Wlyt_ID":"Salalah","Gov_ID":"Dhofar Governorate","Road_ID":"100001","Mun_ID":" ","Latitude":17.026145509999999,"Longitude":54.153950199999997,"GlobalID":"{EA7CF3B4-9A9D-4E94-9A5A-54378A9FD619}","NEAR_FID":11476,"NEAR_DIST":6.6292652741809315}},{"type":"Feature","id":211,"geometry":{"type":"Point","coordinates":[197025.24110000022,1884651.3036000002]},"properties":{"OBJECTID":211,"Asset_ID":"MH211","Name":null,"District_ID":"Dahariz al Shamaliyya","Wlyt_ID":"Salalah","Gov_ID":"Dhofar Governorate","Road_ID":"100001","Mun_ID":" ","Latitude":17.02614105,"Longitude":54.15423096,"GlobalID":"{A58501B8-4DDB-485C-AED2-C03013FB6A25}","NEAR_FID":11476,"NEAR_DIST":6.6510285923881813}},{"type":"Feature","id":212,"geometry":{"type":"Point","coordinates":[197054.49029999971,1884650.2423]},"properties":{"OBJECTID":212,"Asset_ID":"MH212","Name":null,"District_ID":"Dahariz al Shamaliyya","Wlyt_ID":"Salalah","Gov_ID":"Dhofar Governorate","Road_ID":"100001","Mun_ID":" ","Latitude":17.026135310000001,"Longitude":54.154505589999999,"GlobalID":"{5964416A-859F-4698-A075-F2DC40AF3275}","NEAR_FID":11476,"NEAR_DIST":6.4787810227760936}},{"type":"Feature","id":213,"geometry":{"type":"Point","coordinates":[197085.59059999976,1884649.5495999996]},"properties":{"OBJECTID":213,"Asset_ID":"MH213","Name":null,"District_ID":"Dahariz al Shamaliyya","Wlyt_ID":"Salalah","Gov_ID":"Dhofar Governorate","Road_ID":"100001","Mun_ID":" ","Latitude":17.026133139999999,"Longitude":54.154797539999997,"GlobalID":"{2DE787E3-1315-4811-BC00-11D10AC9BCDE}","NEAR_FID":11476,"NEAR_DIST":6.7120035143795338}},{"type":"Feature","id":214,"geometry":{"type":"Point","coordinates":[197114.86699999962,1884648.9554999992]},"properties":{"OBJECTID":214,"Asset_ID":"MH214","Name":null,"District_ID":"Dahariz al Shamaliyya","Wlyt_ID":"Salalah","Gov_ID":"Dhofar Governorate","Road_ID":"100001","Mun_ID":" ","Latitude":17.026131620000001,"Longitude":54.155072359999998,"GlobalID":"{7AAF459B-CE0D-4F03-B2E0-46E3C221A37F}","NEAR_FID":11476,"NEAR_DIST":6.7099220837453917}},{"type":"Feature","id":215,"geometry":{"type":"Point","coordinates":[197146.15149999969,1884648.5571999997]},"properties":{"OBJECTID":215,"Asset_ID":"MH215","Name":null,"District_ID":"Dahariz al Shamaliyya","Wlyt_ID":"Salalah","Gov_ID":"Dhofar Governorate","Road_ID":"100001","Mun_ID":" ","Latitude":17.026132140000001,"Longitude":54.155366000000001,"GlobalID":"{FB46AE14-74FC-4B5C-A68C-97CBC438C773}","NEAR_FID":16052,"NEAR_DIST":6.7606076348503361}},{"type":"Feature","id":216,"geometry":{"type":"Point","coordinates":[197175.81329999957,1884648.5825999994]},"properties":{"OBJECTID":216,"Asset_ID":"MH216","Name":null,"District_ID":"Dahariz al Shamaliyya","Wlyt_ID":"Salalah","Gov_ID":"Dhofar Governorate","Road_ID":"100001","Mun_ID":" ","Latitude":17.026136260000001,"Longitude":54.155644359999997,"GlobalID":"{9FE63BE7-D601-49C3-9841-2850D51C8D54}","NEAR_FID":16052,"NEAR_DIST":6.655849961840099}},{"type":"Feature","id":217,"geometry":{"type":"Point","coordinates":[197204.69959999993,1884648.9554999992]},"properties":{"OBJECTID":217,"Asset_ID":"MH217","Name":null,"District_ID":"Dahariz al Shamaliyya","Wlyt_ID":"Salalah","Gov_ID":"Dhofar Governorate","Road_ID":"100001","Mun_ID":" ","Latitude":17.02614342,"Longitude":54.155915380000003,"GlobalID":"{D124AD27-93AF-4479-8115-912F85D878CB}","NEAR_FID":16052,"NEAR_DIST":6.7772817427520282}},{"type":"Feature","id":218,"geometry":{"type":"Point","coordinates":[197234.59539999999,1884649.9221000001]},"properties":{"OBJECTID":218,"Asset_ID":"MH218","Name":null,"District_ID":"Dahariz al Shamaliyya","Wlyt_ID":"Salalah","Gov_ID":"Dhofar Governorate","Road_ID":"100001","Mun_ID":" ","Latitude":17.02615608,"Longitude":54.156195799999999,"GlobalID":"{295432BC-E04B-4F49-B87D-86A8E5FEC930}","NEAR_FID":6461,"NEAR_DIST":6.8816920757405882}},{"type":"Feature","id":219,"geometry":{"type":"Point","coordinates":[197266.08820000011,1884650.5565000009]},"properties":{"OBJECTID":219,"Asset_ID":"MH219","Name":null,"District_ID":"Dahariz al Shamaliyya","Wlyt_ID":"Salalah","Gov_ID":"Dhofar Governorate","Road_ID":"100001","Mun_ID":" ","Latitude":17.026165939999998,"Longitude":54.156491260000003,"GlobalID":"{B0E17A7B-920A-4A56-B785-1C8AC6BF210D}","NEAR_FID":6594,"NEAR_DIST":7.4679383358239679}},{"type":"Feature","id":220,"geometry":{"type":"Point","coordinates":[197295.60929999966,1884652.2609999999]},"properties":{"OBJECTID":220,"Asset_ID":"MH220","Name":null,"District_ID":"Dahariz al Shamaliyya","Wlyt_ID":"Salalah","Gov_ID":"Dhofar Governorate","Road_ID":"100001","Mun_ID":" ","Latitude":17.026185210000001,"Longitude":54.156768059999997,"GlobalID":"{567B86C8-7EF5-4EA4-8F9B-25446479EF0B}","NEAR_FID":6461,"NEAR_DIST":7.6484778144202208}},{"type":"Feature","id":221,"geometry":{"type":"Point","coordinates":[197325.65749999974,1884654.2817000002]},"properties":{"OBJECTID":221,"Asset_ID":"MH221","Name":null,"District_ID":"Dahariz al Shamaliyya","Wlyt_ID":"Salalah","Gov_ID":"Dhofar Governorate","Road_ID":"100001","Mun_ID":" ","Latitude":17.02620739,"Longitude":54.15704977,"GlobalID":"{179CE18A-7A4D-4D80-A3AE-7C16C933540B}","NEAR_FID":10567,"NEAR_DIST":6.6411599854245678}},{"type":"Feature","id":222,"geometry":{"type":"Point","coordinates":[197355.89529999997,1884654.7518000007]},"properties":{"OBJECTID":222,"Asset_ID":"MH222","Name":null,"District_ID":"Dahariz al Shamaliyya","Wlyt_ID":"Salalah","Gov_ID":"Dhofar Governorate","Road_ID":"100001","Mun_ID":" ","Latitude":17.026215610000001,"Longitude":54.157333469999998,"GlobalID":"{7DF182BE-7F19-45B9-B714-7AD7D6323DB4}","NEAR_FID":10567,"NEAR_DIST":7.3415952987414075}},{"type":"Feature","id":223,"geometry":{"type":"Point","coordinates":[197386.35470000003,1884655.4166999999]},"properties":{"OBJECTID":223,"Asset_ID":"MH223","Name":null,"District_ID":"Dahariz al Shamaliyya","Wlyt_ID":"Salalah","Gov_ID":"Dhofar Governorate","Road_ID":"100001","Mun_ID":" ","Latitude":17.026225610000001,"Longitude":54.157619220000001,"GlobalID":"{0884A2EE-3CF7-413B-BC7C-65C31A6004B5}","NEAR_FID":18480,"NEAR_DIST":7.1177619180297826}},{"type":"Feature","id":224,"geometry":{"type":"Point","coordinates":[197445.81869999971,1884649.8413999993]},"properties":{"OBJECTID":224,"Asset_ID":"MH224","Name":null,"District_ID":"Dahariz al Shamaliyya","Wlyt_ID":"Salalah","Gov_ID":"Dhofar Governorate","Road_ID":"100001","Mun_ID":" ","Latitude":17.026183079999999,"Longitude":54.15817801,"GlobalID":"{9BC6C9B0-899F-48C1-98CC-8D90D6EFE3F3}","NEAR_FID":15988,"NEAR_DIST":7.6319361945665358}},{"type":"Feature","id":225,"geometry":{"type":"Point","coordinates":[197477.91459999979,1884647.3588999994]},"properties":{"OBJECTID":225,"Asset_ID":"MH225","Name":null,"District_ID":"Dahariz al Shamaliyya","Wlyt_ID":"Salalah","Gov_ID":"Dhofar Governorate","Road_ID":"100001","Mun_ID":" ","Latitude":17.02616488,"Longitude":54.158479550000003,"GlobalID":"{50889F7D-63BA-494F-BED8-0CBEC267A750}","NEAR_FID":15988,"NEAR_DIST":7.38532900761553}},{"type":"Feature","id":226,"geometry":{"type":"Point","coordinates":[197508.95839999989,1884645.3935000002]},"properties":{"OBJECTID":226,"Asset_ID":"MH226","Name":null,"District_ID":"Dahariz al Shamaliyya","Wlyt_ID":"Salalah","Gov_ID":"Dhofar Governorate","Road_ID":"100001","Mun_ID":" ","Latitude":17.026151200000001,"Longitude":54.158771139999999,"GlobalID":"{FD2F9A3A-7CB5-4421-818C-D36B3274C37D}","NEAR_FID":15988,"NEAR_DIST":7.7677227324713156}},{"type":"Feature","id":227,"geometry":{"type":"Point","coordinates":[197539.64769999962,1884644.3264000006]},"properties":{"OBJECTID":227,"Asset_ID":"MH227","Name":null,"District_ID":"Dahariz al Shamaliyya","Wlyt_ID":"Salalah","Gov_ID":"Dhofar Governorate","Road_ID":"100001","Mun_ID":" ","Latitude":17.0261456,"Longitude":54.159059290000002,"GlobalID":"{C2C274EA-862F-4322-A97A-604CF82FAF6F}","NEAR_FID":15988,"NEAR_DIST":8.9932470037804944}},{"type":"Feature","id":228,"geometry":{"type":"Point","coordinates":[197572.19010000024,1884642.2719000001]},"properties":{"OBJECTID":228,"Asset_ID":"MH228","Name":null,"District_ID":"Dahariz al Shamaliyya","Wlyt_ID":"Salalah","Gov_ID":"Dhofar Governorate","Road_ID":"100001","Mun_ID":" ","Latitude":17.026131320000001,"Longitude":54.159364959999998,"GlobalID":"{74002B0F-6AE2-423D-9A65-EF47CDA74A2A}","NEAR_FID":13339,"NEAR_DIST":8.7857935139127079}},{"type":"Feature","id":229,"geometry":{"type":"Point","coordinates":[197601.90649999958,1884639.4511999991]},"properties":{"OBJECTID":229,"Asset_ID":"MH229","Name":null,"District_ID":"Dahariz al Shamaliyya","Wlyt_ID":"Salalah","Gov_ID":"Dhofar Governorate","Road_ID":"100001","Mun_ID":" ","Latitude":17.02610975,"Longitude":54.159644210000003,"GlobalID":"{CEFF56A2-4535-43E9-961E-248BAAD91F1B}","NEAR_FID":15988,"NEAR_DIST":8.5164606271413277}},{"type":"Feature","id":230,"geometry":{"type":"Point","coordinates":[197633.15620000008,1884636.7196999993]},"properties":{"OBJECTID":230,"Asset_ID":"MH230","Name":null,"District_ID":"Dahariz al Shamaliyya","Wlyt_ID":"Salalah","Gov_ID":"Dhofar Governorate","Road_ID":"100001","Mun_ID":" ","Latitude":17.02608919,"Longitude":54.159937839999998,"GlobalID":"{8DC04237-0783-4280-84DB-A7D12CC3B22E}","NEAR_FID":18064,"NEAR_DIST":8.0135149209415228}},{"type":"Feature","id":231,"geometry":{"type":"Point","coordinates":[197664.71150000021,1884633.6307999995]},"properties":{"OBJECTID":231,"Asset_ID":"MH231","Name":null,"District_ID":"Dahariz al Shamaliyya","Wlyt_ID":"Salalah","Gov_ID":"Dhofar Governorate","Road_ID":"100001","Mun_ID":" ","Latitude":17.02606544,"Longitude":54.160234389999999,"GlobalID":"{D1F6904E-5398-486C-B851-F78EB4D73E75}","NEAR_FID":15988,"NEAR_DIST":7.059031876696845}},{"type":"Feature","id":232,"geometry":{"type":"Point","coordinates":[197684.49890000001,1884631.4353]},"properties":{"OBJECTID":232,"Asset_ID":"MH232","Name":null,"District_ID":"Dahariz al Shamaliyya","Wlyt_ID":"Salalah","Gov_ID":"Dhofar Governorate","Road_ID":"100001","Mun_ID":" ","Latitude":17.026048209999999,"Longitude":54.160420379999998,"GlobalID":"{8543AC7E-1EF2-44E3-AF40-EBFE32E6B708}","NEAR_FID":17700,"NEAR_DIST":6.1738243640762294}},{"type":"Feature","id":233,"geometry":{"type":"Point","coordinates":[197695.67540000007,1884631.5153999999]},"properties":{"OBJECTID":233,"Asset_ID":"MH233","Name":null,"District_ID":"Dahariz al Shamaliyya","Wlyt_ID":"Salalah","Gov_ID":"Dhofar Governorate","Road_ID":"100001","Mun_ID":" ","Latitude":17.026050399999999,"Longitude":54.16052526,"GlobalID":"{26E31F71-4379-4AFA-A2DA-2C04925A594D}","NEAR_FID":4705,"NEAR_DIST":6.4778079432209639}},{"type":"Feature","id":234,"geometry":{"type":"Point","coordinates":[197758.36649999954,1884628.6331999991]},"properties":{"OBJECTID":234,"Asset_ID":"MH234","Name":null,"District_ID":"Dahariz al Shamaliyya","Wlyt_ID":"Salalah","Gov_ID":"Dhofar Governorate","Road_ID":"100001","Mun_ID":" ","Latitude":17.026032600000001,"Longitude":54.161113970000002,"GlobalID":"{BCF30D95-B762-42BD-9BAE-6A5B8F8E16A0}","NEAR_FID":14738,"NEAR_DIST":6.9009299229038445}},{"type":"Feature","id":235,"geometry":{"type":"Point","coordinates":[197788.69550000038,1884627.4681000002]},"properties":{"OBJECTID":235,"Asset_ID":"MH235","Name":null,"District_ID":"Dahariz al Shamaliyya","Wlyt_ID":"Salalah","Gov_ID":"Dhofar Governorate","Road_ID":"100001","Mun_ID":" ","Latitude":17.026026049999999,"Longitude":54.161398740000003,"GlobalID":"{A95F93C1-6543-4E3F-99D3-A8D19F9340C5}","NEAR_FID":14738,"NEAR_DIST":6.7000294117142287}},{"type":"Feature","id":236,"geometry":{"type":"Point","coordinates":[197819.62710000016,1884626.5550999995]},"properties":{"OBJECTID":236,"Asset_ID":"MH236","Name":null,"District_ID":"Dahariz al Shamaliyya","Wlyt_ID":"Salalah","Gov_ID":"Dhofar Governorate","Road_ID":"100001","Mun_ID":" ","Latitude":17.02602186,"Longitude":54.16168914,"GlobalID":"{E7F874F1-7618-4055-8429-80C67BAB5CA4}","NEAR_FID":14738,"NEAR_DIST":6.7702473976907775}},{"type":"Feature","id":237,"geometry":{"type":"Point","coordinates":[197879.86199999973,1884624.4916999992]},"properties":{"OBJECTID":237,"Asset_ID":"MH237","Name":null,"District_ID":"Dahariz al Shamaliyya","Wlyt_ID":"Salalah","Gov_ID":"Dhofar Governorate","Road_ID":"100001","Mun_ID":" ","Latitude":17.026011130000001,"Longitude":54.162254689999997,"GlobalID":"{3A0B9221-66E5-4A57-8C7C-57297B7039F6}","NEAR_FID":14738,"NEAR_DIST":6.6254626387009079}},{"type":"Feature","id":238,"geometry":{"type":"Point","coordinates":[197909.21640000027,1884623.6546999998]},"properties":{"OBJECTID":238,"Asset_ID":"MH238","Name":null,"District_ID":"Dahariz al Shamaliyya","Wlyt_ID":"Salalah","Gov_ID":"Dhofar Governorate","Road_ID":"100001","Mun_ID":" ","Latitude":17.026007419999999,"Longitude":54.162530279999999,"GlobalID":"{6972F033-5FEB-4258-956D-3D2AC3D884B7}","NEAR_FID":14738,"NEAR_DIST":6.7244897810463513}},{"type":"Feature","id":239,"geometry":{"type":"Point","coordinates":[197938.70480000041,1884622.6042999998]},"properties":{"OBJECTID":239,"Asset_ID":"MH239","Name":null,"District_ID":"Dahariz al Shamaliyya","Wlyt_ID":"Salalah","Gov_ID":"Dhofar Governorate","Road_ID":"100001","Mun_ID":" ","Latitude":17.0260018,"Longitude":54.162807149999999,"GlobalID":"{D66B1281-56E1-4B82-ACE4-506BB966CE69}","NEAR_FID":14738,"NEAR_DIST":6.6144962756235008}},{"type":"Feature","id":240,"geometry":{"type":"Point","coordinates":[197968.56830000039,1884621.7039000001]},"properties":{"OBJECTID":240,"Asset_ID":"MH240","Name":null,"District_ID":"Dahariz al Shamaliyya","Wlyt_ID":"Salalah","Gov_ID":"Dhofar Governorate","Road_ID":"100001","Mun_ID":" ","Latitude":17.025997579999999,"Longitude":54.163087519999998,"GlobalID":"{8F190A29-6FE1-432B-82B8-77D51CE3A4F8}","NEAR_FID":19014,"NEAR_DIST":6.8860569464863719}},{"type":"Feature","id":241,"geometry":{"type":"Point","coordinates":[197999.64240000024,1884620.5843000002]},"properties":{"OBJECTID":241,"Asset_ID":"MH241","Name":null,"District_ID":"Dahariz al Shamaliyya","Wlyt_ID":"Salalah","Gov_ID":"Dhofar Governorate","Road_ID":"100001","Mun_ID":" ","Latitude":17.02599154,"Longitude":54.163379290000002,"GlobalID":"{A348ABE1-E019-45AF-B63D-B48CB47AAC48}","NEAR_FID":6862,"NEAR_DIST":6.9488539494930768}},{"type":"Feature","id":242,"geometry":{"type":"Point","coordinates":[198028.77070000023,1884619.7780000009]},"properties":{"OBJECTID":242,"Asset_ID":"MH242","Name":null,"District_ID":"Dahariz al Shamaliyya","Wlyt_ID":"Salalah","Gov_ID":"Dhofar Governorate","Road_ID":"100001","Mun_ID":" ","Latitude":17.025988080000001,"Longitude":54.163652749999997,"GlobalID":"{E3FEBBB5-0753-4DC7-8E97-3C23646816C0}","NEAR_FID":10117,"NEAR_DIST":6.704790912663106}},{"type":"Feature","id":243,"geometry":{"type":"Point","coordinates":[198060.25999999978,1884618.7479999997]},"properties":{"OBJECTID":243,"Asset_ID":"MH243","Name":null,"District_ID":"Dahariz al Shamaliyya","Wlyt_ID":"Salalah","Gov_ID":"Dhofar Governorate","Road_ID":"100001","Mun_ID":" ","Latitude":17.025982899999999,"Longitude":54.163948400000002,"GlobalID":"{8EBDA52A-76E2-4518-87F3-91DDCF8B02CD}","NEAR_FID":6862,"NEAR_DIST":6.7753436803233251}},{"type":"Feature","id":244,"geometry":{"type":"Point","coordinates":[198089.05900000036,1884617.9271000009]},"properties":{"OBJECTID":244,"Asset_ID":"MH244","Name":null,"District_ID":"Dahariz al Shamaliyya","Wlyt_ID":"Salalah","Gov_ID":"Dhofar Governorate","Road_ID":"100001","Mun_ID":" ","Latitude":17.02597926,"Longitude":54.164218769999998,"GlobalID":"{56E1CF10-24F3-48DD-A842-076892FA1E21}","NEAR_FID":6862,"NEAR_DIST":6.7268226060345304}},{"type":"Feature","id":245,"geometry":{"type":"Point","coordinates":[198119.85699999984,1884616.9506999999]},"properties":{"OBJECTID":245,"Asset_ID":"MH245","Name":null,"District_ID":"Dahariz al Shamaliyya","Wlyt_ID":"Salalah","Gov_ID":"Dhofar Governorate","Road_ID":"100001","Mun_ID":" ","Latitude":17.025974479999999,"Longitude":54.164507929999999,"GlobalID":"{07BD10FB-F930-4CAE-B498-3B4A2AD65D36}","NEAR_FID":6862,"NEAR_DIST":6.8059846611559429}},{"type":"Feature","id":246,"geometry":{"type":"Point","coordinates":[198179.14790000021,1884614.9017999992]},"properties":{"OBJECTID":246,"Asset_ID":"MH246","Name":null,"District_ID":"Dahariz al Shamaliyya","Wlyt_ID":"Salalah","Gov_ID":"Dhofar Governorate","Road_ID":"100001","Mun_ID":" ","Latitude":17.025963749999999,"Longitude":54.165064610000002,"GlobalID":"{9345AB24-470D-485E-AD0D-6B6EFC6A8A02}","NEAR_FID":6862,"NEAR_DIST":6.4717255859312939}},{"type":"Feature","id":247,"geometry":{"type":"Point","coordinates":[198208.88370000012,1884614.1581999995]},"properties":{"OBJECTID":247,"Asset_ID":"MH247","Name":null,"District_ID":"Dahariz al Shamaliyya","Wlyt_ID":"Salalah","Gov_ID":"Dhofar Governorate","Road_ID":"100001","Mun_ID":" ","Latitude":17.02596093,"Longitude":54.16534377,"GlobalID":"{58160FB0-4F15-4CEE-A207-D8EAFF6E0494}","NEAR_FID":6862,"NEAR_DIST":6.8018687752926139}},{"type":"Feature","id":248,"geometry":{"type":"Point","coordinates":[198239.41629999969,1884613.1500000004]},"properties":{"OBJECTID":248,"Asset_ID":"MH248","Name":null,"District_ID":"Dahariz al Shamaliyya","Wlyt_ID":"Salalah","Gov_ID":"Dhofar Governorate","Road_ID":"100001","Mun_ID":" ","Latitude":17.02595582,"Longitude":54.165630440000001,"GlobalID":"{63BB9DD3-AA9A-46B6-B431-916FBC8EADA6}","NEAR_FID":6862,"NEAR_DIST":6.7759036008773057}},{"type":"Feature","id":249,"geometry":{"type":"Point","coordinates":[198269.10879999958,1884612.2606000006]},"properties":{"OBJECTID":249,"Asset_ID":"MH249","Name":null,"District_ID":"Dahariz al Shamaliyya","Wlyt_ID":"Salalah","Gov_ID":"Dhofar Governorate","Road_ID":"100001","Mun_ID":" ","Latitude":17.025951679999999,"Longitude":54.165909200000002,"GlobalID":"{BA0FDE78-3B56-4FA6-A67D-58A8EAB20F58}","NEAR_FID":6862,"NEAR_DIST":6.8664422297809953}},{"type":"Feature","id":250,"geometry":{"type":"Point","coordinates":[198299.97970000003,1884611.4445999991]},"properties":{"OBJECTID":250,"Asset_ID":"MH250","Name":null,"District_ID":"Dahariz al Shamaliyya","Wlyt_ID":"Salalah","Gov_ID":"Dhofar Governorate","Road_ID":"100001","Mun_ID":" ","Latitude":17.02594835,"Longitude":54.166199020000001,"GlobalID":"{F1478F69-2C5D-4A33-A0C6-1FC6AEFFD0B7}","NEAR_FID":6862,"NEAR_DIST":6.4133267492502197}},{"type":"Feature","id":251,"geometry":{"type":"Point","coordinates":[198328.85690000001,1884610.6988999993]},"properties":{"OBJECTID":251,"Asset_ID":"MH251","Name":null,"District_ID":"Dahariz al Shamaliyya","Wlyt_ID":"Salalah","Gov_ID":"Dhofar Governorate","Road_ID":"100001","Mun_ID":" ","Latitude":17.02594539,"Longitude":54.16647012,"GlobalID":"{927BAA9F-F67F-4DE1-8873-5CB709A26231}","NEAR_FID":6862,"NEAR_DIST":6.2438752506165534}},{"type":"Feature","id":252,"geometry":{"type":"Point","coordinates":[198360.12420000043,1884609.7422000002]},"properties":{"OBJECTID":252,"Asset_ID":"MH252","Name":null,"District_ID":"Dahariz al Shamaliyya","Wlyt_ID":"Salalah","Gov_ID":"Dhofar Governorate","Road_ID":"100001","Mun_ID":" ","Latitude":17.025940850000001,"Longitude":54.166763670000002,"GlobalID":"{3265391C-B0FF-490D-8FD0-CA5A8A747121}","NEAR_FID":4159,"NEAR_DIST":6.1511360943727338}},{"type":"Feature","id":253,"geometry":{"type":"Point","coordinates":[198391.1102,1884609.2232000008]},"properties":{"OBJECTID":253,"Asset_ID":"MH253","Name":null,"District_ID":"Dahariz al Shamaliyya","Wlyt_ID":"Salalah","Gov_ID":"Dhofar Governorate","Road_ID":"100001","Mun_ID":" ","Latitude":17.025940219999999,"Longitude":54.167054530000001,"GlobalID":"{4FD01709-E639-4E1A-A1A6-52E40CA53413}","NEAR_FID":4159,"NEAR_DIST":6.3481124437820009}},{"type":"Feature","id":254,"geometry":{"type":"Point","coordinates":[198420.8842000002,1884608.4525000006]},"properties":{"OBJECTID":254,"Asset_ID":"MH254","Name":null,"District_ID":"Dahariz al Shamaliyya","Wlyt_ID":"Salalah","Gov_ID":"Dhofar Governorate","Road_ID":"100001","Mun_ID":" ","Latitude":17.025937150000001,"Longitude":54.167334050000001,"GlobalID":"{14C1BCEA-86F0-4467-9B77-2043A5914A23}","NEAR_FID":4159,"NEAR_DIST":6.2437711922590466}},{"type":"Feature","id":255,"geometry":{"type":"Point","coordinates":[198451.22339999955,1884607.5544000007]},"properties":{"OBJECTID":255,"Asset_ID":"MH255","Name":null,"District_ID":"Dahariz al Shamaliyya","Wlyt_ID":"Salalah","Gov_ID":"Dhofar Governorate","Road_ID":"100001","Mun_ID":" ","Latitude":17.025933009999999,"Longitude":54.167618879999999,"GlobalID":"{5F6B154C-95F8-404E-AC28-331572B2F96E}","NEAR_FID":4159,"NEAR_DIST":6.0290029678145078}},{"type":"Feature","id":256,"geometry":{"type":"Point","coordinates":[198480.1063000001,1884607.0896000005]},"properties":{"OBJECTID":256,"Asset_ID":"MH256","Name":null,"District_ID":"Dahariz al Shamaliyya","Wlyt_ID":"Salalah","Gov_ID":"Dhofar Governorate","Road_ID":"100001","Mun_ID":" ","Latitude":17.02593259,"Longitude":54.16789,"GlobalID":"{80198C36-41AD-4966-B023-4979B783ADE5}","NEAR_FID":4159,"NEAR_DIST":6.2151476035087683}},{"type":"Feature","id":257,"geometry":{"type":"Point","coordinates":[198511.31469999999,1884606.3219000008]},"properties":{"OBJECTID":257,"Asset_ID":"MH257","Name":null,"District_ID":"Dahariz al Shamaliyya","Wlyt_ID":"Salalah","Gov_ID":"Dhofar Governorate","Road_ID":"100001","Mun_ID":" ","Latitude":17.025929739999999,"Longitude":54.168182969999997,"GlobalID":"{A4A38DF5-8823-4207-9EEE-E153B991EB60}","NEAR_FID":4159,"NEAR_DIST":6.1599570367573104}},{"type":"Feature","id":258,"geometry":{"type":"Point","coordinates":[198540.47800000012,1884605.5714999996]},"properties":{"OBJECTID":258,"Asset_ID":"MH258","Name":null,"District_ID":"Dahariz al Shamaliyya","Wlyt_ID":"Salalah","Gov_ID":"Dhofar Governorate","Road_ID":"100001","Mun_ID":" ","Latitude":17.025926779999999,"Longitude":54.168456759999998,"GlobalID":"{A37E3120-B381-4CE2-AA32-6F77617E0B73}","NEAR_FID":4159,"NEAR_DIST":6.0764867818101704}},{"type":"Feature","id":259,"geometry":{"type":"Point","coordinates":[198571.51699999999,1884604.7961999997]},"properties":{"OBJECTID":259,"Asset_ID":"MH259","Name":null,"District_ID":"Dahariz al Shamaliyya","Wlyt_ID":"Salalah","Gov_ID":"Dhofar Governorate","Road_ID":"100001","Mun_ID":" ","Latitude":17.025923840000001,"Longitude":54.168748149999999,"GlobalID":"{DAFDBB2F-99D4-4DA7-AEC4-106E272E916C}","NEAR_FID":4159,"NEAR_DIST":6.0495032842937295}},{"type":"Feature","id":260,"geometry":{"type":"Point","coordinates":[198600.73029999994,1884604.2458999995]},"properties":{"OBJECTID":260,"Asset_ID":"MH260","Name":null,"District_ID":"Dahariz al Shamaliyya","Wlyt_ID":"Salalah","Gov_ID":"Dhofar Governorate","Road_ID":"100001","Mun_ID":" ","Latitude":17.025922690000002,"Longitude":54.16902237,"GlobalID":"{04A6DE87-62C2-4BCF-A911-7CD7A6B726FA}","NEAR_FID":17936,"NEAR_DIST":6.1873764101256246}},{"type":"Feature","id":261,"geometry":{"type":"Point","coordinates":[198631.49430000037,1884603.3705000002]},"properties":{"OBJECTID":261,"Asset_ID":"MH261","Name":null,"District_ID":"Dahariz al Shamaliyya","Wlyt_ID":"Salalah","Gov_ID":"Dhofar Governorate","Road_ID":"100001","Mun_ID":" ","Latitude":17.02591881,"Longitude":54.169311190000002,"GlobalID":"{9ECC2A2E-59B3-4CEA-94F6-CE42EF21BDCA}","NEAR_FID":17936,"NEAR_DIST":5.9057333780171328}},{"type":"Feature","id":262,"geometry":{"type":"Point","coordinates":[198661.60690000001,1884602.9283000007]},"properties":{"OBJECTID":262,"Asset_ID":"MH262","Name":null,"District_ID":"Dahariz al Shamaliyya","Wlyt_ID":"Salalah","Gov_ID":"Dhofar Governorate","Road_ID":"100001","Mun_ID":" ","Latitude":17.025918749999999,"Longitude":54.169593839999997,"GlobalID":"{B5BFC25D-A7D0-442A-B569-D9A630C28591}","NEAR_FID":17936,"NEAR_DIST":6.1502784554902972}},{"type":"Feature","id":263,"geometry":{"type":"Point","coordinates":[198690.70820000023,1884602.0159000009]},"properties":{"OBJECTID":263,"Asset_ID":"MH263","Name":null,"District_ID":"Dahariz al Shamaliyya","Wlyt_ID":"Salalah","Gov_ID":"Dhofar Governorate","Road_ID":"100001","Mun_ID":" ","Latitude":17.025914319999998,"Longitude":54.169867070000002,"GlobalID":"{C1C8101E-1C6A-4B0F-B268-36416FD5A293}","NEAR_FID":17936,"NEAR_DIST":5.9770557337153214}},{"type":"Feature","id":264,"geometry":{"type":"Point","coordinates":[198720.73780000024,1884601.3276000004]},"properties":{"OBJECTID":264,"Asset_ID":"MH264","Name":null,"District_ID":"Dahariz al Shamaliyya","Wlyt_ID":"Salalah","Gov_ID":"Dhofar Governorate","Road_ID":"100001","Mun_ID":" ","Latitude":17.025912030000001,"Longitude":54.17014897,"GlobalID":"{B6314B70-244B-4590-AC16-E666F2E85D07}","NEAR_FID":17936,"NEAR_DIST":6.1003417468599004}},{"type":"Feature","id":265,"geometry":{"type":"Point","coordinates":[198751.77589999977,1884600.6073000003]},"properties":{"OBJECTID":265,"Asset_ID":"MH265","Name":null,"District_ID":"Dahariz al Shamaliyya","Wlyt_ID":"Salalah","Gov_ID":"Dhofar Governorate","Road_ID":"100001","Mun_ID":" ","Latitude":17.02590958,"Longitude":54.170440339999999,"GlobalID":"{239B4EC3-5568-44D4-B6C8-F46BACE18827}","NEAR_FID":17936,"NEAR_DIST":5.9758856095489445}},{"type":"Feature","id":266,"geometry":{"type":"Point","coordinates":[198781.22919999994,1884600.2390999999]},"properties":{"OBJECTID":266,"Asset_ID":"MH266","Name":null,"District_ID":"Dahariz al Shamaliyya","Wlyt_ID":"Salalah","Gov_ID":"Dhofar Governorate","Road_ID":"100001","Mun_ID":" ","Latitude":17.025910100000001,"Longitude":54.170716800000001,"GlobalID":"{005172B4-5C20-438E-B782-39BB90AF95F6}","NEAR_FID":17936,"NEAR_DIST":6.2745864053539728}},{"type":"Feature","id":267,"geometry":{"type":"Point","coordinates":[198811.2109000003,1884599.2467]},"properties":{"OBJECTID":267,"Asset_ID":"MH267","Name":null,"District_ID":"Dahariz al Shamaliyya","Wlyt_ID":"Salalah","Gov_ID":"Dhofar Governorate","Road_ID":"100001","Mun_ID":" ","Latitude":17.025905059999999,"Longitude":54.17099829,"GlobalID":"{626D6080-EBA6-4FB0-B5A1-E94769555C5A}","NEAR_FID":14196,"NEAR_DIST":6.0855989615362649}},{"type":"Feature","id":268,"geometry":{"type":"Point","coordinates":[198841.1995000001,1884598.6685000006]},"properties":{"OBJECTID":268,"Asset_ID":"MH268","Name":null,"District_ID":"Dahariz al Shamaliyya","Wlyt_ID":"Salalah","Gov_ID":"Dhofar Governorate","Road_ID":"100001","Mun_ID":" ","Latitude":17.025903759999998,"Longitude":54.171279800000001,"GlobalID":"{940607A9-3A90-4729-894E-A16A1CFE911C}","NEAR_FID":14196,"NEAR_DIST":6.2943376987305557}},{"type":"Feature","id":269,"geometry":{"type":"Point","coordinates":[198872.3535000002,1884597.9717999995]},"properties":{"OBJECTID":269,"Asset_ID":"MH269","Name":null,"District_ID":"Dahariz al Shamaliyya","Wlyt_ID":"Salalah","Gov_ID":"Dhofar Governorate","Road_ID":"100001","Mun_ID":" ","Latitude":17.02590154,"Longitude":54.171572259999998,"GlobalID":"{EF9F63BB-6B25-4519-B1A4-9D087161545E}","NEAR_FID":14196,"NEAR_DIST":6.578823050746891}},{"type":"Feature","id":270,"geometry":{"type":"Point","coordinates":[198903.78409999982,1884597.5210999995]},"properties":{"OBJECTID":270,"Asset_ID":"MH270","Name":null,"District_ID":"Dahariz al Shamaliyya","Wlyt_ID":"Salalah","Gov_ID":"Dhofar Governorate","Road_ID":"100001","Mun_ID":" ","Latitude":17.025901569999998,"Longitude":54.171867280000001,"GlobalID":"{AA84ADE3-A993-4B7E-AC28-EBF5C43E2C95}","NEAR_FID":14196,"NEAR_DIST":7.1440769998841898}},{"type":"Feature","id":271,"geometry":{"type":"Point","coordinates":[198935.48099999968,1884596.9371000007]},"properties":{"OBJECTID":271,"Asset_ID":"MH271","Name":null,"District_ID":"Dahariz al Shamaliyya","Wlyt_ID":"Salalah","Gov_ID":"Dhofar Governorate","Road_ID":"100001","Mun_ID":" ","Latitude":17.025900440000001,"Longitude":54.172164819999999,"GlobalID":"{AC058EEA-2AB4-403C-A9C5-54F12000008B}","NEAR_FID":15071,"NEAR_DIST":8.7571609281713929}},{"type":"Feature","id":272,"geometry":{"type":"Point","coordinates":[198953.76559999958,1884597.6428999994]},"properties":{"OBJECTID":272,"Asset_ID":"MH272","Name":null,"District_ID":"Dahariz al Shamaliyya","Wlyt_ID":"Salalah","Gov_ID":"Dhofar Governorate","Road_ID":"480001","Mun_ID":" ","Latitude":17.025909200000001,"Longitude":54.172336309999999,"GlobalID":"{4677AF96-D3CD-4699-BD79-012A7C5C0B92}","NEAR_FID":4614,"NEAR_DIST":7.322538098162636}},{"type":"Feature","id":273,"geometry":{"type":"Point","coordinates":[198967.92200000025,1884595.0416999999]},"properties":{"OBJECTID":273,"Asset_ID":"MH273","Name":null,"District_ID":"Dahariz al Shamaliyya","Wlyt_ID":"Salalah","Gov_ID":"Dhofar Governorate","Road_ID":"480001","Mun_ID":" ","Latitude":17.025887560000001,"Longitude":54.172469509999999,"GlobalID":"{4B9759BD-0522-43B3-820A-7478083E72ED}","NEAR_FID":4614,"NEAR_DIST":7.0414866150545894}},{"type":"Feature","id":274,"geometry":{"type":"Point","coordinates":[198994.25399999972,1884641.4578000009]},"properties":{"OBJECTID":274,"Asset_ID":"MH274","Name":null,"District_ID":"Dahariz al Shamaliyya","Wlyt_ID":"Salalah","Gov_ID":"Dhofar Governorate","Road_ID":"100003","Mun_ID":" ","Latitude":17.026310070000001,"Longitude":54.172710330000001,"GlobalID":"{ACCDE204-E90E-4846-A32D-FC44979C4722}","NEAR_FID":9147,"NEAR_DIST":11.0077717126594}},{"type":"Feature","id":275,"geometry":{"type":"Point","coordinates":[198991.60780000035,1884895.2530000005]},"properties":{"OBJECTID":275,"Asset_ID":"MH275","Name":null,"District_ID":"Dahariz al Shamaliyya","Wlyt_ID":"Salalah","Gov_ID":"Dhofar Governorate","Road_ID":"100003","Mun_ID":"RMH(5)","Latitude":17.028601099999999,"Longitude":54.172651049999999,"GlobalID":"{3F675619-FB53-4DBA-963D-22CB9EFE435E}","NEAR_FID":9147,"NEAR_DIST":6.9193055830590442}},{"type":"Feature","id":276,"geometry":{"type":"Point","coordinates":[198959.79030000046,1884942.9067000002]},"properties":{"OBJECTID":276,"Asset_ID":"MH276","Name":null,"District_ID":"Dahariz al Shamaliyya","Wlyt_ID":"Salalah","Gov_ID":"Dhofar Governorate","Road_ID":"100003","Mun_ID":"LMH(6)","Latitude":17.029027190000001,"Longitude":54.172345989999997,"GlobalID":"{F439DD42-FBAC-4C5F-90AC-26FA496DD54C}","NEAR_FID":9331,"NEAR_DIST":6.174855097466839}},{"type":"Feature","id":277,"geometry":{"type":"Point","coordinates":[198975.17530000024,1885143.6908]},"properties":{"OBJECTID":277,"Asset_ID":"MH277","Name":null,"District_ID":"Dahariz al Shamaliyya","Wlyt_ID":"Salalah","Gov_ID":"Dhofar Governorate","Road_ID":"100003","Mun_ID":"RMH(10)","Latitude":17.030841970000001,"Longitude":54.172463110000002,"GlobalID":"{4C4841E6-182E-4E43-976E-2544CF303A67}","NEAR_FID":4797,"NEAR_DIST":4.9754752296073805}},{"type":"Feature","id":278,"geometry":{"type":"Point","coordinates":[198985.27390000038,1885116.4735000003]},"properties":{"OBJECTID":278,"Asset_ID":"MH278","Name":null,"District_ID":"Dahariz al Shamaliyya","Wlyt_ID":"Salalah","Gov_ID":"Dhofar Governorate","Road_ID":"100003","Mun_ID":" ","Latitude":17.03059755,"Longitude":54.17256158,"GlobalID":"{4B270285-9113-44E2-A93D-2A96585D7F39}","NEAR_FID":4797,"NEAR_DIST":13.405288660832792}},{"type":"Feature","id":279,"geometry":{"type":"Point","coordinates":[198996.10979999974,1885004.0524000004]},"properties":{"OBJECTID":279,"Asset_ID":"MH279","Name":null,"District_ID":"Dahariz al Shamaliyya","Wlyt_ID":"Salalah","Gov_ID":"Dhofar Governorate","Road_ID":"100139","Mun_ID":" ","Latitude":17.029583980000002,"Longitude":54.172678529999999,"GlobalID":"{B59E9A80-CDDB-4876-AB7D-D5CFD8ABE4AB}","NEAR_FID":5208,"NEAR_DIST":15.102947716154821}},{"type":"Feature","id":280,"geometry":{"type":"Point","coordinates":[195967.23479999974,1884672.602]},"properties":{"OBJECTID":280,"Asset_ID":"MH280","Name":null,"District_ID":"al Robat","Wlyt_ID":"Salalah","Gov_ID":"Dhofar Governorate","Road_ID":"100001","Mun_ID":" ","Latitude":17.026194060000002,"Longitude":54.144299410000002,"GlobalID":"{6813310C-4E34-4803-9322-348B4302BC00}","NEAR_FID":17201,"NEAR_DIST":5.8051308472882583}},{"type":"Feature","id":281,"geometry":{"type":"Point","coordinates":[195996.74820000026,1884671.9266999997]},"properties":{"OBJECTID":281,"Asset_ID":"MH281","Name":null,"District_ID":"al Robat","Wlyt_ID":"Salalah","Gov_ID":"Dhofar Governorate","Road_ID":"100001","Mun_ID":" ","Latitude":17.026191860000001,"Longitude":54.144576460000003,"GlobalID":"{59454E3A-39E9-4718-91AD-10F2204FF8FF}","NEAR_FID":17201,"NEAR_DIST":5.7188824480013363}},{"type":"Feature","id":282,"geometry":{"type":"Point","coordinates":[196026.26159999985,1884671.7765999995]},"properties":{"OBJECTID":282,"Asset_ID":"MH282","Name":null,"District_ID":"al Robat","Wlyt_ID":"Salalah","Gov_ID":"Dhofar Governorate","Road_ID":"100001","Mun_ID":" ","Latitude":17.026194390000001,"Longitude":54.144853449999999,"GlobalID":"{A07A6E97-DF0E-4D16-A7BC-9D184289B45A}","NEAR_FID":17201,"NEAR_DIST":5.9713253926124406}},{"type":"Feature","id":283,"geometry":{"type":"Point","coordinates":[196055.77500000037,1884671.0011999998]},"properties":{"OBJECTID":283,"Asset_ID":"MH283","Name":null,"District_ID":"al Robat","Wlyt_ID":"Salalah","Gov_ID":"Dhofar Governorate","Road_ID":"100001","Mun_ID":" ","Latitude":17.026191279999999,"Longitude":54.145130510000001,"GlobalID":"{EE6FD9B2-93F8-4C6E-B7AB-9E820DD83FF4}","NEAR_FID":17360,"NEAR_DIST":6.5582223104806809}},{"type":"Feature","id":284,"geometry":{"type":"Point","coordinates":[196087.41280000005,1884670.6292000003]},"properties":{"OBJECTID":284,"Asset_ID":"MH284","Name":null,"District_ID":"al Robat","Wlyt_ID":"Salalah","Gov_ID":"Dhofar Governorate","Road_ID":"100001","Mun_ID":" ","Latitude":17.026192089999999,"Longitude":54.145427460000001,"GlobalID":"{91C1FCDF-A9D8-492E-A1CE-D799321F5F9A}","NEAR_FID":17360,"NEAR_DIST":6.8201285422058113}},{"type":"Feature","id":285,"geometry":{"type":"Point","coordinates":[196117.65309999976,1884669.9758000001]},"properties":{"OBJECTID":285,"Asset_ID":"MH285","Name":null,"District_ID":"al Robat","Wlyt_ID":"Salalah","Gov_ID":"Dhofar Governorate","Road_ID":"100001","Mun_ID":" ","Latitude":17.02619018,"Longitude":54.145711329999997,"GlobalID":"{181F301A-CE6F-4FA1-B970-75EBA378BC4C}","NEAR_FID":17360,"NEAR_DIST":6.7692630020923499}},{"type":"Feature","id":286,"geometry":{"type":"Point","coordinates":[196148.09190000035,1884669.3505000006]},"properties":{"OBJECTID":286,"Asset_ID":"MH286","Name":null,"District_ID":"al Robat","Wlyt_ID":"Salalah","Gov_ID":"Dhofar Governorate","Road_ID":"100001","Mun_ID":" ","Latitude":17.026188550000001,"Longitude":54.14599707,"GlobalID":"{BD9E0EB0-80E8-4466-9313-035A8F92EE09}","NEAR_FID":17360,"NEAR_DIST":6.6809806900071651}},{"type":"Feature","id":287,"geometry":{"type":"Point","coordinates":[198966.9140999997,1885644.1458000001]},"properties":{"OBJECTID":287,"Asset_ID":"MH287","Name":null,"District_ID":"Dahariz al Shamaliyya","Wlyt_ID":"Salalah","Gov_ID":"Dhofar Governorate","Road_ID":"100003","Mun_ID":" ","Latitude":17.03535922,"Longitude":54.172317630000002,"GlobalID":"{AE586CB2-150F-4DF0-9B3F-7245B6730FF5}","NEAR_FID":7103,"NEAR_DIST":4.6478297860394493}},{"type":"Feature","id":288,"geometry":{"type":"Point","coordinates":[198950.33469999954,1885598.8646000009]},"properties":{"OBJECTID":288,"Asset_ID":"MH288","Name":null,"District_ID":"Dahariz al Shamaliyya","Wlyt_ID":"Salalah","Gov_ID":"Dhofar Governorate","Road_ID":"100003","Mun_ID":" ","Latitude":17.034948230000001,"Longitude":54.17216818,"GlobalID":"{00BDD454-3321-4F94-B969-0167C295B097}","NEAR_FID":7103,"NEAR_DIST":5.5154978825174981}},{"type":"Feature","id":289,"geometry":{"type":"Point","coordinates":[198952.85209999979,1885549.5991999991]},"properties":{"OBJECTID":289,"Asset_ID":"MH289","Name":null,"District_ID":"Dahariz al Shamaliyya","Wlyt_ID":"Salalah","Gov_ID":"Dhofar Governorate","Road_ID":"100003","Mun_ID":" ","Latitude":17.034503770000001,"Longitude":54.1721985,"GlobalID":"{B1645293-3190-40E1-A502-00C40D175087}","NEAR_FID":4209,"NEAR_DIST":8.3998930866004891}},{"type":"Feature","id":290,"geometry":{"type":"Point","coordinates":[198954.39690000005,1885494.9627]},"properties":{"OBJECTID":290,"Asset_ID":"MH290","Name":null,"District_ID":"Dahariz al Shamaliyya","Wlyt_ID":"Salalah","Gov_ID":"Dhofar Governorate","Road_ID":"100003","Mun_ID":" ","Latitude":17.034010689999999,"Longitude":54.172220420000002,"GlobalID":"{00A4C20B-76F7-42FB-A563-3ACA497BAF72}","NEAR_FID":4209,"NEAR_DIST":5.983105345473283}},{"type":"Feature","id":291,"geometry":{"type":"Point","coordinates":[198972.17989999987,1885492.9964000005]},"properties":{"OBJECTID":291,"Asset_ID":"MH291","Name":null,"District_ID":"Dahariz al Shamaliyya","Wlyt_ID":"Salalah","Gov_ID":"Dhofar Governorate","Road_ID":"100139","Mun_ID":" ","Latitude":17.033995260000001,"Longitude":54.172387569999998,"GlobalID":"{B216D618-9AF8-4478-9C35-450AA6891B0E}","NEAR_FID":17589,"NEAR_DIST":4.8943839240103237}},{"type":"Feature","id":292,"geometry":{"type":"Point","coordinates":[198956.96779999975,1885448.5565000009]},"properties":{"OBJECTID":292,"Asset_ID":"MH292","Name":null,"District_ID":"Dahariz al Shamaliyya","Wlyt_ID":"Salalah","Gov_ID":"Dhofar Governorate","Road_ID":"100003","Mun_ID":" ","Latitude":17.033592049999999,"Longitude":54.172250849999998,"GlobalID":"{56350FD8-0137-458F-B735-6BC11F869105}","NEAR_FID":4209,"NEAR_DIST":5.3895524421657468}},{"type":"Feature","id":293,"geometry":{"type":"Point","coordinates":[198962.20519999973,1885398.3779000007]},"properties":{"OBJECTID":293,"Asset_ID":"MH293","Name":null,"District_ID":"Dahariz al Shamaliyya","Wlyt_ID":"Salalah","Gov_ID":"Dhofar Governorate","Road_ID":"100003","Mun_ID":" ","Latitude":17.0331397,"Longitude":54.172306810000002,"GlobalID":"{F92A22CE-09E6-4CD1-BFE9-1F1F94D64D10}","NEAR_FID":4209,"NEAR_DIST":7.1995597273775074}},{"type":"Feature","id":294,"geometry":{"type":"Point","coordinates":[198963.56309999991,1885347.6993000004]},"properties":{"OBJECTID":294,"Asset_ID":"MH294","Name":null,"District_ID":"Dahariz al Shamaliyya","Wlyt_ID":"Salalah","Gov_ID":"Dhofar Governorate","Road_ID":"100003","Mun_ID":" ","Latitude":17.03268233,"Longitude":54.172326439999999,"GlobalID":"{744999F5-E399-4A04-9E52-BDEE94A99866}","NEAR_FID":4209,"NEAR_DIST":5.5393533712569658}},{"type":"Feature","id":295,"geometry":{"type":"Point","coordinates":[198966.52139999997,1885293.6088999994]},"properties":{"OBJECTID":295,"Asset_ID":"MH295","Name":null,"District_ID":"Dahariz al Shamaliyya","Wlyt_ID":"Salalah","Gov_ID":"Dhofar Governorate","Road_ID":"100003","Mun_ID":"RMH(13)","Latitude":17.032194359999998,"Longitude":54.172361539999997,"GlobalID":"{16E8D861-D616-4ED1-9F8C-FD77C0F3354A}","NEAR_FID":15982,"NEAR_DIST":3.552970427987117}},{"type":"Feature","id":296,"geometry":{"type":"Point","coordinates":[198972.78509999998,1885193.7963999994]},"properties":{"OBJECTID":296,"Asset_ID":"MH296","Name":null,"District_ID":"Dahariz al Shamaliyya","Wlyt_ID":"Salalah","Gov_ID":"Dhofar Governorate","Road_ID":"100003","Mun_ID":"RMH(11)","Latitude":17.031294030000002,"Longitude":54.17243388,"GlobalID":"{DA552610-FC40-44A1-9A6D-65D008AE72CE}","NEAR_FID":4797,"NEAR_DIST":5.6276171818877527}},{"type":"Feature","id":297,"geometry":{"type":"Point","coordinates":[198972.58729999978,1884688.6890999991]},"properties":{"OBJECTID":297,"Asset_ID":"MH297","Name":null,"District_ID":"Dahariz al Shamaliyya","Wlyt_ID":"Salalah","Gov_ID":"Dhofar Governorate","Road_ID":"100003","Mun_ID":"LMH(1)","Latitude":17.026733660000001,"Longitude":54.172500589999999,"GlobalID":"{C04B6823-5BBA-490A-A146-FB2B114C14E5}","NEAR_FID":16186,"NEAR_DIST":10.469784852107308}},{"type":"Feature","id":298,"geometry":{"type":"Point","coordinates":[198971.69710000046,1884743.1663000006]},"properties":{"OBJECTID":298,"Asset_ID":"MH298","Name":null,"District_ID":"Dahariz al Shamaliyya","Wlyt_ID":"Salalah","Gov_ID":"Dhofar Governorate","Road_ID":"100003","Mun_ID":"LMH(2)","Latitude":17.027228000000001,"Longitude":54.17248223,"GlobalID":"{4D12D014-F474-4E8F-860E-12F550D6CB51}","NEAR_FID":16186,"NEAR_DIST":8.0608320590146381}},{"type":"Feature","id":299,"geometry":{"type":"Point","coordinates":[195883.44680000003,1884789.2548999991]},"properties":{"OBJECTID":299,"Asset_ID":"MH299","Name":null,"District_ID":"Dahariz al Shamaliyya","Wlyt_ID":"Salalah","Gov_ID":"Dhofar Governorate","Road_ID":"100001","Mun_ID":" ","Latitude":17.027236179999999,"Longitude":54.14349713,"GlobalID":"{136868CD-26E7-4C4B-8101-68C3F6392D69}","NEAR_FID":8084,"NEAR_DIST":6.1015442907526465}},{"type":"Feature","id":300,"geometry":{"type":"Point","coordinates":[195884.20409999974,1884734.3691000007]},"properties":{"OBJECTID":300,"Asset_ID":"MH300","Name":null,"District_ID":"Dahariz al Shamaliyya","Wlyt_ID":"Salalah","Gov_ID":"Dhofar Governorate","Road_ID":"100001","Mun_ID":" ","Latitude":17.026740759999999,"Longitude":54.143511760000003,"GlobalID":"{79BC0C6F-905A-40C9-88E1-26769CB7592A}","NEAR_FID":16743,"NEAR_DIST":8.0795736968241005}},{"type":"Feature","id":301,"geometry":{"type":"Point","coordinates":[195882.43699999992,1884820.9318000004]},"properties":{"OBJECTID":301,"Asset_ID":"MH301","Name":null,"District_ID":"Dahariz al Shamaliyya","Wlyt_ID":"Salalah","Gov_ID":"Dhofar Governorate","Road_ID":"100001","Mun_ID":" ","Latitude":17.02752203,"Longitude":54.143483310000001,"GlobalID":"{0B154675-118A-44B1-AE28-FB6E7FE730C5}","NEAR_FID":8084,"NEAR_DIST":5.9191507393646203}},{"type":"Feature","id":302,"geometry":{"type":"Point","coordinates":[195880.6782999998,1884851.2190000005]},"properties":{"OBJECTID":302,"Asset_ID":"MH302","Name":null,"District_ID":"Dahariz al Shamaliyya","Wlyt_ID":"Salalah","Gov_ID":"Dhofar Governorate","Road_ID":"100001","Mun_ID":" ","Latitude":17.02779524,"Longitude":54.143462649999996,"GlobalID":"{63B46815-799E-4582-BBEA-08E47A6DAD52}","NEAR_FID":8084,"NEAR_DIST":5.9483032233882627}},{"type":"Feature","id":303,"geometry":{"type":"Point","coordinates":[195878.69460000005,1884880.9715]},"properties":{"OBJECTID":303,"Asset_ID":"MH303","Name":null,"District_ID":"Dahariz al Shamaliyya","Wlyt_ID":"Salalah","Gov_ID":"Dhofar Governorate","Road_ID":"100001","Mun_ID":" ","Latitude":17.028063589999999,"Longitude":54.143439960000002,"GlobalID":"{925434D8-50D2-42B7-AE4A-19D779AACACF}","NEAR_FID":8084,"NEAR_DIST":5.8888034024665128}},{"type":"Feature","id":304,"geometry":{"type":"Point","coordinates":[195876.41860000044,1884910.8101000004]},"properties":{"OBJECTID":304,"Asset_ID":"MH304","Name":null,"District_ID":"Dahariz al Shamaliyya","Wlyt_ID":"Salalah","Gov_ID":"Dhofar Governorate","Road_ID":"100001","Mun_ID":" ","Latitude":17.028332679999998,"Longitude":54.143414509999999,"GlobalID":"{CA278395-7981-4627-988B-882D2F9C52D6}","NEAR_FID":6679,"NEAR_DIST":6.1229763956053249}},{"type":"Feature","id":305,"geometry":{"type":"Point","coordinates":[195869.76360000018,1884970.3111000005]},"properties":{"OBJECTID":305,"Asset_ID":"MH305","Name":null,"District_ID":"Dahariz al Shamaliyya","Wlyt_ID":"Salalah","Gov_ID":"Dhofar Governorate","Road_ID":"100001","Mun_ID":" ","Latitude":17.028868989999999,"Longitude":54.143343889999997,"GlobalID":"{8BBFFBAD-3C3C-4AEC-A79B-C1E9EF8DC136}","NEAR_FID":4319,"NEAR_DIST":5.9803130489339056}},{"type":"Feature","id":306,"geometry":{"type":"Point","coordinates":[195860.73359999992,1885030.9926999994]},"properties":{"OBJECTID":306,"Asset_ID":"MH306","Name":null,"District_ID":"Dahariz al Shamaliyya","Wlyt_ID":"Salalah","Gov_ID":"Dhofar Governorate","Road_ID":"100001","Mun_ID":" ","Latitude":17.029415650000001,"Longitude":54.143250829999999,"GlobalID":"{6ED959F3-7D0A-4F4D-AF63-8CD10E2EBDDD}","NEAR_FID":4319,"NEAR_DIST":6.125046721827923}},{"type":"Feature","id":307,"geometry":{"type":"Point","coordinates":[195855.38410000037,1885059.4776000008]},"properties":{"OBJECTID":307,"Asset_ID":"MH307","Name":null,"District_ID":"Dahariz al Shamaliyya","Wlyt_ID":"Salalah","Gov_ID":"Dhofar Governorate","Road_ID":"100001","Mun_ID":" ","Latitude":17.02967211,"Longitude":54.143196719999999,"GlobalID":"{00D23553-4BC5-478D-8482-F3A9EEFF6C74}","NEAR_FID":4319,"NEAR_DIST":5.3660546662775603}},{"type":"Feature","id":308,"geometry":{"type":"Point","coordinates":[195849.29030000046,1885090.0530999992]},"properties":{"OBJECTID":308,"Asset_ID":"MH308","Name":null,"District_ID":"Dahariz al Shamaliyya","Wlyt_ID":"Salalah","Gov_ID":"Dhofar Governorate","Road_ID":"100001","Mun_ID":" ","Latitude":17.02994735,"Longitude":54.143135340000001,"GlobalID":"{96C0064B-A513-4DB4-8A9A-254BA676D11A}","NEAR_FID":4319,"NEAR_DIST":6.0348005604779669}},{"type":"Feature","id":309,"geometry":{"type":"Point","coordinates":[195842.42640000023,1885120.2134000007]},"properties":{"OBJECTID":309,"Asset_ID":"MH309","Name":null,"District_ID":"Dahariz al Shamaliyya","Wlyt_ID":"Salalah","Gov_ID":"Dhofar Governorate","Road_ID":"100001","Mun_ID":" ","Latitude":17.030218739999999,"Longitude":54.143066789999999,"GlobalID":"{EA2BCD1A-E4BA-47BD-9594-8BDCACE2EC3E}","NEAR_FID":4319,"NEAR_DIST":6.215026379405435}},{"type":"Feature","id":310,"geometry":{"type":"Point","coordinates":[195835.18890000042,1885149.5185000002]},"properties":{"OBJECTID":310,"Asset_ID":"MH310","Name":null,"District_ID":"Dahariz al Shamaliyya","Wlyt_ID":"Salalah","Gov_ID":"Dhofar Governorate","Road_ID":"100001","Mun_ID":" ","Latitude":17.03048235,"Longitude":54.142994850000001,"GlobalID":"{1BB6D11D-E8A4-4C94-854C-5178BB5A32C8}","NEAR_FID":4319,"NEAR_DIST":6.4762872124385007}},{"type":"Feature","id":311,"geometry":{"type":"Point","coordinates":[195827.47140000015,1885178.6567000002]},"properties":{"OBJECTID":311,"Asset_ID":"MH311","Name":null,"District_ID":"Dahariz al Shamaliyya","Wlyt_ID":"Salalah","Gov_ID":"Dhofar Governorate","Road_ID":"100001","Mun_ID":" ","Latitude":17.0307444,"Longitude":54.142918430000002,"GlobalID":"{C436A7F2-34AA-4EA2-96BB-75B161876946}","NEAR_FID":4319,"NEAR_DIST":6.3077287790635266}},{"type":"Feature","id":312,"geometry":{"type":"Point","coordinates":[195819.86950000003,1885208.2170000002]},"properties":{"OBJECTID":312,"Asset_ID":"MH312","Name":null,"District_ID":"Dahariz al Shamaliyya","Wlyt_ID":"Salalah","Gov_ID":"Dhofar Governorate","Road_ID":"100001","Mun_ID":" ","Latitude":17.031010269999999,"Longitude":54.142843030000002,"GlobalID":"{2637ADE0-0FA2-48E4-9FDA-4A45E9B920E1}","NEAR_FID":4319,"NEAR_DIST":6.3918093830446576}},{"type":"Feature","id":313,"geometry":{"type":"Point","coordinates":[195812.03390000015,1885237.5833000001]},"properties":{"OBJECTID":313,"Asset_ID":"MH313","Name":null,"District_ID":"Dahariz al Shamaliyya","Wlyt_ID":"Salalah","Gov_ID":"Dhofar Governorate","Road_ID":"100001","Mun_ID":" ","Latitude":17.031274369999998,"Longitude":54.142765470000001,"GlobalID":"{6E6EAA6C-DDD7-4C0C-A24A-636B49580D71}","NEAR_FID":4319,"NEAR_DIST":6.7236523647360951}},{"type":"Feature","id":314,"geometry":{"type":"Point","coordinates":[195802.43499999959,1885284.8048999999]},"properties":{"OBJECTID":314,"Asset_ID":"MH314","Name":null,"District_ID":"Dahariz al Shamaliyya","Wlyt_ID":"Salalah","Gov_ID":"Dhofar Governorate","Road_ID":"100001","Mun_ID":" ","Latitude":17.03169943,"Longitude":54.142668909999998,"GlobalID":"{F0427D55-C793-4135-8A99-B50254E22BAC}","NEAR_FID":12443,"NEAR_DIST":7.0746979741567255}},{"type":"Feature","id":315,"geometry":{"type":"Point","coordinates":[195780.08579999954,1885292.7865999993]},"properties":{"OBJECTID":315,"Asset_ID":"MH315","Name":null,"District_ID":"al Robat","Wlyt_ID":"Salalah","Gov_ID":"Dhofar Governorate","Road_ID":"100418","Mun_ID":" ","Latitude":17.031768540000002,"Longitude":54.142458079999997,"GlobalID":"{84B58B5D-BA51-4DE3-8FC8-8A97EF425B2E}","NEAR_FID":10702,"NEAR_DIST":7.579837277759685}},{"type":"Feature","id":316,"geometry":{"type":"Point","coordinates":[195796.10869999975,1885297.2808999997]},"properties":{"OBJECTID":316,"Asset_ID":"MH316","Name":null,"District_ID":"Dahariz al Shamaliyya","Wlyt_ID":"Salalah","Gov_ID":"Dhofar Governorate","Road_ID":"100001","Mun_ID":" ","Latitude":17.031811229999999,"Longitude":54.142607830000003,"GlobalID":"{F8DE9CC8-6425-4C60-95B0-D80FC766BFBB}","NEAR_FID":9008,"NEAR_DIST":5.2591308528037111}},{"type":"Feature","id":317,"geometry":{"type":"Point","coordinates":[195812.05339999963,1885305.6049000006]},"properties":{"OBJECTID":317,"Asset_ID":"MH317","Name":null,"District_ID":"Dahariz al Shamaliyya","Wlyt_ID":"Salalah","Gov_ID":"Dhofar Governorate","Road_ID":"100001","Mun_ID":" ","Latitude":17.031888479999999,"Longitude":54.142756319999997,"GlobalID":"{6DACF555-8D5B-4F94-8411-77BABA78FBE9}","NEAR_FID":14100,"NEAR_DIST":6.7184832805719825}},{"type":"Feature","id":318,"geometry":{"type":"Point","coordinates":[195775.16640000045,1885308.8299000002]},"properties":{"OBJECTID":318,"Asset_ID":"MH318","Name":null,"District_ID":"al Robat","Wlyt_ID":"Salalah","Gov_ID":"Dhofar Governorate","Road_ID":"102645","Mun_ID":" ","Latitude":17.031912729999998,"Longitude":54.142409720000003,"GlobalID":"{15EA25FA-17FC-4AE5-BCDF-C8BC19FD0A2D}","NEAR_FID":9226,"NEAR_DIST":6.454693105157598}},{"type":"Feature","id":319,"geometry":{"type":"Point","coordinates":[195776.76709999982,1885311.2809999995]},"properties":{"OBJECTID":319,"Asset_ID":"MH319","Name":null,"District_ID":"al Robat","Wlyt_ID":"Salalah","Gov_ID":"Dhofar Governorate","Road_ID":"102645","Mun_ID":" ","Latitude":17.031935069999999,"Longitude":54.142424400000003,"GlobalID":"{77185991-1968-476B-8BF5-0B8162C26A2A}","NEAR_FID":9226,"NEAR_DIST":6.8523179476899454}},{"type":"Feature","id":320,"geometry":{"type":"Point","coordinates":[195808.80979999993,1885330.6554000005]},"properties":{"OBJECTID":320,"Asset_ID":"MH320","Name":null,"District_ID":"Dahariz al Shamaliyya","Wlyt_ID":"Salalah","Gov_ID":"Dhofar Governorate","Road_ID":"102645","Mun_ID":" ","Latitude":17.03211422,"Longitude":54.142722450000001,"GlobalID":"{BD765DB0-4162-49A5-8BF6-D9633D542C94}","NEAR_FID":6949,"NEAR_DIST":6.8094317417189449}},{"type":"Feature","id":321,"geometry":{"type":"Point","coordinates":[195809.66959999967,1885324.6370000001]},"properties":{"OBJECTID":321,"Asset_ID":"MH321","Name":null,"District_ID":"Dahariz al Shamaliyya","Wlyt_ID":"Salalah","Gov_ID":"Dhofar Governorate","Road_ID":"100418","Mun_ID":" ","Latitude":17.03205999,"Longitude":54.142731339999997,"GlobalID":"{383D4DC9-BD61-49FE-A21B-B2E46B9FA329}","NEAR_FID":5009,"NEAR_DIST":6.7026746936983557}},{"type":"Feature","id":322,"geometry":{"type":"Point","coordinates":[195815.02350000013,1885314.8670000006]},"properties":{"OBJECTID":322,"Asset_ID":"MH322","Name":null,"District_ID":"Dahariz al Shamaliyya","Wlyt_ID":"Salalah","Gov_ID":"Dhofar Governorate","Road_ID":"100418","Mun_ID":" ","Latitude":17.031972490000001,"Longitude":54.142782930000003,"GlobalID":"{D0A63C4A-2BAA-48C6-823F-A71C790ACDB9}","NEAR_FID":5009,"NEAR_DIST":4.4310510419510738}},{"type":"Feature","id":323,"geometry":{"type":"Point","coordinates":[195737.80099999998,1885363.7953999992]},"properties":{"OBJECTID":323,"Asset_ID":"MH323","Name":null,"District_ID":"Jerziz Farm","Wlyt_ID":"Salalah","Gov_ID":"Dhofar Governorate","Road_ID":"102645","Mun_ID":" ","Latitude":17.032404039999999,"Longitude":54.142051520000003,"GlobalID":"{9CF5DD62-3B90-4146-96DF-A5B584ED80AD}","NEAR_FID":14968,"NEAR_DIST":4.8816525023836919}},{"type":"Feature","id":324,"geometry":{"type":"Point","coordinates":[195798.92250000034,1885383.2964999992]},"properties":{"OBJECTID":324,"Asset_ID":"MH324","Name":null,"District_ID":"al Sada al Janubiyya","Wlyt_ID":"Salalah","Gov_ID":"Dhofar Governorate","Road_ID":"100418","Mun_ID":" ","Latitude":17.03258817,"Longitude":54.142622439999997,"GlobalID":"{9435EC2D-4825-4CFD-B656-D639814B304B}","NEAR_FID":9074,"NEAR_DIST":5.8979198958430219}},{"type":"Feature","id":325,"geometry":{"type":"Point","coordinates":[195795.6007000003,1885377.3563000001]},"properties":{"OBJECTID":325,"Asset_ID":"MH325","Name":null,"District_ID":"al Sada al Janubiyya","Wlyt_ID":"Salalah","Gov_ID":"Dhofar Governorate","Road_ID":"102645","Mun_ID":" ","Latitude":17.032534099999999,"Longitude":54.14259208,"GlobalID":"{D9A21FE2-DDAA-4E5C-9FD3-BEE81FF1BFF7}","NEAR_FID":4682,"NEAR_DIST":10.03540654744285}},{"type":"Feature","id":326,"geometry":{"type":"Point","coordinates":[195773.67669999972,1885368.5632000007]},"properties":{"OBJECTID":326,"Asset_ID":"MH326","Name":null,"District_ID":"Jerziz Farm","Wlyt_ID":"Salalah","Gov_ID":"Dhofar Governorate","Road_ID":"102645","Mun_ID":" ","Latitude":17.032451819999999,"Longitude":54.142387540000001,"GlobalID":"{4793086A-F9E8-4138-9742-15563594FFAB}","NEAR_FID":6146,"NEAR_DIST":9.427709320159348}},{"type":"Feature","id":327,"geometry":{"type":"Point","coordinates":[195997.66500000004,1885447.3954000007]},"properties":{"OBJECTID":327,"Asset_ID":"MH327","Name":null,"District_ID":"Dahariz al Shamaliyya","Wlyt_ID":"Salalah","Gov_ID":"Dhofar Governorate","Road_ID":"100124","Mun_ID":" ","Latitude":17.033193090000001,"Longitude":54.144478759999998,"GlobalID":"{2B69B821-6C98-4F6E-90F7-1D8D8908408E}","NEAR_FID":13723,"NEAR_DIST":3.421310121020761}},{"type":"Feature","id":328,"geometry":{"type":"Point","coordinates":[196168.58000000007,1885560.0563999992]},"properties":{"OBJECTID":328,"Asset_ID":"MH328","Name":null,"District_ID":"Dahariz al Shamaliyya","Wlyt_ID":"Salalah","Gov_ID":"Dhofar Governorate","Road_ID":"100124","Mun_ID":" ","Latitude":17.034232759999998,"Longitude":54.146067289999998,"GlobalID":"{61503FB1-D271-41F8-A5A9-BADFD8574D18}","NEAR_FID":13723,"NEAR_DIST":6.034101920668661}},{"type":"Feature","id":329,"geometry":{"type":"Point","coordinates":[196108.24990000017,1885516.3964000009]},"properties":{"OBJECTID":329,"Asset_ID":"MH329","Name":null,"District_ID":"Dahariz al Shamaliyya","Wlyt_ID":"Salalah","Gov_ID":"Dhofar Governorate","Road_ID":"100124","Mun_ID":" ","Latitude":17.033830630000001,"Longitude":54.145507100000003,"GlobalID":"{DFBFCBF4-2D68-464B-B15E-7AC3F9A9DC9D}","NEAR_FID":13723,"NEAR_DIST":5.9460252591387013}},{"type":"Feature","id":330,"geometry":{"type":"Point","coordinates":[196244.90859999973,1885615.5014999993]},"properties":{"OBJECTID":330,"Asset_ID":"MH330","Name":null,"District_ID":"Dahariz al Shamaliyya","Wlyt_ID":"Salalah","Gov_ID":"Dhofar Governorate","Road_ID":"100124","Mun_ID":" ","Latitude":17.0347434,"Longitude":54.146776010000004,"GlobalID":"{2DED69F6-8C09-4AB6-8846-077C93EBDF26}","NEAR_FID":13723,"NEAR_DIST":5.4636931737312127}},{"type":"Feature","id":331,"geometry":{"type":"Point","coordinates":[196246.06879999954,1885636.0797000006]},"properties":{"OBJECTID":331,"Asset_ID":"MH331","Name":null,"District_ID":"Dahariz al Shamaliyya","Wlyt_ID":"Salalah","Gov_ID":"Dhofar Governorate","Road_ID":"100418","Mun_ID":" ","Latitude":17.034929330000001,"Longitude":54.146784080000003,"GlobalID":"{7CBED7C3-6BB0-47B8-8DFA-6B4EC3F37424}","NEAR_FID":9827,"NEAR_DIST":7.6990262698230882}},{"type":"Feature","id":332,"geometry":{"type":"Point","coordinates":[196205.52309999987,1885606.2809999995]},"properties":{"OBJECTID":332,"Asset_ID":"MH332","Name":null,"District_ID":"Dahariz al Shamaliyya","Wlyt_ID":"Salalah","Gov_ID":"Dhofar Governorate","Road_ID":"100418","Mun_ID":" ","Latitude":17.034654960000001,"Longitude":54.146407660000001,"GlobalID":"{39B785B1-7A33-4595-83EE-A0447F1BC6F9}","NEAR_FID":9827,"NEAR_DIST":7.5227422182972479}},{"type":"Feature","id":333,"geometry":{"type":"Point","coordinates":[196165.34370000008,1885577.0929000005]},"properties":{"OBJECTID":333,"Asset_ID":"MH333","Name":null,"District_ID":"Dahariz al Shamaliyya","Wlyt_ID":"Salalah","Gov_ID":"Dhofar Governorate","Road_ID":"100418","Mun_ID":" ","Latitude":17.034386139999999,"Longitude":54.146034579999998,"GlobalID":"{FF249C4C-705C-473D-B758-8113B0908ECB}","NEAR_FID":9827,"NEAR_DIST":7.1390193693215434}},{"type":"Feature","id":334,"geometry":{"type":"Point","coordinates":[196124.85900000017,1885547.4773999993]},"properties":{"OBJECTID":334,"Asset_ID":"MH334","Name":null,"District_ID":"Dahariz al Shamaliyya","Wlyt_ID":"Salalah","Gov_ID":"Dhofar Governorate","Road_ID":"100418","Mun_ID":" ","Latitude":17.034113430000001,"Longitude":54.145658709999999,"GlobalID":"{C09772EF-EC2D-4887-A443-44973A56B83A}","NEAR_FID":9827,"NEAR_DIST":7.2160902854659721}},{"type":"Feature","id":335,"geometry":{"type":"Point","coordinates":[196084.59900000039,1885517.8497000001]},"properties":{"OBJECTID":335,"Asset_ID":"MH335","Name":null,"District_ID":"Dahariz al Shamaliyya","Wlyt_ID":"Salalah","Gov_ID":"Dhofar Governorate","Road_ID":"100418","Mun_ID":" ","Latitude":17.03384063,"Longitude":54.145284940000003,"GlobalID":"{420D1B1B-991C-4A1A-B411-555673F2D9C0}","NEAR_FID":9827,"NEAR_DIST":7.4354059385999998}},{"type":"Feature","id":336,"geometry":{"type":"Point","coordinates":[196044.31709999964,1885488.3685999997]},"properties":{"OBJECTID":336,"Asset_ID":"MH336","Name":null,"District_ID":"Dahariz al Shamaliyya","Wlyt_ID":"Salalah","Gov_ID":"Dhofar Governorate","Road_ID":"100418","Mun_ID":" ","Latitude":17.033569159999999,"Longitude":54.144910950000003,"GlobalID":"{724E8CE7-8337-4681-BA57-541757639230}","NEAR_FID":9827,"NEAR_DIST":7.2143993751553195}},{"type":"Feature","id":337,"geometry":{"type":"Point","coordinates":[195997.35969999991,1885451.5477000009]},"properties":{"OBJECTID":337,"Asset_ID":"MH337","Name":null,"District_ID":"Dahariz al Shamaliyya","Wlyt_ID":"Salalah","Gov_ID":"Dhofar Governorate","Road_ID":"100124","Mun_ID":" ","Latitude":17.033230540000002,"Longitude":54.144475329999999,"GlobalID":"{C8B8F3CE-0653-4AFC-81CE-BBEA6F799898}","NEAR_FID":13723,"NEAR_DIST":6.9568302839013807}},{"type":"Feature","id":338,"geometry":{"type":"Point","coordinates":[196286.43140000012,1885665.5120000001]},"properties":{"OBJECTID":338,"Asset_ID":"MH338","Name":null,"District_ID":"Dahariz al Shamaliyya","Wlyt_ID":"Salalah","Gov_ID":"Dhofar Governorate","Road_ID":"100418","Mun_ID":" ","Latitude":17.035200379999999,"Longitude":54.147158840000003,"GlobalID":"{81E589E8-7A7B-4B95-BD0D-745EE4130797}","NEAR_FID":9827,"NEAR_DIST":8.1164031637786298}},{"type":"Feature","id":339,"geometry":{"type":"Point","coordinates":[196326.18329999968,1885695.7992000002]},"properties":{"OBJECTID":339,"Asset_ID":"MH339","Name":null,"District_ID":"Dahariz al Shamaliyya","Wlyt_ID":"Salalah","Gov_ID":"Dhofar Governorate","Road_ID":"100418","Mun_ID":" ","Latitude":17.03547906,"Longitude":54.147527750000002,"GlobalID":"{A8BD2572-6BDC-4D0F-A893-F46A2DC4AFD1}","NEAR_FID":9827,"NEAR_DIST":7.545318112925143}},{"type":"Feature","id":340,"geometry":{"type":"Point","coordinates":[196369.06410000008,1885722.8647000007]},"properties":{"OBJECTID":340,"Asset_ID":"MH340","Name":null,"District_ID":"Dahariz al Shamaliyya","Wlyt_ID":"Salalah","Gov_ID":"Dhofar Governorate","Road_ID":"100418","Mun_ID":" ","Latitude":17.035729060000001,"Longitude":54.147926470000002,"GlobalID":"{F12A569A-1340-4DF2-AFAC-BE17AE1934C1}","NEAR_FID":9827,"NEAR_DIST":9.6033042820640162}},{"type":"Feature","id":341,"geometry":{"type":"Point","coordinates":[196442.14419999998,1885752.5265999995]},"properties":{"OBJECTID":341,"Asset_ID":"MH341","Name":null,"District_ID":"Dahariz al Shamaliyya","Wlyt_ID":"Salalah","Gov_ID":"Dhofar Governorate","Road_ID":"100418","Mun_ID":" ","Latitude":17.036006489999998,"Longitude":54.148608250000002,"GlobalID":"{4A0058EB-7011-478E-B6F0-C0C6A2BA8B04}","NEAR_FID":6050,"NEAR_DIST":4.7387990415197088}},{"type":"Feature","id":342,"geometry":{"type":"Point","coordinates":[196408.26159999985,1885742.8346999995]},"properties":{"OBJECTID":342,"Asset_ID":"MH342","Name":null,"District_ID":"Dahariz al Shamaliyya","Wlyt_ID":"Salalah","Gov_ID":"Dhofar Governorate","Road_ID":"100418","Mun_ID":" ","Latitude":17.035914519999999,"Longitude":54.148291589999999,"GlobalID":"{2AEB9C16-EF5B-4401-AA27-039B2D27D1FA}","NEAR_FID":6050,"NEAR_DIST":5.4108290110937656}},{"type":"Feature","id":343,"geometry":{"type":"Point","coordinates":[196385.82949999999,1885731.9704]},"properties":{"OBJECTID":343,"Asset_ID":"MH343","Name":null,"District_ID":"Dahariz al Shamaliyya","Wlyt_ID":"Salalah","Gov_ID":"Dhofar Governorate","Road_ID":"100418","Mun_ID":" ","Latitude":17.035813480000002,"Longitude":54.148082559999999,"GlobalID":"{86962820-5FFC-413A-8C48-D0FF4D913750}","NEAR_FID":9827,"NEAR_DIST":10.715177028630233}},{"type":"Feature","id":344,"geometry":{"type":"Point","coordinates":[196465.04030000046,1885762.2356000002]},"properties":{"OBJECTID":344,"Asset_ID":"MH344","Name":null,"District_ID":"Dahariz al Shamaliyya","Wlyt_ID":"Salalah","Gov_ID":"Dhofar Governorate","Road_ID":"100418","Mun_ID":" ","Latitude":17.036097160000001,"Longitude":54.14882179,"GlobalID":"{306CCF34-05D9-4766-A14C-3DF14FC4ED7E}","NEAR_FID":6050,"NEAR_DIST":6.3933508973775517}},{"type":"Feature","id":345,"geometry":{"type":"Point","coordinates":[196512.60830000043,1885777.3180999998]},"properties":{"OBJECTID":345,"Asset_ID":"MH345","Name":null,"District_ID":"Dahariz al Shamaliyya","Wlyt_ID":"Salalah","Gov_ID":"Dhofar Governorate","Road_ID":"100418","Mun_ID":" ","Latitude":17.036239590000001,"Longitude":54.149266140000002,"GlobalID":"{C63C25C1-061C-46FD-A138-7DCBE4F1CD6E}","NEAR_FID":15532,"NEAR_DIST":13.964007514002684}},{"type":"Feature","id":346,"geometry":{"type":"Point","coordinates":[196536.13210000005,1885783.0482000001]},"properties":{"OBJECTID":346,"Asset_ID":"MH346","Name":null,"District_ID":"Dahariz al Shamaliyya","Wlyt_ID":"Salalah","Gov_ID":"Dhofar Governorate","Road_ID":"100418","Mun_ID":" ","Latitude":17.036294420000001,"Longitude":54.149486119999999,"GlobalID":"{995D6A1E-9575-4F2C-9519-6C5E8C1AF9C1}","NEAR_FID":15532,"NEAR_DIST":12.726668585570136}},{"type":"Feature","id":347,"geometry":{"type":"Point","coordinates":[196560.66480000038,1885787.7598000001]},"properties":{"OBJECTID":347,"Asset_ID":"MH347","Name":null,"District_ID":"Dahariz al Shamaliyya","Wlyt_ID":"Salalah","Gov_ID":"Dhofar Governorate","Road_ID":"100418","Mun_ID":" ","Latitude":17.036340190000001,"Longitude":54.149715710000002,"GlobalID":"{8C505569-8BA9-462D-8AFB-B750FAAC5E69}","NEAR_FID":15532,"NEAR_DIST":11.527788874584935}},{"type":"Feature","id":348,"geometry":{"type":"Point","coordinates":[196586.00590000022,1885791.2403999995]},"properties":{"OBJECTID":348,"Asset_ID":"MH348","Name":null,"District_ID":"Dahariz al Shamaliyya","Wlyt_ID":"Salalah","Gov_ID":"Dhofar Governorate","Road_ID":"100418","Mun_ID":" ","Latitude":17.036374949999999,"Longitude":54.149953060000001,"GlobalID":"{A9C92962-054A-407C-A515-9582DE7D6526}","NEAR_FID":15532,"NEAR_DIST":10.030863318841343}},{"type":"Feature","id":349,"geometry":{"type":"Point","coordinates":[196612.26290000044,1885793.4386999998]},"properties":{"OBJECTID":349,"Asset_ID":"MH349","Name":null,"District_ID":"Dahariz al Shamaliyya","Wlyt_ID":"Salalah","Gov_ID":"Dhofar Governorate","Road_ID":"100418","Mun_ID":" ","Latitude":17.036398259999999,"Longitude":54.15019917,"GlobalID":"{BDC0593D-E50F-492C-BEB8-C667A2AF8AC7}","NEAR_FID":15532,"NEAR_DIST":8.1413301813423686}},{"type":"Feature","id":350,"geometry":{"type":"Point","coordinates":[196635.4057,1885793.3166000005]},"properties":{"OBJECTID":350,"Asset_ID":"MH350","Name":null,"District_ID":"Dahariz al Shamaliyya","Wlyt_ID":"Salalah","Gov_ID":"Dhofar Governorate","Road_ID":"100418","Mun_ID":" ","Latitude":17.036400199999999,"Longitude":54.150416380000003,"GlobalID":"{907301B9-690A-49FE-B944-3F3B4347D53C}","NEAR_FID":15532,"NEAR_DIST":7.6113584677376664}},{"type":"Feature","id":351,"geometry":{"type":"Point","coordinates":[196660.44149999972,1885792.1564000007]},"properties":{"OBJECTID":351,"Asset_ID":"MH351","Name":null,"District_ID":"Dahariz al Shamaliyya","Wlyt_ID":"Salalah","Gov_ID":"Dhofar Governorate","Road_ID":"100418","Mun_ID":" ","Latitude":17.036393019999998,"Longitude":54.150651500000002,"GlobalID":"{5F69CA0C-AD09-46C7-A9B5-0C2456E82F3E}","NEAR_FID":15532,"NEAR_DIST":7.7959991990457507}},{"type":"Feature","id":352,"geometry":{"type":"Point","coordinates":[196685.45770000014,1885791.2941999994]},"properties":{"OBJECTID":352,"Asset_ID":"MH352","Name":null,"District_ID":"Dahariz al Shamaliyya","Wlyt_ID":"Salalah","Gov_ID":"Dhofar Governorate","Road_ID":"100418","Mun_ID":" ","Latitude":17.03638853,"Longitude":54.150886389999997,"GlobalID":"{F8CD532B-27D0-4C2D-864D-89B67001489F}","NEAR_FID":15532,"NEAR_DIST":7.6836289059326948}},{"type":"Feature","id":353,"geometry":{"type":"Point","coordinates":[196707.70419999957,1885789.9581000004]},"properties":{"OBJECTID":353,"Asset_ID":"MH353","Name":null,"District_ID":"Dahariz al Shamaliyya","Wlyt_ID":"Salalah","Gov_ID":"Dhofar Governorate","Road_ID":"100418","Mun_ID":" ","Latitude":17.036379400000001,"Longitude":54.151095349999999,"GlobalID":"{694EAE80-C58E-4999-A07F-86ECE71FB007}","NEAR_FID":15532,"NEAR_DIST":8.1299691074194289}},{"type":"Feature","id":354,"geometry":{"type":"Point","coordinates":[196760.16980000027,1885784.8568999991]},"properties":{"OBJECTID":354,"Asset_ID":"MH354","Name":null,"District_ID":"Dahariz al Shamaliyya","Wlyt_ID":"Salalah","Gov_ID":"Dhofar Governorate","Road_ID":"100418","Mun_ID":" ","Latitude":17.036340249999999,"Longitude":54.151588429999997,"GlobalID":"{E5F514F5-6A4E-4EA9-861B-E7C514F2E9FB}","NEAR_FID":15532,"NEAR_DIST":10.477724176022166}},{"type":"Feature","id":355,"geometry":{"type":"Point","coordinates":[196785.31510000024,1885782.5694999993]},"properties":{"OBJECTID":355,"Asset_ID":"MH355","Name":null,"District_ID":"Dahariz al Shamaliyya","Wlyt_ID":"Salalah","Gov_ID":"Dhofar Governorate","Road_ID":"100418","Mun_ID":" ","Latitude":17.036322909999999,"Longitude":54.15182472,"GlobalID":"{BBC9EF91-52A9-41BB-8535-7574F6A77C48}","NEAR_FID":15532,"NEAR_DIST":11.445690644916896}},{"type":"Feature","id":356,"geometry":{"type":"Point","coordinates":[196810.04550000001,1885781.4704]},"properties":{"OBJECTID":356,"Asset_ID":"MH356","Name":null,"District_ID":"Dahariz al Shamaliyya","Wlyt_ID":"Salalah","Gov_ID":"Dhofar Governorate","Road_ID":"100418","Mun_ID":" ","Latitude":17.036316240000001,"Longitude":54.152056960000003,"GlobalID":"{732C0DE9-E3EF-4AB6-A781-16C38F8AD8A8}","NEAR_FID":10721,"NEAR_DIST":9.9252283656614217}},{"type":"Feature","id":357,"geometry":{"type":"Point","coordinates":[196835.02029999997,1885779.0278999992]},"properties":{"OBJECTID":357,"Asset_ID":"MH357","Name":null,"District_ID":"Dahariz al Shamaliyya","Wlyt_ID":"Salalah","Gov_ID":"Dhofar Governorate","Road_ID":"100418","Mun_ID":" ","Latitude":17.036297470000001,"Longitude":54.152291679999998,"GlobalID":"{41082D45-EF50-4932-843E-81A3F520904B}","NEAR_FID":10721,"NEAR_DIST":4.9156036299341004}},{"type":"Feature","id":358,"geometry":{"type":"Point","coordinates":[196849.16490000021,1885775.1930999998]},"properties":{"OBJECTID":358,"Asset_ID":"MH358","Name":null,"District_ID":"Dahariz al Shamaliyya","Wlyt_ID":"Salalah","Gov_ID":"Dhofar Governorate","Road_ID":"100418","Mun_ID":" ","Latitude":17.036264710000001,"Longitude":54.152424949999997,"GlobalID":"{BBB87975-C699-4426-A5AA-CBCA595790C0}","NEAR_FID":10721,"NEAR_DIST":4.0594493758256398}},{"type":"Feature","id":359,"geometry":{"type":"Point","coordinates":[196847.30929999985,1885768.2742999997]},"properties":{"OBJECTID":359,"Asset_ID":"MH359","Name":null,"District_ID":"Dahariz al Shamaliyya","Wlyt_ID":"Salalah","Gov_ID":"Dhofar Governorate","Road_ID":"100124","Mun_ID":" ","Latitude":17.036201999999999,"Longitude":54.152408479999998,"GlobalID":"{637FC9D2-E39B-4FF8-96FB-205AC3950B63}","NEAR_FID":18804,"NEAR_DIST":4.7299964873257663}},{"type":"Feature","id":360,"geometry":{"type":"Point","coordinates":[196865.00210000016,1885776.0358000007]},"properties":{"OBJECTID":360,"Asset_ID":"MH360","Name":null,"District_ID":"Dahariz al Shamaliyya","Wlyt_ID":"Salalah","Gov_ID":"Dhofar Governorate","Road_ID":"100418","Mun_ID":" ","Latitude":17.0362744,"Longitude":54.15257347,"GlobalID":"{1219720D-8E7B-42DA-8E77-D3D4CE195098}","NEAR_FID":10721,"NEAR_DIST":2.9424832366471501}},{"type":"Feature","id":361,"geometry":{"type":"Point","coordinates":[196885.50949999969,1885781.6413000003]},"properties":{"OBJECTID":361,"Asset_ID":"MH361","Name":null,"District_ID":"Dahariz al Shamaliyya","Wlyt_ID":"Salalah","Gov_ID":"Dhofar Governorate","Road_ID":"100418","Mun_ID":" ","Latitude":17.036327709999998,"Longitude":54.152765160000001,"GlobalID":"{7A87B405-83E7-4E7C-BF25-2C0D1C4EFAB8}","NEAR_FID":9785,"NEAR_DIST":7.8450204712450979}},{"type":"Feature","id":362,"geometry":{"type":"Point","coordinates":[196860.10730000027,1885782.8918999992]},"properties":{"OBJECTID":362,"Asset_ID":"MH362","Name":null,"District_ID":"Dahariz al Shamaliyya","Wlyt_ID":"Salalah","Gov_ID":"Dhofar Governorate","Road_ID":"100418","Mun_ID":" ","Latitude":17.036335659999999,"Longitude":54.152526590000001,"GlobalID":"{0A8CBFC8-16CA-4773-92D0-05FF7A592F8F}","NEAR_FID":10721,"NEAR_DIST":7.1786890583054168}},{"type":"Feature","id":363,"geometry":{"type":"Point","coordinates":[196910.20820000023,1885780.4689000007]},"properties":{"OBJECTID":363,"Asset_ID":"MH363","Name":null,"District_ID":"Dahariz al Shamaliyya","Wlyt_ID":"Salalah","Gov_ID":"Dhofar Governorate","Road_ID":"100418","Mun_ID":" ","Latitude":17.036320369999999,"Longitude":54.152997110000001,"GlobalID":"{A2DDDB91-0CE1-43FA-9976-98C09839B30D}","NEAR_FID":9785,"NEAR_DIST":8.0903497541716476}},{"type":"Feature","id":364,"geometry":{"type":"Point","coordinates":[196935.37590000033,1885779.3355999999]},"properties":{"OBJECTID":364,"Asset_ID":"MH364","Name":null,"District_ID":"Dahariz al Shamaliyya","Wlyt_ID":"Salalah","Gov_ID":"Dhofar Governorate","Road_ID":"100418","Mun_ID":" ","Latitude":17.036313450000002,"Longitude":54.153233460000003,"GlobalID":"{610BE711-6D11-462F-9429-82E664D5F133}","NEAR_FID":9785,"NEAR_DIST":8.2790181931410345}},{"type":"Feature","id":365,"geometry":{"type":"Point","coordinates":[196960.06049999967,1885778.2289000005]},"properties":{"OBJECTID":365,"Asset_ID":"MH365","Name":null,"District_ID":"Dahariz al Shamaliyya","Wlyt_ID":"Salalah","Gov_ID":"Dhofar Governorate","Road_ID":"100418","Mun_ID":" ","Latitude":17.036306710000002,"Longitude":54.153465269999998,"GlobalID":"{A88EEA45-3DD3-4D96-9AE9-1D8D9455000A}","NEAR_FID":9785,"NEAR_DIST":8.3995652500232545}},{"type":"Feature","id":366,"geometry":{"type":"Point","coordinates":[196985.35709999967,1885774.5702999998]},"properties":{"OBJECTID":366,"Asset_ID":"MH366","Name":null,"District_ID":"Dahariz al Shamaliyya","Wlyt_ID":"Salalah","Gov_ID":"Dhofar Governorate","Road_ID":"100418","Mun_ID":" ","Latitude":17.036276999999998,"Longitude":54.153703180000001,"GlobalID":"{1E79005D-7729-4C57-B18F-7765B4E2EFAA}","NEAR_FID":9785,"NEAR_DIST":10.598230167259915}},{"type":"Feature","id":367,"geometry":{"type":"Point","coordinates":[197009.9654000001,1885773.5932999998]},"properties":{"OBJECTID":367,"Asset_ID":"MH367","Name":null,"District_ID":"Dahariz al Shamaliyya","Wlyt_ID":"Salalah","Gov_ID":"Dhofar Governorate","Road_ID":"100418","Mun_ID":" ","Latitude":17.036271419999998,"Longitude":54.153934249999999,"GlobalID":"{83750861-122D-4475-8C4D-CCF7288F2A9E}","NEAR_FID":9785,"NEAR_DIST":10.159286804092858}},{"type":"Feature","id":368,"geometry":{"type":"Point","coordinates":[197036.43740000017,1885765.6184]},"properties":{"OBJECTID":368,"Asset_ID":"MH368","Name":null,"District_ID":"Dahariz al Shamaliyya","Wlyt_ID":"Salalah","Gov_ID":"Dhofar Governorate","Road_ID":"100124","Mun_ID":" ","Latitude":17.036202899999999,"Longitude":54.154183779999997,"GlobalID":"{654287A8-8BCC-4EC4-8D52-A848D7DA181E}","NEAR_FID":16209,"NEAR_DIST":10.501745802459851}},{"type":"Feature","id":369,"geometry":{"type":"Point","coordinates":[197035.81209999975,1885759.0920000002]},"properties":{"OBJECTID":369,"Asset_ID":"MH369","Name":null,"District_ID":"Dahariz al Shamaliyya","Wlyt_ID":"Salalah","Gov_ID":"Dhofar Governorate","Road_ID":"100124","Mun_ID":" ","Latitude":17.036143899999999,"Longitude":54.154178799999997,"GlobalID":"{DE2556F7-BBC7-49C2-B248-00513597F3EC}","NEAR_FID":16209,"NEAR_DIST":3.9529635132555003}},{"type":"Feature","id":370,"geometry":{"type":"Point","coordinates":[197057.18900000025,1885764.5633000005]},"properties":{"OBJECTID":370,"Asset_ID":"MH370","Name":null,"District_ID":"Dahariz al Shamaliyya","Wlyt_ID":"Salalah","Gov_ID":"Dhofar Governorate","Road_ID":"100124","Mun_ID":" ","Latitude":17.036196100000002,"Longitude":54.15437867,"GlobalID":"{9E637A23-3005-4A89-845C-DD6E1A5308EB}","NEAR_FID":16209,"NEAR_DIST":10.436666243665044}},{"type":"Feature","id":371,"geometry":{"type":"Point","coordinates":[197035.06960000005,1885772.3402999993]},"properties":{"OBJECTID":371,"Asset_ID":"MH371","Name":null,"District_ID":"Dahariz al Shamaliyya","Wlyt_ID":"Salalah","Gov_ID":"Dhofar Governorate","Road_ID":"100418","Mun_ID":" ","Latitude":17.03626341,"Longitude":54.154170020000002,"GlobalID":"{6F39445B-5532-4FFC-96D5-A287CBF9B337}","NEAR_FID":9785,"NEAR_DIST":9.967386045857884}},{"type":"Feature","id":372,"geometry":{"type":"Point","coordinates":[197098.65309999976,1885762.6483999994]},"properties":{"OBJECTID":372,"Asset_ID":"MH372","Name":null,"District_ID":"Dahariz al Shamaliyya","Wlyt_ID":"Salalah","Gov_ID":"Dhofar Governorate","Road_ID":"100124","Mun_ID":" ","Latitude":17.03618427,"Longitude":54.154768070000003,"GlobalID":"{BBCF99DC-85DB-4240-9CD8-296E0CE6F677}","NEAR_FID":16209,"NEAR_DIST":10.499722148183066}},{"type":"Feature","id":373,"geometry":{"type":"Point","coordinates":[197117.68520000018,1885761.7495000008]},"properties":{"OBJECTID":373,"Asset_ID":"MH373","Name":null,"District_ID":"Dahariz al Shamaliyya","Wlyt_ID":"Salalah","Gov_ID":"Dhofar Governorate","Road_ID":"100124","Mun_ID":" ","Latitude":17.03617865,"Longitude":54.154946809999998,"GlobalID":"{5E3BCADB-DC10-427D-B616-CCBD3DA2FABE}","NEAR_FID":16209,"NEAR_DIST":10.508730305635448}},{"type":"Feature","id":374,"geometry":{"type":"Point","coordinates":[197117.41160000023,1885755.5357000008]},"properties":{"OBJECTID":374,"Asset_ID":"MH374","Name":null,"District_ID":"Dahariz al Shamaliyya","Wlyt_ID":"Salalah","Gov_ID":"Dhofar Governorate","Road_ID":"100124","Mun_ID":" ","Latitude":17.036122519999999,"Longitude":54.154945089999998,"GlobalID":"{331F07A0-FF7A-4F9D-B6E1-936A66569F35}","NEAR_FID":16209,"NEAR_DIST":4.2889515695504867}},{"type":"Feature","id":375,"geometry":{"type":"Point","coordinates":[197224.49149999954,1885760.9287999999]},"properties":{"OBJECTID":375,"Asset_ID":"MH375","Name":null,"District_ID":"Dahariz al Shamaliyya","Wlyt_ID":"Salalah","Gov_ID":"Dhofar Governorate","Road_ID":"100418","Mun_ID":" ","Latitude":17.036185280000002,"Longitude":54.155949280000002,"GlobalID":"{CB20F1F3-A8B8-41CD-8ECE-E0132F6679A8}","NEAR_FID":10701,"NEAR_DIST":4.3447158449613372}},{"type":"Feature","id":376,"geometry":{"type":"Point","coordinates":[197209.64099999983,1885766.7127]},"properties":{"OBJECTID":376,"Asset_ID":"MH376","Name":null,"District_ID":"Dahariz al Shamaliyya","Wlyt_ID":"Salalah","Gov_ID":"Dhofar Governorate","Road_ID":"100418","Mun_ID":" ","Latitude":17.036235550000001,"Longitude":54.155809120000001,"GlobalID":"{7087F411-BDC0-4C40-9928-8C78B01059D4}","NEAR_FID":9785,"NEAR_DIST":7.9846118186216772}},{"type":"Feature","id":377,"geometry":{"type":"Point","coordinates":[197234.92590000015,1885765.6965999994]},"properties":{"OBJECTID":377,"Asset_ID":"MH377","Name":null,"District_ID":"Dahariz al Shamaliyya","Wlyt_ID":"Salalah","Gov_ID":"Dhofar Governorate","Road_ID":"100418","Mun_ID":" ","Latitude":17.0362297,"Longitude":54.156046549999999,"GlobalID":"{2DB69AE8-8C4B-4449-AAE2-09A3D224448C}","NEAR_FID":10701,"NEAR_DIST":5.5785905932698912}},{"type":"Feature","id":378,"geometry":{"type":"Point","coordinates":[197185.03270000033,1885767.9755000006]},"properties":{"OBJECTID":378,"Asset_ID":"MH378","Name":null,"District_ID":"Dahariz al Shamaliyya","Wlyt_ID":"Salalah","Gov_ID":"Dhofar Governorate","Road_ID":"100418","Mun_ID":" ","Latitude":17.036243710000001,"Longitude":54.155577999999998,"GlobalID":"{89729194-4BAF-44A9-AE67-8D6E682CDB4F}","NEAR_FID":9785,"NEAR_DIST":7.6720042025345903}},{"type":"Feature","id":379,"geometry":{"type":"Point","coordinates":[197160.00910000037,1885768.9792999998]},"properties":{"OBJECTID":379,"Asset_ID":"MH379","Name":null,"District_ID":"Dahariz al Shamaliyya","Wlyt_ID":"Salalah","Gov_ID":"Dhofar Governorate","Road_ID":"100418","Mun_ID":" ","Latitude":17.036249489999999,"Longitude":54.155343019999997,"GlobalID":"{34E97B01-6EC1-409F-BA29-A2A1004F8338}","NEAR_FID":9785,"NEAR_DIST":7.6342238050108016}},{"type":"Feature","id":380,"geometry":{"type":"Point","coordinates":[197135.07589999959,1885770.2299000006]},"properties":{"OBJECTID":380,"Asset_ID":"MH380","Name":null,"District_ID":"Dahariz al Shamaliyya","Wlyt_ID":"Salalah","Gov_ID":"Dhofar Governorate","Road_ID":"100418","Mun_ID":" ","Latitude":17.036257500000001,"Longitude":54.155108859999999,"GlobalID":"{C6FDCC21-209D-4D85-A0D4-824A240B71FE}","NEAR_FID":9785,"NEAR_DIST":7.3463399589369427}},{"type":"Feature","id":381,"geometry":{"type":"Point","coordinates":[197109.86429999955,1885768.8914000001]},"properties":{"OBJECTID":381,"Asset_ID":"MH381","Name":null,"District_ID":"Dahariz al Shamaliyya","Wlyt_ID":"Salalah","Gov_ID":"Dhofar Governorate","Road_ID":"100418","Mun_ID":" ","Latitude":17.036242099999999,"Longitude":54.154872429999998,"GlobalID":"{167888FB-1577-45E1-84FC-53D949E661CF}","NEAR_FID":9785,"NEAR_DIST":9.6563682546852831}},{"type":"Feature","id":382,"geometry":{"type":"Point","coordinates":[197085.05319999997,1885770.1127000004]},"properties":{"OBJECTID":382,"Asset_ID":"MH382","Name":null,"District_ID":"Dahariz al Shamaliyya","Wlyt_ID":"Salalah","Gov_ID":"Dhofar Governorate","Road_ID":"100418","Mun_ID":" ","Latitude":17.036249869999999,"Longitude":54.154639420000002,"GlobalID":"{690338BA-0D9F-4819-8B64-807E43E3EB01}","NEAR_FID":9785,"NEAR_DIST":9.3930526572689388}},{"type":"Feature","id":383,"geometry":{"type":"Point","coordinates":[197059.83079999965,1885771.2257000003]},"properties":{"OBJECTID":383,"Asset_ID":"MH383","Name":null,"District_ID":"Dahariz al Shamaliyya","Wlyt_ID":"Salalah","Gov_ID":"Dhofar Governorate","Road_ID":"100418","Mun_ID":" ","Latitude":17.036256600000002,"Longitude":54.154402560000001,"GlobalID":"{9AFE270A-6039-446D-9A22-CB1C846D115C}","NEAR_FID":9785,"NEAR_DIST":9.6570275141438504}},{"type":"Feature","id":384,"geometry":{"type":"Point","coordinates":[196296.85950000025,1885736.9850999992]},"properties":{"OBJECTID":384,"Asset_ID":"MH384","Name":null,"District_ID":"al Sada al Janubiyya","Wlyt_ID":"Salalah","Gov_ID":"Dhofar Governorate","Road_ID":"100350","Mun_ID":" ","Latitude":17.035847029999999,"Longitude":54.14724691,"GlobalID":"{13800745-6835-467D-A5E3-1D09A6867C6C}","NEAR_FID":18020,"NEAR_DIST":12.444851100963206}},{"type":"Feature","id":385,"geometry":{"type":"Point","coordinates":[196340.02749999985,1885762.3748000003]},"properties":{"OBJECTID":385,"Asset_ID":"MH385","Name":null,"District_ID":"al Sada al Janubiyya","Wlyt_ID":"Salalah","Gov_ID":"Dhofar Governorate","Road_ID":"100418","Mun_ID":" ","Latitude":17.036081939999999,"Longitude":54.14764856,"GlobalID":"{2FA5C802-AFD2-4AFE-B343-D009AD1AD7A0}","NEAR_FID":13368,"NEAR_DIST":14.874880919698297}},{"type":"Feature","id":386,"geometry":{"type":"Point","coordinates":[195889.42050000001,1885446.7034000009]},"properties":{"OBJECTID":386,"Asset_ID":"MH386","Name":null,"District_ID":"al Sada al Janubiyya","Wlyt_ID":"Salalah","Gov_ID":"Dhofar Governorate","Road_ID":"100418","Mun_ID":" ","Latitude":17.033172560000001,"Longitude":54.143463019999999,"GlobalID":"{0965E37A-9E54-4CB6-910A-341C1DB751E1}","NEAR_FID":6545,"NEAR_DIST":12.323957415525387}},{"type":"Feature","id":387,"geometry":{"type":"Point","coordinates":[196239.56350000016,1885697.9534000009]},"properties":{"OBJECTID":387,"Asset_ID":"MH387","Name":null,"District_ID":"al Sada al Janubiyya","Wlyt_ID":"Salalah","Gov_ID":"Dhofar Governorate","Road_ID":"100418","Mun_ID":" ","Latitude":17.03548709,"Longitude":54.146714549999999,"GlobalID":"{5321E627-A028-4C4B-885A-8796E9B23983}","NEAR_FID":18455,"NEAR_DIST":7.9706443432511112}},{"type":"Feature","id":388,"geometry":{"type":"Point","coordinates":[195189.61479999963,1885169.2814000007]},"properties":{"OBJECTID":388,"Asset_ID":"MH388","Name":null,"District_ID":"Jerziz Farm","Wlyt_ID":"Salalah","Gov_ID":"Dhofar Governorate","Road_ID":"100537","Mun_ID":" ","Latitude":17.030575500000001,"Longitude":54.13693379,"GlobalID":"{54B56045-2143-4D14-A692-83A30A21491D}","NEAR_FID":11441,"NEAR_DIST":7.3209544522694561}},{"type":"Feature","id":389,"geometry":{"type":"Point","coordinates":[195227.54009999987,1885158.8122000005]},"properties":{"OBJECTID":389,"Asset_ID":"MH389","Name":null,"District_ID":"Jerziz Farm","Wlyt_ID":"Salalah","Gov_ID":"Dhofar Governorate","Road_ID":"100418","Mun_ID":" ","Latitude":17.030485989999999,"Longitude":54.137291140000002,"GlobalID":"{FE5C52D9-F12F-49AA-A3D2-41CE19A928CB}","NEAR_FID":16583,"NEAR_DIST":7.1683868746660817}},{"type":"Feature","id":390,"geometry":{"type":"Point","coordinates":[195064.19689999986,1885097.7492999993]},"properties":{"OBJECTID":390,"Asset_ID":"MH390","Name":null,"District_ID":"Jerziz Farm","Wlyt_ID":"Salalah","Gov_ID":"Dhofar Governorate","Road_ID":"102645","Mun_ID":" ","Latitude":17.029913100000002,"Longitude":54.135766660000002,"GlobalID":"{9EA9FA27-85EE-4C4E-A003-51D4CD7DA2BA}","NEAR_FID":13879,"NEAR_DIST":9.394230005709403}},{"type":"Feature","id":391,"geometry":{"type":"Point","coordinates":[194820.0064000003,1884984.9052000009]},"properties":{"OBJECTID":391,"Asset_ID":"MH391","Name":null,"District_ID":"al Robat","Wlyt_ID":"Salalah","Gov_ID":"Dhofar Governorate","Road_ID":"102645","Mun_ID":" ","Latitude":17.028862010000001,"Longitude":54.133490610000003,"GlobalID":"{A6C3FAA3-DBCB-4951-A935-479CD4FE518B}","NEAR_FID":6329,"NEAR_DIST":9.9715468249816759}},{"type":"Feature","id":392,"geometry":{"type":"Point","coordinates":[194112.19620000012,1884717.2649000008]},"properties":{"OBJECTID":392,"Asset_ID":"MH392","Name":null,"District_ID":"al Robat","Wlyt_ID":"Salalah","Gov_ID":"Dhofar Governorate","Road_ID":"102645","Mun_ID":" ","Latitude":17.02635192,"Longitude":54.126885250000001,"GlobalID":"{B3CF40D7-6311-42CF-8A51-5613A3C4FA7F}","NEAR_FID":6329,"NEAR_DIST":11.536295862494805}},{"type":"Feature","id":393,"geometry":{"type":"Point","coordinates":[194167.9402999999,1884744.1202000007]},"properties":{"OBJECTID":393,"Asset_ID":"MH393","Name":null,"District_ID":"al Robat","Wlyt_ID":"Salalah","Gov_ID":"Dhofar Governorate","Road_ID":"102645","Mun_ID":" ","Latitude":17.026601759999998,"Longitude":54.127404650000003,"GlobalID":"{E26C7414-62B0-4BB6-B2F6-DC86DC2B7BFE}","NEAR_FID":6329,"NEAR_DIST":10.98523004684807}},{"type":"Feature","id":394,"geometry":{"type":"Point","coordinates":[194203.20969999954,1884760.2879000008]},"properties":{"OBJECTID":394,"Asset_ID":"MH394","Name":null,"District_ID":"al Robat","Wlyt_ID":"Salalah","Gov_ID":"Dhofar Governorate","Road_ID":"102645","Mun_ID":" ","Latitude":17.02675241,"Longitude":54.127733399999997,"GlobalID":"{E60D45F8-9791-422F-AA7B-09A24A5D09E8}","NEAR_FID":6329,"NEAR_DIST":10.922850423558337}},{"type":"Feature","id":395,"geometry":{"type":"Point","coordinates":[194673.95870000031,1884927.9726]},"properties":{"OBJECTID":395,"Asset_ID":"MH395","Name":null,"District_ID":"al Robat","Wlyt_ID":"Salalah","Gov_ID":"Dhofar Governorate","Road_ID":"102645","Mun_ID":" ","Latitude":17.028328680000001,"Longitude":54.1321279,"GlobalID":"{829FA570-6301-475E-8C43-A871C049B85B}","NEAR_FID":6329,"NEAR_DIST":18.014892708259804}},{"type":"Feature","id":396,"geometry":{"type":"Point","coordinates":[195147.01250000019,1885100.8714000005]},"properties":{"OBJECTID":396,"Asset_ID":"MH396","Name":null,"District_ID":"al Robat","Wlyt_ID":"Salalah","Gov_ID":"Dhofar Governorate","Road_ID":"102645","Mun_ID":" ","Latitude":17.02995224,"Longitude":54.136543400000001,"GlobalID":"{3893A5E7-CC3F-4D07-997D-FFE804E65549}","NEAR_FID":15490,"NEAR_DIST":5.4187494885455845}},{"type":"Feature","id":397,"geometry":{"type":"Point","coordinates":[194943.53419999965,1885074.2890000008]},"properties":{"OBJECTID":397,"Asset_ID":"MH397","Name":null,"District_ID":"Jerziz Farm","Wlyt_ID":"Salalah","Gov_ID":"Dhofar Governorate","Road_ID":"102645","Mun_ID":" ","Latitude":17.02968533,"Longitude":54.13463754,"GlobalID":"{7DA67ECE-7BB4-49AA-8FAE-5C24D505E71C}","NEAR_FID":13734,"NEAR_DIST":13.910143976237636}},{"type":"Feature","id":398,"geometry":{"type":"Point","coordinates":[194837.65359999985,1885036.9918000009]},"properties":{"OBJECTID":398,"Asset_ID":"MH398","Name":null,"District_ID":"Jerziz Farm","Wlyt_ID":"Salalah","Gov_ID":"Dhofar Governorate","Road_ID":"102645","Mun_ID":" ","Latitude":17.029334590000001,"Longitude":54.133649050000002,"GlobalID":"{4DC59E83-A13E-4B78-BC75-BA37004D0FA4}","NEAR_FID":13734,"NEAR_DIST":14.382783153786081}},{"type":"Feature","id":399,"geometry":{"type":"Point","coordinates":[194626.75389999989,1884962.9874000009]},"properties":{"OBJECTID":399,"Asset_ID":"MH399","Name":null,"District_ID":"Jerziz Farm","Wlyt_ID":"Salalah","Gov_ID":"Dhofar Governorate","Road_ID":"102645","Mun_ID":" ","Latitude":17.028638539999999,"Longitude":54.131680099999997,"GlobalID":"{273F99A1-5E51-455C-9AD9-4C1603913191}","NEAR_FID":13734,"NEAR_DIST":14.1662439022419}},{"type":"Feature","id":400,"geometry":{"type":"Point","coordinates":[194959.92760000005,1885027.2128999997]},"properties":{"OBJECTID":400,"Asset_ID":"MH400","Name":null,"District_ID":"al Robat","Wlyt_ID":"Salalah","Gov_ID":"Dhofar Governorate","Road_ID":"102645","Mun_ID":" ","Latitude":17.029262490000001,"Longitude":54.134797859999999,"GlobalID":"{EE9D11F5-65ED-450A-8FC7-07E1C26473F0}","NEAR_FID":15490,"NEAR_DIST":19.328971907836635}},{"type":"Feature","id":401,"geometry":{"type":"Point","coordinates":[195091.76240000036,1885077.8247999996]},"properties":{"OBJECTID":401,"Asset_ID":"MH401","Name":null,"District_ID":"al Robat","Wlyt_ID":"Salalah","Gov_ID":"Dhofar Governorate","Road_ID":"102645","Mun_ID":" ","Latitude":17.029736870000001,"Longitude":54.136028080000003,"GlobalID":"{276251E8-04BA-4858-A468-E387DCDC5149}","NEAR_FID":15490,"NEAR_DIST":11.029965390725941}},{"type":"Feature","id":402,"geometry":{"type":"Point","coordinates":[195099.67709999997,1885085.2059000004]},"properties":{"OBJECTID":402,"Asset_ID":"MH402","Name":null,"District_ID":"al Robat","Wlyt_ID":"Salalah","Gov_ID":"Dhofar Governorate","Road_ID":"102645","Mun_ID":" ","Latitude":17.029804550000001,"Longitude":54.136101340000003,"GlobalID":"{C0AC5FC2-A4EC-4B13-90D2-CD3469B0D937}","NEAR_FID":15490,"NEAR_DIST":6.3379990737503746}},{"type":"Feature","id":403,"geometry":{"type":"Point","coordinates":[195083.40309999976,1885127.9809000008]},"properties":{"OBJECTID":403,"Asset_ID":"MH403","Name":null,"District_ID":"Jerziz Farm","Wlyt_ID":"Salalah","Gov_ID":"Dhofar Governorate","Road_ID":"100537","Mun_ID":" ","Latitude":17.030188580000001,"Longitude":54.135942739999997,"GlobalID":"{999CCB1C-681A-43BA-AA1B-C4869DBE3BCA}","NEAR_FID":18965,"NEAR_DIST":6.4517913820119555}},{"type":"Feature","id":404,"geometry":{"type":"Point","coordinates":[195126.84499999974,1885154.7486000005]},"properties":{"OBJECTID":404,"Asset_ID":"MH404","Name":null,"District_ID":"Jerziz Farm","Wlyt_ID":"Salalah","Gov_ID":"Dhofar Governorate","Road_ID":"100537","Mun_ID":" ","Latitude":17.030435990000001,"Longitude":54.13634673,"GlobalID":"{04273D88-82B3-429B-B035-A917F01ACFA5}","NEAR_FID":18965,"NEAR_DIST":7.7136078115578339}},{"type":"Feature","id":405,"geometry":{"type":"Point","coordinates":[195040.79040000029,1885117.0614999998]},"properties":{"OBJECTID":405,"Asset_ID":"MH405","Name":null,"District_ID":"Jerziz Farm","Wlyt_ID":"Salalah","Gov_ID":"Dhofar Governorate","Road_ID":"100537","Mun_ID":" ","Latitude":17.03008436,"Longitude":54.135544350000004,"GlobalID":"{E55B1EDA-D68B-4D57-AE80-A50899CB0E06}","NEAR_FID":18965,"NEAR_DIST":16.026265239095498}},{"type":"Feature","id":406,"geometry":{"type":"Point","coordinates":[195037.20249999966,1885108.9625000004]},"properties":{"OBJECTID":406,"Asset_ID":"MH406","Name":null,"District_ID":"Jerziz Farm","Wlyt_ID":"Salalah","Gov_ID":"Dhofar Governorate","Road_ID":"100537","Mun_ID":" ","Latitude":17.030010770000001,"Longitude":54.135511790000002,"GlobalID":"{F0166C5B-A010-4672-919B-6D23D07111EF}","NEAR_FID":18965,"NEAR_DIST":10.556744892840896}},{"type":"Feature","id":407,"geometry":{"type":"Point","coordinates":[194991.2154000001,1885089.2506000008]},"properties":{"OBJECTID":407,"Asset_ID":"MH407","Name":null,"District_ID":"Jerziz Farm","Wlyt_ID":"Salalah","Gov_ID":"Dhofar Governorate","Road_ID":"102645","Mun_ID":" ","Latitude":17.029826719999999,"Longitude":54.135082939999997,"GlobalID":"{DF04A9A9-1CAD-4956-9241-817F615BB4A1}","NEAR_FID":13734,"NEAR_DIST":9.8091562292057137}},{"type":"Feature","id":408,"geometry":{"type":"Point","coordinates":[194679.88650000002,1884933.6260000002]},"properties":{"OBJECTID":408,"Asset_ID":"MH408","Name":null,"District_ID":"al Robat","Wlyt_ID":"Salalah","Gov_ID":"Dhofar Governorate","Road_ID":"102645","Mun_ID":" ","Latitude":17.028380500000001,"Longitude":54.132182749999998,"GlobalID":"{2724F0AC-3AEB-49BD-97EC-175840B8AA64}","NEAR_FID":6329,"NEAR_DIST":14.764034524106339}},{"type":"Feature","id":409,"geometry":{"type":"Point","coordinates":[194059.27699999977,1884692.2268000003]},"properties":{"OBJECTID":409,"Asset_ID":"MH409","Name":null,"District_ID":"al Robat","Wlyt_ID":"Salalah","Gov_ID":"Dhofar Governorate","Road_ID":"102645","Mun_ID":" ","Latitude":17.02611885,"Longitude":54.126392099999997,"GlobalID":"{232AB083-4DE1-41DC-A1E6-5F7CC18C17A2}","NEAR_FID":6329,"NEAR_DIST":11.632242359062406}},{"type":"Feature","id":410,"geometry":{"type":"Point","coordinates":[194022.50289999973,1884674.8505000006]},"properties":{"OBJECTID":410,"Asset_ID":"MH410","Name":null,"District_ID":"al Robat","Wlyt_ID":"Salalah","Gov_ID":"Dhofar Governorate","Road_ID":"102645","Mun_ID":" ","Latitude":17.025957089999999,"Longitude":54.12604941,"GlobalID":"{AF140484-DED0-48A4-8324-D486BD3FC419}","NEAR_FID":6329,"NEAR_DIST":11.655897279915351}},{"type":"Feature","id":411,"geometry":{"type":"Point","coordinates":[193987.54550000001,1884658.4130000006]},"properties":{"OBJECTID":411,"Asset_ID":"MH411","Name":null,"District_ID":"al Robat","Wlyt_ID":"Salalah","Gov_ID":"Dhofar Governorate","Road_ID":"102645","Mun_ID":" ","Latitude":17.025804050000001,"Longitude":54.125723630000003,"GlobalID":"{601D4AB0-2D8C-4248-AD09-A9ADE6F830B1}","NEAR_FID":6329,"NEAR_DIST":11.375910868223796}},{"type":"Feature","id":412,"geometry":{"type":"Point","coordinates":[194007.01750000007,1884665.5398999993]},"properties":{"OBJECTID":412,"Asset_ID":"MH412","Name":null,"District_ID":"al Robat","Wlyt_ID":"Salalah","Gov_ID":"Dhofar Governorate","Road_ID":"102645","Mun_ID":" ","Latitude":17.025870980000001,"Longitude":54.125905379999999,"GlobalID":"{6A00F0C6-88D3-482A-8E54-9412FC0FDD1B}","NEAR_FID":6329,"NEAR_DIST":13.412840963102026}},{"type":"Feature","id":413,"geometry":{"type":"Point","coordinates":[193951.91189999972,1884641.7147000004]},"properties":{"OBJECTID":413,"Asset_ID":"MH413","Name":null,"District_ID":"al Robat","Wlyt_ID":"Salalah","Gov_ID":"Dhofar Governorate","Road_ID":"102645","Mun_ID":" ","Latitude":17.025648570000001,"Longitude":54.125391550000003,"GlobalID":"{C86ABABD-137D-4F5F-8C65-1792C16260B8}","NEAR_FID":6329,"NEAR_DIST":11.136584064371897}},{"type":"Feature","id":414,"geometry":{"type":"Point","coordinates":[193836.82600000035,1884573.5135999992]},"properties":{"OBJECTID":414,"Asset_ID":"MH414","Name":null,"District_ID":"al Robat","Wlyt_ID":"Salalah","Gov_ID":"Dhofar Governorate","Road_ID":"103938","Mun_ID":" ","Latitude":17.025017569999999,"Longitude":54.124320990000001,"GlobalID":"{C45678D5-380A-4162-9742-261CEBC789F8}","NEAR_FID":4771,"NEAR_DIST":15.36766356639189}},{"type":"Feature","id":415,"geometry":{"type":"Point","coordinates":[193861.33719999995,1884526.3189000003]},"properties":{"OBJECTID":415,"Asset_ID":"MH415","Name":null,"District_ID":"al Robat","Wlyt_ID":"Salalah","Gov_ID":"Dhofar Governorate","Road_ID":"103938","Mun_ID":" ","Latitude":17.024594740000001,"Longitude":54.124557510000002,"GlobalID":"{2316B2F2-2F34-4470-8F73-3A9650BADD00}","NEAR_FID":4467,"NEAR_DIST":14.627316926861402}},{"type":"Feature","id":416,"geometry":{"type":"Point","coordinates":[193443.32519999985,1884511.0341999996]},"properties":{"OBJECTID":416,"Asset_ID":"MH416","Name":null,"District_ID":"al Huseela","Wlyt_ID":"Salalah","Gov_ID":"Dhofar Governorate","Road_ID":"103812","Mun_ID":" ","Latitude":17.024401220000001,"Longitude":54.120637000000002,"GlobalID":"{635A507B-7520-4336-A44F-0E08FB8A6568}","NEAR_FID":16313,"NEAR_DIST":7.6450470339153656}},{"type":"Feature","id":417,"geometry":{"type":"Point","coordinates":[193724.37310000043,1884537.7522999998]},"properties":{"OBJECTID":417,"Asset_ID":"MH417","Name":null,"District_ID":"al Huseela","Wlyt_ID":"Salalah","Gov_ID":"Dhofar Governorate","Road_ID":"102645","Mun_ID":" ","Latitude":17.02467978,"Longitude":54.123270660000003,"GlobalID":"{B325F95B-CA75-4393-ABE4-0C94F0FDD2DF}","NEAR_FID":15444,"NEAR_DIST":12.019186218947391}},{"type":"Feature","id":418,"geometry":{"type":"Point","coordinates":[193707.65629999992,1884576.2720999997]},"properties":{"OBJECTID":418,"Asset_ID":"MH418","Name":null,"District_ID":"Salalah Airport","Wlyt_ID":"Salalah","Gov_ID":"Dhofar Governorate","Road_ID":"102645","Mun_ID":" ","Latitude":17.025025320000001,"Longitude":54.123108469999998,"GlobalID":"{1C644310-39EA-48F0-B2C5-50B277085FCF}","NEAR_FID":14664,"NEAR_DIST":12.995357024472119}},{"type":"Feature","id":419,"geometry":{"type":"Point","coordinates":[193229.75270000007,1884581.0964000002]},"properties":{"OBJECTID":419,"Asset_ID":"MH419","Name":null,"District_ID":"Salalah Airport","Wlyt_ID":"Salalah","Gov_ID":"Dhofar Governorate","Road_ID":"100535","Mun_ID":" ","Latitude":17.02500534,"Longitude":54.118623159999999,"GlobalID":"{2A057F9E-43D3-4CF9-BDB7-64CF6630E699}","NEAR_FID":18200,"NEAR_DIST":5.7435642772386846}},{"type":"Feature","id":420,"geometry":{"type":"Point","coordinates":[193210.86390000023,1884539.1937000006]},"properties":{"OBJECTID":420,"Asset_ID":"MH420","Name":null,"District_ID":"al Huseela","Wlyt_ID":"Salalah","Gov_ID":"Dhofar Governorate","Road_ID":"102645","Mun_ID":" ","Latitude":17.02462452,"Longitude":54.118451700000001,"GlobalID":"{40627F1B-E993-4692-A4C5-832EF1204662}","NEAR_FID":18876,"NEAR_DIST":13.918713984100377}},{"type":"Feature","id":421,"geometry":{"type":"Point","coordinates":[193188.82699999958,1884585.3300000001]},"properties":{"OBJECTID":421,"Asset_ID":"MH421","Name":null,"District_ID":"Salalah Airport","Wlyt_ID":"Salalah","Gov_ID":"Dhofar Governorate","Road_ID":"100535","Mun_ID":" ","Latitude":17.025038110000001,"Longitude":54.118238529999999,"GlobalID":"{2D50737C-F6A6-4C5E-9158-C3EF6E8CAAEF}","NEAR_FID":18200,"NEAR_DIST":4.8174852356899782}},{"type":"Feature","id":422,"geometry":{"type":"Point","coordinates":[193124.91399999987,1884589.2475000005]},"properties":{"OBJECTID":422,"Asset_ID":"MH422","Name":null,"District_ID":"Salalah Airport","Wlyt_ID":"Salalah","Gov_ID":"Dhofar Governorate","Road_ID":"100535","Mun_ID":" ","Latitude":17.025064969999999,"Longitude":54.117638229999997,"GlobalID":"{A0076EA9-F4D2-4869-A344-E0809413AB6D}","NEAR_FID":10293,"NEAR_DIST":10.278835059648539}},{"type":"Feature","id":423,"geometry":{"type":"Point","coordinates":[193125.26970000006,1884594.1385999992]},"properties":{"OBJECTID":423,"Asset_ID":"MH423","Name":null,"District_ID":"Salalah Airport","Wlyt_ID":"Salalah","Gov_ID":"Dhofar Governorate","Road_ID":"100535","Mun_ID":" ","Latitude":17.025109180000001,"Longitude":54.117640889999997,"GlobalID":"{5684FEC9-11BA-4FDC-8BF2-A658CF40AFC0}","NEAR_FID":8984,"NEAR_DIST":7.9301922667024991}},{"type":"Feature","id":424,"geometry":{"type":"Point","coordinates":[192968.04279999994,1884603.8319000006]},"properties":{"OBJECTID":424,"Asset_ID":"MH424","Name":null,"District_ID":"Salalah Airport","Wlyt_ID":"Salalah","Gov_ID":"Dhofar Governorate","Road_ID":"100535","Mun_ID":" ","Latitude":17.02517576,"Longitude":54.116164140000002,"GlobalID":"{D90D83FE-AD31-41D5-989D-B5C56AB779F7}","NEAR_FID":19249,"NEAR_DIST":10.134821854637078}},{"type":"Feature","id":425,"geometry":{"type":"Point","coordinates":[192901.1791000003,1884566.6843999997]},"properties":{"OBJECTID":425,"Asset_ID":"MH425","Name":null,"District_ID":"al Huseela","Wlyt_ID":"Salalah","Gov_ID":"Dhofar Governorate","Road_ID":"102645","Mun_ID":" ","Latitude":17.02483149,"Longitude":54.115541829999998,"GlobalID":"{5F6E1E07-884A-46E5-A09D-CC0014141542}","NEAR_FID":15658,"NEAR_DIST":10.558008088531095}},{"type":"Feature","id":426,"geometry":{"type":"Point","coordinates":[192925.62349999975,1884607.6557999998]},"properties":{"OBJECTID":426,"Asset_ID":"MH426","Name":null,"District_ID":"Salalah Airport","Wlyt_ID":"Salalah","Gov_ID":"Dhofar Governorate","Road_ID":"100535","Mun_ID":" ","Latitude":17.025204630000001,"Longitude":54.115765549999999,"GlobalID":"{516EE4CE-2AE5-45CE-9095-6FA0B92E1A1E}","NEAR_FID":19249,"NEAR_DIST":9.6282386574695487}},{"type":"Feature","id":427,"geometry":{"type":"Point","coordinates":[192908.94930000044,1884612.0578000005]},"properties":{"OBJECTID":427,"Asset_ID":"MH427","Name":null,"District_ID":"Salalah Airport","Wlyt_ID":"Salalah","Gov_ID":"Dhofar Governorate","Road_ID":"100535","Mun_ID":" ","Latitude":17.02524215,"Longitude":54.115608469999998,"GlobalID":"{A988C927-2E2A-4452-88DA-78E4552C2352}","NEAR_FID":19249,"NEAR_DIST":6.5013906711990712}},{"type":"Feature","id":428,"geometry":{"type":"Point","coordinates":[193151.37040000036,1884587.0241999999]},"properties":{"OBJECTID":428,"Asset_ID":"MH428","Name":null,"District_ID":"Salalah Airport","Wlyt_ID":"Salalah","Gov_ID":"Dhofar Governorate","Road_ID":"100535","Mun_ID":" ","Latitude":17.025048420000001,"Longitude":54.117886800000001,"GlobalID":"{EE071BB8-2D90-49DC-ADB4-A105274089F2}","NEAR_FID":18200,"NEAR_DIST":11.386827197699015}},{"type":"Feature","id":429,"geometry":{"type":"Point","coordinates":[193151.68169999961,1884592.4044000003]},"properties":{"OBJECTID":429,"Asset_ID":"MH429","Name":null,"District_ID":"Salalah Airport","Wlyt_ID":"Salalah","Gov_ID":"Dhofar Governorate","Road_ID":"100535","Mun_ID":" ","Latitude":17.025097039999999,"Longitude":54.117888979999996,"GlobalID":"{1BF6F332-8D96-4134-99BE-935405268D4B}","NEAR_FID":18200,"NEAR_DIST":6.0250872127142872}},{"type":"Feature","id":430,"geometry":{"type":"Point","coordinates":[195784.26520000026,1885421.9365999997]},"properties":{"OBJECTID":430,"Asset_ID":"MH430","Name":null,"District_ID":"al Sada al Janubiyya","Wlyt_ID":"Salalah","Gov_ID":"Dhofar Governorate","Road_ID":"100418","Mun_ID":" ","Latitude":17.032935080000001,"Longitude":54.14247958,"GlobalID":"{2F1E52EC-3478-4035-A1FA-D5A9548DD064}","NEAR_FID":9074,"NEAR_DIST":5.3228255256350732}},{"type":"Feature","id":431,"geometry":{"type":"Point","coordinates":[195775.13040000014,1885444.0195000004]},"properties":{"OBJECTID":431,"Asset_ID":"MH431","Name":null,"District_ID":"al Sada al Janubiyya","Wlyt_ID":"Salalah","Gov_ID":"Dhofar Governorate","Road_ID":"100418","Mun_ID":" ","Latitude":17.033133249999999,"Longitude":54.142390829999997,"GlobalID":"{FA3220D9-E53D-45EA-BD17-83561029C3A9}","NEAR_FID":9074,"NEAR_DIST":7.7021528531313992}},{"type":"Feature","id":432,"geometry":{"type":"Point","coordinates":[195752.95139999967,1885493.9693]},"properties":{"OBJECTID":432,"Asset_ID":"MH432","Name":null,"District_ID":"al Sada al Janubiyya","Wlyt_ID":"Salalah","Gov_ID":"Dhofar Governorate","Road_ID":"102645","Mun_ID":" ","Latitude":17.03358128,"Longitude":54.142175829999999,"GlobalID":"{07BCA6CE-5F83-4A8B-B7F7-6DF15D10A4B1}","NEAR_FID":18504,"NEAR_DIST":9.8401793537600959}},{"type":"Feature","id":433,"geometry":{"type":"Point","coordinates":[195718.66920000035,1885573.1162999999]},"properties":{"OBJECTID":433,"Asset_ID":"MH433","Name":null,"District_ID":"al Sada al Janubiyya","Wlyt_ID":"Salalah","Gov_ID":"Dhofar Governorate","Road_ID":"100340","Mun_ID":" ","Latitude":17.03429131,"Longitude":54.14184324,"GlobalID":"{335FDF87-4F2A-4654-A0CB-E26548F3320D}","NEAR_FID":18185,"NEAR_DIST":5.7492645632863741}},{"type":"Feature","id":434,"geometry":{"type":"Point","coordinates":[195716.44600000046,1885585.7443000004]},"properties":{"OBJECTID":434,"Asset_ID":"MH434","Name":null,"District_ID":"al Sada al Janubiyya","Wlyt_ID":"Salalah","Gov_ID":"Dhofar Governorate","Road_ID":"100340","Mun_ID":" ","Latitude":17.034405020000001,"Longitude":54.14182065,"GlobalID":"{94AD9F92-C6EC-41CF-BA22-5D4ECAA78FA1}","NEAR_FID":18185,"NEAR_DIST":4.0891262495735825}},{"type":"Feature","id":435,"geometry":{"type":"Point","coordinates":[195650.40180000011,1885773.4988000002]},"properties":{"OBJECTID":435,"Asset_ID":"MH435","Name":null,"District_ID":"al Sada al Janubiyya","Wlyt_ID":"Salalah","Gov_ID":"Dhofar Governorate","Road_ID":"102645","Mun_ID":" ","Latitude":17.036091379999998,"Longitude":54.141175070000003,"GlobalID":"{E31D7610-B698-481A-8C94-9F281E30BEE8}","NEAR_FID":5059,"NEAR_DIST":6.9352213636355025}},{"type":"Feature","id":436,"geometry":{"type":"Point","coordinates":[195714.95639999956,1885609.6579]},"properties":{"OBJECTID":436,"Asset_ID":"MH436","Name":null,"District_ID":"al Sada al Janubiyya","Wlyt_ID":"Salalah","Gov_ID":"Dhofar Governorate","Road_ID":"100340","Mun_ID":" ","Latitude":17.034620719999999,"Longitude":54.14180339,"GlobalID":"{D756A746-CA63-47A3-A856-96EE4BFB9A6C}","NEAR_FID":18185,"NEAR_DIST":8.261139458028353}},{"type":"Feature","id":437,"geometry":{"type":"Point","coordinates":[195636.72460000031,1885644.0807000007]},"properties":{"OBJECTID":437,"Asset_ID":"MH437","Name":null,"District_ID":"Jerziz Farm","Wlyt_ID":"Salalah","Gov_ID":"Dhofar Governorate","Road_ID":"102645","Mun_ID":" ","Latitude":17.03492116,"Longitude":54.141064479999997,"GlobalID":"{EA45AD9F-7F08-47D6-99B7-200A8EBC05AC}","NEAR_FID":4178,"NEAR_DIST":12.880268674118767}},{"type":"Feature","id":438,"geometry":{"type":"Point","coordinates":[195654.06209999975,1885653.5084000006]},"properties":{"OBJECTID":438,"Asset_ID":"MH438","Name":null,"District_ID":"Jerziz Farm","Wlyt_ID":"Salalah","Gov_ID":"Dhofar Governorate","Road_ID":"102645","Mun_ID":" ","Latitude":17.035008569999999,"Longitude":54.141225890000001,"GlobalID":"{21AEFD37-0D15-4625-BC22-6C2FF7DF5856}","NEAR_FID":4178,"NEAR_DIST":6.529673211224047}},{"type":"Feature","id":439,"geometry":{"type":"Point","coordinates":[195729.11840000004,1885462.1326000001]},"properties":{"OBJECTID":439,"Asset_ID":"MH439","Name":null,"District_ID":"Jerziz Farm","Wlyt_ID":"Salalah","Gov_ID":"Dhofar Governorate","Road_ID":"102645","Mun_ID":" ","Latitude":17.033290699999998,"Longitude":54.141956540000002,"GlobalID":"{A26AB125-2966-4459-A18C-4AFCA1D14EC5}","NEAR_FID":17179,"NEAR_DIST":8.180015838568826}},{"type":"Feature","id":440,"geometry":{"type":"Point","coordinates":[195740.85709999967,1885435.7205999997]},"properties":{"OBJECTID":440,"Asset_ID":"MH440","Name":null,"District_ID":"Jerziz Farm","Wlyt_ID":"Salalah","Gov_ID":"Dhofar Governorate","Road_ID":"102645","Mun_ID":" ","Latitude":17.033053800000001,"Longitude":54.142070330000003,"GlobalID":"{75B6CAAE-07CF-4496-8973-5C2592710841}","NEAR_FID":17179,"NEAR_DIST":6.9878706736897858}},{"type":"Feature","id":441,"geometry":{"type":"Point","coordinates":[195636.51460000034,1885710.9780000001]},"properties":{"OBJECTID":441,"Asset_ID":"MH441","Name":null,"District_ID":"Jerziz Farm","Wlyt_ID":"Salalah","Gov_ID":"Dhofar Governorate","Road_ID":"102645","Mun_ID":" ","Latitude":17.035525100000001,"Longitude":54.141053329999998,"GlobalID":"{2561A2C1-1E95-42CF-91C3-20E9A881F10B}","NEAR_FID":4178,"NEAR_DIST":6.6087043268074837}},{"type":"Feature","id":442,"geometry":{"type":"Point","coordinates":[195628.77419999987,1885740.0614]},"properties":{"OBJECTID":442,"Asset_ID":"MH442","Name":null,"District_ID":"Jerziz Farm","Wlyt_ID":"Salalah","Gov_ID":"Dhofar Governorate","Road_ID":"102645","Mun_ID":" ","Latitude":17.035786649999999,"Longitude":54.140976690000002,"GlobalID":"{0F84CD76-8379-4600-85AC-93E80326E8E1}","NEAR_FID":4178,"NEAR_DIST":6.7186474114119283}},{"type":"Feature","id":443,"geometry":{"type":"Point","coordinates":[195614.44409999996,1885798.4629999995]},"properties":{"OBJECTID":443,"Asset_ID":"MH443","Name":null,"District_ID":"Jerziz Farm","Wlyt_ID":"Salalah","Gov_ID":"Dhofar Governorate","Road_ID":"102645","Mun_ID":" ","Latitude":17.03631202,"Longitude":54.14083419,"GlobalID":"{CAC4699E-6981-4FDE-836A-DD9AA37B2288}","NEAR_FID":4178,"NEAR_DIST":6.3700372558584135}},{"type":"Feature","id":444,"geometry":{"type":"Point","coordinates":[195607.55209999997,1885827.5874000005]},"properties":{"OBJECTID":444,"Asset_ID":"MH444","Name":null,"District_ID":"Jerziz Farm","Wlyt_ID":"Salalah","Gov_ID":"Dhofar Governorate","Road_ID":"102645","Mun_ID":" ","Latitude":17.036574049999999,"Longitude":54.140765510000001,"GlobalID":"{5BA951AA-44F0-4398-AE04-D8F1A5CC3185}","NEAR_FID":4178,"NEAR_DIST":6.2760804655116234}},{"type":"Feature","id":445,"geometry":{"type":"Point","coordinates":[195600.88239999954,1885856.8451000005]},"properties":{"OBJECTID":445,"Asset_ID":"MH445","Name":null,"District_ID":"Jerziz Farm","Wlyt_ID":"Salalah","Gov_ID":"Dhofar Governorate","Road_ID":"102645","Mun_ID":" ","Latitude":17.036837309999999,"Longitude":54.140698899999997,"GlobalID":"{BE17093B-536E-45F0-A386-82CCED1F52F8}","NEAR_FID":4178,"NEAR_DIST":6.2948116838831654}},{"type":"Feature","id":446,"geometry":{"type":"Point","coordinates":[195591.05570000038,1885903.0883000009]},"properties":{"OBJECTID":446,"Asset_ID":"MH446","Name":null,"District_ID":"Jerziz Farm","Wlyt_ID":"Salalah","Gov_ID":"Dhofar Governorate","Road_ID":"102645","Mun_ID":" ","Latitude":17.037253499999998,"Longitude":54.140600319999997,"GlobalID":"{3FB9F8A7-DC9D-4AC2-9A42-184403851F6E}","NEAR_FID":4178,"NEAR_DIST":6.6238194653878031}},{"type":"Feature","id":447,"geometry":{"type":"Point","coordinates":[195585.00850000046,1885931.5011999998]},"properties":{"OBJECTID":447,"Asset_ID":"MH447","Name":null,"District_ID":"Jerziz Farm","Wlyt_ID":"Salalah","Gov_ID":"Dhofar Governorate","Road_ID":"102645","Mun_ID":" ","Latitude":17.03750922,"Longitude":54.140539670000003,"GlobalID":"{4541031B-EC0A-461B-A1D6-E65A8BE8A6A2}","NEAR_FID":4178,"NEAR_DIST":6.2122685431041713}},{"type":"Feature","id":448,"geometry":{"type":"Point","coordinates":[195578.96129999962,1885961.5592999998]},"properties":{"OBJECTID":448,"Asset_ID":"MH448","Name":null,"District_ID":"Jerziz Farm","Wlyt_ID":"Salalah","Gov_ID":"Dhofar Governorate","Road_ID":"102645","Mun_ID":" ","Latitude":17.037779789999998,"Longitude":54.140478790000003,"GlobalID":"{AB0E45CF-BDF9-4981-893E-38869E9F4AD4}","NEAR_FID":4178,"NEAR_DIST":6.1203675346115594}},{"type":"Feature","id":449,"geometry":{"type":"Point","coordinates":[195573.40330000035,1885990.9948999994]},"properties":{"OBJECTID":449,"Asset_ID":"MH449","Name":null,"District_ID":"Jerziz Farm","Wlyt_ID":"Salalah","Gov_ID":"Dhofar Governorate","Road_ID":"102645","Mun_ID":" ","Latitude":17.038044809999999,"Longitude":54.14042259,"GlobalID":"{4BCF702B-F46B-4635-9B59-CC49F7FF43C8}","NEAR_FID":4178,"NEAR_DIST":6.3873971214924632}},{"type":"Feature","id":450,"geometry":{"type":"Point","coordinates":[195567.97860000003,1886020.4305000007]},"properties":{"OBJECTID":450,"Asset_ID":"MH450","Name":null,"District_ID":"Jerziz Farm","Wlyt_ID":"Salalah","Gov_ID":"Dhofar Governorate","Road_ID":"102645","Mun_ID":" ","Latitude":17.03830984,"Longitude":54.14036763,"GlobalID":"{04A5BC98-592F-4A5E-94F9-FEAC45FEC046}","NEAR_FID":4178,"NEAR_DIST":5.9860526611028684}},{"type":"Feature","id":451,"geometry":{"type":"Point","coordinates":[195563.2938000001,1886049.7629000004]},"properties":{"OBJECTID":451,"Asset_ID":"MH451","Name":null,"District_ID":"Jerziz Farm","Wlyt_ID":"Salalah","Gov_ID":"Dhofar Governorate","Road_ID":"102645","Mun_ID":" ","Latitude":17.03857404,"Longitude":54.140319640000001,"GlobalID":"{72497494-B13F-4585-A799-50DB740DDA2C}","NEAR_FID":4178,"NEAR_DIST":6.1623633170853633}},{"type":"Feature","id":452,"geometry":{"type":"Point","coordinates":[195558.56989999954,1886079.7853999995]},"properties":{"OBJECTID":452,"Asset_ID":"MH452","Name":null,"District_ID":null,"Wlyt_ID":"Salalah","Gov_ID":"Dhofar Governorate","Road_ID":"102645","Mun_ID":" ","Latitude":17.038844470000001,"Longitude":54.140271179999999,"GlobalID":"{18D01900-BD6A-4A14-AF9E-88F4036B3149}","NEAR_FID":4178,"NEAR_DIST":6.0661342926554171}},{"type":"Feature","id":453,"geometry":{"type":"Point","coordinates":[195554.13049999997,1886109.125]},"properties":{"OBJECTID":453,"Asset_ID":"MH453","Name":null,"District_ID":null,"Wlyt_ID":"Salalah","Gov_ID":"Dhofar Governorate","Road_ID":"102645","Mun_ID":" ","Latitude":17.039108760000001,"Longitude":54.140225489999999,"GlobalID":"{2C1FD0C1-1336-4654-B53D-56540052C5F2}","NEAR_FID":4178,"NEAR_DIST":6.1469921781081833}},{"type":"Feature","id":454,"geometry":{"type":"Point","coordinates":[195550.4310999997,1886139.2612999994]},"properties":{"OBJECTID":454,"Asset_ID":"MH454","Name":null,"District_ID":null,"Wlyt_ID":"Salalah","Gov_ID":"Dhofar Governorate","Road_ID":"102645","Mun_ID":" ","Latitude":17.039380349999998,"Longitude":54.140186630000002,"GlobalID":"{290D5A14-4BE9-4B91-91AC-5E07B0C6F10D}","NEAR_FID":4178,"NEAR_DIST":6.9982352240238983}},{"type":"Feature","id":455,"geometry":{"type":"Point","coordinates":[195546.63559999969,1886168.8533999994]},"properties":{"OBJECTID":455,"Asset_ID":"MH455","Name":null,"District_ID":null,"Wlyt_ID":"Salalah","Gov_ID":"Dhofar Governorate","Road_ID":"102645","Mun_ID":" ","Latitude":17.039647009999999,"Longitude":54.140146940000001,"GlobalID":"{ACBA21DF-91A0-43E2-A3D4-9732A7A406A4}","NEAR_FID":13068,"NEAR_DIST":6.0728080328315217}},{"type":"Feature","id":456,"geometry":{"type":"Point","coordinates":[195543.34520000033,1886198.6447000001]},"properties":{"OBJECTID":456,"Asset_ID":"MH456","Name":null,"District_ID":"Jerziz Farm","Wlyt_ID":"Salalah","Gov_ID":"Dhofar Governorate","Road_ID":"102645","Mun_ID":" ","Latitude":17.039915539999999,"Longitude":54.14011197,"GlobalID":"{21B0C01B-812C-4ABF-B859-4F2BF1DCF218}","NEAR_FID":13068,"NEAR_DIST":6.3305819148201792}},{"type":"Feature","id":457,"geometry":{"type":"Point","coordinates":[195540.5290000001,1886228.7290000003]},"properties":{"OBJECTID":457,"Asset_ID":"MH457","Name":null,"District_ID":"Jerziz Farm","Wlyt_ID":"Salalah","Gov_ID":"Dhofar Governorate","Road_ID":"102645","Mun_ID":" ","Latitude":17.040186769999998,"Longitude":54.140081410000001,"GlobalID":"{047F5C6A-B32D-44B8-A96B-84368674FB61}","NEAR_FID":9115,"NEAR_DIST":7.234231376113951}},{"type":"Feature","id":458,"geometry":{"type":"Point","coordinates":[195537.8814000003,1886258.6684000008]},"properties":{"OBJECTID":458,"Asset_ID":"MH458","Name":null,"District_ID":"Jerziz Farm","Wlyt_ID":"Salalah","Gov_ID":"Dhofar Governorate","Road_ID":"102645","Mun_ID":" ","Latitude":17.040456720000002,"Longitude":54.140052449999999,"GlobalID":"{131E772D-A967-4560-BABA-9AD326D631D8}","NEAR_FID":9115,"NEAR_DIST":7.0471638793656517}},{"type":"Feature","id":459,"geometry":{"type":"Point","coordinates":[195535.60479999986,1886288.7478]},"properties":{"OBJECTID":459,"Asset_ID":"MH459","Name":null,"District_ID":"Jerziz Farm","Wlyt_ID":"Salalah","Gov_ID":"Dhofar Governorate","Road_ID":"102645","Mun_ID":" ","Latitude":17.040727990000001,"Longitude":54.140026949999999,"GlobalID":"{DF47CC14-7214-49A4-9229-A8400A35F31A}","NEAR_FID":9115,"NEAR_DIST":6.6765984613311105}},{"type":"Feature","id":460,"geometry":{"type":"Point","coordinates":[195532.10450000037,1886348.5368000008]},"properties":{"OBJECTID":460,"Asset_ID":"MH460","Name":null,"District_ID":"Jerziz Farm","Wlyt_ID":"Salalah","Gov_ID":"Dhofar Governorate","Road_ID":"102645","Mun_ID":" ","Latitude":17.041267309999999,"Longitude":54.139985879999998,"GlobalID":"{A69D8B8E-99A7-40A8-AB49-583F0E07D503}","NEAR_FID":9115,"NEAR_DIST":6.7248794033173649}},{"type":"Feature","id":461,"geometry":{"type":"Point","coordinates":[195530.65319999959,1886378.3884999994]},"properties":{"OBJECTID":461,"Asset_ID":"MH461","Name":null,"District_ID":"Jerziz Farm","Wlyt_ID":"Salalah","Gov_ID":"Dhofar Governorate","Road_ID":"102645","Mun_ID":" ","Latitude":17.041536619999999,"Longitude":54.139968160000002,"GlobalID":"{9FA95333-8887-48EA-B5B6-99FA1E934F6C}","NEAR_FID":9115,"NEAR_DIST":6.7721784921788508}},{"type":"Feature","id":462,"geometry":{"type":"Point","coordinates":[195529.62870000023,1886408.1264999993]},"properties":{"OBJECTID":462,"Asset_ID":"MH462","Name":null,"District_ID":"Jerziz Farm","Wlyt_ID":"Salalah","Gov_ID":"Dhofar Governorate","Road_ID":"102645","Mun_ID":" ","Latitude":17.041804970000001,"Longitude":54.139954459999998,"GlobalID":"{3C325274-FB07-4A9B-841A-7CA8D4A5CD0B}","NEAR_FID":9115,"NEAR_DIST":6.7786211028363246}},{"type":"Feature","id":463,"geometry":{"type":"Point","coordinates":[195529.06979999971,1886438.5025999993]},"properties":{"OBJECTID":463,"Asset_ID":"MH463","Name":null,"District_ID":"Jerziz Farm","Wlyt_ID":"Salalah","Gov_ID":"Dhofar Governorate","Road_ID":"102645","Mun_ID":" ","Latitude":17.042079139999998,"Longitude":54.139945040000001,"GlobalID":"{2B7E2F8B-C42E-40BE-AB12-D78450818A35}","NEAR_FID":9115,"NEAR_DIST":6.9015819123663507}},{"type":"Feature","id":464,"geometry":{"type":"Point","coordinates":[195528.74419999961,1886468.3701000009]},"properties":{"OBJECTID":464,"Asset_ID":"MH464","Name":null,"District_ID":"Jerziz Farm","Wlyt_ID":"Salalah","Gov_ID":"Dhofar Governorate","Road_ID":"102645","Mun_ID":" ","Latitude":17.042348740000001,"Longitude":54.139937879999998,"GlobalID":"{516B8108-CE44-4BED-9154-B8ED0BE40E11}","NEAR_FID":9115,"NEAR_DIST":6.5758878709995532}},{"type":"Feature","id":465,"geometry":{"type":"Point","coordinates":[195528.87449999992,1886499.0135999992]},"properties":{"OBJECTID":465,"Asset_ID":"MH465","Name":null,"District_ID":"Jerziz Farm","Wlyt_ID":"Salalah","Gov_ID":"Dhofar Governorate","Road_ID":"102645","Mun_ID":" ","Latitude":17.042625409999999,"Longitude":54.139934889999999,"GlobalID":"{BDF22A52-BD7A-4BB0-95E5-4FFAD70807B0}","NEAR_FID":9115,"NEAR_DIST":6.7061038591452506}},{"type":"Feature","id":466,"geometry":{"type":"Point","coordinates":[195529.26530000009,1886528.9406000003]},"properties":{"OBJECTID":466,"Asset_ID":"MH466","Name":null,"District_ID":"Jerziz Farm","Wlyt_ID":"Salalah","Gov_ID":"Dhofar Governorate","Road_ID":"102645","Mun_ID":" ","Latitude":17.042895649999998,"Longitude":54.139934449999998,"GlobalID":"{1B605437-1534-4C14-95F7-9F7E3B6611B0}","NEAR_FID":9115,"NEAR_DIST":6.56270841267997}},{"type":"Feature","id":467,"geometry":{"type":"Point","coordinates":[195530.02469999995,1886558.5315000005]},"properties":{"OBJECTID":467,"Asset_ID":"MH467","Name":null,"District_ID":"Jerziz Farm","Wlyt_ID":"Salalah","Gov_ID":"Dhofar Governorate","Road_ID":"102645","Mun_ID":" ","Latitude":17.043162909999999,"Longitude":54.139937510000003,"GlobalID":"{C8DAD1EF-9C99-4EC8-AA32-9775173BB11E}","NEAR_FID":9115,"NEAR_DIST":6.5385540889185334}},{"type":"Feature","id":468,"geometry":{"type":"Point","coordinates":[195531.1501000002,1886588.2930999994]},"properties":{"OBJECTID":468,"Asset_ID":"MH468","Name":null,"District_ID":null,"Wlyt_ID":"Salalah","Gov_ID":"Dhofar Governorate","Road_ID":"102645","Mun_ID":" ","Latitude":17.04343175,"Longitude":54.139943979999998,"GlobalID":"{74DC5C48-56AB-4FFE-92B2-29E7F826AF09}","NEAR_FID":9115,"NEAR_DIST":6.612200678047107}},{"type":"Feature","id":469,"geometry":{"type":"Point","coordinates":[195532.72240000032,1886618.7199000008]},"properties":{"OBJECTID":469,"Asset_ID":"MH469","Name":null,"District_ID":null,"Wlyt_ID":"Salalah","Gov_ID":"Dhofar Governorate","Road_ID":"102645","Mun_ID":" ","Latitude":17.043706650000001,"Longitude":54.139954549999999,"GlobalID":"{5A88AF34-F543-4FFA-8EEE-3D0F500FF82A}","NEAR_FID":9115,"NEAR_DIST":6.4354228358160865}},{"type":"Feature","id":470,"geometry":{"type":"Point","coordinates":[195534.65649999958,1886648.7583000008]},"properties":{"OBJECTID":470,"Asset_ID":"MH470","Name":null,"District_ID":null,"Wlyt_ID":"Salalah","Gov_ID":"Dhofar Governorate","Road_ID":"102645","Mun_ID":" ","Latitude":17.0439781,"Longitude":54.139968580000001,"GlobalID":"{A85EE55A-0CC8-4E77-A9FC-67AFAD76ECF1}","NEAR_FID":9115,"NEAR_DIST":6.5674952110008915}},{"type":"Feature","id":471,"geometry":{"type":"Point","coordinates":[195584.80649999995,1887034.8626000006]},"properties":{"OBJECTID":471,"Asset_ID":"MH471","Name":null,"District_ID":"Jerziz Farm","Wlyt_ID":"Salalah","Gov_ID":"Dhofar Governorate","Road_ID":"102645","Mun_ID":" ","Latitude":17.04747055,"Longitude":54.14038618,"GlobalID":"{A6061BF7-1558-4B25-B1E2-BE1441FD1899}","NEAR_FID":14470,"NEAR_DIST":6.2873905327011581}},{"type":"Feature","id":472,"geometry":{"type":"Point","coordinates":[195579.31730000023,1887001.0318999998]},"properties":{"OBJECTID":472,"Asset_ID":"MH472","Name":null,"District_ID":"Jerziz Farm","Wlyt_ID":"Salalah","Gov_ID":"Dhofar Governorate","Road_ID":"102645","Mun_ID":" ","Latitude":17.0471644,"Longitude":54.140339310000002,"GlobalID":"{C5DED042-E49E-4433-8736-A878918221FF}","NEAR_FID":14470,"NEAR_DIST":6.2979285930587183}},{"type":"Feature","id":473,"geometry":{"type":"Point","coordinates":[195575.02259999979,1886976.3717]},"properties":{"OBJECTID":473,"Asset_ID":"MH473","Name":null,"District_ID":"Jerziz Farm","Wlyt_ID":"Salalah","Gov_ID":"Dhofar Governorate","Road_ID":"102645","Mun_ID":" ","Latitude":17.046941189999998,"Longitude":54.140302400000003,"GlobalID":"{D3D94B3C-600B-4BA5-8643-730DE0B043BB}","NEAR_FID":14470,"NEAR_DIST":6.6350552045389675}},{"type":"Feature","id":474,"geometry":{"type":"Point","coordinates":[195570.36369999964,1886947.0611000005]},"properties":{"OBJECTID":474,"Asset_ID":"MH474","Name":null,"District_ID":"Jerziz Farm","Wlyt_ID":"Salalah","Gov_ID":"Dhofar Governorate","Road_ID":"102645","Mun_ID":" ","Latitude":17.046675960000002,"Longitude":54.140262700000001,"GlobalID":"{B1454626-150D-4D80-AAE2-1E117541D113}","NEAR_FID":14470,"NEAR_DIST":6.6291314972610449}},{"type":"Feature","id":475,"geometry":{"type":"Point","coordinates":[195565.87200000044,1886916.7960000001]},"properties":{"OBJECTID":475,"Asset_ID":"MH475","Name":null,"District_ID":"Jerziz Farm","Wlyt_ID":"Salalah","Gov_ID":"Dhofar Governorate","Road_ID":"102645","Mun_ID":" ","Latitude":17.04640212,"Longitude":54.140224699999997,"GlobalID":"{59F2DAD4-990B-4679-879F-0617381569B1}","NEAR_FID":14470,"NEAR_DIST":6.5594979949806715}},{"type":"Feature","id":476,"geometry":{"type":"Point","coordinates":[195561.33349999972,1886886.3173999991]},"properties":{"OBJECTID":476,"Asset_ID":"MH476","Name":null,"District_ID":"Jerziz Farm","Wlyt_ID":"Salalah","Gov_ID":"Dhofar Governorate","Road_ID":"102645","Mun_ID":" ","Latitude":17.046126359999999,"Longitude":54.140186300000003,"GlobalID":"{6D44E7DA-E7CF-4CD9-B1DC-E77B9F7C342B}","NEAR_FID":14470,"NEAR_DIST":6.848651066060703}},{"type":"Feature","id":477,"geometry":{"type":"Point","coordinates":[195557.26449999958,1886856.7726000007]},"properties":{"OBJECTID":477,"Asset_ID":"MH477","Name":null,"District_ID":"Jerziz Farm","Wlyt_ID":"Salalah","Gov_ID":"Dhofar Governorate","Road_ID":"102645","Mun_ID":" ","Latitude":17.04585908,"Longitude":54.14015217,"GlobalID":"{9B24E69A-D49B-4088-BA79-72129DA0FCB8}","NEAR_FID":9115,"NEAR_DIST":6.7655485704682938}},{"type":"Feature","id":478,"geometry":{"type":"Point","coordinates":[195553.47420000006,1886827.6546]},"properties":{"OBJECTID":478,"Asset_ID":"MH478","Name":null,"District_ID":"Jerziz Farm","Wlyt_ID":"Salalah","Gov_ID":"Dhofar Governorate","Road_ID":"102645","Mun_ID":" ","Latitude":17.0455957,"Longitude":54.140120600000003,"GlobalID":"{119489C6-7D8A-4C01-8DC8-5704F29BDBCA}","NEAR_FID":14470,"NEAR_DIST":6.828986919118929}},{"type":"Feature","id":479,"geometry":{"type":"Point","coordinates":[195549.41930000018,1886798.4166000001]},"properties":{"OBJECTID":479,"Asset_ID":"MH479","Name":null,"District_ID":"Jerziz Farm","Wlyt_ID":"Salalah","Gov_ID":"Dhofar Governorate","Road_ID":"102645","Mun_ID":" ","Latitude":17.0453312,"Longitude":54.14008656,"GlobalID":"{4D859B05-A788-4BA6-B842-F7F9E7D157A9}","NEAR_FID":9115,"NEAR_DIST":6.7127281337845695}},{"type":"Feature","id":480,"geometry":{"type":"Point","coordinates":[195545.5214999998,1886768.2566999998]},"properties":{"OBJECTID":480,"Asset_ID":"MH480","Name":null,"District_ID":"Jerziz Farm","Wlyt_ID":"Salalah","Gov_ID":"Dhofar Governorate","Road_ID":"102645","Mun_ID":" ","Latitude":17.045058390000001,"Longitude":54.140054120000002,"GlobalID":"{2C7EA19B-BD3F-48C4-A5D5-A0716B4F9900}","NEAR_FID":9115,"NEAR_DIST":6.4603598569501077}},{"type":"Feature","id":481,"geometry":{"type":"Point","coordinates":[195542.37650000025,1886738.2331000008]},"properties":{"OBJECTID":481,"Asset_ID":"MH481","Name":null,"District_ID":"Jerziz Farm","Wlyt_ID":"Salalah","Gov_ID":"Dhofar Governorate","Road_ID":"102645","Mun_ID":" ","Latitude":17.04478692,"Longitude":54.140028729999997,"GlobalID":"{426E5310-29B6-492E-9F74-8D6EC372A884}","NEAR_FID":9115,"NEAR_DIST":6.7895942729710654}},{"type":"Feature","id":482,"geometry":{"type":"Point","coordinates":[195539.33389999997,1886707.8998000007]},"properties":{"OBJECTID":482,"Asset_ID":"MH482","Name":null,"District_ID":"Jerziz Farm","Wlyt_ID":"Salalah","Gov_ID":"Dhofar Governorate","Road_ID":"102645","Mun_ID":" ","Latitude":17.044512659999999,"Longitude":54.140004349999998,"GlobalID":"{039AFEAE-242C-4FD9-A7F7-5668E8D3E702}","NEAR_FID":9115,"NEAR_DIST":6.4198504083874299}},{"type":"Feature","id":483,"geometry":{"type":"Point","coordinates":[195537.11230000015,1886679.8992999997]},"properties":{"OBJECTID":483,"Asset_ID":"MH483","Name":null,"District_ID":null,"Wlyt_ID":"Salalah","Gov_ID":"Dhofar Governorate","Road_ID":"102645","Mun_ID":" ","Latitude":17.044259570000001,"Longitude":54.139987349999998,"GlobalID":"{D917AB2B-8195-424B-8B7B-DE0677D6BC4B}","NEAR_FID":9115,"NEAR_DIST":6.4913309234274275}},{"type":"Feature","id":484,"geometry":{"type":"Point","coordinates":[193358.50030000042,1884181.3685999997]},"properties":{"OBJECTID":484,"Asset_ID":"MH484","Name":null,"District_ID":"al Huseela","Wlyt_ID":"Salalah","Gov_ID":"Dhofar Governorate","Road_ID":"103812","Mun_ID":"M157","Latitude":17.0214137,"Longitude":54.119886579999999,"GlobalID":"{D17F3698-3BDB-4135-9AF3-494A65B061BF}","NEAR_FID":10182,"NEAR_DIST":11.001970020304025}},{"type":"Feature","id":485,"geometry":{"type":"Point","coordinates":[193307.34800000023,1884162.0932]},"properties":{"OBJECTID":485,"Asset_ID":"MH485","Name":null,"District_ID":"al Huseela","Wlyt_ID":"Salalah","Gov_ID":"Dhofar Governorate","Road_ID":"103812","Mun_ID":"M156","Latitude":17.021232879999999,"Longitude":54.119409240000003,"GlobalID":"{22E8011D-F208-45B7-943B-ED2A0FC5CCF8}","NEAR_FID":13425,"NEAR_DIST":1.2866542942963386}},{"type":"Feature","id":486,"geometry":{"type":"Point","coordinates":[193283.61830000021,1884154.2895999998]},"properties":{"OBJECTID":486,"Asset_ID":"MH486","Name":null,"District_ID":"al Huseela","Wlyt_ID":"Salalah","Gov_ID":"Dhofar Governorate","Road_ID":"103812","Mun_ID":"M155","Latitude":17.021159269999998,"Longitude":54.11918764,"GlobalID":"{3F2FE07F-9D87-45C2-B79C-5D5293B4D231}","NEAR_FID":8294,"NEAR_DIST":3.3526868042896916}},{"type":"Feature","id":487,"geometry":{"type":"Point","coordinates":[193248.15029999986,1884146.6929000001]},"properties":{"OBJECTID":487,"Asset_ID":"MH487","Name":null,"District_ID":"al Huseela","Wlyt_ID":"Salalah","Gov_ID":"Dhofar Governorate","Road_ID":"103812","Mun_ID":"M154","Latitude":17.021085970000001,"Longitude":54.118855869999997,"GlobalID":"{87C0E5C4-7936-495B-B898-00F9B4F35DC0}","NEAR_FID":8294,"NEAR_DIST":3.7585549544933929}},{"type":"Feature","id":488,"geometry":{"type":"Point","coordinates":[193203.4327999996,1884138.7737000007]},"properties":{"OBJECTID":488,"Asset_ID":"MH488","Name":null,"District_ID":"al Huseela","Wlyt_ID":"Salalah","Gov_ID":"Dhofar Governorate","Road_ID":"103812","Mun_ID":"M153","Latitude":17.02100853,"Longitude":54.11843734,"GlobalID":"{387718E3-4127-420A-A861-8106F132A35E}","NEAR_FID":6576,"NEAR_DIST":4.5992550615658354}},{"type":"Feature","id":489,"geometry":{"type":"Point","coordinates":[193152.90070000011,1884128.1130999997]},"properties":{"OBJECTID":489,"Asset_ID":"MH489","Name":null,"District_ID":"al Huseela","Wlyt_ID":"Salalah","Gov_ID":"Dhofar Governorate","Road_ID":"103812","Mun_ID":"M152","Latitude":17.020905559999999,"Longitude":54.117964630000003,"GlobalID":"{C6786AD2-7E89-4B79-82D0-4121B1B42B80}","NEAR_FID":6576,"NEAR_DIST":3.631923601512236}},{"type":"Feature","id":490,"geometry":{"type":"Point","coordinates":[193100.76370000001,1884117.8533999994]},"properties":{"OBJECTID":490,"Asset_ID":"MH490","Name":null,"District_ID":"al Huseela","Wlyt_ID":"Salalah","Gov_ID":"Dhofar Governorate","Road_ID":"103812","Mun_ID":"M151","Latitude":17.020806,"Longitude":54.117476809999999,"GlobalID":"{26F3003E-574A-4D44-B0CB-419FF8523BF4}","NEAR_FID":10179,"NEAR_DIST":1.7230158291054123}},{"type":"Feature","id":491,"geometry":{"type":"Point","coordinates":[193051.87160000019,1884108.4348000009]},"properties":{"OBJECTID":491,"Asset_ID":"MH491","Name":null,"District_ID":"al Huseela","Wlyt_ID":"Salalah","Gov_ID":"Dhofar Governorate","Road_ID":"103812","Mun_ID":"M150","Latitude":17.020714460000001,"Longitude":54.117019319999997,"GlobalID":"{308223F5-D5F5-466E-A276-4E2BD4261258}","NEAR_FID":16019,"NEAR_DIST":3.1189351982941642}},{"type":"Feature","id":492,"geometry":{"type":"Point","coordinates":[192996.3543999996,1884097.4691000003]},"properties":{"OBJECTID":492,"Asset_ID":"MH492","Name":null,"District_ID":"al Huseela","Wlyt_ID":"Salalah","Gov_ID":"Dhofar Governorate","Road_ID":"103812","Mun_ID":"M149","Latitude":17.020608079999999,"Longitude":54.116499879999999,"GlobalID":"{F0E60A6E-8D6E-43BF-8CDF-C061F9F1B319}","NEAR_FID":16019,"NEAR_DIST":3.3068285823828769}},{"type":"Feature","id":493,"geometry":{"type":"Point","coordinates":[190209.27550000045,1883495.6032999996]},"properties":{"OBJECTID":493,"Asset_ID":"MH493","Name":null,"District_ID":"Salalah al Jadida","Wlyt_ID":"Salalah","Gov_ID":"Dhofar Governorate","Road_ID":"104191","Mun_ID":"M90","Latitude":17.01480188,"Longitude":54.090430980000001,"GlobalID":"{5C723842-9909-4824-9911-B082F5E59B74}","NEAR_FID":11866,"NEAR_DIST":2.8499339909783425}},{"type":"Feature","id":494,"geometry":{"type":"Point","coordinates":[189690.29870000016,1883345.5302000009]},"properties":{"OBJECTID":494,"Asset_ID":"MH494","Name":null,"District_ID":"Salalah al Jadida","Wlyt_ID":"Salalah","Gov_ID":"Dhofar Governorate","Road_ID":"104216","Mun_ID":"M08","Latitude":17.013377309999999,"Longitude":54.085582289999998,"GlobalID":"{DB670DD6-6E5F-4D04-A39B-1C12B905968E}","NEAR_FID":18835,"NEAR_DIST":6.4410146112566906}},{"type":"Feature","id":495,"geometry":{"type":"Point","coordinates":[189682.21889999975,1883388.5073000006]},"properties":{"OBJECTID":495,"Asset_ID":"MH495","Name":null,"District_ID":"Salalah al Jadida","Wlyt_ID":"Salalah","Gov_ID":"Dhofar Governorate","Road_ID":"104189","Mun_ID":"M09","Latitude":17.013764210000001,"Longitude":54.085500469999999,"GlobalID":"{4F837DF1-4FF4-4BCF-851C-6E2981CC3817}","NEAR_FID":6621,"NEAR_DIST":12.221318418997186}},{"type":"Feature","id":496,"geometry":{"type":"Point","coordinates":[189674.73029999994,1883436.7630000003]},"properties":{"OBJECTID":496,"Asset_ID":"MH496","Name":null,"District_ID":"Salalah al Jadida","Wlyt_ID":"Salalah","Gov_ID":"Dhofar Governorate","Road_ID":"104414","Mun_ID":"M10","Latitude":17.01419885,"Longitude":54.085423460000001,"GlobalID":"{9020B783-BE59-4B7B-950F-E249696A4FF0}","NEAR_FID":17408,"NEAR_DIST":0.90507923837513837}},{"type":"Feature","id":497,"geometry":{"type":"Point","coordinates":[189668.19280000031,1883475.2839000002]},"properties":{"OBJECTID":497,"Asset_ID":"MH497","Name":null,"District_ID":"Salalah al Jadida","Wlyt_ID":"Salalah","Gov_ID":"Dhofar Governorate","Road_ID":"104189","Mun_ID":"M11","Latitude":17.014545729999998,"Longitude":54.085356730000001,"GlobalID":"{8C3CAC2A-A9C1-4166-844A-A97133FDD0E1}","NEAR_FID":6541,"NEAR_DIST":10.146570527694664}},{"type":"Feature","id":498,"geometry":{"type":"Point","coordinates":[189663.57529999968,1883502.4403000008]},"properties":{"OBJECTID":498,"Asset_ID":"MH498","Name":null,"District_ID":"Salalah al Jadida","Wlyt_ID":"Salalah","Gov_ID":"Dhofar Governorate","Road_ID":"104189","Mun_ID":" ","Latitude":17.014790269999999,"Longitude":54.085309610000003,"GlobalID":"{CEE51E5B-A03B-4F57-BEC1-8F65AB18B6A9}","NEAR_FID":12858,"NEAR_DIST":9.822691696723572}},{"type":"Feature","id":499,"geometry":{"type":"Point","coordinates":[189654.31830000039,1883552.0724999998]},"properties":{"OBJECTID":499,"Asset_ID":"MH499","Name":null,"District_ID":"Salalah al Jadida","Wlyt_ID":"Salalah","Gov_ID":"Dhofar Governorate","Road_ID":"104421","Mun_ID":"M13","Latitude":17.015237089999999,"Longitude":54.085215810000001,"GlobalID":"{DCACA908-6196-468E-98DC-6C50F329A1A9}","NEAR_FID":4790,"NEAR_DIST":0.84811624755444459}},{"type":"Feature","id":500,"geometry":{"type":"Point","coordinates":[189647.22709999979,1883590.5473999996]},"properties":{"OBJECTID":500,"Asset_ID":"MH500","Name":null,"District_ID":"Salalah al Jadida","Wlyt_ID":"Salalah","Gov_ID":"Dhofar Governorate","Road_ID":"104189","Mun_ID":"M14","Latitude":17.01558348,"Longitude":54.085143889999998,"GlobalID":"{3978BF06-1FC1-4EFC-80E3-45A99B15FC16}","NEAR_FID":9981,"NEAR_DIST":10.535349301373165}},{"type":"Feature","id":501,"geometry":{"type":"Point","coordinates":[189640.24100000039,1883822.5554000009]},"properties":{"OBJECTID":501,"Asset_ID":"MH501","Name":null,"District_ID":"Salalah al Jadida","Wlyt_ID":"Salalah","Gov_ID":"Dhofar Governorate","Road_ID":"104187","Mun_ID":" ","Latitude":17.01767706,"Longitude":54.085045899999997,"GlobalID":"{8BFE4864-C204-49F5-9070-6BFD7C7183A7}","NEAR_FID":16562,"NEAR_DIST":0.29719330979950265}},{"type":"Feature","id":502,"geometry":{"type":"Point","coordinates":[189641.20239999983,1883822.9310999997]},"properties":{"OBJECTID":502,"Asset_ID":"MH502","Name":null,"District_ID":"Salalah al Jadida","Wlyt_ID":"Salalah","Gov_ID":"Dhofar Governorate","Road_ID":"104187","Mun_ID":" ","Latitude":17.01768058,"Longitude":54.08505487,"GlobalID":"{7D777303-19D6-4520-B862-1EF27328AF96}","NEAR_FID":16562,"NEAR_DIST":0.85042653103313626}},{"type":"Feature","id":503,"geometry":{"type":"Point","coordinates":[189605.96079999954,1883827.3258999996]},"properties":{"OBJECTID":503,"Asset_ID":"MH503","Name":null,"District_ID":"Salalah al Jadida","Wlyt_ID":"Salalah","Gov_ID":"Dhofar Governorate","Road_ID":"104187","Mun_ID":"M21","Latitude":17.017715509999999,"Longitude":54.084723570000001,"GlobalID":"{D760FF3C-710E-4CE8-97A1-52544B8C33A5}","NEAR_FID":7119,"NEAR_DIST":2.1482966054738624}},{"type":"Feature","id":504,"geometry":{"type":"Point","coordinates":[189600.65380000044,1883906.9244999997]},"properties":{"OBJECTID":504,"Asset_ID":"MH504","Name":null,"District_ID":"Salalah al Jadida","Wlyt_ID":"Salalah","Gov_ID":"Dhofar Governorate","Road_ID":"104189","Mun_ID":"M23","Latitude":17.018433389999998,"Longitude":54.084662639999998,"GlobalID":"{5572B5B7-F921-449A-80C0-90DD25DE4F78}","NEAR_FID":5493,"NEAR_DIST":9.8273267262214894}},{"type":"Feature","id":505,"geometry":{"type":"Point","coordinates":[189596.38310000021,1883949.9394000005]},"properties":{"OBJECTID":505,"Asset_ID":"MH505","Name":null,"District_ID":"Salalah al Jadida","Wlyt_ID":"Salalah","Gov_ID":"Dhofar Governorate","Road_ID":"104189","Mun_ID":"M24","Latitude":17.018821150000001,"Longitude":54.08461655,"GlobalID":"{E452B22D-9C9A-4509-B1AF-61DCC356B100}","NEAR_FID":8244,"NEAR_DIST":9.8122128353466813}},{"type":"Feature","id":506,"geometry":{"type":"Point","coordinates":[189593.6958999997,1883976.7818999998]},"properties":{"OBJECTID":506,"Asset_ID":"MH506","Name":null,"District_ID":"Salalah al Jadida","Wlyt_ID":"Salalah","Gov_ID":"Dhofar Governorate","Road_ID":"104189","Mun_ID":"M25","Latitude":17.019063110000001,"Longitude":54.084587579999997,"GlobalID":"{34B29E33-7DBA-47BD-BAAB-2FB6F9823FFF}","NEAR_FID":6626,"NEAR_DIST":9.6597846485937744}},{"type":"Feature","id":507,"geometry":{"type":"Point","coordinates":[189588.09819999989,1884030.9794999994]},"properties":{"OBJECTID":507,"Asset_ID":"MH507","Name":null,"District_ID":"Salalah al Jadida","Wlyt_ID":"Salalah","Gov_ID":"Dhofar Governorate","Road_ID":"104189","Mun_ID":"M26","Latitude":17.01955164,"Longitude":54.084527469999998,"GlobalID":"{E3D76CC9-BD52-4DC7-AD28-85A199D5B034}","NEAR_FID":9711,"NEAR_DIST":9.8801284646182754}},{"type":"Feature","id":508,"geometry":{"type":"Point","coordinates":[189584.54000000004,1884065.8205999993]},"properties":{"OBJECTID":508,"Asset_ID":"MH508","Name":null,"District_ID":"Salalah al Jadida","Wlyt_ID":"Salalah","Gov_ID":"Dhofar Governorate","Road_ID":"104189","Mun_ID":"M28","Latitude":17.0198657,"Longitude":54.084489210000001,"GlobalID":"{C7D47CB6-9C47-427B-ACB9-0180AE152E6C}","NEAR_FID":18194,"NEAR_DIST":10.140791668812597}},{"type":"Feature","id":509,"geometry":{"type":"Point","coordinates":[189572.49969999958,1884182.5092999991]},"properties":{"OBJECTID":509,"Asset_ID":"MH509","Name":null,"District_ID":"Salalah al Jadida","Wlyt_ID":"Salalah","Gov_ID":"Dhofar Governorate","Road_ID":"104189","Mun_ID":"M31","Latitude":17.020917520000001,"Longitude":54.084359910000003,"GlobalID":"{11E13B71-A6C1-4662-B7DD-165C79BFDE42}","NEAR_FID":10911,"NEAR_DIST":10.352832359391632}},{"type":"Feature","id":510,"geometry":{"type":"Point","coordinates":[189568.09250000026,1884229.9701000005]},"properties":{"OBJECTID":510,"Asset_ID":"MH510","Name":null,"District_ID":"Salalah al Jadida","Wlyt_ID":"Salalah","Gov_ID":"Dhofar Governorate","Road_ID":"104189","Mun_ID":"M32","Latitude":17.02134539,"Longitude":54.084311909999997,"GlobalID":"{910AB3E5-A9CE-43A5-AFCE-498F209378B4}","NEAR_FID":16645,"NEAR_DIST":9.6815783444639898}},{"type":"Feature","id":511,"geometry":{"type":"Point","coordinates":[189561.86479999963,1884253.7112000007]},"properties":{"OBJECTID":511,"Asset_ID":"MH511","Name":null,"District_ID":"Salalah al Jadida","Wlyt_ID":"Salalah","Gov_ID":"Dhofar Governorate","Road_ID":"104189","Mun_ID":"M33","Latitude":17.021558880000001,"Longitude":54.084250150000003,"GlobalID":"{7C43A2D7-4639-4C07-8154-E99C13709698}","NEAR_FID":6473,"NEAR_DIST":12.506377317753733}},{"type":"Feature","id":512,"geometry":{"type":"Point","coordinates":[189584.88430000003,1884244.9759]},"properties":{"OBJECTID":512,"Asset_ID":"MH512","Name":null,"District_ID":"Salalah al Jadida","Wlyt_ID":"Salalah","Gov_ID":"Dhofar Governorate","Road_ID":"104418","Mun_ID":" ","Latitude":17.021483119999999,"Longitude":54.08446738,"GlobalID":"{8182F767-9FB0-45DD-A5A6-C2A2FD0A15F7}","NEAR_FID":7423,"NEAR_DIST":7.5316217958211382}},{"type":"Feature","id":513,"geometry":{"type":"Point","coordinates":[189585.19919999968,1884253.0142999999]},"properties":{"OBJECTID":513,"Asset_ID":"MH513","Name":null,"District_ID":"Salalah al Jadida","Wlyt_ID":"Salalah","Gov_ID":"Dhofar Governorate","Road_ID":"104189","Mun_ID":"M34","Latitude":17.021555729999999,"Longitude":54.084469210000002,"GlobalID":"{18710072-A582-4996-957D-14FAC896ECE1}","NEAR_FID":9622,"NEAR_DIST":9.602257755646324}},{"type":"Feature","id":514,"geometry":{"type":"Point","coordinates":[189616.09350000042,1884029.1996999998]},"properties":{"OBJECTID":514,"Asset_ID":"MH514","Name":null,"District_ID":"Salalah al Jadida","Wlyt_ID":"Salalah","Gov_ID":"Dhofar Governorate","Road_ID":"104189","Mun_ID":"M27","Latitude":17.019539340000001,"Longitude":54.084790409999997,"GlobalID":"{A6E14883-BBBD-4F42-A562-5472E2D03E76}","NEAR_FID":9711,"NEAR_DIST":17.823062700601646}},{"type":"Feature","id":515,"geometry":{"type":"Point","coordinates":[189613.67030000035,1883780.7956000008]},"properties":{"OBJECTID":515,"Asset_ID":"MH515","Name":null,"District_ID":"Salalah al Jadida","Wlyt_ID":"Salalah","Gov_ID":"Dhofar Governorate","Road_ID":"104373","Mun_ID":"M19","Latitude":17.017296479999999,"Longitude":54.084802420000003,"GlobalID":"{BC05A7AF-7EC1-4586-8E4B-5E27AC9C48A7}","NEAR_FID":18309,"NEAR_DIST":5.682310545948364}},{"type":"Feature","id":516,"geometry":{"type":"Point","coordinates":[189680.44799999986,1883400.4776000008]},"properties":{"OBJECTID":516,"Asset_ID":"MH516","Name":null,"District_ID":"Salalah al Jadida","Wlyt_ID":"Salalah","Gov_ID":"Dhofar Governorate","Road_ID":"104211","Mun_ID":" ","Latitude":17.013872039999999,"Longitude":54.08548218,"GlobalID":"{B87060C4-EA02-4130-9B2A-C2686CEB3966}","NEAR_FID":10337,"NEAR_DIST":5.0548230478499114}},{"type":"Feature","id":517,"geometry":{"type":"Point","coordinates":[189695.39749999996,1883325.2027000003]},"properties":{"OBJECTID":517,"Asset_ID":"MH517","Name":null,"District_ID":"Salalah al Jadida","Wlyt_ID":"Salalah","Gov_ID":"Dhofar Governorate","Road_ID":"103812","Mun_ID":"M07","Latitude":17.01319449,"Longitude":54.08563298,"GlobalID":"{901720E5-F34C-4ADB-BFCC-1F0E188EF848}","NEAR_FID":18599,"NEAR_DIST":2.5608608634749386}},{"type":"Feature","id":518,"geometry":{"type":"Point","coordinates":[189724.11409999989,1883276.1738000009]},"properties":{"OBJECTID":518,"Asset_ID":"MH518","Name":null,"District_ID":"Salalah al Gharbiyya","Wlyt_ID":"Salalah","Gov_ID":"Dhofar Governorate","Road_ID":"104561","Mun_ID":"M05","Latitude":17.012755729999999,"Longitude":54.085909280000003,"GlobalID":"{8EBE185A-59F0-4FE0-A9FE-8E798C15C985}","NEAR_FID":17530,"NEAR_DIST":9.1607481863484921}},{"type":"Feature","id":519,"geometry":{"type":"Point","coordinates":[189728.09559999965,1883240.2358999997]},"properties":{"OBJECTID":519,"Asset_ID":"MH519","Name":null,"District_ID":"Salalah al Gharbiyya","Wlyt_ID":"Salalah","Gov_ID":"Dhofar Governorate","Road_ID":"104471","Mun_ID":"M04","Latitude":17.01243182,"Longitude":54.085951659999999,"GlobalID":"{A5A031DF-B3C0-4F86-BA6A-994E459FB1CB}","NEAR_FID":10127,"NEAR_DIST":3.7264265726259298}},{"type":"Feature","id":520,"geometry":{"type":"Point","coordinates":[189733.16420000046,1883192.8000000007]},"properties":{"OBJECTID":520,"Asset_ID":"MH520","Name":null,"District_ID":"Salalah al Gharbiyya","Wlyt_ID":"Salalah","Gov_ID":"Dhofar Governorate","Road_ID":"104474","Mun_ID":"M03","Latitude":17.012004260000001,"Longitude":54.086005849999999,"GlobalID":"{7EC0BAB8-52B1-41B2-AC61-3C2A1C775E3A}","NEAR_FID":12291,"NEAR_DIST":7.3289189419805769}},{"type":"Feature","id":521,"geometry":{"type":"Point","coordinates":[189739.71530000027,1883145.1970000006]},"properties":{"OBJECTID":521,"Asset_ID":"MH521","Name":null,"District_ID":"Salalah al Gharbiyya","Wlyt_ID":"Salalah","Gov_ID":"Dhofar Governorate","Road_ID":"104561","Mun_ID":"M02","Latitude":17.011575390000001,"Longitude":54.086073970000001,"GlobalID":"{3BE403AE-5B16-45C7-B775-17FD116C0F01}","NEAR_FID":7315,"NEAR_DIST":8.9949059778751739}},{"type":"Feature","id":522,"geometry":{"type":"Point","coordinates":[187890.2818,1882715.3062999994]},"properties":{"OBJECTID":522,"Asset_ID":"MH522","Name":null,"District_ID":"Salalah al Gharbiyya","Wlyt_ID":"Salalah","Gov_ID":"Dhofar Governorate","Road_ID":"103812","Mun_ID":"M21","Latitude":17.007445109999999,"Longitude":54.068781229999999,"GlobalID":"{29520BE2-DF73-4508-A29E-7A58383E7338}","NEAR_FID":11144,"NEAR_DIST":15.593925860311039}},{"type":"Feature","id":523,"geometry":{"type":"Point","coordinates":[187852.37399999984,1882682.0865000002]},"properties":{"OBJECTID":523,"Asset_ID":"MH523","Name":null,"District_ID":"Salalah al Gharbiyya","Wlyt_ID":"Salalah","Gov_ID":"Dhofar Governorate","Road_ID":"104447","Mun_ID":"M20","Latitude":17.00714009,"Longitude":54.068430220000003,"GlobalID":"{65809764-9E8A-40D8-ACBE-D106593E337A}","NEAR_FID":18532,"NEAR_DIST":9.9247515770448107}},{"type":"Feature","id":524,"geometry":{"type":"Point","coordinates":[187760.74120000005,1882680.3342000004]},"properties":{"OBJECTID":524,"Asset_ID":"MH524","Name":null,"District_ID":"al Wadi","Wlyt_ID":"Salalah","Gov_ID":"Dhofar Governorate","Road_ID":"103812","Mun_ID":"M19","Latitude":17.00711188,"Longitude":54.067570699999997,"GlobalID":"{F5AB24BA-665B-4C08-BBB8-CCF67CD84C37}","NEAR_FID":17312,"NEAR_DIST":9.5561344069397887}},{"type":"Feature","id":525,"geometry":{"type":"Point","coordinates":[187714.03600000031,1882669.5329999998]},"properties":{"OBJECTID":525,"Asset_ID":"MH525","Name":null,"District_ID":"al Wadi","Wlyt_ID":"Salalah","Gov_ID":"Dhofar Governorate","Road_ID":"103812","Mun_ID":"M18","Latitude":17.00700805,"Longitude":54.067134000000003,"GlobalID":"{10655D71-E670-482B-AA0D-8FB38B2682C2}","NEAR_FID":17312,"NEAR_DIST":8.4791432586485271}},{"type":"Feature","id":526,"geometry":{"type":"Point","coordinates":[187666.86899999995,1882652.9692000002]},"properties":{"OBJECTID":526,"Asset_ID":"MH526","Name":null,"District_ID":"al Wadi","Wlyt_ID":"Salalah","Gov_ID":"Dhofar Governorate","Road_ID":"103812","Mun_ID":"M17","Latitude":17.006852129999999,"Longitude":54.066693780000001,"GlobalID":"{19AC64BF-F4F3-44DB-9113-33BBEC47CAC4}","NEAR_FID":17312,"NEAR_DIST":8.6083304293290794}},{"type":"Feature","id":527,"geometry":{"type":"Point","coordinates":[187620.30719999969,1882635.7562000006]},"properties":{"OBJECTID":527,"Asset_ID":"MH527","Name":null,"District_ID":"al Wadi","Wlyt_ID":"Salalah","Gov_ID":"Dhofar Governorate","Road_ID":"103812","Mun_ID":"M16","Latitude":17.00669044,"Longitude":54.066259330000001,"GlobalID":"{0215A752-9568-4D90-8AB9-C1CEC2831518}","NEAR_FID":17312,"NEAR_DIST":8.5008649202780067}},{"type":"Feature","id":528,"geometry":{"type":"Point","coordinates":[187574.63669999968,1882615.7173999995]},"properties":{"OBJECTID":528,"Asset_ID":"MH528","Name":null,"District_ID":"al Wadi","Wlyt_ID":"Salalah","Gov_ID":"Dhofar Governorate","Road_ID":"103812","Mun_ID":"M15","Latitude":17.00650336,"Longitude":54.065833640000001,"GlobalID":"{09AC3453-3B4F-4544-AC19-121E4BF5C0B2}","NEAR_FID":17312,"NEAR_DIST":10.945409450795127}},{"type":"Feature","id":529,"geometry":{"type":"Point","coordinates":[186811.38640000019,1882429.9486999996]},"properties":{"OBJECTID":529,"Asset_ID":"MH529","Name":null,"District_ID":"al Wadi","Wlyt_ID":"Salalah","Gov_ID":"Dhofar Governorate","Road_ID":"100002","Mun_ID":" ","Latitude":17.004722900000001,"Longitude":54.058698569999997,"GlobalID":"{ACC84BB8-8F69-4A6A-80A8-61E0C8E12A59}","NEAR_FID":6270,"NEAR_DIST":4.2250256435812199}},{"type":"Feature","id":530,"geometry":{"type":"Point","coordinates":[186778.28430000041,1882418.7349999994]},"properties":{"OBJECTID":530,"Asset_ID":"MH530","Name":null,"District_ID":"Mustashfa al Sultan Qboos","Wlyt_ID":"Salalah","Gov_ID":"Dhofar Governorate","Road_ID":"100002","Mun_ID":" ","Latitude":17.00461717,"Longitude":54.058389570000003,"GlobalID":"{757EB605-89DA-4824-8CD5-061096277C85}","NEAR_FID":6270,"NEAR_DIST":7.4381465403825402}},{"type":"Feature","id":531,"geometry":{"type":"Point","coordinates":[186605.8797000004,1882409.1004000008]},"properties":{"OBJECTID":531,"Asset_ID":"MH531","Name":null,"District_ID":"Mustashfa al Sultan Qboos","Wlyt_ID":"Salalah","Gov_ID":"Dhofar Governorate","Road_ID":"105353","Mun_ID":" ","Latitude":17.004506800000001,"Longitude":54.056773360000001,"GlobalID":"{26F2F9DF-F6A9-4572-8E3E-E935C5EA75A8}","NEAR_FID":10692,"NEAR_DIST":7.8883357624850641}},{"type":"Feature","id":532,"geometry":{"type":"Point","coordinates":[186401.5373999998,1882415.9113999996]},"properties":{"OBJECTID":532,"Asset_ID":"MH532","Name":null,"District_ID":"Mustashfa al Sultan Qboos","Wlyt_ID":"Salalah","Gov_ID":"Dhofar Governorate","Road_ID":"100002","Mun_ID":" ","Latitude":17.004540540000001,"Longitude":54.054855170000003,"GlobalID":"{9630AAC4-E403-455F-9A19-F6E5B3431E7B}","NEAR_FID":16200,"NEAR_DIST":12.690186362075819}},{"type":"Feature","id":533,"geometry":{"type":"Point","coordinates":[186377.36330000032,1882416.9186000004]},"properties":{"OBJECTID":533,"Asset_ID":"MH533","Name":null,"District_ID":"Mustashfa al Sultan Qboos","Wlyt_ID":"Salalah","Gov_ID":"Dhofar Governorate","Road_ID":"100002","Mun_ID":" ","Latitude":17.004546349999998,"Longitude":54.054628209999997,"GlobalID":"{9F7FCA31-4493-4EB1-93F4-D2857D095CF8}","NEAR_FID":7310,"NEAR_DIST":7.7183301728612825}},{"type":"Feature","id":534,"geometry":{"type":"Point","coordinates":[186762.90409999993,1882389.1364999991]},"properties":{"OBJECTID":534,"Asset_ID":"MH534","Name":null,"District_ID":"Mustashfa al Sultan Qboos","Wlyt_ID":"Salalah","Gov_ID":"Dhofar Governorate","Road_ID":"100002","Mun_ID":" ","Latitude":17.004347880000001,"Longitude":54.058249439999997,"GlobalID":"{D4001AA4-259B-4E6C-B57B-355EEFA7A6E3}","NEAR_FID":9006,"NEAR_DIST":7.3314258570938833}},{"type":"Feature","id":535,"geometry":{"type":"Point","coordinates":[186769.53199999966,1882358.3098000009]},"properties":{"OBJECTID":535,"Asset_ID":"MH535","Name":null,"District_ID":"Auqad al Janubiyya","Wlyt_ID":"Salalah","Gov_ID":"Dhofar Governorate","Road_ID":"100002","Mun_ID":" ","Latitude":17.00407049,"Longitude":54.058315980000003,"GlobalID":"{1692A40C-7E46-4B06-B413-CA5F72C4391B}","NEAR_FID":10352,"NEAR_DIST":4.9915044767602463}},{"type":"Feature","id":536,"geometry":{"type":"Point","coordinates":[186805.18919999991,1882341.9136999995]},"properties":{"OBJECTID":536,"Asset_ID":"MH536","Name":null,"District_ID":"Auqad al Janubiyya","Wlyt_ID":"Salalah","Gov_ID":"Dhofar Governorate","Road_ID":"100002","Mun_ID":" ","Latitude":17.003927310000002,"Longitude":54.058652840000001,"GlobalID":"{1D0D51C5-CD8C-47E0-8903-2F0F7D641340}","NEAR_FID":18960,"NEAR_DIST":5.8584156782059145}},{"type":"Feature","id":537,"geometry":{"type":"Point","coordinates":[186793.29050000012,1882341.8098000009]},"properties":{"OBJECTID":537,"Asset_ID":"MH537","Name":null,"District_ID":"Auqad al Janubiyya","Wlyt_ID":"Salalah","Gov_ID":"Dhofar Governorate","Road_ID":"100002","Mun_ID":" ","Latitude":17.00392476,"Longitude":54.058541210000001,"GlobalID":"{1B64CB6D-A394-4D59-9D49-A9F24FE24DED}","NEAR_FID":10507,"NEAR_DIST":4.7570918820893446}},{"type":"Feature","id":538,"geometry":{"type":"Point","coordinates":[186827.46239999961,1882347.8017999995]},"properties":{"OBJECTID":538,"Asset_ID":"MH538","Name":null,"District_ID":"Auqad al Janubiyya","Wlyt_ID":"Salalah","Gov_ID":"Dhofar Governorate","Road_ID":"100002","Mun_ID":" ","Latitude":17.00398349,"Longitude":54.058860989999999,"GlobalID":"{1F993336-DBE5-4809-AC1B-72FD074B637E}","NEAR_FID":8788,"NEAR_DIST":4.4829435705092724}},{"type":"Feature","id":539,"geometry":{"type":"Point","coordinates":[186844.44189999998,1882374.4700000007]},"properties":{"OBJECTID":539,"Asset_ID":"MH539","Name":null,"District_ID":"Auqad al Janubiyya","Wlyt_ID":"Salalah","Gov_ID":"Dhofar Governorate","Road_ID":"100002","Mun_ID":" ","Latitude":17.004226540000001,"Longitude":54.059016540000002,"GlobalID":"{FEE7735B-530C-4180-B7F4-01BC20E5C828}","NEAR_FID":8788,"NEAR_DIST":7.367678474854169}},{"type":"Feature","id":540,"geometry":{"type":"Point","coordinates":[186863.04119999986,1882387.8640000001]},"properties":{"OBJECTID":540,"Asset_ID":"MH540","Name":null,"District_ID":"al Wadi","Wlyt_ID":"Salalah","Gov_ID":"Dhofar Governorate","Road_ID":"103812","Mun_ID":" ","Latitude":17.004349980000001,"Longitude":54.059189150000002,"GlobalID":"{F1E07539-9EF5-426E-9615-5AD679336D4F}","NEAR_FID":9625,"NEAR_DIST":7.6317173451323841}},{"type":"Feature","id":541,"geometry":{"type":"Point","coordinates":[186844.23089999985,1882385.9276999999]},"properties":{"OBJECTID":541,"Asset_ID":"MH541","Name":null,"District_ID":"al Wadi","Wlyt_ID":"Salalah","Gov_ID":"Dhofar Governorate","Road_ID":"100002","Mun_ID":" ","Latitude":17.004329949999999,"Longitude":54.059012940000002,"GlobalID":"{DEA8BDF9-F407-4F6E-B632-3E8D0EE16B0C}","NEAR_FID":7947,"NEAR_DIST":9.123840355865509}},{"type":"Feature","id":542,"geometry":{"type":"Point","coordinates":[186837.48699999973,1882405.8388]},"properties":{"OBJECTID":542,"Asset_ID":"MH542","Name":null,"District_ID":"al Wadi","Wlyt_ID":"Salalah","Gov_ID":"Dhofar Governorate","Road_ID":"100002","Mun_ID":" ","Latitude":17.004508779999998,"Longitude":54.058946859999999,"GlobalID":"{9FB674F6-C832-4842-B9E2-2DA66CD6E23E}","NEAR_FID":7947,"NEAR_DIST":9.9328267803118084}},{"type":"Feature","id":543,"geometry":{"type":"Point","coordinates":[186804.00779999979,1882423.0581]},"properties":{"OBJECTID":543,"Asset_ID":"MH543","Name":null,"District_ID":"Mustashfa al Sultan Qboos","Wlyt_ID":"Salalah","Gov_ID":"Dhofar Governorate","Road_ID":"100002","Mun_ID":" ","Latitude":17.00465969,"Longitude":54.058630309999998,"GlobalID":"{7BA72620-9178-4A22-A38F-2E1866DA2748}","NEAR_FID":6270,"NEAR_DIST":11.621077750805879}},{"type":"Feature","id":544,"geometry":{"type":"Point","coordinates":[186803.78320000041,1882442.1664000005]},"properties":{"OBJECTID":544,"Asset_ID":"MH544","Name":null,"District_ID":"Mustashfa al Sultan Qboos","Wlyt_ID":"Salalah","Gov_ID":"Dhofar Governorate","Road_ID":"100002","Mun_ID":" ","Latitude":17.004832159999999,"Longitude":54.058625509999999,"GlobalID":"{B8D792F0-2925-4BBB-8A16-E04CF958919A}","NEAR_FID":6270,"NEAR_DIST":7.4884493793565623}},{"type":"Feature","id":545,"geometry":{"type":"Point","coordinates":[186814.92839999963,1882799.7850000001]},"properties":{"OBJECTID":545,"Asset_ID":"MH545","Name":null,"District_ID":"al Wadi","Wlyt_ID":"Salalah","Gov_ID":"Dhofar Governorate","Road_ID":"105338","Mun_ID":" ","Latitude":17.0080621,"Longitude":54.058679660000003,"GlobalID":"{7006A2B2-6DC1-473D-AF50-F1D07AD9115E}","NEAR_FID":15956,"NEAR_DIST":10.030339951428255}},{"type":"Feature","id":546,"geometry":{"type":"Point","coordinates":[186812.53399999999,1882785.7256000005]},"properties":{"OBJECTID":546,"Asset_ID":"MH546","Name":null,"District_ID":"al Wadi","Wlyt_ID":"Salalah","Gov_ID":"Dhofar Governorate","Road_ID":"105338","Mun_ID":" ","Latitude":17.007934850000002,"Longitude":54.058659179999999,"GlobalID":"{1F219866-0004-4981-AD35-D6E55235C970}","NEAR_FID":15956,"NEAR_DIST":7.7619758669319943}},{"type":"Feature","id":547,"geometry":{"type":"Point","coordinates":[186800.6512000002,1882837.5570999999]},"properties":{"OBJECTID":547,"Asset_ID":"MH547","Name":null,"District_ID":"al Wadi","Wlyt_ID":"Salalah","Gov_ID":"Dhofar Governorate","Road_ID":"105338","Mun_ID":" ","Latitude":17.008401150000001,"Longitude":54.058540370000003,"GlobalID":"{AE8E4B96-5064-4AFB-80E9-C21A1E8C12CD}","NEAR_FID":15956,"NEAR_DIST":4.5846598154462477}},{"type":"Feature","id":548,"geometry":{"type":"Point","coordinates":[186800.62820000015,1882877.4711000007]},"properties":{"OBJECTID":548,"Asset_ID":"MH548","Name":null,"District_ID":"al Wadi","Wlyt_ID":"Salalah","Gov_ID":"Dhofar Governorate","Road_ID":"105338","Mun_ID":" ","Latitude":17.00876148,"Longitude":54.058534530000003,"GlobalID":"{9D0D4E7B-EBC1-4DD2-9FC6-8A05F198415B}","NEAR_FID":15956,"NEAR_DIST":4.9652389665550052}},{"type":"Feature","id":549,"geometry":{"type":"Point","coordinates":[186800.73579999991,1882907.3916999996]},"properties":{"OBJECTID":549,"Asset_ID":"MH549","Name":null,"District_ID":"al Wadi","Wlyt_ID":"Salalah","Gov_ID":"Dhofar Governorate","Road_ID":"105338","Mun_ID":" ","Latitude":17.0090316,"Longitude":54.05853132,"GlobalID":"{5055B990-1074-4BA6-9E6F-00B5A0271A31}","NEAR_FID":15956,"NEAR_DIST":5.1256850263204452}},{"type":"Feature","id":550,"geometry":{"type":"Point","coordinates":[186799.82529999968,1883124.1940000001]},"properties":{"OBJECTID":550,"Asset_ID":"MH550","Name":null,"District_ID":"Mustashfa al Sultan Qboos","Wlyt_ID":"Salalah","Gov_ID":"Dhofar Governorate","Road_ID":"105338","Mun_ID":" ","Latitude":17.01098867,"Longitude":54.058492200000003,"GlobalID":"{6195CDFB-FDEE-429D-84C5-92DF5EFBBA7B}","NEAR_FID":18235,"NEAR_DIST":5.6097489289063098}},{"type":"Feature","id":551,"geometry":{"type":"Point","coordinates":[186801.13740000036,1883170.3989000004]},"properties":{"OBJECTID":551,"Asset_ID":"MH551","Name":null,"District_ID":"Mustashfa al Sultan Qboos","Wlyt_ID":"Salalah","Gov_ID":"Dhofar Governorate","Road_ID":"105338","Mun_ID":" ","Latitude":17.011405969999998,"Longitude":54.058497989999999,"GlobalID":"{5B7486E5-F2CB-411C-8DA3-A961605D6CF6}","NEAR_FID":18235,"NEAR_DIST":5.7076884065709574}},{"type":"Feature","id":552,"geometry":{"type":"Point","coordinates":[184629.00810000021,1882197.6248000003]},"properties":{"OBJECTID":552,"Asset_ID":"MH552","Name":null,"District_ID":"Auqad al Janubiyya","Wlyt_ID":"Salalah","Gov_ID":"Dhofar Governorate","Road_ID":"105373","Mun_ID":" ","Latitude":17.002328540000001,"Longitude":54.038255659999997,"GlobalID":"{07853D36-CBD1-40CA-8EEA-2E374CBAA7D5}","NEAR_FID":5824,"NEAR_DIST":13.299187746508354}},{"type":"Feature","id":553,"geometry":{"type":"Point","coordinates":[184908.53390000015,1882473.1656999998]},"properties":{"OBJECTID":553,"Asset_ID":"MH553","Name":null,"District_ID":"Auqad al Janubiyya","Wlyt_ID":"Salalah","Gov_ID":"Dhofar Governorate","Road_ID":"102645","Mun_ID":" ","Latitude":17.004854129999998,"Longitude":54.040839149999996,"GlobalID":"{D9DF4966-C934-4D76-AA2C-CF0384217FA7}","NEAR_FID":15185,"NEAR_DIST":6.0059060889318223}},{"type":"Feature","id":554,"geometry":{"type":"Point","coordinates":[184916.5075000003,1882535.1512000002]},"properties":{"OBJECTID":554,"Asset_ID":"MH554","Name":null,"District_ID":"Mustashfa al Sultan Qboos","Wlyt_ID":"Salalah","Gov_ID":"Dhofar Governorate","Road_ID":"102645","Mun_ID":" ","Latitude":17.005414779999999,"Longitude":54.040905170000002,"GlobalID":"{D2639FCD-969B-4C4C-BC43-08676FAB6931}","NEAR_FID":17127,"NEAR_DIST":8.1577782396687102}},{"type":"Feature","id":555,"geometry":{"type":"Point","coordinates":[184951.47369999997,1882588.1041000001]},"properties":{"OBJECTID":555,"Asset_ID":"MH555","Name":null,"District_ID":"Mustashfa al Sultan Qboos","Wlyt_ID":"Salalah","Gov_ID":"Dhofar Governorate","Road_ID":"102645","Mun_ID":" ","Latitude":17.005897579999999,"Longitude":54.04122572,"GlobalID":"{DA3A5F28-D66F-4112-B044-FC89CFCCDE5B}","NEAR_FID":17974,"NEAR_DIST":7.9058726978956866}},{"type":"Feature","id":556,"geometry":{"type":"Point","coordinates":[184967.25399999972,1882575.9690000005]},"properties":{"OBJECTID":556,"Asset_ID":"MH556","Name":null,"District_ID":"Mustashfa al Sultan Qboos","Wlyt_ID":"Salalah","Gov_ID":"Dhofar Governorate","Road_ID":"102645","Mun_ID":" ","Latitude":17.005790189999999,"Longitude":54.041375500000001,"GlobalID":"{6A37BBBD-0CA8-4E11-B23C-AE0A9213B81F}","NEAR_FID":17974,"NEAR_DIST":11.584848521513416}},{"type":"Feature","id":557,"geometry":{"type":"Point","coordinates":[184932.27290000021,1882499.3456999995]},"properties":{"OBJECTID":557,"Asset_ID":"MH557","Name":null,"District_ID":"Mustashfa al Sultan Qboos","Wlyt_ID":"Salalah","Gov_ID":"Dhofar Governorate","Road_ID":"100002","Mun_ID":" ","Latitude":17.0050937,"Longitude":54.041058159999999,"GlobalID":"{0AAC176F-029F-4448-979E-EB46A42334B5}","NEAR_FID":20578,"NEAR_DIST":7.5447456543725453}},{"type":"Feature","id":558,"geometry":{"type":"Point","coordinates":[184884.53320000041,1882471.4662999995]},"properties":{"OBJECTID":558,"Asset_ID":"MH558","Name":null,"District_ID":"Auqad al Janubiyya","Wlyt_ID":"Salalah","Gov_ID":"Dhofar Governorate","Road_ID":"102645","Mun_ID":" ","Latitude":17.004835509999999,"Longitude":54.040614210000001,"GlobalID":"{FCF146FB-EAC2-404E-9B37-20878F36B7F8}","NEAR_FID":15185,"NEAR_DIST":8.4011872318536653}},{"type":"Feature","id":559,"geometry":{"type":"Point","coordinates":[184844.68350000028,1882598.3186000008]},"properties":{"OBJECTID":559,"Asset_ID":"MH559","Name":null,"District_ID":"New Industrial Area","Wlyt_ID":"Salalah","Gov_ID":"Dhofar Governorate","Road_ID":"105161","Mun_ID":" ","Latitude":17.00597522,"Longitude":54.040222329999999,"GlobalID":"{603B36C1-D2DA-4996-BAB3-6522993E9878}","NEAR_FID":15638,"NEAR_DIST":7.9838880032759016}},{"type":"Feature","id":560,"geometry":{"type":"Point","coordinates":[184845.78859999962,1882596.8144000005]},"properties":{"OBJECTID":560,"Asset_ID":"MH560","Name":null,"District_ID":"New Industrial Area","Wlyt_ID":"Salalah","Gov_ID":"Dhofar Governorate","Road_ID":"105161","Mun_ID":" ","Latitude":17.005961790000001,"Longitude":54.04023291,"GlobalID":"{3DC98D8B-CB82-4E1D-89C6-1285F055E21E}","NEAR_FID":15638,"NEAR_DIST":7.4599158162358989}},{"type":"Feature","id":561,"geometry":{"type":"Point","coordinates":[184858.62009999994,1882519.7335000001]},"properties":{"OBJECTID":561,"Asset_ID":"MH561","Name":null,"District_ID":"Auqad al Shamaliyya","Wlyt_ID":"Salalah","Gov_ID":"Dhofar Governorate","Road_ID":"100002","Mun_ID":" ","Latitude":17.005267700000001,"Longitude":54.040364230000002,"GlobalID":"{17922903-2275-4D10-B47A-9F6FCDCBDE27}","NEAR_FID":20579,"NEAR_DIST":11.351375628412262}},{"type":"Feature","id":562,"geometry":{"type":"Point","coordinates":[184814.39250000007,1882446.9011000004]},"properties":{"OBJECTID":562,"Asset_ID":"MH562","Name":null,"District_ID":"Auqad al Shamaliyya","Wlyt_ID":"Salalah","Gov_ID":"Dhofar Governorate","Road_ID":"105161","Mun_ID":" ","Latitude":17.004604180000001,"Longitude":54.039959609999997,"GlobalID":"{A842D04F-427A-4066-9A3F-BD33D0FADF29}","NEAR_FID":11506,"NEAR_DIST":3.7358210277108954}},{"type":"Feature","id":563,"geometry":{"type":"Point","coordinates":[184453.30209999997,1882101.7646999992]},"properties":{"OBJECTID":563,"Asset_ID":"MH563","Name":null,"District_ID":"Auqad al Shamaliyya","Wlyt_ID":"Salalah","Gov_ID":"Dhofar Governorate","Road_ID":"105563","Mun_ID":" ","Latitude":17.001439170000001,"Longitude":54.036620769999999,"GlobalID":"{E57121D4-001B-44CA-B3A8-43003D32AD6F}","NEAR_FID":12324,"NEAR_DIST":15.425054009354159}},{"type":"Feature","id":564,"geometry":{"type":"Point","coordinates":[184277.95000000019,1881907.7521000002]},"properties":{"OBJECTID":564,"Asset_ID":"MH564","Name":null,"District_ID":"Auqad al Shamaliyya","Wlyt_ID":"Salalah","Gov_ID":"Dhofar Governorate","Road_ID":"102645","Mun_ID":" ","Latitude":16.999663779999999,"Longitude":54.035003170000003,"GlobalID":"{C1D674C4-43D2-4895-86E9-16EA8BFDDE6F}","NEAR_FID":8325,"NEAR_DIST":12.509491621659821}},{"type":"Feature","id":565,"geometry":{"type":"Point","coordinates":[184698.06219999958,1882296.0925999992]},"properties":{"OBJECTID":565,"Asset_ID":"MH565","Name":null,"District_ID":"Auqad al Janubiyya","Wlyt_ID":"Salalah","Gov_ID":"Dhofar Governorate","Road_ID":"102645","Mun_ID":" ","Latitude":17.00322688,"Longitude":54.038889570000002,"GlobalID":"{E590E7A8-E576-4CA3-87C0-210AD1901D95}","NEAR_FID":17127,"NEAR_DIST":4.8289268478920127}},{"type":"Feature","id":566,"geometry":{"type":"Point","coordinates":[184718.2993999999,1882317.4818999991]},"properties":{"OBJECTID":566,"Asset_ID":"MH566","Name":null,"District_ID":"Auqad al Janubiyya","Wlyt_ID":"Salalah","Gov_ID":"Dhofar Governorate","Road_ID":"102645","Mun_ID":" ","Latitude":17.003422740000001,"Longitude":54.039076399999999,"GlobalID":"{AFC60F5A-D477-4666-86C0-B3FE3925A26B}","NEAR_FID":17127,"NEAR_DIST":5.1643767929181719}},{"type":"Feature","id":567,"geometry":{"type":"Point","coordinates":[184758.82320000045,1882360.8136]},"properties":{"OBJECTID":567,"Asset_ID":"MH567","Name":null,"District_ID":"Auqad al Janubiyya","Wlyt_ID":"Salalah","Gov_ID":"Dhofar Governorate","Road_ID":"102645","Mun_ID":" ","Latitude":17.003819440000001,"Longitude":54.039450459999998,"GlobalID":"{CA4D869B-52C5-4CD5-AB4F-51AEA4944125}","NEAR_FID":17127,"NEAR_DIST":5.2992799143093352}},{"type":"Feature","id":568,"geometry":{"type":"Point","coordinates":[184832.63129999954,1882442.8408000004]},"properties":{"OBJECTID":568,"Asset_ID":"MH568","Name":null,"District_ID":"Auqad al Shamaliyya","Wlyt_ID":"Salalah","Gov_ID":"Dhofar Governorate","Road_ID":"102645","Mun_ID":" ","Latitude":17.004570009999998,"Longitude":54.04013131,"GlobalID":"{2101D86D-4B41-4FE8-9A79-4BD316AC64FE}","NEAR_FID":17127,"NEAR_DIST":7.9331490326211815}},{"type":"Feature","id":569,"geometry":{"type":"Point","coordinates":[184869.96229999978,1882484.7487000003]},"properties":{"OBJECTID":569,"Asset_ID":"MH569","Name":null,"District_ID":"Auqad al Shamaliyya","Wlyt_ID":"Salalah","Gov_ID":"Dhofar Governorate","Road_ID":"102645","Mun_ID":" ","Latitude":17.00495343,"Longitude":54.040475610000001,"GlobalID":"{901ED787-977F-4BCD-8A97-E2C4603CFD79}","NEAR_FID":17127,"NEAR_DIST":8.9018549564074352}},{"type":"Feature","id":570,"geometry":{"type":"Point","coordinates":[184878.69000000041,1882493.9894999992]},"properties":{"OBJECTID":570,"Asset_ID":"MH570","Name":null,"District_ID":"Auqad al Shamaliyya","Wlyt_ID":"Salalah","Gov_ID":"Dhofar Governorate","Road_ID":"102645","Mun_ID":" ","Latitude":17.005038039999999,"Longitude":54.040556189999997,"GlobalID":"{043F5A3C-9AD9-467A-8942-1426E1A3AEB6}","NEAR_FID":17127,"NEAR_DIST":8.6923133494915419}},{"type":"Feature","id":571,"geometry":{"type":"Point","coordinates":[184866.35580000002,1882505.1830000002]},"properties":{"OBJECTID":571,"Asset_ID":"MH571","Name":null,"District_ID":"Auqad al Shamaliyya","Wlyt_ID":"Salalah","Gov_ID":"Dhofar Governorate","Road_ID":"102645","Mun_ID":" ","Latitude":17.005137399999999,"Longitude":54.040438880000004,"GlobalID":"{0DCEC715-02EC-4E4C-88A6-13D05D1963EA}","NEAR_FID":20580,"NEAR_DIST":6.387009110868668}},{"type":"Feature","id":572,"geometry":{"type":"Point","coordinates":[184689.81070000026,1882324.3636000007]},"properties":{"OBJECTID":572,"Asset_ID":"MH572","Name":null,"District_ID":"Auqad al Shamaliyya","Wlyt_ID":"Salalah","Gov_ID":"Dhofar Governorate","Road_ID":"105550","Mun_ID":" ","Latitude":17.003480969999998,"Longitude":54.03880814,"GlobalID":"{5F2F1205-A1D8-4601-B7D7-C6AA098DBEDA}","NEAR_FID":6271,"NEAR_DIST":14.183300000615418}},{"type":"Feature","id":573,"geometry":{"type":"Point","coordinates":[184622.98759999964,1882302.4580000006]},"properties":{"OBJECTID":573,"Asset_ID":"MH573","Name":null,"District_ID":"Auqad al Shamaliyya","Wlyt_ID":"Salalah","Gov_ID":"Dhofar Governorate","Road_ID":"105564","Mun_ID":" ","Latitude":17.003274090000001,"Longitude":54.038184299999998,"GlobalID":"{3F290265-8C15-43A9-BDD8-EE67CC53E219}","NEAR_FID":4194,"NEAR_DIST":0.32133227637207912}},{"type":"Feature","id":574,"geometry":{"type":"Point","coordinates":[182653.29540000018,1880498.8994999994]},"properties":{"OBJECTID":574,"Asset_ID":"MH574","Name":null,"District_ID":"Auqad al Shamaliyya","Wlyt_ID":"Salalah","Gov_ID":"Dhofar Governorate","Road_ID":"102645","Mun_ID":" ","Latitude":16.98672303,"Longitude":54.019961850000001,"GlobalID":"{229DDF4F-8F1F-4A66-AC41-188C6BF96622}","NEAR_FID":9063,"NEAR_DIST":7.9710493970389971}},{"type":"Feature","id":575,"geometry":{"type":"Point","coordinates":[182418.98290000018,1880316.9872999992]},"properties":{"OBJECTID":575,"Asset_ID":"MH575","Name":null,"District_ID":"Auqad al Shamaliyya","Wlyt_ID":"Salalah","Gov_ID":"Dhofar Governorate","Road_ID":"102645","Mun_ID":" ","Latitude":16.985048679999998,"Longitude":54.01778968,"GlobalID":"{45333A7F-F3A8-4AD9-ACAC-F1404C98D531}","NEAR_FID":6567,"NEAR_DIST":8.2303710136167396}},{"type":"Feature","id":576,"geometry":{"type":"Point","coordinates":[182308.34020000044,1880241.1995000001]},"properties":{"OBJECTID":576,"Asset_ID":"MH576","Name":null,"District_ID":"Wadi Adhan","Wlyt_ID":"Salalah","Gov_ID":"Dhofar Governorate","Road_ID":"102645","Mun_ID":" ","Latitude":16.98434932,"Longitude":54.016762550000003,"GlobalID":"{DAC248D0-995A-47E7-A6FE-5F6110950A27}","NEAR_FID":15623,"NEAR_DIST":10.786521961052054}},{"type":"Feature","id":577,"geometry":{"type":"Point","coordinates":[186661.22699999996,1882371.4962000009]},"properties":{"OBJECTID":577,"Asset_ID":"MH577","Name":null,"District_ID":"Auqad al Janubiyya","Wlyt_ID":"Salalah","Gov_ID":"Dhofar Governorate","Road_ID":"100002","Mun_ID":" ","Latitude":17.004174840000001,"Longitude":54.057297949999999,"GlobalID":"{783185B0-75BC-4762-9A86-CBB375AA2F4E}","NEAR_FID":17818,"NEAR_DIST":13.620440352838147}},{"type":"Feature","id":578,"geometry":{"type":"Point","coordinates":[186588.07149999961,1882373.9903999995]},"properties":{"OBJECTID":578,"Asset_ID":"MH578","Name":null,"District_ID":"Auqad al Janubiyya","Wlyt_ID":"Salalah","Gov_ID":"Dhofar Governorate","Road_ID":"100002","Mun_ID":" ","Latitude":17.004187430000002,"Longitude":54.056611220000001,"GlobalID":"{49208BE4-CCB9-442E-A54D-91A12FF62940}","NEAR_FID":17818,"NEAR_DIST":13.859155037202072}},{"type":"Feature","id":579,"geometry":{"type":"Point","coordinates":[186280.18140000012,1882386.5993000008]},"properties":{"OBJECTID":579,"Asset_ID":"MH579","Name":null,"District_ID":"Auqad al Janubiyya","Wlyt_ID":"Salalah","Gov_ID":"Dhofar Governorate","Road_ID":"100002","Mun_ID":" ","Latitude":17.004259439999998,"Longitude":54.053720689999999,"GlobalID":"{368F914B-C7FC-4947-8C8D-3C4B2B644016}","NEAR_FID":16387,"NEAR_DIST":13.010622820572902}},{"type":"Feature","id":580,"geometry":{"type":"Point","coordinates":[186148.0449000001,1882389.8665999994]},"properties":{"OBJECTID":580,"Asset_ID":"MH580","Name":null,"District_ID":"Auqad al Janubiyya","Wlyt_ID":"Salalah","Gov_ID":"Dhofar Governorate","Road_ID":"105346","Mun_ID":" ","Latitude":17.004270980000001,"Longitude":54.052480469999999,"GlobalID":"{988363BB-CDA0-426D-BA07-902504F716E4}","NEAR_FID":4228,"NEAR_DIST":11.496977915307101}},{"type":"Feature","id":581,"geometry":{"type":"Point","coordinates":[186127.37210000027,1882384.3987000007]},"properties":{"OBJECTID":581,"Asset_ID":"MH581","Name":null,"District_ID":"Auqad al Janubiyya","Wlyt_ID":"Salalah","Gov_ID":"Dhofar Governorate","Road_ID":"105424","Mun_ID":" ","Latitude":17.0042188,"Longitude":54.052287290000002,"GlobalID":"{2BFA2ED3-A8E2-4117-A3FB-8F939EA22C07}","NEAR_FID":9499,"NEAR_DIST":5.9580241699952214}},{"type":"Feature","id":582,"geometry":{"type":"Point","coordinates":[185754.24600000028,1882409.6785000004]},"properties":{"OBJECTID":582,"Asset_ID":"MH582","Name":null,"District_ID":"Auqad al Janubiyya","Wlyt_ID":"Salalah","Gov_ID":"Dhofar Governorate","Road_ID":"100002","Mun_ID":" ","Latitude":17.00439626,"Longitude":54.048782899999999,"GlobalID":"{326D4E9B-6FE8-40BE-AE9F-E8D64175AEC3}","NEAR_FID":5609,"NEAR_DIST":10.853354313893631}},{"type":"Feature","id":583,"geometry":{"type":"Point","coordinates":[185659.66619999986,1882408.7935000006]},"properties":{"OBJECTID":583,"Asset_ID":"MH583","Name":null,"District_ID":"Auqad al Janubiyya","Wlyt_ID":"Salalah","Gov_ID":"Dhofar Governorate","Road_ID":"105553","Mun_ID":" ","Latitude":17.004375400000001,"Longitude":54.047895650000001,"GlobalID":"{DDA62718-C670-4988-9829-D3D7E033A9D4}","NEAR_FID":15757,"NEAR_DIST":1.7853684651940118}},{"type":"Feature","id":584,"geometry":{"type":"Point","coordinates":[185475.93740000017,1882417.3181999996]},"properties":{"OBJECTID":584,"Asset_ID":"MH584","Name":null,"District_ID":"Auqad al Janubiyya","Wlyt_ID":"Salalah","Gov_ID":"Dhofar Governorate","Road_ID":"105553","Mun_ID":" ","Latitude":17.004427329999999,"Longitude":54.046170629999999,"GlobalID":"{C8B83E1E-9258-4043-9C9A-E1D12E167D2B}","NEAR_FID":5212,"NEAR_DIST":4.5049312322436474}},{"type":"Feature","id":585,"geometry":{"type":"Point","coordinates":[185407.21160000004,1882418.6779999994]},"properties":{"OBJECTID":585,"Asset_ID":"MH585","Name":null,"District_ID":"Auqad al Janubiyya","Wlyt_ID":"Salalah","Gov_ID":"Dhofar Governorate","Road_ID":"105553","Mun_ID":" ","Latitude":17.004430249999999,"Longitude":54.04552563,"GlobalID":"{46FD5059-2597-427B-B786-23EF376AF864}","NEAR_FID":5212,"NEAR_DIST":6.1405083668281923}},{"type":"Feature","id":586,"geometry":{"type":"Point","coordinates":[185407.88460000046,1882460.9596999995]},"properties":{"OBJECTID":586,"Asset_ID":"MH586","Name":null,"District_ID":"Mustashfa al Sultan Qboos","Wlyt_ID":"Salalah","Gov_ID":"Dhofar Governorate","Road_ID":"105480","Mun_ID":" ","Latitude":17.00481203,"Longitude":54.045525959999999,"GlobalID":"{7F935688-3544-4410-B4A6-6CBAA8720843}","NEAR_FID":17130,"NEAR_DIST":8.509125834513684}},{"type":"Feature","id":587,"geometry":{"type":"Point","coordinates":[185581.0560999997,1882447.7118999995]},"properties":{"OBJECTID":587,"Asset_ID":"MH587","Name":null,"District_ID":"Mustashfa al Sultan Qboos","Wlyt_ID":"Salalah","Gov_ID":"Dhofar Governorate","Road_ID":"100002","Mun_ID":" ","Latitude":17.004716030000001,"Longitude":54.047152590000003,"GlobalID":"{4FFA9BA2-BFB7-4E2D-AE77-0493A57EA63A}","NEAR_FID":15395,"NEAR_DIST":10.719712170033564}},{"type":"Feature","id":588,"geometry":{"type":"Point","coordinates":[185630.26769999973,1882445.6973999999]},"properties":{"OBJECTID":588,"Asset_ID":"MH588","Name":null,"District_ID":"Mustashfa al Sultan Qboos","Wlyt_ID":"Salalah","Gov_ID":"Dhofar Governorate","Road_ID":"100002","Mun_ID":" ","Latitude":17.00470455,"Longitude":54.047614600000003,"GlobalID":"{47D4C050-B58F-42BC-A511-96876F7348BD}","NEAR_FID":15395,"NEAR_DIST":10.56590012903175}},{"type":"Feature","id":589,"geometry":{"type":"Point","coordinates":[185665.80950000044,1882444.3543999996]},"properties":{"OBJECTID":589,"Asset_ID":"MH589","Name":null,"District_ID":"Mustashfa al Sultan Qboos","Wlyt_ID":"Salalah","Gov_ID":"Dhofar Governorate","Road_ID":"100002","Mun_ID":" ","Latitude":17.00469726,"Longitude":54.047948249999997,"GlobalID":"{19C6AA7F-AB93-4496-A743-25A231108C42}","NEAR_FID":15395,"NEAR_DIST":10.695312311181139}},{"type":"Feature","id":590,"geometry":{"type":"Point","coordinates":[185721.25650000013,1882443.1552000009]},"properties":{"OBJECTID":590,"Asset_ID":"MH590","Name":null,"District_ID":"Mustashfa al Sultan Qboos","Wlyt_ID":"Salalah","Gov_ID":"Dhofar Governorate","Road_ID":"105357","Mun_ID":" ","Latitude":17.004693979999999,"Longitude":54.048468649999997,"GlobalID":"{76CA47A9-240C-4CE7-A234-47C9289A25D0}","NEAR_FID":6413,"NEAR_DIST":11.090050467760596}},{"type":"Feature","id":591,"geometry":{"type":"Point","coordinates":[185748.93200000003,1882443.1552000009]},"properties":{"OBJECTID":591,"Asset_ID":"MH591","Name":null,"District_ID":"Mustashfa al Sultan Qboos","Wlyt_ID":"Salalah","Gov_ID":"Dhofar Governorate","Road_ID":"105357","Mun_ID":" ","Latitude":17.004697749999998,"Longitude":54.048728310000001,"GlobalID":"{214BA841-E569-49B1-9743-10E7808CF799}","NEAR_FID":6413,"NEAR_DIST":5.6124240021759491}},{"type":"Feature","id":592,"geometry":{"type":"Point","coordinates":[185766.38040000014,1882456.7804000005]},"properties":{"OBJECTID":592,"Asset_ID":"MH592","Name":null,"District_ID":"Mustashfa al Sultan Qboos","Wlyt_ID":"Salalah","Gov_ID":"Dhofar Governorate","Road_ID":"105357","Mun_ID":" ","Latitude":17.004823129999998,"Longitude":54.04889009,"GlobalID":"{2318EFB0-F340-4DE5-845C-7A94AE49CAF0}","NEAR_FID":6413,"NEAR_DIST":6.2669088311766075}},{"type":"Feature","id":593,"geometry":{"type":"Point","coordinates":[185763.85280000046,1882462.2682000007]},"properties":{"OBJECTID":593,"Asset_ID":"MH593","Name":null,"District_ID":"Mustashfa al Sultan Qboos","Wlyt_ID":"Salalah","Gov_ID":"Dhofar Governorate","Road_ID":"105357","Mun_ID":" ","Latitude":17.00487232,"Longitude":54.048865599999999,"GlobalID":"{80543481-0DA6-479E-B21E-7E9AB7416658}","NEAR_FID":15408,"NEAR_DIST":9.130529818514189}},{"type":"Feature","id":594,"geometry":{"type":"Point","coordinates":[185801.26130000036,1882441.3325999994]},"properties":{"OBJECTID":594,"Asset_ID":"MH594","Name":null,"District_ID":"Mustashfa al Sultan Qboos","Wlyt_ID":"Salalah","Gov_ID":"Dhofar Governorate","Road_ID":"105357","Mun_ID":" ","Latitude":17.004688420000001,"Longitude":54.049219540000003,"GlobalID":"{9965E80B-A9F9-4D89-827E-61D519A45EF7}","NEAR_FID":8974,"NEAR_DIST":10.254078266164473}},{"type":"Feature","id":595,"geometry":{"type":"Point","coordinates":[186000.88970000017,1882431.2120999992]},"properties":{"OBJECTID":595,"Asset_ID":"MH595","Name":null,"District_ID":"Mustashfa al Sultan Qboos","Wlyt_ID":"Salalah","Gov_ID":"Dhofar Governorate","Road_ID":"100002","Mun_ID":" ","Latitude":17.004624209999999,"Longitude":54.051093960000003,"GlobalID":"{00466C47-11C2-426C-BD49-1B5E154E7019}","NEAR_FID":14290,"NEAR_DIST":11.590240788289439}},{"type":"Feature","id":596,"geometry":{"type":"Point","coordinates":[186026.4068,1882430.0130000003]},"properties":{"OBJECTID":596,"Asset_ID":"MH596","Name":null,"District_ID":"Mustashfa al Sultan Qboos","Wlyt_ID":"Salalah","Gov_ID":"Dhofar Governorate","Road_ID":"100002","Mun_ID":" ","Latitude":17.004616859999999,"Longitude":54.051333540000002,"GlobalID":"{2021A352-A14E-4CB7-9532-EE9170257DCB}","NEAR_FID":14290,"NEAR_DIST":11.359359479982487}},{"type":"Feature","id":597,"geometry":{"type":"Point","coordinates":[186052.40359999985,1882429.0537]},"properties":{"OBJECTID":597,"Asset_ID":"MH597","Name":null,"District_ID":"Mustashfa al Sultan Qboos","Wlyt_ID":"Salalah","Gov_ID":"Dhofar Governorate","Road_ID":"100002","Mun_ID":" ","Latitude":17.004611730000001,"Longitude":54.051577590000001,"GlobalID":"{BBF53C9E-9AF5-4F3B-AF2F-36A2D72D7E83}","NEAR_FID":14290,"NEAR_DIST":11.304552151270515}},{"type":"Feature","id":598,"geometry":{"type":"Point","coordinates":[186078.44830000028,1882427.7586000003]},"properties":{"OBJECTID":598,"Asset_ID":"MH598","Name":null,"District_ID":"Mustashfa al Sultan Qboos","Wlyt_ID":"Salalah","Gov_ID":"Dhofar Governorate","Road_ID":"100002","Mun_ID":" ","Latitude":17.004603580000001,"Longitude":54.051822139999999,"GlobalID":"{7E6BF186-E7CC-4E1D-B0F4-6D09D2C76BDE}","NEAR_FID":14290,"NEAR_DIST":10.915813359323177}},{"type":"Feature","id":599,"geometry":{"type":"Point","coordinates":[186104.73290000018,1882426.9912]},"properties":{"OBJECTID":599,"Asset_ID":"MH599","Name":null,"District_ID":"Mustashfa al Sultan Qboos","Wlyt_ID":"Salalah","Gov_ID":"Dhofar Governorate","Road_ID":"100002","Mun_ID":" ","Latitude":17.004600230000001,"Longitude":54.052068859999999,"GlobalID":"{993E5C3B-A78C-49B1-956F-CDD710791A7F}","NEAR_FID":14290,"NEAR_DIST":11.062796844333269}},{"type":"Feature","id":600,"geometry":{"type":"Point","coordinates":[186183.15490000043,1882424.3051999994]},"properties":{"OBJECTID":600,"Asset_ID":"MH600","Name":null,"District_ID":"Mustashfa al Sultan Qboos","Wlyt_ID":"Salalah","Gov_ID":"Dhofar Governorate","Road_ID":"100002","Mun_ID":" ","Latitude":17.004586639999999,"Longitude":54.052805020000001,"GlobalID":"{34C3488C-F488-4D4D-BB09-CB77442915CA}","NEAR_FID":14290,"NEAR_DIST":11.224639578246682}},{"type":"Feature","id":601,"geometry":{"type":"Point","coordinates":[186209.43950000033,1882423.4898000006]},"properties":{"OBJECTID":601,"Asset_ID":"MH601","Name":null,"District_ID":"Mustashfa al Sultan Qboos","Wlyt_ID":"Salalah","Gov_ID":"Dhofar Governorate","Road_ID":"100002","Mun_ID":" ","Latitude":17.004582859999999,"Longitude":54.053051750000002,"GlobalID":"{93F04885-0A13-489C-B744-9D16367B578E}","NEAR_FID":14290,"NEAR_DIST":11.630852287918765}},{"type":"Feature","id":602,"geometry":{"type":"Point","coordinates":[186340.98149999976,1882420.2085999995]},"properties":{"OBJECTID":602,"Asset_ID":"MH602","Name":null,"District_ID":"Mustashfa al Sultan Qboos","Wlyt_ID":"Salalah","Gov_ID":"Dhofar Governorate","Road_ID":"100002","Mun_ID":" ","Latitude":17.004571110000001,"Longitude":54.054286400000002,"GlobalID":"{AA233F88-0FC5-45A7-94B2-0DD14EF9DC28}","NEAR_FID":15492,"NEAR_DIST":8.2261943559208248}},{"type":"Feature","id":603,"geometry":{"type":"Point","coordinates":[186341.59219999984,1882422.3458999991]},"properties":{"OBJECTID":603,"Asset_ID":"MH603","Name":null,"District_ID":"Mustashfa al Sultan Qboos","Wlyt_ID":"Salalah","Gov_ID":"Dhofar Governorate","Road_ID":"100002","Mun_ID":" ","Latitude":17.004590489999998,"Longitude":54.054291829999997,"GlobalID":"{FCCE1B5E-67F4-4FF6-93E5-DE1A1B8ED380}","NEAR_FID":15492,"NEAR_DIST":9.675204890822716}},{"type":"Feature","id":604,"geometry":{"type":"Point","coordinates":[186338.11610000022,1882421.0776000004]},"properties":{"OBJECTID":604,"Asset_ID":"MH604","Name":null,"District_ID":"Mustashfa al Sultan Qboos","Wlyt_ID":"Salalah","Gov_ID":"Dhofar Governorate","Road_ID":"100002","Mun_ID":" ","Latitude":17.004578559999999,"Longitude":54.054259389999999,"GlobalID":"{F25234E6-B368-4A54-918F-98BB31DCC912}","NEAR_FID":15492,"NEAR_DIST":10.52803819098285}},{"type":"Feature","id":605,"geometry":{"type":"Point","coordinates":[186338.77369999979,1882422.9801000003]},"properties":{"OBJECTID":605,"Asset_ID":"MH605","Name":null,"District_ID":"Mustashfa al Sultan Qboos","Wlyt_ID":"Salalah","Gov_ID":"Dhofar Governorate","Road_ID":"100002","Mun_ID":" ","Latitude":17.00459583,"Longitude":54.054265289999996,"GlobalID":"{93BF06F6-C532-4C76-9783-60FAEBF937A2}","NEAR_FID":15492,"NEAR_DIST":11.755162504016603}},{"type":"Feature","id":606,"geometry":{"type":"Point","coordinates":[186453.55480000004,1882413.5380000006]},"properties":{"OBJECTID":606,"Asset_ID":"MH606","Name":null,"District_ID":"Mustashfa al Sultan Qboos","Wlyt_ID":"Salalah","Gov_ID":"Dhofar Governorate","Road_ID":"100002","Mun_ID":" ","Latitude":17.004526179999999,"Longitude":54.055343550000003,"GlobalID":"{8C299F96-D06E-4766-8683-560418C6D4BB}","NEAR_FID":16200,"NEAR_DIST":12.41912817202083}},{"type":"Feature","id":607,"geometry":{"type":"Point","coordinates":[190492.07409999985,1883614.2521000002]},"properties":{"OBJECTID":607,"Asset_ID":"MH607","Name":null,"District_ID":"Markaz al Madena","Wlyt_ID":"Salalah","Gov_ID":"Dhofar Governorate","Road_ID":"103812","Mun_ID":"M21","Latitude":17.015910980000001,"Longitude":54.093068010000003,"GlobalID":"{F78EF875-BE83-4F11-ABF3-D52F0CB8B63E}","NEAR_FID":8967,"NEAR_DIST":1.781460221344404}},{"type":"Feature","id":608,"geometry":{"type":"Point","coordinates":[190482.94379999954,1883642.9454999994]},"properties":{"OBJECTID":608,"Asset_ID":"MH608","Name":null,"District_ID":"Markaz al Madena","Wlyt_ID":"Salalah","Gov_ID":"Dhofar Governorate","Road_ID":"104387","Mun_ID":"M20","Latitude":17.016168789999998,"Longitude":54.092978340000002,"GlobalID":"{5F48887C-5F56-401F-ADAD-84E05B52C676}","NEAR_FID":14672,"NEAR_DIST":8.8991831165024298}},{"type":"Feature","id":609,"geometry":{"type":"Point","coordinates":[190473.33619999979,1883691.8567999993]},"properties":{"OBJECTID":609,"Asset_ID":"MH609","Name":null,"District_ID":"Markaz al Madena","Wlyt_ID":"Salalah","Gov_ID":"Dhofar Governorate","Road_ID":"104387","Mun_ID":"M19","Latitude":17.01660906,"Longitude":54.092881370000001,"GlobalID":"{B1930602-773A-46B9-92D8-0BAE33F68725}","NEAR_FID":14672,"NEAR_DIST":8.2572948311600953}},{"type":"Feature","id":610,"geometry":{"type":"Point","coordinates":[190426.11880000029,1883735.4329000004]},"properties":{"OBJECTID":610,"Asset_ID":"MH610","Name":null,"District_ID":"Salalah al Jadida","Wlyt_ID":"Salalah","Gov_ID":"Dhofar Governorate","Road_ID":"104187","Mun_ID":"M16","Latitude":17.016996129999999,"Longitude":54.09243223,"GlobalID":"{64B6DA52-DE31-415E-89E2-5D7B3CF6D7DD}","NEAR_FID":14085,"NEAR_DIST":10.374774564254825}},{"type":"Feature","id":611,"geometry":{"type":"Point","coordinates":[190437.2463999996,1883680.2168000005]},"properties":{"OBJECTID":611,"Asset_ID":"MH611","Name":null,"District_ID":"Salalah al Jadida","Wlyt_ID":"Salalah","Gov_ID":"Dhofar Governorate","Road_ID":"104387","Mun_ID":"M17","Latitude":17.016499140000001,"Longitude":54.092544349999997,"GlobalID":"{620DB115-4ABC-43F6-9A71-329F714E4397}","NEAR_FID":10474,"NEAR_DIST":10.89862562572522}},{"type":"Feature","id":612,"geometry":{"type":"Point","coordinates":[190445.41899999976,1883638.3428000007]},"properties":{"OBJECTID":612,"Asset_ID":"MH612","Name":null,"District_ID":"Salalah al Jadida","Wlyt_ID":"Salalah","Gov_ID":"Dhofar Governorate","Road_ID":"104387","Mun_ID":" ","Latitude":17.016122200000002,"Longitude":54.092626869999997,"GlobalID":"{D1AF61D1-B584-4E30-94EC-BF38DBFDD6B6}","NEAR_FID":17270,"NEAR_DIST":9.9366109963026386}},{"type":"Feature","id":613,"geometry":{"type":"Point","coordinates":[190446.78980000038,1883631.0544000007]},"properties":{"OBJECTID":613,"Asset_ID":"MH613","Name":null,"District_ID":"Salalah al Jadida","Wlyt_ID":"Salalah","Gov_ID":"Dhofar Governorate","Road_ID":"103812","Mun_ID":"M19","Latitude":17.016056590000002,"Longitude":54.092640750000001,"GlobalID":"{896EE726-D0E0-4520-A3CB-CEAA0416B271}","NEAR_FID":8813,"NEAR_DIST":8.6765641606970156}},{"type":"Feature","id":614,"geometry":{"type":"Point","coordinates":[190444.25619999971,1883624.0974000003]},"properties":{"OBJECTID":614,"Asset_ID":"MH614","Name":null,"District_ID":"Salalah al Jadida","Wlyt_ID":"Salalah","Gov_ID":"Dhofar Governorate","Road_ID":"103812","Mun_ID":"M20","Latitude":17.015993439999999,"Longitude":54.092617949999998,"GlobalID":"{6AC6B002-0351-436E-AAA1-4EB31FFBFD22}","NEAR_FID":8813,"NEAR_DIST":11.158774176857282}},{"type":"Feature","id":615,"geometry":{"type":"Point","coordinates":[190445.59530000016,1883617.6963]},"properties":{"OBJECTID":615,"Asset_ID":"MH615","Name":null,"District_ID":"Salalah al Jadida","Wlyt_ID":"Salalah","Gov_ID":"Dhofar Governorate","Road_ID":"103812","Mun_ID":"M21","Latitude":17.01593583,"Longitude":54.092631410000003,"GlobalID":"{094535F5-72B5-466E-90D8-6771A782E637}","NEAR_FID":8813,"NEAR_DIST":9.7724903816432498}},{"type":"Feature","id":616,"geometry":{"type":"Point","coordinates":[190417.42109999992,1883784.5611000005]},"properties":{"OBJECTID":616,"Asset_ID":"MH616","Name":null,"District_ID":"Salalah al Jadida","Wlyt_ID":"Salalah","Gov_ID":"Dhofar Governorate","Road_ID":"104387","Mun_ID":"M15","Latitude":17.017438479999999,"Longitude":54.092343759999999,"GlobalID":"{9A3F9F32-8D5A-4553-B245-1B58D58B9E92}","NEAR_FID":18033,"NEAR_DIST":9.583726815537517}},{"type":"Feature","id":617,"geometry":{"type":"Point","coordinates":[190405.73039999977,1883833.9298]},"properties":{"OBJECTID":617,"Asset_ID":"MH617","Name":null,"District_ID":"Salalah al Jadida","Wlyt_ID":"Salalah","Gov_ID":"Dhofar Governorate","Road_ID":"104387","Mun_ID":"M14","Latitude":17.0178826,"Longitude":54.092227180000002,"GlobalID":"{74280ECA-EAD8-446E-8BEE-E869B177AF31}","NEAR_FID":18378,"NEAR_DIST":10.628163931916085}},{"type":"Feature","id":618,"geometry":{"type":"Point","coordinates":[190396.15610000025,1883882.7962999996]},"properties":{"OBJECTID":618,"Asset_ID":"MH618","Name":null,"District_ID":"Salalah al Jadida","Wlyt_ID":"Salalah","Gov_ID":"Dhofar Governorate","Road_ID":"104387","Mun_ID":"M13","Latitude":17.018322479999998,"Longitude":54.092130519999998,"GlobalID":"{C0673CBF-4E75-42FF-AEDF-6269D73D219C}","NEAR_FID":18378,"NEAR_DIST":10.534069970978752}},{"type":"Feature","id":619,"geometry":{"type":"Point","coordinates":[190432.10830000043,1883893.3524999991]},"properties":{"OBJECTID":619,"Asset_ID":"MH619","Name":null,"District_ID":"Markaz al Madena","Wlyt_ID":"Salalah","Gov_ID":"Dhofar Governorate","Road_ID":"104001","Mun_ID":"M15","Latitude":17.018422600000001,"Longitude":54.09246641,"GlobalID":"{F5921833-8F93-4AD8-A25E-62815F9A42E6}","NEAR_FID":10366,"NEAR_DIST":2.6512440785506479}},{"type":"Feature","id":620,"geometry":{"type":"Point","coordinates":[190389.41909999959,1883932.3562000003]},"properties":{"OBJECTID":620,"Asset_ID":"MH620","Name":null,"District_ID":"Salalah al Jadida","Wlyt_ID":"Salalah","Gov_ID":"Dhofar Governorate","Road_ID":"104387","Mun_ID":"M12","Latitude":17.018768990000002,"Longitude":54.09206039,"GlobalID":"{88839F52-5B46-4A79-B708-3BFF1805B28E}","NEAR_FID":18378,"NEAR_DIST":8.0936375859011083}},{"type":"Feature","id":621,"geometry":{"type":"Point","coordinates":[190422.39290000033,1883941.4640999995]},"properties":{"OBJECTID":621,"Asset_ID":"MH621","Name":null,"District_ID":"Markaz al Madena","Wlyt_ID":"Salalah","Gov_ID":"Dhofar Governorate","Road_ID":"104387","Mun_ID":"M14","Latitude":17.018855640000002,"Longitude":54.092368530000002,"GlobalID":"{16653A16-1F98-4E3B-8A9B-2111E529993B}","NEAR_FID":12092,"NEAR_DIST":8.8626371457094546}},{"type":"Feature","id":622,"geometry":{"type":"Point","coordinates":[190379.23730000015,1883983.7732999995]},"properties":{"OBJECTID":622,"Asset_ID":"MH622","Name":null,"District_ID":"Salalah al Jadida","Wlyt_ID":"Salalah","Gov_ID":"Dhofar Governorate","Road_ID":"104387","Mun_ID":"M11","Latitude":17.019231810000001,"Longitude":54.09195768,"GlobalID":"{1E952C2B-D735-45E3-B1C2-01D6040932C3}","NEAR_FID":18378,"NEAR_DIST":8.4146687109041061}},{"type":"Feature","id":623,"geometry":{"type":"Point","coordinates":[190409.12050000019,1883989.5088999998]},"properties":{"OBJECTID":623,"Asset_ID":"MH623","Name":null,"District_ID":"Markaz al Madena","Wlyt_ID":"Salalah","Gov_ID":"Dhofar Governorate","Road_ID":"104387","Mun_ID":"M13","Latitude":17.019287599999998,"Longitude":54.09223729,"GlobalID":"{AB10A23A-F8B8-4BF4-8152-ACD886E332C8}","NEAR_FID":12092,"NEAR_DIST":5.5945778465944853}},{"type":"Feature","id":624,"geometry":{"type":"Point","coordinates":[190369.34509999957,1884031.0429999996]},"properties":{"OBJECTID":624,"Asset_ID":"MH624","Name":null,"District_ID":"Salalah al Jadida","Wlyt_ID":"Salalah","Gov_ID":"Dhofar Governorate","Road_ID":"104387","Mun_ID":"M10","Latitude":17.019657219999999,"Longitude":54.091858260000002,"GlobalID":"{82E4179C-9CB7-44B6-8C7F-0C8FA52FF570}","NEAR_FID":18378,"NEAR_DIST":8.5372706453713647}},{"type":"Feature","id":625,"geometry":{"type":"Point","coordinates":[190399.71210000012,1884036.1580999997]},"properties":{"OBJECTID":625,"Asset_ID":"MH625","Name":null,"District_ID":"Markaz al Madena","Wlyt_ID":"Salalah","Gov_ID":"Dhofar Governorate","Road_ID":"104387","Mun_ID":"M12","Latitude":17.019707480000001,"Longitude":54.092142500000001,"GlobalID":"{8ABF1AEA-A7B5-4282-BC44-A24D2F778277}","NEAR_FID":12092,"NEAR_DIST":5.4228603002693205}},{"type":"Feature","id":626,"geometry":{"type":"Point","coordinates":[190359.75420000032,1884079.6983000003]},"properties":{"OBJECTID":626,"Asset_ID":"MH626","Name":null,"District_ID":"Salalah al Jadida","Wlyt_ID":"Salalah","Gov_ID":"Dhofar Governorate","Road_ID":"104387","Mun_ID":"M09","Latitude":17.020095189999999,"Longitude":54.091761480000002,"GlobalID":"{A9D20415-1F10-48DB-9143-CE5537F48F0B}","NEAR_FID":18378,"NEAR_DIST":8.1326433775557962}},{"type":"Feature","id":627,"geometry":{"type":"Point","coordinates":[190391.50430000015,1884093.7577]},"properties":{"OBJECTID":627,"Asset_ID":"MH627","Name":null,"District_ID":"Markaz al Madena","Wlyt_ID":"Salalah","Gov_ID":"Dhofar Governorate","Road_ID":"104387","Mun_ID":"M11","Latitude":17.02022638,"Longitude":54.092057439999998,"GlobalID":"{C5EC63CA-302C-4831-9AC3-D77C0063E6A7}","NEAR_FID":12092,"NEAR_DIST":8.1008555580995445}},{"type":"Feature","id":628,"geometry":{"type":"Point","coordinates":[190349.82320000045,1884128.2977000009]},"properties":{"OBJECTID":628,"Asset_ID":"MH628","Name":null,"District_ID":"Salalah al Jadida","Wlyt_ID":"Salalah","Gov_ID":"Dhofar Governorate","Road_ID":"104387","Mun_ID":"M08","Latitude":17.020532599999999,"Longitude":54.091661510000002,"GlobalID":"{EB9272BB-498B-479D-BB26-811E396DFDA6}","NEAR_FID":18378,"NEAR_DIST":8.5544911050176573}},{"type":"Feature","id":629,"geometry":{"type":"Point","coordinates":[190375.0103000002,1884175.4288999997]},"properties":{"OBJECTID":629,"Asset_ID":"MH629","Name":null,"District_ID":"Markaz al Madena","Wlyt_ID":"Salalah","Gov_ID":"Dhofar Governorate","Road_ID":"104387","Mun_ID":"M09","Latitude":17.02096147,"Longitude":54.091891269999998,"GlobalID":"{16F56D0E-CD77-4E1F-9CE9-DC85C2813E4B}","NEAR_FID":18037,"NEAR_DIST":6.9110979948458517}},{"type":"Feature","id":630,"geometry":{"type":"Point","coordinates":[190339.98670000024,1884177.5721000005]},"properties":{"OBJECTID":630,"Asset_ID":"MH630","Name":null,"District_ID":"Salalah al Jadida","Wlyt_ID":"Salalah","Gov_ID":"Dhofar Governorate","Road_ID":"104387","Mun_ID":"M07","Latitude":17.02097612,"Longitude":54.091562330000002,"GlobalID":"{6A62FEB4-D344-4668-ADE6-5363B90CDD06}","NEAR_FID":18378,"NEAR_DIST":8.6433362334144377}},{"type":"Feature","id":631,"geometry":{"type":"Point","coordinates":[190371.2304999996,1884194.3344999999]},"properties":{"OBJECTID":631,"Asset_ID":"MH631","Name":null,"District_ID":"Markaz al Madena","Wlyt_ID":"Salalah","Gov_ID":"Dhofar Governorate","Road_ID":"104387","Mun_ID":"M08","Latitude":17.02113164,"Longitude":54.09185317,"GlobalID":"{9809EB30-39D8-415C-93C7-B31EB3308ABE}","NEAR_FID":15626,"NEAR_DIST":3.3739010823162205}},{"type":"Feature","id":632,"geometry":{"type":"Point","coordinates":[190326.74330000021,1884225.3399]},"properties":{"OBJECTID":632,"Asset_ID":"MH632","Name":null,"District_ID":"Salalah al Jadida","Wlyt_ID":"Salalah","Gov_ID":"Dhofar Governorate","Road_ID":"104387","Mun_ID":"M06","Latitude":17.02140558,"Longitude":54.091431389999997,"GlobalID":"{F490C4A8-4F34-45F4-8BD8-9107D670EF48}","NEAR_FID":18378,"NEAR_DIST":11.459900229630252}},{"type":"Feature","id":633,"geometry":{"type":"Point","coordinates":[190362.39010000043,1884238.0621000007]},"properties":{"OBJECTID":633,"Asset_ID":"MH633","Name":null,"District_ID":"Markaz al Madena","Wlyt_ID":"Salalah","Gov_ID":"Dhofar Governorate","Road_ID":"104387","Mun_ID":"M07","Latitude":17.021525220000001,"Longitude":54.09176411,"GlobalID":"{7B235C2D-223F-416B-AAC6-2A2F6E93BCEC}","NEAR_FID":7052,"NEAR_DIST":8.7668848510966626}},{"type":"Feature","id":634,"geometry":{"type":"Point","coordinates":[190316.62359999958,1884274.9543999992]},"properties":{"OBJECTID":634,"Asset_ID":"MH634","Name":null,"District_ID":"Salalah al Jadida","Wlyt_ID":"Salalah","Gov_ID":"Dhofar Governorate","Road_ID":"104378","Mun_ID":"M05","Latitude":17.021852129999999,"Longitude":54.091329510000001,"GlobalID":"{2F71AAB4-A69B-4CA4-B8F2-E232C9FF1E75}","NEAR_FID":4192,"NEAR_DIST":11.269162030751847}},{"type":"Feature","id":635,"geometry":{"type":"Point","coordinates":[190348.09910000023,1884291.0736999996]},"properties":{"OBJECTID":635,"Asset_ID":"MH635","Name":null,"District_ID":"Markaz al Madena","Wlyt_ID":"Salalah","Gov_ID":"Dhofar Governorate","Road_ID":"104387","Mun_ID":"M06","Latitude":17.022001880000001,"Longitude":54.091622610000002,"GlobalID":"{D7AF7C1C-0C49-43B7-B137-4806C9D678AA}","NEAR_FID":7052,"NEAR_DIST":5.2713800040172494}},{"type":"Feature","id":636,"geometry":{"type":"Point","coordinates":[190306.94010000024,1884332.1340999994]},"properties":{"OBJECTID":636,"Asset_ID":"MH636","Name":null,"District_ID":"Salalah al Jadida","Wlyt_ID":"Salalah","Gov_ID":"Dhofar Governorate","Road_ID":"104378","Mun_ID":"M04","Latitude":17.022367039999999,"Longitude":54.091230660000001,"GlobalID":"{07186BCC-C1FC-471E-80E4-0F632B2557CC}","NEAR_FID":8524,"NEAR_DIST":4.757945440740821}},{"type":"Feature","id":637,"geometry":{"type":"Point","coordinates":[190338.55829999968,1884338.2544999998]},"properties":{"OBJECTID":637,"Asset_ID":"MH637","Name":null,"District_ID":"Markaz al Madena","Wlyt_ID":"Salalah","Gov_ID":"Dhofar Governorate","Road_ID":"104387","Mun_ID":"M05","Latitude":17.022426540000001,"Longitude":54.091526500000001,"GlobalID":"{2B0D2AE7-E6FF-46F9-A99D-6318731B8AC1}","NEAR_FID":7052,"NEAR_DIST":5.25212913673594}},{"type":"Feature","id":638,"geometry":{"type":"Point","coordinates":[190330.96210000012,1884388.6340999994]},"properties":{"OBJECTID":638,"Asset_ID":"MH638","Name":null,"District_ID":"Markaz al Madena","Wlyt_ID":"Salalah","Gov_ID":"Dhofar Governorate","Road_ID":"104387","Mun_ID":"M04","Latitude":17.02288034,"Longitude":54.091448190000001,"GlobalID":"{34133106-531A-4ABD-9F1B-FB4343536CFF}","NEAR_FID":7052,"NEAR_DIST":7.7176168707673023}},{"type":"Feature","id":639,"geometry":{"type":"Point","coordinates":[190288.43890000042,1884422.1302000005]},"properties":{"OBJECTID":639,"Asset_ID":"MH639","Name":null,"District_ID":"Salalah al Jadida","Wlyt_ID":"Salalah","Gov_ID":"Dhofar Governorate","Road_ID":"104387","Mun_ID":"M02","Latitude":17.023177019999999,"Longitude":54.091044490000002,"GlobalID":"{0266D67B-804C-4863-9B2F-F9FE8593FF4D}","NEAR_FID":12694,"NEAR_DIST":10.249009345659209}},{"type":"Feature","id":640,"geometry":{"type":"Point","coordinates":[190323.9952999996,1884429.2030999996]},"properties":{"OBJECTID":640,"Asset_ID":"MH640","Name":null,"District_ID":"Markaz al Madena","Wlyt_ID":"Salalah","Gov_ID":"Dhofar Governorate","Road_ID":"104387","Mun_ID":"M02","Latitude":17.02324565,"Longitude":54.09137715,"GlobalID":"{F3BBCED2-9A9A-46A5-9B8D-C3D152907BCF}","NEAR_FID":7052,"NEAR_DIST":8.6480854079463487}},{"type":"Feature","id":641,"geometry":{"type":"Point","coordinates":[186266.45999999996,1883504.7686000001]},"properties":{"OBJECTID":641,"Asset_ID":"MH641","Name":null,"District_ID":"Mustashfa al Sultan Qboos","Wlyt_ID":"Salalah","Gov_ID":"Dhofar Governorate","Road_ID":"102645","Mun_ID":" MH-15/8","Latitude":17.014351869999999,"Longitude":54.053433980000001,"GlobalID":"{CB7B1804-6B3A-479C-8C8B-49439645AC51}","NEAR_FID":8348,"NEAR_DIST":9.160246658465768}},{"type":"Feature","id":642,"geometry":{"type":"Point","coordinates":[186294.25310000032,1883517.1250999998]},"properties":{"OBJECTID":642,"Asset_ID":"MH642","Name":null,"District_ID":"Mustashfa al Sultan Qboos","Wlyt_ID":"Salalah","Gov_ID":"Dhofar Governorate","Road_ID":"102645","Mun_ID":" MH-15/9","Latitude":17.014467199999999,"Longitude":54.053693019999997,"GlobalID":"{00B7F63D-C651-4F26-9940-AD4E7A033EF1}","NEAR_FID":8348,"NEAR_DIST":8.2534981219274357}},{"type":"Feature","id":643,"geometry":{"type":"Point","coordinates":[186318.64529999997,1883525.0262000002]},"properties":{"OBJECTID":643,"Asset_ID":"MH643","Name":null,"District_ID":"Mustashfa al Sultan Qboos","Wlyt_ID":"Salalah","Gov_ID":"Dhofar Governorate","Road_ID":"102645","Mun_ID":" MH-15/10","Latitude":17.01454184,"Longitude":54.053920769999998,"GlobalID":"{7C3E2790-46B3-4604-8DE2-07EF85EF1B98}","NEAR_FID":8348,"NEAR_DIST":10.253384879402272}},{"type":"Feature","id":644,"geometry":{"type":"Point","coordinates":[186342.38929999992,1883532.8430000003]},"properties":{"OBJECTID":644,"Asset_ID":"MH644","Name":null,"District_ID":"Mustashfa al Sultan Qboos","Wlyt_ID":"Salalah","Gov_ID":"Dhofar Governorate","Road_ID":"105353","Mun_ID":" MH-15/11","Latitude":17.014615639999999,"Longitude":54.054142460000001,"GlobalID":"{33102DDC-6E1E-45FB-A34D-E2C0CD822336}","NEAR_FID":8498,"NEAR_DIST":9.0850362746199806}},{"type":"Feature","id":645,"geometry":{"type":"Point","coordinates":[186365.54600000009,1883541.9075000007]},"properties":{"OBJECTID":645,"Asset_ID":"MH645","Name":null,"District_ID":"Mustashfa al Sultan Qboos","Wlyt_ID":"Salalah","Gov_ID":"Dhofar Governorate","Road_ID":"105353","Mun_ID":" MH-15/12","Latitude":17.014700619999999,"Longitude":54.054358450000002,"GlobalID":"{232AA49E-13AA-4103-AFDC-26C765038BB8}","NEAR_FID":8498,"NEAR_DIST":6.0168618110424141}},{"type":"Feature","id":646,"geometry":{"type":"Point","coordinates":[186393.23610000033,1883553.8801000006]},"properties":{"OBJECTID":646,"Asset_ID":"MH646","Name":null,"District_ID":"Mustashfa al Sultan Qboos","Wlyt_ID":"Salalah","Gov_ID":"Dhofar Governorate","Road_ID":"105353","Mun_ID":" MH-15/13","Latitude":17.014812460000002,"Longitude":54.054616580000001,"GlobalID":"{95212F11-8EE6-4097-B037-697E372F4F75}","NEAR_FID":8498,"NEAR_DIST":2.9450048428952007}},{"type":"Feature","id":647,"geometry":{"type":"Point","coordinates":[186421.21769999992,1883566.4955000002]},"properties":{"OBJECTID":647,"Asset_ID":"MH647","Name":null,"District_ID":"Mustashfa al Sultan Qboos","Wlyt_ID":"Salalah","Gov_ID":"Dhofar Governorate","Road_ID":"105353","Mun_ID":" MH-15/13A","Latitude":17.014930150000001,"Longitude":54.054877339999997,"GlobalID":"{03471096-149A-4EE8-8329-C714060ACCB8}","NEAR_FID":8498,"NEAR_DIST":1.1752236419945612}},{"type":"Feature","id":648,"geometry":{"type":"Point","coordinates":[186447.75069999974,1883580.4042000007]},"properties":{"OBJECTID":648,"Asset_ID":"MH648","Name":null,"District_ID":"Mustashfa al Sultan Qboos","Wlyt_ID":"Salalah","Gov_ID":"Dhofar Governorate","Road_ID":"105353","Mun_ID":" MH-15/14","Latitude":17.015059319999999,"Longitude":54.055124339999999,"GlobalID":"{F548B958-7100-419D-A426-CFF3B0F55E0A}","NEAR_FID":8498,"NEAR_DIST":1.3207404113760728}},{"type":"Feature","id":649,"geometry":{"type":"Point","coordinates":[186483.31159999967,1883598.6800999995]},"properties":{"OBJECTID":649,"Asset_ID":"MH649","Name":null,"District_ID":"Mustashfa al Sultan Qboos","Wlyt_ID":"Salalah","Gov_ID":"Dhofar Governorate","Road_ID":"105353","Mun_ID":" MH-11/1","Latitude":17.015229139999999,"Longitude":54.055455420000001,"GlobalID":"{3E7A5882-E48B-414E-97AA-83045DA95252}","NEAR_FID":8498,"NEAR_DIST":1.8992051126234577}},{"type":"Feature","id":650,"geometry":{"type":"Point","coordinates":[186519.09260000009,1883616.2953999992]},"properties":{"OBJECTID":650,"Asset_ID":"MH650","Name":null,"District_ID":"Mustashfa al Sultan Qboos","Wlyt_ID":"Salalah","Gov_ID":"Dhofar Governorate","Road_ID":"105353","Mun_ID":"  MH-11/2","Latitude":17.015393020000001,"Longitude":54.055788669999998,"GlobalID":"{7FC255E4-B9B7-47B7-BC5A-3E0901BA9B07}","NEAR_FID":8498,"NEAR_DIST":2.0036616148205355}},{"type":"Feature","id":651,"geometry":{"type":"Point","coordinates":[186535.42339999974,1883639.0117000006]},"properties":{"OBJECTID":651,"Asset_ID":"MH651","Name":null,"District_ID":"Mustashfa al Sultan Qboos","Wlyt_ID":"Salalah","Gov_ID":"Dhofar Governorate","Road_ID":"102645","Mun_ID":" ","Latitude":17.01560031,"Longitude":54.055938689999998,"GlobalID":"{07FA804C-17A6-4E3C-A7FA-53D9EF6B8986}","NEAR_FID":8348,"NEAR_DIST":3.3234044238122231}},{"type":"Feature","id":652,"geometry":{"type":"Point","coordinates":[186554.69020000007,1883634.7180000003]},"properties":{"OBJECTID":652,"Asset_ID":"MH652","Name":null,"District_ID":"Mustashfa al Sultan Qboos","Wlyt_ID":"Salalah","Gov_ID":"Dhofar Governorate","Road_ID":"105353","Mun_ID":" MH-11/3","Latitude":17.015564170000001,"Longitude":54.056120079999999,"GlobalID":"{E38C682E-4C35-4A9F-BD87-D4AA1E0FC435}","NEAR_FID":8498,"NEAR_DIST":3.9761015275792086}},{"type":"Feature","id":653,"geometry":{"type":"Point","coordinates":[186589.77390000038,1883645.8743999992]},"properties":{"OBJECTID":653,"Asset_ID":"MH653","Name":null,"District_ID":"Mustashfa al Sultan Qboos","Wlyt_ID":"Salalah","Gov_ID":"Dhofar Governorate","Road_ID":"105353","Mun_ID":" MH-11/4","Latitude":17.01566965,"Longitude":54.056447689999999,"GlobalID":"{A3315E07-5F3E-46C5-B0D2-5179E29AA952}","NEAR_FID":8498,"NEAR_DIST":2.1350567584011619}},{"type":"Feature","id":654,"geometry":{"type":"Point","coordinates":[186614.83899999969,1883657.9848999996]},"properties":{"OBJECTID":654,"Asset_ID":"MH654","Name":null,"District_ID":"Mustashfa al Sultan Qboos","Wlyt_ID":"Salalah","Gov_ID":"Dhofar Governorate","Road_ID":"102645","Mun_ID":" ","Latitude":17.015782380000001,"Longitude":54.056681169999997,"GlobalID":"{F656BA60-3AF2-45A8-A2B7-EDC940EBD741}","NEAR_FID":8348,"NEAR_DIST":3.8796604688081051}},{"type":"Feature","id":655,"geometry":{"type":"Point","coordinates":[186638.25270000007,1883648.1129999999]},"properties":{"OBJECTID":655,"Asset_ID":"MH655","Name":null,"District_ID":"Mustashfa al Sultan Qboos","Wlyt_ID":"Salalah","Gov_ID":"Dhofar Governorate","Road_ID":"102645","Mun_ID":" ","Latitude":17.015696439999999,"Longitude":54.05690225,"GlobalID":"{B4AFDFFA-2CCA-42CF-AFA9-16C393E9B8CF}","NEAR_FID":8348,"NEAR_DIST":4.1574737373293686}},{"type":"Feature","id":656,"geometry":{"type":"Point","coordinates":[186720.42059999984,1883604.4783999994]},"properties":{"OBJECTID":656,"Asset_ID":"MH656","Name":null,"District_ID":"Mustashfa al Sultan Qboos","Wlyt_ID":"Salalah","Gov_ID":"Dhofar Governorate","Road_ID":"102645","Mun_ID":" ","Latitude":17.015313689999999,"Longitude":54.057679389999997,"GlobalID":"{C8A6FF4C-0DD0-45A5-A1A6-E62E10EB2B6D}","NEAR_FID":13657,"NEAR_DIST":1.3019868379081057}},{"type":"Feature","id":657,"geometry":{"type":"Point","coordinates":[186746.78689999972,1883591.5374999996]},"properties":{"OBJECTID":657,"Asset_ID":"MH657","Name":null,"District_ID":"Mustashfa al Sultan Qboos","Wlyt_ID":"Salalah","Gov_ID":"Dhofar Governorate","Road_ID":"102645","Mun_ID":" ","Latitude":17.015200440000001,"Longitude":54.057928609999998,"GlobalID":"{5611C8BD-8E1B-4A56-980E-7E6A3E263D58}","NEAR_FID":13657,"NEAR_DIST":1.6275603972478734}},{"type":"Feature","id":658,"geometry":{"type":"Point","coordinates":[186398.05900000036,1883568.7829999998]},"properties":{"OBJECTID":658,"Asset_ID":"MH658","Name":null,"District_ID":"Mustashfa al Sultan Qboos","Wlyt_ID":"Salalah","Gov_ID":"Dhofar Governorate","Road_ID":"102645","Mun_ID":" ","Latitude":17.01494765,"Longitude":54.054659719999997,"GlobalID":"{C2A84419-3558-42E2-B87C-867EDCDF305B}","NEAR_FID":8348,"NEAR_DIST":1.1170986738038706}},{"type":"Feature","id":659,"geometry":{"type":"Point","coordinates":[186368.25,1883556.7957000006]},"properties":{"OBJECTID":659,"Asset_ID":"MH659","Name":null,"District_ID":"Mustashfa al Sultan Qboos","Wlyt_ID":"Salalah","Gov_ID":"Dhofar Governorate","Road_ID":"102645","Mun_ID":" ","Latitude":17.014835389999998,"Longitude":54.054381720000002,"GlobalID":"{E81F81AA-E5F1-44A5-BB27-866F4C560D09}","NEAR_FID":8348,"NEAR_DIST":1.7757477182613348}},{"type":"Feature","id":660,"geometry":{"type":"Point","coordinates":[186347.72119999956,1883549.5530999992]},"properties":{"OBJECTID":660,"Asset_ID":"MH660","Name":null,"District_ID":"Mustashfa al Sultan Qboos","Wlyt_ID":"Salalah","Gov_ID":"Dhofar Governorate","Road_ID":"102645","Mun_ID":" ","Latitude":17.014767209999999,"Longitude":54.054190120000001,"GlobalID":"{23CFEEE4-C03A-4F3D-BEF6-A66B92A228BA}","NEAR_FID":8348,"NEAR_DIST":2.3157965872749253}},{"type":"Feature","id":661,"geometry":{"type":"Point","coordinates":[186213.12270000018,1883477.9484999999]},"properties":{"OBJECTID":661,"Asset_ID":"MH661","Name":null,"District_ID":"Mustashfa al Sultan Qboos","Wlyt_ID":"Salalah","Gov_ID":"Dhofar Governorate","Road_ID":"105353","Mun_ID":" MH-15/6","Latitude":17.0141025,"Longitude":54.052937319999998,"GlobalID":"{A01E6432-2993-4628-912D-53F33C59C287}","NEAR_FID":8498,"NEAR_DIST":11.140727467283934}},{"type":"Feature","id":662,"geometry":{"type":"Point","coordinates":[186186.48220000044,1883464.1850000005]},"properties":{"OBJECTID":662,"Asset_ID":"MH662","Name":null,"District_ID":"Mustashfa al Sultan Qboos","Wlyt_ID":"Salalah","Gov_ID":"Dhofar Governorate","Road_ID":"105353","Mun_ID":" MH-15/5","Latitude":17.01397463,"Longitude":54.052689299999997,"GlobalID":"{72478A2A-C02D-4413-A562-9F491A032F39}","NEAR_FID":8498,"NEAR_DIST":10.885579441924618}},{"type":"Feature","id":663,"geometry":{"type":"Point","coordinates":[186159.75260000024,1883450.5239000004]},"properties":{"OBJECTID":663,"Asset_ID":"MH663","Name":null,"District_ID":"Mustashfa al Sultan Qboos","Wlyt_ID":"Salalah","Gov_ID":"Dhofar Governorate","Road_ID":"105353","Mun_ID":" MH-15/4","Latitude":17.013847670000001,"Longitude":54.052440429999997,"GlobalID":"{6FB89B30-1860-4593-A238-68587DE831ED}","NEAR_FID":8498,"NEAR_DIST":10.899710180569965}},{"type":"Feature","id":664,"geometry":{"type":"Point","coordinates":[186133.00659999996,1883437.0170000009]},"properties":{"OBJECTID":664,"Asset_ID":"MH664","Name":null,"District_ID":"Mustashfa al Sultan Qboos","Wlyt_ID":"Salalah","Gov_ID":"Dhofar Governorate","Road_ID":"105353","Mun_ID":" MH-15/3","Latitude":17.013722099999999,"Longitude":54.052191379999996,"GlobalID":"{E229FE1D-4E33-481D-9427-199E8397C6CA}","NEAR_FID":8498,"NEAR_DIST":11.155428957543892}},{"type":"Feature","id":665,"geometry":{"type":"Point","coordinates":[186105.2137000002,1883424.7544]},"properties":{"OBJECTID":665,"Asset_ID":"MH665","Name":null,"District_ID":"Mustashfa al Sultan Qboos","Wlyt_ID":"Salalah","Gov_ID":"Dhofar Governorate","Road_ID":"105353","Mun_ID":" MH-15/2","Latitude":17.013607610000001,"Longitude":54.05193234,"GlobalID":"{F468C027-9E97-46FC-B687-C005356A58F2}","NEAR_FID":8498,"NEAR_DIST":12.996907991820686}},{"type":"Feature","id":666,"geometry":{"type":"Point","coordinates":[186043.4012000002,1883392.3852999993]},"properties":{"OBJECTID":666,"Asset_ID":"MH666","Name":null,"District_ID":"Mustashfa al Sultan Qboos","Wlyt_ID":"Salalah","Gov_ID":"Dhofar Governorate","Road_ID":"105353","Mun_ID":"AMH-5/5","Latitude":17.01330699,"Longitude":54.051356939999998,"GlobalID":"{DB75725C-D16B-4521-8547-ADA81A7224B8}","NEAR_FID":8498,"NEAR_DIST":12.991169405204841}},{"type":"Feature","id":667,"geometry":{"type":"Point","coordinates":[186006.60340000037,1883375.2229999993]},"properties":{"OBJECTID":667,"Asset_ID":"MH667","Name":null,"District_ID":"Mustashfa al Sultan Qboos","Wlyt_ID":"Salalah","Gov_ID":"Dhofar Governorate","Road_ID":"105353","Mun_ID":"AMH-4/5","Latitude":17.013147050000001,"Longitude":54.051014100000003,"GlobalID":"{8F40F563-33E3-45CB-BDE6-F43A1CCD4E49}","NEAR_FID":7760,"NEAR_DIST":14.203431651795762}},{"type":"Feature","id":668,"geometry":{"type":"Point","coordinates":[185971.37949999981,1883357.5361000001]},"properties":{"OBJECTID":668,"Asset_ID":"MH668","Name":null,"District_ID":"Mustashfa al Sultan Qboos","Wlyt_ID":"Salalah","Gov_ID":"Dhofar Governorate","Road_ID":"105353","Mun_ID":"AMH-3/5","Latitude":17.01298259,"Longitude":54.0506861,"GlobalID":"{16082B31-CDE7-4E35-AC4C-78DB2EF3FA23}","NEAR_FID":6427,"NEAR_DIST":13.638308648709017}},{"type":"Feature","id":669,"geometry":{"type":"Point","coordinates":[185936.60520000011,1883340.1489000004]},"properties":{"OBJECTID":669,"Asset_ID":"MH669","Name":null,"District_ID":"Mustashfa al Sultan Qboos","Wlyt_ID":"Salalah","Gov_ID":"Dhofar Governorate","Road_ID":"102645","Mun_ID":"AMH-2/5","Latitude":17.012820900000001,"Longitude":54.050362280000002,"GlobalID":"{C1195B15-1B2E-4677-B16F-48E8DB540266}","NEAR_FID":7043,"NEAR_DIST":12.065422159931337}},{"type":"Feature","id":670,"geometry":{"type":"Point","coordinates":[185900.25710000005,1883321.1129999999]},"properties":{"OBJECTID":670,"Asset_ID":"MH670","Name":null,"District_ID":"Mustashfa al Sultan Qboos","Wlyt_ID":"Salalah","Gov_ID":"Dhofar Governorate","Road_ID":"102645","Mun_ID":"AMH-1/5","Latitude":17.012644099999999,"Longitude":54.050023930000002,"GlobalID":"{AB99EE50-1A76-4C61-94CD-6A3558183F41}","NEAR_FID":5525,"NEAR_DIST":9.3508361653532059}},{"type":"Feature","id":671,"geometry":{"type":"Point","coordinates":[185735.60379999969,1883237.1000999995]},"properties":{"OBJECTID":671,"Asset_ID":"MH671","Name":null,"District_ID":"Mustashfa al Sultan Qboos","Wlyt_ID":"Salalah","Gov_ID":"Dhofar Governorate","Road_ID":"105353","Mun_ID":" ","Latitude":17.011863259999998,"Longitude":54.048490909999998,"GlobalID":"{659EDB05-BF08-4D5E-9E27-6DB34260CFAE}","NEAR_FID":6340,"NEAR_DIST":14.032950870857897}},{"type":"Feature","id":672,"geometry":{"type":"Point","coordinates":[186798.3870000001,1883753.8635000009]},"properties":{"OBJECTID":672,"Asset_ID":"MH672","Name":null,"District_ID":"Mustashfa al Sultan Qboos","Wlyt_ID":"Salalah","Gov_ID":"Dhofar Governorate","Road_ID":"102645","Mun_ID":" ","Latitude":17.01667286,"Longitude":54.058389869999999,"GlobalID":"{2EB336DC-A7C2-454A-B47A-BDF2F0749C5F}","NEAR_FID":12127,"NEAR_DIST":6.1229295287739527}},{"type":"Feature","id":673,"geometry":{"type":"Point","coordinates":[186239.82359999977,1883491.6557]},"properties":{"OBJECTID":673,"Asset_ID":"MH673","Name":null,"District_ID":"Mustashfa al Sultan Qboos","Wlyt_ID":"Salalah","Gov_ID":"Dhofar Governorate","Road_ID":"105353","Mun_ID":" MH-15/7","Latitude":17.014229870000001,"Longitude":54.053185910000003,"GlobalID":"{171A6827-66D4-4417-AEA2-FFA35F2BC85D}","NEAR_FID":8498,"NEAR_DIST":11.318372460655807}},{"type":"Feature","id":674,"geometry":{"type":"Point","coordinates":[186694.9151999997,1883620.3322000001]},"properties":{"OBJECTID":674,"Asset_ID":"MH674","Name":null,"District_ID":"Mustashfa al Sultan Qboos","Wlyt_ID":"Salalah","Gov_ID":"Dhofar Governorate","Road_ID":"102645","Mun_ID":" ","Latitude":17.015453350000001,"Longitude":54.057437839999999,"GlobalID":"{39AFF6C4-EB43-4D87-9869-150AB9A18192}","NEAR_FID":13657,"NEAR_DIST":2.4146059235872785}},{"type":"Feature","id":675,"geometry":{"type":"Point","coordinates":[186672.85940000042,1883634.8280999996]},"properties":{"OBJECTID":675,"Asset_ID":"MH675","Name":null,"District_ID":"Mustashfa al Sultan Qboos","Wlyt_ID":"Salalah","Gov_ID":"Dhofar Governorate","Road_ID":"102645","Mun_ID":" ","Latitude":17.015581210000001,"Longitude":54.057228840000001,"GlobalID":"{B09E4CD6-3E41-44A9-A690-210CF4F35460}","NEAR_FID":13657,"NEAR_DIST":1.809378746671382}},{"type":"Feature","id":676,"geometry":{"type":"Point","coordinates":[186800.82930000033,1883154.4551999997]},"properties":{"OBJECTID":676,"Asset_ID":"MH676","Name":null,"District_ID":"Mustashfa al Sultan Qboos","Wlyt_ID":"Salalah","Gov_ID":"Dhofar Governorate","Road_ID":"105338","Mun_ID":" ","Latitude":17.011261990000001,"Longitude":54.058497350000003,"GlobalID":"{BE409832-9230-441A-9E00-ADDF7AECFF85}","NEAR_FID":18235,"NEAR_DIST":5.8228314345549856}},{"type":"Feature","id":677,"geometry":{"type":"Point","coordinates":[186787.44720000029,1883154.7430000007]},"properties":{"OBJECTID":677,"Asset_ID":"MH677","Name":null,"District_ID":"Mustashfa al Sultan Qboos","Wlyt_ID":"Salalah","Gov_ID":"Dhofar Governorate","Road_ID":"105338","Mun_ID":" ","Latitude":17.011262779999999,"Longitude":54.058371749999999,"GlobalID":"{B9EEC55C-7423-47E9-93EE-756BC9D37F45}","NEAR_FID":18235,"NEAR_DIST":7.562193009486581}},{"type":"Feature","id":678,"geometry":{"type":"Point","coordinates":[186800.69350000005,1882797.5610000007]},"properties":{"OBJECTID":678,"Asset_ID":"MH678","Name":null,"District_ID":"al Wadi","Wlyt_ID":"Salalah","Gov_ID":"Dhofar Governorate","Road_ID":"105338","Mun_ID":" ","Latitude":17.008040090000001,"Longitude":54.058546409999998,"GlobalID":"{B0437646-B42A-4823-9046-463BA7FCAC4A}","NEAR_FID":15956,"NEAR_DIST":4.1840670112813836}},{"type":"Feature","id":679,"geometry":{"type":"Point","coordinates":[186800.62820000015,1882757.5787000004]},"properties":{"OBJECTID":679,"Asset_ID":"MH679","Name":null,"District_ID":"al Wadi","Wlyt_ID":"Salalah","Gov_ID":"Dhofar Governorate","Road_ID":"105338","Mun_ID":" ","Latitude":17.00767914,"Longitude":54.058551440000002,"GlobalID":"{707179F7-FDF3-4087-99D2-58B26618291B}","NEAR_FID":15956,"NEAR_DIST":3.8912060087374654}},{"type":"Feature","id":680,"geometry":{"type":"Point","coordinates":[186779.63449999969,1882458.5263999999]},"properties":{"OBJECTID":680,"Asset_ID":"MH680","Name":null,"District_ID":"Mustashfa al Sultan Qboos","Wlyt_ID":"Salalah","Gov_ID":"Dhofar Governorate","Road_ID":"100002","Mun_ID":" ","Latitude":17.004976580000001,"Longitude":54.058396629999997,"GlobalID":"{91BCD35D-ADE0-4D81-AA3B-096B373CEA2D}","NEAR_FID":7660,"NEAR_DIST":3.5454063276742791}},{"type":"Feature","id":681,"geometry":{"type":"Point","coordinates":[187120.31510000024,1882320.3213]},"properties":{"OBJECTID":681,"Asset_ID":"MH681","Name":null,"District_ID":"al Wadi","Wlyt_ID":"Salalah","Gov_ID":"Dhofar Governorate","Road_ID":"100002","Mun_ID":" ","Latitude":17.003775109999999,"Longitude":54.061612529999998,"GlobalID":"{114F4451-2FB3-4508-8910-E10EC2139209}","NEAR_FID":11181,"NEAR_DIST":3.8592151667886139}},{"type":"Feature","id":682,"geometry":{"type":"Point","coordinates":[187850.09929999989,1882060.6816000007]},"properties":{"OBJECTID":682,"Asset_ID":"MH682","Name":null,"District_ID":"Salalah al Gharbiyya","Wlyt_ID":"Salalah","Gov_ID":"Dhofar Governorate","Road_ID":"100002","Mun_ID":" ","Latitude":17.001529949999998,"Longitude":54.068496189999998,"GlobalID":"{D2D96517-89CB-4C49-AC31-C244975854E1}","NEAR_FID":11184,"NEAR_DIST":7.5029304216858206}},{"type":"Feature","id":683,"geometry":{"type":"Point","coordinates":[187226.25580000039,1884009.9365999997]},"properties":{"OBJECTID":683,"Asset_ID":"MH683","Name":null,"District_ID":"al Wadi","Wlyt_ID":"Salalah","Gov_ID":"Dhofar Governorate","Road_ID":"105509","Mun_ID":" ","Latitude":17.019042630000001,"Longitude":54.062368509999999,"GlobalID":"{1B7B5340-D8C4-44E4-8026-3134FEFFDEFF}","NEAR_FID":10049,"NEAR_DIST":9.5578565424864337}},{"type":"Feature","id":684,"geometry":{"type":"Point","coordinates":[187236.6604000004,1884013.8269999996]},"properties":{"OBJECTID":684,"Asset_ID":"MH684","Name":null,"District_ID":"al Wadi","Wlyt_ID":"Salalah","Gov_ID":"Dhofar Governorate","Road_ID":"105509","Mun_ID":" ","Latitude":17.01907916,"Longitude":54.062465590000002,"GlobalID":"{42626594-64A6-432C-A362-9961693EFF9E}","NEAR_FID":10049,"NEAR_DIST":12.495369304754096}},{"type":"Feature","id":685,"geometry":{"type":"Point","coordinates":[187201.63410000037,1883992.9528000001]},"properties":{"OBJECTID":685,"Asset_ID":"MH685","Name":null,"District_ID":"al Wadi","Wlyt_ID":"Salalah","Gov_ID":"Dhofar Governorate","Road_ID":"105509","Mun_ID":" ","Latitude":17.018885969999999,"Longitude":54.062139870000003,"GlobalID":"{CBD1B3F8-3777-4EDA-88C8-CADA46B31F2D}","NEAR_FID":10049,"NEAR_DIST":10.098660497173773}},{"type":"Feature","id":686,"geometry":{"type":"Point","coordinates":[187166.7472000001,1883972.0749999993]},"properties":{"OBJECTID":686,"Asset_ID":"MH686","Name":null,"District_ID":"al Wadi","Wlyt_ID":"Salalah","Gov_ID":"Dhofar Governorate","Road_ID":"105509","Mun_ID":" ","Latitude":17.01869276,"Longitude":54.061815459999998,"GlobalID":"{75913AE6-EAA7-4C2B-928E-78CD8C70D2D4}","NEAR_FID":10049,"NEAR_DIST":9.6846336743366752}},{"type":"Feature","id":687,"geometry":{"type":"Point","coordinates":[187132.4972000001,1883952.4201999996]},"properties":{"OBJECTID":687,"Asset_ID":"MH687","Name":null,"District_ID":"al Wadi","Wlyt_ID":"Salalah","Gov_ID":"Dhofar Governorate","Road_ID":"105509","Mun_ID":" ","Latitude":17.018510679999999,"Longitude":54.061496859999998,"GlobalID":"{C4CDFFF2-4B0A-4831-BA16-688608C34ED1}","NEAR_FID":10049,"NEAR_DIST":9.7741229220758115}},{"type":"Feature","id":688,"geometry":{"type":"Point","coordinates":[187098.56560000032,1883931.5170000009]},"properties":{"OBJECTID":688,"Asset_ID":"MH688","Name":null,"District_ID":"al Wadi","Wlyt_ID":"Salalah","Gov_ID":"Dhofar Governorate","Road_ID":"105509","Mun_ID":" ","Latitude":17.018317369999998,"Longitude":54.061181419999997,"GlobalID":"{6D72B86A-211A-4EA1-B878-D19DC2684A75}","NEAR_FID":10049,"NEAR_DIST":11.668638037834091}},{"type":"Feature","id":689,"geometry":{"type":"Point","coordinates":[187062.68740000017,1883911.9663999993]},"properties":{"OBJECTID":689,"Asset_ID":"MH689","Name":null,"District_ID":"al Wadi","Wlyt_ID":"Salalah","Gov_ID":"Dhofar Governorate","Road_ID":"105509","Mun_ID":" ","Latitude":17.018136009999999,"Longitude":54.060847529999997,"GlobalID":"{77050604-CC74-466A-B011-44980E3D6C4C}","NEAR_FID":10049,"NEAR_DIST":11.618701932158082}},{"type":"Feature","id":690,"geometry":{"type":"Point","coordinates":[187027.72059999965,1883893.3005999997]},"properties":{"OBJECTID":690,"Asset_ID":"MH690","Name":null,"District_ID":"al Wadi","Wlyt_ID":"Salalah","Gov_ID":"Dhofar Governorate","Road_ID":"105509","Mun_ID":" ","Latitude":17.01796276,"Longitude":54.060522059999997,"GlobalID":"{A36C71D9-A248-4C97-9230-B12528211D2B}","NEAR_FID":10049,"NEAR_DIST":11.196635680166546}},{"type":"Feature","id":691,"geometry":{"type":"Point","coordinates":[186992.20249999966,1883874.6116000004]},"properties":{"OBJECTID":691,"Asset_ID":"MH691","Name":null,"District_ID":"al Wadi","Wlyt_ID":"Salalah","Gov_ID":"Dhofar Governorate","Road_ID":"104340","Mun_ID":" ","Latitude":17.017789220000001,"Longitude":54.060191430000003,"GlobalID":"{6B0573DF-BED7-41B8-9978-145749B4CA0D}","NEAR_FID":5280,"NEAR_DIST":9.8263645897039034}},{"type":"Feature","id":692,"geometry":{"type":"Point","coordinates":[186957.13599999994,1883855.4317000005]},"properties":{"OBJECTID":692,"Asset_ID":"MH692","Name":null,"District_ID":"al Wadi","Wlyt_ID":"Salalah","Gov_ID":"Dhofar Governorate","Road_ID":"104340","Mun_ID":" ","Latitude":17.01761132,"Longitude":54.059865100000003,"GlobalID":"{D4848AAC-CA3C-49FA-B3F0-0BD10AFD0F99}","NEAR_FID":5280,"NEAR_DIST":6.1971641595718818}},{"type":"Feature","id":693,"geometry":{"type":"Point","coordinates":[186835.71229999978,1883786.2101000007]},"properties":{"OBJECTID":693,"Asset_ID":"MH693","Name":null,"District_ID":"Mustashfa al Sultan Qboos","Wlyt_ID":"Salalah","Gov_ID":"Dhofar Governorate","Road_ID":"105509","Mun_ID":" ","Latitude":17.016969929999998,"Longitude":54.05873553,"GlobalID":"{929F570B-AC51-4B9A-B3C7-7D9597F49BC1}","NEAR_FID":10049,"NEAR_DIST":6.6635738854205382}},{"type":"Feature","id":694,"geometry":{"type":"Point","coordinates":[186840.16150000039,1883577.9001000002]},"properties":{"OBJECTID":694,"Asset_ID":"MH694","Name":null,"District_ID":"al Wadi","Wlyt_ID":"Salalah","Gov_ID":"Dhofar Governorate","Road_ID":"105509","Mun_ID":" ","Latitude":17.015090010000002,"Longitude":54.058806670000003,"GlobalID":"{7DE7E74F-C69D-49B9-8FEB-C9EC2C550E9D}","NEAR_FID":11696,"NEAR_DIST":13.514893542093564}},{"type":"Feature","id":695,"geometry":{"type":"Point","coordinates":[186841.75669999979,1883634.2737000007]},"properties":{"OBJECTID":695,"Asset_ID":"MH695","Name":null,"District_ID":"al Wadi","Wlyt_ID":"Salalah","Gov_ID":"Dhofar Governorate","Road_ID":"105509","Mun_ID":" ","Latitude":17.015599139999999,"Longitude":54.05881368,"GlobalID":"{1C7ECDE3-D6E3-488F-BE13-32B901D2FFC3}","NEAR_FID":14444,"NEAR_DIST":13.845188572332962}},{"type":"Feature","id":696,"geometry":{"type":"Point","coordinates":[186839.11780000012,1883580.2638000008]},"properties":{"OBJECTID":696,"Asset_ID":"MH696","Name":null,"District_ID":"al Wadi","Wlyt_ID":"Salalah","Gov_ID":"Dhofar Governorate","Road_ID":"105509","Mun_ID":" ","Latitude":17.0151112,"Longitude":54.058796540000003,"GlobalID":"{6F6CFED5-0806-4865-A1AE-AA0F3FB97768}","NEAR_FID":11696,"NEAR_DIST":12.418431646874916}},{"type":"Feature","id":697,"geometry":{"type":"Point","coordinates":[186829.81269999966,1883347.4306000005]},"properties":{"OBJECTID":697,"Asset_ID":"MH697","Name":null,"District_ID":"al Wadi","Wlyt_ID":"Salalah","Gov_ID":"Dhofar Governorate","Road_ID":"105338","Mun_ID":" ","Latitude":17.013008030000002,"Longitude":54.058742080000002,"GlobalID":"{3A74ECA8-1657-452D-892E-59A3D9638DF3}","NEAR_FID":9041,"NEAR_DIST":13.213705337646875}},{"type":"Feature","id":698,"geometry":{"type":"Point","coordinates":[186822.23429999966,1883207.9496999998]},"properties":{"OBJECTID":698,"Asset_ID":"MH698","Name":null,"District_ID":"al Wadi","Wlyt_ID":"Salalah","Gov_ID":"Dhofar Governorate","Road_ID":"105338","Mun_ID":" ","Latitude":17.01174782,"Longitude":54.058690640000002,"GlobalID":"{E4B04756-3DA2-4C86-A48B-31EFD276189A}","NEAR_FID":12907,"NEAR_DIST":10.279802382705681}},{"type":"Feature","id":699,"geometry":{"type":"Point","coordinates":[189611.35989999957,1884285.5507999994]},"properties":{"OBJECTID":699,"Asset_ID":"MH699","Name":null,"District_ID":"Salalah al Jadida","Wlyt_ID":"Salalah","Gov_ID":"Dhofar Governorate","Road_ID":"104378","Mun_ID":" ","Latitude":17.021852989999999,"Longitude":54.084710139999999,"GlobalID":"{27C3452E-0940-42CE-B2AA-53CB4768F29D}","NEAR_FID":13078,"NEAR_DIST":0.55959999933838844}},{"type":"Feature","id":700,"geometry":{"type":"Point","coordinates":[189646.94959999993,1884288.8604000006]},"properties":{"OBJECTID":700,"Asset_ID":"MH700","Name":null,"District_ID":"Salalah al Jadida","Wlyt_ID":"Salalah","Gov_ID":"Dhofar Governorate","Road_ID":"104378","Mun_ID":" ","Latitude":17.02188765,"Longitude":54.085043630000001,"GlobalID":"{87180C1E-E235-4169-9506-DB77386030E9}","NEAR_FID":13078,"NEAR_DIST":2.0806091353342109}},{"type":"Feature","id":701,"geometry":{"type":"Point","coordinates":[189634.09509999957,1884263.4392000008]},"properties":{"OBJECTID":701,"Asset_ID":"MH701","Name":null,"District_ID":"Salalah al Jadida","Wlyt_ID":"Salalah","Gov_ID":"Dhofar Governorate","Road_ID":"104257","Mun_ID":" ","Latitude":17.02165643,"Longitude":54.08492657,"GlobalID":"{CA8DDC0F-0461-420C-B1D4-AE0B54402801}","NEAR_FID":19214,"NEAR_DIST":1.7515204690240274}},{"type":"Feature","id":702,"geometry":{"type":"Point","coordinates":[189665.12820000015,1884266.6527999993]},"properties":{"OBJECTID":702,"Asset_ID":"MH702","Name":null,"District_ID":"Salalah al Jadida","Wlyt_ID":"Salalah","Gov_ID":"Dhofar Governorate","Road_ID":"104378","Mun_ID":" ","Latitude":17.021689609999999,"Longitude":54.085217319999998,"GlobalID":"{E898A7EE-28D6-47AF-B9AE-3AE170DAFCB8}","NEAR_FID":12655,"NEAR_DIST":9.2461696475989825}},{"type":"Feature","id":703,"geometry":{"type":"Point","coordinates":[189668.48570000008,1884291.0668000001]},"properties":{"OBJECTID":703,"Asset_ID":"MH703","Name":null,"District_ID":"Salalah al Jadida","Wlyt_ID":"Salalah","Gov_ID":"Dhofar Governorate","Road_ID":"104378","Mun_ID":" ","Latitude":17.021910470000002,"Longitude":54.085245409999999,"GlobalID":"{1EAF215F-3B7F-4D28-B023-A5166461D902}","NEAR_FID":13078,"NEAR_DIST":2.4521598962384532}},{"type":"Feature","id":704,"geometry":{"type":"Point","coordinates":[189748.01090000011,1884275.0465999991]},"properties":{"OBJECTID":704,"Asset_ID":"MH704","Name":null,"District_ID":"Salalah al Jadida","Wlyt_ID":"Salalah","Gov_ID":"Dhofar Governorate","Road_ID":"104192","Mun_ID":" ","Latitude":17.021776540000001,"Longitude":54.085993879999997,"GlobalID":"{E681F1D0-9254-4BAD-AF5F-52841619FB7A}","NEAR_FID":8890,"NEAR_DIST":0.53799936326493469}},{"type":"Feature","id":705,"geometry":{"type":"Point","coordinates":[189761.44099999964,1884300.5636999998]},"properties":{"OBJECTID":705,"Asset_ID":"MH705","Name":null,"District_ID":"Salalah al Jadida","Wlyt_ID":"Salalah","Gov_ID":"Dhofar Governorate","Road_ID":"104378","Mun_ID":" ","Latitude":17.022008710000001,"Longitude":54.086116330000003,"GlobalID":"{60B432BB-938A-4F50-AF99-39F5F4FEF98A}","NEAR_FID":8086,"NEAR_DIST":2.4768470962535831}},{"type":"Feature","id":706,"geometry":{"type":"Point","coordinates":[189779.13989999983,1884278.0683999993]},"properties":{"OBJECTID":706,"Asset_ID":"MH706","Name":null,"District_ID":"Salalah al Jadida","Wlyt_ID":"Salalah","Gov_ID":"Dhofar Governorate","Road_ID":"104378","Mun_ID":" ","Latitude":17.021808010000001,"Longitude":54.08628556,"GlobalID":"{5C3E0ABD-14F8-40E4-94A2-FDFF50C3160D}","NEAR_FID":7821,"NEAR_DIST":9.5700694893685849}},{"type":"Feature","id":707,"geometry":{"type":"Point","coordinates":[189797.4143000003,1884303.8253000006]},"properties":{"OBJECTID":707,"Asset_ID":"MH707","Name":null,"District_ID":"Salalah al Jadida","Wlyt_ID":"Salalah","Gov_ID":"Dhofar Governorate","Road_ID":"104378","Mun_ID":" ","Latitude":17.022043,"Longitude":54.086453429999999,"GlobalID":"{E4EBD0FD-EBFC-4B45-9ED0-2E0A9660632A}","NEAR_FID":8086,"NEAR_DIST":2.3221667689422874}},{"type":"Feature","id":708,"geometry":{"type":"Point","coordinates":[189809.50140000042,1884281.1861000005]},"properties":{"OBJECTID":708,"Asset_ID":"MH708","Name":null,"District_ID":"Salalah al Jadida","Wlyt_ID":"Salalah","Gov_ID":"Dhofar Governorate","Road_ID":"104378","Mun_ID":" ","Latitude":17.02184024,"Longitude":54.086570020000003,"GlobalID":"{E909FB62-8950-44CC-B70F-3D0AC5BAD115}","NEAR_FID":7821,"NEAR_DIST":9.2509041905748468}},{"type":"Feature","id":709,"geometry":{"type":"Point","coordinates":[189817.79930000007,1884306.5112999994]},"properties":{"OBJECTID":709,"Asset_ID":"MH709","Name":null,"District_ID":"Salalah al Jadida","Wlyt_ID":"Salalah","Gov_ID":"Dhofar Governorate","Road_ID":"104378","Mun_ID":" ","Latitude":17.022069989999999,"Longitude":54.086644339999999,"GlobalID":"{14D0FD76-903C-46F9-96A6-D6B4BBA773A9}","NEAR_FID":8086,"NEAR_DIST":3.0308795313136998}},{"type":"Feature","id":710,"geometry":{"type":"Point","coordinates":[189839.23940000031,1884283.4404000007]},"properties":{"OBJECTID":710,"Asset_ID":"MH710","Name":null,"District_ID":"Salalah al Jadida","Wlyt_ID":"Salalah","Gov_ID":"Dhofar Governorate","Road_ID":"104378","Mun_ID":" ","Latitude":17.02186459,"Longitude":54.086848750000001,"GlobalID":"{E09427B2-FE4E-4E6D-9537-6877C8E117D6}","NEAR_FID":18894,"NEAR_DIST":9.1059083848865345}},{"type":"Feature","id":711,"geometry":{"type":"Point","coordinates":[189834.77869999968,1884285.0712000001]},"properties":{"OBJECTID":711,"Asset_ID":"MH711","Name":null,"District_ID":"Salalah al Jadida","Wlyt_ID":"Salalah","Gov_ID":"Dhofar Governorate","Road_ID":"104378","Mun_ID":" ","Latitude":17.021878709999999,"Longitude":54.086806670000001,"GlobalID":"{8143632F-3803-4959-B17B-76CAD4EEB541}","NEAR_FID":18894,"NEAR_DIST":7.1636541930713822}},{"type":"Feature","id":712,"geometry":{"type":"Point","coordinates":[189872.1911000004,1884285.1192000005]},"properties":{"OBJECTID":712,"Asset_ID":"MH712","Name":null,"District_ID":"Salalah al Jadida","Wlyt_ID":"Salalah","Gov_ID":"Dhofar Governorate","Road_ID":"104378","Mun_ID":" ","Latitude":17.021884180000001,"Longitude":54.08715772,"GlobalID":"{06499F91-3D7C-49A6-89B6-0257B8491C9E}","NEAR_FID":18894,"NEAR_DIST":9.1996097534151158}},{"type":"Feature","id":713,"geometry":{"type":"Point","coordinates":[189868.64169999957,1884312.5068999995]},"properties":{"OBJECTID":713,"Asset_ID":"MH713","Name":null,"District_ID":"Salalah al Jadida","Wlyt_ID":"Salalah","Gov_ID":"Dhofar Governorate","Road_ID":"104378","Mun_ID":" ","Latitude":17.022130950000001,"Longitude":54.087120589999998,"GlobalID":"{3AF3403D-83EC-43D4-99FD-BC0DFB85B6D1}","NEAR_FID":8086,"NEAR_DIST":5.5800806789706501}},{"type":"Feature","id":714,"geometry":{"type":"Point","coordinates":[189894.06290000025,1884309.9167999998]},"properties":{"OBJECTID":714,"Asset_ID":"MH714","Name":null,"District_ID":"Salalah al Jadida","Wlyt_ID":"Salalah","Gov_ID":"Dhofar Governorate","Road_ID":"104378","Mun_ID":" ","Latitude":17.022110990000002,"Longitude":54.087359489999997,"GlobalID":"{11813977-3C00-4B9A-976B-92FA4D859C09}","NEAR_FID":17095,"NEAR_DIST":2.1338444533017022}},{"type":"Feature","id":715,"geometry":{"type":"Point","coordinates":[189903.22410000023,1884285.9345999993]},"properties":{"OBJECTID":715,"Asset_ID":"MH715","Name":null,"District_ID":"Salalah al Jadida","Wlyt_ID":"Salalah","Gov_ID":"Dhofar Governorate","Road_ID":"104378","Mun_ID":" ","Latitude":17.021895709999999,"Longitude":54.087448809999998,"GlobalID":"{3F1AFA93-D69F-479E-97A0-8D50A1F49843}","NEAR_FID":13245,"NEAR_DIST":9.5673823191075371}},{"type":"Feature","id":716,"geometry":{"type":"Point","coordinates":[189903.4160000002,1884308.8616000004]},"properties":{"OBJECTID":716,"Asset_ID":"MH716","Name":null,"District_ID":"Salalah al Jadida","Wlyt_ID":"Salalah","Gov_ID":"Dhofar Governorate","Road_ID":"104378","Mun_ID":" ","Latitude":17.022102719999999,"Longitude":54.087447400000002,"GlobalID":"{E8DC19C4-42E1-4802-B93D-803E67827614}","NEAR_FID":17095,"NEAR_DIST":0.83535411803802662}},{"type":"Feature","id":717,"geometry":{"type":"Point","coordinates":[189931.04349999968,1884309.8209000006]},"properties":{"OBJECTID":717,"Asset_ID":"MH717","Name":null,"District_ID":"Salalah al Jadida","Wlyt_ID":"Salalah","Gov_ID":"Dhofar Governorate","Road_ID":"104378","Mun_ID":" ","Latitude":17.02211509,"Longitude":54.087706509999997,"GlobalID":"{98C275BE-1322-46B7-BAA6-3D64389492DB}","NEAR_FID":17095,"NEAR_DIST":1.0746329616227914}},{"type":"Feature","id":718,"geometry":{"type":"Point","coordinates":[189969.03139999975,1884287.4214999992]},"properties":{"OBJECTID":718,"Asset_ID":"MH718","Name":null,"District_ID":"Salalah al Jadida","Wlyt_ID":"Salalah","Gov_ID":"Dhofar Governorate","Road_ID":"104378","Mun_ID":" ","Latitude":17.021917980000001,"Longitude":54.08806611,"GlobalID":"{F2DBA167-6DF0-43A8-98E5-D60FF462ADEE}","NEAR_FID":13245,"NEAR_DIST":9.76522996760343}},{"type":"Feature","id":719,"geometry":{"type":"Point","coordinates":[189966.05759999994,1884310.5883000009]},"properties":{"OBJECTID":719,"Asset_ID":"MH719","Name":null,"District_ID":"Salalah al Jadida","Wlyt_ID":"Salalah","Gov_ID":"Dhofar Governorate","Road_ID":"104378","Mun_ID":" ","Latitude":17.02212673,"Longitude":54.088034970000002,"GlobalID":"{64994B87-BAF4-42A9-893E-F6FEDE531CA8}","NEAR_FID":17095,"NEAR_DIST":1.0826829317572959}},{"type":"Feature","id":720,"geometry":{"type":"Point","coordinates":[190000.87990000006,1884312.1231999993]},"properties":{"OBJECTID":720,"Asset_ID":"MH720","Name":null,"District_ID":"Salalah al Jadida","Wlyt_ID":"Salalah","Gov_ID":"Dhofar Governorate","Road_ID":"104378","Mun_ID":" ","Latitude":17.022145269999999,"Longitude":54.088361509999999,"GlobalID":"{D2AEB05F-DD3C-4F09-9EB3-8E41078C3F12}","NEAR_FID":17095,"NEAR_DIST":2.5442101773325447}},{"type":"Feature","id":721,"geometry":{"type":"Point","coordinates":[190003.08629999962,1884289.2920999993]},"properties":{"OBJECTID":721,"Asset_ID":"MH721","Name":null,"District_ID":"Salalah al Jadida","Wlyt_ID":"Salalah","Gov_ID":"Dhofar Governorate","Road_ID":"104378","Mun_ID":" ","Latitude":17.021939450000001,"Longitude":54.0883854,"GlobalID":"{41AF1ABD-2964-43B9-BEC8-C8991797DA55}","NEAR_FID":13245,"NEAR_DIST":8.7669232384028302}},{"type":"Feature","id":722,"geometry":{"type":"Point","coordinates":[190045.67879999988,1884313.1304000001]},"properties":{"OBJECTID":722,"Asset_ID":"MH722","Name":null,"District_ID":"Salalah al Jadida","Wlyt_ID":"Salalah","Gov_ID":"Dhofar Governorate","Road_ID":"104378","Mun_ID":" ","Latitude":17.022160379999999,"Longitude":54.088781740000002,"GlobalID":"{7F370388-A411-4583-AF70-31723FA0C7B6}","NEAR_FID":5085,"NEAR_DIST":3.9504594073723593}},{"type":"Feature","id":723,"geometry":{"type":"Point","coordinates":[190079.82949999999,1884313.9458000008]},"properties":{"OBJECTID":723,"Asset_ID":"MH723","Name":null,"District_ID":"Salalah al Jadida","Wlyt_ID":"Salalah","Gov_ID":"Dhofar Governorate","Road_ID":"104378","Mun_ID":" ","Latitude":17.02217233,"Longitude":54.089102080000004,"GlobalID":"{8F655D0B-88C1-43D0-B58C-3F7155193CDE}","NEAR_FID":5085,"NEAR_DIST":2.925272916162871}},{"type":"Feature","id":724,"geometry":{"type":"Point","coordinates":[190115.41920000035,1884315.1929000001]},"properties":{"OBJECTID":724,"Asset_ID":"MH724","Name":null,"District_ID":"Salalah al Jadida","Wlyt_ID":"Salalah","Gov_ID":"Dhofar Governorate","Road_ID":"104378","Mun_ID":" ","Latitude":17.022188369999999,"Longitude":54.089435870000003,"GlobalID":"{9D709DC9-8C1E-4208-BB9B-186F7CEEB4F9}","NEAR_FID":5085,"NEAR_DIST":1.7162463746656003}},{"type":"Feature","id":725,"geometry":{"type":"Point","coordinates":[190149.95370000042,1884316.3441000003]},"properties":{"OBJECTID":725,"Asset_ID":"MH725","Name":null,"District_ID":"Salalah al Jadida","Wlyt_ID":"Salalah","Gov_ID":"Dhofar Governorate","Road_ID":"104378","Mun_ID":" ","Latitude":17.022203409999999,"Longitude":54.089759770000001,"GlobalID":"{913C0791-B26F-49DA-8090-9F393753EF4A}","NEAR_FID":5085,"NEAR_DIST":1.1379126195578768}},{"type":"Feature","id":726,"geometry":{"type":"Point","coordinates":[190178.77730000019,1884295.6506999992]},"properties":{"OBJECTID":726,"Asset_ID":"MH726","Name":null,"District_ID":"Salalah al Jadida","Wlyt_ID":"Salalah","Gov_ID":"Dhofar Governorate","Road_ID":"104200","Mun_ID":" ","Latitude":17.02202046,"Longitude":54.090033130000002,"GlobalID":"{A5D31124-31A9-4807-8F7E-8E4B2469781A}","NEAR_FID":15556,"NEAR_DIST":6.0961639889909547}},{"type":"Feature","id":727,"geometry":{"type":"Point","coordinates":[190180.66810000036,1884288.2785999998]},"properties":{"OBJECTID":727,"Asset_ID":"MH727","Name":null,"District_ID":"Salalah al Jadida","Wlyt_ID":"Salalah","Gov_ID":"Dhofar Governorate","Road_ID":"104200","Mun_ID":" ","Latitude":17.02195416,"Longitude":54.090051899999999,"GlobalID":"{238D2A27-6DB4-40EB-9995-F4C13162F2D6}","NEAR_FID":15556,"NEAR_DIST":10.567594357991158}},{"type":"Feature","id":728,"geometry":{"type":"Point","coordinates":[190202.80750000011,1884301.6462999992]},"properties":{"OBJECTID":728,"Asset_ID":"MH728","Name":null,"District_ID":"Salalah al Jadida","Wlyt_ID":"Salalah","Gov_ID":"Dhofar Governorate","Road_ID":"104378","Mun_ID":" ","Latitude":17.02207782,"Longitude":54.090257780000002,"GlobalID":"{3388284B-3A1C-4BCF-A1B1-F3D312134FAE}","NEAR_FID":11008,"NEAR_DIST":8.5088621576399852}},{"type":"Feature","id":729,"geometry":{"type":"Point","coordinates":[190190.09690000024,1884322.0791999996]},"properties":{"OBJECTID":729,"Asset_ID":"MH729","Name":null,"District_ID":"Salalah al Jadida","Wlyt_ID":"Salalah","Gov_ID":"Dhofar Governorate","Road_ID":"104378","Mun_ID":" ","Latitude":17.02226057,"Longitude":54.090135650000001,"GlobalID":"{BA8294F8-3F63-4F0D-8D1A-7EA89CA62F94}","NEAR_FID":11750,"NEAR_DIST":1.7094020389871423}},{"type":"Feature","id":730,"geometry":{"type":"Point","coordinates":[190171.6305999998,1884319.8247999996]},"properties":{"OBJECTID":730,"Asset_ID":"MH730","Name":null,"District_ID":"Salalah al Jadida","Wlyt_ID":"Salalah","Gov_ID":"Dhofar Governorate","Road_ID":"104378","Mun_ID":" ","Latitude":17.022237740000001,"Longitude":54.08996269,"GlobalID":"{9728D449-DDD4-4A65-8D31-ACF17458EE1D}","NEAR_FID":11750,"NEAR_DIST":2.5983356025800903}},{"type":"Feature","id":731,"geometry":{"type":"Point","coordinates":[190202.23199999984,1884324.3334999997]},"properties":{"OBJECTID":731,"Asset_ID":"MH731","Name":null,"District_ID":"Salalah al Jadida","Wlyt_ID":"Salalah","Gov_ID":"Dhofar Governorate","Road_ID":"104378","Mun_ID":" ","Latitude":17.022282560000001,"Longitude":54.090249210000003,"GlobalID":"{6F3B5FC9-7FA4-40EC-A060-CAED60267CF6}","NEAR_FID":11750,"NEAR_DIST":1.820471612509178}},{"type":"Feature","id":732,"geometry":{"type":"Point","coordinates":[190258.92599999998,1884335.4133000001]},"properties":{"OBJECTID":732,"Asset_ID":"MH732","Name":null,"District_ID":"Salalah al Jadida","Wlyt_ID":"Salalah","Gov_ID":"Dhofar Governorate","Road_ID":"104378","Mun_ID":" ","Latitude":17.0223902,"Longitude":54.090779660000003,"GlobalID":"{7663AA5D-37F4-44D1-925A-C3A5417FCBD0}","NEAR_FID":11750,"NEAR_DIST":1.8759921120914214}},{"type":"Feature","id":733,"geometry":{"type":"Point","coordinates":[190255.2807,1884311.5748999994]},"properties":{"OBJECTID":733,"Asset_ID":"MH733","Name":null,"District_ID":"Salalah al Jadida","Wlyt_ID":"Salalah","Gov_ID":"Dhofar Governorate","Road_ID":"104378","Mun_ID":" ","Latitude":17.022174499999998,"Longitude":54.090748779999998,"GlobalID":"{1FD5F38A-BA78-47DB-8389-A5A9A2DFB6F4}","NEAR_FID":11008,"NEAR_DIST":8.7635241832914197}},{"type":"Feature","id":734,"geometry":{"type":"Point","coordinates":[190230.00339999981,1884306.8743999992]},"properties":{"OBJECTID":734,"Asset_ID":"MH734","Name":null,"District_ID":"Salalah al Jadida","Wlyt_ID":"Salalah","Gov_ID":"Dhofar Governorate","Road_ID":"104378","Mun_ID":" ","Latitude":17.022128670000001,"Longitude":54.090512240000002,"GlobalID":"{C10B0660-4352-4B93-ADB3-FF8A75CB1A8D}","NEAR_FID":11008,"NEAR_DIST":8.5600642106647751}},{"type":"Feature","id":735,"geometry":{"type":"Point","coordinates":[190260.12509999983,1884323.1344000008]},"properties":{"OBJECTID":735,"Asset_ID":"MH735","Name":null,"District_ID":"Salalah al Jadida","Wlyt_ID":"Salalah","Gov_ID":"Dhofar Governorate","Road_ID":"104378","Mun_ID":" ","Latitude":17.022279510000001,"Longitude":54.090792620000002,"GlobalID":"{6AC50B87-B641-4FAD-9921-A33CD478F8FB}","NEAR_FID":11008,"NEAR_DIST":1.6607884340091925}},{"type":"Feature","id":736,"geometry":{"type":"Point","coordinates":[190296.0429999996,1884317.5617999993]},"properties":{"OBJECTID":736,"Asset_ID":"MH736","Name":null,"District_ID":"Salalah al Jadida","Wlyt_ID":"Salalah","Gov_ID":"Dhofar Governorate","Road_ID":"104378","Mun_ID":" ","Latitude":17.022234019999999,"Longitude":54.091130440000001,"GlobalID":"{63AB021E-A36C-4090-ACB4-EC399073C4E9}","NEAR_FID":11008,"NEAR_DIST":8.0424436935191004}},{"type":"Feature","id":737,"geometry":{"type":"Point","coordinates":[190287.6146999998,1884344.8520999998]},"properties":{"OBJECTID":737,"Asset_ID":"MH737","Name":null,"District_ID":"Salalah al Jadida","Wlyt_ID":"Salalah","Gov_ID":"Dhofar Governorate","Road_ID":"104378","Mun_ID":" ","Latitude":17.022479260000001,"Longitude":54.091047539999998,"GlobalID":"{1431678B-3895-4A6C-AAE5-FBF7B7D62BB1}","NEAR_FID":11750,"NEAR_DIST":2.3827393451012555}},{"type":"Feature","id":738,"geometry":{"type":"Point","coordinates":[190195.99560000002,1884310.7596000005]},"properties":{"OBJECTID":738,"Asset_ID":"MH738","Name":null,"District_ID":"Salalah al Jadida","Wlyt_ID":"Salalah","Gov_ID":"Dhofar Governorate","Road_ID":"104378","Mun_ID":" ","Latitude":17.022159169999998,"Longitude":54.090192590000001,"GlobalID":"{903715B2-1A7F-46F9-A465-DDB6829F0DC3}","NEAR_FID":11008,"NEAR_DIST":1.7356638446354899}},{"type":"Feature","id":739,"geometry":{"type":"Point","coordinates":[190297.4140999997,1884373.2152999993]},"properties":{"OBJECTID":739,"Asset_ID":"MH739","Name":null,"District_ID":"Salalah al Jadida","Wlyt_ID":"Salalah","Gov_ID":"Dhofar Governorate","Road_ID":"104378","Mun_ID":"M3","Latitude":17.022736640000002,"Longitude":54.091135540000003,"GlobalID":"{1A9BE0EE-BD51-4CEE-B235-764DE055FF26}","NEAR_FID":9094,"NEAR_DIST":7.811362443047777}},{"type":"Feature","id":740,"geometry":{"type":"Point","coordinates":[188944.4467000002,1888168.6187999994]},"properties":{"OBJECTID":740,"Asset_ID":"MH740","Name":null,"District_ID":null,"Wlyt_ID":"Salalah","Gov_ID":"Dhofar Governorate","Road_ID":"100520","Mun_ID":" ","Latitude":17.056818289999999,"Longitude":54.077907140000001,"GlobalID":"{41C47122-7A5B-4F20-9B9A-619AF39DCF01}","NEAR_FID":18513,"NEAR_DIST":4.3174991184745464}},{"type":"Feature","id":741,"geometry":{"type":"Point","coordinates":[188317.66949999984,1887761.8043000009]},"properties":{"OBJECTID":741,"Asset_ID":"MH741","Name":null,"District_ID":"Salalah Airport","Wlyt_ID":"Salalah","Gov_ID":"Dhofar Governorate","Road_ID":"100564","Mun_ID":" ","Latitude":17.05306092,"Longitude":54.072081990000001,"GlobalID":"{ACD7E38C-FA50-44E0-9632-8CE214769A71}","NEAR_FID":4406,"NEAR_DIST":11.585704213331173}},{"type":"Feature","id":742,"geometry":{"type":"Point","coordinates":[188311.53299999982,1887762.6137000006]},"properties":{"OBJECTID":742,"Asset_ID":"MH742","Name":null,"District_ID":"Salalah Airport","Wlyt_ID":"Salalah","Gov_ID":"Dhofar Governorate","Road_ID":"100564","Mun_ID":" ","Latitude":17.053067389999999,"Longitude":54.072024280000001,"GlobalID":"{E1C9B6BC-8B35-4B60-8C0A-FD6914A1EDB0}","NEAR_FID":4406,"NEAR_DIST":10.680525110214822}},{"type":"Feature","id":743,"geometry":{"type":"Point","coordinates":[187792.23300000001,1887463.1501000002]},"properties":{"OBJECTID":743,"Asset_ID":"MH743","Name":null,"District_ID":"Salalah Airport","Wlyt_ID":"Salalah","Gov_ID":"Dhofar Governorate","Road_ID":"100520","Mun_ID":" ","Latitude":17.050293580000002,"Longitude":54.067192890000001,"GlobalID":"{F9CE2781-C2F9-4DFF-8706-8977C3F512A7}","NEAR_FID":9565,"NEAR_DIST":11.299974183050111}},{"type":"Feature","id":744,"geometry":{"type":"Point","coordinates":[187755.88489999995,1887467.6468000002]},"properties":{"OBJECTID":744,"Asset_ID":"MH744","Name":null,"District_ID":"Salalah Airport","Wlyt_ID":"Salalah","Gov_ID":"Dhofar Governorate","Road_ID":"100520","Mun_ID":" ","Latitude":17.05032924,"Longitude":54.066851139999997,"GlobalID":"{1DD110B6-3DAF-4B43-91E8-B9E8BE0EE3B1}","NEAR_FID":18888,"NEAR_DIST":9.7385081121829273}},{"type":"Feature","id":745,"geometry":{"type":"Point","coordinates":[186756.04930000007,1886975.0360000003]},"properties":{"OBJECTID":745,"Asset_ID":"MH745","Name":null,"District_ID":null,"Wlyt_ID":"Salalah","Gov_ID":"Dhofar Governorate","Road_ID":"100520","Mun_ID":" ","Latitude":17.04574637,"Longitude":54.057537580000002,"GlobalID":"{E27D534E-BCFD-4767-89D8-66CBE9CA59E7}","NEAR_FID":18056,"NEAR_DIST":10.233643629122655}},{"type":"Feature","id":746,"geometry":{"type":"Point","coordinates":[185865.15000000037,1886547.7679999992]},"properties":{"OBJECTID":746,"Asset_ID":"MH746","Name":null,"District_ID":null,"Wlyt_ID":"Salalah","Gov_ID":"Dhofar Governorate","Road_ID":"100520","Mun_ID":" ","Latitude":17.041767870000001,"Longitude":54.049237550000001,"GlobalID":"{9DFF70EE-28FA-4223-BB3F-E75C11073027}","NEAR_FID":1796,"NEAR_DIST":20.277126788934076}},{"type":"Feature","id":747,"geometry":{"type":"Point","coordinates":[185888.67349999957,1886564.0024999995]},"properties":{"OBJECTID":747,"Asset_ID":"MH747","Name":null,"District_ID":null,"Wlyt_ID":"Salalah","Gov_ID":"Dhofar Governorate","Road_ID":"100520","Mun_ID":" ","Latitude":17.04191763,"Longitude":54.049455999999999,"GlobalID":"{4B25D3AD-1C98-4821-9B80-BCA1DF6AB337}","NEAR_FID":1796,"NEAR_DIST":23.891308501652759}},{"type":"Feature","id":748,"geometry":{"type":"Point","coordinates":[185822.16019999981,1886531.4484000001]},"properties":{"OBJECTID":748,"Asset_ID":"MH748","Name":null,"District_ID":null,"Wlyt_ID":"Salalah","Gov_ID":"Dhofar Governorate","Road_ID":"100520","Mun_ID":" ","Latitude":17.041614679999999,"Longitude":54.048836430000001,"GlobalID":"{5E3C93C7-1197-4341-8E39-CB954B7490E8}","NEAR_FID":1796,"NEAR_DIST":25.467050851561361}},{"type":"Feature","id":749,"geometry":{"type":"Point","coordinates":[185647.0943,1886441.8662]},"properties":{"OBJECTID":749,"Asset_ID":"MH749","Name":null,"District_ID":"Auqad al Shamaliyya Extension","Wlyt_ID":"Salalah","Gov_ID":"Dhofar Governorate","Road_ID":"100520","Mun_ID":" ","Latitude":17.040782100000001,"Longitude":54.047206289999998,"GlobalID":"{893A2C25-3738-4AC0-A51F-2746CE5DEC75}","NEAR_FID":1577,"NEAR_DIST":26.173721340530967}},{"type":"Feature","id":750,"geometry":{"type":"Point","coordinates":[184219.40000000037,1885703.5449999999]},"properties":{"OBJECTID":750,"Asset_ID":"MH750","Name":null,"District_ID":"Auqad al Shamaliyya Extension","Wlyt_ID":"Salalah","Gov_ID":"Dhofar Governorate","Road_ID":"100520","Mun_ID":" ","Latitude":17.033921759999998,"Longitude":54.033913839999997,"GlobalID":"{31FABDDB-4D96-42A2-B0E6-0E4E33C4A55E}","NEAR_FID":1256,"NEAR_DIST":20.734482243294053}},{"type":"Feature","id":751,"geometry":{"type":"Point","coordinates":[184187.89989999961,1885687.8534999993]},"properties":{"OBJECTID":751,"Asset_ID":"MH751","Name":null,"District_ID":"Auqad al Shamaliyya Extension","Wlyt_ID":"Salalah","Gov_ID":"Dhofar Governorate","Road_ID":"100520","Mun_ID":" ","Latitude":17.03377579,"Longitude":54.033620480000003,"GlobalID":"{A28CD741-8A68-4E6F-A723-647B685A6BDD}","NEAR_FID":1256,"NEAR_DIST":21.193481275156337}},{"type":"Feature","id":752,"geometry":{"type":"Point","coordinates":[183722.54710000008,1885486.4933000002]},"properties":{"OBJECTID":752,"Asset_ID":"MH752","Name":null,"District_ID":"Auqad al Shamaliyya Extension","Wlyt_ID":"Salalah","Gov_ID":"Dhofar Governorate","Road_ID":"104611","Mun_ID":" ","Latitude":17.031894229999999,"Longitude":54.029282479999999,"GlobalID":"{FB991A7B-E1B3-495C-954E-A6D253D415B2}","NEAR_FID":1286,"NEAR_DIST":2.5646211308125886}},{"type":"Feature","id":753,"geometry":{"type":"Point","coordinates":[183704.49129999988,1885470.1835999992]},"properties":{"OBJECTID":753,"Asset_ID":"MH753","Name":null,"District_ID":"Auqad al Shamaliyya Extension","Wlyt_ID":"Salalah","Gov_ID":"Dhofar Governorate","Road_ID":"100520","Mun_ID":" ","Latitude":17.03174452,"Longitude":54.02911538,"GlobalID":"{7416C7BC-02D8-4014-B33E-5BEAA2F7341C}","NEAR_FID":1562,"NEAR_DIST":9.0112957513417218}},{"type":"Feature","id":754,"geometry":{"type":"Point","coordinates":[183700.20839999989,1885467.6492999997]},"properties":{"OBJECTID":754,"Asset_ID":"MH754","Name":null,"District_ID":"Auqad al Shamaliyya Extension","Wlyt_ID":"Salalah","Gov_ID":"Dhofar Governorate","Road_ID":"100520","Mun_ID":" ","Latitude":17.031721059999999,"Longitude":54.029075560000003,"GlobalID":"{10612FD5-80D7-476D-81F5-21DB367DB616}","NEAR_FID":1562,"NEAR_DIST":9.1144240732365329}},{"type":"Feature","id":755,"geometry":{"type":"Point","coordinates":[183676.16009999998,1885461.8548000008]},"properties":{"OBJECTID":755,"Asset_ID":"MH755","Name":null,"District_ID":"Auqad al Shamaliyya Extension","Wlyt_ID":"Salalah","Gov_ID":"Dhofar Governorate","Road_ID":"104611","Mun_ID":" ","Latitude":17.031665449999998,"Longitude":54.028850720000001,"GlobalID":"{9759F799-5BCB-4F70-B348-E2C9BBD1DF6E}","NEAR_FID":1537,"NEAR_DIST":3.3821633762314454}},{"type":"Feature","id":756,"geometry":{"type":"Point","coordinates":[183775.82639999967,1885471.4487999994]},"properties":{"OBJECTID":756,"Asset_ID":"MH756","Name":null,"District_ID":"Auqad al Shamaliyya Extension","Wlyt_ID":"Salalah","Gov_ID":"Dhofar Governorate","Road_ID":"104611","Mun_ID":" ","Latitude":17.03176573,"Longitude":54.029784579999998,"GlobalID":"{CD7BDEAD-15CD-4C56-B29E-5B9FD42B0613}","NEAR_FID":1286,"NEAR_DIST":3.2654437712415501}},{"type":"Feature","id":757,"geometry":{"type":"Point","coordinates":[183779.47699999996,1885448.9767000005]},"properties":{"OBJECTID":757,"Asset_ID":"MH757","Name":null,"District_ID":"Auqad al Shamaliyya Extension","Wlyt_ID":"Salalah","Gov_ID":"Dhofar Governorate","Road_ID":"100520","Mun_ID":" ","Latitude":17.031563370000001,"Longitude":54.029822039999999,"GlobalID":"{AA7275B7-2D0A-438D-8D5E-379D4AB5AD4A}","NEAR_FID":1657,"NEAR_DIST":10.408598173902396}},{"type":"Feature","id":758,"geometry":{"type":"Point","coordinates":[183781.97719999962,1885444.4550000001]},"properties":{"OBJECTID":758,"Asset_ID":"MH758","Name":null,"District_ID":"Auqad al Shamaliyya Extension","Wlyt_ID":"Salalah","Gov_ID":"Dhofar Governorate","Road_ID":"100520","Mun_ID":" ","Latitude":17.031522890000002,"Longitude":54.029846149999997,"GlobalID":"{70F3F281-602B-438F-8C71-DB0C22D69477}","NEAR_FID":14667,"NEAR_DIST":7.5857745772062}},{"type":"Feature","id":759,"geometry":{"type":"Point","coordinates":[183760.85639999993,1885367.8462000005]},"properties":{"OBJECTID":759,"Asset_ID":"MH759","Name":null,"District_ID":"New Industrial Area","Wlyt_ID":"Salalah","Gov_ID":"Dhofar Governorate","Road_ID":"105161","Mun_ID":" ","Latitude":17.030828419999999,"Longitude":54.029658879999999,"GlobalID":"{BEBC57A6-C2E9-427C-A745-67664256307E}","NEAR_FID":5549,"NEAR_DIST":5.5170021868411796}},{"type":"Feature","id":760,"geometry":{"type":"Point","coordinates":[183765.33579999954,1885371.0092999991]},"properties":{"OBJECTID":760,"Asset_ID":"MH760","Name":null,"District_ID":"New Industrial Area","Wlyt_ID":"Salalah","Gov_ID":"Dhofar Governorate","Road_ID":"105161","Mun_ID":" ","Latitude":17.03085759,"Longitude":54.029700460000001,"GlobalID":"{85CA3625-D205-42E6-A27B-B6AF73438424}","NEAR_FID":8250,"NEAR_DIST":10.264351563524967}},{"type":"Feature","id":761,"geometry":{"type":"Point","coordinates":[183787.43699999992,1885376.9565999992]},"properties":{"OBJECTID":761,"Asset_ID":"MH761","Name":null,"District_ID":"New Industrial Area","Wlyt_ID":"Salalah","Gov_ID":"Dhofar Governorate","Road_ID":"105161","Mun_ID":" ","Latitude":17.03091431,"Longitude":54.029907000000001,"GlobalID":"{F5BF44D8-3D59-45A1-AC9D-5D525B3ACE65}","NEAR_FID":8015,"NEAR_DIST":2.610102301921883}},{"type":"Feature","id":762,"geometry":{"type":"Point","coordinates":[183799.69710000046,1885427.7673000004]},"properties":{"OBJECTID":762,"Asset_ID":"MH762","Name":null,"District_ID":"New Industrial Area","Wlyt_ID":"Salalah","Gov_ID":"Dhofar Governorate","Road_ID":"105161","Mun_ID":" ","Latitude":17.031374679999999,"Longitude":54.030014799999996,"GlobalID":"{200EC495-343D-47A3-9F49-839F59C396B8}","NEAR_FID":8015,"NEAR_DIST":6.5152398818551758}},{"type":"Feature","id":763,"geometry":{"type":"Point","coordinates":[183679.52080000006,1885388.6908999998]},"properties":{"OBJECTID":763,"Asset_ID":"MH763","Name":null,"District_ID":"Auqad al Shamaliyya Extension","Wlyt_ID":"Salalah","Gov_ID":"Dhofar Governorate","Road_ID":"100520","Mun_ID":" ","Latitude":17.031005440000001,"Longitude":54.0288927,"GlobalID":"{BE8F2C97-36A8-4C2C-8A57-7FE6C02AE29D}","NEAR_FID":16644,"NEAR_DIST":10.761790918210787}},{"type":"Feature","id":764,"geometry":{"type":"Point","coordinates":[183682.07490000036,1885384.1132999994]},"properties":{"OBJECTID":764,"Asset_ID":"MH764","Name":null,"District_ID":"Auqad al Shamaliyya Extension","Wlyt_ID":"Salalah","Gov_ID":"Dhofar Governorate","Road_ID":"100520","Mun_ID":" ","Latitude":17.03096446,"Longitude":54.028917309999997,"GlobalID":"{F12AE21A-8F98-4F44-A932-96CCB7D7D06C}","NEAR_FID":16940,"NEAR_DIST":6.9819190962260658}},{"type":"Feature","id":765,"geometry":{"type":"Point","coordinates":[194717.0334999999,1891442.3197000008]},"properties":{"OBJECTID":765,"Asset_ID":"MH765","Name":null,"District_ID":null,"Wlyt_ID":"Salalah","Gov_ID":"Dhofar Governorate","Road_ID":"102172","Mun_ID":" ","Latitude":17.08714664,"Longitude":54.131633630000003,"GlobalID":"{EDBB7E64-FD54-417D-9950-11B181908802}","NEAR_FID":6851,"NEAR_DIST":6.7577804963577304}},{"type":"Feature","id":766,"geometry":{"type":"Point","coordinates":[194725.67210000008,1891447.8923000004]},"properties":{"OBJECTID":766,"Asset_ID":"MH766","Name":null,"District_ID":null,"Wlyt_ID":"Salalah","Gov_ID":"Dhofar Governorate","Road_ID":"100520","Mun_ID":" ","Latitude":17.087198099999998,"Longitude":54.131713949999998,"GlobalID":"{9FDF7B1B-670B-4866-A71B-DA79CDC24FB5}","NEAR_FID":15320,"NEAR_DIST":7.2330961118527206}},{"type":"Feature","id":767,"geometry":{"type":"Point","coordinates":[194707.09559999965,1891364.3412999995]},"properties":{"OBJECTID":767,"Asset_ID":"MH767","Name":null,"District_ID":"Salalah Wellfield","Wlyt_ID":"Salalah","Gov_ID":"Dhofar Governorate","Road_ID":"100520","Mun_ID":" ","Latitude":17.086441319999999,"Longitude":54.131551119999997,"GlobalID":"{68956991-6FE6-4240-B949-8F98B536F40A}","NEAR_FID":18198,"NEAR_DIST":5.1578818282061807}},{"type":"Feature","id":768,"geometry":{"type":"Point","coordinates":[194700.01489999983,1891376.3783999998]},"properties":{"OBJECTID":768,"Asset_ID":"MH768","Name":null,"District_ID":"Salalah Wellfield","Wlyt_ID":"Salalah","Gov_ID":"Dhofar Governorate","Road_ID":"100520","Mun_ID":" ","Latitude":17.086549049999999,"Longitude":54.131482980000001,"GlobalID":"{E09DF66C-DFB9-4DB9-A69B-F8C1E69DB7A2}","NEAR_FID":18139,"NEAR_DIST":11.666112250185584}},{"type":"Feature","id":769,"geometry":{"type":"Point","coordinates":[194784.15330000035,1891355.9134]},"properties":{"OBJECTID":769,"Asset_ID":"MH769","Name":null,"District_ID":"Salalah Wellfield","Wlyt_ID":"Salalah","Gov_ID":"Dhofar Governorate","Road_ID":"100528","Mun_ID":" ","Latitude":17.08637547,"Longitude":54.132275630000002,"GlobalID":"{ABF9149C-194B-41EA-9D31-3FE80F0354D2}","NEAR_FID":8943,"NEAR_DIST":9.2864316780491354}},{"type":"Feature","id":770,"geometry":{"type":"Point","coordinates":[194772.59379999992,1891348.9942000005]},"properties":{"OBJECTID":770,"Asset_ID":"MH770","Name":null,"District_ID":"Salalah Wellfield","Wlyt_ID":"Salalah","Gov_ID":"Dhofar Governorate","Road_ID":"100528","Mun_ID":" ","Latitude":17.086311469999998,"Longitude":54.13216808,"GlobalID":"{6942E96C-2F27-4BC8-A808-97DE3B5146F8}","NEAR_FID":11516,"NEAR_DIST":5.43003579299954}},{"type":"Feature","id":771,"geometry":{"type":"Point","coordinates":[194792.29470000044,1891433.1425999999]},"properties":{"OBJECTID":771,"Asset_ID":"MH771","Name":null,"District_ID":"Salalah Wellfield","Wlyt_ID":"Salalah","Gov_ID":"Dhofar Governorate","Road_ID":"100520","Mun_ID":" ","Latitude":17.087073790000002,"Longitude":54.132341390000001,"GlobalID":"{205B37E1-5EE8-4F6B-AE03-7A3E2AA1E379}","NEAR_FID":18648,"NEAR_DIST":7.431206215668376}},{"type":"Feature","id":772,"geometry":{"type":"Point","coordinates":[194800.24959999975,1891421.0650999993]},"properties":{"OBJECTID":772,"Asset_ID":"MH772","Name":null,"District_ID":"Salalah Wellfield","Wlyt_ID":"Salalah","Gov_ID":"Dhofar Governorate","Road_ID":"100520","Mun_ID":" ","Latitude":17.086965809999999,"Longitude":54.13241773,"GlobalID":"{3711D1FB-8E2F-4AD1-AFD6-A3C6D17CE0B1}","NEAR_FID":13957,"NEAR_DIST":7.2511487351583757}},{"type":"Feature","id":773,"geometry":{"type":"Point","coordinates":[196487.13489999995,1892458.9382000007]},"properties":{"OBJECTID":773,"Asset_ID":"MH773","Name":null,"District_ID":null,"Wlyt_ID":"Salalah","Gov_ID":"Dhofar Governorate","Road_ID":"102645","Mun_ID":" ","Latitude":17.096559469999999,"Longitude":54.14811031,"GlobalID":"{EC416D87-751E-4BF6-9FA0-8E794BFAB476}","NEAR_FID":4114,"NEAR_DIST":7.6849883930182337}},{"type":"Feature","id":774,"geometry":{"type":"Point","coordinates":[196502.64300000016,1892456.3789000008]},"properties":{"OBJECTID":774,"Asset_ID":"MH774","Name":null,"District_ID":"al Sada al Shamaliyya","Wlyt_ID":"Salalah","Gov_ID":"Dhofar Governorate","Road_ID":"63476","Mun_ID":" ","Latitude":17.096538420000002,"Longitude":54.148256250000003,"GlobalID":"{1EC642E5-C65A-473C-93A0-F23B5CDEE213}","NEAR_FID":5494,"NEAR_DIST":8.2844064504696657}},{"type":"Feature","id":775,"geometry":{"type":"Point","coordinates":[196493.86120000016,1892440.8894999996]},"properties":{"OBJECTID":775,"Asset_ID":"MH775","Name":null,"District_ID":"al Sada al Shamaliyya","Wlyt_ID":"Salalah","Gov_ID":"Dhofar Governorate","Road_ID":"102645","Mun_ID":" ","Latitude":17.096397410000002,"Longitude":54.148175940000002,"GlobalID":"{934FCD24-80B3-4D74-B20D-D5A8A8C48355}","NEAR_FID":4114,"NEAR_DIST":10.765811511023346}},{"type":"Feature","id":776,"geometry":{"type":"Point","coordinates":[196491.09460000042,1892416.6734999996]},"properties":{"OBJECTID":776,"Asset_ID":"MH776","Name":null,"District_ID":"al Sada al Shamaliyya","Wlyt_ID":"Salalah","Gov_ID":"Dhofar Governorate","Road_ID":"102645","Mun_ID":" ","Latitude":17.096178420000001,"Longitude":54.148153299999997,"GlobalID":"{7666CA43-9502-4049-8882-FC84E9AEEC54}","NEAR_FID":4114,"NEAR_DIST":6.9893658547075894}},{"type":"Feature","id":777,"geometry":{"type":"Point","coordinates":[196485.10929999966,1892363.2844999991]},"properties":{"OBJECTID":777,"Asset_ID":"MH777","Name":null,"District_ID":null,"Wlyt_ID":"Salalah","Gov_ID":"Dhofar Governorate","Road_ID":"102645","Mun_ID":" ","Latitude":17.095695620000001,"Longitude":54.148104449999998,"GlobalID":"{6AC1DEA1-5846-4417-B62B-3324247E16C9}","NEAR_FID":4114,"NEAR_DIST":7.1883644741608119}},{"type":"Feature","id":778,"geometry":{"type":"Point","coordinates":[196482.34179999959,1892335.0448000003]},"properties":{"OBJECTID":778,"Asset_ID":"MH778","Name":null,"District_ID":null,"Wlyt_ID":"Salalah","Gov_ID":"Dhofar Governorate","Road_ID":"102645","Mun_ID":" ","Latitude":17.0954403,"Longitude":54.148082350000003,"GlobalID":"{517081E4-8903-4C01-B514-DA27BD614C6D}","NEAR_FID":11562,"NEAR_DIST":7.2716510419126683}},{"type":"Feature","id":779,"geometry":{"type":"Point","coordinates":[196480.04760000017,1892308.4984000009]},"properties":{"OBJECTID":779,"Asset_ID":"MH779","Name":null,"District_ID":null,"Wlyt_ID":"Salalah","Gov_ID":"Dhofar Governorate","Road_ID":"102645","Mun_ID":" ","Latitude":17.095200330000001,"Longitude":54.148064460000001,"GlobalID":"{11908D14-05B8-47D8-866A-049FA3B0DC54}","NEAR_FID":11562,"NEAR_DIST":7.2140328933375999}},{"type":"Feature","id":780,"geometry":{"type":"Point","coordinates":[196471.01680000033,1892140.0252999999]},"properties":{"OBJECTID":780,"Asset_ID":"MH780","Name":null,"District_ID":null,"Wlyt_ID":"Salalah","Gov_ID":"Dhofar Governorate","Road_ID":"102645","Mun_ID":" ","Latitude":17.093678130000001,"Longitude":54.148002839999997,"GlobalID":"{AF748C86-EE6F-4C89-B4FD-1C5A45E60581}","NEAR_FID":11562,"NEAR_DIST":6.4169637086386135}},{"type":"Feature","id":781,"geometry":{"type":"Point","coordinates":[196470.43530000001,1892110.7785]},"properties":{"OBJECTID":781,"Asset_ID":"MH781","Name":null,"District_ID":"Salalah Wellfield","Wlyt_ID":"Salalah","Gov_ID":"Dhofar Governorate","Road_ID":"102645","Mun_ID":" ","Latitude":17.09341401,"Longitude":54.148001399999998,"GlobalID":"{B55B1B88-56B0-43DE-A19B-AE5675E5CEA2}","NEAR_FID":11562,"NEAR_DIST":6.7998085402400941}},{"type":"Feature","id":782,"geometry":{"type":"Point","coordinates":[196470.2929999996,1892084.0363999996]},"properties":{"OBJECTID":782,"Asset_ID":"MH782","Name":null,"District_ID":"Salalah Wellfield","Wlyt_ID":"Salalah","Gov_ID":"Dhofar Governorate","Road_ID":"102645","Mun_ID":" ","Latitude":17.093172559999999,"Longitude":54.14800374,"GlobalID":"{892A6C94-0CA0-41F7-97B4-317C43BD6E44}","NEAR_FID":11562,"NEAR_DIST":7.3571567967643556}},{"type":"Feature","id":783,"geometry":{"type":"Point","coordinates":[196470.4068,1892055.2458999995]},"properties":{"OBJECTID":783,"Asset_ID":"MH783","Name":null,"District_ID":"Salalah Wellfield","Wlyt_ID":"Salalah","Gov_ID":"Dhofar Governorate","Road_ID":"102645","Mun_ID":" ","Latitude":17.092912640000002,"Longitude":54.148008769999997,"GlobalID":"{DD9E086D-FCBD-4CE2-AE66-1012FE0A4795}","NEAR_FID":11562,"NEAR_DIST":7.905168522485269}},{"type":"Feature","id":784,"geometry":{"type":"Point","coordinates":[196470.77660000045,1892027.6502999999]},"properties":{"OBJECTID":784,"Asset_ID":"MH784","Name":null,"District_ID":null,"Wlyt_ID":"Salalah","Gov_ID":"Dhofar Governorate","Road_ID":"102645","Mun_ID":" ","Latitude":17.092663550000001,"Longitude":54.148016040000002,"GlobalID":"{0AF5E894-A580-44BD-BD9F-50EE1A0E4F0A}","NEAR_FID":11562,"NEAR_DIST":8.0580175169435471}},{"type":"Feature","id":785,"geometry":{"type":"Point","coordinates":[196471.58029999956,1891999.6723999996]},"properties":{"OBJECTID":785,"Asset_ID":"MH785","Name":null,"District_ID":null,"Wlyt_ID":"Salalah","Gov_ID":"Dhofar Governorate","Road_ID":"102645","Mun_ID":" ","Latitude":17.092411070000001,"Longitude":54.148027429999999,"GlobalID":"{5F2C1F54-D82A-4CFE-B762-88C67CB1E578}","NEAR_FID":10970,"NEAR_DIST":7.8699331078155232}},{"type":"Feature","id":786,"geometry":{"type":"Point","coordinates":[196472.36980000045,1891973.0281000007]},"properties":{"OBJECTID":786,"Asset_ID":"MH786","Name":null,"District_ID":null,"Wlyt_ID":"Salalah","Gov_ID":"Dhofar Governorate","Road_ID":"102645","Mun_ID":" ","Latitude":17.092170620000001,"Longitude":54.148038499999998,"GlobalID":"{06823349-496C-4A76-97AB-C8FF85F326A9}","NEAR_FID":11562,"NEAR_DIST":7.6914800345523}},{"type":"Feature","id":787,"geometry":{"type":"Point","coordinates":[196473.22329999972,1891945.2618000004]},"properties":{"OBJECTID":787,"Asset_ID":"MH787","Name":null,"District_ID":null,"Wlyt_ID":"Salalah","Gov_ID":"Dhofar Governorate","Road_ID":"102645","Mun_ID":" ","Latitude":17.09192006,"Longitude":54.148050329999997,"GlobalID":"{0B8AF818-0239-4BC6-BBE8-A8D0FAB65B61}","NEAR_FID":18862,"NEAR_DIST":6.3011335408237761}},{"type":"Feature","id":788,"geometry":{"type":"Point","coordinates":[196474.36689999979,1891915.2548999991]},"properties":{"OBJECTID":788,"Asset_ID":"MH788","Name":null,"District_ID":null,"Wlyt_ID":"Salalah","Gov_ID":"Dhofar Governorate","Road_ID":"102645","Mun_ID":" ","Latitude":17.0916493,"Longitude":54.148065189999997,"GlobalID":"{5F5025CF-773E-4600-AC49-345384D730CC}","NEAR_FID":18862,"NEAR_DIST":6.0351804525904091}},{"type":"Feature","id":789,"geometry":{"type":"Point","coordinates":[196475.32849999983,1891885.6041000001]},"properties":{"OBJECTID":789,"Asset_ID":"MH789","Name":null,"District_ID":null,"Wlyt_ID":"Salalah","Gov_ID":"Dhofar Governorate","Road_ID":"102645","Mun_ID":" ","Latitude":17.091381729999998,"Longitude":54.148078290000001,"GlobalID":"{2259EB2D-9C21-4D76-AC4F-06F30B4D3514}","NEAR_FID":18862,"NEAR_DIST":5.5360569628030989}},{"type":"Feature","id":790,"geometry":{"type":"Point","coordinates":[196476.38109999988,1891855.2238999996]},"properties":{"OBJECTID":790,"Asset_ID":"MH790","Name":null,"District_ID":"al Sada al Shamaliyya","Wlyt_ID":"Salalah","Gov_ID":"Dhofar Governorate","Road_ID":"102645","Mun_ID":" ","Latitude":17.09110759,"Longitude":54.148092349999999,"GlobalID":"{151489C5-107A-4498-AC56-C9FAD110492E}","NEAR_FID":18862,"NEAR_DIST":5.5509317273528032}},{"type":"Feature","id":791,"geometry":{"type":"Point","coordinates":[196477.31989999954,1891825.6335000005]},"properties":{"OBJECTID":791,"Asset_ID":"MH791","Name":null,"District_ID":"al Sada al Shamaliyya","Wlyt_ID":"Salalah","Gov_ID":"Dhofar Governorate","Road_ID":"102645","Mun_ID":" ","Latitude":17.090840570000001,"Longitude":54.148105229999999,"GlobalID":"{AE68AB3B-1691-47D3-AAB3-A0A7EBFF8331}","NEAR_FID":18862,"NEAR_DIST":5.4790348174008505}},{"type":"Feature","id":792,"geometry":{"type":"Point","coordinates":[196478.33609999996,1891795.5957999993]},"properties":{"OBJECTID":792,"Asset_ID":"MH792","Name":null,"District_ID":"al Sada al Shamaliyya","Wlyt_ID":"Salalah","Gov_ID":"Dhofar Governorate","Road_ID":"102645","Mun_ID":" ","Latitude":17.090569519999999,"Longitude":54.1481189,"GlobalID":"{839A5D20-0E34-42D0-9C43-45507C16339E}","NEAR_FID":18862,"NEAR_DIST":5.4692229783371484}},{"type":"Feature","id":793,"geometry":{"type":"Point","coordinates":[196479.33980000019,1891765.2076999992]},"properties":{"OBJECTID":793,"Asset_ID":"MH793","Name":null,"District_ID":"al Sada al Shamaliyya","Wlyt_ID":"Salalah","Gov_ID":"Dhofar Governorate","Road_ID":"102645","Mun_ID":" ","Latitude":17.090295300000001,"Longitude":54.148132490000002,"GlobalID":"{93C47DC7-477A-464C-BCBE-45B6F958C001}","NEAR_FID":18862,"NEAR_DIST":5.434956556874349}},{"type":"Feature","id":794,"geometry":{"type":"Point","coordinates":[196480.30709999986,1891735.3646000009]},"properties":{"OBJECTID":794,"Asset_ID":"MH794","Name":null,"District_ID":"al Sada al Shamaliyya","Wlyt_ID":"Salalah","Gov_ID":"Dhofar Governorate","Road_ID":"102645","Mun_ID":" ","Latitude":17.090026000000002,"Longitude":54.148145679999999,"GlobalID":"{9B2A2A05-3889-4C24-9283-4CCF6CE04228}","NEAR_FID":18862,"NEAR_DIST":5.3829164256219588}},{"type":"Feature","id":795,"geometry":{"type":"Point","coordinates":[196481.41660000011,1891705.2654999997]},"properties":{"OBJECTID":795,"Asset_ID":"MH795","Name":null,"District_ID":"al Sada al Shamaliyya","Wlyt_ID":"Salalah","Gov_ID":"Dhofar Governorate","Road_ID":"102645","Mun_ID":" ","Latitude":17.0897544,"Longitude":54.148160230000002,"GlobalID":"{C76A4632-39C0-4A9F-9068-E3177BEBF807}","NEAR_FID":18862,"NEAR_DIST":5.4605934961509561}},{"type":"Feature","id":796,"geometry":{"type":"Point","coordinates":[196482.37820000015,1891675.2994999997]},"properties":{"OBJECTID":796,"Asset_ID":"MH796","Name":null,"District_ID":"al Sada al Shamaliyya","Wlyt_ID":"Salalah","Gov_ID":"Dhofar Governorate","Road_ID":"102645","Mun_ID":" ","Latitude":17.089483990000002,"Longitude":54.148173370000002,"GlobalID":"{86019781-B6AD-4515-AA0F-B14E00C253AA}","NEAR_FID":18862,"NEAR_DIST":5.4019151930697387}},{"type":"Feature","id":797,"geometry":{"type":"Point","coordinates":[196483.40450000018,1891645.2148000002]},"properties":{"OBJECTID":797,"Asset_ID":"MH797","Name":null,"District_ID":"al Sada al Shamaliyya","Wlyt_ID":"Salalah","Gov_ID":"Dhofar Governorate","Road_ID":"102645","Mun_ID":" ","Latitude":17.08921252,"Longitude":54.148187139999997,"GlobalID":"{DC719C84-7A66-412C-9CDF-EC8BB5326E21}","NEAR_FID":18862,"NEAR_DIST":5.4389446117749642}},{"type":"Feature","id":798,"geometry":{"type":"Point","coordinates":[196484.29000000004,1891616.9026999995]},"properties":{"OBJECTID":798,"Asset_ID":"MH798","Name":null,"District_ID":"al Sada al Shamaliyya","Wlyt_ID":"Salalah","Gov_ID":"Dhofar Governorate","Road_ID":"102645","Mun_ID":" ","Latitude":17.088957019999999,"Longitude":54.148199339999998,"GlobalID":"{06A699C5-C0A1-474F-BF44-792EA490ABC5}","NEAR_FID":18862,"NEAR_DIST":5.3935055572381945}},{"type":"Feature","id":799,"geometry":{"type":"Point","coordinates":[196485.40130000003,1891585.4503000006]},"properties":{"OBJECTID":799,"Asset_ID":"MH799","Name":null,"District_ID":"al Sada al Shamaliyya","Wlyt_ID":"Salalah","Gov_ID":"Dhofar Governorate","Road_ID":"102645","Mun_ID":" ","Latitude":17.08867321,"Longitude":54.148214099999997,"GlobalID":"{8674F242-EAC9-45C2-9EBB-F90AD74625D2}","NEAR_FID":18862,"NEAR_DIST":5.5456235868586239}},{"type":"Feature","id":800,"geometry":{"type":"Point","coordinates":[196486.2938000001,1891555.8224999998]},"properties":{"OBJECTID":800,"Asset_ID":"MH800","Name":null,"District_ID":"al Sada al Shamaliyya","Wlyt_ID":"Salalah","Gov_ID":"Dhofar Governorate","Road_ID":"102645","Mun_ID":" ","Latitude":17.08840584,"Longitude":54.148226549999997,"GlobalID":"{550533E1-7F32-44EC-9333-5ACB29B81470}","NEAR_FID":18862,"NEAR_DIST":5.5653005533378881}},{"type":"Feature","id":801,"geometry":{"type":"Point","coordinates":[196487.07799999975,1891525.3819999993]},"properties":{"OBJECTID":801,"Asset_ID":"MH801","Name":null,"District_ID":"al Sada al Shamaliyya","Wlyt_ID":"Salalah","Gov_ID":"Dhofar Governorate","Road_ID":"102645","Mun_ID":" ","Latitude":17.08813112,"Longitude":54.14823809,"GlobalID":"{ED339AF0-24F9-44C8-A66D-A9D3AD53A0F6}","NEAR_FID":18862,"NEAR_DIST":5.6173392853954907}},{"type":"Feature","id":802,"geometry":{"type":"Point","coordinates":[196487.56159999967,1891495.6526999995]},"properties":{"OBJECTID":802,"Asset_ID":"MH802","Name":null,"District_ID":"al Sada al Shamaliyya","Wlyt_ID":"Salalah","Gov_ID":"Dhofar Governorate","Road_ID":"102645","Mun_ID":" ","Latitude":17.087862789999999,"Longitude":54.148246720000003,"GlobalID":"{EC3D8D55-55D4-4D0B-86FA-20DAEE9DA4F7}","NEAR_FID":18862,"NEAR_DIST":5.5351635702673336}},{"type":"Feature","id":803,"geometry":{"type":"Point","coordinates":[196488.09530000016,1891465.4956]},"properties":{"OBJECTID":803,"Asset_ID":"MH803","Name":null,"District_ID":"al Sada al Shamaliyya","Wlyt_ID":"Salalah","Gov_ID":"Dhofar Governorate","Road_ID":"102645","Mun_ID":" ","Latitude":17.087590590000001,"Longitude":54.14825587,"GlobalID":"{46F8A043-C617-494C-998A-BE71630EF527}","NEAR_FID":18862,"NEAR_DIST":5.4949386206101511}},{"type":"Feature","id":804,"geometry":{"type":"Point","coordinates":[196488.24969999958,1891434.5582999997]},"properties":{"OBJECTID":804,"Asset_ID":"MH804","Name":null,"District_ID":"al Sada al Shamaliyya","Wlyt_ID":"Salalah","Gov_ID":"Dhofar Governorate","Road_ID":"102645","Mun_ID":" ","Latitude":17.0873113,"Longitude":54.148261570000003,"GlobalID":"{6C05C963-4A76-4F8F-B54F-FBC5907DC600}","NEAR_FID":18862,"NEAR_DIST":6.4846094084871151}},{"type":"Feature","id":805,"geometry":{"type":"Point","coordinates":[196488.44350000005,1891404.8717]},"properties":{"OBJECTID":805,"Asset_ID":"MH805","Name":null,"District_ID":"al Sada al Shamaliyya","Wlyt_ID":"Salalah","Gov_ID":"Dhofar Governorate","Road_ID":"102645","Mun_ID":" ","Latitude":17.087043309999999,"Longitude":54.14826747,"GlobalID":"{8C721DFD-D129-4831-8E07-9B31B6E4FFCB}","NEAR_FID":11986,"NEAR_DIST":7.8197170193466592}},{"type":"Feature","id":806,"geometry":{"type":"Point","coordinates":[196488.35819999967,1891375.2278000005]},"properties":{"OBJECTID":806,"Asset_ID":"MH806","Name":null,"District_ID":"al Sada al Shamaliyya","Wlyt_ID":"Salalah","Gov_ID":"Dhofar Governorate","Road_ID":"102645","Mun_ID":" ","Latitude":17.086775670000002,"Longitude":54.148270740000001,"GlobalID":"{B496BD92-1B80-404F-BA81-1930D8C2FDC5}","NEAR_FID":18137,"NEAR_DIST":8.3925488462379967}},{"type":"Feature","id":807,"geometry":{"type":"Point","coordinates":[196487.73230000027,1891345.0434000008]},"properties":{"OBJECTID":807,"Asset_ID":"MH807","Name":null,"District_ID":"al Sada al Shamaliyya","Wlyt_ID":"Salalah","Gov_ID":"Dhofar Governorate","Road_ID":"102645","Mun_ID":" ","Latitude":17.08650308,"Longitude":54.14826901,"GlobalID":"{02D9C9FA-C874-4B40-924B-79E150D7ECB1}","NEAR_FID":18137,"NEAR_DIST":8.4242430892983684}},{"type":"Feature","id":808,"geometry":{"type":"Point","coordinates":[196487.09399999958,1891315.8724000007]},"properties":{"OBJECTID":808,"Asset_ID":"MH808","Name":null,"District_ID":"al Sada al Shamaliyya","Wlyt_ID":"Salalah","Gov_ID":"Dhofar Governorate","Road_ID":"102645","Mun_ID":" ","Latitude":17.086239630000001,"Longitude":54.14826703,"GlobalID":"{A34C8A8C-4A0A-4ADF-921E-779E829A2264}","NEAR_FID":13919,"NEAR_DIST":8.2530693899399079}},{"type":"Feature","id":809,"geometry":{"type":"Point","coordinates":[196486.24940000009,1891286.7565000001]},"properties":{"OBJECTID":809,"Asset_ID":"MH809","Name":null,"District_ID":"al Sada al Shamaliyya","Wlyt_ID":"Salalah","Gov_ID":"Dhofar Governorate","Road_ID":"102645","Mun_ID":" ","Latitude":17.085976649999999,"Longitude":54.148263100000001,"GlobalID":"{95CBECF3-13D7-4074-BDDF-00542DD43DC7}","NEAR_FID":13919,"NEAR_DIST":8.1247942276689642}},{"type":"Feature","id":810,"geometry":{"type":"Point","coordinates":[196484.85890000034,1891258.1599000003]},"properties":{"OBJECTID":810,"Asset_ID":"MH810","Name":null,"District_ID":"al Sada al Shamaliyya","Wlyt_ID":"Salalah","Gov_ID":"Dhofar Governorate","Road_ID":"102645","Mun_ID":" ","Latitude":17.085718289999999,"Longitude":54.14825398,"GlobalID":"{70B26AFD-8B75-416F-9F82-AFF4B056A8B0}","NEAR_FID":11986,"NEAR_DIST":7.9557396240423746}},{"type":"Feature","id":811,"geometry":{"type":"Point","coordinates":[196483.46490000002,1891228.2598999999]},"properties":{"OBJECTID":811,"Asset_ID":"MH811","Name":null,"District_ID":"al Sada al Shamaliyya","Wlyt_ID":"Salalah","Gov_ID":"Dhofar Governorate","Road_ID":"102645","Mun_ID":" ","Latitude":17.085448169999999,"Longitude":54.148245000000003,"GlobalID":"{238FFD97-B91D-4A92-905D-2F983244BCA2}","NEAR_FID":11986,"NEAR_DIST":7.7942784173320643}},{"type":"Feature","id":812,"geometry":{"type":"Point","coordinates":[196481.93759999983,1891198.4755000006]},"properties":{"OBJECTID":812,"Asset_ID":"MH812","Name":null,"District_ID":"al Sada al Shamaliyya","Wlyt_ID":"Salalah","Gov_ID":"Dhofar Governorate","Road_ID":"102645","Mun_ID":" ","Latitude":17.085179060000002,"Longitude":54.14823475,"GlobalID":"{AC37222A-0770-4ECE-AACD-DE3093322804}","NEAR_FID":11986,"NEAR_DIST":7.8520909127684986}},{"type":"Feature","id":813,"geometry":{"type":"Point","coordinates":[196480.36400000006,1891169.3704000004]},"properties":{"OBJECTID":813,"Asset_ID":"MH813","Name":null,"District_ID":"al Sada al Shamaliyya","Wlyt_ID":"Salalah","Gov_ID":"Dhofar Governorate","Road_ID":"102645","Mun_ID":" ","Latitude":17.08491609,"Longitude":54.148223979999997,"GlobalID":"{DE2D10B6-95AC-450A-8B5B-105533A89E28}","NEAR_FID":13919,"NEAR_DIST":7.3178336016779966}},{"type":"Feature","id":814,"geometry":{"type":"Point","coordinates":[196478.48629999999,1891140.2101000007]},"properties":{"OBJECTID":814,"Asset_ID":"MH814","Name":null,"District_ID":"al Sada al Shamaliyya","Wlyt_ID":"Salalah","Gov_ID":"Dhofar Governorate","Road_ID":"102645","Mun_ID":" ","Latitude":17.08465258,"Longitude":54.14821036,"GlobalID":"{83A4012D-B42A-4B6C-B246-668121F0AE48}","NEAR_FID":13919,"NEAR_DIST":6.7405799267365731}},{"type":"Feature","id":815,"geometry":{"type":"Point","coordinates":[196476.02550000045,1891110.5945999995]},"properties":{"OBJECTID":815,"Asset_ID":"MH815","Name":null,"District_ID":"al Sada al Shamaliyya","Wlyt_ID":"Salalah","Gov_ID":"Dhofar Governorate","Road_ID":"102645","Mun_ID":" ","Latitude":17.084384870000001,"Longitude":54.148191330000003,"GlobalID":"{9C462853-C74B-4361-AB31-3A076423D39F}","NEAR_FID":13919,"NEAR_DIST":6.7061483769004466}},{"type":"Feature","id":816,"geometry":{"type":"Point","coordinates":[196473.71399999969,1891080.9009000007]},"properties":{"OBJECTID":816,"Asset_ID":"MH816","Name":null,"District_ID":"al Sada al Shamaliyya","Wlyt_ID":"Salalah","Gov_ID":"Dhofar Governorate","Road_ID":"102645","Mun_ID":" ","Latitude":17.08411649,"Longitude":54.148173710000002,"GlobalID":"{44758B48-0D27-4518-9AB2-8406E1D58711}","NEAR_FID":13919,"NEAR_DIST":6.5163782601447995}},{"type":"Feature","id":817,"geometry":{"type":"Point","coordinates":[196470.95799999963,1891052.1405999996]},"properties":{"OBJECTID":817,"Asset_ID":"MH817","Name":null,"District_ID":"al Sada al Shamaliyya","Wlyt_ID":"Salalah","Gov_ID":"Dhofar Governorate","Road_ID":"102645","Mun_ID":" ","Latitude":17.083856470000001,"Longitude":54.14815179,"GlobalID":"{95F20166-8A0C-437B-BD0C-5A4DE10AD1A8}","NEAR_FID":13919,"NEAR_DIST":6.729978018480308}},{"type":"Feature","id":818,"geometry":{"type":"Point","coordinates":[196468.33000000007,1891022.7153999992]},"properties":{"OBJECTID":818,"Asset_ID":"MH818","Name":null,"District_ID":"al Sada al Shamaliyya","Wlyt_ID":"Salalah","Gov_ID":"Dhofar Governorate","Road_ID":"102645","Mun_ID":" ","Latitude":17.083590470000001,"Longitude":54.148131159999998,"GlobalID":"{61650DA2-2AC1-4BDB-84E8-FB343B525AC4}","NEAR_FID":13919,"NEAR_DIST":6.6791459469621266}},{"type":"Feature","id":819,"geometry":{"type":"Point","coordinates":[196465.71270000003,1890993.5088999998]},"properties":{"OBJECTID":819,"Asset_ID":"MH819","Name":null,"District_ID":"al Sada al Shamaliyya","Wlyt_ID":"Salalah","Gov_ID":"Dhofar Governorate","Road_ID":"102645","Mun_ID":" ","Latitude":17.08332644,"Longitude":54.148110610000003,"GlobalID":"{E633056D-751A-4681-A0FA-F7B41B1B9BF4}","NEAR_FID":11986,"NEAR_DIST":6.207828106246045}},{"type":"Feature","id":820,"geometry":{"type":"Point","coordinates":[196460.33409999963,1890934.4770999998]},"properties":{"OBJECTID":820,"Asset_ID":"MH820","Name":null,"District_ID":"al Sada al Shamaliyya","Wlyt_ID":"Salalah","Gov_ID":"Dhofar Governorate","Road_ID":"102645","Mun_ID":" ","Latitude":17.082792770000001,"Longitude":54.14806823,"GlobalID":"{AFE11023-2497-4AF0-9E83-6D7DE6953290}","NEAR_FID":11986,"NEAR_DIST":5.9375450738154161}},{"type":"Feature","id":821,"geometry":{"type":"Point","coordinates":[196457.62249999959,1890905.6723999996]},"properties":{"OBJECTID":821,"Asset_ID":"MH821","Name":null,"District_ID":"al Sada al Shamaliyya","Wlyt_ID":"Salalah","Gov_ID":"Dhofar Governorate","Road_ID":"102645","Mun_ID":" ","Latitude":17.082532359999998,"Longitude":54.148046729999997,"GlobalID":"{41EE570B-5BA9-42C5-9EEB-98F384BE40AA}","NEAR_FID":11986,"NEAR_DIST":5.87917605728948}},{"type":"Feature","id":822,"geometry":{"type":"Point","coordinates":[196454.93960000016,1890875.7760000005]},"properties":{"OBJECTID":822,"Asset_ID":"MH822","Name":null,"District_ID":"al Sada al Shamaliyya","Wlyt_ID":"Salalah","Gov_ID":"Dhofar Governorate","Road_ID":"102645","Mun_ID":" ","Latitude":17.082262100000001,"Longitude":54.148025650000001,"GlobalID":"{58282947-633E-4D2F-94EF-317D0C11B120}","NEAR_FID":11986,"NEAR_DIST":5.9495105702645255}},{"type":"Feature","id":823,"geometry":{"type":"Point","coordinates":[196452.19940000027,1890846.5961000007]},"properties":{"OBJECTID":823,"Asset_ID":"MH823","Name":null,"District_ID":"al Sada al Shamaliyya","Wlyt_ID":"Salalah","Gov_ID":"Dhofar Governorate","Road_ID":"102645","Mun_ID":" ","Latitude":17.081998290000001,"Longitude":54.148003940000002,"GlobalID":"{809075D9-F939-486E-9630-08697ED1305C}","NEAR_FID":11986,"NEAR_DIST":5.8855536685498553}},{"type":"Feature","id":824,"geometry":{"type":"Point","coordinates":[196449.52520000003,1890816.6304000001]},"properties":{"OBJECTID":824,"Asset_ID":"MH824","Name":null,"District_ID":"al Sada al Shamaliyya","Wlyt_ID":"Salalah","Gov_ID":"Dhofar Governorate","Road_ID":"102645","Mun_ID":" ","Latitude":17.081727399999998,"Longitude":54.147982949999999,"GlobalID":"{919B0A19-51DD-4531-8953-04A94EBA03D7}","NEAR_FID":11986,"NEAR_DIST":5.8987127124571046}},{"type":"Feature","id":825,"geometry":{"type":"Point","coordinates":[196446.7648,1890786.8677999992]},"properties":{"OBJECTID":825,"Asset_ID":"MH825","Name":null,"District_ID":"al Sada al Shamaliyya","Wlyt_ID":"Salalah","Gov_ID":"Dhofar Governorate","Road_ID":"102645","Mun_ID":" ","Latitude":17.08145833,"Longitude":54.147961129999999,"GlobalID":"{EA50E4A8-A69B-4F7C-BD11-18A1CA487F51}","NEAR_FID":11986,"NEAR_DIST":5.8078745416152193}},{"type":"Feature","id":826,"geometry":{"type":"Point","coordinates":[196444.1325000003,1890756.7217999995]},"properties":{"OBJECTID":826,"Asset_ID":"MH826","Name":null,"District_ID":"al Sada al Shamaliyya","Wlyt_ID":"Salalah","Gov_ID":"Dhofar Governorate","Road_ID":"102645","Mun_ID":" ","Latitude":17.081185820000002,"Longitude":54.147940560000002,"GlobalID":"{02EE2ABE-F2F0-40B6-8515-302F6D3E16E3}","NEAR_FID":11986,"NEAR_DIST":5.8788712894591573}},{"type":"Feature","id":827,"geometry":{"type":"Point","coordinates":[196441.41100000031,1890727.1420000009]},"properties":{"OBJECTID":827,"Asset_ID":"MH827","Name":null,"District_ID":"al Sada al Shamaliyya","Wlyt_ID":"Salalah","Gov_ID":"Dhofar Governorate","Road_ID":"102645","Mun_ID":" ","Latitude":17.080918409999999,"Longitude":54.14791907,"GlobalID":"{D225BE1E-3664-4A9C-95F3-51C0000F747F}","NEAR_FID":11986,"NEAR_DIST":5.863286989232555}},{"type":"Feature","id":828,"geometry":{"type":"Point","coordinates":[196438.66220000014,1890697.0339000002]},"properties":{"OBJECTID":828,"Asset_ID":"MH828","Name":null,"District_ID":"al Sada al Shamaliyya","Wlyt_ID":"Salalah","Gov_ID":"Dhofar Governorate","Road_ID":"102645","Mun_ID":" ","Latitude":17.080646219999998,"Longitude":54.147897409999999,"GlobalID":"{823B5FFE-805E-414E-871C-8EEB811390ED}","NEAR_FID":11986,"NEAR_DIST":5.8718377812302229}},{"type":"Feature","id":829,"geometry":{"type":"Point","coordinates":[196435.87849999964,1890666.8986000009]},"properties":{"OBJECTID":829,"Asset_ID":"MH829","Name":null,"District_ID":"al Sada al Shamaliyya","Wlyt_ID":"Salalah","Gov_ID":"Dhofar Governorate","Road_ID":"102645","Mun_ID":" ","Latitude":17.080373789999999,"Longitude":54.147875419999998,"GlobalID":"{BCE2F152-1D47-44D6-9E58-3F76920B516B}","NEAR_FID":11986,"NEAR_DIST":5.8481146919148461}},{"type":"Feature","id":830,"geometry":{"type":"Point","coordinates":[196433.1353000002,1890637.3149999995]},"properties":{"OBJECTID":830,"Asset_ID":"MH830","Name":null,"District_ID":"al Sada al Shamaliyya","Wlyt_ID":"Salalah","Gov_ID":"Dhofar Governorate","Road_ID":"102645","Mun_ID":" ","Latitude":17.08010634,"Longitude":54.147853730000001,"GlobalID":"{780ECA2B-8A29-440E-B0B1-05F0A8170FFA}","NEAR_FID":11986,"NEAR_DIST":5.8096626875654955}},{"type":"Feature","id":831,"geometry":{"type":"Point","coordinates":[196430.55580000021,1890607.3828999996]},"properties":{"OBJECTID":831,"Asset_ID":"MH831","Name":null,"District_ID":"al Sada al Shamaliyya","Wlyt_ID":"Salalah","Gov_ID":"Dhofar Governorate","Road_ID":"102645","Mun_ID":" ","Latitude":17.079835760000002,"Longitude":54.147833630000001,"GlobalID":"{9405C4D7-93A4-4B54-96A1-089D4DAA2391}","NEAR_FID":11986,"NEAR_DIST":5.9403800922173753}},{"type":"Feature","id":832,"geometry":{"type":"Point","coordinates":[196427.71270000003,1890577.6264999993]},"properties":{"OBJECTID":832,"Asset_ID":"MH832","Name":null,"District_ID":"al Sada al Shamaliyya","Wlyt_ID":"Salalah","Gov_ID":"Dhofar Governorate","Road_ID":"102645","Mun_ID":" ","Latitude":17.079566740000001,"Longitude":54.14781103,"GlobalID":"{0529EDB7-156B-4FDC-AF43-E474E11E1B65}","NEAR_FID":11986,"NEAR_DIST":5.7999174242717002}},{"type":"Feature","id":833,"geometry":{"type":"Point","coordinates":[196424.99480000045,1890547.9147999994]},"properties":{"OBJECTID":833,"Asset_ID":"MH833","Name":null,"District_ID":"al Sada al Shamaliyya","Wlyt_ID":"Salalah","Gov_ID":"Dhofar Governorate","Road_ID":"102645","Mun_ID":" ","Latitude":17.079298139999999,"Longitude":54.147789590000002,"GlobalID":"{BAF03983-17A8-43CD-9E35-399E63534080}","NEAR_FID":11986,"NEAR_DIST":5.8284074897089226}},{"type":"Feature","id":834,"geometry":{"type":"Point","coordinates":[196422.3936999999,1890517.6620000005]},"properties":{"OBJECTID":834,"Asset_ID":"MH834","Name":null,"District_ID":"al Sada al Shamaliyya","Wlyt_ID":"Salalah","Gov_ID":"Dhofar Governorate","Road_ID":"102645","Mun_ID":" ","Latitude":17.079024669999999,"Longitude":54.147769330000003,"GlobalID":"{AB137670-FE3A-4C9F-B274-E9ABB7649023}","NEAR_FID":11986,"NEAR_DIST":6.0208541456405182}},{"type":"Feature","id":835,"geometry":{"type":"Point","coordinates":[196419.65919999965,1890487.5408999994]},"properties":{"OBJECTID":835,"Asset_ID":"MH835","Name":null,"District_ID":"al Sada al Shamaliyya","Wlyt_ID":"Salalah","Gov_ID":"Dhofar Governorate","Road_ID":"102645","Mun_ID":" ","Latitude":17.078752359999999,"Longitude":54.147747799999998,"GlobalID":"{EAE0913A-D024-478B-B0FB-2ABF895F4C58}","NEAR_FID":11986,"NEAR_DIST":6.0597284271734519}},{"type":"Feature","id":836,"geometry":{"type":"Point","coordinates":[196416.87810000032,1890457.5054000001]},"properties":{"OBJECTID":836,"Asset_ID":"MH836","Name":null,"District_ID":"al Sada al Shamaliyya","Wlyt_ID":"Salalah","Gov_ID":"Dhofar Governorate","Road_ID":"102645","Mun_ID":" ","Latitude":17.07848083,"Longitude":54.147725819999998,"GlobalID":"{63A4978D-D35D-41E9-8EB7-AEF5AEC82D61}","NEAR_FID":11986,"NEAR_DIST":5.9562802152115157}},{"type":"Feature","id":837,"geometry":{"type":"Point","coordinates":[196414.21580000035,1890427.9807999991]},"properties":{"OBJECTID":837,"Asset_ID":"MH837","Name":null,"District_ID":"al Sada al Shamaliyya","Wlyt_ID":"Salalah","Gov_ID":"Dhofar Governorate","Road_ID":"102645","Mun_ID":" ","Latitude":17.07821392,"Longitude":54.14770489,"GlobalID":"{4A93ED0F-34C1-4BB3-9274-AC11F5385D2C}","NEAR_FID":11986,"NEAR_DIST":5.8417527830234741}},{"type":"Feature","id":838,"geometry":{"type":"Point","coordinates":[196411.44010000024,1890398.5943]},"properties":{"OBJECTID":838,"Asset_ID":"MH838","Name":null,"District_ID":"al Sada al Shamaliyya","Wlyt_ID":"Salalah","Gov_ID":"Dhofar Governorate","Road_ID":"102645","Mun_ID":" ","Latitude":17.077948249999999,"Longitude":54.147682869999997,"GlobalID":"{9397CA55-73B0-420D-A02C-8A63D35C0873}","NEAR_FID":11986,"NEAR_DIST":5.7623360309157228}},{"type":"Feature","id":839,"geometry":{"type":"Point","coordinates":[196408.63889999967,1890368.2456]},"properties":{"OBJECTID":839,"Asset_ID":"MH839","Name":null,"District_ID":"al Sada al Shamaliyya","Wlyt_ID":"Salalah","Gov_ID":"Dhofar Governorate","Road_ID":"102645","Mun_ID":" ","Latitude":17.077673879999999,"Longitude":54.147660739999999,"GlobalID":"{A32775BD-DC74-48F6-9EF8-21788B1982A1}","NEAR_FID":11986,"NEAR_DIST":5.7688779169742288}},{"type":"Feature","id":840,"geometry":{"type":"Point","coordinates":[196405.92449999973,1890338.2202000003]},"properties":{"OBJECTID":840,"Asset_ID":"MH840","Name":null,"District_ID":"al Sada al Shamaliyya","Wlyt_ID":"Salalah","Gov_ID":"Dhofar Governorate","Road_ID":"102645","Mun_ID":" ","Latitude":17.077402450000001,"Longitude":54.147639390000002,"GlobalID":"{657C8044-C601-4709-A65B-AA8980633776}","NEAR_FID":11986,"NEAR_DIST":5.832067149818366}},{"type":"Feature","id":841,"geometry":{"type":"Point","coordinates":[196403.19830000028,1890308.4048999995]},"properties":{"OBJECTID":841,"Asset_ID":"MH841","Name":null,"District_ID":"al Sada al Shamaliyya","Wlyt_ID":"Salalah","Gov_ID":"Dhofar Governorate","Road_ID":"102645","Mun_ID":" ","Latitude":17.07713291,"Longitude":54.147617889999999,"GlobalID":"{3C989A69-B409-418E-98A2-830DA919985C}","NEAR_FID":11986,"NEAR_DIST":5.8851224351972045}},{"type":"Feature","id":842,"geometry":{"type":"Point","coordinates":[196400.53830000013,1890278.1645]},"properties":{"OBJECTID":842,"Asset_ID":"MH842","Name":null,"District_ID":"al Sada al Shamaliyya","Wlyt_ID":"Salalah","Gov_ID":"Dhofar Governorate","Road_ID":"102645","Mun_ID":" ","Latitude":17.076859540000001,"Longitude":54.147597070000003,"GlobalID":"{A727BA21-C379-4DE1-84E9-613A26915109}","NEAR_FID":11986,"NEAR_DIST":6.0564971864672286}},{"type":"Feature","id":843,"geometry":{"type":"Point","coordinates":[196397.88169999979,1890249.3395000007]},"properties":{"OBJECTID":843,"Asset_ID":"MH843","Name":null,"District_ID":"al Sada al Shamaliyya","Wlyt_ID":"Salalah","Gov_ID":"Dhofar Governorate","Road_ID":"102645","Mun_ID":" ","Latitude":17.076598950000001,"Longitude":54.147576100000002,"GlobalID":"{D10977E3-7A59-48E9-AE85-45AB1749EE8E}","NEAR_FID":11986,"NEAR_DIST":5.9998994417704381}},{"type":"Feature","id":844,"geometry":{"type":"Point","coordinates":[196395.13729999959,1890218.7262999993]},"properties":{"OBJECTID":844,"Asset_ID":"MH844","Name":null,"District_ID":"al Sada al Shamaliyya","Wlyt_ID":"Salalah","Gov_ID":"Dhofar Governorate","Road_ID":"102645","Mun_ID":" ","Latitude":17.076322210000001,"Longitude":54.147554540000002,"GlobalID":"{26092F98-27CF-4B76-986E-30CA4FDA1CD0}","NEAR_FID":11986,"NEAR_DIST":6.0133683911722615}},{"type":"Feature","id":845,"geometry":{"type":"Point","coordinates":[196282.90390000027,1889434.1035999991]},"properties":{"OBJECTID":845,"Asset_ID":"MH845","Name":null,"District_ID":"al Sada al Shamaliyya","Wlyt_ID":"Salalah","Gov_ID":"Dhofar Governorate","Road_ID":"102645","Mun_ID":" ","Latitude":17.069223640000001,"Longitude":54.146608800000003,"GlobalID":"{61930AF7-C27C-409A-BE01-E00C786528BE}","NEAR_FID":11956,"NEAR_DIST":4.7953243806649066}},{"type":"Feature","id":846,"geometry":{"type":"Point","coordinates":[196288.79629999958,1889476.1454000007]},"properties":{"OBJECTID":846,"Asset_ID":"MH846","Name":null,"District_ID":"al Sada al Shamaliyya","Wlyt_ID":"Salalah","Gov_ID":"Dhofar Governorate","Road_ID":"102645","Mun_ID":" ","Latitude":17.06960398,"Longitude":54.146658340000002,"GlobalID":"{A7604B0B-D528-486C-B6A0-1D9B3AF5147D}","NEAR_FID":13919,"NEAR_DIST":7.3436607402217984}},{"type":"Feature","id":847,"geometry":{"type":"Point","coordinates":[196295.17019999959,1889506.375]},"properties":{"OBJECTID":847,"Asset_ID":"MH847","Name":null,"District_ID":"al Sada al Shamaliyya","Wlyt_ID":"Salalah","Gov_ID":"Dhofar Governorate","Road_ID":"102645","Mun_ID":" ","Latitude":17.069877739999999,"Longitude":54.146714019999997,"GlobalID":"{CE15545C-507F-4A14-8B80-9DCE9AE432F9}","NEAR_FID":11986,"NEAR_DIST":7.3139284324269127}},{"type":"Feature","id":848,"geometry":{"type":"Point","coordinates":[196301.09509999957,1889534.8026999999]},"properties":{"OBJECTID":848,"Asset_ID":"MH848","Name":null,"District_ID":"al Sada al Shamaliyya","Wlyt_ID":"Salalah","Gov_ID":"Dhofar Governorate","Road_ID":"102645","Mun_ID":" ","Latitude":17.07013517,"Longitude":54.146765729999998,"GlobalID":"{7CD26D30-07CE-44C6-8937-9EA999191235}","NEAR_FID":11986,"NEAR_DIST":7.4178176997847487}},{"type":"Feature","id":849,"geometry":{"type":"Point","coordinates":[196307.29569999967,1889564.7683000006]},"properties":{"OBJECTID":849,"Asset_ID":"MH849","Name":null,"District_ID":"al Sada al Shamaliyya","Wlyt_ID":"Salalah","Gov_ID":"Dhofar Governorate","Road_ID":"102645","Mun_ID":" ","Latitude":17.07040653,"Longitude":54.146819809999997,"GlobalID":"{B53DBE7A-CAB9-4D09-ABEB-6436A9CEB09C}","NEAR_FID":13919,"NEAR_DIST":7.3500942078525489}},{"type":"Feature","id":850,"geometry":{"type":"Point","coordinates":[196313.01329999976,1889594.0399999991]},"properties":{"OBJECTID":850,"Asset_ID":"MH850","Name":null,"District_ID":"al Sada al Shamaliyya","Wlyt_ID":"Salalah","Gov_ID":"Dhofar Governorate","Road_ID":"102645","Mun_ID":" ","Latitude":17.070671560000001,"Longitude":54.146869459999998,"GlobalID":"{E7AD8054-F315-4A8A-BC73-BDE06A891C6B}","NEAR_FID":13919,"NEAR_DIST":7.148491813109449}},{"type":"Feature","id":851,"geometry":{"type":"Point","coordinates":[196318.75659999996,1889623.9887000006]},"properties":{"OBJECTID":851,"Asset_ID":"MH851","Name":null,"District_ID":"al Sada al Shamaliyya","Wlyt_ID":"Salalah","Gov_ID":"Dhofar Governorate","Road_ID":"102645","Mun_ID":" ","Latitude":17.0709427,"Longitude":54.146919259999997,"GlobalID":"{F9D6E86F-6B3B-402E-8B59-F42173F50DFF}","NEAR_FID":13919,"NEAR_DIST":7.046944703891989}},{"type":"Feature","id":852,"geometry":{"type":"Point","coordinates":[196324.0756000001,1889652.8113000002]},"properties":{"OBJECTID":852,"Asset_ID":"MH852","Name":null,"District_ID":"al Sada al Shamaliyya","Wlyt_ID":"Salalah","Gov_ID":"Dhofar Governorate","Road_ID":"102645","Mun_ID":" ","Latitude":17.071203619999999,"Longitude":54.146965229999999,"GlobalID":"{ECE09627-4BF5-4618-90FC-FAD7C7D3F66D}","NEAR_FID":13919,"NEAR_DIST":6.90028806145048}},{"type":"Feature","id":853,"geometry":{"type":"Point","coordinates":[196329.2703999998,1889682.3381999992]},"properties":{"OBJECTID":853,"Asset_ID":"MH853","Name":null,"District_ID":"al Sada al Shamaliyya","Wlyt_ID":"Salalah","Gov_ID":"Dhofar Governorate","Road_ID":"102645","Mun_ID":" ","Latitude":17.07147088,"Longitude":54.147009930000003,"GlobalID":"{3A3DEC4A-2971-4179-9DAB-24C8D01C25F8}","NEAR_FID":13919,"NEAR_DIST":6.7337372165315204}},{"type":"Feature","id":854,"geometry":{"type":"Point","coordinates":[196334.52859999985,1889712.0121999998]},"properties":{"OBJECTID":854,"Asset_ID":"MH854","Name":null,"District_ID":"al Sada al Shamaliyya","Wlyt_ID":"Salalah","Gov_ID":"Dhofar Governorate","Road_ID":"102645","Mun_ID":" ","Latitude":17.071739480000002,"Longitude":54.147055219999999,"GlobalID":"{4394EA4F-7B7C-46BB-84BF-27AD573E56E6}","NEAR_FID":13919,"NEAR_DIST":6.5293685852010013}},{"type":"Feature","id":855,"geometry":{"type":"Point","coordinates":[196339.23319999967,1889741.3136999998]},"properties":{"OBJECTID":855,"Asset_ID":"MH855","Name":null,"District_ID":"al Sada al Shamaliyya","Wlyt_ID":"Salalah","Gov_ID":"Dhofar Governorate","Road_ID":"102645","Mun_ID":" ","Latitude":17.072004639999999,"Longitude":54.147095350000001,"GlobalID":"{0907D719-B7A5-4633-ACF2-541F03E06AF6}","NEAR_FID":13919,"NEAR_DIST":6.8082453210088874}},{"type":"Feature","id":856,"geometry":{"type":"Point","coordinates":[196343.97080000024,1889771.3184999991]},"properties":{"OBJECTID":856,"Asset_ID":"MH856","Name":null,"District_ID":"al Sada al Shamaliyya","Wlyt_ID":"Salalah","Gov_ID":"Dhofar Governorate","Road_ID":"102645","Mun_ID":" ","Latitude":17.07227615,"Longitude":54.1471357,"GlobalID":"{96B9F118-1809-4728-97C1-1B8B08898AEC}","NEAR_FID":11986,"NEAR_DIST":7.0439423707390274}},{"type":"Feature","id":857,"geometry":{"type":"Point","coordinates":[196348.54339999985,1889800.8284000009]},"properties":{"OBJECTID":857,"Asset_ID":"MH857","Name":null,"District_ID":"al Sada al Shamaliyya","Wlyt_ID":"Salalah","Gov_ID":"Dhofar Governorate","Road_ID":"102645","Mun_ID":" ","Latitude":17.07254318,"Longitude":54.147174569999997,"GlobalID":"{7079F09C-92AD-420F-B726-9E4E90F45635}","NEAR_FID":11986,"NEAR_DIST":7.1802818152876764}},{"type":"Feature","id":858,"geometry":{"type":"Point","coordinates":[196353.09869999997,1889831.0930000003]},"properties":{"OBJECTID":858,"Asset_ID":"MH858","Name":null,"District_ID":"al Sada al Shamaliyya","Wlyt_ID":"Salalah","Gov_ID":"Dhofar Governorate","Road_ID":"102645","Mun_ID":" ","Latitude":17.072817019999999,"Longitude":54.147213170000001,"GlobalID":"{59A5D081-562A-4D43-BA9F-A24FD1621E99}","NEAR_FID":13919,"NEAR_DIST":7.0347880581648301}},{"type":"Feature","id":859,"geometry":{"type":"Point","coordinates":[196357.35869999975,1889861.0266999993]},"properties":{"OBJECTID":859,"Asset_ID":"MH859","Name":null,"District_ID":"al Sada al Shamaliyya","Wlyt_ID":"Salalah","Gov_ID":"Dhofar Governorate","Road_ID":"102645","Mun_ID":" ","Latitude":17.073087829999999,"Longitude":54.147249049999999,"GlobalID":"{3D1F26A4-C5AB-47D5-AFC0-8D1A3339C670}","NEAR_FID":13919,"NEAR_DIST":6.9341952686277786}},{"type":"Feature","id":860,"geometry":{"type":"Point","coordinates":[196361.34769999981,1889890.7619000003]},"properties":{"OBJECTID":860,"Asset_ID":"MH860","Name":null,"District_ID":"al Sada al Shamaliyya","Wlyt_ID":"Salalah","Gov_ID":"Dhofar Governorate","Road_ID":"102645","Mun_ID":" ","Latitude":17.07335681,"Longitude":54.147282410000003,"GlobalID":"{D8EEFFCB-4EFD-4421-A60D-3F850CC61D37}","NEAR_FID":11986,"NEAR_DIST":6.9677968191858124}},{"type":"Feature","id":861,"geometry":{"type":"Point","coordinates":[196365.0887000002,1889920.4188000001]},"properties":{"OBJECTID":861,"Asset_ID":"MH861","Name":null,"District_ID":"al Sada al Shamaliyya","Wlyt_ID":"Salalah","Gov_ID":"Dhofar Governorate","Road_ID":"102645","Mun_ID":" ","Latitude":17.07362505,"Longitude":54.147313449999999,"GlobalID":"{5245E437-1CE2-41A3-9886-C4056A8E64BD}","NEAR_FID":11986,"NEAR_DIST":6.7035520405601963}},{"type":"Feature","id":862,"geometry":{"type":"Point","coordinates":[196368.63370000012,1889950.0606999993]},"properties":{"OBJECTID":862,"Asset_ID":"MH862","Name":null,"District_ID":"al Sada al Shamaliyya","Wlyt_ID":"Salalah","Gov_ID":"Dhofar Governorate","Road_ID":"102645","Mun_ID":" ","Latitude":17.073893139999999,"Longitude":54.14734266,"GlobalID":"{1DFFF334-FBD3-43CC-B54B-2809ABEFBBA4}","NEAR_FID":11986,"NEAR_DIST":6.5085865208589402}},{"type":"Feature","id":863,"geometry":{"type":"Point","coordinates":[196372.23149999976,1889980.2211000007]},"properties":{"OBJECTID":863,"Asset_ID":"MH863","Name":null,"District_ID":"al Sada al Shamaliyya","Wlyt_ID":"Salalah","Gov_ID":"Dhofar Governorate","Road_ID":"102645","Mun_ID":" ","Latitude":17.074165910000001,"Longitude":54.147372279999999,"GlobalID":"{AD88E167-9DD7-4D50-A574-E0F46E7DC2BA}","NEAR_FID":11986,"NEAR_DIST":6.3010735340369948}},{"type":"Feature","id":864,"geometry":{"type":"Point","coordinates":[196375.37069999985,1890009.7913000006]},"properties":{"OBJECTID":864,"Asset_ID":"MH864","Name":null,"District_ID":"al Sada al Shamaliyya","Wlyt_ID":"Salalah","Gov_ID":"Dhofar Governorate","Road_ID":"102645","Mun_ID":" ","Latitude":17.074433290000002,"Longitude":54.147397689999998,"GlobalID":"{6421F938-5299-4F46-896F-9B6BFAB4F771}","NEAR_FID":11986,"NEAR_DIST":5.8506047401634866}},{"type":"Feature","id":865,"geometry":{"type":"Point","coordinates":[196378.51999999955,1890039.5591000002]},"properties":{"OBJECTID":865,"Asset_ID":"MH865","Name":null,"District_ID":"al Sada al Shamaliyya","Wlyt_ID":"Salalah","Gov_ID":"Dhofar Governorate","Road_ID":"102645","Mun_ID":" ","Latitude":17.07470245,"Longitude":54.147423160000002,"GlobalID":"{6F359D8B-936C-4EB5-9869-706E71C9A9DB}","NEAR_FID":11986,"NEAR_DIST":5.9479279861024015}},{"type":"Feature","id":866,"geometry":{"type":"Point","coordinates":[196381.46499999985,1890069.0799000002]},"properties":{"OBJECTID":866,"Asset_ID":"MH866","Name":null,"District_ID":"al Sada al Shamaliyya","Wlyt_ID":"Salalah","Gov_ID":"Dhofar Governorate","Road_ID":"102645","Mun_ID":" ","Latitude":17.074969360000001,"Longitude":54.14744675,"GlobalID":"{B32FA359-97C4-4F42-BB10-F8CEFEFE591C}","NEAR_FID":11986,"NEAR_DIST":6.0770501358502278}},{"type":"Feature","id":867,"geometry":{"type":"Point","coordinates":[196384.12459999975,1890099.0218000002]},"properties":{"OBJECTID":867,"Asset_ID":"MH867","Name":null,"District_ID":"al Sada al Shamaliyya","Wlyt_ID":"Salalah","Gov_ID":"Dhofar Governorate","Road_ID":"102645","Mun_ID":" ","Latitude":17.07524003,"Longitude":54.14746761,"GlobalID":"{CA59F728-2A1F-4025-A13C-F925774B4899}","NEAR_FID":11986,"NEAR_DIST":5.9044392568931574}},{"type":"Feature","id":868,"geometry":{"type":"Point","coordinates":[196386.87799999956,1890129.3096999992]},"properties":{"OBJECTID":868,"Asset_ID":"MH868","Name":null,"District_ID":"al Sada al Shamaliyya","Wlyt_ID":"Salalah","Gov_ID":"Dhofar Governorate","Road_ID":"102645","Mun_ID":" ","Latitude":17.075513839999999,"Longitude":54.147489290000003,"GlobalID":"{2D82574C-7166-4E88-8C4F-CF9724D49B2D}","NEAR_FID":11986,"NEAR_DIST":5.8833337146993232}},{"type":"Feature","id":869,"geometry":{"type":"Point","coordinates":[196389.49480000045,1890159.1484999992]},"properties":{"OBJECTID":869,"Asset_ID":"MH869","Name":null,"District_ID":"al Sada al Shamaliyya","Wlyt_ID":"Salalah","Gov_ID":"Dhofar Governorate","Road_ID":"102645","Mun_ID":" ","Latitude":17.07578358,"Longitude":54.147509759999998,"GlobalID":"{ED222F9F-2F91-415C-8DC4-ED539DD2F7B1}","NEAR_FID":11986,"NEAR_DIST":5.78496002912709}},{"type":"Feature","id":870,"geometry":{"type":"Point","coordinates":[196392.28359999973,1890189.2228999995]},"properties":{"OBJECTID":870,"Asset_ID":"MH870","Name":null,"District_ID":"al Sada al Shamaliyya","Wlyt_ID":"Salalah","Gov_ID":"Dhofar Governorate","Road_ID":"102645","Mun_ID":" ","Latitude":17.07605547,"Longitude":54.147531800000003,"GlobalID":"{8A728DF2-42CC-4AEC-B503-1E023A7A8335}","NEAR_FID":11986,"NEAR_DIST":5.8410136331309612}},{"type":"Feature","id":871,"geometry":{"type":"Point","coordinates":[195921.13559999969,1884678.1735999994]},"properties":{"OBJECTID":871,"Asset_ID":"MH871","Name":null,"District_ID":"Dahariz al Shamaliyya","Wlyt_ID":"Salalah","Gov_ID":"Dhofar Governorate","Road_ID":"100001","Mun_ID":" ","Latitude":17.026238280000001,"Longitude":54.143866039999999,"GlobalID":"{672123EA-3F18-4DB1-95B6-173E5969A566}","NEAR_FID":17201,"NEAR_DIST":5.1962906508514095}},{"type":"Feature","id":872,"geometry":{"type":"Point","coordinates":[195921.09410000034,1884666.9258999992]},"properties":{"OBJECTID":872,"Asset_ID":"MH872","Name":null,"District_ID":"al Robat","Wlyt_ID":"Salalah","Gov_ID":"Dhofar Governorate","Road_ID":"100001","Mun_ID":" ","Latitude":17.026136730000001,"Longitude":54.143867190000002,"GlobalID":"{E67BE3C1-AE65-47C1-B3E5-319BAC4FD0F4}","NEAR_FID":12887,"NEAR_DIST":6.4921680777293851}},{"type":"Feature","id":873,"geometry":{"type":"Point","coordinates":[195881.81120000035,1884627.0680999998]},"properties":{"OBJECTID":873,"Asset_ID":"MH873","Name":null,"District_ID":"al Robat","Wlyt_ID":"Salalah","Gov_ID":"Dhofar Governorate","Road_ID":"103905","Mun_ID":" ","Latitude":17.0257717,"Longitude":54.143504020000002,"GlobalID":"{B6B40EF5-D7D8-4027-9299-78F5B6D3414F}","NEAR_FID":11286,"NEAR_DIST":5.2699388512696919}},{"type":"Feature","id":874,"geometry":{"type":"Point","coordinates":[195828.2352,1884646.7699999996]},"properties":{"OBJECTID":874,"Asset_ID":"MH874","Name":null,"District_ID":"al Robat","Wlyt_ID":"Salalah","Gov_ID":"Dhofar Governorate","Road_ID":"103938","Mun_ID":" ","Latitude":17.02594251,"Longitude":54.142998550000002,"GlobalID":"{0A15B68B-0D4E-4219-9FCF-FEC2A63F8159}","NEAR_FID":4467,"NEAR_DIST":10.982258989942956}},{"type":"Feature","id":875,"geometry":{"type":"Point","coordinates":[195806.77919999976,1884646.0166999996]},"properties":{"OBJECTID":875,"Asset_ID":"MH875","Name":null,"District_ID":"al Robat","Wlyt_ID":"Salalah","Gov_ID":"Dhofar Governorate","Road_ID":"103938","Mun_ID":" ","Latitude":17.025932879999999,"Longitude":54.142797299999998,"GlobalID":"{516DDFE5-D009-4DA3-AC6A-6E0F761E44D7}","NEAR_FID":4467,"NEAR_DIST":13.500441819929524}},{"type":"Feature","id":876,"geometry":{"type":"Point","coordinates":[183698.59740000032,1881269.2302000001]},"properties":{"OBJECTID":876,"Asset_ID":"MH876","Name":null,"District_ID":"Auqad al Janubiyya","Wlyt_ID":"Salalah","Gov_ID":"Dhofar Governorate","Road_ID":"105340","Mun_ID":" ","Latitude":16.99382035,"Longitude":54.029658550000001,"GlobalID":"{CE0F1C85-7200-4604-B938-7A8FAC955F4E}","NEAR_FID":10816,"NEAR_DIST":12.527332150810457}},{"type":"Feature","id":877,"geometry":{"type":"Point","coordinates":[183987.10800000001,1881557.5936999992]},"properties":{"OBJECTID":877,"Asset_ID":"MH877","Name":null,"District_ID":"Auqad al Janubiyya","Wlyt_ID":"Salalah","Gov_ID":"Dhofar Governorate","Road_ID":"102645","Mun_ID":" ","Latitude":16.996462999999999,"Longitude":54.032324279999997,"GlobalID":"{AAC9E27D-8792-426B-93C1-AE0A934C9B79}","NEAR_FID":11248,"NEAR_DIST":11.234369943800802}},{"type":"Feature","id":878,"geometry":{"type":"Point","coordinates":[183819.02749999985,1881504.9682]},"properties":{"OBJECTID":878,"Asset_ID":"MH878","Name":null,"District_ID":"Auqad al Shamaliyya","Wlyt_ID":"Salalah","Gov_ID":"Dhofar Governorate","Road_ID":"105565","Mun_ID":" ","Latitude":16.99596493,"Longitude":54.030754860000002,"GlobalID":"{9964BD3B-1B1F-404D-B80A-04C9F6A077DC}","NEAR_FID":13955,"NEAR_DIST":33.131077985395109}},{"type":"Feature","id":879,"geometry":{"type":"Point","coordinates":[184039.55140000023,1881731.4613000005]},"properties":{"OBJECTID":879,"Asset_ID":"MH879","Name":null,"District_ID":"Auqad al Shamaliyya","Wlyt_ID":"Salalah","Gov_ID":"Dhofar Governorate","Road_ID":"105565","Mun_ID":" ","Latitude":16.998039739999999,"Longitude":54.032791580000001,"GlobalID":"{2B83B836-08A2-4C21-9C63-B374BCEF7D00}","NEAR_FID":20575,"NEAR_DIST":13.646283899394799}},{"type":"Feature","id":880,"geometry":{"type":"Point","coordinates":[184025.62110000011,1881720.5108000003]},"properties":{"OBJECTID":880,"Asset_ID":"MH880","Name":null,"District_ID":"Auqad al Shamaliyya","Wlyt_ID":"Salalah","Gov_ID":"Dhofar Governorate","Road_ID":"105565","Mun_ID":" ","Latitude":16.997938980000001,"Longitude":54.032662440000003,"GlobalID":"{296F5923-F894-4668-941E-9CC8411E0E10}","NEAR_FID":20575,"NEAR_DIST":11.485643806525085}},{"type":"Feature","id":881,"geometry":{"type":"Point","coordinates":[184187.04829999991,1881848.9374000002]},"properties":{"OBJECTID":881,"Asset_ID":"MH881","Name":null,"District_ID":"Auqad al Shamaliyya","Wlyt_ID":"Salalah","Gov_ID":"Dhofar Governorate","Road_ID":"102645","Mun_ID":" ","Latitude":16.99912041,"Longitude":54.034158689999998,"GlobalID":"{15653A82-B33B-4D3D-8CB0-98FCF7B21DA5}","NEAR_FID":5012,"NEAR_DIST":35.246673758374229}},{"type":"Feature","id":882,"geometry":{"type":"Point","coordinates":[184207.8320000004,1881873.5203000009]},"properties":{"OBJECTID":882,"Asset_ID":"MH882","Name":null,"District_ID":"Auqad al Shamaliyya","Wlyt_ID":"Salalah","Gov_ID":"Dhofar Governorate","Road_ID":"105689","Mun_ID":" ","Latitude":16.999345170000002,"Longitude":54.034350179999997,"GlobalID":"{DEDAEF21-357F-431B-A17A-667BDA496EB7}","NEAR_FID":18690,"NEAR_DIST":27.45197222173762}},{"type":"Feature","id":883,"geometry":{"type":"Point","coordinates":[184441.73199999984,1882070.2479999997]},"properties":{"OBJECTID":883,"Asset_ID":"MH883","Name":null,"District_ID":"Auqad al Shamaliyya","Wlyt_ID":"Salalah","Gov_ID":"Dhofar Governorate","Road_ID":"102645","Mun_ID":" ","Latitude":17.001153080000002,"Longitude":54.0365167,"GlobalID":"{A27B5185-A50A-4058-963C-B5F0828A9D97}","NEAR_FID":8325,"NEAR_DIST":12.120228679062325}},{"type":"Feature","id":884,"geometry":{"type":"Point","coordinates":[184884.73770000041,1882542.2711999994]},"properties":{"OBJECTID":884,"Asset_ID":"MH884","Name":null,"District_ID":"New Industrial Area","Wlyt_ID":"Salalah","Gov_ID":"Dhofar Governorate","Road_ID":"105161","Mun_ID":" ","Latitude":17.005474719999999,"Longitude":54.040606080000003,"GlobalID":"{DD9CBE94-D54F-4216-861B-A4F3BA77759F}","NEAR_FID":17670,"NEAR_DIST":9.1135993769162482}},{"type":"Feature","id":885,"geometry":{"type":"Point","coordinates":[184944.17599999998,1882519.8444999997]},"properties":{"OBJECTID":885,"Asset_ID":"MH885","Name":null,"District_ID":"Mustashfa al Sultan Qboos","Wlyt_ID":"Salalah","Gov_ID":"Dhofar Governorate","Road_ID":"100002","Mun_ID":" ","Latitude":17.005280379999999,"Longitude":54.041166930000003,"GlobalID":"{F9DF387C-35FA-4BBF-B470-BCC56D964369}","NEAR_FID":12795,"NEAR_DIST":4.7455431167542033}},{"type":"Feature","id":886,"geometry":{"type":"Point","coordinates":[184944.72520000022,1882517.6171000004]},"properties":{"OBJECTID":886,"Asset_ID":"MH886","Name":null,"District_ID":"Mustashfa al Sultan Qboos","Wlyt_ID":"Salalah","Gov_ID":"Dhofar Governorate","Road_ID":"100002","Mun_ID":" ","Latitude":17.00526035,"Longitude":54.041172400000001,"GlobalID":"{CFB66AD9-0B3A-415A-B227-8FFEB337AB65}","NEAR_FID":12795,"NEAR_DIST":4.9148687565955962}},{"type":"Feature","id":887,"geometry":{"type":"Point","coordinates":[184921.44610000029,1882487.1523000002]},"properties":{"OBJECTID":887,"Asset_ID":"MH887","Name":null,"District_ID":"Mustashfa al Sultan Qboos","Wlyt_ID":"Salalah","Gov_ID":"Dhofar Governorate","Road_ID":"100002","Mun_ID":" ","Latitude":17.00498215,"Longitude":54.040958310000001,"GlobalID":"{C59B9F1D-3FB0-4250-BB4E-5B6276D918AD}","NEAR_FID":20579,"NEAR_DIST":5.7351891851646526}},{"type":"Feature","id":888,"geometry":{"type":"Point","coordinates":[189292.09210000001,1883165.8245999999]},"properties":{"OBJECTID":888,"Asset_ID":"MH888","Name":null,"District_ID":"Salalah al Gharbiyya","Wlyt_ID":"Salalah","Gov_ID":"Dhofar Governorate","Road_ID":"104465","Mun_ID":" ","Latitude":17.011701389999999,"Longitude":54.081871020000001,"GlobalID":"{6CCB0FE6-B8DD-461E-AE43-356C92197577}","NEAR_FID":7879,"NEAR_DIST":6.6802532086790762}},{"type":"Feature","id":889,"geometry":{"type":"Point","coordinates":[190204.93070000038,1884301.7853999995]},"properties":{"OBJECTID":889,"Asset_ID":"MH889","Name":null,"District_ID":"Salalah al Jadida","Wlyt_ID":"Salalah","Gov_ID":"Dhofar Governorate","Road_ID":"104378","Mun_ID":" ","Latitude":17.022079359999999,"Longitude":54.09027768,"GlobalID":"{7C6B07EF-3ACE-4EF4-B68F-3AAE1B3601E8}","NEAR_FID":11008,"NEAR_DIST":8.7769705662241257}},{"type":"Feature","id":890,"geometry":{"type":"Point","coordinates":[189678.34979999997,1883404.7213000003]},"properties":{"OBJECTID":890,"Asset_ID":"MH890","Name":null,"District_ID":"Salalah al Jadida","Wlyt_ID":"Salalah","Gov_ID":"Dhofar Governorate","Road_ID":"104211","Mun_ID":" ","Latitude":17.013910070000001,"Longitude":54.085461899999999,"GlobalID":"{C7C531DC-C469-4250-AB1E-5CFF9AE0F735}","NEAR_FID":10337,"NEAR_DIST":0.6418083417201903}},{"type":"Feature","id":891,"geometry":{"type":"Point","coordinates":[197362.20529999956,1885798.6934999991]},"properties":{"OBJECTID":891,"Asset_ID":"MH891","Name":null,"District_ID":"al Sada al Janubiyya","Wlyt_ID":"Salalah","Gov_ID":"Dhofar Governorate","Road_ID":"100418","Mun_ID":" ","Latitude":17.036544320000001,"Longitude":54.15723655,"GlobalID":"{65132665-11D4-4F69-B463-EA04FEB4B361}","NEAR_FID":18795,"NEAR_DIST":3.1861668063233379}},{"type":"Feature","id":892,"geometry":{"type":"Point","coordinates":[197353.20579999965,1885797.8173999991]},"properties":{"OBJECTID":892,"Asset_ID":"MH892","Name":null,"District_ID":"al Sada al Janubiyya","Wlyt_ID":"Salalah","Gov_ID":"Dhofar Governorate","Road_ID":"100418","Mun_ID":" ","Latitude":17.036535229999998,"Longitude":54.15715221,"GlobalID":"{C72F838A-F4BB-48DA-8A58-D576E8FC5DC1}","NEAR_FID":18795,"NEAR_DIST":5.4003308728737931}},{"type":"Feature","id":893,"geometry":{"type":"Point","coordinates":[197509.51059999969,1885750.3959999997]},"properties":{"OBJECTID":893,"Asset_ID":"MH893","Name":null,"District_ID":"Dahariz al Shamaliyya","Wlyt_ID":"Salalah","Gov_ID":"Dhofar Governorate","Road_ID":"100418","Mun_ID":" ","Latitude":17.036127619999998,"Longitude":54.158625579999999,"GlobalID":"{650796FC-8A41-4E15-B20A-AB205DC47656}","NEAR_FID":12431,"NEAR_DIST":5.6959347419793014}},{"type":"Feature","id":894,"geometry":{"type":"Point","coordinates":[197459.36149999965,1885752.7915000003]},"properties":{"OBJECTID":894,"Asset_ID":"MH894","Name":null,"District_ID":"Dahariz al Shamaliyya","Wlyt_ID":"Salalah","Gov_ID":"Dhofar Governorate","Road_ID":"100418","Mun_ID":" ","Latitude":17.03614267,"Longitude":54.158154609999997,"GlobalID":"{816F4A15-5DD6-4EF6-989A-2E88783FDD42}","NEAR_FID":7674,"NEAR_DIST":10.031628180541658}},{"type":"Feature","id":895,"geometry":{"type":"Point","coordinates":[197438.82890000008,1885753.7558999993]},"properties":{"OBJECTID":895,"Asset_ID":"MH895","Name":null,"District_ID":"Dahariz al Shamaliyya","Wlyt_ID":"Salalah","Gov_ID":"Dhofar Governorate","Road_ID":"100418","Mun_ID":" ","Latitude":17.03614868,"Longitude":54.157961780000001,"GlobalID":"{216F3F28-1B53-4454-99BB-4A0D72E7E80D}","NEAR_FID":7674,"NEAR_DIST":9.9928345082628116}},{"type":"Feature","id":896,"geometry":{"type":"Point","coordinates":[197404.82579999976,1885748.5604999997]},"properties":{"OBJECTID":896,"Asset_ID":"MH896","Name":null,"District_ID":"Dahariz al Shamaliyya","Wlyt_ID":"Salalah","Gov_ID":"Dhofar Governorate","Road_ID":"100124","Mun_ID":" ","Latitude":17.036097309999999,"Longitude":54.157643380000003,"GlobalID":"{FBF36A44-2E68-40F3-9284-33C3EAD7D34D}","NEAR_FID":5871,"NEAR_DIST":10.51181139003158}},{"type":"Feature","id":897,"geometry":{"type":"Point","coordinates":[197354.25860000029,1885750.8354000002]},"properties":{"OBJECTID":897,"Asset_ID":"MH897","Name":null,"District_ID":"Dahariz al Shamaliyya","Wlyt_ID":"Salalah","Gov_ID":"Dhofar Governorate","Road_ID":"100124","Mun_ID":" ","Latitude":17.036111200000001,"Longitude":54.157168499999997,"GlobalID":"{03E85E27-F290-4464-B22C-6CADB2333604}","NEAR_FID":5871,"NEAR_DIST":10.859828569387156}},{"type":"Feature","id":898,"geometry":{"type":"Point","coordinates":[197364.66100000031,1885750.4952000007]},"properties":{"OBJECTID":898,"Asset_ID":"MH898","Name":null,"District_ID":"Dahariz al Shamaliyya","Wlyt_ID":"Salalah","Gov_ID":"Dhofar Governorate","Road_ID":"100124","Mun_ID":" ","Latitude":17.036109499999998,"Longitude":54.15726617,"GlobalID":"{8DB145AB-2B0A-42DA-AED9-45C3596DECEA}","NEAR_FID":5871,"NEAR_DIST":10.915923423165696}},{"type":"Feature","id":899,"geometry":{"type":"Point","coordinates":[197359.41119999997,1885759.8767000008]},"properties":{"OBJECTID":899,"Asset_ID":"MH899","Name":null,"District_ID":"Dahariz al Shamaliyya","Wlyt_ID":"Salalah","Gov_ID":"Dhofar Governorate","Road_ID":"100418","Mun_ID":" ","Latitude":17.03619351,"Longitude":54.157215620000002,"GlobalID":"{6C3A0396-EC41-4CE3-9764-360816A5B20E}","NEAR_FID":7674,"NEAR_DIST":7.7205445557193038}},{"type":"Feature","id":900,"geometry":{"type":"Point","coordinates":[197335.98159999959,1885759.1962000001]},"properties":{"OBJECTID":900,"Asset_ID":"MH900","Name":null,"District_ID":"Dahariz al Shamaliyya","Wlyt_ID":"Salalah","Gov_ID":"Dhofar Governorate","Road_ID":"100418","Mun_ID":" ","Latitude":17.036184290000001,"Longitude":54.15699583,"GlobalID":"{C25B0970-6ED7-401D-8F8D-EC53318CCB4B}","NEAR_FID":7674,"NEAR_DIST":9.5335117754074847}},{"type":"Feature","id":901,"geometry":{"type":"Point","coordinates":[197409.43010000046,1885757.4948999994]},"properties":{"OBJECTID":901,"Asset_ID":"MH901","Name":null,"District_ID":"Dahariz al Shamaliyya","Wlyt_ID":"Salalah","Gov_ID":"Dhofar Governorate","Road_ID":"100418","Mun_ID":" ","Latitude":17.036178570000001,"Longitude":54.157685370000003,"GlobalID":"{323ECED4-F6CA-4756-ADEB-66A05C4B0D8D}","NEAR_FID":7674,"NEAR_DIST":7.6801981446882701}},{"type":"Feature","id":902,"geometry":{"type":"Point","coordinates":[197384.83380000014,1885758.6129000001]},"properties":{"OBJECTID":902,"Asset_ID":"MH902","Name":null,"District_ID":"Dahariz al Shamaliyya","Wlyt_ID":"Salalah","Gov_ID":"Dhofar Governorate","Road_ID":"100418","Mun_ID":" ","Latitude":17.036185440000001,"Longitude":54.157454379999997,"GlobalID":"{1B314A40-273F-4EAD-BAE5-FB11F43BBF1D}","NEAR_FID":7674,"NEAR_DIST":7.7532024174002538}},{"type":"Feature","id":903,"geometry":{"type":"Point","coordinates":[197309.55790000036,1885758.5786000006]},"properties":{"OBJECTID":903,"Asset_ID":"MH903","Name":null,"District_ID":"Dahariz al Shamaliyya","Wlyt_ID":"Salalah","Gov_ID":"Dhofar Governorate","Road_ID":"100418","Mun_ID":" ","Latitude":17.036175239999999,"Longitude":54.156747930000002,"GlobalID":"{6548C6E0-F0B7-4F98-9A20-F5F4FC3B2CD0}","NEAR_FID":12986,"NEAR_DIST":11.395423628240895}},{"type":"Feature","id":904,"geometry":{"type":"Point","coordinates":[197284.78060000017,1885759.6758999992]},"properties":{"OBJECTID":904,"Asset_ID":"MH904","Name":null,"District_ID":"Dahariz al Shamaliyya","Wlyt_ID":"Salalah","Gov_ID":"Dhofar Governorate","Road_ID":"100418","Mun_ID":" ","Latitude":17.036181890000002,"Longitude":54.156515249999998,"GlobalID":"{83387D55-8762-4C09-B9F5-6C5CB08BA006}","NEAR_FID":12986,"NEAR_DIST":7.7930054284041219}},{"type":"Feature","id":905,"geometry":{"type":"Point","coordinates":[197259.57849999983,1885760.7024000008]},"properties":{"OBJECTID":905,"Asset_ID":"MH905","Name":null,"District_ID":"Dahariz al Shamaliyya","Wlyt_ID":"Salalah","Gov_ID":"Dhofar Governorate","Road_ID":"100418","Mun_ID":" ","Latitude":17.036187850000001,"Longitude":54.1562786,"GlobalID":"{AABDC8D2-C177-4DEB-B4FB-4D90D834B695}","NEAR_FID":12986,"NEAR_DIST":4.0972498920823179}},{"type":"Feature","id":906,"geometry":{"type":"Point","coordinates":[197246.62349999975,1885758.6493999995]},"properties":{"OBJECTID":906,"Asset_ID":"MH906","Name":null,"District_ID":"Dahariz al Shamaliyya","Wlyt_ID":"Salalah","Gov_ID":"Dhofar Governorate","Road_ID":"100418","Mun_ID":" ","Latitude":17.03616761,"Longitude":54.156157290000003,"GlobalID":"{547C276F-783E-4AC5-8CA7-A47530738B14}","NEAR_FID":15861,"NEAR_DIST":3.0334236309736444}},{"type":"Feature","id":907,"geometry":{"type":"Point","coordinates":[197246.8359000003,1885751.0745999999]},"properties":{"OBJECTID":907,"Asset_ID":"MH907","Name":null,"District_ID":"Dahariz al Shamaliyya","Wlyt_ID":"Salalah","Gov_ID":"Dhofar Governorate","Road_ID":"100418","Mun_ID":" ","Latitude":17.036099249999999,"Longitude":54.156160319999998,"GlobalID":"{83B898B2-CB2D-4273-9435-43A3F43CBA41}","NEAR_FID":15861,"NEAR_DIST":3.2823734957567563}},{"type":"Feature","id":908,"geometry":{"type":"Point","coordinates":[196967.12959999964,1885762.6917000003]},"properties":{"OBJECTID":908,"Asset_ID":"MH908","Name":null,"District_ID":"Dahariz al Shamaliyya","Wlyt_ID":"Salalah","Gov_ID":"Dhofar Governorate","Road_ID":"100124","Mun_ID":" ","Latitude":17.03616736,"Longitude":54.15353374,"GlobalID":"{49E9B14C-A091-41FF-AC60-F7755E96DB5C}","NEAR_FID":17083,"NEAR_DIST":4.3139926941235061}},{"type":"Feature","id":909,"geometry":{"type":"Point","coordinates":[197603.89460000023,1885739.6526999995]},"properties":{"OBJECTID":909,"Asset_ID":"MH909","Name":null,"District_ID":"Dahariz al Shamaliyya","Wlyt_ID":"Salalah","Gov_ID":"Dhofar Governorate","Road_ID":"100124","Mun_ID":" ","Latitude":17.036043020000001,"Longitude":54.159512829999997,"GlobalID":"{ECBEF25E-5F51-4141-8AA0-86FBB040D9D5}","NEAR_FID":11717,"NEAR_DIST":11.046499748777405}},{"type":"Feature","id":910,"geometry":{"type":"Point","coordinates":[197563.57620000001,1885741.4224999994]},"properties":{"OBJECTID":910,"Asset_ID":"MH910","Name":null,"District_ID":"Dahariz al Shamaliyya","Wlyt_ID":"Salalah","Gov_ID":"Dhofar Governorate","Road_ID":"100124","Mun_ID":" ","Latitude":17.0360537,"Longitude":54.159134199999997,"GlobalID":"{CDD3F63F-4724-474E-B06A-FE482A1775D5}","NEAR_FID":11717,"NEAR_DIST":11.10908646716932}},{"type":"Feature","id":911,"geometry":{"type":"Point","coordinates":[197556.05449999962,1885741.5330999997]},"properties":{"OBJECTID":911,"Asset_ID":"MH911","Name":null,"District_ID":"Dahariz al Shamaliyya","Wlyt_ID":"Salalah","Gov_ID":"Dhofar Governorate","Road_ID":"100124","Mun_ID":" ","Latitude":17.036053710000001,"Longitude":54.159063600000003,"GlobalID":"{A223FBD7-E5D6-419D-84B0-F8AA0BE495CE}","NEAR_FID":11717,"NEAR_DIST":10.901389583690674}},{"type":"Feature","id":912,"geometry":{"type":"Point","coordinates":[197584.53729999997,1885748.9995000008]},"properties":{"OBJECTID":912,"Asset_ID":"MH912","Name":null,"District_ID":"Dahariz al Shamaliyya","Wlyt_ID":"Salalah","Gov_ID":"Dhofar Governorate","Road_ID":"100418","Mun_ID":" ","Latitude":17.036124860000001,"Longitude":54.159329880000001,"GlobalID":"{BBD3FC8E-3D8B-4EC7-AE8A-E27A436B1673}","NEAR_FID":10882,"NEAR_DIST":8.3090628399348248}},{"type":"Feature","id":913,"geometry":{"type":"Point","coordinates":[197559.26229999959,1885748.8335999995]},"properties":{"OBJECTID":913,"Asset_ID":"MH913","Name":null,"District_ID":"Dahariz al Shamaliyya","Wlyt_ID":"Salalah","Gov_ID":"Dhofar Governorate","Road_ID":"100418","Mun_ID":" ","Latitude":17.036120050000001,"Longitude":54.159092710000003,"GlobalID":"{093D2EEB-AEF7-482D-B49C-5CDD10E74C85}","NEAR_FID":10882,"NEAR_DIST":9.5875397532048616}},{"type":"Feature","id":914,"geometry":{"type":"Point","coordinates":[197531.33249999955,1885746.1236000005]},"properties":{"OBJECTID":914,"Asset_ID":"MH914","Name":null,"District_ID":"Dahariz al Shamaliyya","Wlyt_ID":"Salalah","Gov_ID":"Dhofar Governorate","Road_ID":"100418","Mun_ID":" ","Latitude":17.03609191,"Longitude":54.158830960000003,"GlobalID":"{36C5805E-292E-4C1A-A76A-9AEBE67E9865}","NEAR_FID":12431,"NEAR_DIST":4.175083296523904}},{"type":"Feature","id":915,"geometry":{"type":"Point","coordinates":[197522.26219999976,1885744.6855999995]},"properties":{"OBJECTID":915,"Asset_ID":"MH915","Name":null,"District_ID":"Dahariz al Shamaliyya","Wlyt_ID":"Salalah","Gov_ID":"Dhofar Governorate","Road_ID":"100418","Mun_ID":" ","Latitude":17.03607774,"Longitude":54.158746030000003,"GlobalID":"{8D4319B3-0AFA-4C09-9FFF-5FF385E065D4}","NEAR_FID":12431,"NEAR_DIST":3.7832383287537024}},{"type":"Feature","id":916,"geometry":{"type":"Point","coordinates":[197677.92430000007,1885736.1671999991]},"properties":{"OBJECTID":916,"Asset_ID":"MH916","Name":null,"District_ID":"Dahariz al Shamaliyya","Wlyt_ID":"Salalah","Gov_ID":"Dhofar Governorate","Road_ID":"100124","Mun_ID":" ","Latitude":17.036021259999998,"Longitude":54.160208060000002,"GlobalID":"{EE5ABDB9-9E59-4FA2-8FED-2E3835B451DD}","NEAR_FID":11717,"NEAR_DIST":10.457312311816425}},{"type":"Feature","id":917,"geometry":{"type":"Point","coordinates":[197676.49710000027,1885739.3839999996]},"properties":{"OBJECTID":917,"Asset_ID":"MH917","Name":null,"District_ID":"Dahariz al Shamaliyya","Wlyt_ID":"Salalah","Gov_ID":"Dhofar Governorate","Road_ID":"100124","Mun_ID":" ","Latitude":17.036050119999999,"Longitude":54.160194230000002,"GlobalID":"{F1465089-4DBC-4428-BA56-DB6626EC5909}","NEAR_FID":11717,"NEAR_DIST":13.617562313152467}},{"type":"Feature","id":918,"geometry":{"type":"Point","coordinates":[197683.27049999963,1885740.8337999992]},"properties":{"OBJECTID":918,"Asset_ID":"MH918","Name":null,"District_ID":"Dahariz al Shamaliyya","Wlyt_ID":"Salalah","Gov_ID":"Dhofar Governorate","Road_ID":"100418","Mun_ID":" ","Latitude":17.036064100000001,"Longitude":54.160257600000001,"GlobalID":"{19F523F1-3DBE-4B37-8921-83309C923DC0}","NEAR_FID":10882,"NEAR_DIST":12.549181680790067}},{"type":"Feature","id":919,"geometry":{"type":"Point","coordinates":[197705.93510000035,1885734.1774000004]},"properties":{"OBJECTID":919,"Asset_ID":"MH919","Name":null,"District_ID":"Dahariz al Shamaliyya","Wlyt_ID":"Salalah","Gov_ID":"Dhofar Governorate","Road_ID":"100418","Mun_ID":" ","Latitude":17.036006969999999,"Longitude":54.160471209999997,"GlobalID":"{14B767D4-DBB4-4C96-BCCC-46BAF01D8044}","NEAR_FID":15361,"NEAR_DIST":4.0020720434260406}},{"type":"Feature","id":920,"geometry":{"type":"Point","coordinates":[197721.19969999976,1885733.4583999999]},"properties":{"OBJECTID":920,"Asset_ID":"MH920","Name":null,"District_ID":"Dahariz al Shamaliyya","Wlyt_ID":"Salalah","Gov_ID":"Dhofar Governorate","Road_ID":"100124","Mun_ID":" ","Latitude":17.036002480000001,"Longitude":54.160614559999999,"GlobalID":"{4B38CF3A-D9EB-4590-B444-BAD61D34589D}","NEAR_FID":13979,"NEAR_DIST":9.6003881761086927}},{"type":"Feature","id":921,"geometry":{"type":"Point","coordinates":[197733.58829999994,1885733.6242999993]},"properties":{"OBJECTID":921,"Asset_ID":"MH921","Name":null,"District_ID":"Dahariz al Shamaliyya","Wlyt_ID":"Salalah","Gov_ID":"Dhofar Governorate","Road_ID":"100124","Mun_ID":" ","Latitude":17.03600561,"Longitude":54.160730809999997,"GlobalID":"{1052D167-CC8E-4615-AAC7-8C25AFB59BE5}","NEAR_FID":13979,"NEAR_DIST":10.405716636642742}},{"type":"Feature","id":922,"geometry":{"type":"Point","coordinates":[197765.99789999984,1885732.2415999994]},"properties":{"OBJECTID":922,"Asset_ID":"MH922","Name":null,"District_ID":"Dahariz al Shamaliyya","Wlyt_ID":"Salalah","Gov_ID":"Dhofar Governorate","Road_ID":"100124","Mun_ID":" ","Latitude":17.035997380000001,"Longitude":54.161035159999997,"GlobalID":"{8B14163F-3173-4634-B623-562F7B2E411B}","NEAR_FID":13979,"NEAR_DIST":10.698237438526503}},{"type":"Feature","id":923,"geometry":{"type":"Point","coordinates":[197845.38489999995,1885728.3857000005]},"properties":{"OBJECTID":923,"Asset_ID":"MH923","Name":null,"District_ID":"Dahariz al Shamaliyya","Wlyt_ID":"Salalah","Gov_ID":"Dhofar Governorate","Road_ID":"100124","Mun_ID":" ","Latitude":17.03597298,"Longitude":54.161780720000003,"GlobalID":"{AA09C475-623C-4BF3-A9A1-62A8B49978E1}","NEAR_FID":13979,"NEAR_DIST":10.496407251688304}},{"type":"Feature","id":924,"geometry":{"type":"Point","coordinates":[197885.62590000033,1885726.5450999998]},"properties":{"OBJECTID":924,"Asset_ID":"MH924","Name":null,"District_ID":"Dahariz al Shamaliyya","Wlyt_ID":"Salalah","Gov_ID":"Dhofar Governorate","Road_ID":"100418","Mun_ID":" ","Latitude":17.035961629999999,"Longitude":54.16215863,"GlobalID":"{3C376D0C-163D-43C9-AE65-9F1C951A583A}","NEAR_FID":7486,"NEAR_DIST":9.5999893404177215}},{"type":"Feature","id":925,"geometry":{"type":"Point","coordinates":[197877.93829999957,1885733.6242999993]},"properties":{"OBJECTID":925,"Asset_ID":"MH925","Name":null,"District_ID":"Dahariz al Shamaliyya","Wlyt_ID":"Salalah","Gov_ID":"Dhofar Governorate","Road_ID":"100418","Mun_ID":" ","Latitude":17.03602454,"Longitude":54.162085509999997,"GlobalID":"{08BB953D-04CF-4F21-BF3C-F4FD0403FD59}","NEAR_FID":7239,"NEAR_DIST":9.7682944001945309}},{"type":"Feature","id":926,"geometry":{"type":"Point","coordinates":[197902.88150000013,1885732.5182000007]},"properties":{"OBJECTID":926,"Asset_ID":"MH926","Name":null,"District_ID":"Dahariz al Shamaliyya","Wlyt_ID":"Salalah","Gov_ID":"Dhofar Governorate","Road_ID":"100418","Mun_ID":" ","Latitude":17.036017820000001,"Longitude":54.162319750000002,"GlobalID":"{800A726E-CCDC-43D6-A278-8C221ED0E91C}","NEAR_FID":7239,"NEAR_DIST":9.559651371032194}},{"type":"Feature","id":927,"geometry":{"type":"Point","coordinates":[197852.7126000002,1885734.6375999991]},"properties":{"OBJECTID":927,"Asset_ID":"MH927","Name":null,"District_ID":"Dahariz al Shamaliyya","Wlyt_ID":"Salalah","Gov_ID":"Dhofar Governorate","Road_ID":"100418","Mun_ID":" ","Latitude":17.03603038,"Longitude":54.161848640000002,"GlobalID":"{017DBA65-75DE-4447-BF87-BE7EDFF4E113}","NEAR_FID":7239,"NEAR_DIST":10.084481780462916}},{"type":"Feature","id":928,"geometry":{"type":"Point","coordinates":[197802.94489999954,1885736.8806999996]},"properties":{"OBJECTID":928,"Asset_ID":"MH928","Name":null,"District_ID":"Dahariz al Shamaliyya","Wlyt_ID":"Salalah","Gov_ID":"Dhofar Governorate","Road_ID":"100418","Mun_ID":" ","Latitude":17.036044109999999,"Longitude":54.16138127,"GlobalID":"{74ECF1C9-CDE1-4821-B37C-80BF9430E900}","NEAR_FID":7239,"NEAR_DIST":10.464661374786441}},{"type":"Feature","id":929,"geometry":{"type":"Point","coordinates":[197958.01539999992,1885729.9430999998]},"properties":{"OBJECTID":929,"Asset_ID":"MH929","Name":null,"District_ID":"Dahariz al Shamaliyya","Wlyt_ID":"Salalah","Gov_ID":"Dhofar Governorate","Road_ID":"100418","Mun_ID":" ","Latitude":17.036001800000001,"Longitude":54.162837529999997,"GlobalID":"{BE2F8719-F2F6-469F-ABEA-62C0015BD201}","NEAR_FID":7239,"NEAR_DIST":9.3107779635165269}},{"type":"Feature","id":930,"geometry":{"type":"Point","coordinates":[197947.57359999977,1885723.7488000002]},"properties":{"OBJECTID":930,"Asset_ID":"MH930","Name":null,"District_ID":"Dahariz al Shamaliyya","Wlyt_ID":"Salalah","Gov_ID":"Dhofar Governorate","Road_ID":"100418","Mun_ID":" ","Latitude":17.03594451,"Longitude":54.162740380000002,"GlobalID":"{47289999-20D4-469F-A864-CAAC77DA6781}","NEAR_FID":7486,"NEAR_DIST":7.0623167195150183}},{"type":"Feature","id":931,"geometry":{"type":"Point","coordinates":[198002.57919999957,1885727.9608999994]},"properties":{"OBJECTID":931,"Asset_ID":"MH931","Name":null,"District_ID":"Dahariz al Shamaliyya","Wlyt_ID":"Salalah","Gov_ID":"Dhofar Governorate","Road_ID":"100418","Mun_ID":" ","Latitude":17.035989749999999,"Longitude":54.163256029999999,"GlobalID":"{E6D80E12-C2C9-4548-B06D-5B7874725D43}","NEAR_FID":7239,"NEAR_DIST":9.1255867436300875}},{"type":"Feature","id":932,"geometry":{"type":"Point","coordinates":[197981.62469999958,1885717.0589000005]},"properties":{"OBJECTID":932,"Asset_ID":"MH932","Name":null,"District_ID":"Dahariz al Shamaliyya","Wlyt_ID":"Salalah","Gov_ID":"Dhofar Governorate","Road_ID":"100124","Mun_ID":" ","Latitude":17.035888570000001,"Longitude":54.163060860000002,"GlobalID":"{535AD06F-F008-4AF7-A892-72A7CBCC7053}","NEAR_FID":4239,"NEAR_DIST":6.1447649412941372}},{"type":"Feature","id":933,"geometry":{"type":"Point","coordinates":[198052.59399999958,1885725.4477999993]},"properties":{"OBJECTID":933,"Asset_ID":"MH933","Name":null,"District_ID":"Dahariz al Shamaliyya","Wlyt_ID":"Salalah","Gov_ID":"Dhofar Governorate","Road_ID":"100418","Mun_ID":" ","Latitude":17.035973609999999,"Longitude":54.163725749999998,"GlobalID":"{83856A75-B63A-44D8-BD1A-5B94ED1BB7F5}","NEAR_FID":7718,"NEAR_DIST":9.2058030027071371}},{"type":"Feature","id":934,"geometry":{"type":"Point","coordinates":[198037.55059999973,1885719.6074000001]},"properties":{"OBJECTID":934,"Asset_ID":"MH934","Name":null,"District_ID":"Dahariz al Shamaliyya","Wlyt_ID":"Salalah","Gov_ID":"Dhofar Governorate","Road_ID":"100124","Mun_ID":" ","Latitude":17.035918909999999,"Longitude":54.16358537,"GlobalID":"{5D6EE246-3F73-4A55-8143-7D8B6B6430AE}","NEAR_FID":4239,"NEAR_DIST":11.153641995291752}},{"type":"Feature","id":935,"geometry":{"type":"Point","coordinates":[198123.24469999969,1885715.8553999998]},"properties":{"OBJECTID":935,"Asset_ID":"MH935","Name":null,"District_ID":"Dahariz al Shamaliyya","Wlyt_ID":"Salalah","Gov_ID":"Dhofar Governorate","Road_ID":"100124","Mun_ID":" ","Latitude":17.035896269999999,"Longitude":54.164390109999999,"GlobalID":"{361812D6-B179-42D5-B278-3DFAFC2612D7}","NEAR_FID":4239,"NEAR_DIST":10.923100569107806}},{"type":"Feature","id":936,"geometry":{"type":"Point","coordinates":[198117.22730000038,1885715.8907999992]},"properties":{"OBJECTID":936,"Asset_ID":"MH936","Name":null,"District_ID":"Dahariz al Shamaliyya","Wlyt_ID":"Salalah","Gov_ID":"Dhofar Governorate","Road_ID":"100124","Mun_ID":" ","Latitude":17.035895799999999,"Longitude":54.164333630000002,"GlobalID":"{971618C5-6FD1-4EAD-9CFD-73D58550125E}","NEAR_FID":4239,"NEAR_DIST":10.717326937903053}},{"type":"Feature","id":937,"geometry":{"type":"Point","coordinates":[198157.68510000035,1885714.2625999991]},"properties":{"OBJECTID":937,"Asset_ID":"MH937","Name":null,"District_ID":"Dahariz al Shamaliyya","Wlyt_ID":"Salalah","Gov_ID":"Dhofar Governorate","Road_ID":"100124","Mun_ID":" ","Latitude":17.035886399999999,"Longitude":54.164713550000002,"GlobalID":"{FE326DCF-6608-420E-A0F2-54B392096537}","NEAR_FID":4239,"NEAR_DIST":10.91823688084852}},{"type":"Feature","id":938,"geometry":{"type":"Point","coordinates":[198152.37569999974,1885720.8109000009]},"properties":{"OBJECTID":938,"Asset_ID":"MH938","Name":null,"District_ID":"Dahariz al Shamaliyya","Wlyt_ID":"Salalah","Gov_ID":"Dhofar Governorate","Road_ID":"100418","Mun_ID":" ","Latitude":17.035944820000001,"Longitude":54.164662829999997,"GlobalID":"{75098175-0FDA-496F-86A6-E172463F41CB}","NEAR_FID":7718,"NEAR_DIST":9.1018413354302901}},{"type":"Feature","id":939,"geometry":{"type":"Point","coordinates":[198197.43499999959,1885712.3511999995]},"properties":{"OBJECTID":939,"Asset_ID":"MH939","Name":null,"District_ID":"Dahariz al Shamaliyya","Wlyt_ID":"Salalah","Gov_ID":"Dhofar Governorate","Road_ID":"100124","Mun_ID":" ","Latitude":17.03587435,"Longitude":54.165086860000002,"GlobalID":"{E21FB3BE-52F4-424C-BFBC-2F78594F0858}","NEAR_FID":4239,"NEAR_DIST":11.03253909874943}},{"type":"Feature","id":940,"geometry":{"type":"Point","coordinates":[198196.90409999993,1885718.8640999999]},"properties":{"OBJECTID":940,"Asset_ID":"MH940","Name":null,"District_ID":"Dahariz al Shamaliyya","Wlyt_ID":"Salalah","Gov_ID":"Dhofar Governorate","Road_ID":"100418","Mun_ID":" ","Latitude":17.03593308,"Longitude":54.16508099,"GlobalID":"{5D5742BD-FDD1-4150-90A8-E1F4F9F90CA8}","NEAR_FID":7718,"NEAR_DIST":9.0522882046399662}},{"type":"Feature","id":941,"geometry":{"type":"Point","coordinates":[198234.99029999971,1885712.5282000005]},"properties":{"OBJECTID":941,"Asset_ID":"MH941","Name":null,"District_ID":"Dahariz al Shamaliyya","Wlyt_ID":"Salalah","Gov_ID":"Dhofar Governorate","Road_ID":"100124","Mun_ID":" ","Latitude":17.03588087,"Longitude":54.165439280000001,"GlobalID":"{45704FDB-F550-4AD1-9D1E-C7CAFBF2A9D2}","NEAR_FID":4239,"NEAR_DIST":13.049054090350527}},{"type":"Feature","id":942,"geometry":{"type":"Point","coordinates":[198249.14879999962,1885711.4662999995]},"properties":{"OBJECTID":942,"Asset_ID":"MH942","Name":null,"District_ID":"Dahariz al Shamaliyya","Wlyt_ID":"Salalah","Gov_ID":"Dhofar Governorate","Road_ID":"100418","Mun_ID":" ","Latitude":17.035873129999999,"Longitude":54.165572300000001,"GlobalID":"{A850846E-D312-4E65-A6BA-CA222D4235A8}","NEAR_FID":10387,"NEAR_DIST":12.537344447865877}},{"type":"Feature","id":943,"geometry":{"type":"Point","coordinates":[198252.40519999992,1885716.2802000009]},"properties":{"OBJECTID":943,"Asset_ID":"MH943","Name":null,"District_ID":"Dahariz al Shamaliyya","Wlyt_ID":"Salalah","Gov_ID":"Dhofar Governorate","Road_ID":"100418","Mun_ID":" ","Latitude":17.035917019999999,"Longitude":54.165602210000003,"GlobalID":"{2C8A1B40-E394-43C2-BE00-9C5504EA0B2C}","NEAR_FID":10387,"NEAR_DIST":7.0829363140046473}},{"type":"Feature","id":944,"geometry":{"type":"Point","coordinates":[198279.58949999977,1885708.4575999994]},"properties":{"OBJECTID":944,"Asset_ID":"MH944","Name":null,"District_ID":"Dahariz al Shamaliyya","Wlyt_ID":"Salalah","Gov_ID":"Dhofar Governorate","Road_ID":"100418","Mun_ID":" ","Latitude":17.03584996,"Longitude":54.165858399999998,"GlobalID":"{6B674E53-2D40-47A9-82A5-0816BAE23865}","NEAR_FID":10387,"NEAR_DIST":6.4304770752771576}},{"type":"Feature","id":945,"geometry":{"type":"Point","coordinates":[198302.20760000031,1885714.0147999991]},"properties":{"OBJECTID":945,"Asset_ID":"MH945","Name":null,"District_ID":"Dahariz al Shamaliyya","Wlyt_ID":"Salalah","Gov_ID":"Dhofar Governorate","Road_ID":"100418","Mun_ID":" ","Latitude":17.035903090000001,"Longitude":54.166069909999997,"GlobalID":"{E44E560A-5566-4ABE-8FB0-F2FFFCCC61E0}","NEAR_FID":6121,"NEAR_DIST":9.2150658791924247}},{"type":"Feature","id":946,"geometry":{"type":"Point","coordinates":[198321.66220000014,1885706.7453000005]},"properties":{"OBJECTID":946,"Asset_ID":"MH946","Name":null,"District_ID":"Dahariz al Shamaliyya","Wlyt_ID":"Salalah","Gov_ID":"Dhofar Governorate","Road_ID":"100124","Mun_ID":" ","Latitude":17.03584,"Longitude":54.166253480000002,"GlobalID":"{6C564EE2-369D-4F74-BAF3-E76C3573345F}","NEAR_FID":8930,"NEAR_DIST":11.303314597748399}},{"type":"Feature","id":947,"geometry":{"type":"Point","coordinates":[198337.2034,1885706.0817000009]},"properties":{"OBJECTID":947,"Asset_ID":"MH947","Name":null,"District_ID":"Dahariz al Shamaliyya","Wlyt_ID":"Salalah","Gov_ID":"Dhofar Governorate","Road_ID":"100124","Mun_ID":" ","Latitude":17.03583605,"Longitude":54.166399419999998,"GlobalID":"{BD18F08F-877D-4ECC-B8BA-D9F9A1326F66}","NEAR_FID":8930,"NEAR_DIST":11.279157768566458}},{"type":"Feature","id":948,"geometry":{"type":"Point","coordinates":[198352.24670000002,1885711.7228999995]},"properties":{"OBJECTID":948,"Asset_ID":"MH948","Name":null,"District_ID":"Dahariz al Shamaliyya","Wlyt_ID":"Salalah","Gov_ID":"Dhofar Governorate","Road_ID":"100418","Mun_ID":" ","Latitude":17.03588895,"Longitude":54.166539829999998,"GlobalID":"{3E37877A-0746-4756-9DDD-DF1495002EE6}","NEAR_FID":6121,"NEAR_DIST":9.3033279727573586}},{"type":"Feature","id":949,"geometry":{"type":"Point","coordinates":[198402.07789999992,1885709.3446999993]},"properties":{"OBJECTID":949,"Asset_ID":"MH949","Name":null,"District_ID":"Dahariz al Shamaliyya","Wlyt_ID":"Salalah","Gov_ID":"Dhofar Governorate","Road_ID":"100418","Mun_ID":" ","Latitude":17.035874,"Longitude":54.167007820000002,"GlobalID":"{3E67B011-EE1B-42F1-A146-F72CBD1AFC95}","NEAR_FID":6121,"NEAR_DIST":9.486952858556414}},{"type":"Feature","id":950,"geometry":{"type":"Point","coordinates":[198439.7416000003,1885701.3253000006]},"properties":{"OBJECTID":950,"Asset_ID":"MH950","Name":null,"District_ID":"Dahariz al Shamaliyya","Wlyt_ID":"Salalah","Gov_ID":"Dhofar Governorate","Road_ID":"100124","Mun_ID":" ","Latitude":17.035806529999999,"Longitude":54.16736238,"GlobalID":"{E08970AB-DB6D-4B7F-8507-025F8CE21D50}","NEAR_FID":9072,"NEAR_DIST":11.281861086536763}},{"type":"Feature","id":951,"geometry":{"type":"Point","coordinates":[198454.95089999959,1885700.6615999993]},"properties":{"OBJECTID":951,"Asset_ID":"MH951","Name":null,"District_ID":"Dahariz al Shamaliyya","Wlyt_ID":"Salalah","Gov_ID":"Dhofar Governorate","Road_ID":"100124","Mun_ID":" ","Latitude":17.035802530000002,"Longitude":54.167505210000002,"GlobalID":"{86CF985C-69D1-4314-BE23-E96B1544C3FE}","NEAR_FID":9072,"NEAR_DIST":11.399017480416882}},{"type":"Feature","id":952,"geometry":{"type":"Point","coordinates":[198477.23940000031,1885702.4867000002]},"properties":{"OBJECTID":952,"Asset_ID":"MH952","Name":null,"District_ID":"Dahariz al Shamaliyya","Wlyt_ID":"Salalah","Gov_ID":"Dhofar Governorate","Road_ID":"100418","Mun_ID":" ","Latitude":17.03582192,"Longitude":54.167714140000001,"GlobalID":"{3B7C2B3F-227B-4C0B-ACDE-055169CF84D0}","NEAR_FID":19114,"NEAR_DIST":5.8866353968012985}},{"type":"Feature","id":953,"geometry":{"type":"Point","coordinates":[198489.95990000013,1885701.2147000004]},"properties":{"OBJECTID":953,"Asset_ID":"MH953","Name":null,"District_ID":"Dahariz al Shamaliyya","Wlyt_ID":"Salalah","Gov_ID":"Dhofar Governorate","Road_ID":"100418","Mun_ID":" ","Latitude":17.035812100000001,"Longitude":54.167833690000002,"GlobalID":"{FFE35473-583B-4FA1-B4DE-5063125E62A0}","NEAR_FID":19114,"NEAR_DIST":3.2861816808347402}},{"type":"Feature","id":954,"geometry":{"type":"Point","coordinates":[198490.01520000026,1885692.8633999992]},"properties":{"OBJECTID":954,"Asset_ID":"MH954","Name":null,"District_ID":"Dahariz al Shamaliyya","Wlyt_ID":"Salalah","Gov_ID":"Dhofar Governorate","Road_ID":"100124","Mun_ID":" ","Latitude":17.035736709999998,"Longitude":54.167835349999997,"GlobalID":"{0D9EA291-FBE6-4AB8-8D36-D7CB5D060BF8}","NEAR_FID":10602,"NEAR_DIST":5.4093284658786658}},{"type":"Feature","id":955,"geometry":{"type":"Point","coordinates":[198518.27680000011,1885697.7857000008]},"properties":{"OBJECTID":955,"Asset_ID":"MH955","Name":null,"District_ID":"Dahariz al Shamaliyya","Wlyt_ID":"Salalah","Gov_ID":"Dhofar Governorate","Road_ID":"100124","Mun_ID":" ","Latitude":17.035784849999999,"Longitude":54.168099910000002,"GlobalID":"{229C2A4D-BE38-4FDF-9560-688230D33AEE}","NEAR_FID":10602,"NEAR_DIST":11.715169498478934}},{"type":"Feature","id":956,"geometry":{"type":"Point","coordinates":[198531.55040000007,1885692.0890999995]},"properties":{"OBJECTID":956,"Asset_ID":"MH956","Name":null,"District_ID":"Dahariz al Shamaliyya","Wlyt_ID":"Salalah","Gov_ID":"Dhofar Governorate","Road_ID":"100124","Mun_ID":" ","Latitude":17.035735150000001,"Longitude":54.16822526,"GlobalID":"{BBF73F52-2171-4B0D-AB2E-D566464F24A7}","NEAR_FID":10602,"NEAR_DIST":6.6075481877377928}},{"type":"Feature","id":957,"geometry":{"type":"Point","coordinates":[198529.61459999997,1885692.2550000008]},"properties":{"OBJECTID":957,"Asset_ID":"MH957","Name":null,"District_ID":"Dahariz al Shamaliyya","Wlyt_ID":"Salalah","Gov_ID":"Dhofar Governorate","Road_ID":"100124","Mun_ID":" ","Latitude":17.035736400000001,"Longitude":54.168207070000001,"GlobalID":"{771CB2CD-EBBD-47D1-8952-2B5A0141A21B}","NEAR_FID":10602,"NEAR_DIST":6.6881951753674267}},{"type":"Feature","id":958,"geometry":{"type":"Point","coordinates":[198557.93159999978,1885695.7392999995]},"properties":{"OBJECTID":958,"Asset_ID":"MH958","Name":null,"District_ID":"Dahariz al Shamaliyya","Wlyt_ID":"Salalah","Gov_ID":"Dhofar Governorate","Road_ID":"100124","Mun_ID":" ","Latitude":17.035771560000001,"Longitude":54.168472350000002,"GlobalID":"{132410E5-85F5-4E28-BA6D-6E5971B8E14F}","NEAR_FID":10602,"NEAR_DIST":11.413867818430871}},{"type":"Feature","id":959,"geometry":{"type":"Point","coordinates":[198598.13939999975,1885693.8588999994]},"properties":{"OBJECTID":959,"Asset_ID":"MH959","Name":null,"District_ID":"Dahariz al Shamaliyya","Wlyt_ID":"Salalah","Gov_ID":"Dhofar Governorate","Road_ID":"100124","Mun_ID":" ","Latitude":17.035759840000001,"Longitude":54.168849950000002,"GlobalID":"{91CCC6A7-1568-4D22-9BE7-AC6329219230}","NEAR_FID":10602,"NEAR_DIST":11.335202073967359}},{"type":"Feature","id":960,"geometry":{"type":"Point","coordinates":[198638.12600000016,1885691.9784999993]},"properties":{"OBJECTID":960,"Asset_ID":"MH960","Name":null,"District_ID":"Dahariz al Shamaliyya","Wlyt_ID":"Salalah","Gov_ID":"Dhofar Governorate","Road_ID":"100124","Mun_ID":" ","Latitude":17.035748099999999,"Longitude":54.169225480000001,"GlobalID":"{A1B05C30-8FBF-497F-B2A7-B54CB0E62F45}","NEAR_FID":10602,"NEAR_DIST":11.365181363803664}},{"type":"Feature","id":961,"geometry":{"type":"Point","coordinates":[198678.05730000045,1885689.9875000007]},"properties":{"OBJECTID":961,"Asset_ID":"MH961","Name":null,"District_ID":"Dahariz al Shamaliyya","Wlyt_ID":"Salalah","Gov_ID":"Dhofar Governorate","Road_ID":"100124","Mun_ID":" ","Latitude":17.035735339999999,"Longitude":54.169600500000001,"GlobalID":"{0537233A-57D1-4EA2-9C33-70310B18C00F}","NEAR_FID":10602,"NEAR_DIST":11.239149350802569}},{"type":"Feature","id":962,"geometry":{"type":"Point","coordinates":[198717.93319999985,1885688.1623999998]},"properties":{"OBJECTID":962,"Asset_ID":"MH962","Name":null,"District_ID":"Dahariz al Shamaliyya","Wlyt_ID":"Salalah","Gov_ID":"Dhofar Governorate","Road_ID":"100124","Mun_ID":" ","Latitude":17.035724080000001,"Longitude":54.169974979999999,"GlobalID":"{432EDB96-6260-4296-A115-E639CE683410}","NEAR_FID":10602,"NEAR_DIST":11.248633568984408}},{"type":"Feature","id":963,"geometry":{"type":"Point","coordinates":[198757.42210000008,1885686.1712999996]},"properties":{"OBJECTID":963,"Asset_ID":"MH963","Name":null,"District_ID":"Dahariz al Shamaliyya","Wlyt_ID":"Salalah","Gov_ID":"Dhofar Governorate","Road_ID":"100124","Mun_ID":" ","Latitude":17.03571127,"Longitude":54.170345849999997,"GlobalID":"{A1F3427B-C331-451F-AA27-F5D55171E416}","NEAR_FID":10602,"NEAR_DIST":11.30361698385007}},{"type":"Feature","id":964,"geometry":{"type":"Point","coordinates":[198757.91980000027,1885693.1952999998]},"properties":{"OBJECTID":964,"Asset_ID":"MH964","Name":null,"District_ID":"Dahariz al Shamaliyya","Wlyt_ID":"Salalah","Gov_ID":"Dhofar Governorate","Road_ID":"100418","Mun_ID":" ","Latitude":17.035774750000002,"Longitude":54.170349569999999,"GlobalID":"{ADE6A008-6B80-419B-8254-B6B5FE8B434F}","NEAR_FID":4965,"NEAR_DIST":8.4182614604353105}},{"type":"Feature","id":965,"geometry":{"type":"Point","coordinates":[198777.11120000016,1885690.9276999999]},"properties":{"OBJECTID":965,"Asset_ID":"MH965","Name":null,"District_ID":"Dahariz al Shamaliyya","Wlyt_ID":"Salalah","Gov_ID":"Dhofar Governorate","Road_ID":"100418","Mun_ID":" ","Latitude":17.03575678,"Longitude":54.170529989999999,"GlobalID":"{923774B4-B6A3-44C5-ACF5-2A7D311E9234}","NEAR_FID":17644,"NEAR_DIST":8.0678782555546391}},{"type":"Feature","id":966,"geometry":{"type":"Point","coordinates":[198851.27720000036,1885683.0188999996]},"properties":{"OBJECTID":966,"Asset_ID":"MH966","Name":null,"District_ID":"Dahariz al Shamaliyya","Wlyt_ID":"Salalah","Gov_ID":"Dhofar Governorate","Road_ID":"100418","Mun_ID":" ","Latitude":17.035695069999999,"Longitude":54.171227100000003,"GlobalID":"{898F3A77-E759-4803-8AB9-8D55C7293A7F}","NEAR_FID":17644,"NEAR_DIST":3.7935995779570924}},{"type":"Feature","id":967,"geometry":{"type":"Point","coordinates":[198884.8367999997,1885664.0155999996]},"properties":{"OBJECTID":967,"Asset_ID":"MH967","Name":null,"District_ID":"Dahariz al Shamaliyya","Wlyt_ID":"Salalah","Gov_ID":"Dhofar Governorate","Road_ID":"100418","Mun_ID":" ","Latitude":17.035527890000001,"Longitude":54.17154464,"GlobalID":"{F77192EC-FBCD-4189-B178-F142277C9E8B}","NEAR_FID":17644,"NEAR_DIST":3.9154987725461736}},{"type":"Feature","id":968,"geometry":{"type":"Point","coordinates":[190366.56699999981,1883525.3644999992]},"properties":{"OBJECTID":968,"Asset_ID":"MH968","Name":null,"District_ID":"Salalah al Wousta","Wlyt_ID":"Salalah","Gov_ID":"Dhofar Governorate","Road_ID":"103812","Mun_ID":"M94","Latitude":17.01509167,"Longitude":54.091902740000002,"GlobalID":"{76A5C003-8977-462F-87CD-8267D7224536}","NEAR_FID":14868,"NEAR_DIST":12.026340381267714}},{"type":"Feature","id":969,"geometry":{"type":"Point","coordinates":[190385.09329999983,1883533.4276999999]},"properties":{"OBJECTID":969,"Asset_ID":"MH969","Name":null,"District_ID":"Salalah al Wousta","Wlyt_ID":"Salalah","Gov_ID":"Dhofar Governorate","Road_ID":"103812","Mun_ID":"M95","Latitude":17.015166950000001,"Longitude":54.092075450000003,"GlobalID":"{F08EA330-3E09-4F49-A0ED-17D1EC9CAC85}","NEAR_FID":14868,"NEAR_DIST":12.13737051154067}},{"type":"Feature","id":970,"geometry":{"type":"Point","coordinates":[190317.31390000042,1883506.7192000002]},"properties":{"OBJECTID":970,"Asset_ID":"MH970","Name":null,"District_ID":"Salalah al Wousta","Wlyt_ID":"Salalah","Gov_ID":"Dhofar Governorate","Road_ID":"104523","Mun_ID":" ","Latitude":17.01491674,"Longitude":54.091443179999999,"GlobalID":"{0691FF51-40AE-4D41-8A20-C3F30CCF6362}","NEAR_FID":15475,"NEAR_DIST":9.096781156614977}},{"type":"Feature","id":971,"geometry":{"type":"Point","coordinates":[190325.44649999961,1883509.4149999991]},"properties":{"OBJECTID":971,"Asset_ID":"MH971","Name":null,"District_ID":"Salalah al Wousta","Wlyt_ID":"Salalah","Gov_ID":"Dhofar Governorate","Road_ID":"103812","Mun_ID":"M93","Latitude":17.01494216,"Longitude":54.091519120000001,"GlobalID":"{DF872312-B66A-4D52-9894-9FA411DF357B}","NEAR_FID":14868,"NEAR_DIST":10.65402736877061}},{"type":"Feature","id":972,"geometry":{"type":"Point","coordinates":[190224.97269999981,1883470.1392000001]},"properties":{"OBJECTID":972,"Asset_ID":"MH972","Name":null,"District_ID":"Salalah al Wousta","Wlyt_ID":"Salalah","Gov_ID":"Dhofar Governorate","Road_ID":"103812","Mun_ID":"M89","Latitude":17.014574100000001,"Longitude":54.090581829999998,"GlobalID":"{9BD48108-B891-4922-93B7-AB51FF7E8F4A}","NEAR_FID":10335,"NEAR_DIST":10.209713502464615}},{"type":"Feature","id":973,"geometry":{"type":"Point","coordinates":[190177.17300000042,1883452.5008000005]},"properties":{"OBJECTID":973,"Asset_ID":"MH973","Name":null,"District_ID":"Salalah al Wousta","Wlyt_ID":"Salalah","Gov_ID":"Dhofar Governorate","Road_ID":"103812","Mun_ID":"M88","Latitude":17.014408450000001,"Longitude":54.090135779999997,"GlobalID":"{3037A68B-FDC8-4EC2-9DC3-AC9D165019AD}","NEAR_FID":10335,"NEAR_DIST":10.609988648034586}},{"type":"Feature","id":974,"geometry":{"type":"Point","coordinates":[190155.29069999978,1883437.2304999996]},"properties":{"OBJECTID":974,"Asset_ID":"MH974","Name":null,"District_ID":"Salalah al Wousta","Wlyt_ID":"Salalah","Gov_ID":"Dhofar Governorate","Road_ID":"104455","Mun_ID":"M87","Latitude":17.014267650000001,"Longitude":54.089932580000003,"GlobalID":"{7CAA3EDE-D498-48C4-AD9F-857EC354435E}","NEAR_FID":15460,"NEAR_DIST":2.5925390470216589}},{"type":"Feature","id":975,"geometry":{"type":"Point","coordinates":[189748.95600000024,1883094.2909999993]},"properties":{"OBJECTID":975,"Asset_ID":"MH975","Name":null,"District_ID":"Salalah al Gharbiyya","Wlyt_ID":"Salalah","Gov_ID":"Dhofar Governorate","Road_ID":"104561","Mun_ID":"M01","Latitude":17.011117070000001,"Longitude":54.086167789999998,"GlobalID":"{27AC9855-2F6B-4B17-9304-47015F83716A}","NEAR_FID":7315,"NEAR_DIST":10.255222098053089}},{"type":"Feature","id":976,"geometry":{"type":"Point","coordinates":[189458.23579999991,1883229.4637000002]},"properties":{"OBJECTID":976,"Asset_ID":"MH976","Name":null,"District_ID":"Salalah al Gharbiyya","Wlyt_ID":"Salalah","Gov_ID":"Dhofar Governorate","Road_ID":"104466","Mun_ID":"M72","Latitude":17.012298269999999,"Longitude":54.083421049999998,"GlobalID":"{15E25A70-7022-4C78-A220-5BD803C17AF9}","NEAR_FID":7195,"NEAR_DIST":5.2929735228378938}},{"type":"Feature","id":977,"geometry":{"type":"Point","coordinates":[189316.65869999956,1883175.7316999994]},"properties":{"OBJECTID":977,"Asset_ID":"MH977","Name":null,"District_ID":"Salalah al Gharbiyya","Wlyt_ID":"Salalah","Gov_ID":"Dhofar Governorate","Road_ID":"103812","Mun_ID":" ","Latitude":17.011794139999999,"Longitude":54.082100150000002,"GlobalID":"{EFB8DF8C-7B10-4878-8F1A-1E164B4DBF7F}","NEAR_FID":13285,"NEAR_DIST":15.178538547867683}},{"type":"Feature","id":978,"geometry":{"type":"Point","coordinates":[189256.85670000035,1883161.5733000003]},"properties":{"OBJECTID":978,"Asset_ID":"MH978","Name":null,"District_ID":"Salalah al Gharbiyya","Wlyt_ID":"Salalah","Gov_ID":"Dhofar Governorate","Road_ID":"104465","Mun_ID":"M65","Latitude":17.011658270000002,"Longitude":54.081541010000002,"GlobalID":"{2D7F8291-8D4B-4749-B7ED-B1545A8A539B}","NEAR_FID":11748,"NEAR_DIST":7.1491069452985423}},{"type":"Feature","id":979,"geometry":{"type":"Point","coordinates":[189164.22640000004,1883135.9963000007]},"properties":{"OBJECTID":979,"Asset_ID":"MH979","Name":null,"District_ID":"Salalah al Gharbiyya","Wlyt_ID":"Salalah","Gov_ID":"Dhofar Governorate","Road_ID":"103812","Mun_ID":"M63","Latitude":17.011414890000001,"Longitude":54.08067544,"GlobalID":"{07862065-D053-49CD-9042-A93A257D9445}","NEAR_FID":11069,"NEAR_DIST":8.9654542410358253}},{"type":"Feature","id":980,"geometry":{"type":"Point","coordinates":[188988.23830000032,1883080.6864999998]},"properties":{"OBJECTID":980,"Asset_ID":"MH980","Name":null,"District_ID":"Salalah al Gharbiyya","Wlyt_ID":"Salalah","Gov_ID":"Dhofar Governorate","Road_ID":"103812","Mun_ID":"M59","Latitude":17.010891860000001,"Longitude":54.079031890000003,"GlobalID":"{4D2A472A-482A-485B-AE5C-3788A91A3F9A}","NEAR_FID":17027,"NEAR_DIST":0.97099215395625349}},{"type":"Feature","id":981,"geometry":{"type":"Point","coordinates":[188939.85059999954,1883068.2229999993]},"properties":{"OBJECTID":981,"Asset_ID":"MH981","Name":null,"District_ID":"Salalah al Gharbiyya","Wlyt_ID":"Salalah","Gov_ID":"Dhofar Governorate","Road_ID":"103812","Mun_ID":"M58","Latitude":17.01077282,"Longitude":54.078579619999999,"GlobalID":"{B009C68A-53AF-443D-A980-E7D974F9A1CA}","NEAR_FID":7945,"NEAR_DIST":0.76198683295068392}},{"type":"Feature","id":982,"geometry":{"type":"Point","coordinates":[188896.1986999996,1883055.6458999999]},"properties":{"OBJECTID":982,"Asset_ID":"MH982","Name":null,"District_ID":"Salalah al Gharbiyya","Wlyt_ID":"Salalah","Gov_ID":"Dhofar Governorate","Road_ID":"103812","Mun_ID":"M57","Latitude":17.010653390000002,"Longitude":54.0781718,"GlobalID":"{37A3578A-DC2D-4F2A-AB79-473F9EE5B0F8}","NEAR_FID":7945,"NEAR_DIST":0.79079867769254031}},{"type":"Feature","id":983,"geometry":{"type":"Point","coordinates":[188708.46109999996,1883000.1723999996]},"properties":{"OBJECTID":983,"Asset_ID":"MH983","Name":null,"District_ID":"Salalah al Gharbiyya","Wlyt_ID":"Salalah","Gov_ID":"Dhofar Governorate","Road_ID":"103812","Mun_ID":"M53","Latitude":17.010127279999999,"Longitude":54.076418050000001,"GlobalID":"{C310F70D-FB38-45C2-B15E-6031500555B1}","NEAR_FID":18280,"NEAR_DIST":7.4163870778524918}},{"type":"Feature","id":984,"geometry":{"type":"Point","coordinates":[188659.5915000001,1882984.0017000008]},"properties":{"OBJECTID":984,"Asset_ID":"MH984","Name":null,"District_ID":"Salalah al Gharbiyya","Wlyt_ID":"Salalah","Gov_ID":"Dhofar Governorate","Road_ID":"103812","Mun_ID":"M52","Latitude":17.009974700000001,"Longitude":54.07596178,"GlobalID":"{C132533B-37C1-4435-B867-9D62CC8644A4}","NEAR_FID":18280,"NEAR_DIST":7.7353032238002939}},{"type":"Feature","id":985,"geometry":{"type":"Point","coordinates":[188608.28139999975,1882968.0877]},"properties":{"OBJECTID":985,"Asset_ID":"MH985","Name":null,"District_ID":"Salalah al Gharbiyya","Wlyt_ID":"Salalah","Gov_ID":"Dhofar Governorate","Road_ID":"103812","Mun_ID":"M51","Latitude":17.00982411,"Longitude":54.075482569999998,"GlobalID":"{E3037F91-F8C9-4CE5-A3C7-B9E857012F8A}","NEAR_FID":18280,"NEAR_DIST":6.7728875602753913}},{"type":"Feature","id":986,"geometry":{"type":"Point","coordinates":[188566.23570000008,1882953.182]},"properties":{"OBJECTID":986,"Asset_ID":"MH986","Name":null,"District_ID":"Salalah al Gharbiyya","Wlyt_ID":"Salalah","Gov_ID":"Dhofar Governorate","Road_ID":"103812","Mun_ID":"M50","Latitude":17.009683880000001,"Longitude":54.075090150000001,"GlobalID":"{BC704A2F-01FA-4892-99D6-DDE08F4DACE0}","NEAR_FID":19058,"NEAR_DIST":6.4672130034887587}},{"type":"Feature","id":987,"geometry":{"type":"Point","coordinates":[188002.09389999975,1882744.9099000003]},"properties":{"OBJECTID":987,"Asset_ID":"MH987","Name":null,"District_ID":"Salalah al Gharbiyya","Wlyt_ID":"Salalah","Gov_ID":"Dhofar Governorate","Road_ID":"103824","Mun_ID":"M38","Latitude":17.00772748,"Longitude":54.069826169999999,"GlobalID":"{E40BCDB2-AA15-480E-8DEB-518CCD81B976}","NEAR_FID":4903,"NEAR_DIST":8.971532486281605}},{"type":"Feature","id":988,"geometry":{"type":"Point","coordinates":[187964.08210000023,1882736.7172999997]},"properties":{"OBJECTID":988,"Asset_ID":"MH988","Name":null,"District_ID":"Salalah al Gharbiyya","Wlyt_ID":"Salalah","Gov_ID":"Dhofar Governorate","Road_ID":"103824","Mun_ID":"M37","Latitude":17.007648379999999,"Longitude":54.06947066,"GlobalID":"{E35B4637-26C3-44C1-8525-609A1929BE8A}","NEAR_FID":4903,"NEAR_DIST":8.4716986556951284}},{"type":"Feature","id":989,"geometry":{"type":"Point","coordinates":[187932.28029999975,1882721.0606999993]},"properties":{"OBJECTID":989,"Asset_ID":"MH989","Name":null,"District_ID":"Salalah al Gharbiyya","Wlyt_ID":"Salalah","Gov_ID":"Dhofar Governorate","Road_ID":"103824","Mun_ID":"M22","Latitude":17.00750274,"Longitude":54.069174480000001,"GlobalID":"{7C001EFC-ED15-4033-B20C-FBA3ED5C422A}","NEAR_FID":4903,"NEAR_DIST":1.7087381602821403}},{"type":"Feature","id":990,"geometry":{"type":"Point","coordinates":[190463.14529999997,1883739.8226999994]},"properties":{"OBJECTID":990,"Asset_ID":"MH990","Name":null,"District_ID":"Markaz al Madena","Wlyt_ID":"Salalah","Gov_ID":"Dhofar Governorate","Road_ID":"104387","Mun_ID":"M18","Latitude":17.017040720000001,"Longitude":54.092779049999997,"GlobalID":"{C396D315-2750-4833-A8F6-A0435519C0C0}","NEAR_FID":17295,"NEAR_DIST":7.6778311817006726}},{"type":"Feature","id":991,"geometry":{"type":"Point","coordinates":[190453.47449999955,1883789.6480999999]},"properties":{"OBJECTID":991,"Asset_ID":"MH991","Name":null,"District_ID":"Markaz al Madena","Wlyt_ID":"Salalah","Gov_ID":"Dhofar Governorate","Road_ID":"104387","Mun_ID":"M17","Latitude":17.01748924,"Longitude":54.09268136,"GlobalID":"{EC3CF1C3-6541-45AA-8E24-2F9EA28266E5}","NEAR_FID":17295,"NEAR_DIST":8.44661102958157}},{"type":"Feature","id":992,"geometry":{"type":"Point","coordinates":[190441.33750000037,1883843.4305000007]},"properties":{"OBJECTID":992,"Asset_ID":"MH992","Name":null,"District_ID":"Markaz al Madena","Wlyt_ID":"Salalah","Gov_ID":"Dhofar Governorate","Road_ID":"104001","Mun_ID":"M16","Latitude":17.01797315,"Longitude":54.092559970000003,"GlobalID":"{BE6F0547-28EE-40D7-864C-9B1D26E1D327}","NEAR_FID":14514,"NEAR_DIST":5.8746223359254008}},{"type":"Feature","id":993,"geometry":{"type":"Point","coordinates":[190382.57610000018,1884137.9999000002]},"properties":{"OBJECTID":993,"Asset_ID":"MH993","Name":null,"District_ID":"Markaz al Madena","Wlyt_ID":"Salalah","Gov_ID":"Dhofar Governorate","Road_ID":"104387","Mun_ID":"M10","Latitude":17.020624590000001,"Longitude":54.091967490000002,"GlobalID":"{A37C72FD-1C9C-4103-A228-073843788DCB}","NEAR_FID":12092,"NEAR_DIST":8.058197891958029}},{"type":"Feature","id":994,"geometry":{"type":"Point","coordinates":[190320.24839999992,1884471.1111999992]},"properties":{"OBJECTID":994,"Asset_ID":"MH994","Name":null,"District_ID":"Markaz al Madena","Wlyt_ID":"Salalah","Gov_ID":"Dhofar Governorate","Road_ID":"104387","Mun_ID":"M1","Latitude":17.023623489999999,"Longitude":54.091336140000003,"GlobalID":"{C85BFC96-2D13-481C-802F-1CA00CBC9B46}","NEAR_FID":4308,"NEAR_DIST":9.7661493568927487}},{"type":"Feature","id":995,"geometry":{"type":"Point","coordinates":[189575.83930000011,1884150.5305000003]},"properties":{"OBJECTID":995,"Asset_ID":"MH995","Name":null,"District_ID":"Salalah al Jadida","Wlyt_ID":"Salalah","Gov_ID":"Dhofar Governorate","Road_ID":"104268","Mun_ID":"M30","Latitude":17.020629270000001,"Longitude":54.084395720000003,"GlobalID":"{F702156E-8C90-41F9-BD4F-ADD15BCBA0C6}","NEAR_FID":4353,"NEAR_DIST":5.2506446034777552}},{"type":"Feature","id":996,"geometry":{"type":"Point","coordinates":[189578.99739999976,1884119.3277000003]},"properties":{"OBJECTID":996,"Asset_ID":"MH996","Name":null,"District_ID":"Salalah al Jadida","Wlyt_ID":"Salalah","Gov_ID":"Dhofar Governorate","Road_ID":"104189","Mun_ID":"M29","Latitude":17.020348009999999,"Longitude":54.084429720000003,"GlobalID":"{57F8C4B2-0421-4695-B45E-88FECD4BCBC9}","NEAR_FID":6999,"NEAR_DIST":9.5457901030510897}},{"type":"Feature","id":997,"geometry":{"type":"Point","coordinates":[189606.47549999971,1883860.8413999993]},"properties":{"OBJECTID":997,"Asset_ID":"MH997","Name":null,"District_ID":"Salalah al Jadida","Wlyt_ID":"Salalah","Gov_ID":"Dhofar Governorate","Road_ID":"104189","Mun_ID":"M22","Latitude":17.01801815,"Longitude":54.084723709999999,"GlobalID":"{C35D90CC-AF94-491A-BCBC-545928E63944}","NEAR_FID":11724,"NEAR_DIST":8.4426141888774247}},{"type":"Feature","id":998,"geometry":{"type":"Point","coordinates":[189641.68030000012,1883799.9027999993]},"properties":{"OBJECTID":998,"Asset_ID":"MH998","Name":null,"District_ID":"Salalah al Jadida","Wlyt_ID":"Salalah","Gov_ID":"Dhofar Governorate","Road_ID":"104187","Mun_ID":"M20","Latitude":17.01747275,"Longitude":54.085062569999998,"GlobalID":"{B81CA428-7F18-4656-8AC9-6968A4C26672}","NEAR_FID":12474,"NEAR_DIST":12.092141274847204}},{"type":"Feature","id":999,"geometry":{"type":"Point","coordinates":[189618.91569999978,1883741.0873000007]},"properties":{"OBJECTID":999,"Asset_ID":"MH999","Name":null,"District_ID":"Salalah al Jadida","Wlyt_ID":"Salalah","Gov_ID":"Dhofar Governorate","Road_ID":"104189","Mun_ID":"M18","Latitude":17.016938710000002,"Longitude":54.084857190000001,"GlobalID":"{0CB3E1FE-DCDE-4B83-81DD-C78F12AD2F1B}","NEAR_FID":12568,"NEAR_DIST":6.1220249924396137}},{"type":"Feature","id":1000,"geometry":{"type":"Point","coordinates":[189627.96210000012,1883710.8049999997]},"properties":{"OBJECTID":1000,"Asset_ID":"MH1000","Name":null,"District_ID":"Salalah al Jadida","Wlyt_ID":"Salalah","Gov_ID":"Dhofar Governorate","Road_ID":"104189","Mun_ID":"M17","Latitude":17.01666655,"Longitude":54.084946309999999,"GlobalID":"{4DB01A74-8CBB-430A-8AFF-D7B9310C8D3B}","NEAR_FID":9981,"NEAR_DIST":8.1368835037441869}},{"type":"Feature","id":1001,"geometry":{"type":"Point","coordinates":[189634.99650000036,1883669.4469000008]},"properties":{"OBJECTID":1001,"Asset_ID":"MH1001","Name":null,"District_ID":"Salalah al Jadida","Wlyt_ID":"Salalah","Gov_ID":"Dhofar Governorate","Road_ID":"104189","Mun_ID":"M16","Latitude":17.016294120000001,"Longitude":54.085018099999999,"GlobalID":"{6DBCA061-78E3-4850-881B-ED8790B8F87E}","NEAR_FID":9981,"NEAR_DIST":8.6758120890486783}},{"type":"Feature","id":1002,"geometry":{"type":"Point","coordinates":[189641.27130000014,1883632.7482999992]},"properties":{"OBJECTID":1002,"Asset_ID":"MH1002","Name":null,"District_ID":"Salalah al Jadida","Wlyt_ID":"Salalah","Gov_ID":"Dhofar Governorate","Road_ID":"104189","Mun_ID":"M15","Latitude":17.015963660000001,"Longitude":54.085082110000002,"GlobalID":"{5D285B11-9CDB-4A98-B684-B427851DAE81}","NEAR_FID":9981,"NEAR_DIST":8.9978101804742874}},{"type":"Feature","id":1003,"geometry":{"type":"Point","coordinates":[189661.3331000004,1883511.0361000001]},"properties":{"OBJECTID":1003,"Asset_ID":"MH1003","Name":null,"District_ID":"Salalah al Jadida","Wlyt_ID":"Salalah","Gov_ID":"Dhofar Governorate","Road_ID":"104217","Mun_ID":"M12","Latitude":17.01486757,"Longitude":54.085287370000003,"GlobalID":"{933F098B-C35C-490F-ABA9-2DF357AE2A8D}","NEAR_FID":7616,"NEAR_DIST":6.2700895495097111}},{"type":"Feature","id":1004,"geometry":{"type":"Point","coordinates":[189694.04609999992,1883302.3596000001]},"properties":{"OBJECTID":1004,"Asset_ID":"MH1004","Name":null,"District_ID":"Salalah al Gharbiyya","Wlyt_ID":"Salalah","Gov_ID":"Dhofar Governorate","Road_ID":"103812","Mun_ID":"M06","Latitude":17.01298808,"Longitude":54.085623490000003,"GlobalID":"{CCDCF3F6-408F-42B2-B5F0-45AA2E2F833D}","NEAR_FID":11214,"NEAR_DIST":10.165024583825279}},{"type":"Feature","id":1005,"geometry":{"type":"Point","coordinates":[189363.45150000043,1883196.4482000005]},"properties":{"OBJECTID":1005,"Asset_ID":"MH1005","Name":null,"District_ID":"Salalah al Gharbiyya","Wlyt_ID":"Salalah","Gov_ID":"Dhofar Governorate","Road_ID":"103812","Mun_ID":"M70","Latitude":17.01198746,"Longitude":54.082536310000002,"GlobalID":"{69748B31-26BD-414D-A918-4EF0AC50E063}","NEAR_FID":13285,"NEAR_DIST":9.8741264076257504}},{"type":"Feature","id":1006,"geometry":{"type":"Point","coordinates":[187886.48369999975,1882687.2971999999]},"properties":{"OBJECTID":1006,"Asset_ID":"MH1006","Name":null,"District_ID":"Salalah al Gharbiyya","Wlyt_ID":"Salalah","Gov_ID":"Dhofar Governorate","Road_ID":"104447","Mun_ID":"M23","Latitude":17.00719174,"Longitude":54.068749529999998,"GlobalID":"{D4AD7DD0-AE63-40F1-9A15-FE94601EB754}","NEAR_FID":12323,"NEAR_DIST":8.239362417102539}},{"type":"Feature","id":1007,"geometry":{"type":"Point","coordinates":[187524.73429999966,1882617.7425999995]},"properties":{"OBJECTID":1007,"Asset_ID":"MH1007","Name":null,"District_ID":"al Wadi","Wlyt_ID":"Salalah","Gov_ID":"Dhofar Governorate","Road_ID":"103812","Mun_ID":"M14","Latitude":17.006514889999998,"Longitude":54.065365139999997,"GlobalID":"{1DDBC6AF-7136-4DFF-B1FC-A0B04FE96CE5}","NEAR_FID":18089,"NEAR_DIST":0.056888884466159785}},{"type":"Feature","id":1008,"geometry":{"type":"Point","coordinates":[187472.95309999958,1882601.9899000004]},"properties":{"OBJECTID":1008,"Asset_ID":"MH1008","Name":null,"District_ID":"al Wadi","Wlyt_ID":"Salalah","Gov_ID":"Dhofar Governorate","Road_ID":"103812","Mun_ID":"M13","Latitude":17.006365670000001,"Longitude":54.064881509999999,"GlobalID":"{08D10D29-D1BD-4180-88E0-80B79922F12E}","NEAR_FID":13902,"NEAR_DIST":1.006358769648223}},{"type":"Feature","id":1009,"geometry":{"type":"Point","coordinates":[187425.21669999976,1882587.8517000005]},"properties":{"OBJECTID":1009,"Asset_ID":"MH1009","Name":null,"District_ID":"al Wadi","Wlyt_ID":"Salalah","Gov_ID":"Dhofar Governorate","Road_ID":"103812","Mun_ID":"M12","Latitude":17.006231570000001,"Longitude":54.064435609999997,"GlobalID":"{BE627FB6-0D2A-4DAE-A2D5-56176FA6C5FB}","NEAR_FID":18618,"NEAR_DIST":0.84148455011943568}},{"type":"Feature","id":1010,"geometry":{"type":"Point","coordinates":[187377.31149999984,1882573.7135000005]},"properties":{"OBJECTID":1010,"Asset_ID":"MH1010","Name":null,"District_ID":"al Wadi","Wlyt_ID":"Salalah","Gov_ID":"Dhofar Governorate","Road_ID":"103812","Mun_ID":"M11","Latitude":17.006097449999999,"Longitude":54.063988129999998,"GlobalID":"{2B53F426-6A4E-44AA-A58A-574A36B3B876}","NEAR_FID":16479,"NEAR_DIST":1.0228502000120065}},{"type":"Feature","id":1011,"geometry":{"type":"Point","coordinates":[187329.2265999997,1882559.5111999996]},"properties":{"OBJECTID":1011,"Asset_ID":"MH1011","Name":null,"District_ID":"al Wadi","Wlyt_ID":"Salalah","Gov_ID":"Dhofar Governorate","Road_ID":"103812","Mun_ID":"M10","Latitude":17.005962719999999,"Longitude":54.063538970000003,"GlobalID":"{9AAA105A-FAF0-459F-B214-70B308175F27}","NEAR_FID":5612,"NEAR_DIST":0.86200017175729982}},{"type":"Feature","id":1012,"geometry":{"type":"Point","coordinates":[187281.39059999958,1882545.2478]},"properties":{"OBJECTID":1012,"Asset_ID":"MH1012","Name":null,"District_ID":"al Wadi","Wlyt_ID":"Salalah","Gov_ID":"Dhofar Governorate","Road_ID":"103812","Mun_ID":"M9","Latitude":17.005827480000001,"Longitude":54.063092150000003,"GlobalID":"{FC78BBF8-47DA-4868-82CC-401122D2178F}","NEAR_FID":13926,"NEAR_DIST":0.85338137791283475}},{"type":"Feature","id":1013,"geometry":{"type":"Point","coordinates":[187233.39489999972,1882531.1866999995]},"properties":{"OBJECTID":1013,"Asset_ID":"MH1013","Name":null,"District_ID":"al Wadi","Wlyt_ID":"Salalah","Gov_ID":"Dhofar Governorate","Road_ID":"103812","Mun_ID":"M8","Latitude":17.005694040000002,"Longitude":54.062643809999997,"GlobalID":"{62043C05-E97A-4835-B384-CFD40EE40A90}","NEAR_FID":13781,"NEAR_DIST":0.82750156162101407}},{"type":"Feature","id":1014,"geometry":{"type":"Point","coordinates":[187185.5895999996,1882517.0815999992]},"properties":{"OBJECTID":1014,"Asset_ID":"MH1014","Name":null,"District_ID":"al Wadi","Wlyt_ID":"Salalah","Gov_ID":"Dhofar Governorate","Road_ID":"103812","Mun_ID":"M7","Latitude":17.00556023,"Longitude":54.062197259999998,"GlobalID":"{CEE47FE0-AE8A-4DF8-8D3F-A6F59738B6CC}","NEAR_FID":8992,"NEAR_DIST":0.87649233724336761}},{"type":"Feature","id":1015,"geometry":{"type":"Point","coordinates":[187137.58389999997,1882502.8662999999]},"properties":{"OBJECTID":1015,"Asset_ID":"MH1015","Name":null,"District_ID":"al Wadi","Wlyt_ID":"Salalah","Gov_ID":"Dhofar Governorate","Road_ID":"105463","Mun_ID":"M6","Latitude":17.005425389999999,"Longitude":54.06174884,"GlobalID":"{6CAAED81-6B6B-4C35-89DD-9618DEAEB579}","NEAR_FID":15077,"NEAR_DIST":0.45297314299207986}},{"type":"Feature","id":1019,"geometry":{"type":"Point","coordinates":[186950.50499999989,1882429.4037999995]},"properties":{"OBJECTID":1019,"Asset_ID":"MH1019","Name":null,"District_ID":"al Wadi","Wlyt_ID":"Salalah","Gov_ID":"Dhofar Governorate","Road_ID":"103812","Mun_ID":"M2","Latitude":17.00473685,"Longitude":54.060003930000001,"GlobalID":"{2443298A-E5B3-4B70-B0C1-F48392C5CAF1}","NEAR_FID":13595,"NEAR_DIST":7.939179174740147}},{"type":"Feature","id":1020,"geometry":{"type":"Point","coordinates":[186913.5689000003,1882417.0515999999]},"properties":{"OBJECTID":1020,"Asset_ID":"MH1020","Name":null,"District_ID":"al Wadi","Wlyt_ID":"Salalah","Gov_ID":"Dhofar Governorate","Road_ID":"103812","Mun_ID":"M1","Latitude":17.004620330000002,"Longitude":54.059659109999998,"GlobalID":"{872A44BB-4524-4AB9-AF13-05C8A4582BE2}","NEAR_FID":16508,"NEAR_DIST":6.4536280152789098}},{"type":"Feature","id":1021,"geometry":{"type":"Point","coordinates":[188345.93800000008,1882802.1295999996]},"properties":{"OBJECTID":1021,"Asset_ID":"MH1021","Name":null,"District_ID":"Salalah al Gharbiyya","Wlyt_ID":"Salalah","Gov_ID":"Dhofar Governorate","Road_ID":"104567","Mun_ID":"M32","Latitude":17.00829049,"Longitude":54.073044330000002,"GlobalID":"{40E64D88-C46E-4B26-8FD1-941E2C99D37F}","NEAR_FID":8047,"NEAR_DIST":0.8011339825900845}},{"type":"Feature","id":1022,"geometry":{"type":"Point","coordinates":[188393.12590000033,1882813.8682000004]},"properties":{"OBJECTID":1022,"Asset_ID":"MH1022","Name":null,"District_ID":"Salalah al Gharbiyya","Wlyt_ID":"Salalah","Gov_ID":"Dhofar Governorate","Road_ID":"104567","Mun_ID":"M33","Latitude":17.008402830000001,"Longitude":54.073485439999999,"GlobalID":"{BF53DD4C-C913-4008-A973-065AC945900D}","NEAR_FID":13428,"NEAR_DIST":0.29751622068448902}},{"type":"Feature","id":1023,"geometry":{"type":"Point","coordinates":[188442.54959999956,1882821.3037]},"properties":{"OBJECTID":1023,"Asset_ID":"MH1023","Name":null,"District_ID":"Salalah al Gharbiyya","Wlyt_ID":"Salalah","Gov_ID":"Dhofar Governorate","Road_ID":"103824","Mun_ID":"M34","Latitude":17.008476630000001,"Longitude":54.073948129999998,"GlobalID":"{C60A268F-0A06-429A-8ABB-4ED630E6FB0F}","NEAR_FID":15497,"NEAR_DIST":1.2608473366590498}},{"type":"Feature","id":1024,"geometry":{"type":"Point","coordinates":[188477.03969999962,1882826.1601]},"properties":{"OBJECTID":1024,"Asset_ID":"MH1024","Name":null,"District_ID":"Salalah al Gharbiyya","Wlyt_ID":"Salalah","Gov_ID":"Dhofar Governorate","Road_ID":"103824","Mun_ID":"M35","Latitude":17.008525120000002,"Longitude":54.074271060000001,"GlobalID":"{CBAE3579-44B8-4153-86D3-7F5AF0501926}","NEAR_FID":15497,"NEAR_DIST":1.1068349765476075}},{"type":"Feature","id":1025,"geometry":{"type":"Point","coordinates":[188509.77419999987,1882831.3979000002]},"properties":{"OBJECTID":1025,"Asset_ID":"MH1025","Name":null,"District_ID":"Salalah al Gharbiyya","Wlyt_ID":"Salalah","Gov_ID":"Dhofar Governorate","Road_ID":"103824","Mun_ID":"M36","Latitude":17.008576829999999,"Longitude":54.074577470000001,"GlobalID":"{CDA56DCE-C013-4762-B1FE-FB7A940DC1C7}","NEAR_FID":12908,"NEAR_DIST":2.0290455667422496}},{"type":"Feature","id":1026,"geometry":{"type":"Point","coordinates":[189746.33509999979,1883319.5340999998]},"properties":{"OBJECTID":1026,"Asset_ID":"MH1026","Name":null,"District_ID":"Salalah al Gharbiyya","Wlyt_ID":"Salalah","Gov_ID":"Dhofar Governorate","Road_ID":"103812","Mun_ID":"M78","Latitude":17.013150159999999,"Longitude":54.086111719999998,"GlobalID":"{2C58BE8A-71B9-4B39-850C-CE48E33AB50D}","NEAR_FID":17501,"NEAR_DIST":7.1136754061707226}},{"type":"Feature","id":1027,"geometry":{"type":"Point","coordinates":[190196.17009999976,1883500.2221000008]},"properties":{"OBJECTID":1027,"Asset_ID":"MH1027","Name":null,"District_ID":"Salalah al Jadida","Wlyt_ID":"Salalah","Gov_ID":"Dhofar Governorate","Road_ID":"104191","Mun_ID":"M90","Latitude":17.014841820000001,"Longitude":54.090307369999998,"GlobalID":"{A5CE31F8-A1E9-40DF-A2C6-AC24B9EB57F8}","NEAR_FID":11866,"NEAR_DIST":15.592862777843484}},{"type":"Feature","id":1028,"geometry":{"type":"Point","coordinates":[190329.85840000026,1884398.4285000004]},"properties":{"OBJECTID":1028,"Asset_ID":"MH1028","Name":null,"District_ID":"Markaz al Madena","Wlyt_ID":"Salalah","Gov_ID":"Dhofar Governorate","Road_ID":"104387","Mun_ID":"M03","Latitude":17.02296861,"Longitude":54.091436469999998,"GlobalID":"{142A243C-C090-4335-A7A9-6B4C6D295B88}","NEAR_FID":7052,"NEAR_DIST":8.5098190278024717}},{"type":"Feature","id":1029,"geometry":{"type":"Point","coordinates":[190519.89979999978,1883609.6318999995]},"properties":{"OBJECTID":1029,"Asset_ID":"MH1029","Name":null,"District_ID":"Markaz al Madena","Wlyt_ID":"Salalah","Gov_ID":"Dhofar Governorate","Road_ID":"103812","Mun_ID":" ","Latitude":17.015872999999999,"Longitude":54.093329750000002,"GlobalID":"{392905EB-FD95-4FF0-B21D-CE405CA91FD1}","NEAR_FID":8967,"NEAR_DIST":5.9059876518730023}},{"type":"Feature","id":1030,"geometry":{"type":"Point","coordinates":[190272.12810000032,1884458.2761000004]},"properties":{"OBJECTID":1030,"Asset_ID":"MH1030","Name":null,"District_ID":"Salalah al Jadida","Wlyt_ID":"Salalah","Gov_ID":"Dhofar Governorate","Road_ID":"104387","Mun_ID":" ","Latitude":17.023501150000001,"Longitude":54.090886390000001,"GlobalID":"{21D66B04-244F-465C-BEF3-9D0C3BD5A98B}","NEAR_FID":16694,"NEAR_DIST":18.15162065044013}},{"type":"Feature","id":1031,"geometry":{"type":"Point","coordinates":[190418.56969999988,1883546.3488999996]},"properties":{"OBJECTID":1031,"Asset_ID":"MH1031","Name":null,"District_ID":"Salalah al Wousta","Wlyt_ID":"Salalah","Gov_ID":"Dhofar Governorate","Road_ID":"103812","Mun_ID":"M95","Latitude":17.015288089999999,"Longitude":54.092387770000002,"GlobalID":"{DCB62BAE-B447-4468-AFB4-CDC01F317517}","NEAR_FID":14868,"NEAR_DIST":12.007248830074612}},{"type":"Feature","id":1032,"geometry":{"type":"Point","coordinates":[190082.82160000037,1883421.1230999995]},"properties":{"OBJECTID":1032,"Asset_ID":"MH1032","Name":null,"District_ID":"Salalah al Gharbiyya","Wlyt_ID":"Salalah","Gov_ID":"Dhofar Governorate","Road_ID":"103812","Mun_ID":"M85","Latitude":17.0141125,"Longitude":54.089254840000002,"GlobalID":"{93B5FAB2-430F-435B-AF16-7176AA8E2E6D}","NEAR_FID":17501,"NEAR_DIST":11.31705903564391}},{"type":"Feature","id":1033,"geometry":{"type":"Point","coordinates":[190034.95559999999,1883406.0755000003]},"properties":{"OBJECTID":1033,"Asset_ID":"MH1033","Name":null,"District_ID":"Salalah al Gharbiyya","Wlyt_ID":"Salalah","Gov_ID":"Dhofar Governorate","Road_ID":"103812","Mun_ID":"M84","Latitude":17.013970230000002,"Longitude":54.088807799999998,"GlobalID":"{8A9C28CE-742E-482E-A2A1-D372F472BA27}","NEAR_FID":17501,"NEAR_DIST":11.655035429766402}},{"type":"Feature","id":1034,"geometry":{"type":"Point","coordinates":[189987.27300000004,1883390.8299000002]},"properties":{"OBJECTID":1034,"Asset_ID":"MH1034","Name":null,"District_ID":"Salalah al Gharbiyya","Wlyt_ID":"Salalah","Gov_ID":"Dhofar Governorate","Road_ID":"103812","Mun_ID":" ","Latitude":17.01382619,"Longitude":54.088362519999997,"GlobalID":"{6E7E63BB-8F70-4493-8693-1FABE66BF96F}","NEAR_FID":17501,"NEAR_DIST":12.614123993382753}},{"type":"Feature","id":1035,"geometry":{"type":"Point","coordinates":[189939.12930000015,1883377.0489000008]},"properties":{"OBJECTID":1035,"Asset_ID":"MH1035","Name":null,"District_ID":"Salalah al Gharbiyya","Wlyt_ID":"Salalah","Gov_ID":"Dhofar Governorate","Road_ID":"103812","Mun_ID":"M82","Latitude":17.013695309999999,"Longitude":54.087912699999997,"GlobalID":"{9935D27E-1604-4FCF-B713-2E51799CA63F}","NEAR_FID":17501,"NEAR_DIST":11.079577366182596}},{"type":"Feature","id":1036,"geometry":{"type":"Point","coordinates":[189892.93929999974,1883362.6636999995]},"properties":{"OBJECTID":1036,"Asset_ID":"MH1036","Name":null,"District_ID":"Salalah al Gharbiyya","Wlyt_ID":"Salalah","Gov_ID":"Dhofar Governorate","Road_ID":"103812","Mun_ID":"M81","Latitude":17.013559229999998,"Longitude":54.0874813,"GlobalID":"{D6747DDF-E83C-48A9-BF04-125E9ABE3D07}","NEAR_FID":17501,"NEAR_DIST":10.762483181317746}},{"type":"Feature","id":1037,"geometry":{"type":"Point","coordinates":[189843.06649999972,1883346.5828000009]},"properties":{"OBJECTID":1037,"Asset_ID":"MH1037","Name":null,"District_ID":"Salalah al Gharbiyya","Wlyt_ID":"Salalah","Gov_ID":"Dhofar Governorate","Road_ID":"103812","Mun_ID":"M80","Latitude":17.013407359999999,"Longitude":54.087015579999999,"GlobalID":"{EF39EF7C-AD4E-48A5-8545-9DD7B81ECCC7}","NEAR_FID":17501,"NEAR_DIST":11.260033423423687}},{"type":"Feature","id":1038,"geometry":{"type":"Point","coordinates":[189798.3032999998,1883333.3707999997]},"properties":{"OBJECTID":1038,"Asset_ID":"MH1038","Name":null,"District_ID":"Salalah al Gharbiyya","Wlyt_ID":"Salalah","Gov_ID":"Dhofar Governorate","Road_ID":"103812","Mun_ID":"M79","Latitude":17.013282060000002,"Longitude":54.086597410000003,"GlobalID":"{030C0527-25CF-45B3-B8B7-8E71274C6BF4}","NEAR_FID":17501,"NEAR_DIST":10.188374185995736}},{"type":"Feature","id":1039,"geometry":{"type":"Point","coordinates":[189747.48500000034,1883316.0166999996]},"properties":{"OBJECTID":1039,"Asset_ID":"MH1039","Name":null,"District_ID":"Salalah al Gharbiyya","Wlyt_ID":"Salalah","Gov_ID":"Dhofar Governorate","Road_ID":"103812","Mun_ID":" ","Latitude":17.013118559999999,"Longitude":54.086123000000001,"GlobalID":"{D887D60D-BD0B-40B0-BD94-5E37DE945781}","NEAR_FID":17501,"NEAR_DIST":10.814023532673552}},{"type":"Feature","id":1040,"geometry":{"type":"Point","coordinates":[189687.08509999979,1883298.2433000002]},"properties":{"OBJECTID":1040,"Asset_ID":"MH1040","Name":null,"District_ID":"Salalah al Gharbiyya","Wlyt_ID":"Salalah","Gov_ID":"Dhofar Governorate","Road_ID":"103812","Mun_ID":"M77","Latitude":17.012949989999999,"Longitude":54.085558749999997,"GlobalID":"{BE8C47F8-7B98-4D8A-8873-DC66F80B9A77}","NEAR_FID":11214,"NEAR_DIST":12.13158988921397}},{"type":"Feature","id":1041,"geometry":{"type":"Point","coordinates":[189648.14620000031,1883285.3515000008]},"properties":{"OBJECTID":1041,"Asset_ID":"MH1041","Name":null,"District_ID":"Salalah al Gharbiyya","Wlyt_ID":"Salalah","Gov_ID":"Dhofar Governorate","Road_ID":"103812","Mun_ID":" ","Latitude":17.01282836,"Longitude":54.085195179999999,"GlobalID":"{CF82BF00-9A60-4DA1-B008-F21C8827F233}","NEAR_FID":11214,"NEAR_DIST":13.024156256106727}},{"type":"Feature","id":1042,"geometry":{"type":"Point","coordinates":[189602.60690000001,1883270.7034000009]},"properties":{"OBJECTID":1042,"Asset_ID":"MH1042","Name":null,"District_ID":"Salalah al Gharbiyya","Wlyt_ID":"Salalah","Gov_ID":"Dhofar Governorate","Road_ID":"103812","Mun_ID":" ","Latitude":17.012689999999999,"Longitude":54.08476993,"GlobalID":"{0991F928-E0E2-474E-9797-2EF4CA0D9F75}","NEAR_FID":11214,"NEAR_DIST":12.612022430749981}},{"type":"Feature","id":1043,"geometry":{"type":"Point","coordinates":[189555.51489999983,1883255.7293999996]},"properties":{"OBJECTID":1043,"Asset_ID":"MH1043","Name":null,"District_ID":"Salalah al Gharbiyya","Wlyt_ID":"Salalah","Gov_ID":"Dhofar Governorate","Road_ID":"103812","Mun_ID":" ","Latitude":17.01254848,"Longitude":54.08433016,"GlobalID":"{6CF95B1B-AD31-499C-9270-6B2D5F5ACFEE}","NEAR_FID":11214,"NEAR_DIST":12.381331081648163}},{"type":"Feature","id":1044,"geometry":{"type":"Point","coordinates":[189507.2109000003,1883241.5359000005]},"properties":{"OBJECTID":1044,"Asset_ID":"MH1044","Name":null,"District_ID":"Salalah al Gharbiyya","Wlyt_ID":"Salalah","Gov_ID":"Dhofar Governorate","Road_ID":"103812","Mun_ID":" ","Latitude":17.012413850000002,"Longitude":54.083878900000002,"GlobalID":"{FBF0B04E-7FA9-4EB8-8AE6-307B54C908DA}","NEAR_FID":11214,"NEAR_DIST":11.770334356943451}},{"type":"Feature","id":1045,"geometry":{"type":"Point","coordinates":[189459.15469999984,1883226.7313000001]},"properties":{"OBJECTID":1045,"Asset_ID":"MH1045","Name":null,"District_ID":"Salalah al Gharbiyya","Wlyt_ID":"Salalah","Gov_ID":"Dhofar Governorate","Road_ID":"104466","Mun_ID":" ","Latitude":17.01227373,"Longitude":54.083430059999998,"GlobalID":"{A88E02A0-C5AB-4943-BF28-6CDE7324D9F9}","NEAR_FID":7195,"NEAR_DIST":7.9531503776793953}},{"type":"Feature","id":1046,"geometry":{"type":"Point","coordinates":[189411.48620000016,1883212.1962000001]},"properties":{"OBJECTID":1046,"Asset_ID":"MH1046","Name":null,"District_ID":"Salalah al Gharbiyya","Wlyt_ID":"Salalah","Gov_ID":"Dhofar Governorate","Road_ID":"103812","Mun_ID":" ","Latitude":17.012136089999998,"Longitude":54.082984809999999,"GlobalID":"{4D1718C1-2A24-490C-B924-AF569A666CFC}","NEAR_FID":13285,"NEAR_DIST":10.640804346991256}},{"type":"Feature","id":1047,"geometry":{"type":"Point","coordinates":[189315.95629999973,1883178.4916999992]},"properties":{"OBJECTID":1047,"Asset_ID":"MH1047","Name":null,"District_ID":"Salalah al Gharbiyya","Wlyt_ID":"Salalah","Gov_ID":"Dhofar Governorate","Road_ID":"103812","Mun_ID":"M69","Latitude":17.011818959999999,"Longitude":54.08209317,"GlobalID":"{F2E4F27C-E2CF-420E-9C8F-C9E856DD32EC}","NEAR_FID":13285,"NEAR_DIST":12.332360500119016}},{"type":"Feature","id":1048,"geometry":{"type":"Point","coordinates":[189264.94010000024,1883160.3300999999]},"properties":{"OBJECTID":1048,"Asset_ID":"MH1048","Name":null,"District_ID":"Salalah al Gharbiyya","Wlyt_ID":"Salalah","Gov_ID":"Dhofar Governorate","Road_ID":"104465","Mun_ID":" ","Latitude":17.011648130000001,"Longitude":54.081617029999997,"GlobalID":"{2CD207A8-AE6E-44E7-9F03-788CFE7A2260}","NEAR_FID":11748,"NEAR_DIST":7.6443371849630308}},{"type":"Feature","id":1049,"geometry":{"type":"Point","coordinates":[189167.91229999997,1883133.2225000001]},"properties":{"OBJECTID":1049,"Asset_ID":"MH1049","Name":null,"District_ID":"Salalah al Gharbiyya","Wlyt_ID":"Salalah","Gov_ID":"Dhofar Governorate","Road_ID":"103812","Mun_ID":" ","Latitude":17.011390339999998,"Longitude":54.080710410000002,"GlobalID":"{0F6E3FF7-8589-4E00-AF63-E7EEE036C3AA}","NEAR_FID":11069,"NEAR_DIST":12.726695471859621}},{"type":"Feature","id":1050,"geometry":{"type":"Point","coordinates":[189120.83409999963,1883118.8331000004]},"properties":{"OBJECTID":1050,"Asset_ID":"MH1050","Name":null,"District_ID":"Salalah al Gharbiyya","Wlyt_ID":"Salalah","Gov_ID":"Dhofar Governorate","Road_ID":"103812","Mun_ID":"M62","Latitude":17.011254099999999,"Longitude":54.080270689999999,"GlobalID":"{8F083579-D999-4A59-99BB-67040B82D65D}","NEAR_FID":11069,"NEAR_DIST":11.736291566495121}},{"type":"Feature","id":1051,"geometry":{"type":"Point","coordinates":[189073.47080000024,1883103.5495999996]},"properties":{"OBJECTID":1051,"Asset_ID":"MH1051","Name":null,"District_ID":"Salalah al Gharbiyya","Wlyt_ID":"Salalah","Gov_ID":"Dhofar Governorate","Road_ID":"103812","Mun_ID":"M62","Latitude":17.011109739999998,"Longitude":54.079828419999998,"GlobalID":"{3303D558-6109-4462-A113-6C0560F1D5D1}","NEAR_FID":11069,"NEAR_DIST":12.743882490371181}},{"type":"Feature","id":1052,"geometry":{"type":"Point","coordinates":[189036.03650000039,1883094.7446999997]},"properties":{"OBJECTID":1052,"Asset_ID":"MH1052","Name":null,"District_ID":"Salalah al Gharbiyya","Wlyt_ID":"Salalah","Gov_ID":"Dhofar Governorate","Road_ID":"104478","Mun_ID":"M60","Latitude":17.01102521,"Longitude":54.07947841,"GlobalID":"{A62D805B-AFC9-43DB-B893-671C354D96F4}","NEAR_FID":17987,"NEAR_DIST":8.0379231145258032}},{"type":"Feature","id":1053,"geometry":{"type":"Point","coordinates":[189036.50760000013,1883093.4344999995]},"properties":{"OBJECTID":1053,"Asset_ID":"MH1053","Name":null,"District_ID":"Salalah al Gharbiyya","Wlyt_ID":"Salalah","Gov_ID":"Dhofar Governorate","Road_ID":"104478","Mun_ID":" ","Latitude":17.01101345,"Longitude":54.079483009999997,"GlobalID":"{A10AAB7F-CA28-45BB-9107-0AB28B6F46CC}","NEAR_FID":17987,"NEAR_DIST":8.8969189772121418}},{"type":"Feature","id":1054,"geometry":{"type":"Point","coordinates":[188940.5047000004,1883066.3710999992]},"properties":{"OBJECTID":1054,"Asset_ID":"MH1054","Name":null,"District_ID":"Salalah al Gharbiyya","Wlyt_ID":"Salalah","Gov_ID":"Dhofar Governorate","Road_ID":"103812","Mun_ID":" ","Latitude":17.010756189999999,"Longitude":54.078586010000002,"GlobalID":"{3E48D06A-27EF-4248-A7AF-4FB2F5B1A17B}","NEAR_FID":7945,"NEAR_DIST":1.196722324971258}},{"type":"Feature","id":1055,"geometry":{"type":"Point","coordinates":[188892.60190000013,1883052.7423999999]},"properties":{"OBJECTID":1055,"Asset_ID":"MH1055","Name":null,"District_ID":"Salalah al Gharbiyya","Wlyt_ID":"Salalah","Gov_ID":"Dhofar Governorate","Road_ID":"103812","Mun_ID":" ","Latitude":17.0106267,"Longitude":54.078138449999997,"GlobalID":"{9CAD87CD-91FF-4FCF-AA51-75F7A53775FB}","NEAR_FID":7945,"NEAR_DIST":1.1330204065844645}},{"type":"Feature","id":1056,"geometry":{"type":"Point","coordinates":[188852.51719999965,1883040.4061999992]},"properties":{"OBJECTID":1056,"Asset_ID":"MH1056","Name":null,"District_ID":"Salalah al Gharbiyya","Wlyt_ID":"Salalah","Gov_ID":"Dhofar Governorate","Road_ID":"104475","Mun_ID":" ","Latitude":17.010509920000001,"Longitude":54.077764070000001,"GlobalID":"{DA46A109-064C-4975-BB10-1140E97BEECF}","NEAR_FID":17709,"NEAR_DIST":6.339350314656655}},{"type":"Feature","id":1057,"geometry":{"type":"Point","coordinates":[188756.78010000009,1883011.3837000001]},"properties":{"OBJECTID":1057,"Asset_ID":"MH1057","Name":null,"District_ID":"Salalah al Gharbiyya","Wlyt_ID":"Salalah","Gov_ID":"Dhofar Governorate","Road_ID":"103812","Mun_ID":" ","Latitude":17.010235009999999,"Longitude":54.076869850000001,"GlobalID":"{963D5FD5-1DD5-4ABF-A1E3-04E9083FE557}","NEAR_FID":18280,"NEAR_DIST":11.735479871781683}},{"type":"Feature","id":1058,"geometry":{"type":"Point","coordinates":[188756.73290000018,1883014.8454999998]},"properties":{"OBJECTID":1058,"Asset_ID":"MH1058","Name":null,"District_ID":"Salalah al Gharbiyya","Wlyt_ID":"Salalah","Gov_ID":"Dhofar Governorate","Road_ID":"103812","Mun_ID":"M54","Latitude":17.010266250000001,"Longitude":54.076868920000003,"GlobalID":"{4EB088CC-01A6-48A1-84C8-C17D87BE00DF}","NEAR_FID":18280,"NEAR_DIST":8.4328396742764617}},{"type":"Feature","id":1059,"geometry":{"type":"Point","coordinates":[188709.4029000001,1882996.9034000002]},"properties":{"OBJECTID":1059,"Asset_ID":"MH1059","Name":null,"District_ID":"Salalah al Gharbiyya","Wlyt_ID":"Salalah","Gov_ID":"Dhofar Governorate","Road_ID":"103812","Mun_ID":" ","Latitude":17.010097890000001,"Longitude":54.076427340000002,"GlobalID":"{2CF4A434-B6AB-43D4-BC5B-3A85AA18DD62}","NEAR_FID":18280,"NEAR_DIST":10.817140765046954}},{"type":"Feature","id":1060,"geometry":{"type":"Point","coordinates":[188661.28760000039,1882981.1239999998]},"properties":{"OBJECTID":1060,"Asset_ID":"MH1060","Name":null,"District_ID":"Salalah al Gharbiyya","Wlyt_ID":"Salalah","Gov_ID":"Dhofar Governorate","Road_ID":"103812","Mun_ID":" ","Latitude":17.009948949999998,"Longitude":54.07597809,"GlobalID":"{455AE549-6AA2-4903-940F-A342FB98F07D}","NEAR_FID":18280,"NEAR_DIST":10.999099690468881}},{"type":"Feature","id":1061,"geometry":{"type":"Point","coordinates":[188614.65029999986,1882964.9288999997]},"properties":{"OBJECTID":1061,"Asset_ID":"MH1061","Name":null,"District_ID":"Salalah al Gharbiyya","Wlyt_ID":"Salalah","Gov_ID":"Dhofar Governorate","Road_ID":"103812","Mun_ID":" ","Latitude":17.00979646,"Longitude":54.075542769999998,"GlobalID":"{5BC31416-F722-4EF0-8875-E2EEF797B587}","NEAR_FID":18280,"NEAR_DIST":11.80267577667524}},{"type":"Feature","id":1062,"geometry":{"type":"Point","coordinates":[188567.24199999962,1882948.5940000005]},"properties":{"OBJECTID":1062,"Asset_ID":"MH1062","Name":null,"District_ID":"Salalah al Gharbiyya","Wlyt_ID":"Salalah","Gov_ID":"Dhofar Governorate","Road_ID":"103812","Mun_ID":" ","Latitude":17.009642589999999,"Longitude":54.075100239999998,"GlobalID":"{6CF0DE3A-0E01-4466-B0F4-719F768D262A}","NEAR_FID":19058,"NEAR_DIST":11.123643182421869}},{"type":"Feature","id":1063,"geometry":{"type":"Point","coordinates":[188514.17449999973,1882926.7940999996]},"properties":{"OBJECTID":1063,"Asset_ID":"MH1063","Name":null,"District_ID":"Salalah al Gharbiyya","Wlyt_ID":"Salalah","Gov_ID":"Dhofar Governorate","Road_ID":"104479","Mun_ID":" ","Latitude":17.009438629999998,"Longitude":54.07460537,"GlobalID":"{83BB1225-78B4-46E6-9037-40D0F142CD23}","NEAR_FID":16567,"NEAR_DIST":7.2905462526521561}},{"type":"Feature","id":1064,"geometry":{"type":"Point","coordinates":[188473.00250000041,1882911.5621000007]},"properties":{"OBJECTID":1064,"Asset_ID":"MH1064","Name":null,"District_ID":"Salalah al Gharbiyya","Wlyt_ID":"Salalah","Gov_ID":"Dhofar Governorate","Road_ID":"103812","Mun_ID":" ","Latitude":17.009295560000002,"Longitude":54.074221199999997,"GlobalID":"{91AEE4D1-2685-41F9-9CF4-6F852CB06E79}","NEAR_FID":12497,"NEAR_DIST":8.6641903565656726}},{"type":"Feature","id":1065,"geometry":{"type":"Point","coordinates":[188426.57600000035,1882888.6382999998]},"properties":{"OBJECTID":1065,"Asset_ID":"MH1065","Name":null,"District_ID":"Salalah al Gharbiyya","Wlyt_ID":"Salalah","Gov_ID":"Dhofar Governorate","Road_ID":"104567","Mun_ID":" ","Latitude":17.00908235,"Longitude":54.073788800000003,"GlobalID":"{8AE6FB55-948E-4650-8AC3-0FA95407AB2C}","NEAR_FID":13510,"NEAR_DIST":11.398365403356795}},{"type":"Feature","id":1066,"geometry":{"type":"Point","coordinates":[188382.82060000021,1882867.3153000008]},"properties":{"OBJECTID":1066,"Asset_ID":"MH1066","Name":null,"District_ID":"Salalah al Gharbiyya","Wlyt_ID":"Salalah","Gov_ID":"Dhofar Governorate","Road_ID":"104567","Mun_ID":" ","Latitude":17.00888394,"Longitude":54.073381249999997,"GlobalID":"{FD97258A-D8B6-4CB4-8992-9906728D15CD}","NEAR_FID":13510,"NEAR_DIST":7.4344656371287252}},{"type":"Feature","id":1067,"geometry":{"type":"Point","coordinates":[188332.87750000041,1882853.8881999999]},"properties":{"OBJECTID":1067,"Asset_ID":"MH1067","Name":null,"District_ID":"Salalah al Gharbiyya","Wlyt_ID":"Salalah","Gov_ID":"Dhofar Governorate","Road_ID":"104567","Mun_ID":" ","Latitude":17.00875598,"Longitude":54.072914519999998,"GlobalID":"{CD5B7454-F222-4880-9E08-2CE6C098627E}","NEAR_FID":11569,"NEAR_DIST":5.7637017767459815}},{"type":"Feature","id":1068,"geometry":{"type":"Point","coordinates":[188285.39190000016,1882838.4545000009]},"properties":{"OBJECTID":1068,"Asset_ID":"MH1068","Name":null,"District_ID":"Salalah al Gharbiyya","Wlyt_ID":"Salalah","Gov_ID":"Dhofar Governorate","Road_ID":"103812","Mun_ID":" ","Latitude":17.008610239999999,"Longitude":54.072471139999998,"GlobalID":"{6BB931F3-2B4A-40C8-BDA8-584EDAD5170E}","NEAR_FID":16421,"NEAR_DIST":12.232222272041827}},{"type":"Feature","id":1069,"geometry":{"type":"Point","coordinates":[188237.19299999997,1882822.4946999997]},"properties":{"OBJECTID":1069,"Asset_ID":"MH1069","Name":null,"District_ID":"Salalah al Gharbiyya","Wlyt_ID":"Salalah","Gov_ID":"Dhofar Governorate","Road_ID":"103812","Mun_ID":" ","Latitude":17.008459649999999,"Longitude":54.072021149999998,"GlobalID":"{D8D1A098-0AD1-4FD2-8307-5296742673D9}","NEAR_FID":16421,"NEAR_DIST":12.159151393729537}},{"type":"Feature","id":1070,"geometry":{"type":"Point","coordinates":[188189.56199999992,1882807.4352000002]},"properties":{"OBJECTID":1070,"Asset_ID":"MH1070","Name":null,"District_ID":"Salalah al Gharbiyya","Wlyt_ID":"Salalah","Gov_ID":"Dhofar Governorate","Road_ID":"103812","Mun_ID":" ","Latitude":17.008317259999998,"Longitude":54.071576350000001,"GlobalID":"{200D241E-0501-403B-ADD3-B651A10D0F6B}","NEAR_FID":16421,"NEAR_DIST":11.683783650388891}},{"type":"Feature","id":1071,"geometry":{"type":"Point","coordinates":[188140.69089999981,1882792.9772999994]},"properties":{"OBJECTID":1071,"Asset_ID":"MH1071","Name":null,"District_ID":"Salalah al Gharbiyya","Wlyt_ID":"Salalah","Gov_ID":"Dhofar Governorate","Road_ID":"103812","Mun_ID":" ","Latitude":17.00818014,"Longitude":54.071119830000001,"GlobalID":"{65187C86-BFFF-4A36-9285-7214BD3C868D}","NEAR_FID":16421,"NEAR_DIST":10.429248578610116}},{"type":"Feature","id":1072,"geometry":{"type":"Point","coordinates":[188095.18510000035,1882778.2246000003]},"properties":{"OBJECTID":1072,"Asset_ID":"MH1072","Name":null,"District_ID":"Salalah al Gharbiyya","Wlyt_ID":"Salalah","Gov_ID":"Dhofar Governorate","Road_ID":"103812","Mun_ID":" ","Latitude":17.008040810000001,"Longitude":54.070694940000003,"GlobalID":"{64DFE2DA-5228-40F2-9056-B01B7A414192}","NEAR_FID":13499,"NEAR_DIST":4.6942929630389072}},{"type":"Feature","id":1073,"geometry":{"type":"Point","coordinates":[188045.15149999969,1882762.3877000008]},"properties":{"OBJECTID":1073,"Asset_ID":"MH1073","Name":null,"District_ID":"Salalah al Gharbiyya","Wlyt_ID":"Salalah","Gov_ID":"Dhofar Governorate","Road_ID":"103812","Mun_ID":" ","Latitude":17.00789108,"Longitude":54.070227709999998,"GlobalID":"{C82BCEAC-9D6C-47BB-998C-883BBCA77595}","NEAR_FID":10162,"NEAR_DIST":9.8062584046313557}},{"type":"Feature","id":1074,"geometry":{"type":"Point","coordinates":[188001.15110000037,1882748.2804000005]},"properties":{"OBJECTID":1074,"Asset_ID":"MH1074","Name":null,"District_ID":"Salalah al Gharbiyya","Wlyt_ID":"Salalah","Gov_ID":"Dhofar Governorate","Road_ID":"103812","Mun_ID":" ","Latitude":17.007757779999999,"Longitude":54.069816850000002,"GlobalID":"{C29D5429-8532-45E7-A505-68330C5A83C4}","NEAR_FID":10162,"NEAR_DIST":9.3484845758053794}},{"type":"Feature","id":1075,"geometry":{"type":"Point","coordinates":[187964.50169999991,1882735.8742999993]},"properties":{"OBJECTID":1075,"Asset_ID":"MH1075","Name":null,"District_ID":"Salalah al Gharbiyya","Wlyt_ID":"Salalah","Gov_ID":"Dhofar Governorate","Road_ID":"103824","Mun_ID":" ","Latitude":17.007640819999999,"Longitude":54.069474720000002,"GlobalID":"{CC671B95-E156-4986-98E2-5C323159449A}","NEAR_FID":4903,"NEAR_DIST":7.5645446276980364}},{"type":"Feature","id":1076,"geometry":{"type":"Point","coordinates":[187932.67190000042,1882720.1055999994]},"properties":{"OBJECTID":1076,"Asset_ID":"MH1076","Name":null,"District_ID":"Salalah al Gharbiyya","Wlyt_ID":"Salalah","Gov_ID":"Dhofar Governorate","Road_ID":"103824","Mun_ID":" ","Latitude":17.007494170000001,"Longitude":54.069178290000004,"GlobalID":"{B9B34178-49AB-4096-9B93-880E492EC50C}","NEAR_FID":4903,"NEAR_DIST":0.70966163878604915}},{"type":"Feature","id":1077,"geometry":{"type":"Point","coordinates":[187853.07400000002,1882681.5815999992]},"properties":{"OBJECTID":1077,"Asset_ID":"MH1077","Name":null,"District_ID":"Salalah al Gharbiyya","Wlyt_ID":"Salalah","Gov_ID":"Dhofar Governorate","Road_ID":"104447","Mun_ID":" ","Latitude":17.00713562,"Longitude":54.068436859999998,"GlobalID":"{D56886C5-A57E-4662-A57A-C37D00668611}","NEAR_FID":18532,"NEAR_DIST":9.9834321287486283}},{"type":"Feature","id":1078,"geometry":{"type":"Point","coordinates":[189306.13879999984,1883210.6261]},"properties":{"OBJECTID":1078,"Asset_ID":"MH1078","Name":null,"District_ID":"Salalah al Jadida","Wlyt_ID":"Salalah","Gov_ID":"Dhofar Governorate","Road_ID":"103812","Mun_ID":" ","Latitude":17.012107740000001,"Longitude":54.08199656,"GlobalID":"{FF854073-FC59-43BF-BBBF-D56E910F0696}","NEAR_FID":17134,"NEAR_DIST":9.8958250904590717}},{"type":"Feature","id":1079,"geometry":{"type":"Point","coordinates":[189281.00100000016,1883215.7650000006]},"properties":{"OBJECTID":1079,"Asset_ID":"MH1079","Name":null,"District_ID":"Salalah al Jadida","Wlyt_ID":"Salalah","Gov_ID":"Dhofar Governorate","Road_ID":"104210","Mun_ID":" ","Latitude":17.01215075,"Longitude":54.08175997,"GlobalID":"{140D000C-3FC1-4D5C-9AA1-6DF2FA33251B}","NEAR_FID":16438,"NEAR_DIST":6.4925006745225229}},{"type":"Feature","id":1080,"geometry":{"type":"Point","coordinates":[188051.20600000024,1882751.8460000008]},"properties":{"OBJECTID":1080,"Asset_ID":"MH1080","Name":null,"District_ID":"Salalah al Gharbiyya","Wlyt_ID":"Salalah","Gov_ID":"Dhofar Governorate","Road_ID":"103824","Mun_ID":" ","Latitude":17.007796729999999,"Longitude":54.070286000000003,"GlobalID":"{DCA86864-D715-4D33-A2E6-CEC998752E28}","NEAR_FID":4903,"NEAR_DIST":6.4493616886849523}},{"type":"Feature","id":1081,"geometry":{"type":"Point","coordinates":[188296.4168999996,1882798.2065999992]},"properties":{"OBJECTID":1081,"Asset_ID":"MH1081","Name":null,"District_ID":"Salalah al Gharbiyya","Wlyt_ID":"Salalah","Gov_ID":"Dhofar Governorate","Road_ID":"103824","Mun_ID":"M31","Latitude":17.008248380000001,"Longitude":54.072580240000001,"GlobalID":"{A4987E66-4A40-4E91-AF37-3832CC14FDCE}","NEAR_FID":13127,"NEAR_DIST":7.5080477403795838}},{"type":"Feature","id":1082,"geometry":{"type":"Point","coordinates":[188246.65369999968,1882791.1435000002]},"properties":{"OBJECTID":1082,"Asset_ID":"MH1082","Name":null,"District_ID":"Salalah al Gharbiyya","Wlyt_ID":"Salalah","Gov_ID":"Dhofar Governorate","Road_ID":"103824","Mun_ID":" ","Latitude":17.0081779,"Longitude":54.072114310000003,"GlobalID":"{11360588-CF34-4950-A4C5-C6FB1C8CF533}","NEAR_FID":13127,"NEAR_DIST":7.8490488301744961}},{"type":"Feature","id":1083,"geometry":{"type":"Point","coordinates":[188197.74039999954,1882781.9036999997]},"properties":{"OBJECTID":1083,"Asset_ID":"MH1083","Name":null,"District_ID":"Salalah al Gharbiyya","Wlyt_ID":"Salalah","Gov_ID":"Dhofar Governorate","Road_ID":"103824","Mun_ID":" ","Latitude":17.008087880000001,"Longitude":54.071656670000003,"GlobalID":"{1876EB7F-C4F1-409B-9503-5EDC82EE73E6}","NEAR_FID":13127,"NEAR_DIST":7.9068354897246325}},{"type":"Feature","id":1084,"geometry":{"type":"Point","coordinates":[188148.41770000011,1882772.5090999994]},"properties":{"OBJECTID":1084,"Asset_ID":"MH1084","Name":null,"District_ID":"Salalah al Gharbiyya","Wlyt_ID":"Salalah","Gov_ID":"Dhofar Governorate","Road_ID":"103824","Mun_ID":" ","Latitude":17.007996410000001,"Longitude":54.071195209999999,"GlobalID":"{884B7776-4B5C-420C-93BD-CDC3643AAC1A}","NEAR_FID":13127,"NEAR_DIST":7.7789331014220622}},{"type":"Feature","id":1085,"geometry":{"type":"Point","coordinates":[186621.66220000014,1883683.7930999994]},"properties":{"OBJECTID":1085,"Asset_ID":"MH1085","Name":null,"District_ID":"Mustashfa al Sultan Qboos","Wlyt_ID":"Salalah","Gov_ID":"Dhofar Governorate","Road_ID":"102645","Mun_ID":" ","Latitude":17.01601629,"Longitude":54.056741539999997,"GlobalID":"{E27967EE-F438-49D6-B3F9-862882E7B562}","NEAR_FID":8155,"NEAR_DIST":11.992025528360976}},{"type":"Feature","id":1086,"geometry":{"type":"Point","coordinates":[186584.50310000032,1883695.7524999995]},"properties":{"OBJECTID":1086,"Asset_ID":"MH1086","Name":null,"District_ID":"New Industrial Area","Wlyt_ID":"Salalah","Gov_ID":"Dhofar Governorate","Road_ID":"102645","Mun_ID":"MHC-6","Latitude":17.016119209999999,"Longitude":54.056391189999999,"GlobalID":"{E0C09624-16C6-400D-A86A-C539ABE5F808}","NEAR_FID":11036,"NEAR_DIST":3.6847834372490773}},{"type":"Feature","id":1087,"geometry":{"type":"Point","coordinates":[186549.11050000042,1883677.1932999995]},"properties":{"OBJECTID":1087,"Asset_ID":"MH1087","Name":null,"District_ID":"New Industrial Area","Wlyt_ID":"Salalah","Gov_ID":"Dhofar Governorate","Road_ID":"102645","Mun_ID":"MHC-5","Latitude":17.01594686,"Longitude":54.056061720000002,"GlobalID":"{B5529866-BCA5-4D51-839C-57AB69092050}","NEAR_FID":11036,"NEAR_DIST":3.7086652215710783}},{"type":"Feature","id":1088,"geometry":{"type":"Point","coordinates":[186513.81790000014,1883658.1513]},"properties":{"OBJECTID":1088,"Asset_ID":"MH1088","Name":null,"District_ID":"Mustashfa al Sultan Qboos","Wlyt_ID":"Salalah","Gov_ID":"Dhofar Governorate","Road_ID":"102645","Mun_ID":"MHC-4","Latitude":17.015770159999999,"Longitude":54.055733259999997,"GlobalID":"{13DB5F98-ACA9-4E14-860D-84F11C8332F4}","NEAR_FID":11036,"NEAR_DIST":3.2586087392801466}},{"type":"Feature","id":1089,"geometry":{"type":"Point","coordinates":[186478.39169999957,1883639.5552999992]},"properties":{"OBJECTID":1089,"Asset_ID":"MH1089","Name":null,"District_ID":"Mustashfa al Sultan Qboos","Wlyt_ID":"Salalah","Gov_ID":"Dhofar Governorate","Road_ID":"102645","Mun_ID":"MHC-3","Latitude":17.015597469999999,"Longitude":54.055403480000003,"GlobalID":"{822D33E3-9934-40C3-A377-7956E81E3390}","NEAR_FID":11036,"NEAR_DIST":3.0961749230260263}},{"type":"Feature","id":1090,"geometry":{"type":"Point","coordinates":[186443.12200000044,1883620.8134000003]},"properties":{"OBJECTID":1090,"Asset_ID":"MH1090","Name":null,"District_ID":"Mustashfa al Sultan Qboos","Wlyt_ID":"Salalah","Gov_ID":"Dhofar Governorate","Road_ID":"102645","Mun_ID":"MHC-2","Latitude":17.01542349,"Longitude":54.055075199999997,"GlobalID":"{55E10D2C-B219-44C0-9C49-240B332F7162}","NEAR_FID":11036,"NEAR_DIST":2.6323514387023028}},{"type":"Feature","id":1091,"geometry":{"type":"Point","coordinates":[186407.28830000013,1883602.4553999994]},"properties":{"OBJECTID":1091,"Asset_ID":"MH1091","Name":null,"District_ID":"Mustashfa al Sultan Qboos","Wlyt_ID":"Salalah","Gov_ID":"Dhofar Governorate","Road_ID":"102645","Mun_ID":"MHC-1","Latitude":17.015252889999999,"Longitude":54.054741559999997,"GlobalID":"{FCAC3F2B-85CD-489D-AAE6-B04962CE051A}","NEAR_FID":11036,"NEAR_DIST":2.9762642057744251}},{"type":"Feature","id":1092,"geometry":{"type":"Point","coordinates":[186891.9796000002,1883807.5935999993]},"properties":{"OBJECTID":1092,"Asset_ID":"MH1092","Name":null,"District_ID":"al Wadi","Wlyt_ID":"Salalah","Gov_ID":"Dhofar Governorate","Road_ID":"105555","Mun_ID":null,"Latitude":null,"Longitude":null,"GlobalID":"{8BF8568A-2085-479B-A1CF-AAFE4490F481}","NEAR_FID":10483,"NEAR_DIST":5.1630701260636958}},{"type":"Feature","id":1093,"geometry":{"type":"Point","coordinates":[198838.46870000008,1884623.2659000009]},"properties":{"OBJECTID":1093,"Asset_ID":"MH1093","Name":null,"District_ID":"Dahariz al Shamaliyya","Wlyt_ID":"Salalah","Gov_ID":"Dhofar Governorate","Road_ID":"100117","Mun_ID":null,"Latitude":null,"Longitude":null,"GlobalID":"{F387BF1D-7A02-484A-8F0F-6DBF01A78061}","NEAR_FID":18797,"NEAR_DIST":0.92046284530140077}},{"type":"Feature","id":1094,"geometry":{"type":"Point","coordinates":[198796.67169999983,1884613.4644000009]},"properties":{"OBJECTID":1094,"Asset_ID":"MH1094","Name":null,"District_ID":"Dahariz al Shamaliyya","Wlyt_ID":"Salalah","Gov_ID":"Dhofar Governorate","Road_ID":"100116","Mun_ID":"M.H48","Latitude":null,"Longitude":null,"GlobalID":"{514345BB-2AB1-458F-9B7F-5E5CEA5B4C2B}","NEAR_FID":13215,"NEAR_DIST":6.667033519668399}},{"type":"Feature","id":1095,"geometry":{"type":"Point","coordinates":[198756.70089999959,1884614.3987000007]},"properties":{"OBJECTID":1095,"Asset_ID":"MH1095","Name":null,"District_ID":"Dahariz al Shamaliyya","Wlyt_ID":"Salalah","Gov_ID":"Dhofar Governorate","Road_ID":"100116","Mun_ID":"M.H47","Latitude":null,"Longitude":null,"GlobalID":"{32C36A9D-39DD-401D-9737-00A3E0947FAE}","NEAR_FID":13215,"NEAR_DIST":6.8181377862045949}},{"type":"Feature","id":1096,"geometry":{"type":"Point","coordinates":[198957.11610000022,1884992.9277999997]},"properties":{"OBJECTID":1096,"Asset_ID":"MH1096","Name":null,"District_ID":"Dahariz al Shamaliyya","Wlyt_ID":"Salalah","Gov_ID":"Dhofar Governorate","Road_ID":"100003","Mun_ID":"LMH(7)","Latitude":null,"Longitude":null,"GlobalID":"{92801D2F-27FE-4C38-90BC-CC4FCA584679}","NEAR_FID":9331,"NEAR_DIST":5.8058399566892005}},{"type":"Feature","id":1097,"geometry":{"type":"Point","coordinates":[198951.15869999956,1885092.3871999998]},"properties":{"OBJECTID":1097,"Asset_ID":"MH1097","Name":null,"District_ID":"Dahariz al Shamaliyya","Wlyt_ID":"Salalah","Gov_ID":"Dhofar Governorate","Road_ID":"100003","Mun_ID":"LMH(9)","Latitude":null,"Longitude":null,"GlobalID":"{A83FC3C3-73D0-4238-AE72-978529F73A98}","NEAR_FID":9331,"NEAR_DIST":5.7110844587733247}},{"type":"Feature","id":1098,"geometry":{"type":"Point","coordinates":[198993.85219999962,1884945.1129000001]},"properties":{"OBJECTID":1098,"Asset_ID":"MH1098","Name":null,"District_ID":"Dahariz al Shamaliyya","Wlyt_ID":"Salalah","Gov_ID":"Dhofar Governorate","Road_ID":"100139","Mun_ID":"RMH 6","Latitude":null,"Longitude":null,"GlobalID":"{024203C2-C9FF-4EF8-B97C-6D7144107B12}","NEAR_FID":5208,"NEAR_DIST":3.6734907973671795}},{"type":"Feature","id":1100,"geometry":{"type":"Point","coordinates":[198773.21219999995,1884613.6962000001]},"properties":{"OBJECTID":1100,"Asset_ID":"MH1100","Name":null,"District_ID":"Dahariz al Shamaliyya","Wlyt_ID":"Salalah","Gov_ID":"Dhofar Governorate","Road_ID":"100001","Mun_ID":null,"Latitude":null,"Longitude":null,"GlobalID":"{E6B7FC9C-8540-417A-ACAE-F20696AC6F8F}","NEAR_FID":12853,"NEAR_DIST":6.6992424862590623}},{"type":"Feature","id":1101,"geometry":{"type":"Point","coordinates":[198716.96850000042,1884615.3978000004]},"properties":{"OBJECTID":1101,"Asset_ID":"MH1101","Name":null,"District_ID":"Dahariz al Shamaliyya","Wlyt_ID":"Salalah","Gov_ID":"Dhofar Governorate","Road_ID":"100116","Mun_ID":null,"Latitude":null,"Longitude":null,"GlobalID":"{9B4217B2-C069-4A9B-A151-640726B1E7FB}","NEAR_FID":13215,"NEAR_DIST":6.7423614880548559}},{"type":"Feature","id":1102,"geometry":{"type":"Point","coordinates":[198681.71310000028,1884616.1853]},"properties":{"OBJECTID":1102,"Asset_ID":"MH1102","Name":null,"District_ID":"Dahariz al Shamaliyya","Wlyt_ID":"Salalah","Gov_ID":"Dhofar Governorate","Road_ID":"100116","Mun_ID":null,"Latitude":null,"Longitude":null,"GlobalID":"{FDB238D7-D46C-42D0-B3A5-56D497806270}","NEAR_FID":13215,"NEAR_DIST":6.76598000996613}},{"type":"Feature","id":1103,"geometry":{"type":"Point","coordinates":[198676.22400000039,1884615.9517000001]},"properties":{"OBJECTID":1103,"Asset_ID":"MH1103","Name":null,"District_ID":"Dahariz al Shamaliyya","Wlyt_ID":"Salalah","Gov_ID":"Dhofar Governorate","Road_ID":"100001","Mun_ID":null,"Latitude":null,"Longitude":null,"GlobalID":"{FFEBF68F-F88A-4BA4-A018-5ADA2ACAAEA2}","NEAR_FID":12853,"NEAR_DIST":6.4461956584450437}},{"type":"Feature","id":1104,"geometry":{"type":"Point","coordinates":[198641.74210000038,1884616.9995000008]},"properties":{"OBJECTID":1104,"Asset_ID":"MH1104","Name":null,"District_ID":"Dahariz al Shamaliyya","Wlyt_ID":"Salalah","Gov_ID":"Dhofar Governorate","Road_ID":"100001","Mun_ID":null,"Latitude":null,"Longitude":null,"GlobalID":"{0CA74431-EF07-4EAC-AB4B-4D8228A0C1A5}","NEAR_FID":12853,"NEAR_DIST":6.5492990603688828}},{"type":"Feature","id":1106,"geometry":{"type":"Point","coordinates":[198684.96659999993,1884625.8454999998]},"properties":{"OBJECTID":1106,"Asset_ID":"MH1106","Name":null,"District_ID":"Dahariz al Shamaliyya","Wlyt_ID":"Salalah","Gov_ID":"Dhofar Governorate","Road_ID":"100116","Mun_ID":null,"Latitude":null,"Longitude":null,"GlobalID":"{EFD7F4BD-7489-4281-9930-26BE8674A8A3}","NEAR_FID":13215,"NEAR_DIST":2.9788280937669267}},{"type":"Feature","id":1107,"geometry":{"type":"Point","coordinates":[198807.98859999981,1884624.3846000005]},"properties":{"OBJECTID":1107,"Asset_ID":"MH1107","Name":null,"District_ID":"Dahariz al Shamaliyya","Wlyt_ID":"Salalah","Gov_ID":"Dhofar Governorate","Road_ID":"100116","Mun_ID":null,"Latitude":null,"Longitude":null,"GlobalID":"{B8FEB268-332E-4065-94C2-7E718BC57E49}","NEAR_FID":13215,"NEAR_DIST":4.4564346937902783}},{"type":"Feature","id":1108,"geometry":{"type":"Point","coordinates":[198794.9523,1884621.5919000003]},"properties":{"OBJECTID":1108,"Asset_ID":"MH1108","Name":null,"District_ID":"Dahariz al Shamaliyya","Wlyt_ID":"Salalah","Gov_ID":"Dhofar Governorate","Road_ID":"100116","Mun_ID":null,"Latitude":null,"Longitude":null,"GlobalID":"{AD81AEBC-8BF6-4CD3-A1F8-DDAEF402E291}","NEAR_FID":13215,"NEAR_DIST":1.4279767625155544}},{"type":"Feature","id":1109,"geometry":{"type":"Point","coordinates":[198791.36780000012,1884626.5206000004]},"properties":{"OBJECTID":1109,"Asset_ID":"MH1109","Name":null,"District_ID":"Dahariz al Shamaliyya","Wlyt_ID":"Salalah","Gov_ID":"Dhofar Governorate","Road_ID":"100116","Mun_ID":null,"Latitude":null,"Longitude":null,"GlobalID":"{50E636AB-38A8-4AD0-9E89-DF611FF5EF06}","NEAR_FID":13215,"NEAR_DIST":6.2909167980152763}}]
}