{
  "type" : "FeatureCollection",
  "crs" : {
    "type" : "name",
    "properties" : {
      "name" : "EPSG:32640"
    }
  },
  "features" : [{"type":"Feature","id":339,"geometry":{"type":"Point","coordinates":[203848.0186999999,1893480.8598999996]},"properties":{"OBJECTID":339,"Asset_ID":"RST339","Name":"مطعم بن فاغاش وبوحامد","District_ID":null,"Gov_ID":"Dhofar Governorate","Wlyt_ID":"Salalah","Road_ID":"103672","Latitude":17.106747639999998,"Longitude":54.2170779,"GlobalID":"{5F808152-2AC3-4E64-BFB3-AE2A23B557AD}"}},{"type":"Feature","id":340,"geometry":{"type":"Point","coordinates":[203869.49430000037,1893471.4545000009]},"properties":{"OBJECTID":340,"Asset_ID":"RST340","Name":"نجد أوبار","District_ID":null,"Gov_ID":"Dhofar Governorate","Wlyt_ID":"Salalah","Road_ID":"103672","Latitude":17.106665490000001,"Longitude":54.217280799999997,"GlobalID":"{17109D52-6F78-4193-9C52-BF2814EF28C3}"}},{"type":"Feature","id":341,"geometry":{"type":"Point","coordinates":[203836.10520000011,1893770.7024000008]},"properties":{"OBJECTID":341,"Asset_ID":"RST341","Name":"مطعم قهوة المساء","District_ID":null,"Gov_ID":"Dhofar Governorate","Wlyt_ID":"Salalah","Road_ID":"103672","Latitude":17.109363009999999,"Longitude":54.216927130000002,"GlobalID":"{0CDF9F53-8760-46F6-B2CC-1FB521506510}"}},{"type":"Feature","id":342,"geometry":{"type":"Point","coordinates":[203857.58079999965,1893826.1941999998]},"properties":{"OBJECTID":342,"Asset_ID":"RST342","Name":"مطعم ابن ابوت","District_ID":null,"Gov_ID":"Dhofar Governorate","Wlyt_ID":"Salalah","Road_ID":"103672","Latitude":17.109866799999999,"Longitude":54.217121319999997,"GlobalID":"{71EDA726-1255-4685-B790-39702E2F1DD0}"}},{"type":"Feature","id":343,"geometry":{"type":"Point","coordinates":[202728.84680000041,1895069.6151000001]},"properties":{"OBJECTID":343,"Asset_ID":"RST343","Name":"Hill & High Restaurant & Coffee Shop","District_ID":null,"Gov_ID":"Dhofar Governorate","Wlyt_ID":"Salalah","Road_ID":"101947","Latitude":17.120947189999999,"Longitude":54.206356,"GlobalID":"{5B3D93B4-2735-4F4A-8FA3-3B2D10F87194}"}},{"type":"Feature","id":344,"geometry":{"type":"Point","coordinates":[201151.0876000002,1893345.8085999992]},"properties":{"OBJECTID":344,"Asset_ID":"RST344","Name":"مطعم نور العرب","District_ID":null,"Gov_ID":"Dhofar Governorate","Wlyt_ID":"Salalah","Road_ID":"102005","Latitude":17.10517857,"Longitude":54.191775370000002,"GlobalID":"{F342DD5A-5DA2-4B76-A322-0B6F14B97402}"}},{"type":"Feature","id":345,"geometry":{"type":"Point","coordinates":[201178.18340000045,1893511.6037000008]},"properties":{"OBJECTID":345,"Asset_ID":"RST345","Name":"مضابي الأحقاف","District_ID":null,"Gov_ID":"Dhofar Governorate","Wlyt_ID":"Salalah","Road_ID":"102005","Latitude":17.106678989999999,"Longitude":54.1920073,"GlobalID":"{ED686383-EC5F-4101-9317-60FFAD141734}"}},{"type":"Feature","id":346,"geometry":{"type":"Point","coordinates":[198589.78309999965,1896491.6794000007]},"properties":{"OBJECTID":346,"Asset_ID":"RST346","Name":"مطعم التاج الملكي","District_ID":null,"Gov_ID":"Dhofar Governorate","Wlyt_ID":"Salalah","Road_ID":"101870","Latitude":17.13324549,"Longitude":54.167298430000002,"GlobalID":"{AB526FD1-4EDC-4455-81E3-288A6E0A7254}"}},{"type":"Feature","id":347,"geometry":{"type":"Point","coordinates":[198147.16739999969,1895791.8424999993]},"properties":{"OBJECTID":347,"Asset_ID":"RST347","Name":"اجواء صحلنوت مضابي واكلات محلية","District_ID":null,"Gov_ID":"Dhofar Governorate","Wlyt_ID":"Salalah","Road_ID":"101871","Latitude":17.126868859999998,"Longitude":54.163238280000002,"GlobalID":"{AB83F0B5-D082-4853-8AD6-E99DC7B9F516}"}},{"type":"Feature","id":348,"geometry":{"type":"Point","coordinates":[196797.36340000015,1892732.1082000006]},"properties":{"OBJECTID":348,"Asset_ID":"RST348","Name":"مطعم مضابي البهجة","District_ID":null,"Gov_ID":"Dhofar Governorate","Wlyt_ID":"Salalah","Road_ID":"101857","Latitude":17.099066709999999,"Longitude":54.150985159999998,"GlobalID":"{80286DDD-1C9C-4B65-BFDD-B70100DBC9D2}"}},{"type":"Feature","id":349,"geometry":{"type":"Point","coordinates":[193522.7901999997,1892435.6084000003]},"properties":{"OBJECTID":349,"Asset_ID":"RST349","Name":"مقهى","District_ID":null,"Gov_ID":"Dhofar Governorate","Wlyt_ID":"Salalah","Road_ID":"102177","Latitude":17.095955,"Longitude":54.120285250000002,"GlobalID":"{BD090A2A-44FD-4A47-BE20-C9AAD7E404BB}"}},{"type":"Feature","id":350,"geometry":{"type":"Point","coordinates":[193292.84819999989,1892487.7886999995]},"properties":{"OBJECTID":350,"Asset_ID":"RST350","Name":"مطعم","District_ID":null,"Gov_ID":"Dhofar Governorate","Wlyt_ID":"Salalah","Road_ID":"102172","Latitude":17.09639537,"Longitude":54.118119409999998,"GlobalID":"{2830D886-4319-418B-92CD-C11DD663337F}"}},{"type":"Feature","id":351,"geometry":{"type":"Point","coordinates":[193354.0811999999,1892435.3732999992]},"properties":{"OBJECTID":351,"Asset_ID":"RST351","Name":"مطعم ابو علي","District_ID":null,"Gov_ID":"Dhofar Governorate","Wlyt_ID":"Salalah","Road_ID":"102176","Latitude":17.09593035,"Longitude":54.118701520000002,"GlobalID":"{3A4A9119-45BE-42DE-B2D2-EB7D240F9EDD}"}},{"type":"Feature","id":352,"geometry":{"type":"Point","coordinates":[193358.73489999957,1892529.1821999997]},"properties":{"OBJECTID":352,"Asset_ID":"RST352","Name":"مطعم","District_ID":null,"Gov_ID":"Dhofar Governorate","Wlyt_ID":"Salalah","Road_ID":"102172","Latitude":17.09677787,"Longitude":54.118732180000002,"GlobalID":"{AED2F929-5A59-4836-BFCD-A4E9A8D35FE3}"}},{"type":"Feature","id":353,"geometry":{"type":"Point","coordinates":[195250.11369999964,1893795.5012999997]},"properties":{"OBJECTID":353,"Asset_ID":"RST353","Name":"مطعم","District_ID":null,"Gov_ID":"Dhofar Governorate","Wlyt_ID":"Salalah","Road_ID":"102220","Latitude":17.10846222,"Longitude":54.136312889999999,"GlobalID":"{4C51412D-19AB-4D4D-8A6C-AAF806A56629}"}},{"type":"Feature","id":354,"geometry":{"type":"Point","coordinates":[196403.97229999956,1892675.4065000005]},"properties":{"OBJECTID":354,"Asset_ID":"RST354","Name":"مطعم الضيف للمأكولات العمانية","District_ID":null,"Gov_ID":"Dhofar Governorate","Wlyt_ID":"Salalah","Road_ID":"102167","Latitude":17.098502790000001,"Longitude":54.147299830000001,"GlobalID":"{E8A56004-A9D1-45A0-BB93-1704806AAC38}"}},{"type":"Feature","id":355,"geometry":{"type":"Point","coordinates":[196329.51300000027,1892672.9572000001]},"properties":{"OBJECTID":355,"Asset_ID":"RST355","Name":"مطعم منبع الصفا","District_ID":null,"Gov_ID":"Dhofar Governorate","Wlyt_ID":"Salalah","Road_ID":"102167","Latitude":17.09847083,"Longitude":54.146601150000002,"GlobalID":"{2C153833-A591-46A3-8A72-448A8E20841E}"}},{"type":"Feature","id":356,"geometry":{"type":"Point","coordinates":[196457.5828999998,1892960.4287]},"properties":{"OBJECTID":356,"Asset_ID":"RST356","Name":"مطعم","District_ID":null,"Gov_ID":"Dhofar Governorate","Wlyt_ID":"Salalah","Road_ID":"102167","Latitude":17.101083119999998,"Longitude":54.147763920000003,"GlobalID":"{16416166-B2F5-47B1-9241-D50D1367967F}"}},{"type":"Feature","id":357,"geometry":{"type":"Point","coordinates":[190499.89059999958,1891924.2006000001]},"properties":{"OBJECTID":357,"Asset_ID":"RST357","Name":"مطعم restaurant","District_ID":null,"Gov_ID":"Dhofar Governorate","Wlyt_ID":"Salalah","Road_ID":"102196","Latitude":17.09093258,"Longitude":54.091979729999998,"GlobalID":"{444166BD-6B28-4408-8A7F-F8A7E8FECC22}"}},{"type":"Feature","id":358,"geometry":{"type":"Point","coordinates":[188298.93329999968,1891789.9779000003]},"properties":{"OBJECTID":358,"Asset_ID":"RST358","Name":"مطعم","District_ID":null,"Gov_ID":"Dhofar Governorate","Wlyt_ID":"Salalah","Road_ID":"102315","Latitude":17.089423180000001,"Longitude":54.07133838,"GlobalID":"{4C99CC58-167A-40E8-B43A-30FAEE531085}"}},{"type":"Feature","id":359,"geometry":{"type":"Point","coordinates":[188115.96920000017,1891738.2972999997]},"properties":{"OBJECTID":359,"Asset_ID":"RST359","Name":"مطعم خرمة للمأكولات العمانية","District_ID":null,"Gov_ID":"Dhofar Governorate","Wlyt_ID":"Salalah","Road_ID":"105140","Latitude":17.08893179,"Longitude":54.069628229999999,"GlobalID":"{99C46094-6FE6-4E69-B200-8C6497B05008}"}},{"type":"Feature","id":360,"geometry":{"type":"Point","coordinates":[188199.50069999974,1891596.8050999995]},"properties":{"OBJECTID":360,"Asset_ID":"RST360","Name":"مطعم جيزان","District_ID":null,"Gov_ID":"Dhofar Governorate","Wlyt_ID":"Salalah","Road_ID":"101261","Latitude":17.0876658,"Longitude":54.0704323,"GlobalID":"{F250AD38-F350-45DD-9F0E-69756458C58F}"}},{"type":"Feature","id":361,"geometry":{"type":"Point","coordinates":[188207.96559999976,1891649.2683000006]},"properties":{"OBJECTID":361,"Asset_ID":"RST361","Name":"مطعم","District_ID":null,"Gov_ID":"Dhofar Governorate","Wlyt_ID":"Salalah","Road_ID":"101261","Latitude":17.088140559999999,"Longitude":54.07050435,"GlobalID":"{481D37A7-A542-490C-9D0F-479108D865D2}"}},{"type":"Feature","id":362,"geometry":{"type":"Point","coordinates":[188215.99149999954,1891688.6956999991]},"properties":{"OBJECTID":362,"Asset_ID":"RST362","Name":"مطعم","District_ID":null,"Gov_ID":"Dhofar Governorate","Wlyt_ID":"Salalah","Road_ID":"101261","Latitude":17.088497589999999,"Longitude":54.070574120000003,"GlobalID":"{64619EA1-026D-4A70-928A-FD02ABF5BB1F}"}},{"type":"Feature","id":363,"geometry":{"type":"Point","coordinates":[187985.68499999959,1891329.5354999993]},"properties":{"OBJECTID":363,"Asset_ID":"RST363","Name":"مطعم restaurant","District_ID":null,"Gov_ID":"Dhofar Governorate","Wlyt_ID":"Salalah","Road_ID":"105056","Latitude":17.085223970000001,"Longitude":54.068463020000003,"GlobalID":"{5967D1C5-271C-49CA-AC6D-764C13846D9B}"}},{"type":"Feature","id":364,"geometry":{"type":"Point","coordinates":[187977.01960000023,1891283.3863999993]},"properties":{"OBJECTID":364,"Asset_ID":"RST364","Name":"مطعم بن دوني","District_ID":null,"Gov_ID":"Dhofar Governorate","Wlyt_ID":"Salalah","Road_ID":"105056","Latitude":17.08480617,"Longitude":54.068388200000001,"GlobalID":"{55542112-E9C3-463C-AAD5-9521430555A5}"}},{"type":"Feature","id":365,"geometry":{"type":"Point","coordinates":[187971.42019999959,1891264.3247999996]},"properties":{"OBJECTID":365,"Asset_ID":"RST365","Name":"مطعم زهور الخريف","District_ID":null,"Gov_ID":"Dhofar Governorate","Wlyt_ID":"Salalah","Road_ID":"105056","Latitude":17.084633329999999,"Longitude":54.068338330000003,"GlobalID":"{87DA6189-05A9-4565-B749-01A2B559549A}"}},{"type":"Feature","id":366,"geometry":{"type":"Point","coordinates":[187969.38239999954,1891255.3896999992]},"properties":{"OBJECTID":366,"Asset_ID":"RST366","Name":"مطعم","District_ID":null,"Gov_ID":"Dhofar Governorate","Wlyt_ID":"Salalah","Road_ID":"105056","Latitude":17.084552389999999,"Longitude":54.068320470000003,"GlobalID":"{A247339E-A45A-471B-AF92-357B07F4A67E}"}},{"type":"Feature","id":367,"geometry":{"type":"Point","coordinates":[187967.34449999966,1891243.7897999994]},"properties":{"OBJECTID":367,"Asset_ID":"RST367","Name":"مطعم","District_ID":null,"Gov_ID":"Dhofar Governorate","Wlyt_ID":"Salalah","Road_ID":"105056","Latitude":17.084447399999998,"Longitude":54.068302979999999,"GlobalID":"{284F2757-6935-4D92-ABBF-91DF139B222E}"}},{"type":"Feature","id":368,"geometry":{"type":"Point","coordinates":[187962.88680000044,1891223.4506000001]},"properties":{"OBJECTID":368,"Asset_ID":"RST368","Name":"مطعم ابو سعيد","District_ID":null,"Gov_ID":"Dhofar Governorate","Wlyt_ID":"Salalah","Road_ID":"105056","Latitude":17.084263180000001,"Longitude":54.06826401,"GlobalID":"{6BE901FF-C240-43F3-8C93-234506749D37}"}},{"type":"Feature","id":369,"geometry":{"type":"Point","coordinates":[188079.47429999989,1890998.1132999994]},"properties":{"OBJECTID":369,"Asset_ID":"RST369","Name":"مطعم 9","District_ID":null,"Gov_ID":"Dhofar Governorate","Wlyt_ID":"Salalah","Road_ID":"102278","Latitude":17.082244759999998,"Longitude":54.069390169999998,"GlobalID":"{6C2D3F8A-0793-45A0-9617-B968EABFD42D}"}},{"type":"Feature","id":370,"geometry":{"type":"Point","coordinates":[188077.02500000037,1890988.3160999995]},"properties":{"OBJECTID":370,"Asset_ID":"RST370","Name":"مطعم جنوب أتين 8","District_ID":null,"Gov_ID":"Dhofar Governorate","Wlyt_ID":"Salalah","Road_ID":"102278","Latitude":17.08215598,"Longitude":54.069368560000001,"GlobalID":"{AB395401-A8C1-4D75-9A3A-C6540D5C81B5}"}},{"type":"Feature","id":371,"geometry":{"type":"Point","coordinates":[188075.31049999967,1890979.0087000001]},"properties":{"OBJECTID":371,"Asset_ID":"RST371","Name":"مطعم 7","District_ID":null,"Gov_ID":"Dhofar Governorate","Wlyt_ID":"Salalah","Road_ID":"102278","Latitude":17.082071729999999,"Longitude":54.06935378,"GlobalID":"{53E0D45B-CAFA-4BB7-B618-0E5579A7E76E}"}},{"type":"Feature","id":372,"geometry":{"type":"Point","coordinates":[188063.55379999988,1890926.3483000007]},"properties":{"OBJECTID":372,"Asset_ID":"RST372","Name":"مطعم نواحي ظفار","District_ID":null,"Gov_ID":"Dhofar Governorate","Wlyt_ID":"Salalah","Road_ID":"102278","Latitude":17.081594729999999,"Longitude":54.069250859999997,"GlobalID":"{C725CCC5-8F38-4E58-BFDE-DBD6F874C636}"}},{"type":"Feature","id":373,"geometry":{"type":"Point","coordinates":[188066.98280000035,1890942.7587000001]},"properties":{"OBJECTID":373,"Asset_ID":"RST373","Name":"مطعم خريف اتين 5","District_ID":null,"Gov_ID":"Dhofar Governorate","Wlyt_ID":"Salalah","Road_ID":"102278","Latitude":17.08174335,"Longitude":54.069280730000003,"GlobalID":"{9A9C65B5-5D24-46BE-9BCB-50AF3D4AE3B7}"}},{"type":"Feature","id":374,"geometry":{"type":"Point","coordinates":[188069.18719999958,1890954.5154999997]},"properties":{"OBJECTID":374,"Asset_ID":"RST374","Name":"مطعم سهل اتين","District_ID":null,"Gov_ID":"Dhofar Governorate","Wlyt_ID":"Salalah","Road_ID":"102278","Latitude":17.081849779999999,"Longitude":54.06929976,"GlobalID":"{16F35E74-7315-4C4D-99BE-6758260EB4BF}"}},{"type":"Feature","id":375,"geometry":{"type":"Point","coordinates":[188072.12640000042,1890968.4766000006]},"properties":{"OBJECTID":375,"Asset_ID":"RST375","Name":"مطعم الافضل","District_ID":null,"Gov_ID":"Dhofar Governorate","Wlyt_ID":"Salalah","Road_ID":"102278","Latitude":17.081976210000001,"Longitude":54.069325380000002,"GlobalID":"{DBEEC8FC-45D4-4B1F-A384-FA8E5F4C293A}"}},{"type":"Feature","id":376,"geometry":{"type":"Point","coordinates":[187867.97190000024,1890910.7625999991]},"properties":{"OBJECTID":376,"Asset_ID":"RST376","Name":"فيوبارك viewpark","District_ID":null,"Gov_ID":"Dhofar Governorate","Wlyt_ID":"Salalah","Road_ID":"104585","Latitude":17.081427470000001,"Longitude":54.067417249999998,"GlobalID":"{587DBD1A-383A-4C86-96B1-F63DC4A77A12}"}},{"type":"Feature","id":377,"geometry":{"type":"Point","coordinates":[188323.91629999969,1890949.1270000003]},"properties":{"OBJECTID":377,"Asset_ID":"RST377","Name":"مطعم و ملحمة","District_ID":null,"Gov_ID":"Dhofar Governorate","Wlyt_ID":"Salalah","Road_ID":"102206","Latitude":17.081835699999999,"Longitude":54.071691510000001,"GlobalID":"{C184C0E5-E2FC-4DE0-A599-7CCDBA234512}"}},{"type":"Feature","id":378,"geometry":{"type":"Point","coordinates":[188404.74380000029,1890968.7215]},"properties":{"OBJECTID":378,"Asset_ID":"RST378","Name":"مطعم","District_ID":null,"Gov_ID":"Dhofar Governorate","Wlyt_ID":"Salalah","Road_ID":"102206","Latitude":17.08202356,"Longitude":54.072447429999997,"GlobalID":"{38393A73-248B-4E40-A64F-576E4FAD8D04}"}},{"type":"Feature","id":379,"geometry":{"type":"Point","coordinates":[188493.65409999993,1890990.2754999995]},"properties":{"OBJECTID":379,"Asset_ID":"RST379","Name":"مطعم قبولي إتين","District_ID":null,"Gov_ID":"Dhofar Governorate","Wlyt_ID":"Salalah","Road_ID":"102206","Latitude":17.082230190000001,"Longitude":54.073278950000002,"GlobalID":"{2DB27FE2-6982-47C7-B78C-B451A036AD58}"}},{"type":"Feature","id":380,"geometry":{"type":"Point","coordinates":[188513.24859999958,1890995.6640000008]},"properties":{"OBJECTID":380,"Asset_ID":"RST380","Name":"مطعم المذاق الاصيل","District_ID":null,"Gov_ID":"Dhofar Governorate","Wlyt_ID":"Salalah","Road_ID":"102206","Latitude":17.082281500000001,"Longitude":54.073462110000001,"GlobalID":"{A79AC028-AAB4-4627-B515-1B23C5C3259D}"}},{"type":"Feature","id":381,"geometry":{"type":"Point","coordinates":[188502.47159999982,1890952.0661999993]},"properties":{"OBJECTID":381,"Asset_ID":"RST381","Name":"مطعم العودة","District_ID":null,"Gov_ID":"Dhofar Governorate","Wlyt_ID":"Salalah","Road_ID":"102206","Latitude":17.081886449999999,"Longitude":54.073367099999999,"GlobalID":"{385FD6D6-2E03-4B98-9CA0-8ED01E5DBCC4}"}},{"type":"Feature","id":382,"geometry":{"type":"Point","coordinates":[187742.44809999969,1889229.4605999999]},"properties":{"OBJECTID":382,"Asset_ID":"RST382","Name":"مطعم ومطبخ عين الخليج (مضابي 9)","District_ID":null,"Gov_ID":"Dhofar Governorate","Wlyt_ID":"Salalah","Road_ID":"102349","Latitude":17.06623235,"Longitude":54.066476479999999,"GlobalID":"{26DFF704-8295-4C49-A907-3127E22BBFD6}"}},{"type":"Feature","id":383,"geometry":{"type":"Point","coordinates":[187735.83499999996,1889198.1094000004]},"properties":{"OBJECTID":383,"Asset_ID":"RST383","Name":"مطعم رقم 8","District_ID":null,"Gov_ID":"Dhofar Governorate","Wlyt_ID":"Salalah","Road_ID":"102349","Latitude":17.065948420000002,"Longitude":54.066418839999997,"GlobalID":"{46DD723D-24B4-4D44-BEA4-EF7062541834}"}},{"type":"Feature","id":384,"geometry":{"type":"Point","coordinates":[187727.9972000001,1889167.2479999997]},"properties":{"OBJECTID":384,"Asset_ID":"RST384","Name":"مطعم ومضابي ابو عابد 7","District_ID":null,"Gov_ID":"Dhofar Governorate","Wlyt_ID":"Salalah","Road_ID":"102349","Latitude":17.06566875,"Longitude":54.066349639999999,"GlobalID":"{98C1265A-B51D-457C-B493-E35D3019FA3F}"}},{"type":"Feature","id":385,"geometry":{"type":"Point","coordinates":[187721.87390000001,1889134.6720000003]},"properties":{"OBJECTID":385,"Asset_ID":"RST385","Name":"مضابي السلطان 6","District_ID":null,"Gov_ID":"Dhofar Governorate","Wlyt_ID":"Salalah","Road_ID":"102349","Latitude":17.065373839999999,"Longitude":54.06629676,"GlobalID":"{71CBCE35-21AC-4381-89EB-8A08F651F50E}"}},{"type":"Feature","id":386,"geometry":{"type":"Point","coordinates":[187716.73029999994,1889104.5453999992]},"properties":{"OBJECTID":386,"Asset_ID":"RST386","Name":"مطعم دجاج الصفاء","District_ID":null,"Gov_ID":"Dhofar Governorate","Wlyt_ID":"Salalah","Road_ID":"102349","Latitude":17.065101169999998,"Longitude":54.066252740000003,"GlobalID":"{E7A73C2B-967F-4A01-B94A-086224F795C2}"}},{"type":"Feature","id":387,"geometry":{"type":"Point","coordinates":[187711.34179999959,1889073.4390999991]},"properties":{"OBJECTID":387,"Asset_ID":"RST387","Name":"مضابي الجود 4","District_ID":null,"Gov_ID":"Dhofar Governorate","Wlyt_ID":"Salalah","Road_ID":"102349","Latitude":17.064819629999999,"Longitude":54.066206559999998,"GlobalID":"{9D8C635F-5DB9-4D94-94AB-66E4260F92D4}"}},{"type":"Feature","id":388,"geometry":{"type":"Point","coordinates":[187705.46339999977,1889037.6789999995]},"properties":{"OBJECTID":388,"Asset_ID":"RST388","Name":"مضابي بن عامر","District_ID":null,"Gov_ID":"Dhofar Governorate","Wlyt_ID":"Salalah","Road_ID":"102349","Latitude":17.064495999999998,"Longitude":54.066156429999999,"GlobalID":"{A687E5EB-56AA-47EB-91B9-CCCB7857F28A}"}},{"type":"Feature","id":389,"geometry":{"type":"Point","coordinates":[187698.36039999966,1889008.2872000001]},"properties":{"OBJECTID":389,"Asset_ID":"RST389","Name":"مضابي رقم 2","District_ID":null,"Gov_ID":"Dhofar Governorate","Wlyt_ID":"Salalah","Road_ID":"102349","Latitude":17.064229699999999,"Longitude":54.06609392,"GlobalID":"{66B07450-09FB-4413-A5E4-908F24ED9F4A}"}},{"type":"Feature","id":390,"geometry":{"type":"Point","coordinates":[187693.70669999998,1888972.0373]},"properties":{"OBJECTID":390,"Asset_ID":"RST390","Name":"مطاعم و مضابي ابو وسيم 1","District_ID":null,"Gov_ID":"Dhofar Governorate","Wlyt_ID":"Salalah","Road_ID":"102349","Latitude":17.063901820000002,"Longitude":54.06605536,"GlobalID":"{FFB4E484-1D26-441F-B771-58334C67564E}"}},{"type":"Feature","id":391,"geometry":{"type":"Point","coordinates":[187750.0410000002,1889261.0568000004]},"properties":{"OBJECTID":391,"Asset_ID":"RST391","Name":"مضابي رقم 10","District_ID":null,"Gov_ID":"Dhofar Governorate","Wlyt_ID":"Salalah","Road_ID":"102349","Latitude":17.066518609999999,"Longitude":54.066543289999998,"GlobalID":"{9AADAF4B-804C-47B7-8E82-7128EE850BB8}"}},{"type":"Feature","id":392,"geometry":{"type":"Point","coordinates":[182500.17229999974,1885488.3718999997]},"properties":{"OBJECTID":392,"Asset_ID":"RST392","Name":"مطعم ابو سراج","District_ID":"Auqad al Shamaliyya Extension","Gov_ID":"Dhofar Governorate","Wlyt_ID":"Salalah","Road_ID":"104830","Latitude":17.031743129999999,"Longitude":54.017812040000003,"GlobalID":"{D8327958-F276-46DB-8340-B292581A5336}"}},{"type":"Feature","id":393,"geometry":{"type":"Point","coordinates":[187946.96619999968,1890394.6012999993]},"properties":{"OBJECTID":393,"Asset_ID":"RST393","Name":"مطعم","District_ID":null,"Gov_ID":"Dhofar Governorate","Wlyt_ID":"Salalah","Road_ID":"102422","Latitude":17.07677851,"Longitude":54.068231599999997,"GlobalID":"{6FD56046-6B54-46D1-8AA0-3079B6166D34}"}},{"type":"Feature","id":394,"geometry":{"type":"Point","coordinates":[188015.15519999992,1890410.6296999995]},"properties":{"OBJECTID":394,"Asset_ID":"RST394","Name":"مضابي نجد","District_ID":null,"Gov_ID":"Dhofar Governorate","Wlyt_ID":"Salalah","Road_ID":"102421","Latitude":17.076932469999999,"Longitude":54.068869370000002,"GlobalID":"{FB819EF6-AB95-4A82-BA53-F4C1ADF1BEA8}"}},{"type":"Feature","id":395,"geometry":{"type":"Point","coordinates":[189299.49149999954,1891465.3742999993]},"properties":{"OBJECTID":395,"Asset_ID":"RST395","Name":"مطعم شلال جرزيز","District_ID":null,"Gov_ID":"Dhofar Governorate","Wlyt_ID":"Salalah","Road_ID":"102204","Latitude":17.086628340000001,"Longitude":54.080776120000003,"GlobalID":"{12DB3BA8-3DE4-4E73-8F27-F39742D4C329}"}},{"type":"Feature","id":396,"geometry":{"type":"Point","coordinates":[190733.06570000015,1892049.1158000007]},"properties":{"OBJECTID":396,"Asset_ID":"RST396","Name":"مطعم وادي الريف","District_ID":null,"Gov_ID":"Dhofar Governorate","Wlyt_ID":"Salalah","Road_ID":"102196","Latitude":17.092091700000001,"Longitude":54.094151070000002,"GlobalID":"{E524B154-5AA0-48CB-917E-1EECB7F82CCF}"}},{"type":"Feature","id":397,"geometry":{"type":"Point","coordinates":[193405.1540000001,1892421.1618000008]},"properties":{"OBJECTID":397,"Asset_ID":"RST397","Name":"مطعم","District_ID":null,"Gov_ID":"Dhofar Governorate","Wlyt_ID":"Salalah","Road_ID":"102172","Latitude":17.095808869999999,"Longitude":54.119182940000002,"GlobalID":"{32A72C30-A818-4C1D-8231-11E513F4E7B6}"}},{"type":"Feature","id":398,"geometry":{"type":"Point","coordinates":[196283.75270000007,1892669.6645]},"properties":{"OBJECTID":398,"Asset_ID":"RST398","Name":"مطعم","District_ID":null,"Gov_ID":"Dhofar Governorate","Wlyt_ID":"Salalah","Road_ID":"102167","Latitude":17.098435049999999,"Longitude":54.146172010000001,"GlobalID":"{132EB98A-614C-43A0-A587-F776C714E35A}"}},{"type":"Feature","id":399,"geometry":{"type":"Point","coordinates":[200635.25870000012,1894313.8874999993]},"properties":{"OBJECTID":399,"Asset_ID":"RST399","Name":"مطعم","District_ID":null,"Gov_ID":"Dhofar Governorate","Wlyt_ID":"Salalah","Road_ID":"101869","Latitude":17.113851619999998,"Longitude":54.186801080000002,"GlobalID":"{661EDC7A-6B75-4A5F-8D0B-E5D7E623F8C3}"}},{"type":"Feature","id":400,"geometry":{"type":"Point","coordinates":[200613.74839999992,1894202.2522]},"properties":{"OBJECTID":400,"Asset_ID":"RST400","Name":"مطعم","District_ID":null,"Gov_ID":"Dhofar Governorate","Wlyt_ID":"Salalah","Road_ID":"101869","Latitude":17.112840909999999,"Longitude":54.18661427,"GlobalID":"{6E540B4B-4C0D-444E-9EC1-CC4AB7ED7D13}"}},{"type":"Feature","id":401,"geometry":{"type":"Point","coordinates":[200614.38260000013,1894178.7887999993]},"properties":{"OBJECTID":401,"Asset_ID":"RST401","Name":"مطعم","District_ID":null,"Gov_ID":"Dhofar Governorate","Wlyt_ID":"Salalah","Road_ID":"101869","Latitude":17.11262915,"Longitude":54.186623410000003,"GlobalID":"{71F69FA1-A1BE-47F6-874E-6DB274564210}"}},{"type":"Feature","id":402,"geometry":{"type":"Point","coordinates":[200810.6512000002,1894318.6974999998]},"properties":{"OBJECTID":402,"Asset_ID":"RST402","Name":"مطعم","District_ID":null,"Gov_ID":"Dhofar Governorate","Wlyt_ID":"Salalah","Road_ID":"101962","Latitude":17.11391794,"Longitude":54.188447179999997,"GlobalID":"{FE258891-5198-40B3-AE3D-2B13FC40C07D}"}},{"type":"Feature","id":403,"geometry":{"type":"Point","coordinates":[196852.18520000018,1892744.7241999991]},"properties":{"OBJECTID":403,"Asset_ID":"RST403","Name":"مطعم بهجة صلالة","District_ID":null,"Gov_ID":"Dhofar Governorate","Wlyt_ID":"Salalah","Road_ID":"102117","Latitude":17.09918785,"Longitude":54.151498089999997,"GlobalID":"{6305D188-5404-4DD2-A42B-078176A200FE}"}},{"type":"Feature","id":404,"geometry":{"type":"Point","coordinates":[186452.60639999993,1888891.5861000009]},"properties":{"OBJECTID":404,"Asset_ID":"RST404","Name":"مطعم الجرش","District_ID":null,"Gov_ID":"Dhofar Governorate","Wlyt_ID":"Salalah","Road_ID":"104615","Latitude":17.06300671,"Longitude":54.054418499999997,"GlobalID":"{D7B65535-1182-45FE-ADF1-19F3A4770D5D}"}},{"type":"Feature","id":405,"geometry":{"type":"Point","coordinates":[185783.89809999987,1889270.4890999999]},"properties":{"OBJECTID":405,"Asset_ID":"RST405","Name":"مطعم العافية","District_ID":null,"Gov_ID":"Dhofar Governorate","Wlyt_ID":"Salalah","Road_ID":"104714","Latitude":17.066335989999999,"Longitude":54.048088649999997,"GlobalID":"{64C46494-A057-4A70-9145-C8FDC0657F1D}"}},{"type":"Feature","id":406,"geometry":{"type":"Point","coordinates":[182876.17449999973,1887568.9927999992]},"properties":{"OBJECTID":406,"Asset_ID":"RST406","Name":"مطعم بن فاقاش","District_ID":null,"Gov_ID":"Dhofar Governorate","Wlyt_ID":"Salalah","Road_ID":"104960","Latitude":17.050577140000001,"Longitude":54.0210425,"GlobalID":"{378FC7DB-80B6-4FCD-9963-E31BDC4D61C8}"}},{"type":"Feature","id":407,"geometry":{"type":"Point","coordinates":[182974.7145999996,1887229.9047999997]},"properties":{"OBJECTID":407,"Asset_ID":"RST407","Name":"مطعم حصن الريف","District_ID":null,"Gov_ID":"Dhofar Governorate","Wlyt_ID":"Salalah","Road_ID":"104611","Latitude":17.04752968,"Longitude":54.022015779999997,"GlobalID":"{2D49F1B9-B91E-4318-96F4-AEE1EE27D36A}"}},{"type":"Feature","id":408,"geometry":{"type":"Point","coordinates":[180956.45220000017,1886476.4364]},"properties":{"OBJECTID":408,"Asset_ID":"RST408","Name":"مطعم","District_ID":null,"Gov_ID":"Dhofar Governorate","Wlyt_ID":"Salalah","Road_ID":"104960","Latitude":17.04044932,"Longitude":54.003184500000003,"GlobalID":"{66C10A56-EB7D-468F-B2D0-D70E59EA6BFE}"}},{"type":"Feature","id":409,"geometry":{"type":"Point","coordinates":[198672.8814000003,1896486.193]},"properties":{"OBJECTID":409,"Asset_ID":"RST409","Name":"مطعم الدلة","District_ID":null,"Gov_ID":"Dhofar Governorate","Wlyt_ID":"Salalah","Road_ID":"101892","Latitude":17.13320689,"Longitude":54.168079460000001,"GlobalID":"{EDB7B4F0-DC9D-48AA-A8BF-09BC10E59428}"}},{"type":"Feature","id":410,"geometry":{"type":"Point","coordinates":[192254.38499999978,1893386.5024999995]},"properties":{"OBJECTID":410,"Asset_ID":"RST410","Name":"مطعم الطاووس الازرق","District_ID":null,"Gov_ID":"Dhofar Governorate","Wlyt_ID":"Salalah","Road_ID":"102172","Latitude":17.104369869999999,"Longitude":54.108245529999998,"GlobalID":"{E15B36EE-57A8-4F72-BDEC-D49273B0DC5A}"}},{"type":"Feature","id":411,"geometry":{"type":"Point","coordinates":[187211.04650000017,1890494.7104000002]},"properties":{"OBJECTID":411,"Asset_ID":"RST411","Name":"مطعم ضباب الخريف","District_ID":null,"Gov_ID":"Dhofar Governorate","Wlyt_ID":"Salalah","Road_ID":"104982","Latitude":17.07758222,"Longitude":54.06131001,"GlobalID":"{C4EED278-1B1D-4701-9DEC-1E1D1D67B1DB}"}},{"type":"Feature","id":412,"geometry":{"type":"Point","coordinates":[187027.85720000044,1890205.1626999993]},"properties":{"OBJECTID":412,"Asset_ID":"RST412","Name":"مطعم صرود عوشه","District_ID":null,"Gov_ID":"Dhofar Governorate","Wlyt_ID":"Salalah","Road_ID":"104587","Latitude":17.074943390000001,"Longitude":54.05963156,"GlobalID":"{5D5B7092-4FD2-45DE-BB64-E9337F3AB558}"}},{"type":"Feature","id":413,"geometry":{"type":"Point","coordinates":[186985.3367999997,1890251.7193]},"properties":{"OBJECTID":413,"Asset_ID":"RST413","Name":"مطعم فجر ظفار","District_ID":null,"Gov_ID":"Dhofar Governorate","Wlyt_ID":"Salalah","Road_ID":"104704","Latitude":17.075357889999999,"Longitude":54.05922588,"GlobalID":"{B7C1ECFD-6E92-40F8-AC04-409E3872AF43}"}},{"type":"Feature","id":414,"geometry":{"type":"Point","coordinates":[186969.96769999992,1890240.8705000002]},"properties":{"OBJECTID":414,"Asset_ID":"RST414","Name":"مطعم محطة جرزيز","District_ID":null,"Gov_ID":"Dhofar Governorate","Wlyt_ID":"Salalah","Road_ID":"104611","Latitude":17.075257860000001,"Longitude":54.05908316,"GlobalID":"{461A0695-C1DD-4DE6-95F4-E5C5A2752942}"}},{"type":"Feature","id":415,"geometry":{"type":"Point","coordinates":[186441.27099999972,1889821.7017999999]},"properties":{"OBJECTID":415,"Asset_ID":"RST415","Name":"مطعم مصطفى","District_ID":null,"Gov_ID":"Dhofar Governorate","Wlyt_ID":"Salalah","Road_ID":"104611","Latitude":17.071401760000001,"Longitude":54.054180270000003,"GlobalID":"{06A75777-C44D-4DB1-869D-B78E4C081A60}"}},{"type":"Feature","id":416,"geometry":{"type":"Point","coordinates":[185741.20089999959,1889136.4016999993]},"properties":{"OBJECTID":416,"Asset_ID":"RST416","Name":"مطعم","District_ID":null,"Gov_ID":"Dhofar Governorate","Wlyt_ID":"Salalah","Road_ID":"104611","Latitude":17.06511969,"Longitude":54.04770697,"GlobalID":"{C2FB970E-2E40-4997-9C66-9FE448E4AA7E}"}},{"type":"Feature","id":417,"geometry":{"type":"Point","coordinates":[185561.39169999957,1889163.2785999998]},"properties":{"OBJECTID":417,"Asset_ID":"RST417","Name":"مطعم","District_ID":null,"Gov_ID":"Dhofar Governorate","Wlyt_ID":"Salalah","Road_ID":"104717","Latitude":17.065337750000001,"Longitude":54.046015570000002,"GlobalID":"{1A41A828-A968-4976-A819-DFF436662871}"}},{"type":"Feature","id":418,"geometry":{"type":"Point","coordinates":[199148.70669999998,1883030.4266999997]},"properties":{"OBJECTID":418,"Asset_ID":"RST418","Name":"LA' JAURA","District_ID":"Dahariz al Janubiyya","Gov_ID":"Dhofar Governorate","Wlyt_ID":"Salalah","Road_ID":"100045","Latitude":17.011785069999998,"Longitude":54.1743782,"GlobalID":"{A5FC65A9-3FC5-47D4-AAE9-7C146CFDD724}"}},{"type":"Feature","id":419,"geometry":{"type":"Point","coordinates":[197785.4140999997,1882844.6776000001]},"properties":{"OBJECTID":419,"Asset_ID":"RST419","Name":"مطعم","District_ID":"Dahariz al Janubiyya","Gov_ID":"Dhofar Governorate","Wlyt_ID":"Salalah","Road_ID":"100159","Latitude":17.00992991,"Longitude":54.161610719999999,"GlobalID":"{F9713BB1-EBF4-41D6-8D80-16C278EF907D}"}},{"type":"Feature","id":420,"geometry":{"type":"Point","coordinates":[197908.50409999955,1882816.1586000007]},"properties":{"OBJECTID":420,"Asset_ID":"RST420","Name":"La Terrasse","District_ID":"Dahariz al Janubiyya","Gov_ID":"Dhofar Governorate","Wlyt_ID":"Salalah","Road_ID":"100027","Latitude":17.00968855,"Longitude":54.16276963,"GlobalID":"{3B394F6F-0865-48B2-8898-C173EFF9A99A}"}},{"type":"Feature","id":421,"geometry":{"type":"Point","coordinates":[197694.38040000014,1882793.9880999997]},"properties":{"OBJECTID":421,"Asset_ID":"RST421","Name":"El Patio Restuarent","District_ID":"Dahariz al Janubiyya","Gov_ID":"Dhofar Governorate","Wlyt_ID":"Salalah","Road_ID":"100027","Latitude":17.009460350000001,"Longitude":54.1607634,"GlobalID":"{5C348C43-795C-4D11-80B9-7055ACA1B7AE}"}},{"type":"Feature","id":422,"geometry":{"type":"Point","coordinates":[197672.26599999983,1882825.2078000009]},"properties":{"OBJECTID":422,"Asset_ID":"RST422","Name":"مطعم","District_ID":"Dahariz al Janubiyya","Gov_ID":"Dhofar Governorate","Wlyt_ID":"Salalah","Road_ID":"100159","Latitude":17.009739310000001,"Longitude":54.160551640000001,"GlobalID":"{82DC4A2A-73E1-41BC-B300-2040D5C21C08}"}},{"type":"Feature","id":423,"geometry":{"type":"Point","coordinates":[197446.34750000015,1882785.9987000003]},"properties":{"OBJECTID":423,"Asset_ID":"RST423","Name":"زوارة للماكولات الكويتية","District_ID":"Dahariz al Janubiyya","Gov_ID":"Dhofar Governorate","Wlyt_ID":"Salalah","Road_ID":"100159","Latitude":17.009355710000001,"Longitude":54.158437059999997,"GlobalID":"{6CC35E33-102C-4CA6-A75E-D3FD4C843C91}"}},{"type":"Feature","id":424,"geometry":{"type":"Point","coordinates":[197357.81780000031,1882812.6298999991]},"properties":{"OBJECTID":424,"Asset_ID":"RST424","Name":"Topaz International Restuarent","District_ID":"Dahariz al Janubiyya","Gov_ID":"Dhofar Governorate","Wlyt_ID":"Salalah","Road_ID":"100159","Latitude":17.009584539999999,"Longitude":54.157602709999999,"GlobalID":"{2735FEC9-8BC6-4179-8659-D5CA03A03C83}"}},{"type":"Feature","id":425,"geometry":{"type":"Point","coordinates":[198196.43730000034,1883145.8729999997]},"properties":{"OBJECTID":425,"Asset_ID":"RST425","Name":"مطعم تلال اتين","District_ID":"Dahariz al Janubiyya","Gov_ID":"Dhofar Governorate","Wlyt_ID":"Salalah","Road_ID":"100013","Latitude":17.01270302,"Longitude":54.165426660000001,"GlobalID":"{6C4B83E7-D4C7-42D9-B7D6-09E00FED511F}"}},{"type":"Feature","id":426,"geometry":{"type":"Point","coordinates":[197466.38509999961,1883016.3828999996]},"properties":{"OBJECTID":426,"Asset_ID":"RST426","Name":"مطعم ال إسحاق","District_ID":"Dahariz al Janubiyya","Gov_ID":"Dhofar Governorate","Wlyt_ID":"Salalah","Road_ID":"100013","Latitude":17.011438330000001,"Longitude":54.158593689999996,"GlobalID":"{C020AA36-AA26-4470-9B8E-DDC5152E6C0F}"}},{"type":"Feature","id":427,"geometry":{"type":"Point","coordinates":[197744.48269999959,1883887.6172000002]},"properties":{"OBJECTID":427,"Asset_ID":"RST427","Name":"مطعم بيت الوالي","District_ID":"Dahariz al Janubiyya","Gov_ID":"Dhofar Governorate","Wlyt_ID":"Salalah","Road_ID":"100002","Latitude":17.01934061,"Longitude":54.161084629999998,"GlobalID":"{B7085029-8918-4B0B-AEF5-38505D191589}"}},{"type":"Feature","id":428,"geometry":{"type":"Point","coordinates":[197732.07019999996,1883883.0363999996]},"properties":{"OBJECTID":428,"Asset_ID":"RST428","Name":"مطعم قصر نجد","District_ID":"Dahariz al Janubiyya","Gov_ID":"Dhofar Governorate","Wlyt_ID":"Salalah","Road_ID":"100002","Latitude":17.01929762,"Longitude":54.160968769999997,"GlobalID":"{76B2A97B-5AF4-4162-A757-A4FC129BE409}"}},{"type":"Feature","id":429,"geometry":{"type":"Point","coordinates":[197534.0979000004,1883902.3703000005]},"properties":{"OBJECTID":429,"Asset_ID":"RST429","Name":"مطعم افرو سفاري","District_ID":"Dahariz al Shamaliyya","Gov_ID":"Dhofar Governorate","Wlyt_ID":"Salalah","Road_ID":"100024","Latitude":17.019446219999999,"Longitude":54.159108359999998,"GlobalID":"{837F6A44-616D-4E4A-A6A0-7C5FE5013967}"}},{"type":"Feature","id":430,"geometry":{"type":"Point","coordinates":[197596.56790000014,1883913.9197000004]},"properties":{"OBJECTID":430,"Asset_ID":"RST430","Name":"مطعم بن محروس الحديث","District_ID":"Dahariz al Shamaliyya","Gov_ID":"Dhofar Governorate","Wlyt_ID":"Salalah","Road_ID":"100024","Latitude":17.01955869,"Longitude":54.159693009999998,"GlobalID":"{2D52E037-0159-497A-B1FB-A7005EB0BFDE}"}},{"type":"Feature","id":431,"geometry":{"type":"Point","coordinates":[197710.05300000031,1883984.8478999995]},"properties":{"OBJECTID":431,"Asset_ID":"RST431","Name":"مطعم restuarent","District_ID":"Dahariz al Shamaliyya","Gov_ID":"Dhofar Governorate","Wlyt_ID":"Salalah","Road_ID":"100153","Latitude":17.020213930000001,"Longitude":54.160748290000001,"GlobalID":"{248E3A5A-D0B1-494D-8E36-A0B92924A8B9}"}},{"type":"Feature","id":432,"geometry":{"type":"Point","coordinates":[197772.55840000045,1883996.5215000007]},"properties":{"OBJECTID":432,"Asset_ID":"RST432","Name":"Makdas fried chicken & pizza Dhareez branch","District_ID":"Dahariz al Shamaliyya","Gov_ID":"Dhofar Governorate","Wlyt_ID":"Salalah","Road_ID":"100153","Latitude":17.020327519999999,"Longitude":54.161333259999999,"GlobalID":"{DE8D42F7-CAE3-4257-A2A7-D7BB2C817CAF}"}},{"type":"Feature","id":433,"geometry":{"type":"Point","coordinates":[197867.42480000015,1884063.1644000001]},"properties":{"OBJECTID":433,"Asset_ID":"RST433","Name":"مطعم","District_ID":"Dahariz al Shamaliyya","Gov_ID":"Dhofar Governorate","Wlyt_ID":"Salalah","Road_ID":"100058","Latitude":17.020941619999999,"Longitude":54.162214419999998,"GlobalID":"{EC102842-9CED-455C-8767-F96F1A3BB8F6}"}},{"type":"Feature","id":434,"geometry":{"type":"Point","coordinates":[189652.43130000029,1883707.7840999998]},"properties":{"OBJECTID":434,"Asset_ID":"RST434","Name":"شاورما الريم","District_ID":"Salalah al Jadida","Gov_ID":"Dhofar Governorate","Wlyt_ID":"Salalah","Road_ID":"104189","Latitude":17.016642569999998,"Longitude":54.085176330000003,"GlobalID":"{E88B7A27-F280-407A-A0BF-A3643A8B7F22}"}},{"type":"Feature","id":435,"geometry":{"type":"Point","coordinates":[198003.37050000019,1884134.0925999992]},"properties":{"OBJECTID":435,"Asset_ID":"RST435","Name":"مطعم رذاذ الخريف","District_ID":"Dahariz al Shamaliyya","Gov_ID":"Dhofar Governorate","Wlyt_ID":"Salalah","Road_ID":"100059","Latitude":17.021599800000001,"Longitude":54.163480499999999,"GlobalID":"{909A4501-17BE-463C-ABC3-DFB714918B34}"}},{"type":"Feature","id":436,"geometry":{"type":"Point","coordinates":[198142.56699999981,1884142.5153000001]},"properties":{"OBJECTID":436,"Asset_ID":"RST436","Name":"مطعم بن محروس","District_ID":"Dahariz al Shamaliyya","Gov_ID":"Dhofar Governorate","Wlyt_ID":"Salalah","Road_ID":"100063","Latitude":17.021694060000002,"Longitude":54.164785600000002,"GlobalID":"{469F37F7-AD43-4BA8-BF85-427A08209A13}"}},{"type":"Feature","id":437,"geometry":{"type":"Point","coordinates":[198192.21669999976,1884157.2919999994]},"properties":{"OBJECTID":437,"Asset_ID":"RST437","Name":"مطعم restuarent","District_ID":"Dahariz al Shamaliyya","Gov_ID":"Dhofar Governorate","Wlyt_ID":"Salalah","Road_ID":"100064","Latitude":17.021833969999999,"Longitude":54.165249510000002,"GlobalID":"{C09E5312-EDD2-4E0F-AA9C-B837274C0743}"}},{"type":"Feature","id":438,"geometry":{"type":"Point","coordinates":[198160.74239999987,1884063.7555]},"properties":{"OBJECTID":438,"Asset_ID":"RST438","Name":"مقهى","District_ID":"Dahariz al Shamaliyya","Gov_ID":"Dhofar Governorate","Wlyt_ID":"Salalah","Road_ID":"100056","Latitude":17.020985369999998,"Longitude":54.164966880000001,"GlobalID":"{9A8C5BDA-ECA4-4CA9-8157-3C395431D261}"}},{"type":"Feature","id":439,"geometry":{"type":"Point","coordinates":[197984.45629999973,1882872.9011000004]},"properties":{"OBJECTID":439,"Asset_ID":"RST439","Name":"مقهى","District_ID":"Dahariz al Janubiyya","Gov_ID":"Dhofar Governorate","Wlyt_ID":"Salalah","Road_ID":"100173","Latitude":17.010210780000001,"Longitude":54.163474610000002,"GlobalID":"{7BD583E9-883A-4029-A7AE-D4B459661802}"}},{"type":"Feature","id":440,"geometry":{"type":"Point","coordinates":[197802.70289999992,1882847.4852000009]},"properties":{"OBJECTID":440,"Asset_ID":"RST440","Name":"ananda srilankan restuarent","District_ID":"Dahariz al Janubiyya","Gov_ID":"Dhofar Governorate","Wlyt_ID":"Salalah","Road_ID":"100159","Latitude":17.00995752,"Longitude":54.161772569999997,"GlobalID":"{640A13E3-4CAC-4676-B931-51F4429497EE}"}},{"type":"Feature","id":441,"geometry":{"type":"Point","coordinates":[197359.9375,1882777.6097999997]},"properties":{"OBJECTID":441,"Asset_ID":"RST441","Name":"grill meat شوي مشاكيك","District_ID":"Dahariz al Janubiyya","Gov_ID":"Dhofar Governorate","Wlyt_ID":"Salalah","Road_ID":"100159","Latitude":17.009268649999999,"Longitude":54.15762737,"GlobalID":"{E7B52865-3FEE-4A6A-887E-108559DE1ECD}"}},{"type":"Feature","id":442,"geometry":{"type":"Point","coordinates":[197711.7966,1883875.6066999994]},"properties":{"OBJECTID":442,"Asset_ID":"RST442","Name":"مقهى","District_ID":"Dahariz al Janubiyya","Gov_ID":"Dhofar Governorate","Wlyt_ID":"Salalah","Road_ID":"100002","Latitude":17.01922789,"Longitude":54.16077954,"GlobalID":"{960B50FE-F892-4358-8153-3EE189385D35}"}},{"type":"Feature","id":443,"geometry":{"type":"Point","coordinates":[197902.75040000025,1884024.1632000003]},"properties":{"OBJECTID":443,"Asset_ID":"RST443","Name":"مطعم","District_ID":"Dahariz al Shamaliyya","Gov_ID":"Dhofar Governorate","Wlyt_ID":"Salalah","Road_ID":"100002","Latitude":17.020594129999999,"Longitude":54.162551229999998,"GlobalID":"{3708FB0A-A4A8-4C2A-A97B-8D327FAF794F}"}},{"type":"Feature","id":444,"geometry":{"type":"Point","coordinates":[198018.98699999973,1884136.2583000008]},"properties":{"OBJECTID":444,"Asset_ID":"RST444","Name":"مقهى باكو بن مقيبل","District_ID":"Dahariz al Shamaliyya","Gov_ID":"Dhofar Governorate","Wlyt_ID":"Salalah","Road_ID":"100060","Latitude":17.02162139,"Longitude":54.163626749999999,"GlobalID":"{8CE63831-942C-488B-9E55-1424E9DD4083}"}},{"type":"Feature","id":445,"geometry":{"type":"Point","coordinates":[198030.89209999982,1884138.0621000007]},"properties":{"OBJECTID":445,"Asset_ID":"RST445","Name":"مقهى","District_ID":"Dahariz al Shamaliyya","Gov_ID":"Dhofar Governorate","Wlyt_ID":"Salalah","Road_ID":"100060","Latitude":17.021639239999999,"Longitude":54.16373823,"GlobalID":"{54344BC1-A94E-4955-A0B5-919EF001B0C5}"}},{"type":"Feature","id":446,"geometry":{"type":"Point","coordinates":[198843.8992999997,1884553.2960999999]},"properties":{"OBJECTID":446,"Asset_ID":"RST446","Name":"مقهى المعيشة","District_ID":"Dahariz al Shamaliyya","Gov_ID":"Dhofar Governorate","Wlyt_ID":"Salalah","Road_ID":"100001","Latitude":17.025494470000002,"Longitude":54.171311299999999,"GlobalID":"{49154027-579B-48F2-B6DE-4F5ED8AD4385}"}},{"type":"Feature","id":447,"geometry":{"type":"Point","coordinates":[198883.39989999961,1884696.7302999999]},"properties":{"OBJECTID":447,"Asset_ID":"RST447","Name":"مقهى","District_ID":"Dahariz al Shamaliyya","Gov_ID":"Dhofar Governorate","Wlyt_ID":"Salalah","Road_ID":"100124","Latitude":17.02679462,"Longitude":54.171662509999997,"GlobalID":"{663D98DE-D924-49CE-9FDA-2A9CF291FB98}"}},{"type":"Feature","id":448,"geometry":{"type":"Point","coordinates":[197750.39529999997,1886110.4540999997]},"properties":{"OBJECTID":448,"Asset_ID":"RST448","Name":"مطعم ريدان صلالة","District_ID":"al Sada al Janubiyya","Gov_ID":"Dhofar Governorate","Wlyt_ID":"Salalah","Road_ID":"107466","Latitude":17.039409970000001,"Longitude":54.160837149999999,"GlobalID":"{3A1D50B7-3012-421F-B834-3A05B216EBD4}"}},{"type":"Feature","id":449,"geometry":{"type":"Point","coordinates":[197401.61429999955,1886159.5014999993]},"properties":{"OBJECTID":449,"Asset_ID":"RST449","Name":"مقهى","District_ID":"al Sada al Janubiyya","Gov_ID":"Dhofar Governorate","Wlyt_ID":"Salalah","Road_ID":"100356","Latitude":17.039806989999999,"Longitude":54.157557130000001,"GlobalID":"{FAEA49F1-D033-438B-93C3-36FD8E8843CD}"}},{"type":"Feature","id":450,"geometry":{"type":"Point","coordinates":[197551.9841,1886548.4755000006]},"properties":{"OBJECTID":450,"Asset_ID":"RST450","Name":"مقهى ومعصرة فواكه","District_ID":"al Sada al Janubiyya","Gov_ID":"Dhofar Governorate","Wlyt_ID":"Salalah","Road_ID":"100338","Latitude":17.04333853,"Longitude":54.158915260000001,"GlobalID":"{F8284189-C3D6-4360-A92C-46A58EF38AD9}"}},{"type":"Feature","id":451,"geometry":{"type":"Point","coordinates":[196600.66179999989,1886441.3300000001]},"properties":{"OBJECTID":451,"Asset_ID":"RST451","Name":"مطعم المنال","District_ID":"al Sada al Janubiyya","Gov_ID":"Dhofar Governorate","Wlyt_ID":"Salalah","Road_ID":"100227","Latitude":17.042246070000001,"Longitude":54.150001600000003,"GlobalID":"{CA404F2A-BD36-426B-BFB6-C377E58B73AF}"}},{"type":"Feature","id":452,"geometry":{"type":"Point","coordinates":[196556.33540000021,1886026.7398000006]},"properties":{"OBJECTID":452,"Asset_ID":"RST452","Name":"di lusso cafe","District_ID":"al Sada al Janubiyya","Gov_ID":"Dhofar Governorate","Wlyt_ID":"Salalah","Road_ID":"100196","Latitude":17.038497199999998,"Longitude":54.149642360000001,"GlobalID":"{83252380-D9C9-46BF-802C-F13619A7A656}"}},{"type":"Feature","id":453,"geometry":{"type":"Point","coordinates":[196521.63379999995,1886027.8782000002]},"properties":{"OBJECTID":453,"Asset_ID":"RST453","Name":"Even Restuarent","District_ID":"al Sada al Janubiyya","Gov_ID":"Dhofar Governorate","Wlyt_ID":"Salalah","Road_ID":"100196","Latitude":17.038502900000001,"Longitude":54.149316540000001,"GlobalID":"{B2AD858C-184E-498D-A6C2-B661ADD7D843}"}},{"type":"Feature","id":454,"geometry":{"type":"Point","coordinates":[196492.67210000008,1885914.8882999998]},"properties":{"OBJECTID":454,"Asset_ID":"RST454","Name":"KRNSHES","District_ID":"al Sada al Janubiyya","Gov_ID":"Dhofar Governorate","Wlyt_ID":"Salalah","Road_ID":"100410","Latitude":17.03747899,"Longitude":54.149060210000002,"GlobalID":"{81DEAF4F-756B-43FA-8E63-0E93EAA6FD88}"}},{"type":"Feature","id":455,"geometry":{"type":"Point","coordinates":[196498.25659999996,1885891.2513999995]},"properties":{"OBJECTID":455,"Asset_ID":"RST455","Name":"Capri restuarent","District_ID":"al Sada al Janubiyya","Gov_ID":"Dhofar Governorate","Wlyt_ID":"Salalah","Road_ID":"100410","Latitude":17.037266320000001,"Longitude":54.149115850000001,"GlobalID":"{90B85ED4-2DC0-4822-8BE2-31C7E556512B}"}},{"type":"Feature","id":456,"geometry":{"type":"Point","coordinates":[196504.62040000036,1885884.1083000004]},"properties":{"OBJECTID":456,"Asset_ID":"RST456","Name":"papa johns","District_ID":"al Sada al Janubiyya","Gov_ID":"Dhofar Governorate","Wlyt_ID":"Salalah","Road_ID":"100352","Latitude":17.037202669999999,"Longitude":54.14917655,"GlobalID":"{1D2D4446-139F-4E5E-9E34-EFCF2E78E096}"}},{"type":"Feature","id":457,"geometry":{"type":"Point","coordinates":[196510.46470000036,1885876.4458000008]},"properties":{"OBJECTID":457,"Asset_ID":"RST457","Name":"شاورما 12 يونيو","District_ID":"al Sada al Janubiyya","Gov_ID":"Dhofar Governorate","Wlyt_ID":"Salalah","Road_ID":"100352","Latitude":17.037134259999998,"Longitude":54.14923245,"GlobalID":"{C5A14298-B6F7-4201-8540-FF76176DE7FE}"}},{"type":"Feature","id":458,"geometry":{"type":"Point","coordinates":[196407.47520000022,1885859.7409000006]},"properties":{"OBJECTID":458,"Asset_ID":"RST458","Name":"just Shawarma","District_ID":"al Sada al Janubiyya","Gov_ID":"Dhofar Governorate","Wlyt_ID":"Salalah","Road_ID":"100350","Latitude":17.036969880000001,"Longitude":54.148268199999997,"GlobalID":"{4B221131-96EF-4FEC-9A10-CDC451DAE1FA}"}},{"type":"Feature","id":459,"geometry":{"type":"Point","coordinates":[196392.66150000039,1885840.0569000002]},"properties":{"OBJECTID":459,"Asset_ID":"RST459","Name":"ارض المحاشي","District_ID":"al Sada al Janubiyya","Gov_ID":"Dhofar Governorate","Wlyt_ID":"Salalah","Road_ID":"100350","Latitude":17.036790209999999,"Longitude":54.14813187,"GlobalID":"{1AAD64B6-54CB-4530-9830-0E0AC57F3CD6}"}},{"type":"Feature","id":460,"geometry":{"type":"Point","coordinates":[196357.35219999962,1885814.0822999999]},"properties":{"OBJECTID":460,"Asset_ID":"RST460","Name":"ND Burger","District_ID":"al Sada al Janubiyya","Gov_ID":"Dhofar Governorate","Wlyt_ID":"Salalah","Road_ID":"100350","Latitude":17.03655105,"Longitude":54.147804059999999,"GlobalID":"{1BABE692-AB2C-4D9B-850F-214AF7AE74C5}"}},{"type":"Feature","id":461,"geometry":{"type":"Point","coordinates":[196335.03019999992,1885801.7037000004]},"properties":{"OBJECTID":461,"Asset_ID":"RST461","Name":"شاورما الفريج","District_ID":"al Sada al Janubiyya","Gov_ID":"Dhofar Governorate","Wlyt_ID":"Salalah","Road_ID":"100350","Latitude":17.036436349999999,"Longitude":54.147596270000001,"GlobalID":"{F5339DA5-68CE-403D-8EF9-2254B9C5C07C}"}},{"type":"Feature","id":462,"geometry":{"type":"Point","coordinates":[196322.04279999994,1885792.1660999991]},"properties":{"OBJECTID":462,"Asset_ID":"RST462","Name":"مطعم و مطبخ الغنائم للماكولات العمانية","District_ID":"al Sada al Janubiyya","Gov_ID":"Dhofar Governorate","Wlyt_ID":"Salalah","Road_ID":"100350","Latitude":17.036348539999999,"Longitude":54.14747569,"GlobalID":"{78BA13A0-4DF1-4F59-830F-202A9874500B}"}},{"type":"Feature","id":463,"geometry":{"type":"Point","coordinates":[196312.50530000031,1885785.2665999997]},"properties":{"OBJECTID":463,"Asset_ID":"RST463","Name":"مطعم المعلم طربوش","District_ID":"al Sada al Janubiyya","Gov_ID":"Dhofar Governorate","Wlyt_ID":"Salalah","Road_ID":"100350","Latitude":17.036284989999999,"Longitude":54.147387129999998,"GlobalID":"{94242DBA-0E22-45AD-A145-CD8FC987298E}"}},{"type":"Feature","id":464,"geometry":{"type":"Point","coordinates":[196307.83789999969,1885781.6139000002]},"properties":{"OBJECTID":464,"Asset_ID":"RST464","Name":"مطعم راج raju restuarent","District_ID":"al Sada al Janubiyya","Gov_ID":"Dhofar Governorate","Wlyt_ID":"Salalah","Road_ID":"100350","Latitude":17.03625139,"Longitude":54.147343829999997,"GlobalID":"{12CE3DF2-3C44-4919-A4CB-EEFACCD66992}"}},{"type":"Feature","id":465,"geometry":{"type":"Point","coordinates":[196192.77830000035,1885719.1124000009]},"properties":{"OBJECTID":465,"Asset_ID":"RST465","Name":"potatos بطاط","District_ID":"al Sada al Janubiyya","Gov_ID":"Dhofar Governorate","Wlyt_ID":"Salalah","Road_ID":"100350","Latitude":17.035671950000001,"Longitude":54.146272590000002,"GlobalID":"{E7AE4A56-932F-4CFB-97B4-15FBACD79A11}"}},{"type":"Feature","id":466,"geometry":{"type":"Point","coordinates":[196119.73809999973,1885709.0857999995]},"properties":{"OBJECTID":466,"Asset_ID":"RST466","Name":"mama's Chicken","District_ID":"al Sada al Janubiyya","Gov_ID":"Dhofar Governorate","Wlyt_ID":"Salalah","Road_ID":"100263","Latitude":17.035571789999999,"Longitude":54.145588500000002,"GlobalID":"{FAC65ADE-0ADF-43E5-9AB4-C940C6E057C2}"}},{"type":"Feature","id":467,"geometry":{"type":"Point","coordinates":[196129.1305999998,1885716.0678000003]},"properties":{"OBJECTID":467,"Asset_ID":"RST467","Name":"Burger Garage Restaurent","District_ID":"al Sada al Janubiyya","Gov_ID":"Dhofar Governorate","Wlyt_ID":"Salalah","Road_ID":"100263","Latitude":17.035636069999999,"Longitude":54.145675689999997,"GlobalID":"{CB8A5384-4A5B-4A13-91E8-9F4CDA91A30C}"}},{"type":"Feature","id":468,"geometry":{"type":"Point","coordinates":[197514.23959999997,1884987.3572000004]},"properties":{"OBJECTID":468,"Asset_ID":"RST468","Name":"Taste And see Restaurent","District_ID":"Dahariz al Shamaliyya","Gov_ID":"Dhofar Governorate","Wlyt_ID":"Salalah","Road_ID":"100148","Latitude":17.029239270000001,"Longitude":54.158774059999999,"GlobalID":"{B6717101-D987-4C8F-A5B6-5F94A508EF43}"}},{"type":"Feature","id":469,"geometry":{"type":"Point","coordinates":[190028.94790000003,1883649.6477000006]},"properties":{"OBJECTID":469,"Asset_ID":"RST469","Name":"مطعم","District_ID":"Salalah al Jadida","Gov_ID":"Dhofar Governorate","Wlyt_ID":"Salalah","Road_ID":"104205","Latitude":17.01616834,"Longitude":54.088717420000002,"GlobalID":"{2BCEFAD6-C0D5-4DD6-B638-DF077BEF7618}"}},{"type":"Feature","id":470,"geometry":{"type":"Point","coordinates":[190164.84740000032,1883552.2323000003]},"properties":{"OBJECTID":470,"Asset_ID":"RST470","Name":"Annapurna Restuarent","District_ID":"Salalah al Jadida","Gov_ID":"Dhofar Governorate","Wlyt_ID":"Salalah","Road_ID":"104203","Latitude":17.015307150000002,"Longitude":54.090006199999998,"GlobalID":"{AF00DFBA-D07F-4FC8-BCB8-A93524D12AB4}"}},{"type":"Feature","id":471,"geometry":{"type":"Point","coordinates":[190297.23010000028,1883760.3310000002]},"properties":{"OBJECTID":471,"Asset_ID":"RST471","Name":"Silver Diamond","District_ID":"Salalah al Jadida","Gov_ID":"Dhofar Governorate","Wlyt_ID":"Salalah","Road_ID":"104187","Latitude":17.017203599999998,"Longitude":54.091219350000003,"GlobalID":"{7CF602C7-5D48-427F-B6EA-39DC957C8422}"}},{"type":"Feature","id":472,"geometry":{"type":"Point","coordinates":[190086.34939999972,1883780.7584000006]},"properties":{"OBJECTID":472,"Asset_ID":"RST472","Name":"مقهى","District_ID":"Salalah al Jadida","Gov_ID":"Dhofar Governorate","Wlyt_ID":"Salalah","Road_ID":"104198","Latitude":17.0173597,"Longitude":54.089237730000001,"GlobalID":"{D0173E70-F70C-42A7-96F8-47F2A27540A6}"}},{"type":"Feature","id":473,"geometry":{"type":"Point","coordinates":[190088.67200000025,1883704.1841000002]},"properties":{"OBJECTID":473,"Asset_ID":"RST473","Name":"مطعم اليوم day's restuarent","District_ID":"Salalah al Jadida","Gov_ID":"Dhofar Governorate","Wlyt_ID":"Salalah","Road_ID":"104436","Latitude":17.016668710000001,"Longitude":54.089270210000002,"GlobalID":"{89D1955F-2C89-46D7-9C2D-D33E2BF645CC}"}},{"type":"Feature","id":474,"geometry":{"type":"Point","coordinates":[190048.74579999968,1883834.3270999994]},"properties":{"OBJECTID":474,"Asset_ID":"RST474","Name":"مقهى","District_ID":"Salalah al Jadida","Gov_ID":"Dhofar Governorate","Wlyt_ID":"Salalah","Road_ID":"104248","Latitude":17.01783825,"Longitude":54.088877400000001,"GlobalID":"{A2CD42A1-217A-47ED-9F99-16447617AEA7}"}},{"type":"Feature","id":475,"geometry":{"type":"Point","coordinates":[189909.91119999997,1883837.1743999999]},"properties":{"OBJECTID":475,"Asset_ID":"RST475","Name":"مقهى وسط الخليج","District_ID":"Salalah al Jadida","Gov_ID":"Dhofar Governorate","Wlyt_ID":"Salalah","Road_ID":"104416","Latitude":17.017845300000001,"Longitude":54.087574259999997,"GlobalID":"{4E7F89C7-2DDB-47F4-91E4-A4686DFFFFEE}"}},{"type":"Feature","id":476,"geometry":{"type":"Point","coordinates":[189820.8180999998,1883813.9271000009]},"properties":{"OBJECTID":476,"Asset_ID":"RST476","Name":"مطعم حلا","District_ID":"Salalah al Jadida","Gov_ID":"Dhofar Governorate","Wlyt_ID":"Salalah","Road_ID":"104187","Latitude":17.017623449999999,"Longitude":54.086741519999997,"GlobalID":"{F93B3F9D-CFB8-4FBB-81BA-6C9C9B2D655E}"}},{"type":"Feature","id":477,"geometry":{"type":"Point","coordinates":[189808.61000000034,1883790.4199999999]},"properties":{"OBJECTID":477,"Asset_ID":"RST477","Name":"مطعم","District_ID":"Salalah al Jadida","Gov_ID":"Dhofar Governorate","Wlyt_ID":"Salalah","Road_ID":"104191","Latitude":17.01740959,"Longitude":54.086630249999999,"GlobalID":"{5FAB8FC2-6266-47B0-BB39-9F7DB282BCB9}"}},{"type":"Feature","id":478,"geometry":{"type":"Point","coordinates":[189759.90749999974,1883843.7979000006]},"properties":{"OBJECTID":478,"Asset_ID":"RST478","Name":"مقهى","District_ID":"Salalah al Jadida","Gov_ID":"Dhofar Governorate","Wlyt_ID":"Salalah","Road_ID":"104187","Latitude":17.017884930000001,"Longitude":54.086165800000003,"GlobalID":"{4B4BE797-C624-4D15-AB69-3D51D7875E0C}"}},{"type":"Feature","id":479,"geometry":{"type":"Point","coordinates":[189741.98489999957,1883841.4602000006]},"properties":{"OBJECTID":479,"Asset_ID":"RST479","Name":"مطعم البيت العربي السوداني","District_ID":"Salalah al Jadida","Gov_ID":"Dhofar Governorate","Wlyt_ID":"Salalah","Road_ID":"104187","Latitude":17.017861409999998,"Longitude":54.085997949999999,"GlobalID":"{E4A0B67A-96F8-4785-BA25-891AFADD92CF}"}},{"type":"Feature","id":480,"geometry":{"type":"Point","coordinates":[189746.6604000004,1883805.0956999995]},"properties":{"OBJECTID":480,"Asset_ID":"RST480","Name":"مطعم بلو الافغاني البخاري","District_ID":"Salalah al Jadida","Gov_ID":"Dhofar Governorate","Wlyt_ID":"Salalah","Road_ID":"104187","Latitude":17.017533749999998,"Longitude":54.08604691,"GlobalID":"{C2401B1C-DF50-49CE-9A9A-71072A0FFD5B}"}},{"type":"Feature","id":481,"geometry":{"type":"Point","coordinates":[189698.55009999964,1883838.0782999992]},"properties":{"OBJECTID":481,"Asset_ID":"RST481","Name":"مطعم السعيدة للماكولات اليمنية والعربية","District_ID":"Salalah al Jadida","Gov_ID":"Dhofar Governorate","Wlyt_ID":"Salalah","Road_ID":"104187","Latitude":17.017825040000002,"Longitude":54.085590860000003,"GlobalID":"{50BEE86E-B036-4129-ADB2-19593A99E737}"}},{"type":"Feature","id":482,"geometry":{"type":"Point","coordinates":[189600.71910000034,1883856.1151000001]},"properties":{"OBJECTID":482,"Asset_ID":"RST482","Name":"مطعم خور المكلا للمندي","District_ID":"Salalah al Jadida","Gov_ID":"Dhofar Governorate","Wlyt_ID":"Salalah","Road_ID":"104189","Latitude":17.017974710000001,"Longitude":54.084670359999997,"GlobalID":"{D8D3248D-A254-44C6-BB6E-F1AD5B34C96D}"}},{"type":"Feature","id":483,"geometry":{"type":"Point","coordinates":[189483.35510000028,1883818.2128999997]},"properties":{"OBJECTID":483,"Asset_ID":"RST483","Name":"trend shawarma","District_ID":"Salalah al Jadida","Gov_ID":"Dhofar Governorate","Wlyt_ID":"Salalah","Road_ID":"104187","Latitude":17.017616740000001,"Longitude":54.083574390000003,"GlobalID":"{2E85D471-2355-40C7-B480-0726375061ED}"}},{"type":"Feature","id":484,"geometry":{"type":"Point","coordinates":[189433.15130000003,1883813.2258000001]},"properties":{"OBJECTID":484,"Asset_ID":"RST484","Name":"مطعم الخرطوم","District_ID":"Salalah al Jadida","Gov_ID":"Dhofar Governorate","Wlyt_ID":"Salalah","Road_ID":"104271","Latitude":17.017564960000001,"Longitude":54.08310401,"GlobalID":"{683AA56B-CD2D-4E25-8672-707B42F4B229}"}},{"type":"Feature","id":485,"geometry":{"type":"Point","coordinates":[189401.06740000006,1883775.4897000007]},"properties":{"OBJECTID":485,"Asset_ID":"RST485","Name":"burger spot","District_ID":"Salalah al Jadida","Gov_ID":"Dhofar Governorate","Wlyt_ID":"Salalah","Road_ID":"104187","Latitude":17.017219969999999,"Longitude":54.082808239999999,"GlobalID":"{FA590447-A8FA-4152-93C2-8994F24123C4}"}},{"type":"Feature","id":486,"geometry":{"type":"Point","coordinates":[189407.52070000023,1883808.1953999996]},"properties":{"OBJECTID":486,"Asset_ID":"RST486","Name":"مقهى","District_ID":"Salalah al Jadida","Gov_ID":"Dhofar Governorate","Wlyt_ID":"Salalah","Road_ID":"104271","Latitude":17.017516100000002,"Longitude":54.082864219999998,"GlobalID":"{3B7587BA-A964-4E9A-96D1-6999B952BBCB}"}},{"type":"Feature","id":487,"geometry":{"type":"Point","coordinates":[189393.27500000037,1883808.3424999993]},"properties":{"OBJECTID":487,"Asset_ID":"RST487","Name":"مشاوي سفار","District_ID":"Salalah al Jadida","Gov_ID":"Dhofar Governorate","Wlyt_ID":"Salalah","Road_ID":"104187","Latitude":17.017515509999999,"Longitude":54.082730529999999,"GlobalID":"{1586DA80-EE25-43FB-91B2-7CBCEA6DBDB4}"}},{"type":"Feature","id":488,"geometry":{"type":"Point","coordinates":[189370.15749999974,1883807.4333999995]},"properties":{"OBJECTID":488,"Asset_ID":"RST488","Name":"مطعم مائدة الملك","District_ID":"Salalah al Jadida","Gov_ID":"Dhofar Governorate","Wlyt_ID":"Salalah","Road_ID":"104187","Latitude":17.01750419,"Longitude":54.082513730000002,"GlobalID":"{B02CECBE-C5BD-498E-A19C-C02931D35585}"}},{"type":"Feature","id":489,"geometry":{"type":"Point","coordinates":[189351.58559999987,1883804.4463]},"properties":{"OBJECTID":489,"Asset_ID":"RST489","Name":"مطعم","District_ID":"Salalah al Jadida","Gov_ID":"Dhofar Governorate","Wlyt_ID":"Salalah","Road_ID":"104270","Latitude":17.017474719999999,"Longitude":54.08233989,"GlobalID":"{49799DC9-40F2-416C-9E31-FD875C1DC1CC}"}},{"type":"Feature","id":490,"geometry":{"type":"Point","coordinates":[189340.1568,1883802.3683000002]},"properties":{"OBJECTID":490,"Asset_ID":"RST490","Name":"مقهى","District_ID":"Salalah al Jadida","Gov_ID":"Dhofar Governorate","Wlyt_ID":"Salalah","Road_ID":"104270","Latitude":17.01745442,"Longitude":54.082232939999997,"GlobalID":"{17FF1C78-0B12-4BE1-9E93-ACD91BFDCD77}"}},{"type":"Feature","id":491,"geometry":{"type":"Point","coordinates":[189274.31099999975,1883795.8747000005]},"properties":{"OBJECTID":491,"Asset_ID":"RST491","Name":"مقهى أمدرمان","District_ID":"Salalah al Jadida","Gov_ID":"Dhofar Governorate","Wlyt_ID":"Salalah","Road_ID":"104187","Latitude":17.017386930000001,"Longitude":54.081615999999997,"GlobalID":"{246427E0-E82F-4231-9CD2-6CFF4F616BB7}"}},{"type":"Feature","id":492,"geometry":{"type":"Point","coordinates":[189193.91940000001,1883754.1853]},"properties":{"OBJECTID":492,"Asset_ID":"RST492","Name":"مقهى","District_ID":"Salalah al Jadida","Gov_ID":"Dhofar Governorate","Wlyt_ID":"Salalah","Road_ID":"104187","Latitude":17.016999739999999,"Longitude":54.080867499999997,"GlobalID":"{3137F7A0-06DD-4EB7-9664-939C994E2B84}"}},{"type":"Feature","id":493,"geometry":{"type":"Point","coordinates":[189220.54339999985,1883790.6797000002]},"properties":{"OBJECTID":493,"Asset_ID":"RST493","Name":"مطعم","District_ID":"Salalah al Jadida","Gov_ID":"Dhofar Governorate","Wlyt_ID":"Salalah","Road_ID":"104263","Latitude":17.017332790000001,"Longitude":54.081112210000001,"GlobalID":"{0210230D-964A-4766-A51D-C30866D93DD6}"}},{"type":"Feature","id":494,"geometry":{"type":"Point","coordinates":[189180.93200000003,1883787.5627999995]},"properties":{"OBJECTID":494,"Asset_ID":"RST494","Name":"Kuttanadan Restaurent","District_ID":"Salalah al Jadida","Gov_ID":"Dhofar Governorate","Wlyt_ID":"Salalah","Road_ID":"104187","Latitude":17.017299309999999,"Longitude":54.08074096,"GlobalID":"{0D07849E-FCB3-486A-B500-2A2A57950934}"}},{"type":"Feature","id":495,"geometry":{"type":"Point","coordinates":[189072.74749999959,1883769.2506000008]},"properties":{"OBJECTID":495,"Asset_ID":"RST495","Name":"مطعم دار الجنوب المغربي","District_ID":"Salalah al Jadida","Gov_ID":"Dhofar Governorate","Wlyt_ID":"Salalah","Road_ID":"104279","Latitude":17.01711942,"Longitude":54.0797284,"GlobalID":"{0F8615F4-A90E-41B3-95BB-8EA51AE71189}"}},{"type":"Feature","id":496,"geometry":{"type":"Point","coordinates":[189065.73440000042,1883723.5351999998]},"properties":{"OBJECTID":496,"Asset_ID":"RST496","Name":"almaqsood Restaurent","District_ID":"Salalah al Jadida","Gov_ID":"Dhofar Governorate","Wlyt_ID":"Salalah","Road_ID":"104187","Latitude":17.016705760000001,"Longitude":54.079669000000003,"GlobalID":"{2B346F9C-AA72-49A0-A156-047CAC1A4C6B}"}},{"type":"Feature","id":497,"geometry":{"type":"Point","coordinates":[188901.70430000033,1883736.2628000006]},"properties":{"OBJECTID":497,"Asset_ID":"RST497","Name":"مسخان ام مازن","District_ID":"Salalah al Jadida","Gov_ID":"Dhofar Governorate","Wlyt_ID":"Salalah","Road_ID":"104246","Latitude":17.016798550000001,"Longitude":54.078128079999999,"GlobalID":"{BDB978BF-0DD6-4BF7-81E9-C86544E30EAC}"}},{"type":"Feature","id":498,"geometry":{"type":"Point","coordinates":[189588.99409999978,1883956.9176000003]},"properties":{"OBJECTID":498,"Asset_ID":"RST498","Name":"مقهى","District_ID":"Salalah al Jadida","Gov_ID":"Dhofar Governorate","Wlyt_ID":"Salalah","Road_ID":"104189","Latitude":17.018883150000001,"Longitude":54.084546240000002,"GlobalID":"{7D61AD79-1594-42C8-A2B2-414B5730F11F}"}},{"type":"Feature","id":499,"geometry":{"type":"Point","coordinates":[189593.22059999965,1883891.3351000007]},"properties":{"OBJECTID":499,"Asset_ID":"RST499","Name":"برجر هادي مشاوي","District_ID":"Salalah al Jadida","Gov_ID":"Dhofar Governorate","Wlyt_ID":"Salalah","Road_ID":"104263","Latitude":17.018291659999999,"Longitude":54.084595069999999,"GlobalID":"{148C9F60-25BB-4029-A913-65FEB815D7AB}"}},{"type":"Feature","id":500,"geometry":{"type":"Point","coordinates":[189626.4626000002,1883961.1546999998]},"properties":{"OBJECTID":500,"Asset_ID":"RST500","Name":"مقهى","District_ID":"Salalah al Jadida","Gov_ID":"Dhofar Governorate","Wlyt_ID":"Salalah","Road_ID":"104258","Latitude":17.018926449999999,"Longitude":54.084897230000003,"GlobalID":"{43511DE3-1AC1-445C-A561-2500E6C3BBA5}"}},{"type":"Feature","id":501,"geometry":{"type":"Point","coordinates":[189687.04849999957,1884007.9579000007]},"properties":{"OBJECTID":501,"Asset_ID":"RST501","Name":"fast food restaurent","District_ID":"Salalah al Jadida","Gov_ID":"Dhofar Governorate","Wlyt_ID":"Salalah","Road_ID":"104259","Latitude":17.01935713,"Longitude":54.085459180000001,"GlobalID":"{4A41B55B-3FCA-457F-A2FB-FB5FD646251F}"}},{"type":"Feature","id":502,"geometry":{"type":"Point","coordinates":[189686.91860000044,1884002.7629000004]},"properties":{"OBJECTID":502,"Asset_ID":"RST502","Name":"مقهى","District_ID":"Salalah al Jadida","Gov_ID":"Dhofar Governorate","Wlyt_ID":"Salalah","Road_ID":"104259","Latitude":17.01931021,"Longitude":54.085458690000003,"GlobalID":"{D1622D65-F2E4-40BB-A177-7F843F5B945E}"}},{"type":"Feature","id":503,"geometry":{"type":"Point","coordinates":[189571.98070000019,1884123.9348000009]},"properties":{"OBJECTID":503,"Asset_ID":"RST503","Name":"مقهى","District_ID":"Salalah al Jadida","Gov_ID":"Dhofar Governorate","Wlyt_ID":"Salalah","Road_ID":"104189","Latitude":17.020388650000001,"Longitude":54.084363230000001,"GlobalID":"{393209E5-6178-4BB6-97EC-7711E8926573}"}},{"type":"Feature","id":504,"geometry":{"type":"Point","coordinates":[189568.66949999984,1884159.6049000006]},"properties":{"OBJECTID":504,"Asset_ID":"RST504","Name":"مقهى","District_ID":"Salalah al Jadida","Gov_ID":"Dhofar Governorate","Wlyt_ID":"Salalah","Road_ID":"104268","Latitude":17.020710229999999,"Longitude":54.084327170000002,"GlobalID":"{90DF0E1A-4D89-4AEA-BF5C-5EEFA722E309}"}},{"type":"Feature","id":505,"geometry":{"type":"Point","coordinates":[189599.51389999967,1884188.2221000008]},"properties":{"OBJECTID":505,"Asset_ID":"RST505","Name":"مطعم بن محروس الحديث","District_ID":"Salalah al Jadida","Gov_ID":"Dhofar Governorate","Wlyt_ID":"Salalah","Road_ID":"104189","Latitude":17.02097273,"Longitude":54.0846126,"GlobalID":"{8957AF3B-553A-4FD9-A535-EE81BB0F8BF4}"}},{"type":"Feature","id":506,"geometry":{"type":"Point","coordinates":[189560.42200000025,1884225.6798]},"properties":{"OBJECTID":506,"Asset_ID":"RST506","Name":"نجوم الشاورما","District_ID":"Salalah al Jadida","Gov_ID":"Dhofar Governorate","Wlyt_ID":"Salalah","Road_ID":"104189","Latitude":17.021305630000001,"Longitude":54.084240540000003,"GlobalID":"{3A50D11C-D448-424E-9A60-AB55B7D4A747}"}},{"type":"Feature","id":507,"geometry":{"type":"Point","coordinates":[189561.46100000013,1884218.4068999998]},"properties":{"OBJECTID":507,"Asset_ID":"RST507","Name":"برجر الشمس","District_ID":"Salalah al Jadida","Gov_ID":"Dhofar Governorate","Wlyt_ID":"Salalah","Road_ID":"104189","Latitude":17.021240110000001,"Longitude":54.084251299999998,"GlobalID":"{63B64926-7540-47CC-A6D8-60DB8AB02325}"}},{"type":"Feature","id":508,"geometry":{"type":"Point","coordinates":[189490.17169999983,1884297.8234999999]},"properties":{"OBJECTID":508,"Asset_ID":"RST508","Name":"مطعم بيوتشي","District_ID":"Salalah al Jadida","Gov_ID":"Dhofar Governorate","Wlyt_ID":"Salalah","Road_ID":"104188","Latitude":17.021947470000001,"Longitude":54.083571249999999,"GlobalID":"{D887C540-A8A6-49B4-B92F-815D22227A53}"}},{"type":"Feature","id":509,"geometry":{"type":"Point","coordinates":[189371.26910000015,1884273.4089000002]},"properties":{"OBJECTID":509,"Asset_ID":"RST509","Name":"Fit diet","District_ID":"Salalah al Jadida","Gov_ID":"Dhofar Governorate","Wlyt_ID":"Salalah","Road_ID":"104188","Latitude":17.02171105,"Longitude":54.082458940000002,"GlobalID":"{61EF5D95-FB18-4C10-955B-BDF0D97C4248}"}},{"type":"Feature","id":510,"geometry":{"type":"Point","coordinates":[189179.72159999982,1884249.4340000004]},"properties":{"OBJECTID":510,"Asset_ID":"RST510","Name":"مطعم لوك","District_ID":"Salalah al Jadida","Gov_ID":"Dhofar Governorate","Wlyt_ID":"Salalah","Road_ID":"104188","Latitude":17.021468800000001,"Longitude":54.080664910000003,"GlobalID":"{B05FB4BD-7BBE-40AD-96C4-23B02A26AE00}"}},{"type":"Feature","id":511,"geometry":{"type":"Point","coordinates":[189190.02840000018,1884250.2652000003]},"properties":{"OBJECTID":511,"Asset_ID":"RST511","Name":"بيع وشوي الاسماك والماكولات البحرية","District_ID":"Salalah al Jadida","Gov_ID":"Dhofar Governorate","Wlyt_ID":"Salalah","Road_ID":"104188","Latitude":17.021477690000001,"Longitude":54.080761510000002,"GlobalID":"{AA91889D-48D1-4A37-893A-E21F4EF3E09F}"}},{"type":"Feature","id":512,"geometry":{"type":"Point","coordinates":[189124.69689999986,1884185.1051000003]},"properties":{"OBJECTID":512,"Asset_ID":"RST512","Name":"Turkish Tea & Restaurent","District_ID":"Salalah al Jadida","Gov_ID":"Dhofar Governorate","Wlyt_ID":"Salalah","Road_ID":"104210","Latitude":17.020880640000001,"Longitude":54.0801576,"GlobalID":"{8DE63FAB-C623-41AD-AA7A-EC8F6EE7CB66}"}},{"type":"Feature","id":513,"geometry":{"type":"Point","coordinates":[189091.0597000001,1884187.4428000003]},"properties":{"OBJECTID":513,"Asset_ID":"RST513","Name":"مقهى دي ميلان","District_ID":"Salalah al Jadida","Gov_ID":"Dhofar Governorate","Wlyt_ID":"Salalah","Road_ID":"104316","Latitude":17.020897210000001,"Longitude":54.079841639999998,"GlobalID":"{5AAF3611-89EE-4194-92B4-44DCB6F06CC7}"}},{"type":"Feature","id":514,"geometry":{"type":"Point","coordinates":[189099.37160000019,1884127.8310000002]},"properties":{"OBJECTID":514,"Asset_ID":"RST514","Name":"مقهى بن عودة","District_ID":"Salalah al Jadida","Gov_ID":"Dhofar Governorate","Wlyt_ID":"Salalah","Road_ID":"104283","Latitude":17.02036017,"Longitude":54.079927990000002,"GlobalID":"{75FF3575-07AF-438D-9291-83DD09D234BB}"}},{"type":"Feature","id":515,"geometry":{"type":"Point","coordinates":[189101.83920000028,1884093.0249000005]},"properties":{"OBJECTID":515,"Asset_ID":"RST515","Name":"مطعم ماكولات اشرف","District_ID":"Salalah al Jadida","Gov_ID":"Dhofar Governorate","Wlyt_ID":"Salalah","Road_ID":"104210","Latitude":17.020046279999999,"Longitude":54.079956019999997,"GlobalID":"{40D92DE9-E8C6-43D8-A3D0-A4A011B5B40D}"}},{"type":"Feature","id":516,"geometry":{"type":"Point","coordinates":[189176.90600000042,1883844.3173999991]},"properties":{"OBJECTID":516,"Asset_ID":"RST516","Name":"مطعم","District_ID":"Salalah al Jadida","Gov_ID":"Dhofar Governorate","Wlyt_ID":"Salalah","Road_ID":"104263","Latitude":17.017811139999999,"Longitude":54.080695230000003,"GlobalID":"{D0E289DF-7616-4E35-9EF7-C494FF96A665}"}},{"type":"Feature","id":517,"geometry":{"type":"Point","coordinates":[189129.50710000005,1883806.6909999996]},"properties":{"OBJECTID":517,"Asset_ID":"RST517","Name":"Crunch Bite Pizza","District_ID":"Salalah al Jadida","Gov_ID":"Dhofar Governorate","Wlyt_ID":"Salalah","Road_ID":"104210","Latitude":17.01746507,"Longitude":54.080255739999998,"GlobalID":"{C9414563-A16C-4949-9539-E2E747026741}"}},{"type":"Feature","id":518,"geometry":{"type":"Point","coordinates":[189162.25889999978,1883817.3473000005]},"properties":{"OBJECTID":518,"Asset_ID":"RST518","Name":"مطعم","District_ID":"Salalah al Jadida","Gov_ID":"Dhofar Governorate","Wlyt_ID":"Salalah","Road_ID":"104263","Latitude":17.017565680000001,"Longitude":54.08056157,"GlobalID":"{5BCDD2F9-A6B6-4437-8C6C-96E7173592B4}"}},{"type":"Feature","id":519,"geometry":{"type":"Point","coordinates":[189151.46119999979,1883687.6329999994]},"properties":{"OBJECTID":519,"Asset_ID":"RST519","Name":"مطعم و مطبخ ابو تاله","District_ID":"Salalah al Jadida","Gov_ID":"Dhofar Governorate","Wlyt_ID":"Salalah","Road_ID":"104232","Latitude":17.0163932,"Longitude":54.080478419999999,"GlobalID":"{78D3DCA3-0126-424A-9A96-86FFC280FDAC}"}},{"type":"Feature","id":520,"geometry":{"type":"Point","coordinates":[189180.30350000039,1883692.7032999992]},"properties":{"OBJECTID":520,"Asset_ID":"RST520","Name":"مطعم شباب صلالة","District_ID":"Salalah al Jadida","Gov_ID":"Dhofar Governorate","Wlyt_ID":"Salalah","Road_ID":"104409","Latitude":17.016442860000002,"Longitude":54.08074834,"GlobalID":"{6BF1295F-86E9-42E0-8991-C05F461DBCD8}"}},{"type":"Feature","id":521,"geometry":{"type":"Point","coordinates":[189181.88269999996,1883674.8326999992]},"properties":{"OBJECTID":521,"Asset_ID":"RST521","Name":"مشاوي ومطعم الشاهد","District_ID":"Salalah al Jadida","Gov_ID":"Dhofar Governorate","Wlyt_ID":"Salalah","Road_ID":"104210","Latitude":17.01628174,"Longitude":54.080765659999997,"GlobalID":"{5423F833-9B60-4812-965E-2963C50208F7}"}},{"type":"Feature","id":522,"geometry":{"type":"Point","coordinates":[189182.88009999972,1883665.5233999994]},"properties":{"OBJECTID":522,"Asset_ID":"RST522","Name":"لوسيل كافتيريا","District_ID":"Salalah al Jadida","Gov_ID":"Dhofar Governorate","Wlyt_ID":"Salalah","Road_ID":"104230","Latitude":17.01619784,"Longitude":54.080776329999999,"GlobalID":"{AFD6603D-6D0A-4C07-820E-A15DFF64CED7}"}},{"type":"Feature","id":523,"geometry":{"type":"Point","coordinates":[189191.77390000038,1883638.0109999999]},"properties":{"OBJECTID":523,"Asset_ID":"RST523","Name":"مطعم","District_ID":"Salalah al Jadida","Gov_ID":"Dhofar Governorate","Wlyt_ID":"Salalah","Road_ID":"104210","Latitude":17.015950660000001,"Longitude":54.080863630000003,"GlobalID":"{7E48201F-9F36-461E-B488-D0BF06B128E8}"}},{"type":"Feature","id":524,"geometry":{"type":"Point","coordinates":[189170.91100000031,1883595.3709999993]},"properties":{"OBJECTID":524,"Asset_ID":"RST524","Name":"جبل الصفاء","District_ID":"Salalah al Jadida","Gov_ID":"Dhofar Governorate","Wlyt_ID":"Salalah","Road_ID":"104237","Latitude":17.01556291,"Longitude":54.080673840000003,"GlobalID":"{DD8CB52D-037E-4C3D-9EC3-807679560CAB}"}},{"type":"Feature","id":525,"geometry":{"type":"Point","coordinates":[189174.73450000025,1883579.4953000005]},"properties":{"OBJECTID":525,"Asset_ID":"RST525","Name":"Al Imran Grill","District_ID":"Salalah al Jadida","Gov_ID":"Dhofar Governorate","Wlyt_ID":"Salalah","Road_ID":"104237","Latitude":17.0154201,"Longitude":54.08071194,"GlobalID":"{9152B3AA-5B11-418A-81C9-6AE2DD745A20}"}},{"type":"Feature","id":526,"geometry":{"type":"Point","coordinates":[189174.48510000017,1883515.6599000003]},"properties":{"OBJECTID":526,"Asset_ID":"RST526","Name":"مقهى","District_ID":"Salalah al Jadida","Gov_ID":"Dhofar Governorate","Wlyt_ID":"Salalah","Road_ID":"104229","Latitude":17.01484378,"Longitude":54.080718539999999,"GlobalID":"{A403D356-CA5C-4EF7-B73E-ECCC20C272F5}"}},{"type":"Feature","id":527,"geometry":{"type":"Point","coordinates":[189206.81840000022,1883436.6969000008]},"properties":{"OBJECTID":527,"Asset_ID":"RST527","Name":"مطعم","District_ID":"Salalah al Jadida","Gov_ID":"Dhofar Governorate","Wlyt_ID":"Salalah","Road_ID":"104210","Latitude":17.014135270000001,"Longitude":54.081032980000003,"GlobalID":"{80984A40-E9C1-4326-94CE-9A4C8401B2BE}"}},{"type":"Feature","id":528,"geometry":{"type":"Point","coordinates":[189209.47819999978,1883431.0448000003]},"properties":{"OBJECTID":528,"Asset_ID":"RST528","Name":"مطعم","District_ID":"Salalah al Jadida","Gov_ID":"Dhofar Governorate","Wlyt_ID":"Salalah","Road_ID":"104210","Latitude":17.014084610000001,"Longitude":54.081058730000002,"GlobalID":"{B95DF0CB-ED82-43F4-B661-0AE21B9C4A66}"}},{"type":"Feature","id":529,"geometry":{"type":"Point","coordinates":[189221.71229999978,1883370.9290999994]},"properties":{"OBJECTID":529,"Asset_ID":"RST529","Name":"مطعم السهالة للماكولات العمانية","District_ID":"Salalah al Jadida","Gov_ID":"Dhofar Governorate","Wlyt_ID":"Salalah","Road_ID":"104211","Latitude":17.013543550000001,"Longitude":54.08118194,"GlobalID":"{D5CF9B6D-C8B8-4091-BB05-EFE86F409AC2}"}},{"type":"Feature","id":530,"geometry":{"type":"Point","coordinates":[189227.16700000037,1883344.6945999991]},"properties":{"OBJECTID":530,"Asset_ID":"RST530","Name":"مقهى","District_ID":"Salalah al Jadida","Gov_ID":"Dhofar Governorate","Wlyt_ID":"Salalah","Road_ID":"104211","Latitude":17.013307439999998,"Longitude":54.081236799999999,"GlobalID":"{A5827FB3-4968-4116-A720-F9566F898056}"}},{"type":"Feature","id":531,"geometry":{"type":"Point","coordinates":[189243.01150000002,1883278.3293999992]},"properties":{"OBJECTID":531,"Asset_ID":"RST531","Name":"مقهى","District_ID":"Salalah al Jadida","Gov_ID":"Dhofar Governorate","Wlyt_ID":"Salalah","Road_ID":"104210","Latitude":17.01271045,"Longitude":54.081394750000001,"GlobalID":"{76ADB5BC-7B2D-4022-AA80-EEF157A1CCDC}"}},{"type":"Feature","id":532,"geometry":{"type":"Point","coordinates":[189984.66160000023,1883387.7241999991]},"properties":{"OBJECTID":532,"Asset_ID":"RST532","Name":"فطائر الامارات","District_ID":"Salalah al Gharbiyya","Gov_ID":"Dhofar Governorate","Wlyt_ID":"Salalah","Road_ID":"103812","Latitude":17.013797799999999,"Longitude":54.088338450000002,"GlobalID":"{19B6639D-467E-4058-B5BA-81425BF414ED}"}},{"type":"Feature","id":533,"geometry":{"type":"Point","coordinates":[189969.23199999984,1883382.8728]},"properties":{"OBJECTID":533,"Asset_ID":"RST533","Name":"مقهى","District_ID":"Salalah al Gharbiyya","Gov_ID":"Dhofar Governorate","Wlyt_ID":"Salalah","Road_ID":"103812","Latitude":17.013751930000002,"Longitude":54.088194350000002,"GlobalID":"{1F9C59AF-314B-4676-98CA-BC552CC1074C}"}},{"type":"Feature","id":534,"geometry":{"type":"Point","coordinates":[189934.99480000045,1883373.8517000005]},"properties":{"OBJECTID":534,"Asset_ID":"RST534","Name":"مقهى","District_ID":"Salalah al Gharbiyya","Gov_ID":"Dhofar Governorate","Wlyt_ID":"Salalah","Road_ID":"103812","Latitude":17.013665889999999,"Longitude":54.08787435,"GlobalID":"{D40BC24F-CC32-443B-A4AC-998B42524A05}"}},{"type":"Feature","id":535,"geometry":{"type":"Point","coordinates":[189812.7659,1883336.1229999997]},"properties":{"OBJECTID":535,"Asset_ID":"RST535","Name":"مطعم","District_ID":"Salalah al Gharbiyya","Gov_ID":"Dhofar Governorate","Wlyt_ID":"Salalah","Road_ID":"103812","Latitude":17.013308850000001,"Longitude":54.086732730000001,"GlobalID":"{6A50EC96-866E-4DF1-AE8F-DCC1B24DE621}"}},{"type":"Feature","id":536,"geometry":{"type":"Point","coordinates":[189673.28189999983,1883397.8127999995]},"properties":{"OBJECTID":536,"Asset_ID":"RST536","Name":"kuttiadi thattukada restaurant","District_ID":"Salalah al Jadida","Gov_ID":"Dhofar Governorate","Wlyt_ID":"Salalah","Road_ID":"104211","Latitude":17.01384702,"Longitude":54.085415310000002,"GlobalID":"{F3DBC194-878C-4023-AFFC-496BCEC773D1}"}},{"type":"Feature","id":537,"geometry":{"type":"Point","coordinates":[189703.8021999998,1883422.6185999997]},"properties":{"OBJECTID":537,"Asset_ID":"RST537","Name":"مطعم برزة المعتزة","District_ID":"Salalah al Jadida","Gov_ID":"Dhofar Governorate","Wlyt_ID":"Salalah","Road_ID":"104189","Latitude":17.014075070000001,"Longitude":54.085698219999998,"GlobalID":"{6183DFAD-A786-4E56-9DFF-C59737A92D1C}"}},{"type":"Feature","id":538,"geometry":{"type":"Point","coordinates":[189701.20469999965,1883435.9956]},"properties":{"OBJECTID":538,"Asset_ID":"RST538","Name":"مقهى","District_ID":"Salalah al Jadida","Gov_ID":"Dhofar Governorate","Wlyt_ID":"Salalah","Road_ID":"104204","Latitude":17.014195480000001,"Longitude":54.085671980000001,"GlobalID":"{DA0A6B63-0097-4557-BB62-56BF61034A5A}"}},{"type":"Feature","id":539,"geometry":{"type":"Point","coordinates":[189699.51640000008,1883449.6323000006]},"properties":{"OBJECTID":539,"Asset_ID":"RST539","Name":"Kammus","District_ID":"Salalah al Jadida","Gov_ID":"Dhofar Governorate","Wlyt_ID":"Salalah","Road_ID":"104204","Latitude":17.014318360000001,"Longitude":54.085654230000003,"GlobalID":"{605A274D-13A3-4DE8-86C3-CC955084050E}"}},{"type":"Feature","id":540,"geometry":{"type":"Point","coordinates":[189709.6464999998,1883465.4769000001]},"properties":{"OBJECTID":540,"Asset_ID":"RST540","Name":"مقهى","District_ID":"Salalah al Jadida","Gov_ID":"Dhofar Governorate","Wlyt_ID":"Salalah","Road_ID":"104190","Latitude":17.014462770000002,"Longitude":54.085747069999996,"GlobalID":"{CC11E3F7-533A-4307-81BD-152CF7ED8DED}"}},{"type":"Feature","id":541,"geometry":{"type":"Point","coordinates":[189689.2564000003,1883513.7896999996]},"properties":{"OBJECTID":541,"Asset_ID":"RST541","Name":"مطعم المدني","District_ID":"Salalah al Jadida","Gov_ID":"Dhofar Governorate","Wlyt_ID":"Salalah","Road_ID":"104189","Latitude":17.014896180000001,"Longitude":54.085548989999999,"GlobalID":"{00DA156C-5A86-49C5-832C-4211755268D8}"}},{"type":"Feature","id":542,"geometry":{"type":"Point","coordinates":[189674.15050000045,1883596.6975999996]},"properties":{"OBJECTID":542,"Asset_ID":"RST542","Name":"شاورما وادي التركي","District_ID":"Salalah al Jadida","Gov_ID":"Dhofar Governorate","Wlyt_ID":"Salalah","Road_ID":"104189","Latitude":17.015642620000001,"Longitude":54.085395660000003,"GlobalID":"{2927B03C-BC6D-4822-8A01-C974B866C965}"}},{"type":"Feature","id":543,"geometry":{"type":"Point","coordinates":[189667.04800000042,1883631.8039999995]},"properties":{"OBJECTID":543,"Asset_ID":"RST543","Name":"مطعم كامونا","District_ID":"Salalah al Jadida","Gov_ID":"Dhofar Governorate","Wlyt_ID":"Salalah","Road_ID":"104189","Latitude":17.015958600000001,"Longitude":54.085324110000002,"GlobalID":"{D8B5F181-83DD-49A0-A77D-D905D076EBCD}"}},{"type":"Feature","id":544,"geometry":{"type":"Point","coordinates":[189636.60890000034,1883612.9318000004]},"properties":{"OBJECTID":544,"Asset_ID":"RST544","Name":"مقهى بدر القعيطي","District_ID":"Salalah al Jadida","Gov_ID":"Dhofar Governorate","Wlyt_ID":"Salalah","Road_ID":"104189","Latitude":17.01578413,"Longitude":54.08504113,"GlobalID":"{B1C1B909-3EF7-4C0C-AC19-1623E30DA4CE}"}},{"type":"Feature","id":545,"geometry":{"type":"Point","coordinates":[189630.03409999982,1883648.8579999991]},"properties":{"OBJECTID":545,"Asset_ID":"RST545","Name":"شاورما طلحت","District_ID":"Salalah al Jadida","Gov_ID":"Dhofar Governorate","Wlyt_ID":"Salalah","Road_ID":"104189","Latitude":17.01610758,"Longitude":54.084974410000001,"GlobalID":"{03042BAE-881F-4DCB-B310-8B81ADBBB31E}"}},{"type":"Feature","id":546,"geometry":{"type":"Point","coordinates":[189619.51439999975,1883698.4696999993]},"properties":{"OBJECTID":546,"Asset_ID":"RST546","Name":"مطعم فرغلي","District_ID":"Salalah al Jadida","Gov_ID":"Dhofar Governorate","Wlyt_ID":"Salalah","Road_ID":"104189","Latitude":17.01655405,"Longitude":54.08486877,"GlobalID":"{32C3EF6A-DBCC-424C-93C2-00A033BC69EB}"}},{"type":"Feature","id":547,"geometry":{"type":"Point","coordinates":[189653.54119999986,1883704.1841000002]},"properties":{"OBJECTID":547,"Asset_ID":"RST547","Name":"شاورما المهدية","District_ID":"Salalah al Jadida","Gov_ID":"Dhofar Governorate","Wlyt_ID":"Salalah","Road_ID":"104189","Latitude":17.01661022,"Longitude":54.085187249999997,"GlobalID":"{FF5F785E-A8EA-4575-BD0A-F209246193C8}"}},{"type":"Feature","id":548,"geometry":{"type":"Point","coordinates":[189652.89180000033,1883713.0154999997]},"properties":{"OBJECTID":548,"Asset_ID":"RST548","Name":"ملك المضغوط","District_ID":"Salalah al Jadida","Gov_ID":"Dhofar Governorate","Wlyt_ID":"Salalah","Road_ID":"104189","Latitude":17.01668986,"Longitude":54.085179920000002,"GlobalID":"{B10CEE3E-F5AC-4EF9-9F30-A5BD960C10BB}"}},{"type":"Feature","id":549,"geometry":{"type":"Point","coordinates":[189615.74799999967,1883729.6392999999]},"properties":{"OBJECTID":549,"Asset_ID":"RST549","Name":"مطعم ابو عروب","District_ID":"Salalah al Jadida","Gov_ID":"Dhofar Governorate","Wlyt_ID":"Salalah","Road_ID":"104189","Latitude":17.016834939999999,"Longitude":54.084829069999998,"GlobalID":"{9DD39B1C-E2DD-443A-9075-21FFB148D667}"}},{"type":"Feature","id":550,"geometry":{"type":"Point","coordinates":[189648.21640000027,1883737.4317000005]},"properties":{"OBJECTID":550,"Asset_ID":"RST550","Name":"مطعم الكداس","District_ID":"Salalah al Jadida","Gov_ID":"Dhofar Governorate","Wlyt_ID":"Salalah","Road_ID":"104189","Latitude":17.016909649999999,"Longitude":54.085132639999998,"GlobalID":"{35D72496-6779-4C7B-901F-B5C35AD04514}"}},{"type":"Feature","id":551,"geometry":{"type":"Point","coordinates":[189644.83970000036,1883757.9517000001]},"properties":{"OBJECTID":551,"Asset_ID":"RST551","Name":"فاملي فود","District_ID":"Salalah al Jadida","Gov_ID":"Dhofar Governorate","Wlyt_ID":"Salalah","Road_ID":"104189","Latitude":17.017094449999998,"Longitude":54.085098080000002,"GlobalID":"{5D011868-037C-4F3B-BCDD-58F12D557D51}"}},{"type":"Feature","id":552,"geometry":{"type":"Point","coordinates":[189636.58330000006,1883317.1951000001]},"properties":{"OBJECTID":552,"Asset_ID":"RST552","Name":"مطعم  السهالة للماكولات العمانية","District_ID":"Salalah al Jadida","Gov_ID":"Dhofar Governorate","Wlyt_ID":"Salalah","Road_ID":"103812","Latitude":17.013114290000001,"Longitude":54.085082229999998,"GlobalID":"{BF825DF9-27AA-4581-8A9D-EBFA7035610E}"}},{"type":"Feature","id":553,"geometry":{"type":"Point","coordinates":[189590.51539999992,1883313.7905999999]},"properties":{"OBJECTID":553,"Asset_ID":"RST553","Name":"مطعم الوعد","District_ID":"Salalah al Jadida","Gov_ID":"Dhofar Governorate","Wlyt_ID":"Salalah","Road_ID":"104212","Latitude":17.01307735,"Longitude":54.084650449999998,"GlobalID":"{4EF81A6B-1321-45D8-911F-BA481DA9076E}"}},{"type":"Feature","id":554,"geometry":{"type":"Point","coordinates":[189512.23900000006,1883242.4843000006]},"properties":{"OBJECTID":554,"Asset_ID":"RST554","Name":"مقهى ومعصرة فواكه","District_ID":"Salalah al Gharbiyya","Gov_ID":"Dhofar Governorate","Wlyt_ID":"Salalah","Road_ID":"103812","Latitude":17.012423089999999,"Longitude":54.083925950000001,"GlobalID":"{40BE9D79-40BC-4ED8-9EA7-87F27E39444C}"}},{"type":"Feature","id":555,"geometry":{"type":"Point","coordinates":[189524.44710000046,1883246.1207999997]},"properties":{"OBJECTID":555,"Asset_ID":"RST555","Name":"مقهى","District_ID":"Salalah al Gharbiyya","Gov_ID":"Dhofar Governorate","Wlyt_ID":"Salalah","Road_ID":"103812","Latitude":17.012457560000001,"Longitude":54.084039990000001,"GlobalID":"{20101696-EAEE-48D4-BB7C-BEAF26A23017}"}},{"type":"Feature","id":556,"geometry":{"type":"Point","coordinates":[189142.35969999991,1883119.6240999997]},"properties":{"OBJECTID":556,"Asset_ID":"RST556","Name":"مطعم","District_ID":"Salalah al Gharbiyya","Gov_ID":"Dhofar Governorate","Wlyt_ID":"Salalah","Road_ID":"103812","Latitude":17.011264140000002,"Longitude":54.080472550000003,"GlobalID":"{D0422B12-7415-4A4F-BC7C-B89FF8CB7C25}"}},{"type":"Feature","id":557,"geometry":{"type":"Point","coordinates":[188892.61319999956,1883042.6092000008]},"properties":{"OBJECTID":557,"Asset_ID":"RST557","Name":"مطعم فندق دربات","District_ID":"Salalah al Gharbiyya","Gov_ID":"Dhofar Governorate","Wlyt_ID":"Salalah","Road_ID":"103812","Latitude":17.010535220000001,"Longitude":54.078139980000003,"GlobalID":"{9A32D67A-A180-41BE-9B32-A07A7F7989EE}"}},{"type":"Feature","id":558,"geometry":{"type":"Point","coordinates":[188296.07239999995,1882897.0048999991]},"properties":{"OBJECTID":558,"Asset_ID":"RST558","Name":"مطعم بن عتيق للماكولات العمانية","District_ID":"al Wadi","Gov_ID":"Dhofar Governorate","Wlyt_ID":"Salalah","Road_ID":"104323","Latitude":17.009140259999999,"Longitude":54.07256314,"GlobalID":"{F080FE16-311A-4080-BE8C-B6F09080D367}"}},{"type":"Feature","id":559,"geometry":{"type":"Point","coordinates":[188102.50009999983,1882831.2585000005]},"properties":{"OBJECTID":559,"Asset_ID":"RST559","Name":"مطعم ليلك","District_ID":"al Wadi","Gov_ID":"Dhofar Governorate","Wlyt_ID":"Salalah","Road_ID":"104327","Latitude":17.008520570000002,"Longitude":54.070756119999999,"GlobalID":"{8425C3F4-920B-44CE-BFD0-54E6F0B76208}"}},{"type":"Feature","id":560,"geometry":{"type":"Point","coordinates":[188060.27560000028,1882818.8738000002]},"properties":{"OBJECTID":560,"Asset_ID":"RST560","Name":"ربيع لبنان","District_ID":"al Wadi","Gov_ID":"Dhofar Governorate","Wlyt_ID":"Salalah","Road_ID":"104327","Latitude":17.008403059999999,"Longitude":54.070361679999998,"GlobalID":"{83498741-7C9C-4E6A-AD32-51B926EDDEBC}"}},{"type":"Feature","id":561,"geometry":{"type":"Point","coordinates":[187953.55090000015,1882785.0443999991]},"properties":{"OBJECTID":561,"Asset_ID":"RST561","Name":"مطعم الركن السعودي","District_ID":"al Wadi","Gov_ID":"Dhofar Governorate","Wlyt_ID":"Salalah","Road_ID":"104327","Latitude":17.00808323,"Longitude":54.069365060000003,"GlobalID":"{5854A297-55BE-41A8-BCBD-F639928D04C1}"}},{"type":"Feature","id":562,"geometry":{"type":"Point","coordinates":[187471.29480000027,1882614.9829999991]},"properties":{"OBJECTID":562,"Asset_ID":"RST562","Name":"مطعم البيت اللبناني","District_ID":"al Wadi","Gov_ID":"Dhofar Governorate","Wlyt_ID":"Salalah","Road_ID":"105455","Latitude":17.006482739999999,"Longitude":54.064864129999997,"GlobalID":"{0DDE7EFE-C2F6-42C2-897C-3E4876B8635E}"}},{"type":"Feature","id":563,"geometry":{"type":"Point","coordinates":[187450.4319000002,1882573.9221999999]},"properties":{"OBJECTID":563,"Asset_ID":"RST563","Name":"مطعم اهلا","District_ID":"al Wadi","Gov_ID":"Dhofar Governorate","Wlyt_ID":"Salalah","Road_ID":"103812","Latitude":17.00610923,"Longitude":54.064674160000003,"GlobalID":"{4FBB87F0-02CF-48EA-B8F8-D472DBC482D1}"}},{"type":"Feature","id":564,"geometry":{"type":"Point","coordinates":[187444.94610000029,1882607.4191999994]},"properties":{"OBJECTID":564,"Asset_ID":"RST564","Name":"مطعم باستري","District_ID":"al Wadi","Gov_ID":"Dhofar Governorate","Wlyt_ID":"Salalah","Road_ID":"103812","Latitude":17.006410890000002,"Longitude":54.06461797,"GlobalID":"{674FED77-C2BA-440C-ACC7-843C48A39E6B}"}},{"type":"Feature","id":565,"geometry":{"type":"Point","coordinates":[187373.71310000028,1882543.8332000002]},"properties":{"OBJECTID":565,"Asset_ID":"RST565","Name":"مطعم","District_ID":"al Wadi","Gov_ID":"Dhofar Governorate","Wlyt_ID":"Salalah","Road_ID":"105389","Latitude":17.00582721,"Longitude":54.063958569999997,"GlobalID":"{9B33251D-E99F-45E1-9370-67AD3B72F322}"}},{"type":"Feature","id":566,"geometry":{"type":"Point","coordinates":[187309.54530000035,1882565.3609999996]},"properties":{"OBJECTID":566,"Asset_ID":"RST566","Name":"مطعم نور طيبة","District_ID":"al Wadi","Gov_ID":"Dhofar Governorate","Wlyt_ID":"Salalah","Road_ID":"105460","Latitude":17.006012869999999,"Longitude":54.063353480000004,"GlobalID":"{D60934E4-2FA1-4F18-BA75-F80B67F10821}"}},{"type":"Feature","id":567,"geometry":{"type":"Point","coordinates":[187285.85639999993,1882524.4664999992]},"properties":{"OBJECTID":567,"Asset_ID":"RST567","Name":"مقهى","District_ID":"al Wadi","Gov_ID":"Dhofar Governorate","Wlyt_ID":"Salalah","Road_ID":"103812","Latitude":17.00564048,"Longitude":54.063136980000003,"GlobalID":"{DA6528B6-D8F4-4E51-AEE2-60BB75B79362}"}},{"type":"Feature","id":568,"geometry":{"type":"Point","coordinates":[187081.14780000038,1882497.2385000009]},"properties":{"OBJECTID":568,"Asset_ID":"RST568","Name":"مطعم كوياس","District_ID":"al Wadi","Gov_ID":"Dhofar Governorate","Wlyt_ID":"Salalah","Road_ID":"103812","Latitude":17.005366939999998,"Longitude":54.061220120000002,"GlobalID":"{0116C55F-8E5C-4F71-B692-8CCCD2AC5013}"}},{"type":"Feature","id":569,"geometry":{"type":"Point","coordinates":[186895.94539999962,1882440.9319000002]},"properties":{"OBJECTID":569,"Asset_ID":"RST569","Name":"مطعم الملعقة الذهبية","District_ID":"al Wadi","Gov_ID":"Dhofar Governorate","Wlyt_ID":"Salalah","Road_ID":"103812","Latitude":17.004833519999998,"Longitude":54.059490400000001,"GlobalID":"{A89D03F4-B74B-42C1-8F5B-7A9F6FB93948}"}},{"type":"Feature","id":570,"geometry":{"type":"Point","coordinates":[188322.10699999984,1882967.4837999996]},"properties":{"OBJECTID":570,"Asset_ID":"RST570","Name":"مطعم","District_ID":"al Wadi","Gov_ID":"Dhofar Governorate","Wlyt_ID":"Salalah","Road_ID":"104322","Latitude":17.009780030000002,"Longitude":54.072797520000002,"GlobalID":"{B199E379-653D-4EF6-8C7B-58919E6443FA}"}},{"type":"Feature","id":571,"geometry":{"type":"Point","coordinates":[188374.07959999982,1883045.2034000009]},"properties":{"OBJECTID":571,"Asset_ID":"RST571","Name":"مطعم ركن المعتزة","District_ID":"Salalah al Jadida","Gov_ID":"Dhofar Governorate","Wlyt_ID":"Salalah","Road_ID":"104319","Latitude":17.010488680000002,"Longitude":54.073274269999999,"GlobalID":"{26D65D5D-269D-4813-A950-092C12BFE032}"}},{"type":"Feature","id":572,"geometry":{"type":"Point","coordinates":[188331.84190000035,1883016.0518999994]},"properties":{"OBJECTID":572,"Asset_ID":"RST572","Name":"مطعم","District_ID":"al Wadi","Gov_ID":"Dhofar Governorate","Wlyt_ID":"Salalah","Road_ID":"104332","Latitude":17.010219809999999,"Longitude":54.072882049999997,"GlobalID":"{5D33B86E-F9F0-429D-B49B-3CB9EDC1BDC0}"}},{"type":"Feature","id":573,"geometry":{"type":"Point","coordinates":[188376.88609999977,1883123.2606000006]},"properties":{"OBJECTID":573,"Asset_ID":"RST573","Name":"مقهى","District_ID":"Salalah al Jadida","Gov_ID":"Dhofar Governorate","Wlyt_ID":"Salalah","Road_ID":"104320","Latitude":17.011193729999999,"Longitude":54.07328965,"GlobalID":"{B0A2A7D4-1478-4071-8F65-21B86BFDADA9}"}},{"type":"Feature","id":574,"geometry":{"type":"Point","coordinates":[188376.83739999961,1883260.8532999996]},"properties":{"OBJECTID":574,"Asset_ID":"RST574","Name":"Grand Cafe & Restaurent","District_ID":"Salalah al Jadida","Gov_ID":"Dhofar Governorate","Wlyt_ID":"Salalah","Road_ID":"100583","Latitude":17.012435870000001,"Longitude":54.073269879999998,"GlobalID":"{2C00D961-2FE2-4576-A1E4-D360E7C6F17D}"}},{"type":"Feature","id":575,"geometry":{"type":"Point","coordinates":[188402.6091,1883286.625]},"properties":{"OBJECTID":575,"Asset_ID":"RST575","Name":"Grand Cafe & Restaurent","District_ID":"Salalah al Jadida","Gov_ID":"Dhofar Governorate","Wlyt_ID":"Salalah","Road_ID":"104337","Latitude":17.012672009999999,"Longitude":54.073508080000003,"GlobalID":"{FD9E27C8-623F-4901-88B0-A4DCEAEE8A98}"}},{"type":"Feature","id":576,"geometry":{"type":"Point","coordinates":[188471.56379999965,1883045.0767999999]},"properties":{"OBJECTID":576,"Asset_ID":"RST576","Name":"Chef. شيف","District_ID":"Salalah al Jadida","Gov_ID":"Dhofar Governorate","Wlyt_ID":"Salalah","Road_ID":"104319","Latitude":17.010500700000001,"Longitude":54.074188970000002,"GlobalID":"{8EA41706-CFDA-444C-82E1-24EAF757A73D}"}},{"type":"Feature","id":577,"geometry":{"type":"Point","coordinates":[188455.32959999982,1883002.6082000006]},"properties":{"OBJECTID":577,"Asset_ID":"RST577","Name":"PYO","District_ID":"Salalah al Jadida","Gov_ID":"Dhofar Governorate","Wlyt_ID":"Salalah","Road_ID":"104319","Latitude":17.010115110000001,"Longitude":54.074042599999999,"GlobalID":"{0FA819B8-8874-4E8A-B577-3306E1BF793F}"}},{"type":"Feature","id":578,"geometry":{"type":"Point","coordinates":[188450.5242999997,1883000.9199000001]},"properties":{"OBJECTID":578,"Asset_ID":"RST578","Name":"لقمة","District_ID":"Salalah al Jadida","Gov_ID":"Dhofar Governorate","Wlyt_ID":"Salalah","Road_ID":"104319","Latitude":17.010099220000001,"Longitude":54.073997749999997,"GlobalID":"{BE5E8AD6-CADE-42B4-A36F-A0132329751D}"}},{"type":"Feature","id":579,"geometry":{"type":"Point","coordinates":[188957.2089999998,1883657.9815999996]},"properties":{"OBJECTID":579,"Asset_ID":"RST579","Name":"مطعم","District_ID":"Salalah al Jadida","Gov_ID":"Dhofar Governorate","Wlyt_ID":"Salalah","Road_ID":"104232","Latitude":17.01609934,"Longitude":54.078659860000002,"GlobalID":"{1ACC2E60-4480-439B-8134-5DA4BD5939A7}"}},{"type":"Feature","id":580,"geometry":{"type":"Point","coordinates":[188663.25679999962,1883278.3293999992]},"properties":{"OBJECTID":580,"Asset_ID":"RST580","Name":"مقهى","District_ID":"Salalah al Jadida","Gov_ID":"Dhofar Governorate","Wlyt_ID":"Salalah","Road_ID":"104310","Latitude":17.0126323,"Longitude":54.075954899999999,"GlobalID":"{64ECE870-AE50-44ED-B531-2CDF9F703F7C}"}},{"type":"Feature","id":581,"geometry":{"type":"Point","coordinates":[188825.63489999995,1883439.0241999999]},"properties":{"OBJECTID":581,"Asset_ID":"RST581","Name":"مقهى","District_ID":"Salalah al Jadida","Gov_ID":"Dhofar Governorate","Wlyt_ID":"Salalah","Road_ID":"104309","Latitude":17.01410491,"Longitude":54.077455970000003,"GlobalID":"{2D908661-9686-4F88-911C-4A6CE95765F4}"}},{"type":"Feature","id":582,"geometry":{"type":"Point","coordinates":[188690.96889999975,1884196.3674999997]},"properties":{"OBJECTID":582,"Asset_ID":"RST582","Name":"شاركلز بيرقر","District_ID":"Salalah al Jadida","Gov_ID":"Dhofar Governorate","Wlyt_ID":"Salalah","Road_ID":"104188","Latitude":17.020923809999999,"Longitude":54.076086160000003,"GlobalID":"{1015F1FD-CAE9-4EDC-94D9-1A8255C7CB3F}"}},{"type":"Feature","id":583,"geometry":{"type":"Point","coordinates":[188703.5231999997,1884198.0698000006]},"properties":{"OBJECTID":583,"Asset_ID":"RST583","Name":"مقهى","District_ID":"Salalah al Jadida","Gov_ID":"Dhofar Governorate","Wlyt_ID":"Salalah","Road_ID":"104294","Latitude":17.02094087,"Longitude":54.076203720000002,"GlobalID":"{4C5490A8-6DE0-44F1-9B2B-D014F9E4786E}"}},{"type":"Feature","id":584,"geometry":{"type":"Point","coordinates":[188729.93059999961,1884168.9520999994]},"properties":{"OBJECTID":584,"Asset_ID":"RST584","Name":"عز الكبسة والمضغوط","District_ID":"Salalah al Jadida","Gov_ID":"Dhofar Governorate","Wlyt_ID":"Salalah","Road_ID":"104294","Latitude":17.020681570000001,"Longitude":54.076455600000003,"GlobalID":"{D1D3B3E8-383A-4D03-8154-A80737BD11CA}"}},{"type":"Feature","id":585,"geometry":{"type":"Point","coordinates":[188756.47989999969,1884172.6320999991]},"properties":{"OBJECTID":585,"Asset_ID":"RST585","Name":"مطعم عزايم","District_ID":"Salalah al Jadida","Gov_ID":"Dhofar Governorate","Wlyt_ID":"Salalah","Road_ID":"104188","Latitude":17.020718380000002,"Longitude":54.076704210000003,"GlobalID":"{8BBF761F-0C64-4F36-8C87-83B9846C10B3}"}},{"type":"Feature","id":586,"geometry":{"type":"Point","coordinates":[188835.60919999983,1884174.6269000005]},"properties":{"OBJECTID":586,"Asset_ID":"RST586","Name":"Buff Grill Burger","District_ID":"Salalah al Jadida","Gov_ID":"Dhofar Governorate","Wlyt_ID":"Salalah","Road_ID":"104188","Latitude":17.020747060000001,"Longitude":54.077446430000002,"GlobalID":"{5B3E0867-9679-49FD-BE38-698BB84143C1}"}},{"type":"Feature","id":587,"geometry":{"type":"Point","coordinates":[188919.36710000038,1883994.1912999991]},"properties":{"OBJECTID":587,"Asset_ID":"RST587","Name":"مقهى","District_ID":"Salalah al Jadida","Gov_ID":"Dhofar Governorate","Wlyt_ID":"Salalah","Road_ID":"104282","Latitude":17.01912944,"Longitude":54.078257659999998,"GlobalID":"{1F9B4BC2-51CF-41C7-B7F4-337FAEAC6117}"}},{"type":"Feature","id":588,"geometry":{"type":"Point","coordinates":[188887.41830000002,1883974.7103000004]},"properties":{"OBJECTID":588,"Asset_ID":"RST588","Name":"مطعم","District_ID":"Salalah al Jadida","Gov_ID":"Dhofar Governorate","Wlyt_ID":"Salalah","Road_ID":"104246","Latitude":17.018949259999999,"Longitude":54.077960609999998,"GlobalID":"{CD587BFF-0F58-45A7-B4B1-9E05A1335B9A}"}},{"type":"Feature","id":589,"geometry":{"type":"Point","coordinates":[188935.10259999987,1883834.0055]},"properties":{"OBJECTID":589,"Asset_ID":"RST589","Name":"مقهى","District_ID":"Salalah al Jadida","Gov_ID":"Dhofar Governorate","Wlyt_ID":"Salalah","Road_ID":"104246","Latitude":17.017685449999998,"Longitude":54.078427769999998,"GlobalID":"{E4187B81-1D18-40DC-BF70-78F316B5E13E}"}},{"type":"Feature","id":590,"geometry":{"type":"Point","coordinates":[188903.76669999957,1883811.4802999999]},"properties":{"OBJECTID":590,"Asset_ID":"RST590","Name":"مقهى","District_ID":"Salalah al Jadida","Gov_ID":"Dhofar Governorate","Wlyt_ID":"Salalah","Road_ID":"104286","Latitude":17.01747787,"Longitude":54.078136890000003,"GlobalID":"{D36509F0-8BD0-4414-86FE-F83D77535B9E}"}},{"type":"Feature","id":591,"geometry":{"type":"Point","coordinates":[188941.00399999972,1883800.0098000001]},"properties":{"OBJECTID":591,"Asset_ID":"RST591","Name":"مقهى","District_ID":"Salalah al Jadida","Gov_ID":"Dhofar Governorate","Wlyt_ID":"Salalah","Road_ID":"104263","Latitude":17.017379340000002,"Longitude":54.078487899999999,"GlobalID":"{213F4828-48E8-4334-A315-B01D125667F6}"}},{"type":"Feature","id":592,"geometry":{"type":"Point","coordinates":[186835.60589999985,1883332.0807000007]},"properties":{"OBJECTID":592,"Asset_ID":"RST592","Name":"مقهى","District_ID":"al Wadi","Gov_ID":"Dhofar Governorate","Wlyt_ID":"Salalah","Road_ID":"105358","Latitude":17.012870240000002,"Longitude":54.058798600000003,"GlobalID":"{7F1EC821-C73F-4C42-A005-D18063EC338D}"}},{"type":"Feature","id":593,"geometry":{"type":"Point","coordinates":[186844.73770000041,1883474.5354999993]},"properties":{"OBJECTID":593,"Asset_ID":"RST593","Name":"مطعم المدهش","District_ID":"al Wadi","Gov_ID":"Dhofar Governorate","Wlyt_ID":"Salalah","Road_ID":"105352","Latitude":17.0141575,"Longitude":54.058864190000001,"GlobalID":"{ED8B472E-D75B-4214-85BC-3401D2E00863}"}},{"type":"Feature","id":594,"geometry":{"type":"Point","coordinates":[186892.01970000006,1883763.9096000008]},"properties":{"OBJECTID":594,"Asset_ID":"RST594","Name":"مطعم أزال الحديث","District_ID":"al Wadi","Gov_ID":"Dhofar Governorate","Wlyt_ID":"Salalah","Road_ID":"104340","Latitude":17.01677626,"Longitude":54.059267009999999,"GlobalID":"{DF6AAA6A-50D8-49B1-9FD3-A356E0009EF8}"}},{"type":"Feature","id":595,"geometry":{"type":"Point","coordinates":[186905.6157999998,1883744.8344000001]},"properties":{"OBJECTID":595,"Asset_ID":"RST595","Name":"مقهى","District_ID":"al Wadi","Gov_ID":"Dhofar Governorate","Wlyt_ID":"Salalah","Road_ID":"104340","Latitude":17.016605899999998,"Longitude":54.059397279999999,"GlobalID":"{0732A925-D5DC-449C-86C1-E8EDE83C6976}"}},{"type":"Feature","id":596,"geometry":{"type":"Point","coordinates":[186955.12999999989,1883583.5074000005]},"properties":{"OBJECTID":596,"Asset_ID":"RST596","Name":"مطعم","District_ID":"al Wadi","Gov_ID":"Dhofar Governorate","Wlyt_ID":"Salalah","Road_ID":"104340","Latitude":17.015156229999999,"Longitude":54.059884619999998,"GlobalID":"{F9BBDF92-D76B-4F59-AB5C-A147731D9827}"}},{"type":"Feature","id":597,"geometry":{"type":"Point","coordinates":[186970.22780000046,1883557.0375999995]},"properties":{"OBJECTID":597,"Asset_ID":"RST597","Name":"مقهى","District_ID":"al Wadi","Gov_ID":"Dhofar Governorate","Wlyt_ID":"Salalah","Road_ID":"105359","Latitude":17.014919320000001,"Longitude":54.060030019999999,"GlobalID":"{7F5CD939-E218-4EF0-A746-ADE33B8759A9}"}},{"type":"Feature","id":598,"geometry":{"type":"Point","coordinates":[186988.53990000021,1883524.1796000004]},"properties":{"OBJECTID":598,"Asset_ID":"RST598","Name":"بيتزا الفاخرة","District_ID":"al Wadi","Gov_ID":"Dhofar Governorate","Wlyt_ID":"Salalah","Road_ID":"104340","Latitude":17.014625179999999,"Longitude":54.060206479999998,"GlobalID":"{E154B77A-CC03-402A-B288-66B85A121B90}"}},{"type":"Feature","id":599,"geometry":{"type":"Point","coordinates":[187056.33380000014,1883449.7621999998]},"properties":{"OBJECTID":599,"Asset_ID":"RST599","Name":"مقهى","District_ID":"al Wadi","Gov_ID":"Dhofar Governorate","Wlyt_ID":"Salalah","Road_ID":"104340","Latitude":17.01396256,"Longitude":54.06085307,"GlobalID":"{9F2166E9-5680-47AE-A42F-999FBFCF29F4}"}},{"type":"Feature","id":600,"geometry":{"type":"Point","coordinates":[187038.87550000008,1883856.7741]},"properties":{"OBJECTID":600,"Asset_ID":"RST600","Name":"IMPASTI PIZZERIA","District_ID":"al Wadi","Gov_ID":"Dhofar Governorate","Wlyt_ID":"Salalah","Road_ID":"105366","Latitude":17.017634529999999,"Longitude":54.060631880000003,"GlobalID":"{B55DED53-7F07-4635-9EC7-B41D076AC36C}"}},{"type":"Feature","id":601,"geometry":{"type":"Point","coordinates":[187109.26580000017,1883812.7008999996]},"properties":{"OBJECTID":601,"Asset_ID":"RST601","Name":"PAPA JOHNS","District_ID":"al Wadi","Gov_ID":"Dhofar Governorate","Wlyt_ID":"Salalah","Road_ID":"105366","Latitude":17.017246199999999,"Longitude":54.061298569999998,"GlobalID":"{C2326D81-80A0-4648-BE82-015462B67689}"}},{"type":"Feature","id":602,"geometry":{"type":"Point","coordinates":[187045.68420000002,1883851.3306000009]},"properties":{"OBJECTID":602,"Asset_ID":"RST602","Name":"ديوا للماكولات العربية","District_ID":"al Wadi","Gov_ID":"Dhofar Governorate","Wlyt_ID":"Salalah","Road_ID":"105366","Latitude":17.017586309999999,"Longitude":54.060696530000001,"GlobalID":"{CB0805CC-B13F-4F09-A959-C38F4C9D5059}"}},{"type":"Feature","id":603,"geometry":{"type":"Point","coordinates":[186827.70449999999,1882680.4309999999]},"properties":{"OBJECTID":603,"Asset_ID":"RST603","Name":"مطعم طيبات لبنان","District_ID":"al Wadi","Gov_ID":"Dhofar Governorate","Wlyt_ID":"Salalah","Road_ID":"105354","Latitude":17.006986359999999,"Longitude":54.058816360000002,"GlobalID":"{8413180A-1B24-4FDC-A60B-39BA0259317A}"}},{"type":"Feature","id":604,"geometry":{"type":"Point","coordinates":[186825.16789999977,1882650.6261]},"properties":{"OBJECTID":604,"Asset_ID":"RST604","Name":"مقهى","District_ID":"al Wadi","Gov_ID":"Dhofar Governorate","Wlyt_ID":"Salalah","Road_ID":"105354","Latitude":17.006716950000001,"Longitude":54.05879676,"GlobalID":"{A9AAA081-A855-4ACE-A086-14D84AA1EEC3}"}},{"type":"Feature","id":605,"geometry":{"type":"Point","coordinates":[186826.19820000045,1882611.4297000002]},"properties":{"OBJECTID":605,"Asset_ID":"RST605","Name":"مطعم","District_ID":"al Wadi","Gov_ID":"Dhofar Governorate","Wlyt_ID":"Salalah","Road_ID":"105472","Latitude":17.006363239999999,"Longitude":54.05881196,"GlobalID":"{ED6DFEAE-21A7-4C5B-BEEE-0156DE3A5E31}"}},{"type":"Feature","id":606,"geometry":{"type":"Point","coordinates":[186829.44510000013,1882558.0516999997]},"properties":{"OBJECTID":606,"Asset_ID":"RST606","Name":"مطعم أهل الكرم اللبناني","District_ID":"al Wadi","Gov_ID":"Dhofar Governorate","Wlyt_ID":"Salalah","Road_ID":"105471","Latitude":17.005881810000002,"Longitude":54.058849950000003,"GlobalID":"{36A48BCC-454A-4149-A65E-815485B2321F}"}},{"type":"Feature","id":607,"geometry":{"type":"Point","coordinates":[186832.69189999998,1882518.4403000008]},"properties":{"OBJECTID":607,"Asset_ID":"RST607","Name":"مطعم وحلويات البيت","District_ID":"al Wadi","Gov_ID":"Dhofar Governorate","Wlyt_ID":"Salalah","Road_ID":"105469","Latitude":17.005524650000002,"Longitude":54.058886000000001,"GlobalID":"{B29F955E-99E0-43ED-832A-49D06EF24BB8}"}},{"type":"Feature","id":608,"geometry":{"type":"Point","coordinates":[187451.42939999979,1884102.1471999995]},"properties":{"OBJECTID":608,"Asset_ID":"RST608","Name":"إمبراطور الشاورما","District_ID":"al Wadi","Gov_ID":"Dhofar Governorate","Wlyt_ID":"Salalah","Road_ID":"104340","Latitude":17.01990559,"Longitude":54.064468380000001,"GlobalID":"{D4F65C17-95EB-4E47-8310-7BE69EA61B28}"}},{"type":"Feature","id":609,"geometry":{"type":"Point","coordinates":[187472.04289999977,1884110.2096999995]},"properties":{"OBJECTID":609,"Asset_ID":"RST609","Name":"مطعم عيال الفريج","District_ID":"al Wadi","Gov_ID":"Dhofar Governorate","Wlyt_ID":"Salalah","Road_ID":"104340","Latitude":17.019981170000001,"Longitude":54.064660660000001,"GlobalID":"{66CDA0A5-5ADB-499B-8D6C-2FAFD180E0A3}"}},{"type":"Feature","id":610,"geometry":{"type":"Point","coordinates":[187548.3459999999,1884140.5482000001]},"properties":{"OBJECTID":610,"Asset_ID":"RST610","Name":"مطعم ومطبخ طيور شلوى","District_ID":"al Wadi","Gov_ID":"Dhofar Governorate","Wlyt_ID":"Salalah","Road_ID":"104340","Latitude":17.020265389999999,"Longitude":54.065372359999998,"GlobalID":"{7C42C253-5347-4146-98B1-FB5032C078AA}"}},{"type":"Feature","id":611,"geometry":{"type":"Point","coordinates":[187562.06070000026,1884148.8600999992]},"properties":{"OBJECTID":611,"Asset_ID":"RST611","Name":"مطعم طواحين الهوا","District_ID":"al Wadi","Gov_ID":"Dhofar Governorate","Wlyt_ID":"Salalah","Road_ID":"104340","Latitude":17.020342280000001,"Longitude":54.065499879999997,"GlobalID":"{2F8DCCEB-1240-4D7F-88E8-C9FFA557AD6A}"}},{"type":"Feature","id":612,"geometry":{"type":"Point","coordinates":[187605.61500000022,1884172.6320999991]},"properties":{"OBJECTID":612,"Asset_ID":"RST612","Name":"HUNGRY BIRDS","District_ID":"al Wadi","Gov_ID":"Dhofar Governorate","Wlyt_ID":"Salalah","Road_ID":"104360","Latitude":17.02056279,"Longitude":54.065905219999998,"GlobalID":"{D0F00E03-3815-445F-AC76-0131A7E803E5}"}},{"type":"Feature","id":613,"geometry":{"type":"Point","coordinates":[187616.42050000001,1884176.7049000002]},"properties":{"OBJECTID":613,"Asset_ID":"RST613","Name":"Be On Time المطعم العالمي","District_ID":"al Wadi","Gov_ID":"Dhofar Governorate","Wlyt_ID":"Salalah","Road_ID":"104340","Latitude":17.020601020000001,"Longitude":54.066006039999998,"GlobalID":"{0DA2ECFE-AD1C-42AE-BFD7-33D73738B257}"}},{"type":"Feature","id":614,"geometry":{"type":"Point","coordinates":[187626.89340000041,1884180.5284000002]},"properties":{"OBJECTID":614,"Asset_ID":"RST614","Name":"شاورما الشيف","District_ID":"al Wadi","Gov_ID":"Dhofar Governorate","Wlyt_ID":"Salalah","Road_ID":"104340","Latitude":17.02063695,"Longitude":54.066103769999998,"GlobalID":"{8DC0619E-D4B7-47FD-883E-4B26FAA1D788}"}},{"type":"Feature","id":615,"geometry":{"type":"Point","coordinates":[187654.98770000041,1884193.7443000004]},"properties":{"OBJECTID":615,"Asset_ID":"RST615","Name":"مطعم برج صلالة","District_ID":"al Wadi","Gov_ID":"Dhofar Governorate","Wlyt_ID":"Salalah","Road_ID":"104340","Latitude":17.020760070000001,"Longitude":54.066365529999999,"GlobalID":"{3C0844CA-5BFD-469B-AA5B-6AA4776819A0}"}},{"type":"Feature","id":616,"geometry":{"type":"Point","coordinates":[187686.73909999989,1884209.9525000006]},"properties":{"OBJECTID":616,"Asset_ID":"RST616","Name":"مطعم كوياس","District_ID":"al Wadi","Gov_ID":"Dhofar Governorate","Wlyt_ID":"Salalah","Road_ID":"104357","Latitude":17.020910690000001,"Longitude":54.066661179999997,"GlobalID":"{98859D7E-2CD1-4327-8417-6DC49FB845A8}"}},{"type":"Feature","id":617,"geometry":{"type":"Point","coordinates":[187720.56850000005,1884224.6645]},"properties":{"OBJECTID":617,"Asset_ID":"RST617","Name":"مطعم رز ولحم","District_ID":"al Wadi","Gov_ID":"Dhofar Governorate","Wlyt_ID":"Salalah","Road_ID":"104340","Latitude":17.02104808,"Longitude":54.066976539999999,"GlobalID":"{6B2BDB47-7087-474C-A773-0179A3D4BA1B}"}},{"type":"Feature","id":618,"geometry":{"type":"Point","coordinates":[187726.05439999979,1884226.2437999994]},"properties":{"OBJECTID":618,"Asset_ID":"RST618","Name":"كبابيانو","District_ID":"al Wadi","Gov_ID":"Dhofar Governorate","Wlyt_ID":"Salalah","Road_ID":"104340","Latitude":17.021063080000001,"Longitude":54.067027799999998,"GlobalID":"{8323DA98-CFBD-4803-9274-3F6E78BB59B3}"}},{"type":"Feature","id":619,"geometry":{"type":"Point","coordinates":[187853.72510000039,1884281.9334999993]},"properties":{"OBJECTID":619,"Asset_ID":"RST619","Name":"McDonalds","District_ID":"al Wadi","Gov_ID":"Dhofar Governorate","Wlyt_ID":"Salalah","Road_ID":"104340","Latitude":17.021583110000002,"Longitude":54.068217939999997,"GlobalID":"{080848FC-CCB9-4A00-8C10-CD5318834329}"}},{"type":"Feature","id":620,"geometry":{"type":"Point","coordinates":[187929.86199999973,1884227.9061999992]},"properties":{"OBJECTID":620,"Asset_ID":"RST620","Name":"Pizza Inn","District_ID":"al Wadi","Gov_ID":"Dhofar Governorate","Wlyt_ID":"Salalah","Road_ID":"104341","Latitude":17.021105680000002,"Longitude":54.068939960000002,"GlobalID":"{17111702-4E1D-4B04-90EB-68BDE0A811FF}"}},{"type":"Feature","id":621,"geometry":{"type":"Point","coordinates":[187959.45239999983,1884230.9815999996]},"properties":{"OBJECTID":621,"Asset_ID":"RST621","Name":"Tornado","District_ID":"al Wadi","Gov_ID":"Dhofar Governorate","Wlyt_ID":"Salalah","Road_ID":"104349","Latitude":17.02113744,"Longitude":54.069217190000003,"GlobalID":"{CEE07571-2C2D-447B-9EDD-72684A48966C}"}},{"type":"Feature","id":622,"geometry":{"type":"Point","coordinates":[187957.0418999996,1884239.8752999995]},"properties":{"OBJECTID":622,"Asset_ID":"RST622","Name":"Take off","District_ID":"al Wadi","Gov_ID":"Dhofar Governorate","Wlyt_ID":"Salalah","Road_ID":"104429","Latitude":17.021217409999998,"Longitude":54.069193319999997,"GlobalID":"{62A0932D-179E-492F-B20B-948140A0926F}"}},{"type":"Feature","id":623,"geometry":{"type":"Point","coordinates":[187970.09159999993,1884220.0098999999]},"properties":{"OBJECTID":623,"Asset_ID":"RST623","Name":"Dotchen","District_ID":"al Wadi","Gov_ID":"Dhofar Governorate","Wlyt_ID":"Salalah","Road_ID":"104349","Latitude":17.021039829999999,"Longitude":54.069318559999999,"GlobalID":"{967C3EA3-96D5-4277-86CF-C57D3447402A}"}},{"type":"Feature","id":624,"geometry":{"type":"Point","coordinates":[187976.05630000029,1884314.0449999999]},"properties":{"OBJECTID":624,"Asset_ID":"RST624","Name":"Brooklyn Pizzeria & Pasta","District_ID":"al Wadi","Gov_ID":"Dhofar Governorate","Wlyt_ID":"Salalah","Road_ID":"104340","Latitude":17.021889560000002,"Longitude":54.069361309999998,"GlobalID":"{2461727A-A220-4F3A-BF6C-27D6A13266A4}"}},{"type":"Feature","id":625,"geometry":{"type":"Point","coordinates":[188005.68369999994,1884319.5240000002]},"properties":{"OBJECTID":625,"Asset_ID":"RST625","Name":"مطعم باي باس","District_ID":"al Wadi","Gov_ID":"Dhofar Governorate","Wlyt_ID":"Salalah","Road_ID":"104340","Latitude":17.021943029999999,"Longitude":54.06963854,"GlobalID":"{0C8CEE7B-2982-4D01-8B62-01F50004751E}"}},{"type":"Feature","id":626,"geometry":{"type":"Point","coordinates":[189310.96640000027,1884069.4814999998]},"properties":{"OBJECTID":626,"Asset_ID":"RST626","Name":"مقهى","District_ID":"Salalah al Jadida","Gov_ID":"Dhofar Governorate","Wlyt_ID":"Salalah","Road_ID":"104270","Latitude":17.01986192,"Longitude":54.081921639999997,"GlobalID":"{E5C197DF-9C0A-45B9-A517-A93D6FEF597C}"}},{"type":"Feature","id":627,"geometry":{"type":"Point","coordinates":[189392.67239999957,1884021.9374000002]},"properties":{"OBJECTID":627,"Asset_ID":"RST627","Name":"مقهى","District_ID":"Salalah al Jadida","Gov_ID":"Dhofar Governorate","Wlyt_ID":"Salalah","Road_ID":"104266","Latitude":17.019443710000001,"Longitude":54.082694979999999,"GlobalID":"{2050EDFA-9CB9-4654-B8E0-FDDCDB8FEEBF}"}},{"type":"Feature","id":628,"geometry":{"type":"Point","coordinates":[188025.94749999978,1882851.9550999999]},"properties":{"OBJECTID":628,"Asset_ID":"RST628","Name":"مقهى","District_ID":"al Wadi","Gov_ID":"Dhofar Governorate","Wlyt_ID":"Salalah","Road_ID":"104326","Latitude":17.00869707,"Longitude":54.070034939999999,"GlobalID":"{5E84A635-8212-4CC8-9728-D3ED051A6082}"}},{"type":"Feature","id":629,"geometry":{"type":"Point","coordinates":[187707.77859999985,1883447.6842]},"properties":{"OBJECTID":629,"Asset_ID":"RST629","Name":"مقهى","District_ID":"al Wadi","Gov_ID":"Dhofar Governorate","Wlyt_ID":"Salalah","Road_ID":"104367","Latitude":17.014032060000002,"Longitude":54.066965860000003,"GlobalID":"{04605AC1-2A45-41AF-B508-63A5C851FFDB}"}},{"type":"Feature","id":630,"geometry":{"type":"Point","coordinates":[189711.43350000028,1884229.8179000001]},"properties":{"OBJECTID":630,"Asset_ID":"RST630","Name":" ","District_ID":"Salalah al Jadida","Gov_ID":"Dhofar Governorate","Wlyt_ID":"Salalah","Road_ID":"104251","Latitude":17.021363310000002,"Longitude":54.085656980000003,"GlobalID":"{C33D5DC9-58B8-428E-8D94-B3B5DA49F622}"}},{"type":"Feature","id":631,"geometry":{"type":"Point","coordinates":[190187.15020000003,1883648.6469999999]},"properties":{"OBJECTID":631,"Asset_ID":"RST631","Name":"مطعم كاكادان","District_ID":"Salalah al Jadida","Gov_ID":"Dhofar Governorate","Wlyt_ID":"Salalah","Road_ID":"104205","Latitude":17.016180559999999,"Longitude":54.09020202,"GlobalID":"{720A5167-B4D9-4AE3-8626-750D642A3285}"}},{"type":"Feature","id":632,"geometry":{"type":"Point","coordinates":[189969.30800000019,1883875.5990999993]},"properties":{"OBJECTID":632,"Asset_ID":"RST632","Name":"مقهى","District_ID":"Salalah al Jadida","Gov_ID":"Dhofar Governorate","Wlyt_ID":"Salalah","Road_ID":"104247","Latitude":17.01820017,"Longitude":54.088126240000001,"GlobalID":"{9DA4E233-DB9C-47DD-98D0-83D96F4FC6AF}"}},{"type":"Feature","id":633,"geometry":{"type":"Point","coordinates":[190250.46349999961,1883473.7237999998]},"properties":{"OBJECTID":633,"Asset_ID":"RST633","Name":"مطعم الغزاوي","District_ID":"Salalah al Wousta","Gov_ID":"Dhofar Governorate","Wlyt_ID":"Salalah","Road_ID":"104459","Latitude":17.014609889999999,"Longitude":54.09082051,"GlobalID":"{AA47F776-0985-4F0B-B342-A7390FCFC292}"}},{"type":"Feature","id":634,"geometry":{"type":"Point","coordinates":[187669.11789999995,1883738.9174000006]},"properties":{"OBJECTID":634,"Asset_ID":"RST634","Name":"مطعم","District_ID":"al Wadi","Gov_ID":"Dhofar Governorate","Wlyt_ID":"Salalah","Road_ID":"104343","Latitude":17.016655969999999,"Longitude":54.066562130000001,"GlobalID":"{6056621D-1E15-4BEA-9F29-891B28C84F73}"}},{"type":"Feature","id":635,"geometry":{"type":"Point","coordinates":[187673.10759999976,1883780.8925000001]},"properties":{"OBJECTID":635,"Asset_ID":"RST635","Name":"مطعم","District_ID":"al Wadi","Gov_ID":"Dhofar Governorate","Wlyt_ID":"Salalah","Road_ID":"104343","Latitude":17.017035450000002,"Longitude":54.066593660000002,"GlobalID":"{4839F7B5-3482-42D6-9155-7F1C691704D8}"}},{"type":"Feature","id":636,"geometry":{"type":"Point","coordinates":[187688.1520999996,1883828.9352000002]},"properties":{"OBJECTID":636,"Asset_ID":"RST636","Name":"مقهى","District_ID":"al Wadi","Gov_ID":"Dhofar Governorate","Wlyt_ID":"Salalah","Road_ID":"104360","Latitude":17.017471199999999,"Longitude":54.066728060000003,"GlobalID":"{C044CDFB-DC8C-4FB0-B05B-B713F2B1BD6A}"}},{"type":"Feature","id":637,"geometry":{"type":"Point","coordinates":[187717.57620000001,1883802.8358999994]},"properties":{"OBJECTID":637,"Asset_ID":"RST637","Name":"مطعم","District_ID":"al Wadi","Gov_ID":"Dhofar Governorate","Wlyt_ID":"Salalah","Road_ID":"104360","Latitude":17.017239570000001,"Longitude":54.067007820000001,"GlobalID":"{B6380C29-D006-476A-9109-C22293C02DB2}"}},{"type":"Feature","id":638,"geometry":{"type":"Point","coordinates":[187736.19489999954,1883757.9517000001]},"properties":{"OBJECTID":638,"Asset_ID":"RST638","Name":"مقهى","District_ID":"al Wadi","Gov_ID":"Dhofar Governorate","Wlyt_ID":"Salalah","Road_ID":"104360","Latitude":17.01683689,"Longitude":54.06718884,"GlobalID":"{A8893121-5D86-41C6-BA5B-FFC438739755}"}},{"type":"Feature","id":639,"geometry":{"type":"Point","coordinates":[187740.76640000008,1883760.6945999991]},"properties":{"OBJECTID":639,"Asset_ID":"RST639","Name":"مطعم","District_ID":"al Wadi","Gov_ID":"Dhofar Governorate","Wlyt_ID":"Salalah","Road_ID":"104343","Latitude":17.016862270000001,"Longitude":54.06723135,"GlobalID":"{3B749CE3-170F-4BCF-9EFF-7243AF4892F9}"}},{"type":"Feature","id":640,"geometry":{"type":"Point","coordinates":[187761.04739999957,1883767.4272000007]},"properties":{"OBJECTID":640,"Asset_ID":"RST640","Name":"بسمة للمأكولات الحضرمية والمشاكيك","District_ID":"al Wadi","Gov_ID":"Dhofar Governorate","Wlyt_ID":"Salalah","Road_ID":"104343","Latitude":17.016925789999998,"Longitude":54.0674207,"GlobalID":"{68A2EB41-A5C0-4447-B353-A8414DC1CFCB}"}},{"type":"Feature","id":641,"geometry":{"type":"Point","coordinates":[187797.11440000031,1883779.3099000007]},"properties":{"OBJECTID":641,"Asset_ID":"RST641","Name":"مقهى","District_ID":"al Wadi","Gov_ID":"Dhofar Governorate","Wlyt_ID":"Salalah","Road_ID":"104357","Latitude":17.017037949999999,"Longitude":54.067757450000002,"GlobalID":"{D7B4C801-42A6-4EA2-AA6F-4AF2357D30AA}"}},{"type":"Feature","id":642,"geometry":{"type":"Point","coordinates":[187602.15060000028,1883750.8499999996]},"properties":{"OBJECTID":642,"Asset_ID":"RST642","Name":"مقهى شمس الهدى","District_ID":"al Wadi","Gov_ID":"Dhofar Governorate","Wlyt_ID":"Salalah","Road_ID":"104343","Latitude":17.016754630000001,"Longitude":54.065932080000003,"GlobalID":"{42F651B8-51C1-4166-A38F-70D7F3D6A509}"}},{"type":"Feature","id":643,"geometry":{"type":"Point","coordinates":[187574.38219999988,1883743.9344999995]},"properties":{"OBJECTID":643,"Asset_ID":"RST643","Name":"مقهى","District_ID":"al Wadi","Gov_ID":"Dhofar Governorate","Wlyt_ID":"Salalah","Road_ID":"104343","Latitude":17.016688439999999,"Longitude":54.065672499999998,"GlobalID":"{3E659A62-1B97-4770-A5CA-31A9BB8B8A14}"}},{"type":"Feature","id":644,"geometry":{"type":"Point","coordinates":[187545.28390000015,1883699.9412999991]},"properties":{"OBJECTID":644,"Asset_ID":"RST644","Name":"مطعم","District_ID":"al Wadi","Gov_ID":"Dhofar Governorate","Wlyt_ID":"Salalah","Road_ID":"104362","Latitude":17.016287349999999,"Longitude":54.065405660000003,"GlobalID":"{DF6747DF-3109-41EE-A8F1-EFA991D5C5EC}"}},{"type":"Feature","id":645,"geometry":{"type":"Point","coordinates":[187480.71119999979,1883715.6129000001]},"properties":{"OBJECTID":645,"Asset_ID":"RST645","Name":"مطعم","District_ID":"al Wadi","Gov_ID":"Dhofar Governorate","Wlyt_ID":"Salalah","Road_ID":"104343","Latitude":17.01642008,"Longitude":54.064797560000002,"GlobalID":"{94DD30E4-FDB0-4368-BDCE-76CBA22622F5}"}},{"type":"Feature","id":646,"geometry":{"type":"Point","coordinates":[187772.26850000024,1883926.9324999992]},"properties":{"OBJECTID":646,"Asset_ID":"RST646","Name":"مقهى ومعصرة الفواكة","District_ID":"al Wadi","Gov_ID":"Dhofar Governorate","Wlyt_ID":"Salalah","Road_ID":"104353","Latitude":17.018367269999999,"Longitude":54.067503549999998,"GlobalID":"{97E8B7A2-B1B7-467A-881A-C5B97655E7E3}"}},{"type":"Feature","id":647,"geometry":{"type":"Point","coordinates":[187745.17169999983,1884016.4516000003]},"properties":{"OBJECTID":647,"Asset_ID":"RST647","Name":"مقهى ومعصرة فواكه","District_ID":"al Wadi","Gov_ID":"Dhofar Governorate","Wlyt_ID":"Salalah","Road_ID":"104357","Latitude":17.019171750000002,"Longitude":54.067236700000002,"GlobalID":"{6DE79C69-7C79-4B94-B3C6-7B0E5CB97DE5}"}},{"type":"Feature","id":648,"geometry":{"type":"Point","coordinates":[187597.73529999983,1884126.5209999997]},"properties":{"OBJECTID":648,"Asset_ID":"RST648","Name":"مقهى","District_ID":"al Wadi","Gov_ID":"Dhofar Governorate","Wlyt_ID":"Salalah","Road_ID":"104360","Latitude":17.020145450000001,"Longitude":54.065837770000002,"GlobalID":"{363323B2-9462-4F2A-A3DE-2F466EA18837}"}},{"type":"Feature","id":649,"geometry":{"type":"Point","coordinates":[187911.16019999981,1883973.3127999995]},"properties":{"OBJECTID":649,"Asset_ID":"RST649","Name":"مقهى","District_ID":"al Wadi","Gov_ID":"Dhofar Governorate","Wlyt_ID":"Salalah","Road_ID":"104341","Latitude":17.018804769999999,"Longitude":54.068800279999998,"GlobalID":"{21737A14-7D5D-4E72-97EC-30A36C4735C0}"}},{"type":"Feature","id":650,"geometry":{"type":"Point","coordinates":[189482.27460000012,1883398.7116]},"properties":{"OBJECTID":650,"Asset_ID":"RST650","Name":"مقهى","District_ID":"Salalah al Jadida","Gov_ID":"Dhofar Governorate","Wlyt_ID":"Salalah","Road_ID":"104211","Latitude":17.013829439999999,"Longitude":54.083622939999998,"GlobalID":"{BC884CEA-2490-46E8-A871-C4A6F114D60B}"}},{"type":"Feature","id":651,"geometry":{"type":"Point","coordinates":[189493.66189999972,1883399.1272]},"properties":{"OBJECTID":651,"Asset_ID":"RST651","Name":"مقهى","District_ID":"Salalah al Jadida","Gov_ID":"Dhofar Governorate","Wlyt_ID":"Salalah","Road_ID":"104211","Latitude":17.013834719999998,"Longitude":54.083729730000002,"GlobalID":"{D801EE4E-7049-45A9-AD9C-415742501781}"}},{"type":"Feature","id":652,"geometry":{"type":"Point","coordinates":[189550.2659,1883368.2069000006]},"properties":{"OBJECTID":652,"Asset_ID":"RST652","Name":"مطعم فجر الصباح","District_ID":"Salalah al Jadida","Gov_ID":"Dhofar Governorate","Wlyt_ID":"Salalah","Road_ID":"104437","Latitude":17.0135632,"Longitude":54.084265180000003,"GlobalID":"{69EDB9A3-4A22-461A-99CB-B2F3198764F4}"}},{"type":"Feature","id":653,"geometry":{"type":"Point","coordinates":[189463.66629999969,1883490.2827000003]},"properties":{"OBJECTID":653,"Asset_ID":"RST653","Name":"مقهى","District_ID":"Salalah al Jadida","Gov_ID":"Dhofar Governorate","Wlyt_ID":"Salalah","Road_ID":"104217","Latitude":17.014653620000001,"Longitude":54.083435530000003,"GlobalID":"{C9C34EF9-4226-441E-8492-F4C0E1ED2954}"}},{"type":"Feature","id":654,"geometry":{"type":"Point","coordinates":[189528.73809999973,1883666.4376999997]},"properties":{"OBJECTID":654,"Asset_ID":"RST654","Name":"مقهى","District_ID":"Salalah al Jadida","Gov_ID":"Dhofar Governorate","Wlyt_ID":"Salalah","Road_ID":"104431","Latitude":17.016252659999999,"Longitude":54.084021470000003,"GlobalID":"{421AEF94-1956-4F3C-8A7C-3B015023B13F}"}},{"type":"Feature","id":655,"geometry":{"type":"Point","coordinates":[189715.75050000008,1884173.2865999993]},"properties":{"OBJECTID":655,"Asset_ID":"RST655","Name":"مطعم المخزوم","District_ID":"Salalah al Jadida","Gov_ID":"Dhofar Governorate","Wlyt_ID":"Salalah","Road_ID":"104252","Latitude":17.020853540000001,"Longitude":54.085705390000001,"GlobalID":"{837E30D7-A708-4ABB-B89E-8181F529EDE8}"}},{"type":"Feature","id":656,"geometry":{"type":"Point","coordinates":[197673.20770000014,1885566.4351000004]},"properties":{"OBJECTID":656,"Asset_ID":"RST656","Name":"Pizza Box","District_ID":"Dahariz al Shamaliyya","Gov_ID":"Dhofar Governorate","Wlyt_ID":"Salalah","Road_ID":"100014","Latitude":17.034488240000002,"Longitude":54.160186940000003,"GlobalID":"{31B57C39-2D8A-43C3-9AA2-54BE60B6C5A1}"}},{"type":"Feature","id":657,"geometry":{"type":"Point","coordinates":[197591.40270000044,1885582.6057999991]},"properties":{"OBJECTID":657,"Asset_ID":"RST657","Name":"The Bites shwarma&grill","District_ID":"Dahariz al Shamaliyya","Gov_ID":"Dhofar Governorate","Wlyt_ID":"Salalah","Road_ID":"100014","Latitude":17.034623499999999,"Longitude":54.159417019999999,"GlobalID":"{29BF5A40-DC90-46AB-9651-C31EC983A908}"}},{"type":"Feature","id":658,"geometry":{"type":"Point","coordinates":[197589.97200000007,1885569.5550999995]},"properties":{"OBJECTID":658,"Asset_ID":"RST658","Name":"مطعم ليزي لاز","District_ID":"Dahariz al Shamaliyya","Gov_ID":"Dhofar Governorate","Wlyt_ID":"Salalah","Road_ID":"100014","Latitude":17.034505490000001,"Longitude":54.159405370000002,"GlobalID":"{36D9DED5-2928-4A42-B5A9-71BE997428EC}"}},{"type":"Feature","id":659,"geometry":{"type":"Point","coordinates":[197672.96109999996,1885577.3475000001]},"properties":{"OBJECTID":659,"Asset_ID":"RST659","Name":"foody yard","District_ID":"Dahariz al Shamaliyya","Gov_ID":"Dhofar Governorate","Wlyt_ID":"Salalah","Road_ID":"100014","Latitude":17.034586730000001,"Longitude":54.160183140000001,"GlobalID":"{23AB2840-AC7C-42A0-8C35-269AB54EDE9E}"}},{"type":"Feature","id":660,"geometry":{"type":"Point","coordinates":[197720.23500000034,1885704.1039000005]},"properties":{"OBJECTID":660,"Asset_ID":"RST660","Name":"New Golden Spoon","District_ID":"Dahariz al Shamaliyya","Gov_ID":"Dhofar Governorate","Wlyt_ID":"Salalah","Road_ID":"100124","Latitude":17.035737340000001,"Longitude":54.16060951,"GlobalID":"{70EFF9BA-2C29-489F-9EA8-177509CB36F5}"}},{"type":"Feature","id":661,"geometry":{"type":"Point","coordinates":[197745.74760000035,1885704.4244999997]},"properties":{"OBJECTID":661,"Asset_ID":"RST661","Name":"مطعم فرغلي","District_ID":"Dahariz al Shamaliyya","Gov_ID":"Dhofar Governorate","Wlyt_ID":"Salalah","Road_ID":"100124","Latitude":17.035743579999998,"Longitude":54.160848899999998,"GlobalID":"{604E0EDB-993A-4D96-A684-D9D834E9D0E0}"}},{"type":"Feature","id":662,"geometry":{"type":"Point","coordinates":[197767.02599999961,1885704.1052999999]},"properties":{"OBJECTID":662,"Asset_ID":"RST662","Name":"Lora's Biryani","District_ID":"Dahariz al Shamaliyya","Gov_ID":"Dhofar Governorate","Wlyt_ID":"Salalah","Road_ID":"100124","Latitude":17.035743490000002,"Longitude":54.161048639999997,"GlobalID":"{E555419D-85A7-4349-94D7-5155993069A3}"}},{"type":"Feature","id":663,"geometry":{"type":"Point","coordinates":[197776.76090000011,1885703.4670000002]},"properties":{"OBJECTID":663,"Asset_ID":"RST663","Name":"Chicken Ville","District_ID":"Dahariz al Shamaliyya","Gov_ID":"Dhofar Governorate","Wlyt_ID":"Salalah","Road_ID":"100124","Latitude":17.035739,"Longitude":54.161140090000004,"GlobalID":"{E69FA3B1-E6D1-4F31-A112-4B82C6A94FF6}"}},{"type":"Feature","id":664,"geometry":{"type":"Point","coordinates":[197618.53899999987,1885704.5974000003]},"properties":{"OBJECTID":664,"Asset_ID":"RST664","Name":"MacDonalds","District_ID":"Dahariz al Shamaliyya","Gov_ID":"Dhofar Governorate","Wlyt_ID":"Salalah","Road_ID":"100124","Latitude":17.035728450000001,"Longitude":54.159655039999997,"GlobalID":"{837D896B-3EA2-4F0F-8655-9A59EEB78A22}"}},{"type":"Feature","id":665,"geometry":{"type":"Point","coordinates":[197579.88870000001,1885708.0884000007]},"properties":{"OBJECTID":665,"Asset_ID":"RST665","Name":"KFC","District_ID":"Dahariz al Shamaliyya","Gov_ID":"Dhofar Governorate","Wlyt_ID":"Salalah","Road_ID":"100124","Latitude":17.03575489,"Longitude":54.159291840000002,"GlobalID":"{55BF5574-FF28-4C27-9761-6523CD58E3EC}"}},{"type":"Feature","id":666,"geometry":{"type":"Point","coordinates":[197728.73359999992,1884581.0971000008]},"properties":{"OBJECTID":666,"Asset_ID":"RST666","Name":"مطعم وادي ثنوت","District_ID":"Dahariz al Shamaliyya","Gov_ID":"Dhofar Governorate","Wlyt_ID":"Salalah","Road_ID":"100008","Latitude":17.025599540000002,"Longitude":54.160842359999997,"GlobalID":"{BA42319C-A916-4021-9C49-64E55348FF3C}"}},{"type":"Feature","id":667,"geometry":{"type":"Point","coordinates":[197680.63989999983,1884585.1556000002]},"properties":{"OBJECTID":667,"Asset_ID":"RST667","Name":"مطعم","District_ID":"Dahariz al Shamaliyya","Gov_ID":"Dhofar Governorate","Wlyt_ID":"Salalah","Road_ID":"100009","Latitude":17.025629869999999,"Longitude":54.160390479999997,"GlobalID":"{E2EE85D7-AB9A-4F2B-B3C3-58FDDD7ACA26}"}},{"type":"Feature","id":668,"geometry":{"type":"Point","coordinates":[197604.33930000011,1884587.3878000006]},"properties":{"OBJECTID":668,"Asset_ID":"RST668","Name":"مقهى الوثيقة الدهاريز","District_ID":"Dahariz al Shamaliyya","Gov_ID":"Dhofar Governorate","Wlyt_ID":"Salalah","Road_ID":"100008","Latitude":17.025640020000001,"Longitude":54.15967414,"GlobalID":"{96FE1CEA-1404-49B1-92E9-F6B5648E914E}"}},{"type":"Feature","id":669,"geometry":{"type":"Point","coordinates":[197546.50509999972,1884587.9966000002]},"properties":{"OBJECTID":669,"Asset_ID":"RST669","Name":"مطعم عجوة","District_ID":"Dahariz al Shamaliyya","Gov_ID":"Dhofar Governorate","Wlyt_ID":"Salalah","Road_ID":"100008","Latitude":17.025637929999998,"Longitude":54.15913132,"GlobalID":"{1E383F6F-F534-4425-9737-655F73C3F59E}"}},{"type":"Feature","id":670,"geometry":{"type":"Point","coordinates":[197501.86110000033,1884575.8210000005]},"properties":{"OBJECTID":670,"Asset_ID":"RST670","Name":"Burj Salalah Restaurent","District_ID":"Dahariz al Shamaliyya","Gov_ID":"Dhofar Governorate","Wlyt_ID":"Salalah","Road_ID":"100022","Latitude":17.02552215,"Longitude":54.158714029999999,"GlobalID":"{D704F95B-6EF0-4D93-9B4C-CBE23E7AF46D}"}},{"type":"Feature","id":671,"geometry":{"type":"Point","coordinates":[197420.69020000007,1884591.2434]},"properties":{"OBJECTID":671,"Asset_ID":"RST671","Name":"مطعم نجمة البحر","District_ID":"Dahariz al Shamaliyya","Gov_ID":"Dhofar Governorate","Wlyt_ID":"Salalah","Road_ID":"100098","Latitude":17.02565074,"Longitude":54.157950190000001,"GlobalID":"{2B737579-A527-4D04-8855-70503A8A7CE7}"}},{"type":"Feature","id":672,"geometry":{"type":"Point","coordinates":[197379.96679999959,1884592.5177999996]},"properties":{"OBJECTID":672,"Asset_ID":"RST672","Name":"Buhari Restaurent","District_ID":"Dahariz al Shamaliyya","Gov_ID":"Dhofar Governorate","Wlyt_ID":"Salalah","Road_ID":"100081","Latitude":17.025656900000001,"Longitude":54.15756785,"GlobalID":"{8571D681-9993-4DE0-BEE8-0F09B2F83CEB}"}},{"type":"Feature","id":673,"geometry":{"type":"Point","coordinates":[197209.51070000045,1884596.5386999995]},"properties":{"OBJECTID":673,"Asset_ID":"RST673","Name":"Al Noor Restaurent","District_ID":"Dahariz al Shamaliyya","Gov_ID":"Dhofar Governorate","Wlyt_ID":"Salalah","Road_ID":"100093","Latitude":17.025670819999998,"Longitude":54.155967689999997,"GlobalID":"{B73DCFAF-8B27-4776-9EA8-797C15D4E5C7}"}},{"type":"Feature","id":674,"geometry":{"type":"Point","coordinates":[197582.69909999985,1882928.8401999995]},"properties":{"OBJECTID":674,"Asset_ID":"RST674","Name":"مقهى","District_ID":"Dahariz al Janubiyya","Gov_ID":"Dhofar Governorate","Wlyt_ID":"Salalah","Road_ID":"100035","Latitude":17.010663210000001,"Longitude":54.15969707,"GlobalID":"{4E847A61-6C86-402B-A8C5-1F893F517D86}"}},{"type":"Feature","id":675,"geometry":{"type":"Point","coordinates":[186106.5421000002,1882375.6634]},"properties":{"OBJECTID":675,"Asset_ID":"RST675","Name":"مطعم","District_ID":"Auqad al Janubiyya","Gov_ID":"Dhofar Governorate","Wlyt_ID":"Salalah","Road_ID":"105424","Latitude":17.004137109999999,"Longitude":54.05209309,"GlobalID":"{BFBFF0A6-361F-4B17-AC77-395E0D17208F}"}},{"type":"Feature","id":676,"geometry":{"type":"Point","coordinates":[185930.00829999987,1882383.0204000007]},"properties":{"OBJECTID":676,"Asset_ID":"RST676","Name":"المقاهي التي تقدم وجبات الطعام بشكل اساسي ","District_ID":"Auqad al Janubiyya","Gov_ID":"Dhofar Governorate","Wlyt_ID":"Salalah","Road_ID":"105433","Latitude":17.004179520000001,"Longitude":54.050435739999998,"GlobalID":"{BF8E961B-DA8B-44CA-BB65-EFEA47D81557}"}},{"type":"Feature","id":677,"geometry":{"type":"Point","coordinates":[185339.50970000029,1882394.9932000004]},"properties":{"OBJECTID":677,"Asset_ID":"RST677","Name":"مطعم دوعن","District_ID":"Auqad al Janubiyya","Gov_ID":"Dhofar Governorate","Wlyt_ID":"Salalah","Road_ID":"100002","Latitude":17.004207210000001,"Longitude":54.044893780000002,"GlobalID":"{58309981-2F7E-4C6A-AE6E-3223A708A8DB}"}},{"type":"Feature","id":678,"geometry":{"type":"Point","coordinates":[185281.45100000035,1882406.6848000009]},"properties":{"OBJECTID":678,"Asset_ID":"RST678","Name":"خلي اكلك علينا","District_ID":"Auqad al Janubiyya","Gov_ID":"Dhofar Governorate","Wlyt_ID":"Salalah","Road_ID":"100002","Latitude":17.00430484,"Longitude":54.044347399999999,"GlobalID":"{BC132159-9DD4-479C-9CC7-1E709F2BF195}"}},{"type":"Feature","id":679,"geometry":{"type":"Point","coordinates":[185146.02680000011,1882407.7186999992]},"properties":{"OBJECTID":679,"Asset_ID":"RST679","Name":"Doan Restaurant ","District_ID":"Auqad al Janubiyya","Gov_ID":"Dhofar Governorate","Wlyt_ID":"Salalah","Road_ID":"105409","Latitude":17.004295710000001,"Longitude":54.043076659999997,"GlobalID":"{9203F43E-DB58-4B2F-A786-DF456BA78FF3}"}},{"type":"Feature","id":680,"geometry":{"type":"Point","coordinates":[185078.23369999975,1882413.2654999997]},"properties":{"OBJECTID":680,"Asset_ID":"RST680","Name":"مطعم","District_ID":"Auqad al Janubiyya","Gov_ID":"Dhofar Governorate","Wlyt_ID":"Salalah","Road_ID":"105373","Latitude":17.004336540000001,"Longitude":54.042439819999998,"GlobalID":"{FA50304D-D69C-4DB2-A501-AC53DAF9E68F}"}},{"type":"Feature","id":681,"geometry":{"type":"Point","coordinates":[184976.87920000032,1882411.0291000009]},"properties":{"OBJECTID":681,"Asset_ID":"RST681","Name":"مطعم السيد","District_ID":"Auqad al Janubiyya","Gov_ID":"Dhofar Governorate","Wlyt_ID":"Salalah","Road_ID":"105373","Latitude":17.00430252,"Longitude":54.041489200000001,"GlobalID":"{D7FD34C9-FF45-4065-B534-E4E1DE36B6AF}"}},{"type":"Feature","id":682,"geometry":{"type":"Point","coordinates":[184920.55370000005,1882400.9232000001]},"properties":{"OBJECTID":682,"Asset_ID":"RST682","Name":"مضابي حمرعين","District_ID":"Auqad al Janubiyya","Gov_ID":"Dhofar Governorate","Wlyt_ID":"Salalah","Road_ID":"105374","Latitude":17.0042036,"Longitude":54.04096217,"GlobalID":"{7E3341D9-1F06-4FA6-B3D6-1D40941699CA}"}},{"type":"Feature","id":683,"geometry":{"type":"Point","coordinates":[184911.17590000015,1882397.5254999995]},"properties":{"OBJECTID":683,"Asset_ID":"RST683","Name":"مطابخ اعداد الولائم","District_ID":"Auqad al Janubiyya","Gov_ID":"Dhofar Governorate","Wlyt_ID":"Salalah","Road_ID":"105374","Latitude":17.00417165,"Longitude":54.04087466,"GlobalID":"{7B4496DA-A944-474D-9E7D-2E99CE7DC627}"}},{"type":"Feature","id":684,"geometry":{"type":"Point","coordinates":[184903.97269999981,1882395.6907000002]},"properties":{"OBJECTID":684,"Asset_ID":"RST684","Name":"Batata","District_ID":"Auqad al Janubiyya","Gov_ID":"Dhofar Governorate","Wlyt_ID":"Salalah","Road_ID":"105374","Latitude":17.004154110000002,"Longitude":54.040807340000001,"GlobalID":"{BFBF81B6-325A-43F7-B526-C1CF6B2C4507}"}},{"type":"Feature","id":685,"geometry":{"type":"Point","coordinates":[187391.73060000036,1882554.5866]},"properties":{"OBJECTID":685,"Asset_ID":"RST685","Name":"وقت الشاي","District_ID":"al Wadi","Gov_ID":"Dhofar Governorate","Wlyt_ID":"Salalah","Road_ID":"103812","Latitude":17.005926729999999,"Longitude":54.064126109999997,"GlobalID":"{06112E61-ADF2-46C9-9BA6-80620C7C88D1}"}},{"type":"Feature","id":686,"geometry":{"type":"Point","coordinates":[187032.30090000015,1882387.3867000006]},"properties":{"OBJECTID":686,"Asset_ID":"RST686","Name":"مطعم","District_ID":"al Wadi","Gov_ID":"Dhofar Governorate","Wlyt_ID":"Salalah","Road_ID":"105377","Latitude":17.004368620000001,"Longitude":54.060777289999997,"GlobalID":"{657F6346-2BB8-458E-B398-E1F5C0F2D832}"}},{"type":"Feature","id":687,"geometry":{"type":"Point","coordinates":[184765.38080000039,1882293.0984000005]},"properties":{"OBJECTID":687,"Asset_ID":"RST687","Name":"مطعم بن محروس","District_ID":"Auqad al Janubiyya","Gov_ID":"Dhofar Governorate","Wlyt_ID":"Salalah","Road_ID":"105373","Latitude":17.003209040000002,"Longitude":54.03952159,"GlobalID":"{2187DE4D-F37A-48FC-9730-442C3954D4BE}"}},{"type":"Feature","id":688,"geometry":{"type":"Point","coordinates":[184739.24450000003,1882267.2265000008]},"properties":{"OBJECTID":688,"Asset_ID":"RST688","Name":"مطعم","District_ID":"Auqad al Janubiyya","Gov_ID":"Dhofar Governorate","Wlyt_ID":"Salalah","Road_ID":"105392","Latitude":17.00297192,"Longitude":54.039280040000001,"GlobalID":"{1BD5F1E5-553F-4360-8AE5-DC67F0A3D64A}"}},{"type":"Feature","id":689,"geometry":{"type":"Point","coordinates":[184708.51559999958,1882237.2770000007]},"properties":{"OBJECTID":689,"Asset_ID":"RST689","Name":"Manba Tea","District_ID":"Auqad al Janubiyya","Gov_ID":"Dhofar Governorate","Wlyt_ID":"Salalah","Road_ID":"105393","Latitude":17.002697359999999,"Longitude":54.038995989999997,"GlobalID":"{E49A1ABA-7E54-4B82-A027-17CCC94C75C7}"}},{"type":"Feature","id":690,"geometry":{"type":"Point","coordinates":[184689.14300000016,1882216.9023000002]},"properties":{"OBJECTID":690,"Asset_ID":"RST690","Name":"Reema Restaurant","District_ID":"Auqad al Janubiyya","Gov_ID":"Dhofar Governorate","Wlyt_ID":"Salalah","Road_ID":"105393","Latitude":17.002510780000001,"Longitude":54.038817119999997,"GlobalID":"{A3782295-E4B7-41F5-A745-9343E2289887}"}},{"type":"Feature","id":691,"geometry":{"type":"Point","coordinates":[184653.29260000028,1882179.4932000004]},"properties":{"OBJECTID":691,"Asset_ID":"RST691","Name":"Jabal Al Safa","District_ID":"Auqad al Janubiyya","Gov_ID":"Dhofar Governorate","Wlyt_ID":"Salalah","Road_ID":"105394","Latitude":17.002168180000002,"Longitude":54.038486079999998,"GlobalID":"{931993F9-F5EF-498F-B384-36FD31BB91AD}"}},{"type":"Feature","id":692,"geometry":{"type":"Point","coordinates":[184618.09229999967,1882147.8512999993]},"properties":{"OBJECTID":692,"Asset_ID":"RST692","Name":"مطعم بن جيدال","District_ID":"Auqad al Janubiyya","Gov_ID":"Dhofar Governorate","Wlyt_ID":"Salalah","Road_ID":"105395","Latitude":17.00187773,"Longitude":54.038160310000002,"GlobalID":"{FD7BF72D-4227-408B-B106-33B61E3C46F0}"}},{"type":"Feature","id":693,"geometry":{"type":"Point","coordinates":[184614.45830000006,1882144.4309999999]},"properties":{"OBJECTID":693,"Asset_ID":"RST693","Name":"مطعم","District_ID":"Auqad al Janubiyya","Gov_ID":"Dhofar Governorate","Wlyt_ID":"Salalah","Road_ID":"105395","Latitude":17.001846350000001,"Longitude":54.03812671,"GlobalID":"{4C6C67EF-E75D-46A9-BF5C-1A66A436D606}"}},{"type":"Feature","id":694,"geometry":{"type":"Point","coordinates":[184566.21829999983,1882096.8323999997]},"properties":{"OBJECTID":694,"Asset_ID":"RST694","Name":"نقطة الشاي","District_ID":"Auqad al Janubiyya","Gov_ID":"Dhofar Governorate","Wlyt_ID":"Salalah","Road_ID":"105373","Latitude":17.001410069999999,"Longitude":54.037680870000003,"GlobalID":"{6E3BB569-83D8-458A-BA8F-46EDC393EB42}"}},{"type":"Feature","id":695,"geometry":{"type":"Point","coordinates":[184541.31570000015,1882070.4250000007]},"properties":{"OBJECTID":695,"Asset_ID":"RST695","Name":"مقهى","District_ID":"Auqad al Janubiyya","Gov_ID":"Dhofar Governorate","Wlyt_ID":"Salalah","Road_ID":"105397","Latitude":17.001168280000002,"Longitude":54.037450980000003,"GlobalID":"{11216923-3391-4911-A2FD-CFF3177326C4}"}},{"type":"Feature","id":696,"geometry":{"type":"Point","coordinates":[184486.55470000021,1882016.0998999998]},"properties":{"OBJECTID":696,"Asset_ID":"RST696","Name":"مقهى","District_ID":"Auqad al Janubiyya","Gov_ID":"Dhofar Governorate","Wlyt_ID":"Salalah","Road_ID":"105398","Latitude":17.00067039,"Longitude":54.036944920000003,"GlobalID":"{72D3FE90-D655-4EDA-B158-5993C8CFD50A}"}},{"type":"Feature","id":697,"geometry":{"type":"Point","coordinates":[185875.1018000003,1882145.4242000002]},"properties":{"OBJECTID":697,"Asset_ID":"RST697","Name":"مقهى","District_ID":"Auqad al Janubiyya","Gov_ID":"Dhofar Governorate","Wlyt_ID":"Salalah","Road_ID":"105340","Latitude":17.00202715,"Longitude":54.04995418,"GlobalID":"{EB78352F-F024-4FF6-AB0B-7908C0802B21}"}},{"type":"Feature","id":698,"geometry":{"type":"Point","coordinates":[184967.0047000004,1881976.4846000001]},"properties":{"OBJECTID":698,"Asset_ID":"RST698","Name":"مطعم تلال إتين","District_ID":"Auqad al Janubiyya","Gov_ID":"Dhofar Governorate","Wlyt_ID":"Salalah","Road_ID":"105340","Latitude":17.000378349999998,"Longitude":54.041458169999999,"GlobalID":"{24949F82-9BD1-4E22-AD12-9FB6E28D9EFD}"}},{"type":"Feature","id":699,"geometry":{"type":"Point","coordinates":[184563.22119999956,1881874.0965999998]},"properties":{"OBJECTID":699,"Asset_ID":"RST699","Name":"مقهى","District_ID":"Auqad al Janubiyya","Gov_ID":"Dhofar Governorate","Wlyt_ID":"Salalah","Road_ID":"105340","Latitude":16.999398939999999,"Longitude":54.037684370000001,"GlobalID":"{C47AED0B-8E7C-431B-9911-74976A43B520}"}},{"type":"Feature","id":700,"geometry":{"type":"Point","coordinates":[184451.55040000007,1881808.9575999994]},"properties":{"OBJECTID":700,"Asset_ID":"RST700","Name":"كرك البنز","District_ID":"Auqad al Janubiyya","Gov_ID":"Dhofar Governorate","Wlyt_ID":"Salalah","Road_ID":"105399","Latitude":16.998795650000002,"Longitude":54.036645919999998,"GlobalID":"{4F03E7AC-E971-40D7-A3C8-B7764B1398D7}"}},{"type":"Feature","id":701,"geometry":{"type":"Point","coordinates":[184741.76809999999,1882407.6963999998]},"properties":{"OBJECTID":701,"Asset_ID":"RST701","Name":"Chick King","District_ID":"Auqad al Shamaliyya","Gov_ID":"Dhofar Governorate","Wlyt_ID":"Salalah","Road_ID":"102645","Latitude":17.004240339999999,"Longitude":54.039283789999999,"GlobalID":"{F55258E5-E3E9-4BA3-ADFA-F58B2784D7B2}"}},{"type":"Feature","id":702,"geometry":{"type":"Point","coordinates":[184720.7873999998,1882388.8927999996]},"properties":{"OBJECTID":702,"Asset_ID":"RST702","Name":"Pizza Hut","District_ID":"Auqad al Shamaliyya","Gov_ID":"Dhofar Governorate","Wlyt_ID":"Salalah","Road_ID":"105550","Latitude":17.004067729999999,"Longitude":54.039089609999998,"GlobalID":"{8627EF74-F53A-45E7-9B56-B84F59F8F0BF}"}},{"type":"Feature","id":703,"geometry":{"type":"Point","coordinates":[184722.13329999987,1882431.0523000006]},"properties":{"OBJECTID":703,"Asset_ID":"RST703","Name":"مقهى نفرتيتي","District_ID":"Auqad al Shamaliyya","Gov_ID":"Dhofar Governorate","Wlyt_ID":"Salalah","Road_ID":"105567","Latitude":17.00444851,"Longitude":54.03909625,"GlobalID":"{D44C2C4C-9E79-45FF-90AF-82BBEAB10370}"}},{"type":"Feature","id":704,"geometry":{"type":"Point","coordinates":[184625.09910000023,1882352.7663000003]},"properties":{"OBJECTID":704,"Asset_ID":"RST704","Name":"مطعم","District_ID":"Auqad al Shamaliyya","Gov_ID":"Dhofar Governorate","Wlyt_ID":"Salalah","Road_ID":"105564","Latitude":17.00372853,"Longitude":54.038196970000001,"GlobalID":"{D510884E-BEA1-412B-857D-B71F0AA82CE6}"}},{"type":"Feature","id":705,"geometry":{"type":"Point","coordinates":[184566.34759999998,1882263.4020000007]},"properties":{"OBJECTID":705,"Asset_ID":"RST705","Name":"مقهى النسيم التركي","District_ID":"Auqad al Shamaliyya","Gov_ID":"Dhofar Governorate","Wlyt_ID":"Salalah","Road_ID":"105564","Latitude":17.00291378,"Longitude":54.03765843,"GlobalID":"{9C1FCB55-B187-4141-A71D-2ED1B40D644E}"}},{"type":"Feature","id":706,"geometry":{"type":"Point","coordinates":[184561.00329999998,1882258.1096000001]},"properties":{"OBJECTID":706,"Asset_ID":"RST706","Name":"سمارت برجر","District_ID":"Auqad al Shamaliyya","Gov_ID":"Dhofar Governorate","Wlyt_ID":"Salalah","Road_ID":"105564","Latitude":17.002865270000001,"Longitude":54.03760904,"GlobalID":"{744EE5D1-06B6-4228-9E4D-F06742F0B595}"}},{"type":"Feature","id":707,"geometry":{"type":"Point","coordinates":[184551.97499999963,1882250.0671999995]},"properties":{"OBJECTID":707,"Asset_ID":"RST707","Name":"استراحة الشاي","District_ID":"Auqad al Shamaliyya","Gov_ID":"Dhofar Governorate","Wlyt_ID":"Salalah","Road_ID":"105564","Latitude":17.002791439999999,"Longitude":54.037525479999999,"GlobalID":"{9B8FA6FD-CA43-4883-A5C8-4C648B5EFC09}"}},{"type":"Feature","id":708,"geometry":{"type":"Point","coordinates":[184450.03230000008,1882157.9378999993]},"properties":{"OBJECTID":708,"Asset_ID":"RST708","Name":"Karak Al Mouj","District_ID":"Auqad al Shamaliyya","Gov_ID":"Dhofar Governorate","Wlyt_ID":"Salalah","Road_ID":"105563","Latitude":17.00194582,"Longitude":54.036582119999998,"GlobalID":"{318F8B88-5C9A-411F-9DE0-D94EF7E18DA2}"}},{"type":"Feature","id":709,"geometry":{"type":"Point","coordinates":[184459.02630000003,1882158.4445999991]},"properties":{"OBJECTID":709,"Asset_ID":"RST709","Name":"Special Juice ","District_ID":"Auqad al Shamaliyya","Gov_ID":"Dhofar Governorate","Wlyt_ID":"Salalah","Road_ID":"105564","Latitude":17.001951630000001,"Longitude":54.036666429999997,"GlobalID":"{392B17A1-8CA6-4079-9F75-4E9F1CC4C0F6}"}},{"type":"Feature","id":710,"geometry":{"type":"Point","coordinates":[184464.21999999974,1882159.9647000004]},"properties":{"OBJECTID":710,"Asset_ID":"RST710","Name":"مطعم المائدة ","District_ID":"Auqad al Shamaliyya","Gov_ID":"Dhofar Governorate","Wlyt_ID":"Salalah","Road_ID":"105564","Latitude":17.001966060000001,"Longitude":54.036714940000003,"GlobalID":"{D4EC2B09-B323-45EE-933E-0194D08E741B}"}},{"type":"Feature","id":711,"geometry":{"type":"Point","coordinates":[184467.1922000004,1882162.8975000009]},"properties":{"OBJECTID":711,"Asset_ID":"RST711","Name":"مضابي رذاذ الجنوب للولائم و المأكولات العمانية ","District_ID":"Auqad al Shamaliyya","Gov_ID":"Dhofar Governorate","Wlyt_ID":"Salalah","Road_ID":"105564","Latitude":17.001992940000001,"Longitude":54.036742410000002,"GlobalID":"{D6E52A53-3E0A-4EE7-B1A0-C8D688DDCC4B}"}},{"type":"Feature","id":712,"geometry":{"type":"Point","coordinates":[184469.47520000022,1882164.5059999991]},"properties":{"OBJECTID":712,"Asset_ID":"RST712","Name":"H Fries ","District_ID":"Auqad al Shamaliyya","Gov_ID":"Dhofar Governorate","Wlyt_ID":"Salalah","Road_ID":"105564","Latitude":17.002007769999999,"Longitude":54.0367636,"GlobalID":"{F44D531F-EAF9-440B-9856-BF7EEC19D138}"}},{"type":"Feature","id":713,"geometry":{"type":"Point","coordinates":[184328.96609999985,1882272.5340999998]},"properties":{"OBJECTID":713,"Asset_ID":"RST713","Name":"CENTER PACK","District_ID":"Auqad al Shamaliyya","Gov_ID":"Dhofar Governorate","Wlyt_ID":"Salalah","Road_ID":"105563","Latitude":17.002963780000002,"Longitude":54.035429980000004,"GlobalID":"{E505ECDA-49E2-4479-97C9-01349DCE264E}"}},{"type":"Feature","id":714,"geometry":{"type":"Point","coordinates":[184330.62650000025,1882270.7698999997]},"properties":{"OBJECTID":714,"Asset_ID":"RST714","Name":"Scoops","District_ID":"Auqad al Shamaliyya","Gov_ID":"Dhofar Governorate","Wlyt_ID":"Salalah","Road_ID":"105563","Latitude":17.002948079999999,"Longitude":54.035445809999999,"GlobalID":"{94F13D70-67EF-485B-A775-2B92AFDA4666}"}},{"type":"Feature","id":715,"geometry":{"type":"Point","coordinates":[184340.69249999989,1882260.8596000001]},"properties":{"OBJECTID":715,"Asset_ID":"RST715","Name":"شاي على مزاجك","District_ID":"Auqad al Shamaliyya","Gov_ID":"Dhofar Governorate","Wlyt_ID":"Salalah","Road_ID":"105563","Latitude":17.002859990000001,"Longitude":54.03554166,"GlobalID":"{050F488B-0CB7-42E8-867A-535A57F9613C}"}},{"type":"Feature","id":716,"geometry":{"type":"Point","coordinates":[184445.1922000004,1882157.8126999997]},"properties":{"OBJECTID":716,"Asset_ID":"RST716","Name":"مطعم حبتين شاورما","District_ID":"Auqad al Shamaliyya","Gov_ID":"Dhofar Governorate","Wlyt_ID":"Salalah","Road_ID":"105563","Latitude":17.001944030000001,"Longitude":54.036536730000002,"GlobalID":"{3C1F627C-C893-419D-920B-A9C077CEA28F}"}},{"type":"Feature","id":717,"geometry":{"type":"Point","coordinates":[184373.26640000008,1882224.8231000006]},"properties":{"OBJECTID":717,"Asset_ID":"RST717","Name":"GLABCO","District_ID":"Auqad al Shamaliyya","Gov_ID":"Dhofar Governorate","Wlyt_ID":"Salalah","Road_ID":"105563","Latitude":17.002539129999999,"Longitude":54.035852390000002,"GlobalID":"{2A3A33DF-2C69-42EF-BE36-F69A8E9CDC9C}"}},{"type":"Feature","id":718,"geometry":{"type":"Point","coordinates":[184354.26489999983,1882244.5845999997]},"properties":{"OBJECTID":718,"Asset_ID":"RST718","Name":"Pizza London Salalah","District_ID":"Auqad al Shamaliyya","Gov_ID":"Dhofar Governorate","Wlyt_ID":"Salalah","Road_ID":"105563","Latitude":17.00271493,"Longitude":54.035671309999998,"GlobalID":"{D16D1658-661F-4B7C-95EE-A60A23BABDB8}"}},{"type":"Feature","id":719,"geometry":{"type":"Point","coordinates":[183952.57390000019,1882070.7844999991]},"properties":{"OBJECTID":719,"Asset_ID":"RST719","Name":"مطعم","District_ID":"Auqad al Shamaliyya","Gov_ID":"Dhofar Governorate","Wlyt_ID":"Salalah","Road_ID":"105566","Latitude":17.001091030000001,"Longitude":54.0319273,"GlobalID":"{7C6459D0-4C20-42ED-A2C3-C677A84E764B}"}},{"type":"Feature","id":720,"geometry":{"type":"Point","coordinates":[183498.84420000017,1881705.9867000002]},"properties":{"OBJECTID":720,"Asset_ID":"RST720","Name":"مطعم","District_ID":"Auqad al Shamaliyya","Gov_ID":"Dhofar Governorate","Wlyt_ID":"Salalah","Road_ID":"105566","Latitude":16.99773574,"Longitude":54.027722349999998,"GlobalID":"{980CF63E-BA1E-4DA3-A908-7D133B813B66}"}},{"type":"Feature","id":721,"geometry":{"type":"Point","coordinates":[183545.86330000032,1881740.6656999998]},"properties":{"OBJECTID":721,"Asset_ID":"RST721","Name":"مقهى","District_ID":"Auqad al Shamaliyya","Gov_ID":"Dhofar Governorate","Wlyt_ID":"Salalah","Road_ID":"105566","Latitude":16.998055239999999,"Longitude":54.02815854,"GlobalID":"{99DD2E04-C056-42B3-A031-4F0C040DBCD3}"}},{"type":"Feature","id":722,"geometry":{"type":"Point","coordinates":[182354.29710000008,1880978.7068000007]},"properties":{"OBJECTID":722,"Asset_ID":"RST722","Name":"Wadi Al Mughsail Restaurant","District_ID":"Auqad al Shamaliyya","Gov_ID":"Dhofar Governorate","Wlyt_ID":"Salalah","Road_ID":"105566","Latitude":16.991013299999999,"Longitude":54.017088350000002,"GlobalID":"{10EB8E8D-0B5A-47A6-BA43-6492486BAB9B}"}},{"type":"Feature","id":723,"geometry":{"type":"Point","coordinates":[182081.56269999966,1880770.5774000008]},"properties":{"OBJECTID":723,"Asset_ID":"RST723","Name":"مطعم الاصالة","District_ID":"Auqad al Shamaliyya","Gov_ID":"Dhofar Governorate","Wlyt_ID":"Salalah","Road_ID":"105566","Latitude":16.989096960000001,"Longitude":54.014559470000002,"GlobalID":"{7B384F89-0361-48EA-A0CD-9E1DCA20FA3A}"}},{"type":"Feature","id":724,"geometry":{"type":"Point","coordinates":[182223.0839999998,1880781.8833000008]},"properties":{"OBJECTID":724,"Asset_ID":"RST724","Name":"مطاعم ومضابي السمو للماكولات العمانية واليمنية والولائم\n","District_ID":"Auqad al Shamaliyya","Gov_ID":"Dhofar Governorate","Wlyt_ID":"Salalah","Road_ID":"105566","Latitude":16.989218489999999,"Longitude":54.015885509999997,"GlobalID":"{400A3F72-61FD-4D59-9E40-F2012A44CDD5}"}},{"type":"Feature","id":725,"geometry":{"type":"Point","coordinates":[187112.57079999987,1882403.2770000007]},"properties":{"OBJECTID":725,"Asset_ID":"RST725","Name":"مطعم","District_ID":"al Wadi","Gov_ID":"Dhofar Governorate","Wlyt_ID":"Salalah","Road_ID":"105560","Latitude":17.004522949999998,"Longitude":54.061528189999997,"GlobalID":"{2192D0A7-7E4A-4429-9B5C-053A982FC9FC}"}},{"type":"Feature","id":726,"geometry":{"type":"Point","coordinates":[185942.7313000001,1882279.3925000001]},"properties":{"OBJECTID":726,"Asset_ID":"RST726","Name":"مقهى","District_ID":"Auqad al Janubiyya","Gov_ID":"Dhofar Governorate","Wlyt_ID":"Salalah","Road_ID":"105433","Latitude":17.003245750000001,"Longitude":54.050569760000002,"GlobalID":"{83FCE4C7-50D8-4DEF-96E5-E6F42226E9C4}"}},{"type":"Feature","id":727,"geometry":{"type":"Point","coordinates":[186159.43250000011,1882283.6853999998]},"properties":{"OBJECTID":727,"Asset_ID":"RST727","Name":"مقهى","District_ID":"Auqad al Janubiyya","Gov_ID":"Dhofar Governorate","Wlyt_ID":"Salalah","Road_ID":"105346","Latitude":17.003313970000001,"Longitude":54.052602319999998,"GlobalID":"{6412A2EF-A068-4363-B18D-094FFB15016D}"}},{"type":"Feature","id":728,"geometry":{"type":"Point","coordinates":[185899.54870000016,1882275.8033000007]},"properties":{"OBJECTID":728,"Asset_ID":"RST728","Name":"مطعم","District_ID":"Auqad al Janubiyya","Gov_ID":"Dhofar Governorate","Wlyt_ID":"Salalah","Road_ID":"105345","Latitude":17.00320748,"Longitude":54.050165110000002,"GlobalID":"{888F7355-767C-4E06-8382-4E43DB211932}"}},{"type":"Feature","id":729,"geometry":{"type":"Point","coordinates":[185627.72919999994,1882192.7036000006]},"properties":{"OBJECTID":729,"Asset_ID":"RST729","Name":"مطعم","District_ID":"Auqad al Janubiyya","Gov_ID":"Dhofar Governorate","Wlyt_ID":"Salalah","Road_ID":"105345","Latitude":17.002420300000001,"Longitude":54.047626579999999,"GlobalID":"{CBA9A8CF-C85E-41E4-82D6-A83C067322C5}"}},{"type":"Feature","id":730,"geometry":{"type":"Point","coordinates":[185561.87990000006,1882207.4047999997]},"properties":{"OBJECTID":730,"Asset_ID":"RST730","Name":"مطعم","District_ID":"Auqad al Janubiyya","Gov_ID":"Dhofar Governorate","Wlyt_ID":"Salalah","Road_ID":"105429","Latitude":17.002544050000001,"Longitude":54.047006680000003,"GlobalID":"{078C97C1-7811-4DA0-A3DF-993D429B65AE}"}},{"type":"Feature","id":731,"geometry":{"type":"Point","coordinates":[185402.75179999974,1882287.2885999996]},"properties":{"OBJECTID":731,"Asset_ID":"RST731","Name":"مقهى ساحل عوقد ","District_ID":"Auqad al Janubiyya","Gov_ID":"Dhofar Governorate","Wlyt_ID":"Salalah","Road_ID":"105341","Latitude":17.003243529999999,"Longitude":54.045502390000003,"GlobalID":"{D263EEAD-3CCB-4F98-945E-3930D4A4C3F9}"}},{"type":"Feature","id":732,"geometry":{"type":"Point","coordinates":[185405.45419999957,1882267.0204000007]},"properties":{"OBJECTID":732,"Asset_ID":"RST732","Name":"مطعم","District_ID":"Auqad al Janubiyya","Gov_ID":"Dhofar Governorate","Wlyt_ID":"Salalah","Road_ID":"105341","Latitude":17.003060919999999,"Longitude":54.045530620000001,"GlobalID":"{02C5448B-B22C-409E-9949-CC83D98565A7}"}},{"type":"Feature","id":733,"geometry":{"type":"Point","coordinates":[185765.55310000014,1882305.0796000008]},"properties":{"OBJECTID":733,"Asset_ID":"RST733","Name":"مقهى","District_ID":"Auqad al Janubiyya","Gov_ID":"Dhofar Governorate","Wlyt_ID":"Salalah","Road_ID":"105428","Latitude":17.003453539999999,"Longitude":54.048903789999997,"GlobalID":"{0F6AE022-C0C2-4161-8405-BD97DD0F3AB3}"}},{"type":"Feature","id":734,"geometry":{"type":"Point","coordinates":[185761.04910000041,1882376.0185000002]},"properties":{"OBJECTID":734,"Asset_ID":"RST734","Name":"مطعم","District_ID":"Auqad al Janubiyya","Gov_ID":"Dhofar Governorate","Wlyt_ID":"Salalah","Road_ID":"105425","Latitude":17.004093319999999,"Longitude":54.048851489999997,"GlobalID":"{F5182F5E-4C37-4AC6-A5BF-F64AB824B6F3}"}},{"type":"Feature","id":735,"geometry":{"type":"Point","coordinates":[184838.67789999954,1882340.8307000007]},"properties":{"OBJECTID":735,"Asset_ID":"RST735","Name":"مقهى","District_ID":"Auqad al Janubiyya","Gov_ID":"Dhofar Governorate","Wlyt_ID":"Salalah","Road_ID":"105373","Latitude":17.00364995,"Longitude":54.04020251,"GlobalID":"{75CF4EF7-E5BD-4879-965C-534C23642940}"}},{"type":"Feature","id":736,"geometry":{"type":"Point","coordinates":[184846.79169999994,1882342.6158000007]},"properties":{"OBJECTID":736,"Asset_ID":"RST736","Name":"Emirates PASTRY pies","District_ID":"Auqad al Janubiyya","Gov_ID":"Dhofar Governorate","Wlyt_ID":"Salalah","Road_ID":"105373","Latitude":17.00366717,"Longitude":54.040278379999997,"GlobalID":"{B8916F56-F92D-4244-982F-71E0C69D7FB5}"}},{"type":"Feature","id":737,"geometry":{"type":"Point","coordinates":[184963.60419999994,1882378.1086999997]},"properties":{"OBJECTID":737,"Asset_ID":"RST737","Name":"مقهى برق و رعد","District_ID":"Auqad al Janubiyya","Gov_ID":"Dhofar Governorate","Wlyt_ID":"Salalah","Road_ID":"105373","Latitude":17.004003520000001,"Longitude":54.04136931,"GlobalID":"{943FB165-6CB4-4C65-949C-2FE9D30ECFBB}"}},{"type":"Feature","id":738,"geometry":{"type":"Point","coordinates":[185014.92949999962,1882393.7021999992]},"properties":{"OBJECTID":738,"Asset_ID":"RST738","Name":"محلات شوي اللحوم","District_ID":"Auqad al Janubiyya","Gov_ID":"Dhofar Governorate","Wlyt_ID":"Salalah","Road_ID":"105373","Latitude":17.004151289999999,"Longitude":54.041848649999999,"GlobalID":"{EB0BBCDA-6456-4CBE-87A7-CEB16F122A47}"}},{"type":"Feature","id":739,"geometry":{"type":"Point","coordinates":[185047.70969999954,1882405.6677999999]},"properties":{"OBJECTID":739,"Asset_ID":"RST739","Name":"شاي مضبوط","District_ID":"Auqad al Janubiyya","Gov_ID":"Dhofar Governorate","Wlyt_ID":"Salalah","Road_ID":"105373","Latitude":17.004263779999999,"Longitude":54.042154510000003,"GlobalID":"{C4B592C8-07E9-425F-9CDD-1DCFFB0E034F}"}},{"type":"Feature","id":740,"geometry":{"type":"Point","coordinates":[185088.32079999987,1882232.2577]},"properties":{"OBJECTID":740,"Asset_ID":"RST740","Name":"مقهى","District_ID":"Auqad al Janubiyya","Gov_ID":"Dhofar Governorate","Wlyt_ID":"Salalah","Road_ID":"105411","Latitude":17.002703870000001,"Longitude":54.042560119999997,"GlobalID":"{AFC1EE09-65A3-417B-AEF9-D63A47A32B6D}"}},{"type":"Feature","id":741,"geometry":{"type":"Point","coordinates":[184581.28330000024,1882071.057]},"properties":{"OBJECTID":741,"Asset_ID":"RST741","Name":"مقهى","District_ID":"Auqad al Janubiyya","Gov_ID":"Dhofar Governorate","Wlyt_ID":"Salalah","Road_ID":"105404","Latitude":17.001179449999999,"Longitude":54.037825869999999,"GlobalID":"{B0052C74-4244-4F46-A075-5C6E83165AF4}"}},{"type":"Feature","id":742,"geometry":{"type":"Point","coordinates":[184440.11880000029,1881935.8961999994]},"properties":{"OBJECTID":742,"Asset_ID":"RST742","Name":"مطعم","District_ID":"Auqad al Janubiyya","Gov_ID":"Dhofar Governorate","Wlyt_ID":"Salalah","Road_ID":"105558","Latitude":16.99994001,"Longitude":54.036520639999999,"GlobalID":"{698D9187-370F-4319-BF0A-A65B1B1C7981}"}},{"type":"Feature","id":743,"geometry":{"type":"Point","coordinates":[184444.61259999964,1881921.2164999992]},"properties":{"OBJECTID":743,"Asset_ID":"RST743","Name":"مطعم","District_ID":"Auqad al Janubiyya","Gov_ID":"Dhofar Governorate","Wlyt_ID":"Salalah","Road_ID":"105399","Latitude":16.99980811,"Longitude":54.036564890000001,"GlobalID":"{73BC74C0-B1E3-4392-93E9-95B928580B7D}"}},{"type":"Feature","id":744,"geometry":{"type":"Point","coordinates":[186159.45309999958,1882269.2068000007]},"properties":{"OBJECTID":744,"Asset_ID":"RST744","Name":"Pakistani Restaurant","District_ID":"Auqad al Janubiyya","Gov_ID":"Dhofar Governorate","Wlyt_ID":"Salalah","Road_ID":"105346","Latitude":17.003183270000001,"Longitude":54.052604559999999,"GlobalID":"{F57A3F92-F305-44F1-B0C7-CA26E080342B}"}},{"type":"Feature","id":745,"geometry":{"type":"Point","coordinates":[190155.63460000046,1883302.8460000008]},"properties":{"OBJECTID":745,"Asset_ID":"RST745","Name":"مقهى","District_ID":"Salalah al Gharbiyya","Gov_ID":"Dhofar Governorate","Wlyt_ID":"Salalah","Road_ID":"104474","Latitude":17.013054499999999,"Longitude":54.089954560000002,"GlobalID":"{4A85FA99-332D-47B3-B765-E1F713AB226C}"}},{"type":"Feature","id":746,"geometry":{"type":"Point","coordinates":[189785.11679999996,1883308.8106999993]},"properties":{"OBJECTID":746,"Asset_ID":"RST746","Name":"الخديوي","District_ID":"Salalah al Gharbiyya","Gov_ID":"Dhofar Governorate","Wlyt_ID":"Salalah","Road_ID":"104562","Latitude":17.013058569999998,"Longitude":54.086477109999997,"GlobalID":"{8A9DD6F7-4F85-4A90-8ACD-3FD457C451EE}"}},{"type":"Feature","id":747,"geometry":{"type":"Point","coordinates":[189676.37880000006,1883093.8817999996]},"properties":{"OBJECTID":747,"Asset_ID":"RST747","Name":"Baskin-Robbins","District_ID":"Salalah al Gharbiyya","Gov_ID":"Dhofar Governorate","Wlyt_ID":"Salalah","Road_ID":"103824","Latitude":17.011103609999999,"Longitude":54.085486850000002,"GlobalID":"{17300241-3158-4BBB-822D-073E88F301EE}"}},{"type":"Feature","id":748,"geometry":{"type":"Point","coordinates":[189674.64709999971,1883100.4091999996]},"properties":{"OBJECTID":748,"Asset_ID":"RST748","Name":"chicking ","District_ID":"Salalah al Gharbiyya","Gov_ID":"Dhofar Governorate","Wlyt_ID":"Salalah","Road_ID":"103824","Latitude":17.01116231,"Longitude":54.085469689999996,"GlobalID":"{B0764F58-50B9-438B-965B-39EF3CCC39A7}"}},{"type":"Feature","id":749,"geometry":{"type":"Point","coordinates":[189671.45000000019,1883114.6627999991]},"properties":{"OBJECTID":749,"Asset_ID":"RST749","Name":"وقت الشاي","District_ID":"Salalah al Gharbiyya","Gov_ID":"Dhofar Governorate","Wlyt_ID":"Salalah","Road_ID":"104470","Latitude":17.011290559999999,"Longitude":54.0854377,"GlobalID":"{05378B96-7657-45BF-86F7-1C1B37297055}"}},{"type":"Feature","id":750,"geometry":{"type":"Point","coordinates":[189744.05030000024,1883201.5167999994]},"properties":{"OBJECTID":750,"Asset_ID":"RST750","Name":"LONDON JUICE","District_ID":"Salalah al Gharbiyya","Gov_ID":"Dhofar Governorate","Wlyt_ID":"Salalah","Road_ID":"104474","Latitude":17.012084420000001,"Longitude":54.086106770000001,"GlobalID":"{E1C09B80-2203-4C52-A2DB-6B9487813152}"}},{"type":"Feature","id":751,"geometry":{"type":"Point","coordinates":[189735.54970000032,1883271.4945]},"properties":{"OBJECTID":751,"Asset_ID":"RST751","Name":"محبي الشاي ","District_ID":"Salalah al Gharbiyya","Gov_ID":"Dhofar Governorate","Wlyt_ID":"Salalah","Road_ID":"104562","Latitude":17.012715020000002,"Longitude":54.086017230000003,"GlobalID":"{32C48AC5-06F7-4006-B36D-9CA54F199ACB}"}},{"type":"Feature","id":752,"geometry":{"type":"Point","coordinates":[197996.52489999961,1884065.7185999993]},"properties":{"OBJECTID":752,"Asset_ID":"RST752","Name":"Al SHADI DMC RESTAURANT\n","District_ID":"Dahariz al Shamaliyya","Gov_ID":"Dhofar Governorate","Wlyt_ID":"Salalah","Road_ID":"100002","Latitude":17.020981590000002,"Longitude":54.163425570000001,"GlobalID":"{7AA21316-59AF-4137-AC91-A62D63FD426B}"}},{"type":"Feature","id":753,"geometry":{"type":"Point","coordinates":[198125.39759999979,1884086.9500999991]},"properties":{"OBJECTID":753,"Asset_ID":"RST753","Name":"مقهى","District_ID":"Dahariz al Shamaliyya","Gov_ID":"Dhofar Governorate","Wlyt_ID":"Salalah","Road_ID":"100016","Latitude":17.021190149999999,"Longitude":54.164632040000001,"GlobalID":"{825BBFF0-FC3E-4F73-9DB4-09EBC286621B}"}},{"type":"Feature","id":754,"geometry":{"type":"Point","coordinates":[197309.58910000045,1884182.7478999998]},"properties":{"OBJECTID":754,"Asset_ID":"RST754","Name":"مشاوي عباس","District_ID":"Dahariz al Shamaliyya","Gov_ID":"Dhofar Governorate","Wlyt_ID":"Salalah","Road_ID":"100010","Latitude":17.021948120000001,"Longitude":54.156963310000002,"GlobalID":"{ACC4AA2A-3E69-468E-A5EB-B59E16948C2F}"}},{"type":"Feature","id":755,"geometry":{"type":"Point","coordinates":[197464.34420000017,1884173.2554000001]},"properties":{"OBJECTID":755,"Asset_ID":"RST755","Name":"مطعم","District_ID":"Dahariz al Shamaliyya","Gov_ID":"Dhofar Governorate","Wlyt_ID":"Salalah","Road_ID":"100069","Latitude":17.021882720000001,"Longitude":54.158416850000002,"GlobalID":"{1D896786-7EF8-42CF-B06B-96A66D0F0F66}"}},{"type":"Feature","id":756,"geometry":{"type":"Point","coordinates":[197531.34499999974,1884215.0359000005]},"properties":{"OBJECTID":756,"Asset_ID":"RST756","Name":"مطعم","District_ID":"Dahariz al Shamaliyya","Gov_ID":"Dhofar Governorate","Wlyt_ID":"Salalah","Road_ID":"100010","Latitude":17.02226872,"Longitude":54.159039900000003,"GlobalID":"{FBF0C3C9-C6B6-4DA5-8026-CC71F5FDF170}"}},{"type":"Feature","id":757,"geometry":{"type":"Point","coordinates":[197636.10319999978,1884228.9343999997]},"properties":{"OBJECTID":757,"Asset_ID":"RST757","Name":"DAHARIZCO","District_ID":"Dahariz al Shamaliyya","Gov_ID":"Dhofar Governorate","Wlyt_ID":"Salalah","Road_ID":"100010","Latitude":17.022407940000001,"Longitude":54.16002108,"GlobalID":"{9AFDF609-72F2-4018-A56F-88BE62F31D26}"}},{"type":"Feature","id":758,"geometry":{"type":"Point","coordinates":[198297.00729999971,1884285.3304999992]},"properties":{"OBJECTID":758,"Asset_ID":"RST758","Name":"مطعم","District_ID":"Dahariz al Shamaliyya","Gov_ID":"Dhofar Governorate","Wlyt_ID":"Salalah","Road_ID":"100010","Latitude":17.023003670000001,"Longitude":54.166215479999998,"GlobalID":"{EE55C7C6-C8BA-4F7B-BC5A-4080EAB2847E}"}},{"type":"Feature","id":759,"geometry":{"type":"Point","coordinates":[197504.12550000008,1884319.1581999995]},"properties":{"OBJECTID":759,"Asset_ID":"RST759","Name":"مطعم","District_ID":"Dahariz al Shamaliyya","Gov_ID":"Dhofar Governorate","Wlyt_ID":"Salalah","Road_ID":"100086","Latitude":17.0232052,"Longitude":54.158770269999998,"GlobalID":"{DCE99ACA-11F5-446C-8FDB-28053B1D2E63}"}},{"type":"Feature","id":760,"geometry":{"type":"Point","coordinates":[197263.40440000035,1884256.3440000005]},"properties":{"OBJECTID":760,"Asset_ID":"RST760","Name":"مطعم ابواحمد","District_ID":"Dahariz al Shamaliyya","Gov_ID":"Dhofar Governorate","Wlyt_ID":"Salalah","Road_ID":"100007","Latitude":17.022606509999999,"Longitude":54.156519869999997,"GlobalID":"{2A2D85BF-4C32-4E4F-BC11-F61DA8BC2901}"}},{"type":"Feature","id":761,"geometry":{"type":"Point","coordinates":[197290.0661000004,1884441.0493999999]},"properties":{"OBJECTID":761,"Asset_ID":"RST761","Name":"مطعم","District_ID":"Dahariz al Shamaliyya","Gov_ID":"Dhofar Governorate","Wlyt_ID":"Salalah","Road_ID":"100091","Latitude":17.024277590000001,"Longitude":54.156744860000003,"GlobalID":"{D1C10D3A-0424-470A-ADA6-8BAF6DB45186}"}},{"type":"Feature","id":762,"geometry":{"type":"Point","coordinates":[197267.20529999956,1884361.4726]},"properties":{"OBJECTID":762,"Asset_ID":"RST762","Name":"عبالي كرك","District_ID":"Dahariz al Shamaliyya","Gov_ID":"Dhofar Governorate","Wlyt_ID":"Salalah","Road_ID":"100007","Latitude":17.02355614,"Longitude":54.156541189999999,"GlobalID":"{1B2E151A-AF76-46B2-BF1E-0FBF7EB460B3}"}},{"type":"Feature","id":763,"geometry":{"type":"Point","coordinates":[197548.67349999957,1884073.4685999993]},"properties":{"OBJECTID":763,"Asset_ID":"RST763","Name":"مطعم","District_ID":"Dahariz al Shamaliyya","Gov_ID":"Dhofar Governorate","Wlyt_ID":"Salalah","Road_ID":"100059","Latitude":17.020992870000001,"Longitude":54.159221819999999,"GlobalID":"{B2523446-5AF0-4595-9325-F9DA6169C3DB}"}},{"type":"Feature","id":764,"geometry":{"type":"Point","coordinates":[197518.61390000023,1884084.4493000004]},"properties":{"OBJECTID":764,"Asset_ID":"RST764","Name":"مقهى","District_ID":"Dahariz al Shamaliyya","Gov_ID":"Dhofar Governorate","Wlyt_ID":"Salalah","Road_ID":"100022","Latitude":17.021088070000001,"Longitude":54.158938239999998,"GlobalID":"{34410BA2-8352-4AAB-8D1F-F0BE0D4128FE}"}},{"type":"Feature","id":765,"geometry":{"type":"Point","coordinates":[197336.15809999965,1884002.4471000005]},"properties":{"OBJECTID":765,"Asset_ID":"RST765","Name":"مطعم","District_ID":"Dahariz al Shamaliyya","Gov_ID":"Dhofar Governorate","Wlyt_ID":"Salalah","Road_ID":"100067","Latitude":17.020323789999999,"Longitude":54.157237240000001,"GlobalID":"{799A23E8-4ADE-46DE-A992-73E686B947B1}"}},{"type":"Feature","id":766,"geometry":{"type":"Point","coordinates":[197279.82579999976,1884120.4973000009]},"properties":{"OBJECTID":766,"Asset_ID":"RST766","Name":"محطة شاي","District_ID":"Dahariz al Shamaliyya","Gov_ID":"Dhofar Governorate","Wlyt_ID":"Salalah","Road_ID":"100007","Latitude":17.021382190000001,"Longitude":54.156692499999998,"GlobalID":"{8C431839-1A27-40F5-A400-CEEF647AC0CD}"}},{"type":"Feature","id":767,"geometry":{"type":"Point","coordinates":[197286.31319999974,1884091.9821000006]},"properties":{"OBJECTID":767,"Asset_ID":"RST767","Name":"مطعم وسط الخليج ","District_ID":"Dahariz al Shamaliyya","Gov_ID":"Dhofar Governorate","Wlyt_ID":"Salalah","Road_ID":"100007","Latitude":17.021125600000001,"Longitude":54.15675727,"GlobalID":"{549F0B4C-52F9-4A27-B645-17D8EEEA618A}"}},{"type":"Feature","id":768,"geometry":{"type":"Point","coordinates":[197287.07469999976,1884021.3176000006]},"properties":{"OBJECTID":768,"Asset_ID":"RST768","Name":"مقهى","District_ID":"Dahariz al Shamaliyya","Gov_ID":"Dhofar Governorate","Wlyt_ID":"Salalah","Road_ID":"100007","Latitude":17.020487710000001,"Longitude":54.156774059999996,"GlobalID":"{1BE28D17-DDDE-435F-8571-5B870020C6E5}"}},{"type":"Feature","id":769,"geometry":{"type":"Point","coordinates":[197360.61369999964,1883878.1215000004]},"properties":{"OBJECTID":769,"Asset_ID":"RST769","Name":"مقهى","District_ID":"Dahariz al Shamaliyya","Gov_ID":"Dhofar Governorate","Wlyt_ID":"Salalah","Road_ID":"100007","Latitude":17.01920454,"Longitude":54.157483679999999,"GlobalID":"{266563D3-E52F-468F-8E16-D3AF61134A68}"}},{"type":"Feature","id":770,"geometry":{"type":"Point","coordinates":[197403.33600000013,1883892.0320999995]},"properties":{"OBJECTID":770,"Asset_ID":"RST770","Name":"محلات شوي اللحوم و المشاكيك","District_ID":"Dahariz al Shamaliyya","Gov_ID":"Dhofar Governorate","Wlyt_ID":"Salalah","Road_ID":"100024","Latitude":17.019335739999999,"Longitude":54.157882690000001,"GlobalID":"{1591CCDD-D662-4D85-8CCF-C5820EDD4381}"}},{"type":"Feature","id":771,"geometry":{"type":"Point","coordinates":[197381.01580000017,1883890.0828000009]},"properties":{"OBJECTID":771,"Asset_ID":"RST771","Name":"مطعم","District_ID":"Dahariz al Shamaliyya","Gov_ID":"Dhofar Governorate","Wlyt_ID":"Salalah","Road_ID":"100007","Latitude":17.019315209999998,"Longitude":54.157673510000002,"GlobalID":"{BA016EBD-F87A-42D6-AB0A-56C42EC37712}"}},{"type":"Feature","id":772,"geometry":{"type":"Point","coordinates":[197337.78859999962,1883989.0313000008]},"properties":{"OBJECTID":772,"Asset_ID":"RST772","Name":"الكرك","District_ID":"Dahariz al Shamaliyya","Gov_ID":"Dhofar Governorate","Wlyt_ID":"Salalah","Road_ID":"100011","Latitude":17.020202879999999,"Longitude":54.157254369999997,"GlobalID":"{A86A5EB2-BBCA-4BCD-96F4-27F3F9D5CBA0}"}},{"type":"Feature","id":773,"geometry":{"type":"Point","coordinates":[189504.26240000036,1883090.2164999992]},"properties":{"OBJECTID":773,"Asset_ID":"RST773","Name":"مطعم","District_ID":"Salalah al Gharbiyya","Gov_ID":"Dhofar Governorate","Wlyt_ID":"Salalah","Road_ID":"104470","Latitude":17.011047380000001,"Longitude":54.083872399999997,"GlobalID":"{B1C6E525-4EB0-4D39-97D2-937D541C930C}"}},{"type":"Feature","id":774,"geometry":{"type":"Point","coordinates":[189490.53330000024,1883144.4673999995]},"properties":{"OBJECTID":774,"Asset_ID":"RST774","Name":"مطعم","District_ID":"Salalah al Gharbiyya","Gov_ID":"Dhofar Governorate","Wlyt_ID":"Salalah","Road_ID":"104469","Latitude":17.011535290000001,"Longitude":54.083735990000001,"GlobalID":"{C64A7318-68FC-49FD-B4C3-1F5C72EE1EA9}"}},{"type":"Feature","id":775,"geometry":{"type":"Point","coordinates":[189320.51410000026,1883057.8774999995]},"properties":{"OBJECTID":775,"Asset_ID":"RST775","Name":"مقهى","District_ID":"Salalah al Gharbiyya","Gov_ID":"Dhofar Governorate","Wlyt_ID":"Salalah","Road_ID":"104470","Latitude":17.0107307,"Longitude":54.082152809999997,"GlobalID":"{46471208-C3A4-4E46-87CC-289D0488350E}"}},{"type":"Feature","id":776,"geometry":{"type":"Point","coordinates":[189280.38320000004,1883114.1925000008]},"properties":{"OBJECTID":776,"Asset_ID":"RST776","Name":"Burj Pizza","District_ID":"Salalah al Gharbiyya","Gov_ID":"Dhofar Governorate","Wlyt_ID":"Salalah","Road_ID":"104469","Latitude":17.011233690000001,"Longitude":54.081768390000001,"GlobalID":"{A4782091-DCD8-45B7-AB76-A8A204D803D8}"}},{"type":"Feature","id":777,"geometry":{"type":"Point","coordinates":[188867.22200000007,1883004.1616999991]},"properties":{"OBJECTID":777,"Asset_ID":"RST777","Name":"مقهى ","District_ID":"Salalah al Gharbiyya","Gov_ID":"Dhofar Governorate","Wlyt_ID":"Salalah","Road_ID":"104475","Latitude":17.0101847,"Longitude":54.077907119999999,"GlobalID":"{C03FE023-8C8A-4068-8461-00E1F6C7C7B8}"}},{"type":"Feature","id":778,"geometry":{"type":"Point","coordinates":[188106.21289999969,1882739.6041000001]},"properties":{"OBJECTID":778,"Asset_ID":"RST778","Name":"HALOOF RESTAURANT","District_ID":"Salalah al Gharbiyya","Gov_ID":"Dhofar Governorate","Wlyt_ID":"Salalah","Road_ID":"103824","Latitude":17.00769365,"Longitude":54.070803830000003,"GlobalID":"{23E5BF9A-6AF1-4108-8387-7DF88B155A56}"}},{"type":"Feature","id":779,"geometry":{"type":"Point","coordinates":[188145.69730000012,1882749.2715000007]},"properties":{"OBJECTID":779,"Asset_ID":"RST779","Name":"مطعم","District_ID":"Salalah al Gharbiyya","Gov_ID":"Dhofar Governorate","Wlyt_ID":"Salalah","Road_ID":"103824","Latitude":17.00778626,"Longitude":54.071172939999997,"GlobalID":"{27716292-4818-46C6-843E-EC6F8A5ACC53}"}},{"type":"Feature","id":780,"geometry":{"type":"Point","coordinates":[188171.36720000021,1882754.1537999995]},"properties":{"OBJECTID":780,"Asset_ID":"RST780","Name":"مطعم الليوان العربي","District_ID":"Salalah al Gharbiyya","Gov_ID":"Dhofar Governorate","Wlyt_ID":"Salalah","Road_ID":"103824","Latitude":17.0078338,"Longitude":54.071413110000002,"GlobalID":"{564612FA-AD16-49FA-B473-E0303D130D32}"}},{"type":"Feature","id":781,"geometry":{"type":"Point","coordinates":[188227.93360000011,1882763.1675000004]},"properties":{"OBJECTID":781,"Asset_ID":"RST781","Name":"مقهى","District_ID":"Salalah al Gharbiyya","Gov_ID":"Dhofar Governorate","Wlyt_ID":"Salalah","Road_ID":"103824","Latitude":17.00792281,"Longitude":54.071942589999999,"GlobalID":"{40AE86DC-1240-499C-8426-2812E7D288CC}"}},{"type":"Feature","id":782,"geometry":{"type":"Point","coordinates":[188249.43879999965,1882767.284]},"properties":{"OBJECTID":782,"Asset_ID":"RST782","Name":"مقهى","District_ID":"Salalah al Gharbiyya","Gov_ID":"Dhofar Governorate","Wlyt_ID":"Salalah","Road_ID":"103824","Latitude":17.007962880000001,"Longitude":54.072143789999998,"GlobalID":"{2DC8D91E-C57D-4D92-B681-9E768E255EE6}"}},{"type":"Feature","id":783,"geometry":{"type":"Point","coordinates":[188285.56469999999,1882772.6779999994]},"properties":{"OBJECTID":783,"Asset_ID":"RST783","Name":"تفضل و آمر","District_ID":"Salalah al Gharbiyya","Gov_ID":"Dhofar Governorate","Wlyt_ID":"Salalah","Road_ID":"103824","Latitude":17.00801645,"Longitude":54.072482000000001,"GlobalID":"{526934A4-38B4-474E-87E1-C161A11F80CF}"}},{"type":"Feature","id":784,"geometry":{"type":"Point","coordinates":[188301.43450000044,1882773.7824000008]},"properties":{"OBJECTID":784,"Asset_ID":"RST784","Name":"مقهى","District_ID":"Salalah al Gharbiyya","Gov_ID":"Dhofar Governorate","Wlyt_ID":"Salalah","Road_ID":"103824","Latitude":17.00802857,"Longitude":54.072630740000001,"GlobalID":"{07E79230-FA5A-471C-A0C7-5479FB79F421}"}},{"type":"Feature","id":785,"geometry":{"type":"Point","coordinates":[188310.74629999977,1882774.8270999994]},"properties":{"OBJECTID":785,"Asset_ID":"RST785","Name":"مذاق الدونر","District_ID":"Salalah al Gharbiyya","Gov_ID":"Dhofar Governorate","Wlyt_ID":"Salalah","Road_ID":"103824","Latitude":17.00803926,"Longitude":54.072717969999999,"GlobalID":"{FBD68954-F087-4930-AF6D-82E4CC86DA3D}"}},{"type":"Feature","id":786,"geometry":{"type":"Point","coordinates":[188318.51370000001,1882776.8712000009]},"properties":{"OBJECTID":786,"Asset_ID":"RST786","Name":"لذة","District_ID":"Salalah al Gharbiyya","Gov_ID":"Dhofar Governorate","Wlyt_ID":"Salalah","Road_ID":"103824","Latitude":17.008058760000001,"Longitude":54.072790560000001,"GlobalID":"{18DFC345-2909-4D97-B330-00C3FF56BE3C}"}},{"type":"Feature","id":787,"geometry":{"type":"Point","coordinates":[188371.69189999998,1882782.4990999997]},"properties":{"OBJECTID":787,"Asset_ID":"RST787","Name":"مطعم الحرية للمأكولات العمانية","District_ID":"Salalah al Gharbiyya","Gov_ID":"Dhofar Governorate","Wlyt_ID":"Salalah","Road_ID":"103824","Latitude":17.008116749999999,"Longitude":54.073288730000002,"GlobalID":"{0C148DDE-02ED-48B5-9630-DEF95CCB2195}"}},{"type":"Feature","id":788,"geometry":{"type":"Point","coordinates":[188459.00860000029,1882796.4941000007]},"properties":{"OBJECTID":788,"Asset_ID":"RST788","Name":"حلويات فاروق\n","District_ID":"Salalah al Gharbiyya","Gov_ID":"Dhofar Governorate","Wlyt_ID":"Salalah","Road_ID":"104568","Latitude":17.008254879999999,"Longitude":54.074106039999997,"GlobalID":"{3EB1B1B1-B168-4606-83E9-8AF3EE47FDC0}"}},{"type":"Feature","id":789,"geometry":{"type":"Point","coordinates":[189000.65319999959,1882889.1782000009]},"properties":{"OBJECTID":789,"Asset_ID":"RST789","Name":"Nice Dream","District_ID":"Salalah al Gharbiyya","Gov_ID":"Dhofar Governorate","Wlyt_ID":"Salalah","Road_ID":"103824","Latitude":17.009164640000002,"Longitude":54.079175200000002,"GlobalID":"{B884E86E-9972-4893-90F0-6AC1FBC022C3}"}},{"type":"Feature","id":790,"geometry":{"type":"Point","coordinates":[189312.19840000011,1882965.9723000005]},"properties":{"OBJECTID":790,"Asset_ID":"RST790","Name":"مخبز ومقهى التهاني","District_ID":"Salalah al Gharbiyya","Gov_ID":"Dhofar Governorate","Wlyt_ID":"Salalah","Road_ID":"103824","Latitude":17.009899879999999,"Longitude":54.082087649999998,"GlobalID":"{1E57614D-44D6-442D-85E4-EA2C39C00331}"}},{"type":"Feature","id":791,"geometry":{"type":"Point","coordinates":[189622.30379999988,1883048.2108999994]},"properties":{"OBJECTID":791,"Asset_ID":"RST791","Name":"مطعم","District_ID":"Salalah al Gharbiyya","Gov_ID":"Dhofar Governorate","Wlyt_ID":"Salalah","Road_ID":"103824","Latitude":17.010684040000001,"Longitude":54.084985850000002,"GlobalID":"{B335173A-DB41-4870-9D73-262CF5E42BBB}"}},{"type":"Feature","id":792,"geometry":{"type":"Point","coordinates":[189629.4907999998,1883048.5339000002]},"properties":{"OBJECTID":792,"Asset_ID":"RST792","Name":"مطعم","District_ID":"Salalah al Gharbiyya","Gov_ID":"Dhofar Governorate","Wlyt_ID":"Salalah","Road_ID":"103824","Latitude":17.010687919999999,"Longitude":54.085053240000001,"GlobalID":"{C197F922-11FC-474B-9323-476F167B74E0}"}},{"type":"Feature","id":793,"geometry":{"type":"Point","coordinates":[189676.08519999962,1883053.3790000007]},"properties":{"OBJECTID":793,"Asset_ID":"RST793","Name":"مقهى الوثيقة","District_ID":"Salalah al Gharbiyya","Gov_ID":"Dhofar Governorate","Wlyt_ID":"Salalah","Road_ID":"104526","Latitude":17.010737930000001,"Longitude":54.085489760000002,"GlobalID":"{A80DA776-461C-440A-A4B4-B233F7B85E87}"}},{"type":"Feature","id":794,"geometry":{"type":"Point","coordinates":[189737.53809999954,1883057.6589000002]},"properties":{"OBJECTID":794,"Asset_ID":"RST794","Name":"فن جوس","District_ID":"Salalah al Gharbiyya","Gov_ID":"Dhofar Governorate","Wlyt_ID":"Salalah","Road_ID":"104526","Latitude":17.010784829999999,"Longitude":54.086065769999998,"GlobalID":"{47B08C4F-276D-4BB0-AFF4-E33D88950DE2}"}},{"type":"Feature","id":795,"geometry":{"type":"Point","coordinates":[189865.23529999983,1883056.5014999993]},"properties":{"OBJECTID":795,"Asset_ID":"RST795","Name":"ICE CREAM CORN","District_ID":"Salalah al Gharbiyya","Gov_ID":"Dhofar Governorate","Wlyt_ID":"Salalah","Road_ID":"103824","Latitude":17.01079154,"Longitude":54.08726412,"GlobalID":"{076DF2B2-A1E1-4C7B-8EB9-D75BE839D8CF}"}},{"type":"Feature","id":796,"geometry":{"type":"Point","coordinates":[190158.52960000001,1883094.9757000003]},"properties":{"OBJECTID":796,"Asset_ID":"RST796","Name":"مطعم","District_ID":"Salalah al Gharbiyya","Gov_ID":"Dhofar Governorate","Wlyt_ID":"Salalah","Road_ID":"104575","Latitude":17.011178269999998,"Longitude":54.090010739999997,"GlobalID":"{19B06F27-B05F-48D9-9E67-FFD8BEB18702}"}},{"type":"Feature","id":797,"geometry":{"type":"Point","coordinates":[190204.26800000016,1883156.8102000002]},"properties":{"OBJECTID":797,"Asset_ID":"RST797","Name":"بيع الذرة و الايسكريم","District_ID":"Salalah al Gharbiyya","Gov_ID":"Dhofar Governorate","Wlyt_ID":"Salalah","Road_ID":"103824","Latitude":17.011742640000001,"Longitude":54.090431270000003,"GlobalID":"{5F6BB7C4-87F5-46C6-87B3-8C03EE0E58D6}"}},{"type":"Feature","id":798,"geometry":{"type":"Point","coordinates":[188526.81960000005,1882686.2586000003]},"properties":{"OBJECTID":798,"Asset_ID":"RST798","Name":"مقهى","District_ID":"Salalah al Gharbiyya","Gov_ID":"Dhofar Governorate","Wlyt_ID":"Salalah","Road_ID":"104502","Latitude":17.007268849999999,"Longitude":54.074757750000003,"GlobalID":"{0307CC7C-D241-4223-8484-BBE3C44001E1}"}},{"type":"Feature","id":799,"geometry":{"type":"Point","coordinates":[188527.25030000042,1882678.9371000007]},"properties":{"OBJECTID":799,"Asset_ID":"RST799","Name":"مطعم","District_ID":"Salalah al Gharbiyya","Gov_ID":"Dhofar Governorate","Wlyt_ID":"Salalah","Road_ID":"104502","Latitude":17.00720282,"Longitude":54.074762819999997,"GlobalID":"{E8D52A69-A3D0-4A7C-9CBF-784E09A600CF}"}},{"type":"Feature","id":800,"geometry":{"type":"Point","coordinates":[188536.23060000036,1882650.9843000006]},"properties":{"OBJECTID":800,"Asset_ID":"RST800","Name":"مقهى","District_ID":"Salalah al Gharbiyya","Gov_ID":"Dhofar Governorate","Wlyt_ID":"Salalah","Road_ID":"104568","Latitude":17.00695168,"Longitude":54.074851000000002,"GlobalID":"{961F1FE3-62FD-428D-9528-4522D6DCB98F}"}},{"type":"Feature","id":801,"geometry":{"type":"Point","coordinates":[188506.47649999987,1882648.0441999994]},"properties":{"OBJECTID":801,"Asset_ID":"RST801","Name":"مقهى و معصرة فواكه","District_ID":"Salalah al Gharbiyya","Gov_ID":"Dhofar Governorate","Wlyt_ID":"Salalah","Road_ID":"104521","Latitude":17.006921120000001,"Longitude":54.074572240000002,"GlobalID":"{D5B088B9-2599-475C-9EA2-0DB78E4A5A4C}"}},{"type":"Feature","id":802,"geometry":{"type":"Point","coordinates":[188536.94350000005,1882628.2313999999]},"properties":{"OBJECTID":802,"Asset_ID":"RST802","Name":"مقهى","District_ID":"Salalah al Gharbiyya","Gov_ID":"Dhofar Governorate","Wlyt_ID":"Salalah","Road_ID":"104568","Latitude":17.006746369999998,"Longitude":54.074860880000003,"GlobalID":"{2A561BC4-368B-4F16-9BF0-F922D6E0B227}"}},{"type":"Feature","id":803,"geometry":{"type":"Point","coordinates":[188540.34300000034,1882600.4840999991]},"properties":{"OBJECTID":803,"Asset_ID":"RST803","Name":"مطعم","District_ID":"Salalah al Gharbiyya","Gov_ID":"Dhofar Governorate","Wlyt_ID":"Salalah","Road_ID":"104533","Latitude":17.006496330000001,"Longitude":54.074896670000001,"GlobalID":"{2227B359-81BE-4B31-88AE-DBCE573735F7}"}},{"type":"Feature","id":804,"geometry":{"type":"Point","coordinates":[188511.46760000009,1882575.6721000001]},"properties":{"OBJECTID":804,"Asset_ID":"RST804","Name":"مقهى","District_ID":"Salalah al Gharbiyya","Gov_ID":"Dhofar Governorate","Wlyt_ID":"Salalah","Road_ID":"104485","Latitude":17.006268439999999,"Longitude":54.074629219999998,"GlobalID":"{04272239-910F-4492-A84A-7AD7E7DBC70A}"}},{"type":"Feature","id":805,"geometry":{"type":"Point","coordinates":[188541.97429999989,1882568.4941000007]},"properties":{"OBJECTID":805,"Asset_ID":"RST805","Name":"مطعم","District_ID":"Salalah al Gharbiyya","Gov_ID":"Dhofar Governorate","Wlyt_ID":"Salalah","Road_ID":"104569","Latitude":17.006207759999999,"Longitude":54.074916459999997,"GlobalID":"{902BE60E-FBDF-4251-AD6D-7AB142EAD25A}"}},{"type":"Feature","id":806,"geometry":{"type":"Point","coordinates":[188248.80429999996,1882638.8122000005]},"properties":{"OBJECTID":806,"Asset_ID":"RST806","Name":"مقهى","District_ID":"Salalah al Gharbiyya","Gov_ID":"Dhofar Governorate","Wlyt_ID":"Salalah","Road_ID":"104480","Latitude":17.006802990000001,"Longitude":54.072155870000003,"GlobalID":"{3A7ECFF6-F915-4606-859D-F2A2C1FD1737}"}},{"type":"Feature","id":807,"geometry":{"type":"Point","coordinates":[188263.62249999959,1882642.6344000008]},"properties":{"OBJECTID":807,"Asset_ID":"RST807","Name":"مقهى","District_ID":"Salalah al Gharbiyya","Gov_ID":"Dhofar Governorate","Wlyt_ID":"Salalah","Road_ID":"104480","Latitude":17.006839500000002,"Longitude":54.072294370000002,"GlobalID":"{566F46D9-F433-4F85-BFEC-18F080C41530}"}},{"type":"Feature","id":808,"geometry":{"type":"Point","coordinates":[188279.17760000005,1882630.7006999999]},"properties":{"OBJECTID":808,"Asset_ID":"RST808","Name":"مقهى","District_ID":"Salalah al Gharbiyya","Gov_ID":"Dhofar Governorate","Wlyt_ID":"Salalah","Road_ID":"104480","Latitude":17.006733870000001,"Longitude":54.072442000000002,"GlobalID":"{49053A4C-B6C7-4F44-BD24-E2056C1DAE07}"}},{"type":"Feature","id":809,"geometry":{"type":"Point","coordinates":[188729.67080000043,1882736.6483999994]},"properties":{"OBJECTID":809,"Asset_ID":"RST809","Name":"مقهى","District_ID":"Salalah al Gharbiyya","Gov_ID":"Dhofar Governorate","Wlyt_ID":"Salalah","Road_ID":"104480","Latitude":17.007751119999998,"Longitude":54.076653989999997,"GlobalID":"{4C711336-A214-4EFB-A5E1-52B66D40D26D}"}},{"type":"Feature","id":810,"geometry":{"type":"Point","coordinates":[189227.21420000028,1882824.3197000008]},"properties":{"OBJECTID":810,"Asset_ID":"RST810","Name":"مطعم","District_ID":"Salalah al Gharbiyya","Gov_ID":"Dhofar Governorate","Wlyt_ID":"Salalah","Road_ID":"104480","Latitude":17.008609629999999,"Longitude":54.081310070000001,"GlobalID":"{00644B43-7205-4ADB-954F-74E26A577AB5}"}},{"type":"Feature","id":811,"geometry":{"type":"Point","coordinates":[189650.80960000027,1882926.4355999995]},"properties":{"OBJECTID":811,"Asset_ID":"RST811","Name":"مطعم","District_ID":"Salalah al Gharbiyya","Gov_ID":"Dhofar Governorate","Wlyt_ID":"Salalah","Road_ID":"104535","Latitude":17.00958851,"Longitude":54.085270340000001,"GlobalID":"{19349631-A0DD-43BD-9B0F-9B0B18F674BE}"}},{"type":"Feature","id":812,"geometry":{"type":"Point","coordinates":[187901.68499999959,1882470.0647999998]},"properties":{"OBJECTID":812,"Asset_ID":"RST812","Name":"مطعم","District_ID":"Salalah al Gharbiyya","Gov_ID":"Dhofar Governorate","Wlyt_ID":"Salalah","Road_ID":"104447","Latitude":17.005232700000001,"Longitude":54.06892268,"GlobalID":"{8B930F1C-850A-4202-BB82-964B6FF0A3C1}"}},{"type":"Feature","id":813,"geometry":{"type":"Point","coordinates":[187904.74629999977,1882601.5626999997]},"properties":{"OBJECTID":813,"Asset_ID":"RST813","Name":"Golden Chopsticks Chinese Restaurant","District_ID":"Salalah al Gharbiyya","Gov_ID":"Dhofar Governorate","Wlyt_ID":"Salalah","Road_ID":"104447","Latitude":17.00642023,"Longitude":54.068932930000003,"GlobalID":"{AC35DE96-A05A-4FA4-B860-7A92F84B2966}"}},{"type":"Feature","id":814,"geometry":{"type":"Point","coordinates":[188199.11560000014,1882464.6908]},"properties":{"OBJECTID":814,"Asset_ID":"RST814","Name":"مقهى و بيع الذرة","District_ID":"Salalah al Gharbiyya","Gov_ID":"Dhofar Governorate","Wlyt_ID":"Salalah","Road_ID":"103741","Latitude":17.005224370000001,"Longitude":54.071714100000001,"GlobalID":"{3B6F31A6-8D6A-4FF7-A64E-5D66E12E9E2A}"}},{"type":"Feature","id":815,"geometry":{"type":"Point","coordinates":[188206.94859999977,1882465.3367999997]},"properties":{"OBJECTID":815,"Asset_ID":"RST815","Name":"مقهى","District_ID":"Salalah al Gharbiyya","Gov_ID":"Dhofar Governorate","Wlyt_ID":"Salalah","Road_ID":"103741","Latitude":17.005231259999999,"Longitude":54.07178751,"GlobalID":"{EC3EC115-7724-4917-B5A7-966DE4C276F1}"}},{"type":"Feature","id":816,"geometry":{"type":"Point","coordinates":[188588.65600000042,1882769.0188999996]},"properties":{"OBJECTID":816,"Asset_ID":"RST816","Name":"مطعم","District_ID":"Salalah al Gharbiyya","Gov_ID":"Dhofar Governorate","Wlyt_ID":"Salalah","Road_ID":"104488","Latitude":17.008024330000001,"Longitude":54.075326339999997,"GlobalID":"{46CC2576-0E8C-4B69-B8FF-D57A19414304}"}},{"type":"Feature","id":817,"geometry":{"type":"Point","coordinates":[189930.25200000033,1882801.8725000005]},"properties":{"OBJECTID":817,"Asset_ID":"RST817","Name":"مطعم","District_ID":"Salalah al Gharbiyya","Gov_ID":"Dhofar Governorate","Wlyt_ID":"Salalah","Road_ID":"103741","Latitude":17.008501540000001,"Longitude":54.087909719999999,"GlobalID":"{AC6AF098-D219-4C1B-B857-43A7753320A5}"}},{"type":"Feature","id":818,"geometry":{"type":"Point","coordinates":[190009.88839999959,1882812.932]},"properties":{"OBJECTID":818,"Asset_ID":"RST818","Name":"مطعم","District_ID":"Salalah al Gharbiyya","Gov_ID":"Dhofar Governorate","Wlyt_ID":"Salalah","Road_ID":"103741","Latitude":17.008612079999999,"Longitude":54.0886554,"GlobalID":"{0BECB2EE-E288-4AB5-80FD-2D64A1A75C61}"}},{"type":"Feature","id":819,"geometry":{"type":"Point","coordinates":[190017.1138000004,1882813.4223999996]},"properties":{"OBJECTID":819,"Asset_ID":"RST819","Name":"مطعم","District_ID":"Salalah al Gharbiyya","Gov_ID":"Dhofar Governorate","Wlyt_ID":"Salalah","Road_ID":"103741","Latitude":17.008617470000001,"Longitude":54.088723129999998,"GlobalID":"{460AD122-93D9-491F-9894-E15891FCDC58}"}},{"type":"Feature","id":820,"geometry":{"type":"Point","coordinates":[190048.99419999961,1882819.5725999996]},"properties":{"OBJECTID":820,"Asset_ID":"RST820","Name":"مطعم اضواء المدينة","District_ID":"Salalah al Gharbiyya","Gov_ID":"Dhofar Governorate","Wlyt_ID":"Salalah","Road_ID":"103741","Latitude":17.008677280000001,"Longitude":54.0890214,"GlobalID":"{6CCB0ABE-AA7E-4444-A6CA-D0F14BA96A65}"}},{"type":"Feature","id":821,"geometry":{"type":"Point","coordinates":[190344.10059999954,1882897.8948999997]},"properties":{"OBJECTID":821,"Asset_ID":"RST821","Name":"مطعم","District_ID":"Salalah al Gharbiyya","Gov_ID":"Dhofar Governorate","Wlyt_ID":"Salalah","Road_ID":"104529","Latitude":17.00942397,"Longitude":54.091779440000003,"GlobalID":"{F8F261E8-9E21-49D8-93F1-F8EC2D81E54F}"}},{"type":"Feature","id":822,"geometry":{"type":"Point","coordinates":[190373.92150000017,1882863.3916999996]},"properties":{"OBJECTID":822,"Asset_ID":"RST822","Name":"فلافل رامي","District_ID":"Salalah al Wousta","Gov_ID":"Dhofar Governorate","Wlyt_ID":"Salalah","Road_ID":"103741","Latitude":17.009116479999999,"Longitude":54.092064059999998,"GlobalID":"{116F19F7-EAC4-4C69-872A-24B8AD768CEE}"}},{"type":"Feature","id":823,"geometry":{"type":"Point","coordinates":[190391.87370000035,1882864.6284999996]},"properties":{"OBJECTID":823,"Asset_ID":"RST823","Name":"مقهى و معصرة فواكه","District_ID":"Salalah al Wousta","Gov_ID":"Dhofar Governorate","Wlyt_ID":"Salalah","Road_ID":"103741","Latitude":17.00913005,"Longitude":54.092232330000002,"GlobalID":"{9CD207EC-8EDD-4E0D-A653-A155E40B7D9A}"}},{"type":"Feature","id":824,"geometry":{"type":"Point","coordinates":[190427.95880000014,1882891.9556000009]},"properties":{"OBJECTID":824,"Asset_ID":"RST824","Name":"مطعم","District_ID":"Salalah al Wousta","Gov_ID":"Dhofar Governorate","Wlyt_ID":"Salalah","Road_ID":"103741","Latitude":17.009381600000001,"Longitude":54.092567109999997,"GlobalID":"{16083ABE-F7B2-4B10-98DE-780EB1696553}"}},{"type":"Feature","id":825,"geometry":{"type":"Point","coordinates":[188740.71449999977,1882789.5204000007]},"properties":{"OBJECTID":825,"Asset_ID":"RST825","Name":"مطعم","District_ID":"Salalah al Gharbiyya","Gov_ID":"Dhofar Governorate","Wlyt_ID":"Salalah","Road_ID":"104524","Latitude":17.008229920000002,"Longitude":54.076750199999999,"GlobalID":"{4F7869F8-97E2-4F03-80E6-1660599A3C5B}"}},{"type":"Feature","id":826,"geometry":{"type":"Point","coordinates":[188843.64869999979,1882801.9059999995]},"properties":{"OBJECTID":826,"Asset_ID":"RST826","Name":"مطعم","District_ID":"Salalah al Gharbiyya","Gov_ID":"Dhofar Governorate","Wlyt_ID":"Salalah","Road_ID":"104524","Latitude":17.00835562,"Longitude":54.077714280000002,"GlobalID":"{635112CE-127B-483A-BA0F-27351503AF20}"}},{"type":"Feature","id":827,"geometry":{"type":"Point","coordinates":[189633.22499999963,1882979.6708000004]},"properties":{"OBJECTID":827,"Asset_ID":"RST827","Name":"مقهى ","District_ID":"Salalah al Gharbiyya","Gov_ID":"Dhofar Governorate","Wlyt_ID":"Salalah","Road_ID":"104496","Latitude":17.010066739999999,"Longitude":54.085097900000001,"GlobalID":"{254C1D78-C314-438E-88FA-6C737E27C8DE}"}},{"type":"Feature","id":828,"geometry":{"type":"Point","coordinates":[189619.99880000018,1882978.4951000009]},"properties":{"OBJECTID":828,"Asset_ID":"RST828","Name":"مطعم","District_ID":"Salalah al Gharbiyya","Gov_ID":"Dhofar Governorate","Wlyt_ID":"Salalah","Road_ID":"104496","Latitude":17.010054350000001,"Longitude":54.08497397,"GlobalID":"{26273C6E-DF18-4626-8C85-4C5655EE4529}"}},{"type":"Feature","id":829,"geometry":{"type":"Point","coordinates":[189448.93929999974,1882978.8172999993]},"properties":{"OBJECTID":829,"Asset_ID":"RST829","Name":"مطعم","District_ID":"Salalah al Gharbiyya","Gov_ID":"Dhofar Governorate","Wlyt_ID":"Salalah","Road_ID":"104496","Latitude":17.01003425,"Longitude":54.083368880000002,"GlobalID":"{C90844A2-1AC1-42F1-BFDF-43B7FD316B20}"}},{"type":"Feature","id":830,"geometry":{"type":"Point","coordinates":[189237.28569999989,1882909.9065000005]},"properties":{"OBJECTID":830,"Asset_ID":"RST830","Name":"مطعم","District_ID":"Salalah al Gharbiyya","Gov_ID":"Dhofar Governorate","Wlyt_ID":"Salalah","Road_ID":"104497","Latitude":17.00938365,"Longitude":54.08139259,"GlobalID":"{0027E563-4384-44FD-9247-078A891C9ED6}"}},{"type":"Feature","id":831,"geometry":{"type":"Point","coordinates":[189195.40330000035,1882887.4014999997]},"properties":{"OBJECTID":831,"Asset_ID":"RST831","Name":"مطعم","District_ID":"Salalah al Gharbiyya","Gov_ID":"Dhofar Governorate","Wlyt_ID":"Salalah","Road_ID":"104497","Latitude":17.00917484,"Longitude":54.081002759999997,"GlobalID":"{9F193AC8-ED5E-4DF7-95A9-82F433B9BE11}"}},{"type":"Feature","id":832,"geometry":{"type":"Point","coordinates":[189175.23419999983,1882913.5344999991]},"properties":{"OBJECTID":832,"Asset_ID":"RST832","Name":"مقهى ابراج","District_ID":"Salalah al Gharbiyya","Gov_ID":"Dhofar Governorate","Wlyt_ID":"Salalah","Road_ID":"104489","Latitude":17.00940804,"Longitude":54.080809860000002,"GlobalID":"{151E52E5-BD0A-4D37-B0F5-B2D3AF75114D}"}},{"type":"Feature","id":833,"geometry":{"type":"Point","coordinates":[189363.43859999999,1882825.9481000006]},"properties":{"OBJECTID":833,"Asset_ID":"RST833","Name":"مطعم نورس الذهبي","District_ID":"Salalah al Gharbiyya","Gov_ID":"Dhofar Governorate","Wlyt_ID":"Salalah","Road_ID":"104480","Latitude":17.00864267,"Longitude":54.082588020000003,"GlobalID":"{B812C18F-998C-4148-A801-0FBFB2BA0C6A}"}},{"type":"Feature","id":834,"geometry":{"type":"Point","coordinates":[189083.64190000016,1882747.3960999995]},"properties":{"OBJECTID":834,"Asset_ID":"RST834","Name":"مطعم","District_ID":"Salalah al Gharbiyya","Gov_ID":"Dhofar Governorate","Wlyt_ID":"Salalah","Road_ID":"104500","Latitude":17.007895850000001,"Longitude":54.079973719999998,"GlobalID":"{9F8ED7C1-5B93-4BEA-9EDF-9A8EB7CB4F2E}"}},{"type":"Feature","id":835,"geometry":{"type":"Point","coordinates":[189057.57510000002,1882715.1697000004]},"properties":{"OBJECTID":835,"Asset_ID":"RST835","Name":"مطعم","District_ID":"Salalah al Gharbiyya","Gov_ID":"Dhofar Governorate","Wlyt_ID":"Salalah","Road_ID":"104501","Latitude":17.007601409999999,"Longitude":54.079733650000001,"GlobalID":"{32B353EE-00D1-4118-AD4A-C38B4861A17D}"}},{"type":"Feature","id":836,"geometry":{"type":"Point","coordinates":[189650.99469999969,1883131.6297999993]},"properties":{"OBJECTID":836,"Asset_ID":"RST836","Name":"مطعم","District_ID":"Salalah al Gharbiyya","Gov_ID":"Dhofar Governorate","Wlyt_ID":"Salalah","Road_ID":"104470","Latitude":17.01144098,"Longitude":54.085243400000003,"GlobalID":"{5D7D57D2-5945-4812-AF05-107EF163D0A5}"}},{"type":"Feature","id":837,"geometry":{"type":"Point","coordinates":[189782.00449999981,1883004.4664999992]},"properties":{"OBJECTID":837,"Asset_ID":"RST837","Name":"مقهى ","District_ID":"Salalah al Gharbiyya","Gov_ID":"Dhofar Governorate","Wlyt_ID":"Salalah","Road_ID":"104496","Latitude":17.01031059,"Longitude":54.086490429999998,"GlobalID":"{094BD484-9B1C-451C-A30E-55B3E7E13063}"}},{"type":"Feature","id":838,"geometry":{"type":"Point","coordinates":[189809.02089999989,1883030.1805000007]},"properties":{"OBJECTID":838,"Asset_ID":"RST838","Name":"مقهى","District_ID":"Salalah al Gharbiyya","Gov_ID":"Dhofar Governorate","Wlyt_ID":"Salalah","Road_ID":"104496","Latitude":17.01054637,"Longitude":54.086740329999998,"GlobalID":"{1FE9F17A-5EC0-4C4F-81FD-FDCA21DA3FCB}"}},{"type":"Feature","id":839,"geometry":{"type":"Point","coordinates":[189986.40099999961,1883023.0206000004]},"properties":{"OBJECTID":839,"Asset_ID":"RST839","Name":"مقهى","District_ID":"Salalah al Gharbiyya","Gov_ID":"Dhofar Governorate","Wlyt_ID":"Salalah","Road_ID":"104496","Latitude":17.010505559999999,"Longitude":54.088405690000002,"GlobalID":"{4961DBF0-64CD-4536-B594-88D116A219F4}"}},{"type":"Feature","id":840,"geometry":{"type":"Point","coordinates":[190108.96349999961,1883038.5577000007]},"properties":{"OBJECTID":840,"Asset_ID":"RST840","Name":"مقهى","District_ID":"Salalah al Gharbiyya","Gov_ID":"Dhofar Governorate","Wlyt_ID":"Salalah","Road_ID":"104496","Latitude":17.010662289999999,"Longitude":54.089553530000003,"GlobalID":"{C622AA3B-32DC-42BA-8F9D-82350A4266CF}"}},{"type":"Feature","id":841,"geometry":{"type":"Point","coordinates":[183986.24349999987,1885351.4180999994]},"properties":{"OBJECTID":841,"Asset_ID":"RST841","Name":"مطعم","District_ID":"New Industrial Area","Gov_ID":"Dhofar Governorate","Wlyt_ID":"Salalah","Road_ID":"105279","Latitude":17.030711029999999,"Longitude":54.031776149999999,"GlobalID":"{E102E48E-208D-4408-83CF-38973D626E21}"}},{"type":"Feature","id":842,"geometry":{"type":"Point","coordinates":[184536.9757000003,1885564.0152000003]},"properties":{"OBJECTID":842,"Asset_ID":"RST842","Name":"مقهى","District_ID":"New Industrial Area","Gov_ID":"Dhofar Governorate","Wlyt_ID":"Salalah","Road_ID":"105234","Latitude":17.032705660000001,"Longitude":54.036913730000002,"GlobalID":"{89BA1B82-E521-4B4E-B3C3-3D9CEAB4E674}"}},{"type":"Feature","id":843,"geometry":{"type":"Point","coordinates":[184731.21719999984,1885664.7467]},"properties":{"OBJECTID":843,"Asset_ID":"RST843","Name":"مطعم","District_ID":"New Industrial Area","Gov_ID":"Dhofar Governorate","Wlyt_ID":"Salalah","Road_ID":"105234","Latitude":17.033641580000001,"Longitude":54.038722110000002,"GlobalID":"{9EED2797-391B-4F60-9271-94655128046A}"}},{"type":"Feature","id":844,"geometry":{"type":"Point","coordinates":[187047.15350000001,1886516.9368999992]},"properties":{"OBJECTID":844,"Asset_ID":"RST844","Name":"Abir Al Ward Tourist Restaurant","District_ID":"New Industrial Area","Gov_ID":"Dhofar Governorate","Wlyt_ID":"Salalah","Road_ID":"105208","Latitude":17.041650430000001,"Longitude":54.060334159999996,"GlobalID":"{A5E6C320-82CA-458F-9EB2-9798336436BC}"}},{"type":"Feature","id":845,"geometry":{"type":"Point","coordinates":[187135.46169999987,1886952.4025999997]},"properties":{"OBJECTID":845,"Asset_ID":"RST845","Name":"مطعم قصر الشام\n","District_ID":"New Industrial Area","Gov_ID":"Dhofar Governorate","Wlyt_ID":"Salalah","Road_ID":"105208","Latitude":17.045593619999998,"Longitude":54.061101379999997,"GlobalID":"{72805FD7-8041-4969-B42A-828EF4E49957}"}},{"type":"Feature","id":846,"geometry":{"type":"Point","coordinates":[183671.56219999958,1885066.3475000001]},"properties":{"OBJECTID":846,"Asset_ID":"RST846","Name":"المأكولات البحرية","District_ID":"Auqad al Shamaliyya","Gov_ID":"Dhofar Governorate","Wlyt_ID":"Salalah","Road_ID":"105645","Latitude":17.028094450000001,"Longitude":54.028863989999998,"GlobalID":"{DF68D9E4-AEE3-4AB4-BBDC-8B268804134A}"}},{"type":"Feature","id":847,"geometry":{"type":"Point","coordinates":[183698.3515999997,1885047.9411999993]},"properties":{"OBJECTID":847,"Asset_ID":"RST847","Name":"مقهى","District_ID":"Auqad al Shamaliyya","Gov_ID":"Dhofar Governorate","Wlyt_ID":"Salalah","Road_ID":"105649","Latitude":17.027931970000001,"Longitude":54.029117990000003,"GlobalID":"{08F0E81C-71E1-4B93-A40F-930D57CA0708}"}},{"type":"Feature","id":848,"geometry":{"type":"Point","coordinates":[185582.88129999954,1886213.4043000005]},"properties":{"OBJECTID":848,"Asset_ID":"RST848","Name":"مطعم","District_ID":"New Industrial Area","Gov_ID":"Dhofar Governorate","Wlyt_ID":"Salalah","Road_ID":"105226","Latitude":17.038710909999999,"Longitude":54.046636110000001,"GlobalID":"{5E2352C3-B10F-4399-AC6B-5B6A7E692E7B}"}},{"type":"Feature","id":849,"geometry":{"type":"Point","coordinates":[185846.71850000042,1885761.7081000004]},"properties":{"OBJECTID":849,"Asset_ID":"RST849","Name":"مطعم","District_ID":"New Industrial Area","Gov_ID":"Dhofar Governorate","Wlyt_ID":"Salalah","Road_ID":"105222","Latitude":17.034669229999999,"Longitude":54.049176000000003,"GlobalID":"{05FC2B52-ADEA-44A4-981F-251539AFA224}"}},{"type":"Feature","id":850,"geometry":{"type":"Point","coordinates":[185721.20280000009,1885695.8834000006]},"properties":{"OBJECTID":850,"Asset_ID":"RST850","Name":"مقهى","District_ID":"New Industrial Area","Gov_ID":"Dhofar Governorate","Wlyt_ID":"Salalah","Road_ID":"105222","Latitude":17.034057879999999,"Longitude":54.048007509999998,"GlobalID":"{92A1167D-DF10-4210-86A3-C068B960A1FD}"}},{"type":"Feature","id":851,"geometry":{"type":"Point","coordinates":[185679.42169999983,1885675.4094999991]},"properties":{"OBJECTID":851,"Asset_ID":"RST851","Name":"مطعم","District_ID":"New Industrial Area","Gov_ID":"Dhofar Governorate","Wlyt_ID":"Salalah","Road_ID":"105222","Latitude":17.033867359999999,"Longitude":54.04761834,"GlobalID":"{3F184EC0-2879-4B4D-BBE9-32EA73EFBAF0}"}},{"type":"Feature","id":852,"geometry":{"type":"Point","coordinates":[185545.97620000038,1885552.4323999994]},"properties":{"OBJECTID":852,"Asset_ID":"RST852","Name":"مطعم","District_ID":"New Industrial Area","Gov_ID":"Dhofar Governorate","Wlyt_ID":"Salalah","Road_ID":"105213","Latitude":17.032738989999999,"Longitude":54.046383550000002,"GlobalID":"{F8A86EF2-3399-4B1A-A7CF-433AC9E3C962}"}},{"type":"Feature","id":853,"geometry":{"type":"Point","coordinates":[185377.78550000023,1885904.9525000006]},"properties":{"OBJECTID":853,"Asset_ID":"RST853","Name":"مطعم","District_ID":"New Industrial Area","Gov_ID":"Dhofar Governorate","Wlyt_ID":"Salalah","Road_ID":"105221","Latitude":17.035898379999999,"Longitude":54.044755270000003,"GlobalID":"{BB4798CD-702B-4AAC-A5B4-638107932A19}"}},{"type":"Feature","id":854,"geometry":{"type":"Point","coordinates":[185851.69770000037,1885508.1597000007]},"properties":{"OBJECTID":854,"Asset_ID":"RST854","Name":"مطعم","District_ID":"New Industrial Area","Gov_ID":"Dhofar Governorate","Wlyt_ID":"Salalah","Road_ID":"105216","Latitude":17.032381010000002,"Longitude":54.049258649999999,"GlobalID":"{5601504C-335C-41E3-9028-EA19D0779AA8}"}},{"type":"Feature","id":855,"geometry":{"type":"Point","coordinates":[185312.36950000003,1885663.2820999995]},"properties":{"OBJECTID":855,"Asset_ID":"RST855","Name":"مقهى","District_ID":"New Industrial Area","Gov_ID":"Dhofar Governorate","Wlyt_ID":"Salalah","Road_ID":"105195","Latitude":17.033707790000001,"Longitude":54.044175709999998,"GlobalID":"{EBE9DE3E-1561-4194-A0DB-F36F831DAE9B}"}},{"type":"Feature","id":856,"geometry":{"type":"Point","coordinates":[185256.71580000035,1885623.4945999999]},"properties":{"OBJECTID":856,"Asset_ID":"RST856","Name":"مطعم","District_ID":"New Industrial Area","Gov_ID":"Dhofar Governorate","Wlyt_ID":"Salalah","Road_ID":"105195","Latitude":17.033341010000001,"Longitude":54.043659120000001,"GlobalID":"{3849C073-EEA5-45B7-A309-DA056DCE8958}"}},{"type":"Feature","id":857,"geometry":{"type":"Point","coordinates":[185307.24670000002,1885534.5134999994]},"properties":{"OBJECTID":857,"Asset_ID":"RST857","Name":"مطعم","District_ID":"New Industrial Area","Gov_ID":"Dhofar Governorate","Wlyt_ID":"Salalah","Road_ID":"105195","Latitude":17.032544640000001,"Longitude":54.044145919999998,"GlobalID":"{8599DF5F-5C91-47DA-ABB0-6C84D970E4A4}"}},{"type":"Feature","id":858,"geometry":{"type":"Point","coordinates":[185329.57820000034,1885476.6713999994]},"properties":{"OBJECTID":858,"Asset_ID":"RST858","Name":"مطعم","District_ID":"New Industrial Area","Gov_ID":"Dhofar Governorate","Wlyt_ID":"Salalah","Road_ID":"105195","Latitude":17.032025520000001,"Longitude":54.044363679999996,"GlobalID":"{DE9B94F5-26EA-4DE5-B252-4765F0C58A9C}"}},{"type":"Feature","id":859,"geometry":{"type":"Point","coordinates":[185077.80109999981,1885642.3499999996]},"properties":{"OBJECTID":859,"Asset_ID":"RST859","Name":"مطعم","District_ID":"New Industrial Area","Gov_ID":"Dhofar Governorate","Wlyt_ID":"Salalah","Road_ID":"105254","Latitude":17.033486790000001,"Longitude":54.041977549999999,"GlobalID":"{AEA8AD6B-B17C-448A-A284-94AA3210B364}"}},{"type":"Feature","id":860,"geometry":{"type":"Point","coordinates":[185258.67370000016,1885391.7081000004]},"properties":{"OBJECTID":860,"Asset_ID":"RST860","Name":"مطعم","District_ID":"New Industrial Area","Gov_ID":"Dhofar Governorate","Wlyt_ID":"Salalah","Road_ID":"105253","Latitude":17.03124884,"Longitude":54.043710390000001,"GlobalID":"{999BE8C1-38AD-4666-96D2-2302C79EF554}"}},{"type":"Feature","id":861,"geometry":{"type":"Point","coordinates":[185260.82340000011,1885385.7474000007]},"properties":{"OBJECTID":861,"Asset_ID":"RST861","Name":"مقهى","District_ID":"New Industrial Area","Gov_ID":"Dhofar Governorate","Wlyt_ID":"Salalah","Road_ID":"105253","Latitude":17.031195329999999,"Longitude":54.043731409999999,"GlobalID":"{7F43D68F-877A-4823-988B-F559132B61E8}"}},{"type":"Feature","id":862,"geometry":{"type":"Point","coordinates":[184498.68090000004,1885532.3215999994]},"properties":{"OBJECTID":862,"Asset_ID":"RST862","Name":"مطعم","District_ID":"New Industrial Area","Gov_ID":"Dhofar Governorate","Wlyt_ID":"Salalah","Road_ID":"105249","Latitude":17.03241431,"Longitude":54.036558900000003,"GlobalID":"{06C13BE6-E825-400D-9AD1-71ABE2E52DBB}"}},{"type":"Feature","id":863,"geometry":{"type":"Point","coordinates":[192893.47259999998,1884485.7230999991]},"properties":{"OBJECTID":863,"Asset_ID":"RST863","Name":"مطعم","District_ID":"al Huseela","Gov_ID":"Dhofar Governorate","Wlyt_ID":"Salalah","Road_ID":"103813","Latitude":17.024099540000002,"Longitude":54.115480720000001,"GlobalID":"{CCBD67BD-8CCB-4E05-AB5B-F030F6F4DB8B}"}},{"type":"Feature","id":864,"geometry":{"type":"Point","coordinates":[192900.83050000016,1884486.0483999997]},"properties":{"OBJECTID":864,"Asset_ID":"RST864","Name":"مقهى","District_ID":"al Huseela","Gov_ID":"Dhofar Governorate","Wlyt_ID":"Salalah","Road_ID":"103813","Latitude":17.024103459999999,"Longitude":54.115549719999997,"GlobalID":"{A4FAD439-02E4-4AB9-BF44-FEFF577D8511}"}},{"type":"Feature","id":865,"geometry":{"type":"Point","coordinates":[193012.6026999997,1884246.2389000002]},"properties":{"OBJECTID":865,"Asset_ID":"RST865","Name":"مطعم","District_ID":"al Huseela","Gov_ID":"Dhofar Governorate","Wlyt_ID":"Salalah","Road_ID":"103816","Latitude":17.02195334,"Longitude":54.116631769999998,"GlobalID":"{49C4AF49-0821-45E5-95EA-D7EDB69A8CC6}"}},{"type":"Feature","id":866,"geometry":{"type":"Point","coordinates":[193101.31269999966,1884249.8310000002]},"properties":{"OBJECTID":866,"Asset_ID":"RST866","Name":"مقهى","District_ID":"al Huseela","Gov_ID":"Dhofar Governorate","Wlyt_ID":"Salalah","Road_ID":"103815","Latitude":17.02199757,"Longitude":54.117463710000003,"GlobalID":"{88D9A791-65AC-4ADA-B9D2-74B52C38D21D}"}},{"type":"Feature","id":867,"geometry":{"type":"Point","coordinates":[193041.81570000015,1884367.8643999994]},"properties":{"OBJECTID":867,"Asset_ID":"RST867","Name":"مطعم","District_ID":"al Huseela","Gov_ID":"Dhofar Governorate","Wlyt_ID":"Salalah","Road_ID":"103814","Latitude":17.02305526,"Longitude":54.116889069999999,"GlobalID":"{1ED26A32-3BC0-43F6-BDDE-F7CAB7C2DFCA}"}},{"type":"Feature","id":868,"geometry":{"type":"Point","coordinates":[193087.67470000032,1884137.9166000001]},"properties":{"OBJECTID":868,"Asset_ID":"RST868","Name":"مطعم","District_ID":"al Huseela","Gov_ID":"Dhofar Governorate","Wlyt_ID":"Salalah","Road_ID":"103981","Latitude":17.02098539,"Longitude":54.117351210000002,"GlobalID":"{A567E3F5-851F-4FD8-AC4B-116D527249AB}"}},{"type":"Feature","id":869,"geometry":{"type":"Point","coordinates":[193333.32749999966,1884133.5809000004]},"properties":{"OBJECTID":869,"Asset_ID":"RST869","Name":"مطعم القطبين","District_ID":"al Huseela","Gov_ID":"Dhofar Governorate","Wlyt_ID":"Salalah","Road_ID":"103824","Latitude":17.020978920000001,"Longitude":54.11965696,"GlobalID":"{C0F77BAD-D1C3-4D01-A04F-F464BCE4CBDA}"}},{"type":"Feature","id":870,"geometry":{"type":"Point","coordinates":[193375.4720999999,1884140.8960999995]},"properties":{"OBJECTID":870,"Asset_ID":"RST870","Name":"مقهى","District_ID":"al Huseela","Gov_ID":"Dhofar Governorate","Wlyt_ID":"Salalah","Road_ID":"103824","Latitude":17.02105057,"Longitude":54.120051429999997,"GlobalID":"{DCA4C797-621D-485F-8F3F-9E8C3BD2FEEE}"}},{"type":"Feature","id":871,"geometry":{"type":"Point","coordinates":[193420.0390999997,1884150.2795000002]},"properties":{"OBJECTID":871,"Asset_ID":"RST871","Name":"I LIKE BURGER SHOP","District_ID":"al Huseela","Gov_ID":"Dhofar Governorate","Wlyt_ID":"Salalah","Road_ID":"103824","Latitude":17.02114121,"Longitude":54.120468340000002,"GlobalID":"{5AF21BF9-4E15-4A3E-97AE-CA28878727F1}"}},{"type":"Feature","id":872,"geometry":{"type":"Point","coordinates":[193434.92690000031,1884153.9008000009]},"properties":{"OBJECTID":872,"Asset_ID":"RST872","Name":"مقهى","District_ID":"al Huseela","Gov_ID":"Dhofar Governorate","Wlyt_ID":"Salalah","Road_ID":"103824","Latitude":17.021175880000001,"Longitude":54.120607540000002,"GlobalID":"{57DAD0FC-FB3B-49E8-9208-58EBD90A3997}"}},{"type":"Feature","id":873,"geometry":{"type":"Point","coordinates":[193508.96380000003,1884167.7827000003]},"properties":{"OBJECTID":873,"Asset_ID":"RST873","Name":"مقهى ","District_ID":"al Huseela","Gov_ID":"Dhofar Governorate","Wlyt_ID":"Salalah","Road_ID":"103866","Latitude":17.021311050000001,"Longitude":54.12130037,"GlobalID":"{5E463D70-A14B-4D28-A499-C53255C9B13C}"}},{"type":"Feature","id":874,"geometry":{"type":"Point","coordinates":[193859.95199999958,1883886.1378000006]},"properties":{"OBJECTID":874,"Asset_ID":"RST874","Name":"مطعم","District_ID":"al Huseela","Gov_ID":"Dhofar Governorate","Wlyt_ID":"Salalah","Road_ID":"103903","Latitude":17.018814949999999,"Longitude":54.124632839999997,"GlobalID":"{BDE42F10-9C66-4F8C-A5A2-DEEAB82B09AB}"}},{"type":"Feature","id":875,"geometry":{"type":"Point","coordinates":[193883.75829999987,1883889.8003000002]},"properties":{"OBJECTID":875,"Asset_ID":"RST875","Name":"مطعم","District_ID":"al Huseela","Gov_ID":"Dhofar Governorate","Wlyt_ID":"Salalah","Road_ID":"103903","Latitude":17.018851179999999,"Longitude":54.12485573,"GlobalID":"{F3BE35E6-2630-46A8-9C45-C22AD18D92EC}"}},{"type":"Feature","id":876,"geometry":{"type":"Point","coordinates":[193846.6754999999,1883988.2300000004]},"properties":{"OBJECTID":876,"Asset_ID":"RST876","Name":"مطعم","District_ID":"al Huseela","Gov_ID":"Dhofar Governorate","Wlyt_ID":"Salalah","Road_ID":"103900","Latitude":17.019734889999999,"Longitude":54.124494179999999,"GlobalID":"{496DBF50-9884-43E0-9907-C859C89AEEF3}"}},{"type":"Feature","id":877,"geometry":{"type":"Point","coordinates":[193483.48849999998,1883759.7753999997]},"properties":{"OBJECTID":877,"Asset_ID":"RST877","Name":"مطعم","District_ID":"al Huseela","Gov_ID":"Dhofar Governorate","Wlyt_ID":"Salalah","Road_ID":"103824","Latitude":17.01762415,"Longitude":54.121117669999997,"GlobalID":"{025F0A44-51AF-4F7A-B433-CE65D2A151FC}"}},{"type":"Feature","id":878,"geometry":{"type":"Point","coordinates":[193475.64719999954,1883731.1826000009]},"properties":{"OBJECTID":878,"Asset_ID":"RST878","Name":"روب رمان و تيزكيك","District_ID":"al Huseela","Gov_ID":"Dhofar Governorate","Wlyt_ID":"Salalah","Road_ID":"103824","Latitude":17.017364969999999,"Longitude":54.121048039999998,"GlobalID":"{ABB6AFA6-AC24-4315-A954-6E7343417ECB}"}},{"type":"Feature","id":879,"geometry":{"type":"Point","coordinates":[193479.38119999971,1883732.3414999992]},"properties":{"OBJECTID":879,"Asset_ID":"RST879","Name":"Taste Me","District_ID":"al Huseela","Gov_ID":"Dhofar Governorate","Wlyt_ID":"Salalah","Road_ID":"103824","Latitude":17.01737593,"Longitude":54.121082919999999,"GlobalID":"{1100EAEE-F8D9-4580-92C8-A5870F5BABE4}"}},{"type":"Feature","id":880,"geometry":{"type":"Point","coordinates":[193511.1540000001,1883741.4782999996]},"properties":{"OBJECTID":880,"Asset_ID":"RST880","Name":"مطعم","District_ID":"al Huseela","Gov_ID":"Dhofar Governorate","Wlyt_ID":"Salalah","Road_ID":"103824","Latitude":17.017462640000002,"Longitude":54.1213798,"GlobalID":"{28D80068-915D-4218-97E1-CCFC52904372}"}},{"type":"Feature","id":881,"geometry":{"type":"Point","coordinates":[193543.45720000006,1883750.4605999999]},"properties":{"OBJECTID":881,"Asset_ID":"RST881","Name":"نكهة كرك","District_ID":"al Huseela","Gov_ID":"Dhofar Governorate","Wlyt_ID":"Salalah","Road_ID":"103835","Latitude":17.01754802,"Longitude":54.121681680000002,"GlobalID":"{46E3E4E1-AB22-4DAF-A5E0-9D60DEB59E47}"}},{"type":"Feature","id":882,"geometry":{"type":"Point","coordinates":[193609.15490000043,1883798.0009000003]},"properties":{"OBJECTID":882,"Asset_ID":"RST882","Name":"restaurant wadi al laymoon\n","District_ID":"al Huseela","Gov_ID":"Dhofar Governorate","Wlyt_ID":"Salalah","Road_ID":"103824","Latitude":17.01798595,"Longitude":54.122291599999997,"GlobalID":"{EA8F3CC2-1E0B-43D1-BF11-DE3DEB41F270}"}},{"type":"Feature","id":883,"geometry":{"type":"Point","coordinates":[193691.44849999994,1883825.9497999996]},"properties":{"OBJECTID":883,"Asset_ID":"RST883","Name":"محل سناكات\n","District_ID":"al Huseela","Gov_ID":"Dhofar Governorate","Wlyt_ID":"Salalah","Road_ID":"103824","Latitude":17.0182492,"Longitude":54.123059959999999,"GlobalID":"{058C9FF6-3980-4DEC-BC78-334DCF609241}"}},{"type":"Feature","id":884,"geometry":{"type":"Point","coordinates":[193712.14269999973,1883829.6528999992]},"properties":{"OBJECTID":884,"Asset_ID":"RST884","Name":"مقهى","District_ID":"al Huseela","Gov_ID":"Dhofar Governorate","Wlyt_ID":"Salalah","Road_ID":"103824","Latitude":17.018285379999998,"Longitude":54.123253640000001,"GlobalID":"{00977537-A3BB-4BB1-BADA-880B256BC628}"}},{"type":"Feature","id":885,"geometry":{"type":"Point","coordinates":[193887.74870000035,1883866.9703000002]},"properties":{"OBJECTID":885,"Asset_ID":"RST885","Name":"مقهى","District_ID":"al Huseela","Gov_ID":"Dhofar Governorate","Wlyt_ID":"Salalah","Road_ID":"103824","Latitude":17.018645589999998,"Longitude":54.124896319999998,"GlobalID":"{D7174D9D-BC3A-442D-9E2E-102000BC7A90}"}},{"type":"Feature","id":886,"geometry":{"type":"Point","coordinates":[193861.84590000007,1883866.4045000002]},"properties":{"OBJECTID":886,"Asset_ID":"RST886","Name":"مطعم غصن ظفار","District_ID":"al Huseela","Gov_ID":"Dhofar Governorate","Wlyt_ID":"Salalah","Road_ID":"103824","Latitude":17.018637049999999,"Longitude":54.124653340000002,"GlobalID":"{A277F2A4-250E-4196-926D-7FDD9D319AFA}"}},{"type":"Feature","id":887,"geometry":{"type":"Point","coordinates":[193901.51219999976,1883839.2120999992]},"properties":{"OBJECTID":887,"Asset_ID":"RST887","Name":"مطعم","District_ID":"al Huseela","Gov_ID":"Dhofar Governorate","Wlyt_ID":"Salalah","Road_ID":"103922","Latitude":17.01839682,"Longitude":54.125029310000002,"GlobalID":"{D3013B15-6B1B-4CF1-8C64-5997B099BD7D}"}},{"type":"Feature","id":888,"geometry":{"type":"Point","coordinates":[193955.61789999995,1883837.4838999994]},"properties":{"OBJECTID":888,"Asset_ID":"RST888","Name":"مقهى","District_ID":"al Huseela","Gov_ID":"Dhofar Governorate","Wlyt_ID":"Salalah","Road_ID":"103824","Latitude":17.018388389999998,"Longitude":54.125537260000002,"GlobalID":"{C7CC64DF-2975-4FAE-9318-B718D0A53419}"}},{"type":"Feature","id":889,"geometry":{"type":"Point","coordinates":[194001.59229999967,1883843.1423000004]},"properties":{"OBJECTID":889,"Asset_ID":"RST889","Name":"مطعم قصر الغنائم","District_ID":"al Huseela","Gov_ID":"Dhofar Governorate","Wlyt_ID":"Salalah","Road_ID":"103824","Latitude":17.018445580000002,"Longitude":54.125967889999998,"GlobalID":"{707E0F64-253B-4E41-AC8F-9B88F2AFAFF2}"}},{"type":"Feature","id":890,"geometry":{"type":"Point","coordinates":[194184.11560000014,1883922.8204999994]},"properties":{"OBJECTID":890,"Asset_ID":"RST890","Name":"مقهى و معصرة فواكه","District_ID":"al Huseela","Gov_ID":"Dhofar Governorate","Wlyt_ID":"Salalah","Road_ID":"103824","Latitude":17.019189130000001,"Longitude":54.127669650000001,"GlobalID":"{91FC2940-DAA7-4B2F-B7CD-28C81C3BECA9}"}},{"type":"Feature","id":891,"geometry":{"type":"Point","coordinates":[194294.97630000021,1883929.0370000005]},"properties":{"OBJECTID":891,"Asset_ID":"RST891","Name":"مطعم","District_ID":"al Huseela","Gov_ID":"Dhofar Governorate","Wlyt_ID":"Salalah","Road_ID":"103824","Latitude":17.019259949999999,"Longitude":54.128709090000001,"GlobalID":"{5235DCD9-37BB-4067-BD9A-8D4DCE579F66}"}},{"type":"Feature","id":892,"geometry":{"type":"Point","coordinates":[194172.88229999971,1884021.8418000005]},"properties":{"OBJECTID":892,"Asset_ID":"RST892","Name":"مقهى","District_ID":"al Huseela","Gov_ID":"Dhofar Governorate","Wlyt_ID":"Salalah","Road_ID":"103887","Latitude":17.020081609999998,"Longitude":54.127550599999999,"GlobalID":"{31BD2283-C04B-478B-A21D-F78C92E37F2C}"}},{"type":"Feature","id":893,"geometry":{"type":"Point","coordinates":[194178.81520000007,1884152.5233999994]},"properties":{"OBJECTID":893,"Asset_ID":"RST893","Name":"المقاهي","District_ID":"al Huseela","Gov_ID":"Dhofar Governorate","Wlyt_ID":"Salalah","Road_ID":"103884","Latitude":17.02126221,"Longitude":54.127588260000003,"GlobalID":"{1258CED1-FEEE-4CB6-961B-493275D84A19}"}},{"type":"Feature","id":894,"geometry":{"type":"Point","coordinates":[194261.65660000034,1884156.4878000002]},"properties":{"OBJECTID":894,"Asset_ID":"RST894","Name":"مقهى","District_ID":"al Huseela","Gov_ID":"Dhofar Governorate","Wlyt_ID":"Salalah","Road_ID":"103867","Latitude":17.021308980000001,"Longitude":54.128365090000003,"GlobalID":"{A100059E-157F-404C-B14D-9B4BA1CE1C54}"}},{"type":"Feature","id":895,"geometry":{"type":"Point","coordinates":[194285.44280000031,1884176.4463]},"properties":{"OBJECTID":895,"Asset_ID":"RST895","Name":"مقهى","District_ID":"al Huseela","Gov_ID":"Dhofar Governorate","Wlyt_ID":"Salalah","Road_ID":"103867","Latitude":17.02149232,"Longitude":54.128585540000003,"GlobalID":"{E61CE0FF-36E3-469A-A64D-EA96E600DF99}"}},{"type":"Feature","id":896,"geometry":{"type":"Point","coordinates":[194614.12000000011,1882255.7827000003]},"properties":{"OBJECTID":896,"Asset_ID":"RST896","Name":"Rovana Cafe & Restaurant\n","District_ID":"al Baleed","Gov_ID":"Dhofar Governorate","Wlyt_ID":"Salalah","Road_ID":"103769","Latitude":17.00419583,"Longitude":54.131934010000002,"GlobalID":"{5A10D4F9-5876-4E01-8C46-56DB43BAE6A5}"}},{"type":"Feature","id":897,"geometry":{"type":"Point","coordinates":[194727.12700000033,1882275.9538000003]},"properties":{"OBJECTID":897,"Asset_ID":"RST897","Name":"Lantana Caffe & Dolci\n","District_ID":"al Baleed","Gov_ID":"Dhofar Governorate","Wlyt_ID":"Salalah","Road_ID":"100002","Latitude":17.004392880000001,"Longitude":54.132991590000003,"GlobalID":"{CC28BD38-39D3-4350-924D-73566EAC55C8}"}},{"type":"Feature","id":898,"geometry":{"type":"Point","coordinates":[194839.22030000016,1882296.0181000009]},"properties":{"OBJECTID":898,"Asset_ID":"RST898","Name":"Walif وليف\n","District_ID":"al Baleed","Gov_ID":"Dhofar Governorate","Wlyt_ID":"Salalah","Road_ID":"100002","Latitude":17.004588850000001,"Longitude":54.13404062,"GlobalID":"{2231A407-30D5-499F-9E05-089E45F92131}"}},{"type":"Feature","id":899,"geometry":{"type":"Point","coordinates":[197315.42619999964,1891059.5651999991]},"properties":{"OBJECTID":899,"Asset_ID":"RST899","Name":"عز الشاي","District_ID":"al Sada al Shamaliyya","Gov_ID":"Dhofar Governorate","Wlyt_ID":"Salalah","Road_ID":"100003","Latitude":17.084034920000001,"Longitude":54.156077959999998,"GlobalID":"{64EB366D-9958-4C96-959F-39564FA426C1}"}},{"type":"Feature","id":900,"geometry":{"type":"Point","coordinates":[197319.10419999994,1891056.3115999997]},"properties":{"OBJECTID":900,"Asset_ID":"RST900","Name":"مانجو هت","District_ID":"al Sada al Shamaliyya","Gov_ID":"Dhofar Governorate","Wlyt_ID":"Salalah","Road_ID":"100003","Latitude":17.084006030000001,"Longitude":54.15611294,"GlobalID":"{194D8C1B-DEE4-4BC2-8331-DFF87E745D5D}"}},{"type":"Feature","id":901,"geometry":{"type":"Point","coordinates":[197735.30379999988,1890371.8550000004]},"properties":{"OBJECTID":901,"Asset_ID":"RST901","Name":"مطعم يوسف","District_ID":"al Sada al Shamaliyya","Gov_ID":"Dhofar Governorate","Wlyt_ID":"Salalah","Road_ID":"102471","Latitude":17.077881340000001,"Longitude":54.160113520000003,"GlobalID":"{682DD60C-41C8-422F-8D5D-5513A984C069}"}},{"type":"Feature","id":902,"geometry":{"type":"Point","coordinates":[197687.13470000029,1890349.9936999995]},"properties":{"OBJECTID":902,"Asset_ID":"RST902","Name":"باشن رمان","District_ID":"al Sada al Shamaliyya","Gov_ID":"Dhofar Governorate","Wlyt_ID":"Salalah","Road_ID":"102471","Latitude":17.077677640000001,"Longitude":54.15966435,"GlobalID":"{9F51E2A9-FA7E-462C-AB62-2661E71ECB98}"}},{"type":"Feature","id":903,"geometry":{"type":"Point","coordinates":[197632.19230000023,1890362.1470999997]},"properties":{"OBJECTID":903,"Asset_ID":"RST903","Name":"Noor Al Deera Restaurant Saada\n","District_ID":"al Sada al Shamaliyya","Gov_ID":"Dhofar Governorate","Wlyt_ID":"Salalah","Road_ID":"102472","Latitude":17.077780130000001,"Longitude":54.15914695,"GlobalID":"{D3568D83-F882-4EA7-8B7E-E37C119A8016}"}},{"type":"Feature","id":904,"geometry":{"type":"Point","coordinates":[197627.96169999987,1890378.8511999995]},"properties":{"OBJECTID":904,"Asset_ID":"RST904","Name":"مطعم","District_ID":"al Sada al Shamaliyya","Gov_ID":"Dhofar Governorate","Wlyt_ID":"Salalah","Road_ID":"102647","Latitude":17.077930389999999,"Longitude":54.15910495,"GlobalID":"{87ABAC9B-981E-4C36-99B9-803D1CCF5CEE}"}},{"type":"Feature","id":905,"geometry":{"type":"Point","coordinates":[197644.76070000045,1890282.4680000003]},"properties":{"OBJECTID":905,"Asset_ID":"RST905","Name":"Al Rayan Palace Restaurant","District_ID":"al Sada al Shamaliyya","Gov_ID":"Dhofar Governorate","Wlyt_ID":"Salalah","Road_ID":"102603","Latitude":17.077062420000001,"Longitude":54.159275829999999,"GlobalID":"{E8114047-12D0-45B1-8F34-D295C996C918}"}},{"type":"Feature","id":906,"geometry":{"type":"Point","coordinates":[196664.46750000026,1892289.1708000004]},"properties":{"OBJECTID":906,"Asset_ID":"RST906","Name":"اسطنبول جاردينيا","District_ID":"al Sada al Shamaliyya","Gov_ID":"Dhofar Governorate","Wlyt_ID":"Salalah","Road_ID":"102557","Latitude":17.095050220000001,"Longitude":54.149798400000002,"GlobalID":"{01A6B5E8-F184-4141-8BBE-EB92C6C32E8F}"}},{"type":"Feature","id":907,"geometry":{"type":"Point","coordinates":[196982.19089999981,1892347.2478999998]},"properties":{"OBJECTID":907,"Asset_ID":"RST907","Name":"مقهى","District_ID":"al Sada al Shamaliyya","Gov_ID":"Dhofar Governorate","Wlyt_ID":"Salalah","Road_ID":"102654","Latitude":17.095616509999999,"Longitude":54.152773140000001,"GlobalID":"{8E17B95D-9E3C-4067-84DC-F466DD95E158}"}},{"type":"Feature","id":908,"geometry":{"type":"Point","coordinates":[197266.21079999954,1891953.2839000002]},"properties":{"OBJECTID":908,"Asset_ID":"RST908","Name":"مقهى","District_ID":"al Sada al Shamaliyya","Gov_ID":"Dhofar Governorate","Wlyt_ID":"Salalah","Road_ID":"102547","Latitude":17.092097169999999,"Longitude":54.155493479999997,"GlobalID":"{556443AE-2BA0-4CC7-9091-993F53B8D871}"}},{"type":"Feature","id":909,"geometry":{"type":"Point","coordinates":[197167.18879999965,1891587.0901999995]},"properties":{"OBJECTID":909,"Asset_ID":"RST909","Name":"مقهى","District_ID":"al Sada al Shamaliyya","Gov_ID":"Dhofar Governorate","Wlyt_ID":"Salalah","Road_ID":"102572","Latitude":17.088778019999999,"Longitude":54.154614109999997,"GlobalID":"{13793139-5E90-4CA2-9EFD-0E887F5EDE74}"}},{"type":"Feature","id":910,"geometry":{"type":"Point","coordinates":[197354.50109999999,1890045.9206000008]},"properties":{"OBJECTID":910,"Asset_ID":"RST910","Name":"مطعم ارض اللبان","District_ID":"al Sada al Shamaliyya","Gov_ID":"Dhofar Governorate","Wlyt_ID":"Salalah","Road_ID":"102607","Latitude":17.074888600000001,"Longitude":54.156583570000002,"GlobalID":"{7E0892F7-25F4-430C-9FF2-FFF2728A00D1}"}},{"type":"Feature","id":911,"geometry":{"type":"Point","coordinates":[196561.27440000046,1889588.5512000006]},"properties":{"OBJECTID":911,"Asset_ID":"RST911","Name":"مقهى ","District_ID":"al Sada al Shamaliyya","Gov_ID":"Dhofar Governorate","Wlyt_ID":"Salalah","Road_ID":"102500","Latitude":17.070654780000002,"Longitude":54.149200520000001,"GlobalID":"{A006541C-30D4-417E-8E2E-81EEE985E20A}"}},{"type":"Feature","id":912,"geometry":{"type":"Point","coordinates":[196561.64499999955,1889593.5534000006]},"properties":{"OBJECTID":912,"Asset_ID":"RST912","Name":"مطعم","District_ID":"al Sada al Shamaliyya","Gov_ID":"Dhofar Governorate","Wlyt_ID":"Salalah","Road_ID":"102500","Latitude":17.070699990000001,"Longitude":54.149203309999997,"GlobalID":"{50C06013-1785-4EB1-9502-67443D7703FB}"}},{"type":"Feature","id":913,"geometry":{"type":"Point","coordinates":[196567.43269999977,1889657.1292000003]},"properties":{"OBJECTID":913,"Asset_ID":"RST913","Name":"مطعم إبحار","District_ID":"al Sada al Shamaliyya","Gov_ID":"Dhofar Governorate","Wlyt_ID":"Salalah","Road_ID":"102500","Latitude":17.071274729999999,"Longitude":54.149248909999997,"GlobalID":"{BF157638-308B-4720-B489-E348639C7756}"}},{"type":"Feature","id":914,"geometry":{"type":"Point","coordinates":[196676.63570000045,1889797.3976000007]},"properties":{"OBJECTID":914,"Asset_ID":"RST914","Name":"شاوارما","District_ID":"al Sada al Shamaliyya","Gov_ID":"Dhofar Governorate","Wlyt_ID":"Salalah","Road_ID":"102509","Latitude":17.072555520000002,"Longitude":54.150254709999999,"GlobalID":"{23A1E5CB-8CBF-4072-A310-6C8E11B3F9A2}"}},{"type":"Feature","id":915,"geometry":{"type":"Point","coordinates":[197201.96059999987,1890696.9594000001]},"properties":{"OBJECTID":915,"Asset_ID":"RST915","Name":"مطعم النمارق الزرقاء","District_ID":"al Sada al Shamaliyya","Gov_ID":"Dhofar Governorate","Wlyt_ID":"Salalah","Road_ID":"102601","Latitude":17.080746260000002,"Longitude":54.155062520000001,"GlobalID":"{38B1792D-AF06-4EDB-8F17-ABD3C5133205}"}},{"type":"Feature","id":916,"geometry":{"type":"Point","coordinates":[197115.63599999994,1890789.6756999996]},"properties":{"OBJECTID":916,"Asset_ID":"RST916","Name":"مطعم","District_ID":"al Sada al Shamaliyya","Gov_ID":"Dhofar Governorate","Wlyt_ID":"Salalah","Road_ID":"102601","Latitude":17.081571950000001,"Longitude":54.154239480000001,"GlobalID":"{7A9DDF96-9CE0-4056-ABFA-5D9248FD1BAA}"}},{"type":"Feature","id":917,"geometry":{"type":"Point","coordinates":[197095.21050000004,1890796.8325999994]},"properties":{"OBJECTID":917,"Asset_ID":"RST917","Name":"مطعم","District_ID":"al Sada al Shamaliyya","Gov_ID":"Dhofar Governorate","Wlyt_ID":"Salalah","Road_ID":"102601","Latitude":17.081633879999998,"Longitude":54.15404676,"GlobalID":"{A0399EB9-ADD3-449E-B6A4-4C5B96248989}"}},{"type":"Feature","id":918,"geometry":{"type":"Point","coordinates":[197077.35639999993,1890775.4258999992]},"properties":{"OBJECTID":918,"Asset_ID":"RST918","Name":"مقهى","District_ID":"al Sada al Shamaliyya","Gov_ID":"Dhofar Governorate","Wlyt_ID":"Salalah","Road_ID":"102616","Latitude":17.081438259999999,"Longitude":54.153882099999997,"GlobalID":"{10423435-8E38-4A55-8D93-030B337D93F8}"}},{"type":"Feature","id":919,"geometry":{"type":"Point","coordinates":[196091.20330000017,1892039.3417000007]},"properties":{"OBJECTID":919,"Asset_ID":"RST919","Name":"مطعم","District_ID":"Salalah Wellfield","Gov_ID":"Dhofar Governorate","Wlyt_ID":"Salalah","Road_ID":"100530","Latitude":17.092718900000001,"Longitude":54.144451150000002,"GlobalID":"{AB24A773-C7F8-4B01-B634-D9B949C5EAA4}"}},{"type":"Feature","id":920,"geometry":{"type":"Point","coordinates":[196106.98429999966,1892008.2942999993]},"properties":{"OBJECTID":920,"Asset_ID":"RST920","Name":"مطعم","District_ID":"Salalah Wellfield","Gov_ID":"Dhofar Governorate","Wlyt_ID":"Salalah","Road_ID":"100530","Latitude":17.092440679999999,"Longitude":54.144603570000001,"GlobalID":"{BD3533AE-3985-4EFB-A5DE-591E2407E1E7}"}},{"type":"Feature","id":921,"geometry":{"type":"Point","coordinates":[196143.42760000005,1892041.4953000005]},"properties":{"OBJECTID":921,"Asset_ID":"RST921","Name":"فطائر الجزيرة السعادة","District_ID":"Salalah Wellfield","Gov_ID":"Dhofar Governorate","Wlyt_ID":"Salalah","Road_ID":"100530","Latitude":17.09274525,"Longitude":54.144941109999998,"GlobalID":"{CBC67D75-5092-4D63-B3B9-74109E00EEB8}"}},{"type":"Feature","id":922,"geometry":{"type":"Point","coordinates":[197847.17399999965,1891220.9890000001]},"properties":{"OBJECTID":922,"Asset_ID":"RST922","Name":"crispy ","District_ID":"al Sada al Shamaliyya","Gov_ID":"Dhofar Governorate","Wlyt_ID":"Salalah","Road_ID":"102559","Latitude":17.08556231,"Longitude":54.161047539999998,"GlobalID":"{039A85DC-36C7-42B1-A396-55D2D77A2808}"}},{"type":"Feature","id":923,"geometry":{"type":"Point","coordinates":[197823.43219999969,1891213.8230000008]},"properties":{"OBJECTID":923,"Asset_ID":"RST923","Name":"فطائر خط الشام\n","District_ID":"al Sada al Shamaliyya","Gov_ID":"Dhofar Governorate","Wlyt_ID":"Salalah","Road_ID":"102559","Latitude":17.085494489999999,"Longitude":54.16082565,"GlobalID":"{51C99AB6-D80C-4B7D-A2B7-A3D008694FA2}"}},{"type":"Feature","id":924,"geometry":{"type":"Point","coordinates":[197803.59680000041,1891207.2112000007]},"properties":{"OBJECTID":924,"Asset_ID":"RST924","Name":"الشاي التركي","District_ID":"al Sada al Shamaliyya","Gov_ID":"Dhofar Governorate","Wlyt_ID":"Salalah","Road_ID":"102559","Latitude":17.085432180000002,"Longitude":54.160640350000001,"GlobalID":"{9B45B264-9E44-4026-8A76-2D9D664AE633}"}},{"type":"Feature","id":925,"geometry":{"type":"Point","coordinates":[197779.12559999991,1891199.3074999992]},"properties":{"OBJECTID":925,"Asset_ID":"RST925","Name":"مطعم خريف السعادة","District_ID":"al Sada al Shamaliyya","Gov_ID":"Dhofar Governorate","Wlyt_ID":"Salalah","Road_ID":"102559","Latitude":17.085357609999999,"Longitude":54.160411709999998,"GlobalID":"{F3C40CAD-7FDE-40D5-847B-792DEB8337E2}"}},{"type":"Feature","id":926,"geometry":{"type":"Point","coordinates":[197769.28399999999,1891249.1096000001]},"properties":{"OBJECTID":926,"Asset_ID":"RST926","Name":"مطعم","District_ID":"al Sada al Shamaliyya","Gov_ID":"Dhofar Governorate","Wlyt_ID":"Salalah","Road_ID":"102560","Latitude":17.08580594,"Longitude":54.160312509999997,"GlobalID":"{DD2903A1-40BA-4154-8FB1-5FD87E002166}"}},{"type":"Feature","id":927,"geometry":{"type":"Point","coordinates":[197318.9813000001,1891985.5449999999]},"properties":{"OBJECTID":927,"Asset_ID":"RST927","Name":"كوخ الشاي","District_ID":"al Sada al Shamaliyya","Gov_ID":"Dhofar Governorate","Wlyt_ID":"Salalah","Road_ID":"102558","Latitude":17.09239539,"Longitude":54.155984449999998,"GlobalID":"{46381289-9C09-4440-AF95-7D5669B7B0C8}"}},{"type":"Feature","id":928,"geometry":{"type":"Point","coordinates":[197321.57529999968,1891977.8493000008]},"properties":{"OBJECTID":928,"Asset_ID":"RST928","Name":"مطعم و مطبخ تقليدي","District_ID":"al Sada al Shamaliyya","Gov_ID":"Dhofar Governorate","Wlyt_ID":"Salalah","Road_ID":"102558","Latitude":17.092326249999999,"Longitude":54.156009849999997,"GlobalID":"{0A5D6414-71BA-4A79-B22E-6321820F8FFE}"}},{"type":"Feature","id":929,"geometry":{"type":"Point","coordinates":[197289.18319999985,1891958.2703000009]},"properties":{"OBJECTID":929,"Asset_ID":"RST929","Name":"مطعم","District_ID":"al Sada al Shamaliyya","Gov_ID":"Dhofar Governorate","Wlyt_ID":"Salalah","Road_ID":"102547","Latitude":17.092145219999999,"Longitude":54.155708449999999,"GlobalID":"{CF4DF6D4-8677-456A-9A12-5A9312EDBD06}"}},{"type":"Feature","id":930,"geometry":{"type":"Point","coordinates":[197331.97360000014,1891930.6130999997]},"properties":{"OBJECTID":930,"Asset_ID":"RST930","Name":"مطعم اتش بارك","District_ID":"al Sada al Shamaliyya","Gov_ID":"Dhofar Governorate","Wlyt_ID":"Salalah","Road_ID":"102542","Latitude":17.091901159999999,"Longitude":54.156113939999997,"GlobalID":"{788C9CA1-93A5-4EDD-9691-D81C43A2417E}"}},{"type":"Feature","id":931,"geometry":{"type":"Point","coordinates":[198540.54000000004,1892874.9648000002]},"properties":{"OBJECTID":931,"Asset_ID":"RST931","Name":"مطعم توباز الملكي","District_ID":"Sahalnout al Shamaliyya","Gov_ID":"Dhofar Governorate","Wlyt_ID":"Salalah","Road_ID":"102658","Latitude":17.100586100000001,"Longitude":54.167330620000001,"GlobalID":"{79F1C8CA-A9E9-423D-B212-7210AD82205D}"}},{"type":"Feature","id":932,"geometry":{"type":"Point","coordinates":[198766.52969999984,1892976.5909000002]},"properties":{"OBJECTID":932,"Asset_ID":"RST932","Name":"الشاي التركي","District_ID":"Sahalnout al Shamaliyya","Gov_ID":"Dhofar Governorate","Wlyt_ID":"Salalah","Road_ID":"102656","Latitude":17.101533289999999,"Longitude":54.169438380000003,"GlobalID":"{4B4FE3E4-AA70-4D6E-A692-4179A366F758}"}},{"type":"Feature","id":933,"geometry":{"type":"Point","coordinates":[198767.61259999964,1892861.6245000008]},"properties":{"OBJECTID":933,"Asset_ID":"RST933","Name":"مقهى","District_ID":"Sahalnout al Shamaliyya","Gov_ID":"Dhofar Governorate","Wlyt_ID":"Salalah","Road_ID":"102656","Latitude":17.100495469999998,"Longitude":54.169464240000003,"GlobalID":"{E405409D-3A4A-4345-80AB-622AA6D8C049}"}},{"type":"Feature","id":934,"geometry":{"type":"Point","coordinates":[200576.90730000008,1891790.2349999994]},"properties":{"OBJECTID":934,"Asset_ID":"RST934","Name":"نومورا","District_ID":"Sahalnout al Shamaliyya","Gov_ID":"Dhofar Governorate","Wlyt_ID":"Salalah","Road_ID":"102922","Latitude":17.0910592,"Longitude":54.186595650000001,"GlobalID":"{965DC7A8-2291-4608-AA72-6CF0AAB45306}"}},{"type":"Feature","id":935,"geometry":{"type":"Point","coordinates":[200157.8097000001,1892122.0885000005]},"properties":{"OBJECTID":935,"Asset_ID":"RST935","Name":"مطعم و مقهى الحارة","District_ID":"Sahalnout al Shamaliyya","Gov_ID":"Dhofar Governorate","Wlyt_ID":"Salalah","Road_ID":"102706","Latitude":17.094000650000002,"Longitude":54.182616179999997,"GlobalID":"{6103036A-ACEF-4633-88E9-4CD408016718}"}},{"type":"Feature","id":936,"geometry":{"type":"Point","coordinates":[198790.85049999971,1892241.9471000005]},"properties":{"OBJECTID":936,"Asset_ID":"RST936","Name":"مقهى","District_ID":"Sahalnout al Shamaliyya","Gov_ID":"Dhofar Governorate","Wlyt_ID":"Salalah","Road_ID":"102915","Latitude":17.094903840000001,"Longitude":54.169766959999997,"GlobalID":"{FFBB8A19-AF02-4293-897B-6B41818908BE}"}},{"type":"Feature","id":937,"geometry":{"type":"Point","coordinates":[198552.54220000003,1892185.5810000002]},"properties":{"OBJECTID":937,"Asset_ID":"RST937","Name":"مقهى","District_ID":"Sahalnout al Shamaliyya","Gov_ID":"Dhofar Governorate","Wlyt_ID":"Salalah","Road_ID":"102667","Latitude":17.09436367,"Longitude":54.167537439999997,"GlobalID":"{A0196AE3-1E15-4B74-9E21-4BAFE0365FD6}"}},{"type":"Feature","id":938,"geometry":{"type":"Point","coordinates":[198679.36629999988,1892866.7431000005]},"properties":{"OBJECTID":938,"Asset_ID":"RST938","Name":"مطعم","District_ID":"Sahalnout al Shamaliyya","Gov_ID":"Dhofar Governorate","Wlyt_ID":"Salalah","Road_ID":"102892","Latitude":17.1005301,"Longitude":54.168635070000001,"GlobalID":"{05FB9D31-5779-4D30-BC0F-6CD188808C79}"}},{"type":"Feature","id":939,"geometry":{"type":"Point","coordinates":[201490.45550000016,1892876.2696000002]},"properties":{"OBJECTID":939,"Asset_ID":"RST939","Name":"مقهى","District_ID":"Sahalnout al Shamaliyya","Gov_ID":"Dhofar Governorate","Wlyt_ID":"Salalah","Road_ID":"102822","Latitude":17.100983490000001,"Longitude":54.195025080000001,"GlobalID":"{CBEFF628-6781-460F-8B32-A6BFBC2598EC}"}},{"type":"Feature","id":940,"geometry":{"type":"Point","coordinates":[181212.53050000034,1882782.6294999998]},"properties":{"OBJECTID":940,"Asset_ID":"RST940","Name":"مطعم","District_ID":"Auqad al Shamaliyya","Gov_ID":"Dhofar Governorate","Wlyt_ID":"Salalah","Road_ID":"105725","Latitude":17.007140339999999,"Longitude":54.006118229999998,"GlobalID":"{74EEB056-405D-4973-B34B-91CF5CAF4E78}"}},{"type":"Feature","id":941,"geometry":{"type":"Point","coordinates":[181488.99519999977,1881830.7138999999]},"properties":{"OBJECTID":941,"Asset_ID":"RST941","Name":"وقت الشاي","District_ID":"Auqad al Shamaliyya","Gov_ID":"Dhofar Governorate","Wlyt_ID":"Salalah","Road_ID":"105725","Latitude":16.9985854,"Longitude":54.008848530000002,"GlobalID":"{3F73FAB8-E3FC-4125-8863-AF9FD5F248CE}"}},{"type":"Feature","id":942,"geometry":{"type":"Point","coordinates":[181485.3415000001,1881843.1366000008]},"properties":{"OBJECTID":942,"Asset_ID":"RST942","Name":"جوس باسكت","District_ID":"Auqad al Shamaliyya","Gov_ID":"Dhofar Governorate","Wlyt_ID":"Salalah","Road_ID":"105725","Latitude":16.99869704,"Longitude":54.008812470000002,"GlobalID":"{AD017237-9657-46DC-B573-D2FDF30782DC}"}},{"type":"Feature","id":943,"geometry":{"type":"Point","coordinates":[180904.26379999984,1882917.2130999994]},"properties":{"OBJECTID":943,"Asset_ID":"RST943","Name":"مطعم","District_ID":"Auqad al Shamaliyya","Gov_ID":"Dhofar Governorate","Wlyt_ID":"Salalah","Road_ID":"105868","Latitude":17.008312650000001,"Longitude":54.0032067,"GlobalID":"{9EC678E6-3C42-42BC-AF18-DE924FBF8AFF}"}},{"type":"Feature","id":944,"geometry":{"type":"Point","coordinates":[182847.11479999963,1882908.7388000004]},"properties":{"OBJECTID":944,"Asset_ID":"RST944","Name":"مطعم برج صلالة","District_ID":"Auqad al Shamaliyya","Gov_ID":"Dhofar Governorate","Wlyt_ID":"Salalah","Road_ID":"105791","Latitude":17.008503910000002,"Longitude":54.02143624,"GlobalID":"{73AED9B2-1914-47DC-A1F9-AF25D40DB1C5}"}},{"type":"Feature","id":945,"geometry":{"type":"Point","coordinates":[182924.33739999961,1882947.7491999995]},"properties":{"OBJECTID":945,"Asset_ID":"RST945","Name":"مطعم ملتقى النهرين","District_ID":"Auqad al Shamaliyya","Gov_ID":"Dhofar Governorate","Wlyt_ID":"Salalah","Road_ID":"105800","Latitude":17.00886667,"Longitude":54.0221552,"GlobalID":"{5BDF34E4-11A3-405E-BC02-F87F920DD5E4}"}},{"type":"Feature","id":946,"geometry":{"type":"Point","coordinates":[183016.73699999973,1882989.6735999994]},"properties":{"OBJECTID":946,"Asset_ID":"RST946","Name":"شاي سماور ","District_ID":"Auqad al Shamaliyya","Gov_ID":"Dhofar Governorate","Wlyt_ID":"Salalah","Road_ID":"105899","Latitude":17.009257829999999,"Longitude":54.023016140000003,"GlobalID":"{9C9907E4-6CB7-47B6-AE6F-480B5DAA7F7B}"}},{"type":"Feature","id":947,"geometry":{"type":"Point","coordinates":[183136.3657999998,1883050.1501000002]},"properties":{"OBJECTID":947,"Asset_ID":"RST947","Name":"Chunk","District_ID":"Auqad al Shamaliyya","Gov_ID":"Dhofar Governorate","Wlyt_ID":"Salalah","Road_ID":"105730","Latitude":17.009820189999999,"Longitude":54.02412992,"GlobalID":"{F4642981-DB23-466D-A850-A85781034ABE}"}},{"type":"Feature","id":948,"geometry":{"type":"Point","coordinates":[183139.59420000017,1883051.5803999994]},"properties":{"OBJECTID":948,"Asset_ID":"RST948","Name":"PATATSICO","District_ID":"Auqad al Shamaliyya","Gov_ID":"Dhofar Governorate","Wlyt_ID":"Salalah","Road_ID":"105730","Latitude":17.00983355,"Longitude":54.024160000000002,"GlobalID":"{5507E301-992E-4269-BB3C-FCC4B79D7B73}"}},{"type":"Feature","id":949,"geometry":{"type":"Point","coordinates":[183145.68329999968,1883054.6044999994]},"properties":{"OBJECTID":949,"Asset_ID":"RST949","Name":"ديناميك برجر\n","District_ID":"Auqad al Shamaliyya","Gov_ID":"Dhofar Governorate","Wlyt_ID":"Salalah","Road_ID":"105730","Latitude":17.00986168,"Longitude":54.024216699999997,"GlobalID":"{465AE76E-7CF8-4E92-B38B-3D4F8E5683C7}"}},{"type":"Feature","id":950,"geometry":{"type":"Point","coordinates":[183147.27699999977,1883055.5443999991]},"properties":{"OBJECTID":950,"Asset_ID":"RST950","Name":"دريم كريم","District_ID":"Auqad al Shamaliyya","Gov_ID":"Dhofar Governorate","Wlyt_ID":"Salalah","Road_ID":"105730","Latitude":17.00987039,"Longitude":54.024231520000001,"GlobalID":"{9C2A1966-5DA0-41F4-B744-F13A280F624E}"}},{"type":"Feature","id":951,"geometry":{"type":"Point","coordinates":[183152.44909999985,1883058.2807]},"properties":{"OBJECTID":951,"Asset_ID":"RST951","Name":"شوارما ومشاوي بيت العم\n","District_ID":"Auqad al Shamaliyya","Gov_ID":"Dhofar Governorate","Wlyt_ID":"Salalah","Road_ID":"105730","Latitude":17.009895799999999,"Longitude":54.024279659999998,"GlobalID":"{39088BAC-71E1-42D4-BBCA-9486FA0EEFF0}"}},{"type":"Feature","id":952,"geometry":{"type":"Point","coordinates":[183189.32890000008,1883078.8480999991]},"properties":{"OBJECTID":952,"Asset_ID":"RST952","Name":"مانجو طلعت","District_ID":"Auqad al Shamaliyya","Gov_ID":"Dhofar Governorate","Wlyt_ID":"Salalah","Road_ID":"105730","Latitude":17.010086529999999,"Longitude":54.024622749999999,"GlobalID":"{2108080A-CCDB-40AC-B5F8-8F2EA37F5803}"}},{"type":"Feature","id":953,"geometry":{"type":"Point","coordinates":[183094.07400000002,1883046.6564000007]},"properties":{"OBJECTID":953,"Asset_ID":"RST953","Name":"مضابي بن عامر ","District_ID":"Auqad al Shamaliyya","Gov_ID":"Dhofar Governorate","Wlyt_ID":"Salalah","Road_ID":"105730","Latitude":17.009782850000001,"Longitude":54.023733620000002,"GlobalID":"{E24892FB-0DA8-47A2-9980-DD9A029753D6}"}},{"type":"Feature","id":954,"geometry":{"type":"Point","coordinates":[183005.15160000045,1883011.1697000004]},"properties":{"OBJECTID":954,"Asset_ID":"RST954","Name":"Chef Panda","District_ID":"Auqad al Shamaliyya","Gov_ID":"Dhofar Governorate","Wlyt_ID":"Salalah","Road_ID":"105899","Latitude":17.00945029,"Longitude":54.022904369999999,"GlobalID":"{92C599B5-E64D-4723-BC3C-EA3DD7B080DB}"}},{"type":"Feature","id":955,"geometry":{"type":"Point","coordinates":[182986.56479999982,1883047.7322000004]},"properties":{"OBJECTID":955,"Asset_ID":"RST955","Name":"Tastier Lafah","District_ID":"Auqad al Shamaliyya","Gov_ID":"Dhofar Governorate","Wlyt_ID":"Salalah","Road_ID":"105902","Latitude":17.009777799999998,"Longitude":54.022724770000004,"GlobalID":"{515FFCD2-CB94-421A-8D1B-895F690EF5F1}"}},{"type":"Feature","id":956,"geometry":{"type":"Point","coordinates":[182975.96760000009,1883048.8486000001]},"properties":{"OBJECTID":956,"Asset_ID":"RST956","Name":"مطعم اهلا","District_ID":"Auqad al Shamaliyya","Gov_ID":"Dhofar Governorate","Wlyt_ID":"Salalah","Road_ID":"105899","Latitude":17.009786420000001,"Longitude":54.022625179999999,"GlobalID":"{AB056FD9-E29A-4D04-BB30-13D7BDA7F6A1}"}},{"type":"Feature","id":957,"geometry":{"type":"Point","coordinates":[182990.21710000001,1883040.9017999992]},"properties":{"OBJECTID":957,"Asset_ID":"RST957","Name":"AERO ","District_ID":"Auqad al Shamaliyya","Gov_ID":"Dhofar Governorate","Wlyt_ID":"Salalah","Road_ID":"105899","Latitude":17.009716640000001,"Longitude":54.022760009999999,"GlobalID":"{27CB3D56-169A-4546-9769-634F42344E31}"}},{"type":"Feature","id":958,"geometry":{"type":"Point","coordinates":[182993.77940000035,1883033.7771000005]},"properties":{"OBJECTID":958,"Asset_ID":"RST958","Name":null,"District_ID":"Auqad al Shamaliyya","Gov_ID":"Dhofar Governorate","Wlyt_ID":"Salalah","Road_ID":"105899","Latitude":17.009652809999999,"Longitude":54.022794449999999,"GlobalID":"{80087834-0C6C-437A-94FA-A5DD1B0AF73E}"}},{"type":"Feature","id":959,"geometry":{"type":"Point","coordinates":[183690.10250000004,1882214.8421]},"properties":{"OBJECTID":959,"Asset_ID":"RST959","Name":"مقهى","District_ID":"Auqad al Shamaliyya","Gov_ID":"Dhofar Governorate","Wlyt_ID":"Salalah","Road_ID":"105578","Latitude":17.002355550000001,"Longitude":54.029444269999999,"GlobalID":"{A23D72A9-5716-47A9-AF1E-C66364E89619}"}},{"type":"Feature","id":960,"geometry":{"type":"Point","coordinates":[183308.37600000016,1883534.3362000007]},"properties":{"OBJECTID":960,"Asset_ID":"RST960","Name":"ميجا برجر","District_ID":"Auqad al Shamaliyya","Gov_ID":"Dhofar Governorate","Wlyt_ID":"Salalah","Road_ID":"105708","Latitude":17.014214689999999,"Longitude":54.025674729999999,"GlobalID":"{C2F10992-2060-40F9-A41E-17E0DE091725}"}},{"type":"Feature","id":961,"geometry":{"type":"Point","coordinates":[183779.69199999981,1883011.2159000002]},"properties":{"OBJECTID":961,"Asset_ID":"RST961","Name":"مقهى و معصرة فواكه","District_ID":"Auqad al Shamaliyya","Gov_ID":"Dhofar Governorate","Wlyt_ID":"Salalah","Road_ID":"105598","Latitude":17.00955695,"Longitude":54.030171439999997,"GlobalID":"{E54DD1E3-4424-478D-9C44-EC546B5DC90B}"}},{"type":"Feature","id":962,"geometry":{"type":"Point","coordinates":[183746.79879999999,1883022.5961000007]},"properties":{"OBJECTID":962,"Asset_ID":"RST962","Name":"مقهى","District_ID":"Auqad al Shamaliyya","Gov_ID":"Dhofar Governorate","Wlyt_ID":"Salalah","Road_ID":"105598","Latitude":17.009655179999999,"Longitude":54.029861199999999,"GlobalID":"{C98593E3-3874-4AE3-A581-A8113F9BFF3A}"}},{"type":"Feature","id":963,"geometry":{"type":"Point","coordinates":[182104.63229999971,1884156.2427999992]},"properties":{"OBJECTID":963,"Asset_ID":"RST963","Name":"مطعم التميز\n","District_ID":"Auqad al Shamaliyya","Gov_ID":"Dhofar Governorate","Wlyt_ID":"Salalah","Road_ID":"105888","Latitude":17.01966324,"Longitude":54.014291409999998,"GlobalID":"{621338E7-8883-4CF3-A06F-A6E5355C35B9}"}},{"type":"Feature","id":964,"geometry":{"type":"Point","coordinates":[182174.47190000024,1883730.5017000008]},"properties":{"OBJECTID":964,"Asset_ID":"RST964","Name":"مقهى","District_ID":"Auqad al Shamaliyya","Gov_ID":"Dhofar Governorate","Wlyt_ID":"Salalah","Road_ID":"105812","Latitude":17.015829610000001,"Longitude":54.015007670000003,"GlobalID":"{641EFF0F-A72F-4A9B-B97D-20882BCA8AEE}"}},{"type":"Feature","id":965,"geometry":{"type":"Point","coordinates":[182500.10109999962,1883366.9810000006]},"properties":{"OBJECTID":965,"Asset_ID":"RST965","Name":"شاي جمال","District_ID":"Auqad al Shamaliyya","Gov_ID":"Dhofar Governorate","Wlyt_ID":"Salalah","Road_ID":"105804","Latitude":17.012592860000002,"Longitude":54.018114930000003,"GlobalID":"{80F14DA7-2ED1-4E3F-B02B-F986E3AE460B}"}},{"type":"Feature","id":966,"geometry":{"type":"Point","coordinates":[182507.16500000004,1883361.8658000007]},"properties":{"OBJECTID":966,"Asset_ID":"RST966","Name":"مطعم الشخط","District_ID":"Auqad al Shamaliyya","Gov_ID":"Dhofar Governorate","Wlyt_ID":"Salalah","Road_ID":"105804","Latitude":17.012547659999999,"Longitude":54.018181929999997,"GlobalID":"{F9AC3E05-BB85-4F40-9D7A-6E190491ED64}"}},{"type":"Feature","id":967,"geometry":{"type":"Point","coordinates":[182491.97030000016,1883346.5573999994]},"properties":{"OBJECTID":967,"Asset_ID":"RST967","Name":"مقهى","District_ID":"Auqad al Shamaliyya","Gov_ID":"Dhofar Governorate","Wlyt_ID":"Salalah","Road_ID":"105786","Latitude":17.012407369999998,"Longitude":54.01804156,"GlobalID":"{1548EC02-E958-4984-9511-D169100B973A}"}},{"type":"Feature","id":968,"geometry":{"type":"Point","coordinates":[182514.25509999972,1883330.9133000001]},"properties":{"OBJECTID":968,"Asset_ID":"RST968","Name":"My Berry ","District_ID":"Auqad al Shamaliyya","Gov_ID":"Dhofar Governorate","Wlyt_ID":"Salalah","Road_ID":"105786","Latitude":17.01226922,"Longitude":54.018252879999999,"GlobalID":"{B8DCFBC2-471F-4FFF-BEDC-BBD7F95671FD}"}},{"type":"Feature","id":969,"geometry":{"type":"Point","coordinates":[182429.03409999982,1883297.6519000009]},"properties":{"OBJECTID":969,"Asset_ID":"RST969","Name":"Sea Star Restaurant","District_ID":"Auqad al Shamaliyya","Gov_ID":"Dhofar Governorate","Wlyt_ID":"Salalah","Road_ID":"105818","Latitude":17.01195723,"Longitude":54.017458050000002,"GlobalID":"{A8D1B13B-8B9F-442E-A9E1-79CF709AF87D}"}},{"type":"Feature","id":970,"geometry":{"type":"Point","coordinates":[182432.47319999989,1883286.9889000002]},"properties":{"OBJECTID":970,"Asset_ID":"RST970","Name":"مقهى كيوي جاردن","District_ID":"Auqad al Shamaliyya","Gov_ID":"Dhofar Governorate","Wlyt_ID":"Salalah","Road_ID":"105818","Latitude":17.011861450000001,"Longitude":54.017491849999999,"GlobalID":"{CB7B6AB8-1E15-45A9-A85A-DC11D7FC5DFC}"}},{"type":"Feature","id":971,"geometry":{"type":"Point","coordinates":[182448.10309999995,1883269.7418000009]},"properties":{"OBJECTID":971,"Asset_ID":"RST971","Name":"مقهى","District_ID":"Auqad al Shamaliyya","Gov_ID":"Dhofar Governorate","Wlyt_ID":"Salalah","Road_ID":"105777","Latitude":17.011707909999998,"Longitude":54.017640960000001,"GlobalID":"{6269EC31-AB45-42C8-95B8-85AF88019238}"}},{"type":"Feature","id":972,"geometry":{"type":"Point","coordinates":[182449.82710000034,1883268.3369999994]},"properties":{"OBJECTID":972,"Asset_ID":"RST972","Name":"باشن رمان","District_ID":"Auqad al Shamaliyya","Gov_ID":"Dhofar Governorate","Wlyt_ID":"Salalah","Road_ID":"105777","Latitude":17.011695459999999,"Longitude":54.01765734,"GlobalID":"{9E6C444F-AD18-417F-9702-4FC85F6E7226}"}},{"type":"Feature","id":973,"geometry":{"type":"Point","coordinates":[182470.98300000001,1883243.8555999994]},"properties":{"OBJECTID":973,"Asset_ID":"RST973","Name":"فطائر الصاج الخليجي","District_ID":"Auqad al Shamaliyya","Gov_ID":"Dhofar Governorate","Wlyt_ID":"Salalah","Road_ID":"105777","Latitude":17.011477370000001,"Longitude":54.01785933,"GlobalID":"{94924084-47E3-4A0C-8B2F-0B5E0C9DD597}"}},{"type":"Feature","id":974,"geometry":{"type":"Point","coordinates":[182469.87959999964,1883245.1225000005]},"properties":{"OBJECTID":974,"Asset_ID":"RST974","Name":"Shawarma Plate\n","District_ID":"Auqad al Shamaliyya","Gov_ID":"Dhofar Governorate","Wlyt_ID":"Salalah","Road_ID":"105777","Latitude":17.011488660000001,"Longitude":54.017848800000003,"GlobalID":"{72047066-547D-4E9B-AF73-9E7D3A4217CA}"}},{"type":"Feature","id":975,"geometry":{"type":"Point","coordinates":[182468.98060000036,1883246.6345000006]},"properties":{"OBJECTID":975,"Asset_ID":"RST975","Name":"Burger 2020","District_ID":"Auqad al Shamaliyya","Gov_ID":"Dhofar Governorate","Wlyt_ID":"Salalah","Road_ID":"105777","Latitude":17.011502180000001,"Longitude":54.017840149999998,"GlobalID":"{EF1C5CE5-C08C-42BD-8B16-8F7AA584ADA9}"}},{"type":"Feature","id":976,"geometry":{"type":"Point","coordinates":[182502.73599999957,1883212.7156000007]},"properties":{"OBJECTID":976,"Asset_ID":"RST976","Name":"وقت الشاي","District_ID":"Auqad al Shamaliyya","Gov_ID":"Dhofar Governorate","Wlyt_ID":"Salalah","Road_ID":"105786","Latitude":17.011200630000001,"Longitude":54.018161710000001,"GlobalID":"{F0F20010-0C39-43D7-B98F-3238D56BD0A0}"}},{"type":"Feature","id":977,"geometry":{"type":"Point","coordinates":[182586.57249999978,1883116.8230000008]},"properties":{"OBJECTID":977,"Asset_ID":"RST977","Name":"المضغوط","District_ID":"Auqad al Shamaliyya","Gov_ID":"Dhofar Governorate","Wlyt_ID":"Salalah","Road_ID":"105777","Latitude":17.010346519999999,"Longitude":54.018962000000002,"GlobalID":"{12C70A7E-A21C-4264-96FC-4C8B628A1DD7}"}},{"type":"Feature","id":978,"geometry":{"type":"Point","coordinates":[182620.91739999969,1883077.3629000001]},"properties":{"OBJECTID":978,"Asset_ID":"RST978","Name":"فطائر الجزيرة","District_ID":"Auqad al Shamaliyya","Gov_ID":"Dhofar Governorate","Wlyt_ID":"Salalah","Road_ID":"105777","Latitude":17.009995029999999,"Longitude":54.019289880000002,"GlobalID":"{E71663EB-31BD-4EE2-9211-B431404654B4}"}},{"type":"Feature","id":979,"geometry":{"type":"Point","coordinates":[182613.12280000001,1883085.1575000007]},"properties":{"OBJECTID":979,"Asset_ID":"RST979","Name":"النكهة الحجازية ","District_ID":"Auqad al Shamaliyya","Gov_ID":"Dhofar Governorate","Wlyt_ID":"Salalah","Road_ID":"105777","Latitude":17.010064320000001,"Longitude":54.019215639999999,"GlobalID":"{071EBE39-5A9A-4F44-AD05-21C89C4267DF}"}},{"type":"Feature","id":980,"geometry":{"type":"Point","coordinates":[182725.63819999993,1883028.5746999998]},"properties":{"OBJECTID":980,"Asset_ID":"RST980","Name":"مطعم","District_ID":"Auqad al Shamaliyya","Gov_ID":"Dhofar Governorate","Wlyt_ID":"Salalah","Road_ID":"105791","Latitude":17.009568999999999,"Longitude":54.020279389999999,"GlobalID":"{CC014902-21DC-4263-92F3-0F656F312968}"}},{"type":"Feature","id":981,"geometry":{"type":"Point","coordinates":[182748.90919999965,1882919.1513]},"properties":{"OBJECTID":981,"Asset_ID":"RST981","Name":" Ice Rose","District_ID":"Auqad al Shamaliyya","Gov_ID":"Dhofar Governorate","Wlyt_ID":"Salalah","Road_ID":"105777","Latitude":17.008584410000001,"Longitude":54.020513350000002,"GlobalID":"{60BE5726-7F81-4471-8818-4A8BE1DDFA06}"}},{"type":"Feature","id":982,"geometry":{"type":"Point","coordinates":[182844.49060000014,1882929.8219000008]},"properties":{"OBJECTID":982,"Asset_ID":"RST982","Name":"برج صلالة للمأكولات العمانية ","District_ID":"Auqad al Shamaliyya","Gov_ID":"Dhofar Governorate","Wlyt_ID":"Salalah","Road_ID":"105800","Latitude":17.008693869999998,"Longitude":54.021408610000002,"GlobalID":"{3911E3BC-89D6-4FFA-8EC6-E5A1F88FDC4D}"}},{"type":"Feature","id":983,"geometry":{"type":"Point","coordinates":[182843.69600000046,1882959.6768999994]},"properties":{"OBJECTID":983,"Asset_ID":"RST983","Name":"مطعم","District_ID":"Auqad al Shamaliyya","Gov_ID":"Dhofar Governorate","Wlyt_ID":"Salalah","Road_ID":"105800","Latitude":17.008963269999999,"Longitude":54.021396889999998,"GlobalID":"{0C20ADEA-EEEA-4F48-9009-2132504DF8C9}"}},{"type":"Feature","id":984,"geometry":{"type":"Point","coordinates":[182735.92569999956,1882986.8925999999]},"properties":{"OBJECTID":984,"Asset_ID":"RST984","Name":"4U food","District_ID":"Auqad al Shamaliyya","Gov_ID":"Dhofar Governorate","Wlyt_ID":"Salalah","Road_ID":"105801","Latitude":17.009194140000002,"Longitude":54.020381860000001,"GlobalID":"{84DCD010-6C30-4EC6-B0E9-8D70A47DA20E}"}},{"type":"Feature","id":985,"geometry":{"type":"Point","coordinates":[182799.46210000012,1883020.0427999999]},"properties":{"OBJECTID":985,"Asset_ID":"RST985","Name":"مطعم المعلقة الذهبية","District_ID":"Auqad al Shamaliyya","Gov_ID":"Dhofar Governorate","Wlyt_ID":"Salalah","Road_ID":"105926","Latitude":17.009502130000001,"Longitude":54.020973249999997,"GlobalID":"{9DA56B4F-5903-4F2C-9DD5-D63DE0D4E039}"}},{"type":"Feature","id":986,"geometry":{"type":"Point","coordinates":[182824.13119999971,1882999.4583000001]},"properties":{"OBJECTID":986,"Asset_ID":"RST986","Name":"مطعم","District_ID":"Auqad al Shamaliyya","Gov_ID":"Dhofar Governorate","Wlyt_ID":"Salalah","Road_ID":"105926","Latitude":17.009319699999999,"Longitude":54.02120764,"GlobalID":"{6421B8D0-FCB3-47F5-9306-1C7545038D76}"}},{"type":"Feature","id":987,"geometry":{"type":"Point","coordinates":[182719.38460000046,1883069.7199000008]},"properties":{"OBJECTID":987,"Asset_ID":"RST987","Name":"Marmara Al-Turkey Restaurant\n","District_ID":"Auqad al Shamaliyya","Gov_ID":"Dhofar Governorate","Wlyt_ID":"Salalah","Road_ID":"105802","Latitude":17.00993957,"Longitude":54.02021483,"GlobalID":"{90111FE6-82EA-4EAB-99E7-7079C50E10DB}"}},{"type":"Feature","id":988,"geometry":{"type":"Point","coordinates":[182726.20579999965,1883073.5219000001]},"properties":{"OBJECTID":988,"Asset_ID":"RST988","Name":"التهاني","District_ID":"Auqad al Shamaliyya","Gov_ID":"Dhofar Governorate","Wlyt_ID":"Salalah","Road_ID":"105802","Latitude":17.009974830000001,"Longitude":54.02027829,"GlobalID":"{2B8EA004-05AE-4789-ADA6-2DC22CA3B585}"}},{"type":"Feature","id":989,"geometry":{"type":"Point","coordinates":[182731.90259999968,1883040.9694999997]},"properties":{"OBJECTID":989,"Asset_ID":"RST989","Name":"مطعم","District_ID":"Auqad al Shamaliyya","Gov_ID":"Dhofar Governorate","Wlyt_ID":"Salalah","Road_ID":"105791","Latitude":17.009681749999999,"Longitude":54.020336389999997,"GlobalID":"{B323C46B-27CA-49A5-AC14-D40C8E1D8B8C}"}},{"type":"Feature","id":990,"geometry":{"type":"Point","coordinates":[182771.2089999998,1883012.1722999997]},"properties":{"OBJECTID":990,"Asset_ID":"RST990","Name":"مقهى","District_ID":"Auqad al Shamaliyya","Gov_ID":"Dhofar Governorate","Wlyt_ID":"Salalah","Road_ID":"105791","Latitude":17.009427200000001,"Longitude":54.020709289999999,"GlobalID":"{23C04538-03A7-41CC-B0E9-2BF27421026B}"}},{"type":"Feature","id":991,"geometry":{"type":"Point","coordinates":[182788.2770999996,1882976.4942000005]},"properties":{"OBJECTID":991,"Asset_ID":"RST991","Name":"Chick Hut","District_ID":"Auqad al Shamaliyya","Gov_ID":"Dhofar Governorate","Wlyt_ID":"Salalah","Road_ID":"105791","Latitude":17.00910747,"Longitude":54.02087453,"GlobalID":"{6E8DDCDB-3A6B-4ABB-90FC-F27BC0F1B847}"}},{"type":"Feature","id":992,"geometry":{"type":"Point","coordinates":[181575.20480000041,1883583.5813999996]},"properties":{"OBJECTID":992,"Asset_ID":"RST992","Name":"مقهى","District_ID":"Auqad al Shamaliyya","Gov_ID":"Dhofar Governorate","Wlyt_ID":"Salalah","Road_ID":"105851","Latitude":17.01442071,"Longitude":54.009406040000002,"GlobalID":"{0C4F9691-8BFD-4C09-9471-BE155DD59F05}"}},{"type":"Feature","id":993,"geometry":{"type":"Point","coordinates":[181842.62229999993,1883386.7148000002]},"properties":{"OBJECTID":993,"Asset_ID":"RST993","Name":"مقهى","District_ID":"Auqad al Shamaliyya","Gov_ID":"Dhofar Governorate","Wlyt_ID":"Salalah","Road_ID":"105847","Latitude":17.012680450000001,"Longitude":54.011943309999999,"GlobalID":"{F4F32656-6722-4681-BFDC-9BBCB8379253}"}},{"type":"Feature","id":994,"geometry":{"type":"Point","coordinates":[182392.21320000011,1882876.6917000003]},"properties":{"OBJECTID":994,"Asset_ID":"RST994","Name":"مقهى","District_ID":"Auqad al Shamaliyya","Gov_ID":"Dhofar Governorate","Wlyt_ID":"Salalah","Road_ID":"105797","Latitude":17.00815206,"Longitude":54.017172789999996,"GlobalID":"{37BED436-B911-474D-B63E-30310DB2191B}"}},{"type":"Feature","id":995,"geometry":{"type":"Point","coordinates":[182368.63669999968,1882843.6861000005]},"properties":{"OBJECTID":995,"Asset_ID":"RST995","Name":"مطعم","District_ID":"Auqad al Shamaliyya","Gov_ID":"Dhofar Governorate","Wlyt_ID":"Salalah","Road_ID":"105796","Latitude":17.007850869999999,"Longitude":54.016956309999998,"GlobalID":"{EC4464BF-AB9F-48D9-BD14-9A945B72218A}"}},{"type":"Feature","id":996,"geometry":{"type":"Point","coordinates":[182140.90319999959,1883068.6050000004]},"properties":{"OBJECTID":996,"Asset_ID":"RST996","Name":"مقهى","District_ID":"Auqad al Shamaliyya","Gov_ID":"Dhofar Governorate","Wlyt_ID":"Salalah","Road_ID":"105821","Latitude":17.00984991,"Longitude":54.014787460000001,"GlobalID":"{8E0E215E-0BFD-435E-B643-1432DB13B250}"}},{"type":"Feature","id":997,"geometry":{"type":"Point","coordinates":[181111.96389999986,1883314.2699999996]},"properties":{"OBJECTID":997,"Asset_ID":"RST997","Name":"مطعم","District_ID":"Auqad al Shamaliyya","Gov_ID":"Dhofar Governorate","Wlyt_ID":"Salalah","Road_ID":"105841","Latitude":17.01192563,"Longitude":54.005098359999998,"GlobalID":"{DCBAED5A-1D1F-4961-BB2A-BD72FCB058F5}"}},{"type":"Feature","id":998,"geometry":{"type":"Point","coordinates":[181738.81979999971,1883097.8911000006]},"properties":{"OBJECTID":998,"Asset_ID":"RST998","Name":"مقهى","District_ID":"Auqad al Shamaliyya","Gov_ID":"Dhofar Governorate","Wlyt_ID":"Salalah","Road_ID":"105907","Latitude":17.010058870000002,"Longitude":54.01101079,"GlobalID":"{79727307-B6E8-4569-A8D2-EF48693DD62F}"}},{"type":"Feature","id":999,"geometry":{"type":"Point","coordinates":[181260.58100000024,1882822.9504000004]},"properties":{"OBJECTID":999,"Asset_ID":"RST999","Name":"فن الطبخ","District_ID":"Auqad al Shamaliyya","Gov_ID":"Dhofar Governorate","Wlyt_ID":"Salalah","Road_ID":"105917","Latitude":17.00751095,"Longitude":54.00656326,"GlobalID":"{CC9045C1-CEE6-405C-89B1-AEB082E76D81}"}},{"type":"Feature","id":1000,"geometry":{"type":"Point","coordinates":[181376.3256000001,1882828.4897000007]},"properties":{"OBJECTID":1000,"Asset_ID":"RST1000","Name":"مقهى","District_ID":"Auqad al Shamaliyya","Gov_ID":"Dhofar Governorate","Wlyt_ID":"Salalah","Road_ID":"105836","Latitude":17.00757694,"Longitude":54.007648400000001,"GlobalID":"{8F483B7F-7E68-4DF2-BC31-C20BACF6E6A6}"}},{"type":"Feature","id":1001,"geometry":{"type":"Point","coordinates":[181346.56060000043,1882813.5241]},"properties":{"OBJECTID":1001,"Asset_ID":"RST1001","Name":"كوخ الشاي ","District_ID":"Auqad al Shamaliyya","Gov_ID":"Dhofar Governorate","Wlyt_ID":"Salalah","Road_ID":"105836","Latitude":17.007437729999999,"Longitude":54.007371290000002,"GlobalID":"{6919063C-0A78-4331-B2DA-5978319CC657}"}},{"type":"Feature","id":1002,"geometry":{"type":"Point","coordinates":[181311.47449999955,1882795.8979000002]},"properties":{"OBJECTID":1002,"Asset_ID":"RST1002","Name":"مطعم البيت الاسطولي","District_ID":"Auqad al Shamaliyya","Gov_ID":"Dhofar Governorate","Wlyt_ID":"Salalah","Road_ID":"105819","Latitude":17.007273770000001,"Longitude":54.007044639999997,"GlobalID":"{526EF085-EFA5-467F-A4C5-CE7D6252CA7D}"}},{"type":"Feature","id":1003,"geometry":{"type":"Point","coordinates":[181280.3273,1882778.7809999995]},"properties":{"OBJECTID":1003,"Asset_ID":"RST1003","Name":"برجر بوش","District_ID":"Auqad al Shamaliyya","Gov_ID":"Dhofar Governorate","Wlyt_ID":"Salalah","Road_ID":"105819","Latitude":17.007114959999999,"Longitude":54.006754860000001,"GlobalID":"{38227AC7-F32C-470F-9915-13794BB7CE60}"}},{"type":"Feature","id":1004,"geometry":{"type":"Point","coordinates":[181556.2229000004,1882446.8823000006]},"properties":{"OBJECTID":1004,"Asset_ID":"RST1004","Name":"مقهى","District_ID":"Auqad al Shamaliyya","Gov_ID":"Dhofar Governorate","Wlyt_ID":"Salalah","Road_ID":"105833","Latitude":17.004156930000001,"Longitude":54.009390940000003,"GlobalID":"{DF152137-B748-4965-AFA4-4C1E9EEABA52}"}},{"type":"Feature","id":1005,"geometry":{"type":"Point","coordinates":[182943.57110000029,1882587.2192000002]},"properties":{"OBJECTID":1005,"Asset_ID":"RST1005","Name":"مقهى","District_ID":"Auqad al Shamaliyya","Gov_ID":"Dhofar Governorate","Wlyt_ID":"Salalah","Road_ID":"105741","Latitude":17.00561471,"Longitude":54.022387119999998,"GlobalID":"{5708109C-1DBE-41BE-820D-D634FB6EAAD0}"}},{"type":"Feature","id":1006,"geometry":{"type":"Point","coordinates":[182903.38669999968,1881906.8253000006]},"properties":{"OBJECTID":1006,"Asset_ID":"RST1006","Name":"مقهى","District_ID":"Auqad al Shamaliyya","Gov_ID":"Dhofar Governorate","Wlyt_ID":"Salalah","Road_ID":"105742","Latitude":16.9994671,"Longitude":54.022107210000001,"GlobalID":"{5A887D9D-4AEF-47F0-88E0-475E46026CB2}"}},{"type":"Feature","id":1007,"geometry":{"type":"Point","coordinates":[181772.51570000034,1882002.6524999999]},"properties":{"OBJECTID":1007,"Asset_ID":"RST1007","Name":"مقهى","District_ID":"Auqad al Shamaliyya","Gov_ID":"Dhofar Governorate","Wlyt_ID":"Salalah","Road_ID":"105761","Latitude":17.0001766,"Longitude":54.011483830000003,"GlobalID":"{F5AF3747-7112-48B6-8922-E427415925A4}"}},{"type":"Feature","id":1008,"geometry":{"type":"Point","coordinates":[199085.29650000017,1884965.3187000006]},"properties":{"OBJECTID":1008,"Asset_ID":"RST1008","Name":"Italian Barrista Cafe","District_ID":"Dahariz al Shamaliyya","Gov_ID":"Dhofar Governorate","Wlyt_ID":"Salalah","Road_ID":null,"Latitude":17.029245920000001,"Longitude":54.173520770000003,"GlobalID":"{9912392F-D04A-44C3-8E1A-AAE1FEBB58D8}"}},{"type":"Feature","id":1009,"geometry":{"type":"Point","coordinates":[199100.4375,1885092.5949000008]},"properties":{"OBJECTID":1009,"Asset_ID":"RST1009","Name":"alprofesor","District_ID":"Dahariz al Shamaliyya","Gov_ID":"Dhofar Governorate","Wlyt_ID":"Salalah","Road_ID":null,"Latitude":17.030397000000001,"Longitude":54.1736456,"GlobalID":"{B091F549-5109-48F1-8D9A-5CC9EFBACC5A}"}},{"type":"Feature","id":1010,"geometry":{"type":"Point","coordinates":[199098.14049999975,1885108.9123999998]},"properties":{"OBJECTID":1010,"Asset_ID":"RST1010","Name":"GRIP Burger\r\n","District_ID":"Dahariz al Shamaliyya","Gov_ID":"Dhofar Governorate","Wlyt_ID":"Salalah","Road_ID":null,"Latitude":17.030544030000001,"Longitude":54.173621820000001,"GlobalID":"{66D42641-051E-421E-9A8F-253EA01B5602}"}}]
}