{
  "type" : "FeatureCollection",
  "crs" : {
    "type" : "name",
    "properties" : {
      "name" : "EPSG:32640"
    }
  },
  "features" : [{"type":"Feature","id":1,"geometry":{"type":"Polygon","coordinates":[[[181928.26499999966,1879874.8289999999],[181921.2089999998,1879880.3770000003],[181913.55999999959,1879883.2860000003],[181910.32799999975,1879883.3940999992],[181908.38900000043,1879882.8550000004],[181907.20399999991,1879881.6699999999],[181907.52699999977,1879877.5759999994],[181905.48099999968,1879872.6210999992],[181901.92590000015,1879871.9739999995],[181897.72400000039,1879874.1290000007],[181893.30700000003,1879874.0209999997],[181887.81290000025,1879873.1589000002],[181884.20399999991,1879872.4590000007],[181876.66299999971,1879872.5130000003],[181871.16899999976,1879872.2980000004],[181868.74500000011,1879870.3579999991],[181866.59100000001,1879870.2509000003],[181867.29090000037,1879872.6210999992],[181866.16000000015,1879873.3210000005],[181862.98199999984,1879873.2129999995],[181859.2109000003,1879873.5899999999],[181858.40299999993,1879872.9441],[181857.81099999975,1879871.4360000007],[181855.54800000042,1879868.6889999993],[181849.5700000003,1879867.3421],[181844.23699999973,1879867.0730000008],[181839.22800000012,1879867.773],[181834.97200000007,1879867.9880999997],[181833.30200000014,1879866.9649999999],[181830.98599999957,1879864.6490000002],[181828.88599999994,1879861.0940000005],[181826.89300000016,1879860.7170000002],[181825.49210000038,1879862.6020999998],[181821.99100000039,1879864.2179000005],[181820.05200000014,1879865.3489999995],[181818.43599999975,1879865.0261000004],[181816.28100000042,1879863.4639999997],[181812.4570000004,1879861.8479999993],[181806.76690000016,1879856.9859999996],[181797.64400000032,1879849.1899999995],[181796.01539999992,1879844.3628000002],[181795.57290000003,1879840.4558000006],[181796.21590000018,1879836.5464999992],[181800.55009999964,1879832.8465],[181807.48680000007,1879827.8383000009],[181811.17800000031,1879828.0475999992],[181824.48369999975,1879828.3489999995],[181826.73099999968,1879828.9370000008],[181831.25600000005,1879832.1690999996],[181834.37999999989,1879831.4149999991],[181840.84300000034,1879830.9839999992],[181843.42899999954,1879832.2760000005],[181846.12210000027,1879832.4920000006],[181853.33999999985,1879832.0610000007],[181856.89699999988,1879832.6329999994],[181868.74500000011,1879834.5390000008],[181879.41000000015,1879834.4310999997],[181889.42899999954,1879837.2320000008],[181900.41700000037,1879837.3399],[181908.60500000045,1879835.4011000004],[181918.83899999969,1879833.3540000003],[181927.67300000042,1879830.7679999992],[181928.01499999966,1879830.5989999995],[181938.76900000032,1879825.2740000002],[181945.55599999987,1879820.9649999999],[181953.25800000038,1879816.1710000001],[181962.7379999999,1879811],[181969.09399999958,1879806.3679000009],[181974.58899999969,1879802.1659999993],[181978.79000000004,1879799.1501000002],[181983.2070000004,1879793.2249999996],[181986.7620000001,1879786.2219999991],[181990.10199999996,1879778.3579999991],[181991.88499999978,1879773.8249999993],[181991.78990000021,1879772.2459999993],[181991.22690000013,1879771.2349999994],[181968.19280000031,1879763.4835000001],[181947.90890000015,1879742.5941000003],[181953.66110000014,1879715.0442999993],[181960.48479999974,1879697.2492999993],[181966.88709999993,1879696.1501000002],[181975.83279999997,1879699.4732000008],[181995.3842000002,1879710.1073000003],[182001.76219999976,1879702.2984999996],[182017.37000000011,1879600.1714999992],[181990.87980000023,1879578.4116999991],[181968.64690000005,1879559.0171000008],[181918.50480000023,1879513.6053999998],[181881.13470000029,1879481.4386999998],[181832.46480000019,1879419.5155999996],[181806.39460000023,1879361.7598000001],[181813.01709999982,1879327.2280000001],[181829.9112999998,1879321.7043999992],[181860.89850000013,1879308.6495999992],[181897.83860000037,1879312.1187999994],[181917.0856999997,1879377.3701000009],[181951.40280000027,1879443.1897],[182028.36809999961,1879517.0349000003],[182041.67229999974,1879539.9476999994],[182046.39309999999,1879568.9054000005],[182047.81479999982,1879613.9275000002],[182039.72539999988,1879651.1772000007],[182026.34069999959,1879691.2460999992],[182029.06879999954,1879704.3905999996],[182041.22119999956,1879714.5589000005],[182041.71719999984,1879718.1550999992],[182041.5932,1879729.9354999997],[182043.45330000017,1879740.5998],[182046.92540000007,1879745.3120000008],[182051.38960000034,1879749.6522000004],[182055.23369999975,1879755.6043999996],[182053.86969999969,1879759.8204999994],[182050.14950000029,1879765.6487000007],[182048.04140000045,1879771.8488999996],[182048.16550000012,1879784.0013999995],[182045.78839999996,1879790.4227000009],[182037.54959999956,1879795.6508000009],[182031.36440000031,1879801.7675999999],[182026.67499999981,1879806.6370000001],[182019.99600000028,1879813.8550000004],[182019.74700000044,1879814.0920000002],[182011.05510000046,1879822.3650000002],[182002.43599999975,1879827.8599999994],[181998.88100000005,1879830.5530999992],[181997.26499999966,1879833.7850000001],[181992.52500000037,1879837.5549999997],[181985.30800000019,1879842.6181000005],[181980.35199999996,1879843.9110000003],[181974.96600000001,1879847.1429999992],[181967.2089999998,1879853.2830999997],[181958.37509999983,1879854.8990000002],[181949.32600000035,1879857.2689999994],[181945.01699999999,1879860.3940999992],[181940.27699999977,1879861.4710000008],[181937.15299999993,1879864.9179999996],[181934.35199999996,1879870.4659000002],[181928.26499999966,1879874.8289999999]]]},"properties":{"OBJECTID":1,"SHAPE_Length":1790.7143218975059,"SHAPE_Area":45921.536245267562,"Asset_ID":"SWP1","Name":"Khawr Al Qurm As Saghir","District_ID":"Raysut","Gov_ID":"2","Wlyt_ID":"Salalah","Road_ID":"102645","Latitude":16.980772770000002,"Longitude":54.013282390000001,"GlobalID":"{794C1DE7-FB70-478D-98CF-644E6331512E}"}},{"type":"Feature","id":2,"geometry":{"type":"Polygon","coordinates":[[[184250.21619999968,1881066.8983999994],[184249.81170000043,1881071.0014999993],[184246.95220000017,1881076.2614999991],[184244.46679999959,1881077.4686999992],[184245.29519999959,1881080.0014999993],[184246.99949999992,1881079.8594000004],[184248.08179999981,1881080.0284000002],[184247.69330000039,1881082.0557000004],[184249.29559999984,1881083.7414999995],[184250.19510000013,1881086.4163000006],[184249.29559999984,1881089.2567999996],[184246.95220000017,1881090.9846999999],[184245.57490000036,1881093.1098999996],[184243.49810000043,1881092.4778000005],[184242.32419999968,1881089.2270999998],[184245.03309999965,1881085.8860999998],[184243.29059999995,1881081.5932999998],[184240.22080000024,1881076.3783],[184239.29609999992,1881070.6085999999],[184237.85369999986,1881069.4250000007],[184238.9263000004,1881067.7607000005],[184240.29480000027,1881067.5386999995],[184241.44130000006,1881066.0592999998],[184256.07949999999,1881023.4100000001],[184251.89470000006,1881019.9528999999],[184250.07510000002,1881018.3153000008],[184249.71129999962,1881015.2221000008],[184249.89319999982,1881010.8552999999],[184251.5307,1881006.6703999992],[184253.35030000005,1880997.5728999991],[184253.35030000005,1880988.6572999991],[184255.35170000046,1880976.4663999993],[184256.62540000025,1880970.2799999993],[184257.89900000021,1880964.0936999992],[184261.5382000003,1880951.9940000009],[184263.53949999996,1880945.6256000008],[184263.8125,1880941.2588],[184263.90340000018,1880938.8935000002],[184262.53880000021,1880936.8010000009],[184261.81099999975,1880935.2544],[184261.81109999958,1880933.9806999993],[184262.22989999969,1880932.9104999993],[184262.29430000018,1880931.1708000004],[184262.38049999997,1880928.8432],[184262.48959999997,1880924.9202999994],[184262.81639999989,1880921.2153999992],[184262.16260000039,1880919.4718999993],[184260.41909999959,1880917.4014999997],[184258.13080000039,1880915.8759000003],[184256.60520000011,1880914.6773000006],[184254.09889999963,1880911.7352000009],[184250.39389999956,1880908.5749999993],[184247.45179999992,1880906.3956000004],[184245.27249999996,1880905.3059999999],[184241.45849999972,1880904.6521000005],[184236.66390000004,1880903.0175000001],[184233.06790000014,1880902.5817000009],[184227.51049999986,1880902.0368000008],[184224.89520000014,1880900.6203000005],[184219.55570000038,1880897.6780999992],[184214.10730000027,1880895.1718000006],[184211.70990000013,1880894.5181000009],[184208.76779999956,1880894.1910999995],[184203.31940000039,1880893.5373],[184199.28749999963,1880892.7744999994],[184196.34530000016,1880892.0118000004],[184190.24299999978,1880891.5758999996],[184189.04440000001,1880891.5757999998],[184185.66629999969,1880891.6848000009],[184183.48699999973,1880891.7938000001],[184180,1880892.0117000006],[184176.94880000036,1880892.0117000006],[184170.41069999989,1880892.6655999999],[184168.66729999986,1880892.6655000001],[184166.59680000041,1880892.7744999994],[184163.43670000043,1880892.9923999999],[184158.42420000024,1880893.1013999991],[184154.71920000017,1880893.1015000008],[184153.41160000023,1880893.1013999991],[184148.61689999979,1880893.1015000008],[184145.67480000015,1880893.3193999995],[184142.51470000017,1880893.2104000002],[184140.66220000014,1880892.9923999999],[184137.50210000016,1880892.9924999997],[184134.55989999976,1880892.9923999999],[184132.70749999955,1880892.7744999994],[184129.76530000009,1880892.7744999994],[184128.02180000022,1880892.6655999999],[184125.51549999975,1880892.1206999999],[184123.22709999979,1880892.0117000006],[184120.17599999998,1880892.0117000006],[184118.65050000045,1880891.7938000001],[184117.45189999975,1880891.5758999996],[184115.59929999989,1880890.9221000001],[184112.9841,1880890.2683000006],[184110.4776999997,1880890.1591999996],[184109.06120000035,1880890.1591999996],[184107.20870000031,1880889.3964000009],[184105.46520000044,1880888.5248000007],[184103.50380000006,1880887.6530000009],[184099.68979999982,1880886.9990999997],[184097.94639999978,1880886.4542999994],[184096.74760000035,1880885.3646000009],[184095.11309999973,1880884.1658999994],[184093.04270000011,1880884.1658999994],[184089.22890000045,1880883.9480000008],[184088.03019999992,1880883.2942999993],[184087.1584999999,1880881.6597000007],[184087.15840000007,1880879.5891999993],[184087.37640000042,1880876.8651000001],[184087.48529999983,1880875.3394000009],[184087.5943,1880873.9229000006],[184089.11980000045,1880872.7241999991],[184092.38889999967,1880872.5063000005],[184095.44010000024,1880872.7241999991],[184097.07459999993,1880873.7050000001],[184098.05530000012,1880875.0124999993],[184098.8180999998,1880876.9739999995],[184102.08719999995,1880876.9739999995],[184105.46509999968,1880877.7368000001],[184107.86259999964,1880878.8265000004],[184110.36880000029,1880879.2623999994],[184113.09300000034,1880880.1340999994],[184118.86840000004,1880880.3520999998],[184124.64379999973,1880879.5891999993],[184127.5859000003,1880879.5892999992],[184131.50879999995,1880879.4802999999],[184134.99590000045,1880879.4802999999],[184138.37390000001,1880879.2622999996],[184144.47620000038,1880879.2622999996],[184148.94379999954,1880879.1534000002],[184153.84750000015,1880878.8265000004],[184157.44340000022,1880878.4996000007],[184163.76360000018,1880877.4098000005],[184168.12239999976,1880877.0830000006],[184169.9748999998,1880876.7561000008],[184173.67970000021,1880876.6470999997],[184178.80140000023,1880875.3394000009],[184181.74949999992,1880874.4268999994],[184183.37799999956,1880873.9228000008],[184186.86500000022,1880872.1794000007],[184189.3713999996,1880871.0898000002],[184193.73010000028,1880869.0193000007],[184198.30680000037,1880867.4937999994],[184201.7938000001,1880865.7501999997],[184202.77460000012,1880863.6798],[184203.31940000039,1880860.3016999997],[184203.31929999962,1880856.2698999997],[184204.1911000004,1880852.2380999997],[184204.1911000004,1880848.4241000004],[184205.60769999959,1880844.5011999998],[184207.24230000004,1880842.3217999991],[184207.67810000014,1880838.9438000005],[184207.67800000031,1880836.4375],[184207.24230000004,1880832.2968000006],[184209.53060000017,1880829.0276999995],[184209.63960000034,1880826.7392999995],[184209.31259999983,1880822.8165000007],[184209.09470000025,1880819.1115000006],[184209.09470000025,1880815.6245000008],[184209.09470000025,1880811.2656999994],[184209.53060000017,1880806.6889999993],[184209.96640000027,1880801.6765000001],[184209.96640000027,1880797.0997000001],[184209.9665000001,1880793.6128000002],[184209.9665000001,1880791.2153999992],[184209.9665000001,1880786.8566999994],[184209.9665000001,1880781.6261],[184211.27410000004,1880777.2674000002],[184211.27410000004,1880772.9087000005],[184211.49199999962,1880770.7291999999],[184211.49210000038,1880766.6973999999],[184211.49199999962,1880763.2103000004],[184211.49199999962,1880757.5439999998],[184209.85749999993,1880750.4611000009],[184208.11400000006,1880739.5640999991],[184207.67810000014,1880727.7954999991],[184205.49870000035,1880716.8986000009],[184205.49880000018,1880709.9245999996],[184204.62710000016,1880696.4123999998],[184205.49870000035,1880678.3235999998],[184203.75530000031,1880670.0418999996],[184203.75530000031,1880665.4651999995],[184203.53729999997,1880658.9269999992],[184202.44759999961,1880652.1710000001],[184201.7938000001,1880647.1583999991],[184199.61440000031,1880641.0560999997],[184197.65299999993,1880634.9539000001],[184195.69159999955,1880629.7234000005],[184194.81989999954,1880624.9287999999],[184192.85830000043,1880617.7368000001],[184191.7686999999,1880613.5960000008],[184191.7686999999,1880609.2371999994],[184191.33279999997,1880606.1861000005],[184191.33279999997,1880603.5708000008],[184191.33270000014,1880600.3017999995],[184191.33279999997,1880597.4684999995],[184191.33279999997,1880593.3278000001],[184192.20459999982,1880591.1483999994],[184194.38389999978,1880587.8793000001],[184195.69149999972,1880586.1358000003],[184198.96059999987,1880584.1743999999],[184205.28079999983,1880583.3026000001],[184207.89599999972,1880582.8666999992],[184212.25480000023,1880581.5592],[184215.30590000004,1880580.0335000008],[184218.13910000026,1880578.0721000005],[184222.93369999994,1880575.6746999994],[184227.51049999986,1880574.1491999999],[184232.95889999997,1880573.9312999994],[184236.88190000039,1880574.8029999994],[184239.27919999976,1880577.4182999991],[184240.80470000021,1880579.8155000005],[184245.16339999996,1880583.0845999997],[184247.99660000019,1880586.3538000006],[184250.17599999998,1880589.6228],[184254.09889999963,1880593.3277000003],[184256.71420000028,1880596.8147],[184259.32949999999,1880600.0839000009],[184261.94479999971,1880603.1349999998],[184264.77780000027,1880606.1861000005],[184268.70079999976,1880610.5449000001],[184271.53399999999,1880615.5573999994],[184273.93130000029,1880621.2238999996],[184276.9824000001,1880627.9799000006],[184278.29000000004,1880633.2104000002],[184280.03359999973,1880639.3126999997],[184283.08469999954,1880646.2866999991],[184286.13580000028,1880654.1324000005],[184288.75109999999,1880664.1576000005],[184293.54569999967,1880677.6697000004],[184294.41739999969,1880682.9002],[184296.16100000031,1880687.2589999996],[184302.69900000002,1880695.9766000006],[184305.31429999974,1880702.5146999992],[184307.92960000038,1880710.3604000006],[184310.54480000027,1880719.5138000008],[184316.21119999979,1880729.9748],[184321.65969999973,1880742.3972999994],[184329.48570000008,1880769.0812999997],[184333.85250000004,1880778.9067000002],[184335.30810000002,1880785.8209000006],[184335.30810000002,1880795.2822999991],[184335.30800000019,1880805.4715999998],[184333.48859999981,1880823.3028999995],[184333.12469999958,1880835.3116999995],[184331.66909999959,1880845.1370999999],[184331.66920000035,1880851.6874000002],[184333.48859999981,1880860.0571999997],[184339.67489999998,1880869.1546999998],[184347.68080000021,1880877.1605999991],[184365.1481999997,1880886.9860999994],[184390.6213999996,1880897.9031000007],[184401.17459999956,1880900.8144000005],[184421.00729999971,1880909.0021000002],[184434.28990000021,1880915.5524000004],[184451.30229999963,1880921.8297000006],[184459.21040000021,1880924.6060000006],[184481.32430000044,1880927.2883000001],[184487.96549999993,1880929.7445999999],[184492.05939999968,1880932.3828999996],[184501.61199999973,1880936.3858000003],[184509.07199999969,1880938.4783999994],[184516.38729999959,1880939.5221999995],[184524.66889999993,1880943.8809999991],[184544.65490000043,1880952.9945999999],[184551.38709999993,1880955.1780999992],[184557.93740000017,1880957.5434000008],[184563.57789999992,1880960.4547000006],[184571.29949999973,1880963.8377999999],[184572.49349999987,1880964.4575999994],[184572.62999999989,1880965.4186000004],[184572.49349999987,1880966.2771000005],[184572.12959999964,1880967.0050000008],[184571.11739999987,1880967.6815000009],[184570.12820000015,1880968.0966999996],[184568.18360000011,1880968.4320999999],[184565.57930000033,1880968.2785999998],[184552.47879999969,1880963.3659000006],[184540.65189999994,1880956.2697999999],[184530.28079999983,1880953.3585999999],[184522.82079999987,1880953.1765999999],[184516.08839999977,1880953.1765999999],[184509.53830000013,1880951.3571000006],[184504.80750000011,1880948.2639000006],[184502.62399999984,1880945.8986000009],[184495.70990000013,1880941.8957000002],[184487.15820000041,1880938.4385000002],[184482.79129999969,1880935.5273000002],[184476.05920000002,1880932.9800000004],[184466.23369999975,1880930.9784999993],[184461.9578999998,1880929.6139000002],[184458.59179999959,1880928.9770999998],[184452.95120000001,1880928.0672999993],[184444.39960000012,1880925.8838999998],[184423.11120000016,1880914.7848000005],[184409.46480000019,1880910.2360999994],[184395.27259999979,1880905.6872000005],[184384.7193,1880903.6857999992],[184366.8881000001,1880901.1384999994],[184358.51829999965,1880901.1383999996],[184350.87629999965,1880902.9579000007],[184345.59970000014,1880905.8692000005],[184339.04949999973,1880911.5096000005],[184332.86319999956,1880916.4223999996],[184330.67980000004,1880918.2419000007],[184323.76559999958,1880922.9726],[184319.21669999976,1880925.3379999995],[184315.21380000003,1880926.9756000005],[184312.66650000028,1880928.6131999996],[184310.48309999984,1880930.4327000007],[184307.57180000003,1880932.4341000002],[184303.02309999987,1880934.0716999993],[184292.02010000031,1880942.1373999994],[184289.25619999971,1880951.8455999997],[184290.52599999961,1880962.7094999999],[184291.93690000009,1880970.8925999999],[184290.24380000029,1880978.3704000004],[184289.67949999962,1880984.1549999993],[184290.38489999995,1880991.6327999998],[184294.19429999962,1881003.9076000005],[184291.93690000009,1881014.4892999995],[184293.34779999964,1881021.1205000002],[184292.11409999989,1881028.4679000005],[184291.76730000041,1881030.7217999995],[184291.2472000001,1881046.7873999998],[184289.97589999996,1881058.2299000006],[184288.44720000029,1881062.1063000001],[184277.98199999984,1881075.5163000003],[184277.25409999955,1881083.5222999994],[184274.52489999961,1881092.0739999991],[184267.24679999985,1881107.7217999995],[184260.15070000011,1881120.8223999999],[184256.14780000038,1881128.6462999992],[184251.2352,1881134.7415999994],[184248.14199999999,1881138.6535999998],[184243.05869999994,1881145.4737],[184239.03720000014,1881144.9868999999],[184230.34559999965,1881152.3839999996],[184206.26790000033,1881173.1699999999],[184195.89340000041,1881183.6347000003],[184188.66959999967,1881192.0142000001],[184186.76250000019,1881196.1173],[184187.67920000013,1881197.6876999997],[184186.30020000041,1881199.0067999996],[184182.71719999984,1881199.7580999993],[184179.24980000034,1881205.7683000006],[184177.28490000032,1881206.6929000001],[184177.10560000036,1881210.6751000006],[184163.58629999962,1881224.1732999999],[184160.55350000039,1881225.4308000002],[184159.14809999987,1881228.8334999997],[184155.52350000013,1881235.1210999992],[184153.19340000022,1881239.8182999995],[184151.91449999996,1881243.8896999992],[184150.38239999954,1881245.5511000007],[184150.23450000025,1881248.6949000005],[184149.10199999996,1881253.6901999991],[184146.09210000001,1881257.1645999998],[184144.64969999995,1881257.9782999996],[184144.24280000012,1881261.2699999996],[184143.05929999985,1881264.5617999993],[184137.10940000042,1881272.4437000006],[184131.96349999961,1881278.6162999999],[184129.92929999996,1881282.3889000006],[184129.41150000039,1881285.4586999994],[184126.37870000023,1881291.6352999993],[184122.0828999998,1881296.1654000003],[184121.51740000024,1881295.0541999992],[184124.10039999988,1881290.5775000006],[184129.55950000044,1881281.3162999991],[184134.62650000025,1881272.3657000009],[184141.13599999994,1881260.5303000007],[184145.46329999994,1881251.9495999999],[184147.49760000035,1881243.5538999997],[184149.60419999994,1881241.2885999996],[184149.60570000019,1881237.8581000008],[184151.4179999996,1881234.1225000005],[184149.97559999954,1881231.3855000008],[184154.67279999983,1881227.6870000008],[184158.91160000023,1881223.4941000007],[184161.25619999971,1881218.9213999994],[184160.07270000037,1881217.3680000007],[184162.58770000003,1881216.0364999995],[184167.98770000041,1881209.0832000002],[184172.83279999997,1881202.2038000003],[184177.71490000002,1881196.0272000004],[184181.74629999977,1881189.4806999993],[184189.77219999954,1881180.9739999995],[184195.32010000013,1881174.6864],[184196.65160000045,1881171.3206999991],[184202.53230000008,1881165.2181000002],[184214.1827999996,1881155.5647999998],[184219.99189999979,1881149.3651000001],[184224.55730000045,1881144.5107000005],[184231.95449999999,1881137.3446999993],[184245.12339999992,1881121.7340999991],[184247.84680000041,1881115.6155999992],[184255.18609999958,1881106.4268999994],[184267.72449999955,1881080.1787999999],[184269.36199999973,1881076.3577999994],[184270.99959999975,1881067.9880999997],[184271.36349999998,1881062.3476],[184271.36349999998,1881055.2514999993],[184271.18149999995,1881049.4289999995],[184269.90780000016,1881045.4261000007],[184263.09260000009,1881051.6634999998],[184259.39039999992,1881058.9776000008],[184257.67470000032,1881059.3387000002],[184255.23670000024,1881059.3387000002],[184250.21619999968,1881066.8983999994]]]},"properties":{"OBJECTID":2,"SHAPE_Length":2506.4856821342778,"SHAPE_Area":47330.60910010535,"Asset_ID":"SWP2","Name":"Khawr Awqad","District_ID":"Auqad al Janubiyya","Gov_ID":"2","Wlyt_ID":"Salalah","Road_ID":"105883","Latitude":16.989644479999999,"Longitude":54.035062259999997,"GlobalID":"{4117FCF1-0605-44A9-BB2A-2BBC0986CCD7}"}},{"type":"Feature","id":6,"geometry":{"type":"Polygon","coordinates":[[[182812.94979999959,1880558.8498999998],[182815.67819999997,1880554.2876999993],[182816.49890000001,1880551.5252999999],[182815.1118999999,1880548.9825999998],[182814.12949999981,1880546.8443],[182812.73419999983,1880539.8322000001],[182813.56269999966,1880539.5008000005],[182815.05389999971,1880538.1041999999],[182815.66940000001,1880536.7786999997],[182814.56759999972,1880534.7513999995],[182814.63729999959,1880533.7127999999],[182815.09499999974,1880532.0921],[182815.1978000002,1880530.8090000004],[182815.30389999971,1880529.4860999994],[182815.71520000044,1880527.1402000003],[182814.67960000038,1880526.6593999993],[182813.45909999963,1880525.6238000002],[182812.79330000002,1880524.6250999998],[182813.18730000034,1880522.7404999994],[182813.20019999985,1880520.7785999998],[182812.60840000026,1880519.9279999994],[182811.42489999998,1880516.7102000006],[182809.35369999986,1880513.7144000009],[182808.02219999954,1880511.2732999995],[182807.06060000043,1880509.7568999995],[182807.50439999998,1880508.0555000007],[182808.14479999989,1880506.9386999998],[182808.02219999954,1880505.6144999992],[182806.83860000037,1880505.0227000006],[182806.35780000035,1880504.2090000007],[182805.24830000009,1880503.1733999997],[182804.17569999956,1880502.7665999997],[182802.5998999998,1880501.9940000009],[182802.28940000013,1880500.2884999998],[182802.43740000017,1880498.5197000001],[182802.17839999963,1880497.0338000003],[182801.4757000003,1880495.9612000007],[182800.03330000024,1880495.1105000004],[182798.03600000031,1880492.9653999992],[182796.26070000045,1880492.4105999991],[182794.37449999992,1880491.1899999995],[182792.45120000001,1880488.1202000007],[182792.59910000023,1880486.6038000006],[182793.11689999979,1880485.6052000001],[182793.93059999961,1880484.5695999991],[182794.49399999995,1880483.4383000005],[182794.17449999973,1880482.1329999994],[182793.85670000035,1880480.8340000007],[182794.52240000013,1880479.1697000004],[182794.59640000015,1880477.7271999996],[182793.59779999964,1880477.2833999991],[182792.00739999954,1880477.0985000003],[182789.2703999998,1880475.693],[182784.42530000024,1880472.6601999998],[182782.72389999963,1880471.8094999995],[182781.20749999955,1880470.7368999999],[182780.39379999973,1880471.1437999997],[182778.13769999985,1880471.3657000009],[182776.36239999998,1880472.2533],[182774.62409999967,1880472.9931000005],[182772.66380000021,1880472.1053999998],[182769.37210000027,1880471.6985999998],[182767.07899999991,1880472.5492000002],[182765.74749999959,1880470.9219000004],[182762.0859000003,1880467.9260000009],[182759.27500000037,1880467.6301000006],[182754.87370000035,1880467.7411000002],[182751.80389999971,1880467.1492999997],[182748.91899999976,1880467.6670999993],[182747.92040000018,1880468],[182748.4012000002,1880466.1876999997],[182748.91899999976,1880464.0795000009],[182747.84640000015,1880460.8987000007],[182744.70260000043,1880457.7548999991],[182740.26960000023,1880456.8107999992],[182739.59860000014,1880455.8686999995],[182739.59860000014,1880454.0563999992],[182740.00540000014,1880452.2071000002],[182740.07940000016,1880450.4318000004],[182732.57129999995,1880443.1826000009],[182732.36419999972,1880441.9542999994],[182731.75760000013,1880441.0744000003],[182730.31520000007,1880440.8524999991],[182727.28230000008,1880435.7484000009],[182725.87689999957,1880435.0457000006],[182722.84399999958,1880435.1567000002],[182721.47559999954,1880434.3800000008],[182719.81120000035,1880435.8223999999],[182717.77699999977,1880435.6374999993],[182714.9291000003,1880436.0073000006],[182715.04009999987,1880433.8991],[182715.07699999958,1880430.0526000001],[182712.85790000018,1880429.4607999995],[182709.45519999973,1880428.9800000004],[182706.16349999979,1880427.7964999992],[182703.50050000008,1880426.2061000001],[182703.2416000003,1880423.4321999997],[182703.16760000028,1880421.1391000003],[182698.98819999956,1880417.0705999993],[182695.62249999959,1880414.4815999996],[182694.14309999999,1880411.8925999999],[182692.14589999989,1880411.5598000009],[182689.07610000018,1880410.7091000006],[182687.41170000006,1880409.5254999995],[182685.1185999997,1880409.0447000004],[182682.64049999975,1880408.7118999995],[182679.94060000032,1880406.5667000003],[182675.05850000028,1880402.8311000001],[182671.80370000005,1880400.2050999999],[182667.88320000004,1880397.3572000004],[182664.1847000001,1880396.3956000004],[182661.37380000018,1880395.5819000006],[182660.56010000035,1880393.0669],[182657.45330000017,1880391.8464000002],[182654.34649999999,1880389.8490999993],[182651.83139999956,1880389.1833999995],[182648.35479999986,1880388.5175999999],[182646.09119999968,1880388.9777000006],[182644.3395999996,1880390.4217000008],[182641.38069999963,1880392.2916999999],[182639.41610000003,1880393.5461999997],[182637.12000000011,1880393.0727999993],[182632.4804999996,1880391.6052000001],[182628.64580000006,1880391.8655999992],[182625.24849999975,1880390.1955999993],[182623.46339999977,1880388.5916000009],[182620.91139999963,1880385.4108000007],[182618.80319999997,1880382.3780000005],[182615.88129999954,1880381.1575000007],[182613.25530000031,1880379.6780999992],[182609.40020000003,1880378.7855999991],[182608.3348000003,1880377.8432],[182606.22800000012,1880375.9794999994],[182605.96910000034,1880373.1270000003],[182606.37370000035,1880370.5842000004],[182607.70280000009,1880368.9082999993],[182608.03509999998,1880363.3278999999],[182605.05530000012,1880358.4518999998],[182600.35989999957,1880356.9167999998],[182597.92179999966,1880358.3616000004],[182595.84499999974,1880358.3616000004],[182595.30319999997,1880356.5556000005],[182595.21289999969,1880351.7698999997],[182598.01209999993,1880348.6095000003],[182597.83150000032,1880345.8102000002],[182590.9254999999,1880337.0044999998],[182586.63470000029,1880332.7171],[182581.48770000041,1880331.0918000005],[182574.17370000016,1880327.2090000007],[182570.92300000042,1880327.0284000002],[182571.06379999965,1880323.2540000007],[182569.94830000028,1880320.8964000009],[182568.57890000008,1880319.5554000009],[182569.85020000022,1880316.9549000002],[182567.48080000002,1880308.2284999993],[182567.01850000024,1880304.0098999999],[182568.00760000013,1880300.4416000005],[182564.70689999964,1880296.9594999999],[182561.70179999992,1880295.1679999996],[182556.84740000032,1880298.9821000006],[182552.91770000011,1880299.7912000008],[182551.93530000001,1880295.5146999992],[182549.04580000043,1880291.3538000006],[182545.05819999985,1880291.1804000009],[182539.42239999957,1880290.9849999994],[182537.02539999969,1880288.6377000008],[182538.64350000024,1880288.6954999994],[182541.70639999956,1880288.2331000008],[182545.75169999991,1880286.6150000002],[182550.06429999974,1880278.7193999998],[182555.21129999962,1880273.6627999991],[182559.90670000017,1880267.8838],[182563.51860000007,1880262.6465000007],[182565.92050000001,1880254.2524999995],[182567.30750000011,1880248.7623999994],[182570.48589999974,1880246.1041000001],[182571.27649999969,1880228.7392999995],[182570.05599999987,1880221.1202000007],[182568.24370000046,1880215.3504000008],[182564.3602,1880208.2491999995],[182565.49189999979,1880194.9713000003],[182565.95660000015,1880182.6432000007],[182567.5820000004,1880171.5365999993],[182566.77020000014,1880157.0505999997],[182565.9151999997,1880150.1311000008],[182567.27859999985,1880147.7223000005],[182567.94519999996,1880144.9046],[182567.12710000016,1880142.7381999996],[182567.53610000014,1880141.9806999993],[182568.05119999964,1880141.3444999997],[182568.91469999962,1880141.1475000009],[182568.99050000031,1880140.2536999993],[182569.47530000005,1880139.2993000001],[182570.56599999964,1880138.557],[182571.2023,1880137.9661999997],[182571.17289999966,1880135.9597999994],[182570.39690000005,1880133.6237000003],[182569.04260000028,1880131.2492999993],[182567.40930000041,1880129.6160000004],[182567.59860000014,1880128.8348999992],[182568.94790000003,1880128.3377999999],[182569.13719999976,1880127.2252999991],[182569.23190000001,1880124.7398000006],[182571.58389999997,1880124.8024000004],[182572.62420000043,1880123.2421000004],[182573.56549999956,1880122.0732000005],[182572.97090000007,1880120.9882999994],[182574.35790000018,1880118.7344000004],[182573.95330000017,1880116.0760999992],[182572.50310000032,1880114.9546000008],[182571.29499999993,1880112.7243000008],[182571.5262000002,1880110.9328000005],[182572.33519999962,1880106.6563000008],[182574.12440000009,1880102.5809000004],[182574.34630000032,1880086.6030999999],[182571.0175999999,1880082.1278000008],[182570.86969999969,1880079.3539000005],[182572.09020000044,1880077.4306000005],[182573.38470000029,1880074.8416000009],[182572.2751000002,1880071.9936999995],[182570.12990000006,1880068.6649999991],[182568.05869999994,1880067.7774],[182565.8395999996,1880068.2581999991],[182562.58490000013,1880069.2197999991],[182561.29040000029,1880069.9965000004],[182558.92329999991,1880070.8841999993],[182558.18360000011,1880070.8102000002],[182556.63009999972,1880070.5142999999],[182555.26169999968,1880069.0719000008],[182554.52199999988,1880067.0375999995],[182552.22879999969,1880060.6020999998],[182551.54980000015,1880051.4075000007],[182552.23620000016,1880050.2476000004],[182555.28980000038,1880048.0934999995],[182558.0828999998,1880048.1645999998],[182562.24899999984,1880048.3539000005],[182566.20210000034,1880047.6437999997],[182568.09570000041,1880046.6970000006],[182570.2734000003,1880046.9100000001],[182576.75040000025,1880046.1776999999],[182576.93530000001,1880045.2899999991],[182578.34080000035,1880043.8105999995],[182579.85720000044,1880043.1448999997],[182581.29959999956,1880040.0749999993],[182581.37359999958,1880037.3380999994],[182582.63109999988,1880036.3395000007],[182583.74069999997,1880036.5614],[182585.14620000031,1880034.8969999999],[182589.02969999984,1880028.3506000005],[182590.28720000014,1880026.2053999994],[182590.84200000018,1880021.9149999991],[182592.21040000021,1880013.4823000003],[182592.83320000023,1880006.5611000005],[182591.7296000002,1880003.7919999994],[182592.21040000021,1880000.1674000006],[182592.28440000024,1879994.6195999999],[182592.65429999959,1879988.7758000009],[182589.14059999958,1879984.5964000002],[182590.95289999992,1879981.5636],[182592.35840000026,1879977.9759999998],[182592.43230000045,1879975.6829000004],[182592.54330000002,1879972.2061999999],[182591.3228000002,1879963.6254999992],[182591.65560000017,1879961.6653000005],[182592.83889999986,1879961.0522000007],[182592.50629999954,1879960.1489000004],[182591.45399999991,1879959.6292000003],[182590.98990000039,1879958.3735000007],[182591.06390000042,1879957.1530000009],[182592.02550000045,1879956.3762999997],[182592.72159999982,1879954.8519000001],[182591.61870000046,1879951.8270999994],[182590.69400000013,1879946.7599999998],[182591.98849999998,1879945.7244000006],[182596.24189999979,1879942.6916000005],[182604.97049999982,1879939.7326999996],[182609.40880000032,1879938.4382000007],[182614.84570000041,1879937.8835000005],[182617.8415000001,1879938.4382000007],[182622.55489999987,1879939.4113999996],[182627.92939999979,1879937.9089000002],[182633.07270000037,1879936.1752000004],[182639.0828999998,1879931.2630000003],[182643.18599999975,1879927.7956000008],[182645.26649999991,1879924.2126000002],[182645.7583999997,1879920.5584999993],[182645.03529999964,1879917.7979000006],[182642.37700000033,1879912.0188999996],[182633.53509999998,1879901.7899999991],[182627.0625,1879895.4331],[182646.42229999974,1879902.9458000008],[182651.50779999979,1879907.8002000004],[182653.24149999954,1879911.4988000002],[182656.59329999983,1879915.0817000009],[182656.88229999971,1879921.0919000003],[182656.24660000019,1879928.2578999996],[182654.3973000003,1879933.1700999998],[182650.98770000041,1879935.9440000001],[182646.65340000018,1879937.7932999991],[182645.26649999991,1879939.5270000007],[182646.53780000005,1879941.8386000004],[182655.4952999996,1879958.9444999993],[182659.54059999995,1879973.1609000005],[182662.89250000007,1879977.6107999999],[182663.06579999998,1879980.7313999999],[182663.92580000032,1879985.4840999991],[182664.70249999966,1879986.8526000008],[182666.81070000026,1879990.9580000006],[182668.10520000011,1879994.8414999992],[182664.70249999966,1879991.1798999999],[182662.5943,1879989.9964000005],[182660.92989999987,1879990.1443000007],[182659.04360000044,1879991.8455999997],[182657.15739999991,1879994.6195999999],[182655.55389999971,1879999.7130999994],[182651.87260000035,1880012.6506999992],[182650.17860000022,1880018.1795000006],[182647.17349999957,1880027.1370000001],[182646.01769999973,1880029.7952999994],[182643.30159999989,1880036.3834000006],[182642.51099999994,1880040.1860000007],[182641.77130000014,1880045.5858999994],[182639.2193,1880052.2433000002],[182636.59329999983,1880062.8213],[182635.81659999955,1880065.2993000001],[182634.33719999995,1880071.5129000004],[182634.37420000043,1880075.0265999995],[182636.63030000031,1880078.7991000004],[182642.10419999994,1880084.6427999996],[182645.43290000036,1880088.9702000003],[182647.83700000029,1880096.0713999998],[182649.39039999992,1880099.2892000005],[182650.20409999974,1880100.3247999996],[182649.05750000011,1880099.8809999991],[182646.61639999971,1880098.5124999993],[182641.73429999966,1880093.2974999994],[182636.22350000031,1880088.6372999996],[182634.55910000019,1880088.9702000003],[182630.00980000012,1880091.4112],[182628.6043999996,1880091.5592],[182627.49480000045,1880093.3715000004],[182627.01400000043,1880098.8083999995],[182626.20029999968,1880103.8753999993],[182625.90440000035,1880107.648],[182624.28859999962,1880112.9229000006],[182623.80099999998,1880115.1658999994],[182625.49139999971,1880117.7014000006],[182628.38449999969,1880121.4397999998],[182630.17729999963,1880126.3227999993],[182629.70120000001,1880128.9418000001],[182628.19330000039,1880131.6401000004],[182631.60589999985,1880134.6558999997],[182633.85869999975,1880144.9527000003],[182631.52649999969,1880151.4807999991],[182632.71690000035,1880154.8934000004],[182631.68520000018,1880158.1472999994],[182632.87569999974,1880162.6709000003],[182631.1297000004,1880164.0995000005],[182630.41540000029,1880166.7978000008],[182633.74870000035,1880171.0040000007],[182635.89149999991,1880176.5593999997],[182633.03440000024,1880178.0672999993],[182631.20909999963,1880181.7973999996],[182632.2407999998,1880184.8925000001],[182633.98670000024,1880186.3210000005],[182631.34869999997,1880192.2034000009],[182632.84590000007,1880229.6730000004],[182634.54229999986,1880264.4934],[182638.98660000041,1880266.3187000006],[182639.3041000003,1880269.5725999996],[182636.44699999969,1880273.2233000007],[182636.52639999986,1880281.9531999994],[182637.95490000024,1880288.9371000007],[182640.89130000025,1880300.3653999995],[182642.95469999965,1880304.6509000007],[182639.06599999964,1880306.9525000006],[182639.22470000014,1880311.7141999993],[182641.35479999986,1880317.2619000003],[182641.02969999984,1880320.0574999992],[182641.25729999971,1880323.0806000009],[182642.75260000024,1880325.1611000001],[182646.10080000013,1880328.6718000006],[182647.66110000014,1880339.1715999991],[182646.65340000018,1880340.9920000006],[182645.7106999997,1880341.7071000002],[182646.13329999987,1880344.3401999995],[182645.7106999997,1880346.1605999991],[182646.71839999966,1880347.4608999994],[182648.60379999969,1880348.3060999997],[182650.84680000041,1880349.8663999997],[182653.08980000019,1880350.3540000003],[182656.99069999997,1880354.8074999992],[182657.96590000018,1880354.2547999993],[182658.71349999961,1880354.5799000002],[182661.05399999954,1880354.0273000002],[182662.19180000015,1880354.1248000003],[182662.32180000003,1880355.2300000004],[182663.45949999988,1880356.2703000009],[182663.42700000014,1880357.4079999998],[182662.38680000044,1880357.9280999992],[182662.15930000041,1880359.0009000003],[182663.09379999992,1880360.0208000001],[182666.29370000027,1880359.0557000004],[182668.07149999961,1880359.2588999998],[182669.54440000001,1880361.5953000002],[182672.89670000039,1880362.9158999994],[182675.63949999958,1880363.2206999995],[182674.87760000024,1880364.4397],[182675.18240000028,1880365.8618999999],[182677.36639999971,1880365.7094999999],[182679.14419999998,1880363.3223000001],[182680.66789999977,1880362.6111999992],[182683.10599999968,1880366.5221999995],[182687.27089999989,1880369.5188999996],[182689.75970000029,1880371.7029999997],[182692.1978000002,1880372.4141000006],[182695.2452999996,1880372.9220000003],[182696.44529999979,1880375.4425000008],[182697.71509999968,1880377.8234000001],[182700.57210000046,1880378.2995999996],[182703.11170000024,1880381.3947000001],[182706.20689999964,1880383.2201000005],[182710.41309999954,1880382.0296],[182714.77809999976,1880382.9025999997],[182743.58669999987,1880404.7273999993],[182746.84059999976,1880410.2828000002],[182748.98340000026,1880413.9334999993],[182750.57070000004,1880413.6160000004],[182752.55470000021,1880412.5050000008],[182755.64989999961,1880413.2985999994],[182757.95139999967,1880416.3936999999],[182756.60219999962,1880417.9015999995],[182756.52290000021,1880421.5523000006],[182757.95139999967,1880423.6157000009],[182762.55439999979,1880423.2982999999],[182767.63370000012,1880422.8221000005],[182771.04629999958,1880423.0602000002],[182771.52240000013,1880429.4886000007],[182773.90330000035,1880432.5044],[182776.5223000003,1880430.6789999995],[182778.18890000042,1880431.2346000001],[182778.03019999992,1880434.4883999992],[182776.5223000003,1880437.9803999998],[182778.18890000042,1880439.9645000007],[182785.80769999977,1880447.1864999998],[182787.79179999977,1880444.6469000001],[182790.80759999994,1880445.2818],[182795.96619999968,1880450.5990999993],[182800.25179999974,1880451.6307999995],[182806.68010000046,1880454.9639999997],[182809.77529999986,1880460.4400999993],[182814.77520000003,1880471.0746999998],[182814.9338999996,1880473.4556000009],[182814.85450000037,1880476.7094000001],[182805.99490000028,1880478.4068],[182804.47620000038,1880480.1544000003],[182803.56080000009,1880481.2986999992],[182803.81039999984,1880483.3791000005],[182804.08090000041,1880485.1059000008],[182803.8311999999,1880486.2292999998],[182803.8311999999,1880488.2682000007],[182804.3097000001,1880489.7453000005],[182803.8936999999,1880490.7646999992],[182803.12390000001,1880491.5968999993],[182803.31109999958,1880493.2403999995],[182803.3526999997,1880494.1765999999],[182803.78959999979,1880494.8839999996],[182804.47620000038,1880495.6329999994],[182803.97690000013,1880496.2570999991],[182804.10170000046,1880497.2140999995],[182804.49700000044,1880496.9436000008],[182805.14190000016,1880497.0892999992],[182805.43319999985,1880498.3583000004],[182804.79999999981,1880501.284],[182805.15749999974,1880502.2591999993],[182805.84020000044,1880502.6818000004],[182806.55530000012,1880501.9990999997],[182807.95309999958,1880501.7716000006],[182808.70079999976,1880503.3319000006],[182810.29360000044,1880505.2498000003],[182812.08150000032,1880507.8179000001],[182812.47159999982,1880509.5081999991],[182812.95920000039,1880511.2311000004],[182812.40660000034,1880513.0189999994],[182814.09700000007,1880514.1892000008],[182814.87710000016,1880516.4647000004],[182814.68209999986,1880518.3176000006],[182815.10470000003,1880519.1627999991],[182815.20220000017,1880520.7882000003],[182815.62480000034,1880521.7959000003],[182816.14489999972,1880523.8438000008],[182816.20990000013,1880524.5590000004],[182816.86000000034,1880524.7215],[182817.80269999988,1880525.1116000004],[182817.96530000027,1880525.8593000006],[182817.25009999983,1880527.1594999991],[182816.40490000043,1880527.8421999998],[182815.88480000012,1880528.7523999996],[182815.49480000045,1880529.8250999991],[182815.46219999995,1880532.7182],[182815.75480000023,1880533.0432999991],[182816.30740000028,1880533.8234999999],[182817.12009999994,1880534.2785999998],[182817.6727,1880534.2136000004],[182817.90029999986,1880535.1887999997],[182819.33059999999,1880536.9115999993],[182820.79339999985,1880537.9844000004],[182821.31350000016,1880539.3170999996],[182821.76860000007,1880541.0399999991],[182821.89859999996,1880549.0366999991],[182821.50850000046,1880553.1326000001],[182821.24849999975,1880557.1309999991],[182820.82589999959,1880559.1464000009],[182819.26559999958,1880561.8120000008],[182817.6727,1880562.1045999993],[182815.3646999998,1880561.4219000004],[182813.93439999968,1880560.6416999996],[182812.94979999959,1880558.8498999998]]]},"properties":{"OBJECTID":6,"SHAPE_Length":1941.6375616664975,"SHAPE_Area":36529.430062344574,"Asset_ID":"SWP6","Name":"Khawr Al Qurm Al Kbir","District_ID":"Raysut","Gov_ID":"2","Wlyt_ID":"Salalah","Road_ID":"102645","Latitude":null,"Longitude":null,"GlobalID":"{454B6677-4E43-4101-B91A-749AA599F2DB}"}},{"type":"Feature","id":7,"geometry":{"type":"MultiPolygon","coordinates":[[[[187696.14520000014,1881541.8485000003],[187701.64470000006,1881544.7316999994],[187718.32230000012,1881550.3713000007],[187724.42489999998,1881555.3805999998],[187726.57010000013,1881558.4504000004],[187730.00980000012,1881564.1092000008],[187734.74399999995,1881570.4338000007],[187736.18640000001,1881573.9844000004],[187739.70000000019,1881583.0088999998],[187741.17949999962,1881585.0800999999],[187742.95480000041,1881587.2993000001],[187746.94930000044,1881591.2937000003],[187749.31630000006,1881593.5129000004],[187750.94369999971,1881596.1757999994],[187752.27520000003,1881598.6169000007],[187755.41899999976,1881601.6128000002],[187757.56419999991,1881603.3510999996],[187757.82309999969,1881606.2359999996],[187758.34090000018,1881607.7523999996],[187760.85589999985,1881610.7112000007],[187763.99969999958,1881612.3386000004],[187766.5887000002,1881613.7441000007],[187766.21879999992,1881615.7412999999],[187766.81060000043,1881618.1454000007],[187768.14209999982,1881618.7370999996],[187771.35979999974,1881617.8495000005],[187773.28309999965,1881616.5179999992],[187776.56359999999,1881616.0351],[187779.05289999954,1881617.4057],[187780.79119999986,1881618.6632000003],[187780.90220000036,1881620.3275000006],[187780.6063000001,1881621.5110999998],[187783.63910000026,1881623.8782000002],[187787.22670000046,1881625.8753999993],[187790.88829999976,1881626.5042000003],[187793.40330000035,1881626.6521000005],[187797.13889999967,1881626.6521000005],[187802.35390000045,1881626.3191999998],[187804.64699999988,1881625.0247000009],[187810.60170000046,1881624.6919],[187813.33860000037,1881622.2138],[187819.62619999982,1881619.6618000008],[187822.88100000005,1881617.7754999995],[187831.31369999982,1881615.3714000005],[187836.23280000035,1881612.7084999997],[187840.00540000014,1881611.7098999992],[187843.26009999961,1881612.5975000001],[187847.02859999985,1881612.0164999999],[187849.02990000043,1881612.6714999992],[187854.09690000024,1881611.1181000005],[187857.64759999979,1881608.6769999992],[187861.01329999976,1881607.0127000008],[187866.04330000002,1881605.7920999993],[187868.59530000016,1881603.5730000008],[187872.66380000021,1881603.5360000003],[187877.69379999954,1881603.9429000001],[187879.35819999967,1881604.6456000004],[187882.16909999959,1881603.0551999994],[187887.6799999997,1881603.1662000008],[187898.44280000031,1881601.9455999993],[187912.02940000035,1881599.8848999999],[187927.55059999973,1881599.4306000005],[187941.2723000003,1881599.6895000003],[187947.11600000039,1881601.0209999997],[187966.42260000017,1881601.2059000004],[187980.35759999976,1881603.1085000001],[187998.14609999955,1881603.1085000001],[188009.25270000007,1881602.9278999995],[188024.60319999978,1881602.2958000004],[188037.24480000045,1881601.1219999995],[188037.33509999979,1881597.7809999995],[188054.94299999997,1881598.6839000005],[188068.12640000042,1881600.8510999996],[188079.68450000044,1881600.6704999991],[188112.19149999972,1881597.9616],[188124.74280000012,1881598.5935999993],[188135.75899999961,1881599.4966000002],[188170.70409999974,1881599.9481000006],[188190.56940000039,1881601.7540000007],[188204.11400000006,1881603.1085000001],[188219.28399999999,1881601.5734999999],[188227.41069999989,1881601.8443],[188258.65350000001,1881601.3928999994],[188284.11730000004,1881601.7540000007],[188306.96250000037,1881597.7809999995],[188320.77799999993,1881598.5033],[188337.39269999973,1881599.5868999995],[188350.57610000018,1881601.0317000002],[188356.98720000032,1881604.1018000003],[188386.96590000018,1881605.0950000007],[188403.03880000021,1881605.1853],[188432.38540000003,1881604.2824000008],[188433.2452999996,1881587.6030999999],[188446.91330000013,1881566.2193],[188478.43800000008,1881548.5831000004],[188546.11679999996,1881526.3173999991],[188570.80740000028,1881528.0811000001],[188594.83669999987,1881527.1992000006],[188611.15020000003,1881515.7357000001],[188631.58100000024,1881512.2695000004],[188644.40319999959,1881503.0592],[188649.64039999992,1881492.1331999991],[188658.76040000003,1881484.6385999992],[188663.99770000018,1881480.7557999995],[188672.48560000025,1881482.0199999996],[188676.63929999992,1881485.2707000002],[188687.83609999996,1881485.0900999997],[188700.22989999969,1881482.6973999999],[188707.43059999961,1881476.5118000004],[188710.13960000034,1881473.6223000009],[188724.22589999996,1881470.1909999996],[188738.31230000034,1881466.8499999996],[188741.83389999997,1881463.7798999995],[188757.33750000037,1881471.6729000006],[188747.69269999955,1881485.7956000008],[188737.70349999983,1881498.5405000001],[188731.50329999998,1881515.4188000001],[188720.48070000019,1881534.0195000004],[188701.87999999989,1881553.3090000004],[188684.31269999966,1881567.4318000004],[188670.87889999989,1881586.3769000005],[188655.03390000015,1881598.7773000002],[188620.24380000029,1881617.7224000003],[188582.0092000002,1881634.2563000005],[188567.88650000002,1881638.0452999994],[188559.96399999969,1881638.0452999994],[188551.00810000021,1881644.5899999999],[188529.65180000011,1881649.068],[188512.7734000003,1881655.6126000006],[188501.06190000009,1881664.2239999995],[188486.93919999991,1881672.1465000007],[188470.40529999975,1881665.2574000005],[188450.08229999989,1881658.3683000002],[188432.51499999966,1881650.7902000006],[188407.36969999969,1881642.8676999994],[188393.24700000044,1881638.3897999991],[188379.12430000026,1881638.7343000006],[188366.72389999963,1881638.0452999994],[188360.86809999961,1881643.9011000004],[188354.66789999977,1881645.6234000009],[188345.36760000046,1881640.1120999996],[188342.26740000024,1881634.9452],[188333.31159999967,1881635.2896999996],[188330.90259999968,1881628.5101999994],[188315.38279999979,1881625.9705999997],[188304.09559999965,1881623.4309999999],[188292.80850000028,1881623.1488000005],[188288.4347000001,1881624.1364999991],[188283.63760000002,1881622.0200999994],[188278.6995000001,1881622.1612],[188274.74899999984,1881624.2775999997],[188269.38760000002,1881622.5844999999],[188259.51140000019,1881623.1488000005],[188253.30339999963,1881623.2898999993],[188243.00389999989,1881621.4558000006],[188222.26379999984,1881623.2898999993],[188202.65230000019,1881623.9954000004],[188192.77610000037,1881621.3147],[188181.20679999981,1881620.0449000001],[188176.40969999973,1881621.0325000007],[188160.46659999993,1881625.2652000003],[188142.26609999966,1881626.3938999996],[188117.85759999976,1881627.3815000001],[188096.55310000014,1881626.8171999995],[188086.53579999972,1881623.4309999999],[188071.0159,1881621.4558000006],[188061.42190000042,1881621.3147],[188048.15950000007,1881620.0449000001],[188033.90940000024,1881619.9037999995],[188024.8797000004,1881618.9162000008],[188013.31039999984,1881617.9285000004],[188002.30539999995,1881617.0820000004],[187993.13460000046,1881614.9657000005],[187983.2583999997,1881615.3889000006],[187972.81769999955,1881616.2355000004],[187960.26080000028,1881614.5424000006],[187953.34740000032,1881612.5670999996],[187947.28060000017,1881610.1686000004],[187941.49590000045,1881611.0152000003],[187935.28799999971,1881613.8368999995],[187933.59489999991,1881611.5795000009],[187928.37459999975,1881613.2726000007],[187925.55279999971,1881614.6834999993],[187919.76809999999,1881614.2601999994],[187911.72599999979,1881613.4136999995],[187906.50569999963,1881612.8493000008],[187902.13200000022,1881613.6959000006],[187899.59229999967,1881617.0820000004],[187896.48840000015,1881615.8122000005],[187892.53789999988,1881614.9657000005],[187880.82749999966,1881616.0943999998],[187866.57739999983,1881617.3641999997],[187853.59719999973,1881622.0200999994],[187844.56749999989,1881623.7131999992],[187836.24320000038,1881623.0077999998],[187829.75310000032,1881624.4186000004],[187817.76049999986,1881628.5101999994],[187809.5773,1881631.6141999997],[187801.39410000015,1881633.1662000008],[187793.91640000045,1881633.1662000008],[187785.02780000027,1881632.3197000008],[187778.11440000031,1881629.9210999999],[187772.6118999999,1881628.9334999993],[187762.03019999992,1881624.2775999997],[187759.06730000023,1881618.2106999997],[187753.98809999973,1881611.8617000002],[187751.5895999996,1881607.4879000001],[187749.04999999981,1881598.3170999996],[187745.24060000014,1881592.8146000002],[187740.58459999971,1881586.8889000006],[187734.09449999966,1881570.2402999997],[187727.88659999985,1881562.0570999999],[187724.2182,1881556.1314000003],[187716.3172000004,1881550.2056000009],[187707.71079999954,1881547.8070999999],[187699.66870000027,1881544.1388000008],[187696.14520000014,1881541.8485000003]]],[[[187696.14520000014,1881541.8485000003],[187694.0251000002,1881540.4704999998],[187687.8172000004,1881536.0966999996],[187673.70820000023,1881517.6140000001],[187669.89879999962,1881513.6634999998],[187666.7949000001,1881506.8912000004],[187659.03500000015,1881501.5297999997],[187651.27500000037,1881495.7451000009],[187648.45330000017,1881491.3714000005],[187644.50270000007,1881483.1882000007],[187641.1166000003,1881477.1213000007],[187637.87150000036,1881473.8762999997],[187627.9952999996,1881465.1286999993],[187622.21059999987,1881460.1906000003],[187616.00270000007,1881452.2895999998],[187614.30960000027,1881445.9406000003],[187611.76999999955,1881439.8737000003],[187609.08930000011,1881433.5247000009],[187605.8443,1881429.5742000006],[187601.89379999973,1881426.6113000009],[187599.77740000002,1881423.3662999999],[187596.67339999974,1881424.7772000004],[187591.73529999983,1881430.1385999992],[187586.79719999991,1881434.3713000007],[187581.01250000019,1881444.2475000005],[187576.35659999959,1881452.8540000003],[187566.05709999986,1881470.4901000001],[187557.59169999976,1881482.4826999996],[187547.00999999978,1881504.7749000005],[187544.47039999999,1881511.1239],[187540.51989999972,1881519.5891999993],[187542.07189999986,1881526.2204],[187539.67329999991,1881533.6982000005],[187536.56940000039,1881542.0223999992],[187531.49019999988,1881558.3888000008],[187532.61890000012,1881567.7006999999],[187533.0421000002,1881575.6017000005],[187538.40350000001,1881594.5077],[187547.00999999978,1881616.3765999991],[187549.54959999956,1881629.3567999993],[187552.3713999996,1881638.8098000009],[187555.33430000022,1881651.6489000004],[187556.46300000045,1881663.0770999994],[187559.99019999988,1881681.8420000002],[187560.69570000004,1881689.7430000007],[187564.50509999972,1881699.6193000004],[187567.32689999975,1881720.9238000009],[187568.59669999965,1881728.8247999996],[187567.46789999958,1881730.9410999995],[187564.08179999981,1881731.0822000001],[187562.67090000026,1881726.8495000005],[187560.41349999979,1881727.8372000009],[187560.55460000038,1881734.1862000003],[187562.67090000026,1881768.3298000004],[187565.06940000039,1881779.8991],[187571.55950000044,1881792.3149999995],[187574.09910000023,1881800.4981999993],[187582.70559999999,1881817.7111000009],[187587.50260000024,1881835.4883999992],[187591.73529999983,1881847.6219999995],[187598.08430000022,1881868.2211000007],[187602.4581000004,1881879.6492999997],[187605.27990000043,1881884.8695999999],[187606.83189999964,1881894.8870000001],[187610.50019999966,1881903.2113000005],[187616.42599999998,1881908.7137000002],[187624.6091,1881917.0380000006],[187642.8097000001,1881940.4589000009],[187658.04729999974,1881958.9416000005],[187665.5251000002,1881969.5232999995],[187670.32210000046,1881973.4737999998],[187670.60429999977,1881977.5654000007],[187670.46320000011,1881979.5405999999],[187675.11909999978,1881983.7732999995],[187677.37660000008,1881988.4291999992],[187678.92860000022,1881993.5085000005],[187679.06960000005,1881999.5753000006],[187681.0449000001,1882003.3847000003],[187678.78749999963,1882021.5853000004],[187675.26020000037,1882036.6818000004],[187675.26020000037,1882043.7363000009],[187674.97809999995,1882046.1348000001],[187678.64639999997,1882049.5209999997],[187682.87909999955,1882050.6497000009],[187685.09140000027,1882049.4575999994],[187687.53500000015,1882052.7660000008],[187691.20330000017,1882055.7289000005],[187694.44840000011,1882055.8699999992],[187694.30730000045,1882059.9616],[187695.7182,1882063.2065999992],[187694.30730000045,1882065.4640999995],[187691.34439999983,1882063.3476999998],[187690.21569999959,1882061.6546],[187684.29000000004,1882061.6546],[187681.4682,1882066.3105999995],[187679.2106999997,1882072.9418000001],[187680.62160000019,1882079.1497000009],[187681.89140000008,1882085.4987000003],[187681.32710000034,1882092.1298999991],[187682.59690000024,1882095.7982999999],[187684.43099999987,1882106.9442999996],[187685.98300000001,1882110.8947999999],[187687.2527999999,1882113.7166000009],[187679.7751000002,1882118.0903999992],[187676.53000000026,1882118.5136999991],[187675.11909999978,1882114.4221000001],[187676.38889999967,1882110.7536999993],[187678.92860000022,1882107.5087000001],[187675.68350000028,1882099.8899000008],[187673.70820000023,1882095.2338999994],[187673.99039999954,1882089.4492000006],[187675.54239999969,1882084.7932999991],[187675.40130000003,1882079.9963000007],[187674.27259999979,1882073.9294000007],[187672.29739999957,1882069.9789000005],[187673.5672000004,1882065.3230000008],[187672.15629999992,1882061.3725000005],[187669.57510000002,1882056.6113000009],[187668.27599999961,1882051.2390999999],[187666.7734000003,1882048.4074000008],[187665.96439999994,1882044.9398999996],[187666.42669999972,1882041.9925999995],[187666.02219999954,1882037.6583999991],[187665.90660000034,1882032.5727999993],[187666.60010000039,1882028.0651999991],[187670.81869999971,1882016.9116999991],[187671.91679999977,1882013.7332000006],[187672.6102,1882006.2204999998],[187674.34389999975,1882002.5219000001],[187673.07259999961,1881995.1248000003],[187671.80119999964,1881991.5417999998],[187669.60510000028,1881988.8834000006],[187662.72809999995,1881978.25],[187660.30090000015,1881974.8981999997],[187657.93149999995,1881971.8353000004],[187654.69529999979,1881968.8880000003],[187652.38370000012,1881965.5940000005],[187650.88109999988,1881963.2824000008],[187643.31060000043,1881955.1339999996],[187623.25739999954,1881932.2489999998],[187619.38549999986,1881929.1862000003],[187614.47329999972,1881924.0427999999],[187613.14410000015,1881920.8643999994],[187610.13900000043,1881918.7260999996],[187603.55090000015,1881907.9193999991],[187599.62119999994,1881902.9494000003],[187596.50050000008,1881894.6853999998],[187593.84219999984,1881888.0973000005],[187590.72149999999,1881879.1397999991],[187588.81439999957,1881875.0366999991],[187585.00030000042,1881862.9585999995],[187578.81670000032,1881847.0085000005],[187575.00260000024,1881834.0056999996],[187571.88190000039,1881826.7818999998],[187568.6456000004,1881819.5002999995],[187564.83150000032,1881815.0504999999],[187562.9243999999,1881809.6760000009],[187559.34140000027,1881800.5450999998],[187557.0876000002,1881795.8063999992],[187554.89159999974,1881783.4969999995],[187553.21569999959,1881780.2608000003],[187551.25079999957,1881778.5848999992],[187550.26840000041,1881774.7128999997],[187548.76580000017,1881773.3259999994],[187548.18790000025,1881761.3056000005],[187546.04970000032,1881746.2800999992],[187545.35620000027,1881729.4631999992],[187546.33860000037,1881720.0434000008],[187545.0672000004,1881715.8246999998],[187543.44909999985,1881711.3170999996],[187543.21800000034,1881707.1561999992],[187544.43149999995,1881700.6259000003],[187544.66270000022,1881693.7488000002],[187542.87119999994,1881685.8315999992],[187541.02190000005,1881681.8441000003],[187539.46160000004,1881671.9041000009],[187536.62990000006,1881662.1953999996],[187534.43379999977,1881655.3183999993],[187530.85080000013,1881646.4187000003],[187529.40610000025,1881641.5065000001],[187527.09449999966,1881632.6067999993],[187525.07180000003,1881628.4459000006],[187524.32060000021,1881623.8805],[187523.28029999975,1881616.2522],[187521.14209999982,1881604.8674999997],[187518.77269999962,1881599.3195999991],[187517.38570000045,1881592.3269999996],[187516.51889999956,1881587.0102999993],[187515.82540000044,1881584.0052000005],[187514.49619999994,1881574.2387000006],[187514.26510000043,1881568.7486000005],[187512.41579999961,1881562.9695999995],[187511.66449999996,1881555.3991],[187512.41579999961,1881552.8563000001],[187517.90579999983,1881543.4943000004],[187519.52400000021,1881538.4664999992],[187519.92850000039,1881535.6348000001],[187517.67470000032,1881528.8734000009],[187519.1771999998,1881522.1118999999],[187519.92850000039,1881516.5640999991],[187525.36079999991,1881498.0133999996],[187529.00160000008,1881491.1941999998],[187533.33579999954,1881484.6638999991],[187538.42140000034,1881470.6786000002],[187541.65759999957,1881465.8243000004],[187543.44909999985,1881457.0401000008],[187544.54710000008,1881453.8617000002],[187545.35620000027,1881451.9546000008],[187547.37880000006,1881448.7761000004],[187549.8638000004,1881442.3614000008],[187551.13520000037,1881439.3563000001],[187555.00719999988,1881434.3863999993],[187556.74089999963,1881430.9768000003],[187558.41679999977,1881428.5495999996],[187560.32390000019,1881425.0822000001],[187563.56010000035,1881417.6850000005],[187565.00490000006,1881414.9689000007],[187568.58789999969,1881412.9462000001],[187572.63320000004,1881406.7049000002],[187575.69610000029,1881402.7751000002],[187578.18099999987,1881398.2096999995],[187581.24390000012,1881394.9156999998],[187582.63090000022,1881394.1644000001],[187583.84449999966,1881392.3728999998],[187586.79179999977,1881388.2119999994],[187589.10340000037,1881385.9003999997],[187590.43259999994,1881382.1439999994],[187593.26429999992,1881378.5032000002],[187595.69149999972,1881376.7116999999],[187598.34979999997,1881375.6714999992],[187602.62629999965,1881372.8398000002],[187604.88009999972,1881370.2391999997],[187607.19170000032,1881367.9276000001],[187610.65909999982,1881365.6738000009],[187612.97070000041,1881363.9400999993],[187613.8953999998,1881361.8018999994],[187617.18939999957,1881359.5481000002],[187621.01279999968,1881357.3958999999],[187622.45529999956,1881354.1412000004],[187623.37990000006,1881350.9604000002],[187624.74839999992,1881346.4852000009],[187624.15660000034,1881340.7894000001],[187624.15660000034,1881336.3880000003],[187625.22919999994,1881334.1318999995],[187625.22919999994,1881331.5058999993],[187624.19359999988,1881329.0278999992],[187622.93609999958,1881327.9182999991],[187623.12100000028,1881325.7730999999],[187622.41830000002,1881323.1471999995],[187621.53060000017,1881321.0020000003],[187621.0867999997,1881318.4499999993],[187620.60599999968,1881317.0075000003],[187619.45940000005,1881316.3048],[187616.46360000037,1881316.1938000005],[187615.20610000007,1881316.5266999993],[187614.65130000003,1881317.5252999999],[187613.76360000018,1881317.8582000006],[187612.83899999969,1881317.7471999992],[187610.58279999997,1881318.0430999994],[187607.88289999962,1881318.5609000009],[187605.14589999989,1881318.4869999997],[187600.25690000039,1881317.3034000006],[187599.38999999966,1881314.0671999995],[187597.65629999992,1881311.6400000006],[187594.88239999954,1881312.1601],[187591.01049999986,1881312.7958000004],[187589.04559999984,1881310.0796000008],[187584.71129999962,1881309.0972000007],[187581.87959999964,1881305.2252999991],[187578.00769999996,1881301.1798999999],[187573.96229999978,1881298.6371999998],[187566.85419999994,1881293.2049000002],[187565.23599999957,1881289.1018000003],[187566.39180000033,1881285.6921999995],[187570.43709999975,1881284.0162000004],[187578.52780000027,1881283.0916000009],[187583.55549999978,1881285.1721000001],[187586.79179999977,1881286.6168000009],[187592.91750000045,1881286.0388999991],[187599.62119999994,1881285.2875999995],[187604.06940000039,1881286.0037999991],[187607.76960000023,1881284.6519000009],[187612.91289999988,1881284.4208000004],[187619.26989999972,1881284.1896000002],[187623.19959999993,1881281.3578999992],[187626.32029999979,1881280.4332999997],[187630.48120000027,1881281.7623999994],[187636.89589999989,1881287.6569999997],[187643.54179999977,1881290.6621000003],[187653.66229999997,1881295.2852999996],[187655.73909999989,1881297.1816000007],[187655.4682,1881300.1613999996],[187652.3077999996,1881301.0644000005],[187649.23770000041,1881299.6195999999],[187645.71609999985,1881299.4389999993],[187644.81309999991,1881300.5226000007],[187646.61909999978,1881302.3285000008],[187653.30109999981,1881304.4054000005],[187661.2472000001,1881307.2949000001],[187660.61519999988,1881309.0105000008],[187658.98979999963,1881310.9068],[187654.92640000023,1881310.8165000007],[187651.49509999994,1881311.5387999993],[187648.78619999997,1881310.7261999995],[187646.0773,1881309.9134999998],[187644.1810999997,1881312.7127],[187642.64599999972,1881315.6925000008],[187640.74980000034,1881317.1372999996],[187638.49230000004,1881318.7625999991],[187638.31170000043,1881321.2006000001],[187636.68640000001,1881323.0968999993],[187638.58260000031,1881326.2573000006],[187640.47890000045,1881336.2007999998],[187640.53670000006,1881341.6908999998],[187642.09700000007,1881346.6608000007],[187642.38599999994,1881351.5730000008],[187641.8657999998,1881355.1559999995],[187640.36330000032,1881356.8319000006],[187640.13210000005,1881360.6460999995],[187639.8432,1881363.0154999997],[187640.65220000036,1881364.807],[187644.2352,1881367.6386999991],[187647.48099999968,1881367.9419999998],[187647.35589999985,1881372.0885000005],[187646.6046000002,1881375.7871000003],[187643.94629999995,1881379.3701000009],[187642.2703999998,1881381.8551000003],[187639.55420000013,1881383.4732000008],[187638.22510000039,1881384.7445999999],[187638.51400000043,1881388.2119999994],[187637.99390000012,1881390.9280999992],[187637.24260000046,1881391.7371999994],[187634.69990000036,1881392.4307000004],[187633.6595999999,1881394.5110999998],[187631.69479999971,1881396.1870000008],[187629.61429999955,1881397.8629999999],[187628.45849999972,1881399.0187999997],[187621.98599999957,1881402.2550000008],[187618.17190000042,1881403.5842000004],[187614.35769999959,1881408.6118999999],[187603.78210000042,1881419.7654999997],[187602.9151999997,1881421.1524],[187604.36000000034,1881423.8685999997],[187604.47559999954,1881426.4691000003],[187607.53849999979,1881428.3761999998],[187611.06369999982,1881432.1903000008],[187612.04609999992,1881434.8487],[187613.66420000046,1881437.5069999993],[187614.29989999998,1881440.6276999991],[187615.8602,1881445.5398999993],[187617.3049999997,1881450.5676000006],[187618.11409999989,1881453.1681999993],[187620.02109999955,1881456.2888999991],[187621.46590000018,1881458.1381999999],[187623.66189999972,1881460.3342000004],[187630.65450000018,1881466.5176999997],[187636.95370000042,1881471.6032999996],[187641.11459999997,1881474.5505999997],[187645.79559999984,1881479.7517000008],[187648.62729999982,1881484.1436999999],[187651.05449999962,1881488.5358000007],[187655.44649999961,1881494.1992000006],[187657.98929999955,1881496.6842],[187660.64769999962,1881498.3600999992],[187664.75079999957,1881502.3476999998],[187667.46690000035,1881504.6015000008],[187669.14279999956,1881505.9307000004],[187670.12530000042,1881508.8202],[187671.80119999964,1881511.6519000009],[187675.26860000007,1881517.7199000008],[187680.58530000038,1881525.5215000007],[187685.43969999999,1881531.9363000002],[187692.95749999955,1881539.3819999993],[187696.14520000014,1881541.8485000003]]]]},"properties":{"OBJECTID":7,"SHAPE_Length":4775.6115852290623,"SHAPE_Area":62904.765192408857,"Asset_ID":"SWP7","Name":"Khawr Salalah","District_ID":"Auqad al Janubiyya","Gov_ID":"2","Wlyt_ID":"Salalah","Road_ID":"100002","Latitude":null,"Longitude":null,"GlobalID":"{F7F142C1-6A0A-41EC-95BA-2B2947B60822}"}},{"type":"Feature","id":8,"geometry":{"type":"Polygon","coordinates":[[[194395.05649999995,1882634.2267000005],[194396.77749999985,1882634.7081000004],[194400.14809999987,1882635.6508000009],[194405.23979999963,1882637.0748999994],[194409.96630000044,1882638.3969000001],[194413.3320000004,1882640.3571000006],[194416.77170000039,1882642.2063999996],[194423.35520000011,1882641.6886],[194424.79760000017,1882640.8008999992],[194427.79349999968,1882639.2105999999],[194431.1222000001,1882638.3228999991],[194435.96729999967,1882637.5832000002],[194456.48749999981,1882641.5660999995],[194466.36959999986,1882643.4732000008],[194477.58090000041,1882646.3627000004],[194501.2603000002,1882650.9263000004],[194519.72730000038,1882655.9559000004],[194526.52940000035,1882657.3800000008],[194533.98099999968,1882659.3693000004],[194546.88159999996,1882662.3518000003],[194557.06010000035,1882665.0029000007],[194567.09649999999,1882667.2752999999],[194576.84889999963,1882669.8554999996],[194582.50629999954,1882671.2993999999],[194586.86170000024,1882672.4355999995],[194590.45969999954,1882672.8379999995],[194594.48369999975,1882673.0984000005],[194599.09949999955,1882673.3586999997],[194603.2893000003,1882673.5008000005],[194606.01140000019,1882673.6191000007],[194609.68039999995,1882673.6427999996],[194612.30790000036,1882673.6900999993],[194615.7165000001,1882673.4534000009],[194617.51549999975,1882673.2403999995],[194618.57019999996,1882673.6785000004],[194620.78210000042,1882674.0689000003],[194625.16119999997,1882676.0098999999],[194629.09049999993,1882677.2643999998],[194633.30399999954,1882679.2764999997],[194636.07340000011,1882681.1700999998],[194640.7603000002,1882684.0106000006],[194649.44900000002,1882687.9137999993],[194672.62280000001,1882696.6978999991],[194690.7209999999,1882703.0284000002],[194700.34130000044,1882705.2671000008],[194709.25490000006,1882706.8574999999],[194717.61369999964,1882707.3383000009],[194724.2341,1882707.2272999994],[194734.40519999992,1882707.4861999992],[194743.94749999978,1882707.6341999993],[194748.90359999985,1882707.2642999999],[194753.60080000013,1882706.6355000008],[194757.52130000014,1882705.9697999991],[194760.96100000013,1882705.3780000005],[194774.74940000009,1882703.3285000008],[194778.08540000021,1882703.9355999995],[194785.5195000004,1882704.1205000002],[194790.21669999976,1882703.8616000004],[194799.98089999985,1882703.7507000007],[194805.75069999974,1882703.6396999992],[194812.59300000034,1882704.0834999997],[194814.41899999976,1882703.3695],[194817.17929999996,1882703.8245999999],[194822.54220000003,1882703.7137000002],[194826.72159999982,1882703.4177999999],[194830.12430000026,1882703.2328999992],[194834.30370000005,1882702.4931000005],[194840.48029999994,1882701.9752999991],[194849.43080000021,1882701.8643999994],[194853.9430999998,1882702.0863000005],[194855.86639999971,1882702.8629999999],[194858.30740000028,1882705.2301000003],[194860.74820000026,1882707.8699999992],[194862.70820000023,1882708.1798999999],[194868.68709999975,1882709.1253999993],[194875.5393000003,1882708.9678000007],[194878.22640000004,1882709.3858000003],[194880.14379999973,1882710.5930000003],[194881.70610000007,1882711.2084999997],[194883.15000000037,1882711.9896000009],[194887.4581000004,1882712.1316],[194889.06769999955,1882711.4214999992],[194891.07969999965,1882710.5219999999],[194892.5,1882709.8828999996],[194893.65990000032,1882708.6994000003],[194895.81089999992,1882708.1888999995],[194902.46839999966,1882708.1888999995],[194914.56269999966,1882707.6710999999],[194920.59140000027,1882707.1533000004],[194923.32830000017,1882706.5615999997],[194932.50079999957,1882706.3765999991],[194933.83229999989,1882706.0067999996],[194938.08559999987,1882705.6739000008],[194942.93080000021,1882705.1191000007],[194948.18269999977,1882705.3040999994],[194952.6950000003,1882704.4534000009],[194954.58129999973,1882704.1205000002],[194959.01960000023,1882703.1589000002],[194962.60720000044,1882702.8629999999],[194964.30449999962,1882702.2061000001],[194968.18730000034,1882700.8516000006],[194969.26790000033,1882698.2619000003],[194971.43800000008,1882698.5039000008],[194971.88949999958,1882700.5164999999],[194975.59159999993,1882700.9419],[194977.12669999991,1882702.3867000006],[194978.84229999967,1882705.3664999995],[194984.07959999982,1882707.1723999996],[194989.1361999996,1882709.159],[194996.34049999993,1882711.0424000006],[195004.21580000035,1882712.0484999996],[195014.2388000004,1882712.3193999995],[195040.78619999997,1882710.9649],[195069.50069999974,1882710.2424999997],[195103.99430000037,1882712.0484999996],[195134.69720000029,1882714.0837999992],[195158.76260000002,1882716.6820999999],[195197.31599999964,1882720.8445999995],[195238.62019999977,1882725.3040999994],[195249.77369999979,1882725.2463000007],[195278.7265999997,1882727.2112000007],[195287.62629999965,1882726.9221999999],[195289.05379999988,1882728.8183999993],[195294.61890000012,1882729.4071999993],[195308.25739999954,1882729.6962000001],[195322.99390000012,1882729.8695],[195327.15479999967,1882729.3494000006],[195329.82469999976,1882731.5088],[195347.18159999978,1882733.3150999993],[195361.82890000008,1882734.8395000007],[195374.13819999993,1882735.3017999995],[195390.20390000008,1882736.1108999997],[195397.83220000006,1882738.2490999997],[195407.49500000011,1882738.3651999999],[195419.85030000005,1882739.6360999998],[195442.42310000025,1882740.1075999998],[195459.55209999997,1882740.9075000007],[195472.67050000001,1882739.8672000002],[195483.0728000002,1882738.2490999997],[195494.91970000044,1882737.3245000001],[195505.55310000014,1882735.5329999998],[195515.55080000032,1882732.2967000008],[195526.41540000029,1882729.5228000004],[195533.35020000022,1882726.6910999995],[195542.82780000009,1882722.6457000002],[195550.22499999963,1882718.8893999998],[195553.40340000018,1882715.7686999999],[195556.69749999978,1882713.0526000001],[195559.8180999998,1882710.5098000001],[195562.36089999974,1882709.7006999999],[195564.15240000002,1882706.2910999991],[195569.00679999962,1882703.0548999999],[195571.83849999961,1882698.7784000002],[195576.40390000027,1882693.4616999999],[195578.19539999962,1882689.8786999993],[195579.9291000003,1882684.5042000003],[195584.43680000026,1882678.2629000004],[195589.23340000026,1882673.5819000006],[195593.91440000013,1882667.1094000004],[195597.55520000029,1882658.9608999994],[195599.86679999996,1882655.6668999996],[195603.79650000017,1882652.3728999998],[195607.95739999972,1882646.3627000004],[195611.07809999958,1882636.1338],[195614.83440000005,1882629.8925000001],[195621.5820000004,1882617.9438000005],[195626.85479999986,1882610.2437999994],[195633.09609999973,1882604.4069999997],[195636.39020000026,1882600.8239999991],[195639.39529999997,1882595.7383999992],[195641.82500000019,1882592.1677000001],[195642.98489999957,1882588.3565999996],[195642.62990000006,1882586.9126999993],[195641.5410000002,1882585.7054999992],[195640.16810000036,1882584.5930000003],[195638.73429999966,1882584.9100000001],[195636.11569999997,1882586.9868000001],[195632.50380000006,1882588.8830999993],[195630.42700000014,1882587.7994999997],[195627.35680000018,1882584.6391000003],[195627.35680000018,1882575.5190999992],[195629.25310000032,1882567.6632000003],[195630.87839999981,1882564.5931000002],[195633.67769999988,1882565.5864000004],[195635.57390000019,1882568.1147000007],[195638.73429999966,1882572.0877999999],[195639.27610000037,1882579.1309999991],[195640.72080000024,1882584.1875999998],[195643.09860000014,1882586.4177999999],[195647.19689999986,1882586.2608000003],[195651.24230000004,1882585.5096000005],[195653.38049999997,1882583.8914999999],[195654.76750000007,1882580.4817999993],[195654.82529999968,1882578.7480999995],[195655.57650000043,1882576.7255000006],[195657.42580000032,1882573.7782000005],[195659.44849999994,1882571.4666000009],[195661.76009999961,1882568.2302999999],[195661.93350000028,1882565.0517999995],[195662.28019999992,1882558.0013999995],[195663.74100000039,1882554.7620000001],[195665.2929999996,1882551.5170000009],[195667.26819999982,1882548.1307999995],[195666.72640000004,1882540.5741000008],[195664.19809999969,1882533.4406000003],[195658.69000000041,1882520.7990000006],[195655.71019999962,1882515.3812000006],[195655.71019999962,1882512.2207999993],[195658.34829999972,1882510.6846999992],[195662.03100000042,1882510.3245000001],[195664.01750000007,1882506.7126000002],[195666.95029999968,1882504.3556999993],[195673.48680000007,1882503.6882000007],[195677.47180000041,1882503.2813000008],[195679.81950000022,1882504.9969999995],[195683.88289999962,1882510.2342000008],[195689.75219999999,1882516.0131999999],[195694.3574000001,1882522.9660999998],[195700.04609999992,1882527.9324999992],[195702.61129999999,1882532.5484999996],[195703.77359999996,1882532.4582000002],[195705.85400000028,1882531.1867999993],[195708.10780000035,1882529.4530999996],[195713.48230000027,1882518.7040999997],[195716.71860000025,1882513.5030000005],[195721.16839999985,1882506.1635999996],[195722.8443,1882503.1007000003],[195724.57799999975,1882500.5001999997],[195726.6007000003,1882499.0554000009],[195727.92989999987,1882500.2689999994],[195728.04550000001,1882501.8293999992],[195726.54289999977,1882503.6207999997],[195704.17810000014,1882538.9885000009],[195705.0449000001,1882542.7447999995],[195707.99220000021,1882548.0036999993],[195708.22339999955,1882553.2048000004],[195710.18829999957,1882556.6722999997],[195710.07270000037,1882561.6999999993],[195709.72599999979,1882566.9011000004],[195708.16559999995,1882570.9463999998],[195705.96960000042,1882573.7782000005],[195702.96449999977,1882579.1526999995],[195700.53729999997,1882586.2030999996],[195700.47950000037,1882590.9996000007],[195698.39910000004,1882596.0274],[195694.12260000035,1882602.7887999993],[195691.23309999984,1882608.8567999993],[195689.78830000013,1882612.8443],[195695.50960000046,1882614.4046999998],[195700.94180000015,1882616.7741],[195703.88910000026,1882619.2013000008],[195701.28859999962,1882622.0908000004],[195696.66540000029,1882620.8193999995],[195690.82859999966,1882619.3168000001],[195686.87959999964,1882621.4973000009],[195659.36720000021,1882668.0568000004],[195640.49330000021,1882696.9868999999],[195638.23950000014,1882700.7433000002],[195634.82980000041,1882703.1703999992],[195631.42019999959,1882706.2333000004],[195630.14879999962,1882711.2032999992],[195628.18400000036,1882711.5500000007],[195626.62359999958,1882713.2259],[195627.1436999999,1882715.0752000008],[195625.35219999962,1882715.1908],[195622.92509999964,1882717.9068999998],[195618.59080000035,1882720.9120000005],[195617.72389999963,1882725.7085999995],[195618.59080000035,1882730.0428999998],[195616.62590000033,1882729.4071999993],[195612.00270000007,1882735.7062999997],[195609.05539999995,1882739.0581999999],[195606.16590000037,1882740.2718000002],[195604.54779999983,1882744.7215999998],[195601.94720000029,1882748.1312000006],[195597.90189999994,1882752.9277999997],[195598.19079999998,1882759.9781999998],[195600.56020000018,1882764.7170000002],[195598.42200000025,1882770.3805],[195599.51999999955,1882774.5414000005],[195603.04519999959,1882778.2399000004],[195602.5251000002,1882783.1521000005],[195607.78399999999,1882786.6195],[195615.93240000028,1882791.9362000003],[195624.18659999967,1882796.6414999999],[195632.50380000006,1882797.7404999994],[195649.20880000014,1882803.5195000004],[195674.87849999964,1882810.1978999991],[195712.15309999976,1882816.9594000001],[195735.75980000012,1882821.5547000002],[195755.02830000035,1882824.2469999995],[195769.13470000029,1882826.2180000003],[195785.50109999999,1882833.6956999991],[195813.15460000001,1882850.9086000007],[195822.62689999957,1882854.5932],[195831.69060000032,1882855.9923],[195838.97400000039,1882857.1165999994],[195842.92449999973,1882862.9012000002],[195847.86259999964,1882870.2379000001],[195858.86760000046,1882874.1884000003],[195871.84779999964,1882885.8988000005],[195890.04829999991,1882897.7502999995],[195899.7834999999,1882903.8171999995],[195917.62719999999,1882909.3000000007],[195935.12550000008,1882912.4613000005],[195956.78359999973,1882916.3740999997],[195980.06340000033,1882917.9261000007],[195993.73849999998,1882918.1264999993],[196002.27080000006,1882919.6416999996],[196003.62530000042,1882922.5311999992],[196008.41100000031,1882925.6013999991],[196012.38410000037,1882922.9826999996],[196016.3554999996,1882918.1804000009],[196020.05939999968,1882918.8290999997],[196026.38019999955,1882921.8991999999],[196030.1727,1882920.0029000007],[196045.91760000028,1882920.2217999995],[196053.96630000044,1882921.6162],[196059.24839999992,1882922.5311999992],[196063.76319999993,1882921.8089000005],[196069.6911000004,1882921.5577000007],[196073.78619999997,1882922.2603999991],[196074.50860000029,1882919.4611000009],[196077.32400000002,1882916.2074999996],[196083.26740000024,1882917.2037000004],[196087.24050000031,1882915.7589999996],[196100.42389999982,1882919.2805000003],[196102.37750000041,1882920.9211999997],[196109.81479999982,1882922.1700999998],[196112.34310000017,1882926.0527999997],[196114.41999999993,1882931.2901000008],[196114.78120000008,1882935.7146000005],[196113.33640000038,1882936.7079000007],[196110.80810000002,1882936.3466999996],[196109.99540000036,1882931.3804000001],[196105.1194000002,1882929.8453000002],[196102.8618999999,1882931.1997999996],[196098.88879999984,1882930.6579999998],[196095.54779999983,1882931.0192000009],[196090.03969999962,1882930.7482999992],[196086.2472000001,1882932.3736000005],[196083.44799999986,1882935.8951999992],[196080.82940000016,1882934.3602000009],[196074.86980000045,1882932.9154000003],[196067.73629999999,1882933.6378000006],[196062.86029999983,1882936.0757999998],[196057.80360000022,1882935.1729000006],[196050.94099999964,1882932.0124999993],[196044.71050000004,1882931.9221999999],[196034.05549999978,1882934.9020000007],[196031.25619999971,1882936.6175999995],[196025.38690000027,1882938.2430000007],[196016.62810000032,1882938.0624000002],[196010.30730000045,1882938.5139000006],[196002.54169999994,1882938.0624000002],[195997.12390000001,1882936.9788000006],[195991.1643000003,1882936.8884999994],[195987.10089999996,1882936.6175999995],[195985.47559999954,1882938.1526999995],[195985.65620000008,1882941.3131000008],[195984.21140000038,1882944.9250000007],[195977.52940000035,1882942.9384000003],[195973.91750000045,1882945.4667000007],[195969.2220999999,1882947.2727000006],[195964.88779999968,1882946.5503000002],[195963.3526999997,1882944.2026000004],[195959.3797000004,1882941.7645999994],[195952.33650000021,1882941.5840000007],[195947.09920000006,1882943.2995999996],[195946.10599999968,1882940.7712999992],[195944.39030000009,1882936.3466999996],[195940.41729999986,1882935.7146000005],[195935.81209999975,1882934.0892999992],[195931.1166000003,1882933.6378000006],[195930.75549999997,1882931.8319000006],[195926.87270000018,1882929.3937999997],[195923.08019999973,1882927.4072999991],[195919.64890000038,1882927.9491000008],[195916.66909999959,1882930.3870999999],[195908.90350000001,1882929.0326000005],[195907.27819999959,1882929.9355999995],[195905.38190000039,1882929.3937999997],[195902.9439000003,1882927.4976000004],[195897.61639999971,1882923.4342],[195888.58669999987,1882917.5648999996],[195882.80759999994,1882912.6888999995],[195876.12559999991,1882908.8060999997],[195868.45040000044,1882906.4583000001],[195852.46779999975,1882903.2075999994],[195848.13350000046,1882902.5756000001],[195840.0970999999,1882899.1443000007],[195836.39489999972,1882895.6227000002],[195830.79640000034,1882890.5659999996],[195818.87719999999,1882884.1548999995],[195804.33939999994,1882873.0483999997],[195775.5345999999,1882862.4835999999],[195759.73249999993,1882855.8015999999],[195757.74600000028,1882856.8851999994],[195752.59910000023,1882857.6978999991],[195741.85369999986,1882853.4539000001],[195721.08530000038,1882849.8420000002],[195708.53399999999,1882848.0361000001],[195697.51779999956,1882844.4242000002],[195687.13360000029,1882841.2638000008],[195682.61870000046,1882837.2906999998],[195671.42190000042,1882834.4012000002],[195669.07419999968,1882831.9631999992],[195663.65629999992,1882827.8998000007],[195658.32880000025,1882826.0034999996],[195652.54980000015,1882824.2879000008],[195646.22900000028,1882820.4050999992],[195638.66940000001,1882820.3297000006],[195636.59819999989,1882821.1804000009],[195635.71059999987,1882823.5105000008],[195634.52699999977,1882824.9158999994],[195634.34210000001,1882824.4351000004],[195632.71470000036,1882824.3242000006],[195630.19969999976,1882824.5831000004],[195627.79559999984,1882826.2843999993],[195627.46270000003,1882828.0227000006],[195628.05449999962,1882829.5760999992],[195628.01750000007,1882832.6089999992],[195627.27780000027,1882834.8280999996],[195626.05730000045,1882837.4911000002],[195624.20799999963,1882839.1554000005],[195623.32029999979,1882841.4855000004],[195624.91069999989,1882844.0375999995],[195625.42850000039,1882847.0703999996],[195623.80119999964,1882850.1402000003],[195622.61760000046,1882852.5442999993],[195623.28340000007,1882854.6894000005],[195624.35589999985,1882857.0195000004],[195627.05590000004,1882859.4605999999],[195629.71889999975,1882862.0866],[195631.49419999961,1882865.9701000005],[195636.20600000024,1882873.8610999994],[195638.91490000021,1882875.9378999993],[195640.90139999986,1882878.1050000004],[195639.18580000009,1882880.0916000009],[195637.10890000034,1882882.2587000001],[195633.67769999988,1882881.7169000003],[195626.63449999969,1882880.5429999996],[195617.06300000008,1882875.3058000002],[195609.29739999957,1882869.4364999998],[195607.58179999981,1882866.0052000005],[195608.39439999964,1882858.1492999997],[195605.86610000022,1882840.4510999992],[195605.14850000013,1882835.6424000002],[195604.66370000038,1882834.7788999993],[195603.34570000041,1882833.6882000007],[195600.9824000001,1882832.8246999998],[195598.43730000034,1882831.9004999995],[195594.15000000037,1882830.9006999992],[195591.51400000043,1882830.3401999995],[195588.49930000026,1882829.4918000009],[195587.31769999955,1882828.8554999996],[195585.3331000004,1882827.9465999994],[195582.39410000015,1882826.1437999997],[195581.18219999969,1882825.2651000004],[195580.04600000009,1882822.8411999997],[195579.37939999998,1882820.2355000004],[195577.39479999989,1882809.9188000001],[195576.60709999967,1882806.5557000004],[195576.25860000029,1882805.6467000004],[195575.78899999987,1882801.3896999992],[195574.89520000014,1882797.057],[195574.66789999977,1882795.7693000007],[195574.18319999985,1882794.9663999993],[195573.48629999999,1882794.7543000001],[195570.22919999994,1882794.6786000002],[195569.39599999972,1882794.5724999998],[195569.06269999966,1882794.3604000006],[195568.95660000015,1882793.7696000002],[195568.33550000004,1882784.4224999994],[195568.16889999993,1882780.1806000005],[195567.97190000024,1882776.1358000003],[195568.09310000017,1882774.2572000008],[195568.53249999974,1882774.1208999995],[195572.03199999966,1882773.6360999998],[195571.97140000015,1882771.4697999991],[195571.9411000004,1882770.9547000006],[195571.56230000034,1882770.7729000002],[195571.56230000034,1882768.9550000001],[195571.36539999954,1882768.7579999994],[195571.31840000022,1882768.4016999993],[195565.25270000007,1882768.3278000001],[195563.18149999995,1882768.5496999994],[195562.03500000015,1882769.6962000001],[195561.29530000035,1882771.3606000002],[195561.18429999985,1882773.0988999996],[195561.25829999987,1882776.7974999994],[195561.44319999963,1882783.2699999996],[195561.73909999989,1882792.8123000003],[195562.18290000036,1882803.6491],[195553.82409999985,1882803.1682999991],[195553.82409999985,1882802.7245000005],[195554.08299999963,1882800.8012000006],[195554.08299999963,1882799.3958000001],[195554.67480000015,1882799.0628999993],[195555.2296000002,1882797.0657000002],[195555.2296000002,1882793.7369999997],[195555.59949999955,1882791.3329000007],[195556.04330000002,1882787.5973000005],[195555.37760000024,1882785.8220000006],[195554.67480000015,1882784.8604000006],[195554.04609999992,1882782.9371000007],[195552.89950000029,1882778.9427000005],[195551.75289999973,1882774.6893000007],[195549.90369999968,1882770.3249999993],[195547.81180000026,1882767.7975999992],[195546.46410000045,1882766.9250000007],[195545.41700000037,1882766.5758999996],[195544.56379999965,1882766.4401999991],[195543.44880000036,1882766.5079999994],[195542.37719999999,1882766.6519000009],[195541.27890000027,1882766.9001000002],[195540.45359999966,1882767.2290000003],[195539.15789999999,1882768.0914999992],[195537.70349999983,1882769.6669999994],[195536.30979999993,1882771.3333999999],[195535.64319999982,1882772.5453999992],[195534.6584999999,1882773.8936999999],[195533.93130000029,1882775.6054999996],[195532.71939999983,1882778.2112000007],[195531.99220000021,1882780.8926999997],[195531.58320000023,1882782.1652000006],[195528.79569999967,1882782.2863999996],[195524.28120000008,1882782.5135999992],[195517.16100000031,1882782.9377999995],[195510.44979999959,1882783.4681000002],[195504.55669999961,1882783.9831000008],[195499.05750000011,1882784.4224999994],[195494.72479999997,1882784.7405999992],[195494.86890000012,1882786.1548999995],[195483.0334999999,1882786.6357000005],[195465.94600000046,1882786.6357000005],[195455.14620000031,1882787.1535],[195444.12449999992,1882787.4123999998],[195434.32320000045,1882787.8191999998],[195424.66999999993,1882788.1151000001],[195414.31400000025,1882788.7438999992],[195407.21270000003,1882789.0028000008],[195399.96349999961,1882788.8917999994],[195396.59779999964,1882789.1876999997],[195393.89780000038,1882790.0013999995],[195391.5307,1882791.0370000005],[195389.60749999993,1882792.7752999999],[195387.24039999954,1882795.2163999993],[195381.06379999965,1882800.7272999994],[195376.92140000034,1882804.4627999999],[195373.55570000038,1882808.2722999994],[195370.44890000019,1882812.9324999992],[195369.59819999989,1882814.8188000005],[195368.96939999983,1882816.9269999992],[195369.04339999985,1882820.2927000001],[195370.11600000039,1882824.8049999997],[195372.44610000029,1882832.9788000006],[195373.03789999988,1882836.6774000004],[195372.85290000029,1882839.5993000008],[195372.55709999986,1882842.4840999991],[195371.70639999956,1882844.3333999999],[195370.41189999972,1882845.9238000009],[195368.52560000028,1882847.1444000006],[195366.97219999973,1882847.5142000001],[195365.15990000032,1882847.6991000008],[195362.53390000015,1882847.3292999994],[195360.79559999984,1882846.8485000003],[195358.65039999969,1882846.0348000005],[195357.3189000003,1882845.0732000005],[195354.28610000014,1882842.0033],[195352.80669999961,1882841.0416999999],[195350.62449999992,1882840.3760000002],[195347.85059999954,1882840.2650000006],[195345.44649999961,1882840.2650000006],[195343.70820000023,1882841.1896000002],[195340.60140000004,1882842.7799999993],[195336.60690000001,1882844.2595000006],[195333.83299999963,1882845.2580999993],[195330.17140000034,1882845.9978],[195322.62629999965,1882845.7759000007],[195316.85649999976,1882845.9607999995],[195313.1950000003,1882846.4416000005],[195311.45660000015,1882846.7375000007],[195309.71829999983,1882847.4033000004],[195307.53610000014,1882848.3649000004],[195305.13210000005,1882849.7334000003],[195302.02529999986,1882851.4346999992],[195301.24859999958,1882852.2853999995],[195300.25,1882853.6169000007],[195299.14039999992,1882855.7620000001],[195297.9199000001,1882858.4989999998],[195296.73629999999,1882860.7181000002],[195295.47879999969,1882862.4934],[195292.59389999975,1882865.5632000007],[195290.70760000031,1882866.7838000003],[195288.74739999976,1882867.1165999994],[195286.71320000011,1882866.7467999998],[195285.75150000025,1882866.0810000002],[195284.86390000023,1882865.1194000002],[195283.93919999991,1882863.1591999996],[195283.53239999991,1882860.3851999994],[195283.79129999969,1882858.3139999993],[195284.05020000041,1882856.4648000002],[195284.75289999973,1882853.6537999995],[195285.67760000005,1882851.6936000008],[195287.34190000035,1882849.4745000005],[195289.48709999956,1882845.9978],[195292.29800000042,1882842.6690999996],[195293.92540000007,1882841.2635999992],[195295.44180000015,1882839.9320999999],[195298.84449999966,1882837.7129999995],[195301.9143000003,1882836.4185000006],[195305.28000000026,1882834.9759999998],[195310.42100000009,1882832.7568999995],[195314.37849999964,1882831.5363999996],[195319.70440000016,1882829.7240999993],[195321.59069999959,1882829.2062999997],[195324.91940000001,1882827.7268000003],[195327.24949999992,1882826.8022000007],[195328.54399999976,1882826.0254999995],[195330.3563000001,1882824.8789000008],[195332.42750000022,1882823.2146000005],[195335.83019999973,1882818.7392999995],[195340.19450000022,1882812.8585999999],[195350.06969999988,1882799.8765999991],[195356.69020000007,1882790.1492999997],[195362.64489999972,1882781.8275000006],[195363.79140000045,1882779.8673],[195364.82699999958,1882777.9810000006],[195364.82699999958,1882776.3905999996],[195364.42019999959,1882775.2071000002],[195363.79140000045,1882774.4304000009],[195362.64489999972,1882773.7277000006],[195361.38740000036,1882773.5427000001],[195359.87100000028,1882773.6907000002],[195359.02029999997,1882773.9866000004],[195356.43130000029,1882775.3550000004],[195308.06579999998,1882770.4567000009],[195298.97620000038,1882769.4151000008],[195294.36029999983,1882769.1547999997],[195286.00449999981,1882768.3498999998],[195278.14580000006,1882767.6634999998],[195274.24010000005,1882767.3083999995],[195265.57660000026,1882766.7402999997],[195258.61730000004,1882766.1959000006],[195252.41559999995,1882765.9592000004],[195248.08380000014,1882765.9354999997],[195245.14859999996,1882766.3378999997],[195241.43230000045,1882767.3557999991],[195238.21300000045,1882768.0896000005],[195232.48469999991,1882770.0068999995],[195229.45480000041,1882771.4507999998],[195225.24139999971,1882774.0309999995],[195223.32409999985,1882775.4275000002],[195218.80289999954,1882779.6883000005],[195213.42360000033,1882785.4637000002],[195206.19990000036,1882793.4965000004],[195201.75,1882798.2353000008],[195196.37550000008,1882803.9565999992],[195190.24980000034,1882810.0244999994],[195182.9682,1882817.7684000004],[195178.1138000004,1882824.2409000006],[195175.39059999958,1882828.4976000004],[195171.39020000026,1882834.6994000003],[195166.79800000042,1882842.4870999996],[195164.64400000032,1882845.8719999995],[195162.30059999973,1882848.9019000009],[195158.22919999994,1882853.4231000002],[195150.08789999969,1882860.5702],[195140.61950000003,1882867.7454000004],[195134.03610000014,1882871.2960000001],[195125.52469999995,1882875.2697000001],[195119.16779999994,1882876.3676999994],[195111.48170000035,1882875.3852999993],[195108.4765999997,1882874.2873],[195106.28060000017,1882873.2469999995],[195104.66249999963,1882870.8198000006],[195104.74480000045,1882868.1215000004],[195105.87359999958,1882864.0298999995],[195110.38839999959,1882857.9630999994],[195116.87849999964,1882851.8962999992],[195125.34389999975,1882842.7255000006],[195135.50229999982,1882832.1436999999],[195148.1453999998,1882818.5795000009],[195156.52489999961,1882809.3004999999],[195166.3956000004,1882798.4829999991],[195174.25430000015,1882789.8668000009],[195179.34360000025,1882784.3750999998],[195181.80539999995,1882781.4398999996],[195187.13129999954,1882776.1850000005],[195188.95399999991,1882774.1730000004],[195191.91280000005,1882770.9300999995],[195194.13790000044,1882769.1784000006],[195197.16779999994,1882765.7935000006],[195198.51699999999,1882764.3969000001],[195200.50609999988,1882760.3028999995],[195200.89389999956,1882759.3624000009],[195201.63019999955,1882757.8505000006],[195201.82710000034,1882756.7293999996],[195201.64529999997,1882755.5175000001],[195201.06969999988,1882754.4419],[195200.40309999976,1882753.6238000002],[195199.35780000035,1882752.7754999995],[195198.41849999968,1882752.4119000006],[195197.41870000027,1882752.1695000008],[195196.4793999996,1882751.9877000004],[195195.35830000043,1882752.0482999999],[195193.78280000016,1882752.2301000003],[195192.5103000002,1882752.5028000008],[195190.9952999996,1882753.0329999998],[195189.14709999971,1882753.7299000006],[195186.90500000026,1882754.8205999993],[195185.39010000043,1882755.8961999994],[195182.57230000012,1882758.1382999998],[195181.51180000044,1882758.8502999991],[195180.72410000023,1882759.4715],[195179.86060000025,1882760.5774000008],[195178.51229999959,1882761.7136000004],[195177.26999999955,1882763.2436999995],[195176.60340000037,1882763.9254000001],[195172.67980000004,1882766.8794999998],[195170.46800000034,1882768.4702000003],[195168.36220000032,1882769.8639000002],[195164.99899999984,1882771.6666999999],[195162.46910000034,1882773.0452999994],[195155.95490000024,1882776.0752000008],[195134.31429999974,1882785.5405000001],[195118.42810000014,1882791.5177999996],[195114.76649999991,1882791.9246999994],[195111.91860000044,1882791.0370000005],[195109.88439999986,1882790.0754000004],[195109.03369999956,1882789.0397999994],[195108.44189999998,1882788.3000000007],[195107.62820000015,1882786.5987],[195107.62820000015,1882784.8234000001],[195108.62689999957,1882782.5672999993],[195109.88439999986,1882781.6425999999],[195136.92540000007,1882768.9179999996],[195138.67700000014,1882767.9948999994],[195144.2396999998,1882764.7282999996],[195151.53029999975,1882760.6331999991],[195155.93310000002,1882758.4554999992],[195157.96879999992,1882757.2956000008],[195160.99870000035,1882755.5912999995],[195163.08169999998,1882754.1948000006],[195164.05979999993,1882751.9421999995],[195164.12040000036,1882750.8363000005],[195163.95370000042,1882749.7759000007],[195162.57510000002,1882748.5185000002],[195161.3328999998,1882748.0489000008],[195155.86400000006,1882746.8672000002],[195150.97070000041,1882745.9734000005],[195143.38090000022,1882744.3523999993],[195136.56369999982,1882743.2161999997],[195129.12540000025,1882742.5799000002],[195121.30829999968,1882741.7770000007],[195114.00629999954,1882741.0499000009],[195103.73500000034,1882740.3983999994],[195095.06960000005,1882740.2015000004],[195084.20749999955,1882740.0650999993],[195073.57270000037,1882740.1559999995],[195065.7555999998,1882740.1106000002],[195057.8021999998,1882740.2772000004],[195050.96980000008,1882740.3074999992],[195044.65249999985,1882740.4590000007],[195027.48830000032,1882740.7923000008],[195021.34049999993,1882740.7497000005],[195015.82519999985,1882740.5603],[195010.68859999999,1882740.4419999998],[195007.2089999998,1882740.5840000007],[195001.36230000015,1882740.7971000001],[194994.75810000021,1882741.2467999998],[194981.28039999958,1882742.0055],[194967.91540000029,1882742.9984000009],[194962.9682,1882743.3534999993],[194955.25150000025,1882743.9215999991],[194952.38729999959,1882744.0873000007],[194939.39199999999,1882745.1762000006],[194932.10130000021,1882745.8153000008],[194920.95239999983,1882746.8094999995],[194916.57330000028,1882747.2355000004],[194905.75569999963,1882747.8272999991],[194901.32919999957,1882747.7325999998],[194899.15149999969,1882747.2591999993],[194898.03899999987,1882745.6969000008],[194897.23419999983,1882744.3003000002],[194896.45299999975,1882743.6139000002],[194894.58299999963,1882742.3593000006],[194893.0680999998,1882741.2467999998],[194890.41100000031,1882740.5885000005],[194885.86180000007,1882740.5144999996],[194885.08509999979,1882740.6994000003],[194883.19880000036,1882741.4390999991],[194881.94130000006,1882742.8816],[194881.05360000022,1882745.2116999999],[194880.0549999997,1882747.5047999993],[194879.4263000004,1882748.7993000001],[194879.13040000014,1882749.9089000002],[194878.02080000006,1882750.4266999997],[194875.54279999994,1882750.1307999995],[194873.32359999977,1882749.2431000005],[194871.69620000012,1882748.2074999996],[194865.81549999956,1882748.0965999998],[194863.37449999992,1882747.2458999995],[194860.15670000017,1882746.4692000002],[194856.60610000044,1882745.2855999991],[194852.57459999993,1882744.9528000001],[194850.42939999979,1882744.9157999996],[194849.68969999999,1882744.2870000005],[194848.13630000036,1882743.3993999995],[194845.73230000027,1882743.2144000009],[194843.1063000001,1882743.2513999995],[194840.6651999997,1882743.9911000002],[194839.85149999987,1882743.1775000002],[194837.44749999978,1882742.8445999995],[194833.60089999996,1882742.7335999999],[194832.34339999966,1882742.8445999995],[194832.04750000034,1882744.5459000003],[194831.4188000001,1882746.6171000004],[194830.5680999998,1882748.9842000008],[194829.4216,1882749.2431000005],[194827.8311999999,1882748.7622999996],[194828.16399999987,1882747.0978999995],[194827.86809999961,1882745.2487000003],[194828.2379999999,1882743.5843000002],[194828.12700000033,1882742.2158000004],[194824.90930000041,1882741.9199000001],[194822.20930000022,1882741.7349999994],[194819.3984000003,1882741.3651999999],[194817.36419999972,1882740.6253999993],[194814.29440000001,1882741.5131000001],[194812.48209999967,1882742.1418999992],[194810.33690000046,1882741.5131000001],[194806.41640000045,1882740.7364000008],[194803.90139999986,1882739.9596999995],[194796.65220000036,1882739.5159000009],[194794.46999999974,1882739.7748000007],[194793.36050000042,1882738.9241000004],[194790.66050000023,1882738.1843999997],[194788.73720000032,1882737.9993999992],[194786.37019999977,1882738.1473999992],[194784.55790000036,1882738.4802999999],[194782.48670000024,1882738.2952999994],[194778.15930000041,1882737.4815999996],[194775.57029999979,1882737.0747999996],[194771.31699999981,1882736.1871000007],[194769.02379999962,1882736.0022],[194766.80470000021,1882736.1871000007],[194764.58559999987,1882737.2226999998],[194760.92399999965,1882737.1118000001],[194758.18699999992,1882737.4077000003],[194754.67339999974,1882738.2214000002],[194747.35020000022,1882739.2938999999],[194742.35709999967,1882739.5527999997],[194739.39829999954,1882738.7391999997],[194733.48060000036,1882739.1830000002],[194725.56560000032,1882739.2569999993],[194723.27249999996,1882740.4035],[194722.82870000042,1882742.4008000009],[194722.31089999992,1882744.398],[194721.0532999998,1882745.6555000003],[194718.72319999989,1882746.2842999995],[194717.0588999996,1882746.2473000009],[194715.3945000004,1882745.6184999999],[194714.17399999965,1882744.4719999991],[194713.32330000028,1882742.9186000004],[194712.99050000031,1882740.5144999996],[194710.91930000018,1882738.8870999999],[194708.70010000002,1882737.6666000001],[194705.81520000007,1882737.1118000001],[194704.9645999996,1882737.3336999994],[194704.03990000021,1882737.1857999992],[194702.15359999985,1882736.7788999993],[194699.30570000038,1882735.5214000009],[194694.86739999987,1882734.3748000003],[194692.09350000042,1882734.6707000006],[194689.98529999983,1882734.2269000001],[194686.98950000014,1882733.6350999996],[194682.8470999999,1882731.8597999997],[194680.25810000021,1882732.0447000004],[194676.81840000022,1882731.7858000007],[194674.82120000012,1882730.6763000004],[194672.71300000045,1882729.1967999991],[194653.21119999979,1882723.1859000009],[194649.61319999956,1882722.0971000008],[194641.54140000045,1882720.2507000007],[194633.04360000044,1882718.4044000003],[194631.26829999965,1882717.7653000001],[194629.87170000002,1882717.6942999996],[194628.12000000011,1882716.9131000005],[194623.71729999967,1882715.9189999998],[194621.13709999993,1882715.5638999995],[194619.69319999963,1882715.0668000001],[194617.37349999975,1882713.6466000006],[194615.81510000024,1882713.2259],[194611.30740000028,1882712.5901999995],[194598.99810000043,1882708.4870999996],[194586.57320000045,1882705.6554000005],[194583.91490000021,1882704.2685000002],[194580.1584999999,1882704.7885999996],[194576.4020999996,1882702.8236999996],[194570.79650000017,1882701.3212000001],[194563.80389999971,1882699.3563000001],[194556.05999999959,1882697.0447000004],[194545.59999999963,1882692.7682000007],[194537.27819999959,1882689.5897000004],[194524.62210000027,1882685.6021999996],[194516.99380000029,1882683.1750000007],[194512.7751000002,1882681.9035999998],[194509.48110000044,1882681.7302999999],[194506.59159999993,1882681.2102000006],[194498.4430999998,1882677.9160999991],[194480.87490000017,1882672.7149999999],[194475.50040000025,1882670.4612000007],[194473.47780000046,1882670.4034000002],[194466.19620000012,1882667.4561000001],[194464.92480000015,1882666.1269000005],[194462.09310000017,1882664.4509999994],[194458.3945000004,1882664.3932000007],[194456.14070000034,1882663.5842000004],[194451.86419999972,1882661.5036999993],[194447.47219999973,1882660.8102000002],[194440.99969999958,1882658.8454],[194433.71810000017,1882655.7825000007],[194429.9040000001,1882653.1240999997],[194424.47169999965,1882648.3275000006],[194417.71019999962,1882647.9230000004],[194412.50910000037,1882648.5009000003],[194404.93859999999,1882646.7094000001],[194393.09159999993,1882641.9705999997],[194393.61170000024,1882640.0056999996],[194393.90070000011,1882636.5383000001],[194395.05649999995,1882634.2267000005]]]},"properties":{"OBJECTID":8,"SHAPE_Length":5338.5198627059372,"SHAPE_Area":80335.805019034378,"Asset_ID":"SWP8","Name":"Khawr Al Balid","District_ID":"al Baleed","Gov_ID":"2","Wlyt_ID":"Salalah","Road_ID":"100002","Latitude":null,"Longitude":null,"GlobalID":"{D73463F3-3398-443A-A187-E5F06601661A}"}}]
}